asv,asv_len,best_cosine,abundance,midas_genus,besthit_genus,genus_best_concordant,genus_any20_concordant,genus_evaluable,midas_family,besthit_family,family_best_concordant,family_any20_concordant,family_evaluable,midas_order,besthit_order,order_best_concordant,order_any20_concordant,order_evaluable,midas_class,besthit_class,class_best_concordant,class_any20_concordant,class_evaluable,midas_phylum,besthit_phylum,phylum_best_concordant,phylum_any20_concordant,phylum_evaluable
0fec351445f84bd482075ceda6123f46,378,1.0,52.3364486,Methanobacterium,Methanobacterium,True,True,True,Methanobacteriaceae,Methanobacteriaceae,True,True,True,Methanobacteriales,Methanobacteriales,True,True,True,Methanobacteria,Methanobacteria,True,True,True,Euryarchaeota,Methanobacteriota,True,True,True
63f37ee4b481fccdffca10160ed5b944,378,1.0,13.19878447,nan,Methanobrevibacter,False,False,False,Methanobacteriaceae,Methanobacteriaceae,True,True,True,Methanobacteriales,Methanobacteriales,True,True,True,Methanobacteria,Methanobacteria,True,True,True,Euryarchaeota,Methanobacteriota,True,True,True
7f78afb7e1d45cd528fe9cd909c93fb5,378,1.0,13.90784168,Methanobacterium,Methanobacterium,True,True,True,Methanobacteriaceae,Methanobacteriaceae,True,True,True,Methanobacteriales,Methanobacteriales,True,True,True,Methanobacteria,Methanobacteria,True,True,True,Euryarchaeota,Methanobacteriota,True,True,True
b64cf0e9dea8cef6b9500b364c179b98,372,1.0,0.603940906,nan,Burkholderia,False,False,False,nan,Burkholderiaceae,False,False,False,Burkholderiales,Burkholderiales,True,True,True,Gammaproteobacteria,Betaproteobacteria,False,False,True,Proteobacteria,Pseudomonadota,True,True,True
c55a8101fb6c187736f0af61f720cb92,370,0.999,1.859602852,Lentimicrobium,Lentimicrobium,True,True,True,Lentimicrobiaceae,Lentimicrobiaceae,True,True,True,Sphingobacteriales,Bacteroidales,False,False,True,Bacteroidia,Bacteroidia,True,True,True,Bacteroidota,Bacteroidota,True,True,True
8466f2635d9fbf9c51a04877474f3d09,372,1.0,0.0,Alcaligenes,Alcaligenes,True,True,True,Alcaligenaceae,Alcaligenaceae,True,True,True,Burkholderiales,Burkholderiales,True,True,True,Gammaproteobacteria,Betaproteobacteria,False,True,True,Proteobacteria,Pseudomonadota,True,True,True
35dbde30af820a2c3bcd85216229ad6a,378,1.0,0.005733616,Methanosarcina,Methanosarcina,True,True,True,Methanosarcinaceae,Methanosarcinaceae,True,True,True,Methanosarciniales,Methanosarcinales,False,False,True,Methanosarcinia,Methanomicrobia,False,False,True,Halobacterota,Methanobacteriota,False,False,True
83adaf3a09d08c93f2abea6a4c815592,370,1.0,0.88871051,Petrimonas,Petrimonas,True,True,True,Dysgonomonadaceae,Dysgonomonadaceae,True,True,True,Bacteroidales,Bacteroidales,True,True,True,Bacteroidia,Bacteroidia,True,True,True,Bacteroidota,Bacteroidota,True,True,True
04869be25e3dc4d526ce3824d407aedf,371,1.0,1.477361772,Aminivibrio,Aminivibrio,True,True,True,Synergistaceae,Aminobacteriaceae,False,True,True,Synergistales,Synergistales,True,True,True,Synergistia,Synergistia,True,True,True,Synergistota,Synergistota,True,True,True
25c54c57b4a4283237b33fdae82003c0,372,0.998,0.017200849,EBM-39,,False,False,True,Synergistaceae,,False,True,True,Synergistales,,False,True,True,Synergistia,,False,True,True,Synergistota,Candidatus Cloacimonadota,False,True,True
a039c1ac15b3f4bc5cf1db8a5f1cc0fd,371,1.0,0.0,Terrisporobacter,Terrisporobacter,True,True,True,Peptostreptococcaceae,Peptostreptococcaceae,True,True,True,Peptostreptococcales-Tissierellales,Peptostreptococcales,False,False,True,Clostridia,Clostridia,True,True,True,Firmicutes,Bacillota,True,True,True
38b371de3be6ddef03bea94294e9830d,378,1.0,0.038224108,Methanobacterium,Methanobacterium,True,True,True,Methanobacteriaceae,Methanobacteriaceae,True,True,True,Methanobacteriales,Methanobacteriales,True,True,True,Methanobacteria,Methanobacteria,True,True,True,Euryarchaeota,Methanobacteriota,True,True,True
37a9f9625f201b6e61c29ac09ec54683,374,0.9971,1.29961967,midas_g_94288,Acetivibrio,False,False,False,Lutispora,Acetivibrionaceae,False,False,True,Gracilibacteraceae,Acetivibrionales,False,False,True,Clostridia,Clostridia,True,True,True,Firmicutes,Bacillota,True,True,True
d3cf08daefed96f494257ceff63a6cf8,373,1.0,4.581159337,Mesotoga,,False,True,True,Kosmotogaceae,Synergistaceae,False,True,True,Kosmotogales,Synergistales,False,True,True,Thermotogae,Synergistia,False,True,True,Thermotogota,Synergistota,False,True,True
a5b2537343a26f4daf0379a8b46eb2ef,371,1.0,0.338283355,Syner-01,,False,False,True,Synergistaceae,,False,True,True,Synergistales,,False,True,True,Synergistia,,False,True,True,Synergistota,,False,True,True
b3d8bf326297fb9b18ea4fef1ce8d4a6,371,1.0,1.257573151,Desulfovibrio,Nitratidesulfovibrio,False,True,True,Desulfovibrionaceae,Desulfovibrionaceae,True,True,True,Desulfovibrionales,Desulfovibrionales,True,True,True,Desulfovibrionia,Desulfovibrionia,True,True,True,Desulfobacterota,Thermodesulfobacteriota,False,False,True
c571cb007a7d9e2dfc56e8c0b4e24104,373,1.0,0.032490492,nan,Citrobacter,False,False,False,Enterobacteriaceae,Enterobacteriaceae,True,True,True,Enterobacterales,Enterobacterales,True,True,True,Gammaproteobacteria,Gammaproteobacteria,True,True,True,Proteobacteria,Pseudomonadota,True,True,True
e6485d233ed2b8b9a2f3f50f0747b9d2,370,1.0,0.389885901,Proteiniphilum,,False,True,True,Dysgonomonadaceae,Porphyromonadaceae,False,True,True,Bacteroidales,Bacteroidales,True,True,True,Bacteroidia,Bacteroidia,True,True,True,Bacteroidota,Bacteroidota,True,True,True
4c31c3e198534eab45b6d92b61f75b10,371,1.0,0.0,Paraclostridium,Paraclostridium,True,True,True,Peptostreptococcaceae,Peptostreptococcaceae,True,True,True,Peptostreptococcales-Tissierellales,Peptostreptococcales,False,False,True,Clostridia,Clostridia,True,True,True,Firmicutes,Bacillota,True,True,True
e75fd72fb216d3d4c964602d8c338f65,374,1.0,0.0,Enterococcus,Enterococcus,True,True,True,Enterococcaceae,Enterococcaceae,True,True,True,Lactobacillales,Lactobacillales,True,True,True,Bacilli,Bacilli,True,True,True,Firmicutes,Bacillota,True,True,True
09ee5eb3e6c726c7c8242f6e97453fc2,378,1.0,1.171568909,Methanobacterium,Methanobacterium,True,True,True,Methanobacteriaceae,Methanobacteriaceae,True,True,True,Methanobacteriales,Methanobacteriales,True,True,True,Methanobacteria,Methanobacteria,True,True,True,Euryarchaeota,Methanobacteriota,True,True,True
be9dcf562f0ab066c0b252d527a42d19,371,0.9995,0.017200849,Romboutsia,Romboutsia,True,True,True,Peptostreptococcaceae,Peptostreptococcaceae,True,True,True,Peptostreptococcales-Tissierellales,Peptostreptococcales,False,False,True,Clostridia,Clostridia,True,True,True,Firmicutes,Bacillota,True,True,True
6aa300d5323cbf75dc53cec3e6acb87c,374,0.999,0.0,midas_g_669,,False,False,False,Gracilibacter,,False,False,True,Gracilibacteraceae,,False,False,True,Clostridia,,False,True,True,Firmicutes,Candidatus Cloacimonadota,False,True,True
e29f9ab1342fe7d53d4f1e2d03bb5969,371,1.0,0.187298129,Syner-01,,False,False,True,Synergistaceae,,False,True,True,Synergistales,Synergistales,True,True,True,Synergistia,Synergistia,True,True,True,Synergistota,Synergistota,True,True,True
430c875622713c0d7662add2d8e7db60,370,1.0,0.026756876,Desulfovibrio,Solidesulfovibrio,False,True,True,Desulfovibrionaceae,Desulfovibrionaceae,True,True,True,Desulfovibrionales,Desulfovibrionales,True,True,True,Desulfovibrionia,Desulfovibrionia,True,True,True,Desulfobacterota,Thermodesulfobacteriota,False,False,True
e144d237c973d831d708cac2c17df968,366,1.0,0.149074021,Acetobacterium,Acetobacterium,True,True,True,Eubacteriaceae,Eubacteriaceae,True,True,True,Eubacteriales,Eubacteriales,True,True,True,Clostridia,Clostridia,True,True,True,Firmicutes,Bacillota,True,True,True
ec92f6331d8ecb50e3f0dee8fbf3bcb0,370,1.0,0.0,midas_g_15299,,False,False,False,Rikenellaceae,Rikenellaceae,True,True,True,Bacteroidales,Bacteroidales,True,True,True,Bacteroidia,Bacteroidia,True,True,True,Bacteroidota,Bacteroidota,True,True,True
8e6faab8acc1bdcba46f098a739aec14,372,0.9995,0.0,Bacillus,Massilibacterium,False,True,True,Bacillaceae,Bacillaceae,True,True,True,Bacillales,Caryophanales,False,False,True,Bacilli,Bacilli,True,True,True,Firmicutes,Bacillota,True,True,True
160417c8184691818a991a146e5402d7,372,0.9976,0.0,Bacillus,Massilibacterium,False,True,True,Bacillaceae,Bacillaceae,True,True,True,Bacillales,Caryophanales,False,False,True,Bacilli,Bacilli,True,True,True,Firmicutes,Bacillota,True,True,True
d42912a22b570ab99938b745999ae2cc,370,1.0,0.013378438,Bacteroides,Bacteroides,True,True,True,Bacteroidaceae,Bacteroidaceae,True,True,True,Bacteroidales,Bacteroidales,True,True,True,Bacteroidia,Bacteroidia,True,True,True,Bacteroidota,Bacteroidota,True,True,True
b7806c4f83108800a9c32dc83c148d95,369,1.0,0.078359421,Acetoanaerobium,,False,False,True,Peptostreptococcaceae,,False,True,True,Peptostreptococcales-Tissierellales,,False,False,True,Clostridia,,False,True,True,Firmicutes,Candidatus Uhriibacteriota,False,True,True
93fadef301b62aa732e42bf1142b3afa,370,0.9995,0.45677809,midas_g_9269,,False,False,False,Paludibacteraceae,,False,True,True,Bacteroidales,,False,True,True,Bacteroidia,,False,True,True,Bacteroidota,candidate division WWE3,False,True,True
4bea53b2aad77f2569a0182f6b84255e,370,1.0,0.009556027,Dysgonomonas,Dysgonomonas,True,True,True,Dysgonomonadaceae,Dysgonomonadaceae,True,True,True,Bacteroidales,Bacteroidales,True,True,True,Bacteroidia,Bacteroidia,True,True,True,Bacteroidota,Bacteroidota,True,True,True
472fdc0687378563f0c9da6da7638e1a,374,1.0,0.0,Clostridium_sensu_stricto_13,Stenotrophomonas,False,False,True,Clostridiaceae,Lysobacteraceae,False,True,True,Clostridiales,Lysobacterales,False,False,True,Clostridia,Gammaproteobacteria,False,True,True,Firmicutes,Pseudomonadota,False,True,True
765b69d9c4313cc8630769db523cc54c,373,1.0,0.0,Oscillibacter,Oscillibacter,True,True,True,Oscillospiraceae,Oscillospiraceae,True,True,True,Oscillospirales,Eubacteriales,False,False,True,Clostridia,Clostridia,True,True,True,Firmicutes,Bacillota,True,True,True
29b313a5262947210e3e9de415abaead,372,1.0,0.036312903,Ochrobactrum,Ochrobactrum,True,True,True,Rhizobiaceae,Brucellaceae,False,False,True,Rhizobiales,Hyphomicrobiales,False,False,True,Alphaproteobacteria,Alphaproteobacteria,True,True,True,Proteobacteria,Pseudomonadota,True,True,True
e9e060e5e0e46911cad92b8292aeefd7,374,1.0,0.0,Proteiniclasticum,Proteiniclasticum,True,True,True,Clostridiaceae,Clostridiaceae,True,True,True,Clostridiales,Eubacteriales,False,False,True,Clostridia,Clostridia,True,True,True,Firmicutes,Bacillota,True,True,True
ea156f972cd3802c3fac147e4200ba7a,370,0.9976,0.0,midas_g_36215,,False,False,False,Rikenellaceae,,False,True,True,Bacteroidales,Bacteroidales,True,True,True,Bacteroidia,Bacteroidia,True,True,True,Bacteroidota,Bacteroidota,True,True,True
da47a34fd036b068ca0c5eaf185e2082,372,0.9985,0.053513751,Thermovirga,,False,False,True,Synergistaceae,,False,True,True,Synergistales,Synergistales,True,True,True,Synergistia,Synergistia,True,True,True,Synergistota,Synergistota,True,True,True
01bc6f144e0f577c7a5364ebafdb3509,365,0.9976,0.103205091,Erysipelothrix,Clostridium,False,False,True,Erysipelotrichaceae,Clostridiaceae,False,True,True,Erysipelotrichales,Eubacteriales,False,True,True,Bacilli,Clostridia,False,False,True,Firmicutes,Bacillota,True,True,True
3343d19c0bc1759a66023cbc86c92592,373,0.9995,0.210232594,LNR_A2-18,,False,False,True,Cloacimonadaceae,Candidatus Cloacimonadaceae,False,False,True,Cloacimonadales,Candidatus Cloacimonadales,False,False,True,Cloacimonadia,Candidatus Cloacimonadia,False,False,True,Cloacimonadota,Candidatus Cloacimonadota,False,False,True
a061d8883eca2028db1d268500722130,373,0.999,0.185386924,LNR_A2-18,,False,False,True,Cloacimonadaceae,Candidatus Cloacimonadaceae,False,False,True,Cloacimonadales,Candidatus Cloacimonadales,False,False,True,Cloacimonadia,Candidatus Cloacimonadia,False,False,True,Cloacimonadota,Candidatus Cloacimonadota,False,False,True
0709277372b3816e3986842fb10c8e96,370,0.9995,0.030579286,Proteiniphilum,Proteiniphilum,True,True,True,Dysgonomonadaceae,Dysgonomonadaceae,True,True,True,Bacteroidales,Bacteroidales,True,True,True,Bacteroidia,Bacteroidia,True,True,True,Bacteroidota,Bacteroidota,True,True,True
a82691ab5fd4e8d3d3b23b7958c8e764,374,0.9941,0.009556027,midas_g_97954,Ruminiclostridium,False,False,False,SRB2,Oscillospiraceae,False,False,True,Thermoanaerobacterales,Eubacteriales,False,False,True,Thermoanaerobacteria,Clostridia,False,False,True,Firmicutes,Bacillota,True,True,True
181a2b6fbc1d5f5de022772f08fb875c,373,0.998,0.0,Colidextribacter,Pseudoflavonifractor,False,False,True,Oscillospiraceae,Oscillospiraceae,True,True,True,Oscillospirales,Eubacteriales,False,False,True,Clostridia,Clostridia,True,True,True,Firmicutes,Bacillota,True,True,True
28f1a500a5a6ebd1cede9322b50bcaad,374,1.0,0.0,midas_g_4301,,False,False,False,SRB2,,False,False,True,Thermoanaerobacterales,,False,False,True,Thermoanaerobacteria,,False,False,True,Firmicutes,Bacillota,True,True,True
5976a56adfe903f7348b5eb5689e3c55,370,0.9976,0.250367907,midas_g_36215,,False,False,False,Rikenellaceae,,False,True,True,Bacteroidales,,False,True,True,Bacteroidia,,False,True,True,Bacteroidota,Bacteroidota,True,True,True
4b50be28c2cc7c6a4dbc6300155c5218,372,1.0,0.0,Brevundimonas,Brevundimonas,True,True,True,Caulobacteraceae,Caulobacteraceae,True,True,True,Caulobacterales,Caulobacterales,True,True,True,Alphaproteobacteria,Alphaproteobacteria,True,True,True,Proteobacteria,Pseudomonadota,True,True,True
19463e5fe824700110e4a4ec8afe0512,378,0.9995,0.40708675,Methanobacterium,,False,True,True,Methanobacteriaceae,,False,True,True,Methanobacteriales,,False,True,True,Methanobacteria,,False,True,True,Euryarchaeota,,False,True,True
499a635c6e7dcd5c8ef518302aa50011,370,1.0,0.0,Fermentimonas,Lascolabacillus,False,True,True,Dysgonomonadaceae,Porphyromonadaceae,False,True,True,Bacteroidales,Bacteroidales,True,True,True,Bacteroidia,Bacteroidia,True,True,True,Bacteroidota,Bacteroidota,True,True,True
ff6f97ce50ea01298f8e58b53b97d489,373,1.0,0.0,Acinetobacter,Acinetobacter,True,True,True,Moraxellaceae,Moraxellaceae,True,True,True,Pseudomonadales,Moraxellales,False,False,True,Gammaproteobacteria,Gammaproteobacteria,True,True,True,Proteobacteria,Pseudomonadota,True,True,True
c7553191e309cfc2e28aea2507e7afdf,371,0.9995,0.150985226,Anaerovorax,,False,False,True,Anaerovoracaceae,Anaerovoracaceae,True,True,True,Peptostreptococcales-Tissierellales,Peptostreptococcales,False,False,True,Clostridia,Clostridia,True,True,True,Firmicutes,Bacillota,True,True,True
9feda0d620fa50b57ce3f848e1b48975,372,1.0,0.0,nan,Delftia,False,False,False,Comamonadaceae,Comamonadaceae,True,True,True,Burkholderiales,Burkholderiales,True,True,True,Gammaproteobacteria,Betaproteobacteria,False,True,True,Proteobacteria,Pseudomonadota,True,True,True
07e00e1bcc9d9a3c50591f721785e591,374,0.9946,0.0,nan,,False,False,False,Dethiobacteraceae,,False,False,True,Dethiobacterales,,False,False,True,Dethiobacteria,,False,False,True,Firmicutes,Bacillota,True,True,True
cd05a4b1cda569ae366c6980823f4c72,374,0.9985,0.0,Azoarcus,Uliginosibacterium,False,False,True,Rhodocyclaceae,Zoogloeaceae,False,True,True,Burkholderiales,Rhodocyclales,False,False,True,Gammaproteobacteria,Betaproteobacteria,False,False,True,Proteobacteria,Pseudomonadota,True,True,True
28b5f35cfb5f0516e5e5f896428abdcd,372,1.0,0.0,Aquamicrobium,Aquamicrobium,True,True,True,Rhizobiaceae,Phyllobacteriaceae,False,True,True,Rhizobiales,Hyphomicrobiales,False,False,True,Alphaproteobacteria,Alphaproteobacteria,True,True,True,Proteobacteria,Pseudomonadota,True,True,True
113b0d8ebf97fc5aba85fa06ecfdbb1a,374,0.998,0.0,nan,Candidatus Darwinibacter,False,False,False,Syntrophomonadaceae,Candidatus Darwinibacteriaceae,False,True,True,Syntrophomonadales,Candidatus Darwinibacteriales,False,False,True,Syntrophomonadia,Clostridia,False,False,True,Firmicutes,Bacillota,True,True,True
cd1f95189b8375347f827f4a8b08dcf7,369,0.9995,0.0,Soehngenia,Gudongella,False,False,True,Family_XI,Tissierellaceae,False,False,True,Peptostreptococcales-Tissierellales,Tissierellales,False,False,True,Clostridia,Tissierellia,False,True,True,Firmicutes,Bacillota,True,True,True
a402fc6f0fd057decbe746f48bf12862,370,0.9995,0.263746345,Petrimonas,Petrimonas,True,True,True,Dysgonomonadaceae,Dysgonomonadaceae,True,True,True,Bacteroidales,Bacteroidales,True,True,True,Bacteroidia,Bacteroidia,True,True,True,Bacteroidota,Bacteroidota,True,True,True
1f4fb4bfdca6c9d13106ed533362a62e,374,1.0,0.0,Desulfosporosinus,Desulfitobacterium,False,True,True,Desulfitobacteriaceae,Desulfitobacteriaceae,True,True,True,Desulfitobacteriales,Eubacteriales,False,False,True,Desulfitobacteriia,Clostridia,False,False,True,Firmicutes,Bacillota,True,True,True
e8e82cf023a3abd684fe7e817acc9bf0,374,0.9995,0.0,Christensenellaceae_R-7_group,,False,False,True,Christensenellaceae,,False,False,True,Christensenellales,Christensenellales,True,True,True,Clostridia,Clostridia,True,True,True,Firmicutes,Bacillota,True,True,True
793ecb5ed65cd96425a35698e8ab9e78,373,0.9995,0.001911205,Sulfurospirillum,Cronobacter,False,False,True,Sulfurospirillaceae,Enterobacteriaceae,False,False,True,Campylobacterales,Enterobacterales,False,True,True,Campylobacteria,Gammaproteobacteria,False,False,True,Campylobacterota,Pseudomonadota,False,True,True
58b2cf308363fb35b932620518786116,371,1.0,0.0,Proteiniborus,Proteiniborus,True,True,True,Proteiniboraceae,,False,False,True,Peptostreptococcales-Tissierellales,Eubacteriales,False,False,True,Clostridia,Clostridia,True,True,True,Firmicutes,Bacillota,True,True,True
a353b92733af5260a57dd1a0ba3001e1,378,0.9995,0.0,Methanobacterium,Methanobacterium,True,True,True,Methanobacteriaceae,Methanobacteriaceae,True,True,True,Methanobacteriales,Methanobacteriales,True,True,True,Methanobacteria,Methanobacteria,True,True,True,Euryarchaeota,Methanobacteriota,True,True,True
deb262fd92af4fdcd3b6240303048b2a,374,0.999,0.007644822,midas_g_2901,,False,False,False,midas_f_1770,,False,False,False,midas_o_1194,Burkholderiales,False,False,False,midas_c_55,Betaproteobacteria,False,False,False,WPS-2,Pseudomonadota,False,False,True
abaecd8b82d14efc7ccc4dcb7f864cba,369,1.0,0.0,Sedimentibacter,,False,True,True,Sedimentibacteraceae,Pseudomonadaceae,False,False,True,Peptostreptococcales-Tissierellales,Pseudomonadales,False,False,True,Clostridia,Gammaproteobacteria,False,True,True,Firmicutes,Pseudomonadota,False,True,True
5631fe818e588992529f6071afc9cda5,374,0.9971,0.0,Christensenellaceae_R-7_group,,False,False,True,Christensenellaceae,,False,False,True,Christensenellales,,False,True,True,Clostridia,Clostridia,True,True,True,Firmicutes,Bacillota,True,True,True
4adbf4beb8d2b17f63b543e4d9aa39b6,370,1.0,0.0,midas_g_9269,,False,False,False,Paludibacteraceae,,False,True,True,Bacteroidales,,False,True,True,Bacteroidia,,False,True,True,Bacteroidota,candidate division WWE3,False,True,True
43a52ec4605b37f3671b33e61ff6fedd,370,0.9976,0.101293886,midas_g_36215,,False,False,False,Rikenellaceae,,False,True,True,Bacteroidales,,False,True,True,Bacteroidia,,False,True,True,Bacteroidota,Bacteroidota,True,True,True
b4eac52cfa36ce63f24be2fc530ad204,370,0.9995,0.022934465,Proteiniphilum,,False,True,True,Dysgonomonadaceae,,False,True,True,Bacteroidales,,False,True,True,Bacteroidia,,False,True,True,Bacteroidota,Bacteroidota,True,True,True
f63e76a4ce2cd0f7f39e8195d8302dcf,374,1.0,0.0,Enterococcus,Enterococcus,True,True,True,Enterococcaceae,Enterococcaceae,True,True,True,Lactobacillales,Lactobacillales,True,True,True,Bacilli,Bacilli,True,True,True,Firmicutes,Bacillota,True,True,True
206069e5a5041e6c7f39a4141aefdc19,374,0.9985,0.137606789,Christensenellaceae_R-7_group,,False,False,True,Christensenellaceae,,False,True,True,Christensenellales,Eubacteriales,False,True,True,Clostridia,Clostridia,True,True,True,Firmicutes,Bacillota,True,True,True
d863bc6a2fa6a8a93787e45a6abe3304,374,0.9995,0.007644822,Stenotrophomonas,Stenotrophomonas,True,True,True,Xanthomonadaceae,Lysobacteraceae,False,False,True,Xanthomonadales,Lysobacterales,False,False,True,Gammaproteobacteria,Gammaproteobacteria,True,True,True,Proteobacteria,Pseudomonadota,True,True,True
89d1d4064aa11fd1f3efb8e1345c813f,374,0.9941,0.0,midas_g_97954,Ruminiclostridium,False,False,False,SRB2,Oscillospiraceae,False,False,True,Thermoanaerobacterales,Eubacteriales,False,False,True,Thermoanaerobacteria,Clostridia,False,False,True,Firmicutes,Bacillota,True,True,True
52708c2cfa926ba9b2f69878c97cee2c,372,1.0,0.0,Stappia,Stappia,True,True,True,Stappiaceae,Stappiaceae,True,True,True,Rhizobiales,Hyphomicrobiales,False,False,True,Alphaproteobacteria,Alphaproteobacteria,True,True,True,Proteobacteria,Pseudomonadota,True,True,True
bb617d32673d5f60d6216a07ad7a42bc,371,0.9995,0.0,Desulfovibrio,Desulfovibrio,True,True,True,Desulfovibrionaceae,Desulfovibrionaceae,True,True,True,Desulfovibrionales,Desulfovibrionales,True,True,True,Desulfovibrionia,Desulfovibrionia,True,True,True,Desulfobacterota,Thermodesulfobacteriota,False,False,True
d02e8e093df5064814273f652473189e,373,0.998,0.0,Intestinimonas,Intestinimonas,True,True,True,Oscillospiraceae,,False,True,True,Oscillospirales,Eubacteriales,False,False,True,Clostridia,Clostridia,True,True,True,Firmicutes,Bacillota,True,True,True
d48429274cd09a4257ad8b24c009e8fd,370,0.9961,0.0,midas_g_25828,,False,False,False,Prolixibacteraceae,,False,True,True,Bacteroidales,,False,True,True,Bacteroidia,,False,True,True,Bacteroidota,Bacteroidota,True,True,True
efbade8cc54695abfc5c07f21eecb6e7,373,1.0,0.0,Acinetobacter,Acinetobacter,True,True,True,Moraxellaceae,Moraxellaceae,True,True,True,Pseudomonadales,Moraxellales,False,False,True,Gammaproteobacteria,Gammaproteobacteria,True,True,True,Proteobacteria,Pseudomonadota,True,True,True
0b736ddea36ed16291fa058fe28061f8,372,0.9951,0.0,midas_g_1799,,False,False,False,midas_f_1799,,False,False,False,Proteinivoracales,,False,False,True,Clostridia,,False,False,True,Firmicutes,Bacillota,True,True,True
7d537f12eaa3231c2c2b58b74901051c,374,0.9956,0.0,midas_g_3595,,False,False,False,Peptococcaceae,,False,False,True,Peptococcales,,False,False,True,Clostridia,,False,True,True,Firmicutes,Bacillota,True,True,True
a43c475502b54cdee1385dcca3109bfe,373,1.0,0.0,Lachnoclostridium,Lacrimispora,False,False,True,Lachnospiraceae,Lachnospiraceae,True,True,True,Lachnospirales,Lachnospirales,True,True,True,Clostridia,Clostridia,True,True,True,Firmicutes,Bacillota,True,True,True
e1382120e151d51cb3b3b6900845f1c8,371,0.9995,0.0,Desulfomicrobium,Desulfomicrobium,True,True,True,Desulfomicrobiaceae,Desulfomicrobiaceae,True,True,True,Desulfovibrionales,Desulfovibrionales,True,True,True,Desulfovibrionia,Desulfovibrionia,True,True,True,Desulfobacterota,Thermodesulfobacteriota,False,False,True
659d1fe872c9b31a9e0b81eef5ca6218,375,0.9976,0.026756876,Pelotomaculum,Pelotomaculum,True,True,True,Pelotomaculaceae,Desulfotomaculaceae,False,False,True,Desulfotomaculales,Eubacteriales,False,False,True,Desulfotomaculia,Clostridia,False,False,True,Firmicutes,Bacillota,True,True,True
dc9b83b9dbf521d0d0b0e1576e44d06a,374,0.9897,0.0,midas_g_93469,Proteiniphilum,False,False,False,Limnochordaceae,Dysgonomonadaceae,False,False,True,Limnochordales,Bacteroidales,False,False,True,Limnochordia,Bacteroidia,False,False,True,Firmicutes,Bacteroidota,False,True,True
868a2dd217365ddd6d6ab64d48aeed4a,374,0.9956,0.013378438,nan,,False,False,False,nan,,False,False,False,nan,,False,False,False,nan,,False,False,False,Firmicutes,Bacillota,True,True,True
a49becf5a5dbcb201f091757c62fc6bb,373,0.9995,0.0,Pseudarcobacter,Cronobacter,False,False,True,Arcobacteraceae,Enterobacteriaceae,False,True,True,Campylobacterales,Enterobacterales,False,True,True,Campylobacteria,Gammaproteobacteria,False,False,True,Campylobacterota,Pseudomonadota,False,True,True
19083703874fec5c0e976f6ca4fa6bc9,375,0.9995,0.011467232,Rhodococcus,Rhodococcus,True,True,True,Nocardiaceae,Nocardiaceae,True,True,True,Corynebacteriales,Mycobacteriales,False,False,True,Actinobacteria,Actinomycetes,False,False,True,Actinobacteriota,Actinomycetota,False,False,True
5cb2b4186e2e95521540e2ccbafcb4c9,371,1.0,0.0,Desulfovibrio,Nitratidesulfovibrio,False,True,True,Desulfovibrionaceae,Desulfovibrionaceae,True,True,True,Desulfovibrionales,Desulfovibrionales,True,True,True,Desulfovibrionia,Desulfovibrionia,True,True,True,Desulfobacterota,Thermodesulfobacteriota,False,False,True
fa0525ece71fa3362210e904b24a9b62,374,0.9995,0.0,midas_g_4301,,False,False,False,SRB2,,False,False,True,Thermoanaerobacterales,,False,False,True,Thermoanaerobacteria,,False,False,True,Firmicutes,Bacillota,True,True,True
21ceeb224e15175f0c85797abce40d0a,372,1.0,0.0,Achromobacter,Achromobacter,True,True,True,Alcaligenaceae,Alcaligenaceae,True,True,True,Burkholderiales,Burkholderiales,True,True,True,Gammaproteobacteria,Betaproteobacteria,False,True,True,Proteobacteria,Pseudomonadota,True,True,True
de329304e57f0e32da3a08e64625a2e1,373,0.998,0.0,Oscillibacter,Oscillibacter,True,True,True,Oscillospiraceae,Oscillospiraceae,True,True,True,Oscillospirales,Eubacteriales,False,False,True,Clostridia,Clostridia,True,True,True,Firmicutes,Bacillota,True,True,True
04e715f54c06e9ccf25afba02b343b5c,373,0.9927,0.0,midas_g_7,,False,False,False,Dethiobacteraceae,Syntrophomonadaceae,False,False,True,Dethiobacterales,Eubacteriales,False,False,True,Dethiobacteria,Clostridia,False,False,True,Firmicutes,Bacillota,True,True,True
09383f3babfd32418e7ba07634680e12,372,0.9995,0.0,Pannonibacter,Pannonibacter,True,True,True,Stappiaceae,Stappiaceae,True,True,True,Rhizobiales,Hyphomicrobiales,False,False,True,Alphaproteobacteria,Alphaproteobacteria,True,True,True,Proteobacteria,Pseudomonadota,True,True,True
df94cb7c1f51d6e7df4a969d561b0a4d,377,1.0,0.0,midas_g_399,,False,False,False,midas_f_5,,False,False,False,midas_o_5,,False,False,False,Actinobacteria,Actinomycetes,False,False,True,Actinobacteriota,Actinomycetota,False,False,True
ac9e79a82beb3b70c0c7193fff0a8524,371,0.998,0.028668081,Anaerovorax,,False,False,True,Anaerovoracaceae,Anaerovoracaceae,True,True,True,Peptostreptococcales-Tissierellales,Peptostreptococcales,False,False,True,Clostridia,Clostridia,True,True,True,Firmicutes,Bacillota,True,True,True
cb08126894ac0c8eeddc7b86d1ab1eb9,374,0.998,0.0,Desulfitibacter,Zhaonella,False,False,True,Desulfitibacteraceae,Zhaonellaceae,False,False,True,Desulfitibacterales,Neomoorellales,False,False,True,Moorellia,Clostridia,False,False,True,Firmicutes,Bacillota,True,True,True
b47908de018aea1744738eba767e1034,369,0.9995,0.0,Anaerosalibacter,Anaerosalibacter,True,True,True,Family_XI,Sporanaerobacteraceae,False,False,True,Peptostreptococcales-Tissierellales,Tissierellales,False,False,True,Clostridia,Tissierellia,False,True,True,Firmicutes,Bacillota,True,True,True
0eff2f70a09cbdfd1a1684adcb990931,372,1.0,0.0,nan,Provencibacterium,False,False,False,Ruminococcaceae,Oscillospiraceae,False,False,True,Oscillospirales,Eubacteriales,False,False,True,Clostridia,Clostridia,True,True,True,Firmicutes,Bacillota,True,True,True
6e50cfec46931f3d8e0af8e75af55b43,373,0.9976,0.0,Colidextribacter,Lawsonibacter,False,False,True,Oscillospiraceae,Oscillospiraceae,True,True,True,Oscillospirales,Eubacteriales,False,False,True,Clostridia,Clostridia,True,True,True,Firmicutes,Bacillota,True,True,True
ec716420b2bb28ff5cfc5b19edbe2dfa,372,1.0,0.028668081,Achromobacter,Achromobacter,True,True,True,Alcaligenaceae,Alcaligenaceae,True,True,True,Burkholderiales,Burkholderiales,True,True,True,Gammaproteobacteria,Betaproteobacteria,False,True,True,Proteobacteria,Pseudomonadota,True,True,True
b180a2455b236c103cf0bfe620095736,371,1.0,0.0,Romboutsia,Romboutsia,True,True,True,Peptostreptococcaceae,Peptostreptococcaceae,True,True,True,Peptostreptococcales-Tissierellales,Peptostreptococcales,False,False,True,Clostridia,Clostridia,True,True,True,Firmicutes,Bacillota,True,True,True
3badde1c4760a921d723409ee05fead0,371,1.0,0.02484567,JGI-0000079-D21,Acetomicrobium,False,False,True,Synergistaceae,Acetomicrobiaceae,False,True,True,Synergistales,Synergistales,True,True,True,Synergistia,Synergistia,True,True,True,Synergistota,Synergistota,True,True,True
dcc552ee0bfe584a9f79fd3d7893047f,373,0.998,0.0,Pseudomonas,Denitrificimonas,False,True,True,Pseudomonadaceae,Pseudomonadaceae,True,True,True,Pseudomonadales,Pseudomonadales,True,True,True,Gammaproteobacteria,Gammaproteobacteria,True,True,True,Proteobacteria,Pseudomonadota,True,True,True
3679eb1918d142d7e468ea32c2f42595,372,1.0,0.007644822,Bosea,Allobosea,False,False,True,Beijerinckiaceae,Alloboseaceae,False,False,True,Rhizobiales,Hyphomicrobiales,False,False,True,Alphaproteobacteria,Alphaproteobacteria,True,True,True,Proteobacteria,Pseudomonadota,True,True,True
66575db7635d648549a9eb5a4eafb710,376,0.9951,0.093649064,midas_g_3409,,False,False,False,midas_f_2296,,False,False,False,midas_o_796,,False,False,False,midas_c_796,,False,False,False,WS1,Armatimonadota,False,False,True
f876e4d5cbaa6ac5f3c225bcaf146791,375,0.9927,0.317260096,midas_g_2178,Aggregatilinea,False,False,False,midas_f_1469,Aggregatilineaceae,False,False,False,SBR1031,Aggregatilineales,False,False,True,Anaerolineae,Anaerolineae,True,True,True,Chloroflexi,Chloroflexota,True,True,True
5040d210b906c738569bf1c3505ad558,374,1.0,0.0,Christensenellaceae_R-7_group,Clostridium,False,False,True,Christensenellaceae,Clostridiaceae,False,True,True,Christensenellales,Eubacteriales,False,True,True,Clostridia,Clostridia,True,True,True,Firmicutes,Bacillota,True,True,True
c05932b0e9b0bcf5f076c8971c6bab60,373,0.9961,0.0,nan,Alkalicella,False,False,False,nan,Proteinivoracaceae,False,False,False,nan,Eubacteriales,False,False,False,nan,Clostridia,False,False,False,Firmicutes,Bacillota,True,True,True
42655605abb4cc7bd5f1be954adf23b0,374,0.9966,0.021023259,Ruminiclostridium,Ruminiclostridium,True,True,True,Hungateiclostridiaceae,Oscillospiraceae,False,False,True,Oscillospirales,Eubacteriales,False,False,True,Clostridia,Clostridia,True,True,True,Firmicutes,Bacillota,True,True,True
212e304679f170a464d2616b3f94a250,372,1.0,0.0,midas_g_98017,,False,False,False,Hydrogenoanaerobacterium,Oscillospiraceae,False,False,True,Oscillospirales,Eubacteriales,False,False,True,Clostridia,Clostridia,True,True,True,Firmicutes,Bacillota,True,True,True
6322c84c5ee6585bf9973a931d8f279d,374,0.9995,0.011467232,Christensenellaceae_R-7_group,,False,False,True,Christensenellaceae,,False,False,True,Christensenellales,Eubacteriales,False,True,True,Clostridia,Clostridia,True,True,True,Firmicutes,Bacillota,True,True,True
e357ec372ce3fdd9cc473b8f57edc002,374,1.0,0.0,UCG-009,,False,False,True,Butyricicoccaceae,,False,True,True,Oscillospirales,,False,False,True,Clostridia,Clostridia,True,True,True,Firmicutes,Bacillota,True,True,True
89dfaf0aa4a8af8e27a826ba8dd97044,369,1.0,0.0,Sporanaerobacter,Sporanaerobacter,True,True,True,Family_XI,Sporanaerobacteraceae,False,False,True,Peptostreptococcales-Tissierellales,Tissierellales,False,False,True,Clostridia,Tissierellia,False,True,True,Firmicutes,Bacillota,True,True,True
a5ea8c2ae0dc9882cf9358924dd4f453,370,0.9985,0.0,midas_g_25828,Cronobacter,False,False,False,Prolixibacteraceae,Enterobacteriaceae,False,True,True,Bacteroidales,Enterobacterales,False,True,True,Bacteroidia,Gammaproteobacteria,False,True,True,Bacteroidota,Pseudomonadota,False,True,True
3487ee381e9bba57861b67ac3936d665,373,1.0,0.0,Pseudomonas,Pseudomonas,True,True,True,Pseudomonadaceae,Pseudomonadaceae,True,True,True,Pseudomonadales,Pseudomonadales,True,True,True,Gammaproteobacteria,Gammaproteobacteria,True,True,True,Proteobacteria,Pseudomonadota,True,True,True
8ebc39e79a930b5db089420489c40543,371,1.0,0.0,Sphaerochaeta,Sphaerochaeta,True,True,True,Spirochaetaceae,Sphaerochaetaceae,False,False,True,Spirochaetales,Spirochaetales,True,True,True,Spirochaetia,Spirochaetia,True,True,True,Spirochaetota,Spirochaetota,True,True,True
7281c911136ba2bdcafebb9c71729dea,378,0.999,0.487357376,Methanobacterium,,False,True,True,Methanobacteriaceae,,False,True,True,Methanobacteriales,Methanomicrobiales,False,True,True,Methanobacteria,Methanomicrobia,False,True,True,Euryarchaeota,Methanobacteriota,True,True,True
acb819d2b09f090ba6c3112028bbc54b,374,1.0,0.0,midas_g_269,,False,False,False,midas_f_269,,False,False,False,Gaiellales,,False,False,True,Thermoleophilia,Thermoleophilia,True,True,True,Actinobacteriota,Actinomycetota,False,False,True
9711e5e56376fe411f8d9ca9e739c6f1,374,0.998,0.042046519,Christensenellaceae_R-7_group,,False,False,True,Christensenellaceae,Christensenellaceae,True,True,True,Christensenellales,Christensenellales,True,True,True,Clostridia,Clostridia,True,True,True,Firmicutes,Bacillota,True,True,True
492422c8881f2e782fccb0225f1c68ab,372,1.0,0.0,Pusillimonas,,False,False,True,Alcaligenaceae,,False,True,True,Burkholderiales,,False,True,True,Gammaproteobacteria,,False,False,True,Proteobacteria,,False,True,True
2f5695c1563063d2b821ab2eecfa3bd3,373,0.998,0.0,Pseudomonas,Denitrificimonas,False,True,True,Pseudomonadaceae,Pseudomonadaceae,True,True,True,Pseudomonadales,Pseudomonadales,True,True,True,Gammaproteobacteria,Gammaproteobacteria,True,True,True,Proteobacteria,Pseudomonadota,True,True,True
8db3a14ae839a3bee50b9a192c59f8f9,373,0.998,0.0,midas_g_9023,,False,False,False,Oscillospiraceae,Oscillospiraceae,True,True,True,Oscillospirales,Eubacteriales,False,False,True,Clostridia,Clostridia,True,True,True,Firmicutes,Bacillota,True,True,True
01a7c19fe64d4300e6e5a8a7280a10bb,372,1.0,0.0,nan,Comamonas,False,False,False,Comamonadaceae,Comamonadaceae,True,True,True,Burkholderiales,Burkholderiales,True,True,True,Gammaproteobacteria,Betaproteobacteria,False,False,True,Proteobacteria,Pseudomonadota,True,True,True
e1c573f885ed4c9191a32116f583d78a,374,0.9941,0.003822411,midas_g_114295,,False,False,False,midas_f_92789,,False,False,False,midas_o_92789,,False,False,False,midas_c_216,,False,False,False,Armatimonadota,Armatimonadota,True,True,True
6075255b58efbd350ad34112f80f970a,374,0.9971,0.0,nan,Candidatus Contubernalis,False,False,False,Dethiobacteraceae,Dethiobacteraceae,True,True,True,Dethiobacterales,Dethiobacterales,True,True,True,Dethiobacteria,Dethiobacteria,True,True,True,Firmicutes,Bacillota,True,True,True
db5aaacffe4ca31116f5b0e292074588,373,0.9966,0.0,nan,,False,False,False,Sporomusaceae,,False,True,True,Veillonellales-Selenomonadales,Selenomonadales,False,False,True,Negativicutes,Negativicutes,True,True,True,Firmicutes,Bacillota,True,True,True
894d5f2608f2a0e9e3bf2499f1cc6130,373,1.0,0.038224108,Ca_Caldatribacterium,Atribacter,False,False,True,Caldatribacteriaceae,Atribacteraceae,False,False,True,Caldatribacteriales,Atribacterales,False,False,True,Caldatribacteriia,Atribacteria,False,False,True,Caldatribacteriota,Atribacterota,False,False,True
fc7dec198c007a0622c9acba71b1edb1,371,0.999,0.0,Sphaerochaeta,Sphaerochaeta,True,True,True,Spirochaetaceae,Sphaerochaetaceae,False,False,True,Spirochaetales,Spirochaetales,True,True,True,Spirochaetia,Spirochaetia,True,True,True,Spirochaetota,Spirochaetota,True,True,True
bdc8f8a67a910d09965f2c9975bb00c8,374,0.9971,0.0,HN-HF0106,Thermoclostridium,False,False,True,Hungateiclostridiaceae,Oscillospiraceae,False,False,True,Oscillospirales,Eubacteriales,False,False,True,Clostridia,Clostridia,True,True,True,Firmicutes,Bacillota,True,True,True
afd6038f44400cf165c3d637f88be98a,371,0.999,0.0,Anaerovorax,Sinanaerobacter,False,False,True,Anaerovoracaceae,Anaerovoracaceae,True,True,True,Peptostreptococcales-Tissierellales,Peptostreptococcales,False,False,True,Clostridia,Clostridia,True,True,True,Firmicutes,Bacillota,True,True,True
496ed1835247fa310353bd53160fad4a,375,0.9971,0.0,nan,,False,False,False,nan,,False,False,False,OPB41,,False,False,True,Coriobacteriia,Coriobacteriia,True,True,True,Actinobacteriota,Actinomycetota,False,False,True
0e9cc4c909306f5a9562d84888902e09,374,0.9951,0.026756876,midas_g_6187,,False,False,False,midas_f_6187,,False,False,False,Chthonomonadales,,False,True,True,Chthonomonadetes,,False,False,True,Armatimonadota,Armatimonadota,True,True,True
6dfb10e6d92b2c7ec87175ad560bed2e,375,1.0,0.0,Mycobacterium,Mycobacterium,True,True,True,Mycobacteriaceae,Mycobacteriaceae,True,True,True,Corynebacteriales,Mycobacteriales,False,False,True,Actinobacteria,Actinomycetes,False,False,True,Actinobacteriota,Actinomycetota,False,False,True
5a6520a634bb27352c524ba237fd0d64,365,0.9985,0.005733616,Erysipelothrix,,False,False,True,Erysipelotrichaceae,Erysipelotrichaceae,True,True,True,Erysipelotrichales,Erysipelotrichales,True,True,True,Bacilli,Erysipelotrichia,False,False,True,Firmicutes,Bacillota,True,True,True
d96a2ea1b09f080f66ce79b9ddfa768e,372,1.0,0.0,nan,,False,False,False,Rhizobiaceae,,False,True,True,Rhizobiales,Hyphomicrobiales,False,False,True,Alphaproteobacteria,Alphaproteobacteria,True,True,True,Proteobacteria,Pseudomonadota,True,True,True
f59f09ec54e73f740708fa68eeb78a8c,370,1.0,0.0,Lentimicrobium,Lentimicrobium,True,True,True,Lentimicrobiaceae,Lentimicrobiaceae,True,True,True,Sphingobacteriales,Bacteroidales,False,False,True,Bacteroidia,Bacteroidia,True,True,True,Bacteroidota,Bacteroidota,True,True,True
08ea1c9b9d368cd6d9bfeb8857e90315,374,0.9995,0.0,nan,Limnospira,False,False,False,Rhodocyclaceae,Sirenicapillariaceae,False,True,True,Burkholderiales,Oscillatoriales,False,True,True,Gammaproteobacteria,Cyanophyceae,False,True,True,Proteobacteria,Cyanobacteriota,False,True,True
0f312394fc32d16cfdca183b11aad4ad,373,1.0,0.0,Lachnoclostridium,Enterocloster,False,True,True,Lachnospiraceae,Lachnospiraceae,True,True,True,Lachnospirales,Lachnospirales,True,True,True,Clostridia,Clostridia,True,True,True,Firmicutes,Bacillota,True,True,True
c39f594d9d2493b66260c1f7503e5ea1,378,1.0,0.0,Methanobacterium,,False,True,True,Methanobacteriaceae,Methanobacteriaceae,True,True,True,Methanobacteriales,Methanobacteriales,True,True,True,Methanobacteria,Methanobacteria,True,True,True,Euryarchaeota,Methanobacteriota,True,True,True
b26eb5a5ca6820d220d5433b1cffa5e6,373,1.0,0.001911205,Sphingopyxis,Sphingopyxis,True,True,True,Sphingomonadaceae,Sphingopyxidaceae,False,True,True,Sphingomonadales,Sphingomonadales,True,True,True,Alphaproteobacteria,Alphaproteobacteria,True,True,True,Proteobacteria,Pseudomonadota,True,True,True
7f1023e871bcd3a4f7ac96f3a40c9a8d,370,1.0,0.0,Anaerostignum,,False,False,True,Lachnospiraceae,,False,True,True,Lachnospirales,,False,True,True,Clostridia,,False,True,True,Firmicutes,Bacillota,True,True,True
0c488eee4c6d02abb4e34df3ec16a09b,375,0.9995,0.0,midas_g_5574,Aeromicrobium,False,False,False,midas_f_3016,Nocardioidaceae,False,False,False,OPB41,Propionibacteriales,False,False,True,Coriobacteriia,Actinomycetes,False,True,True,Actinobacteriota,Actinomycetota,False,False,True
e6141036b0768b50c8079ce8ba7222f9,374,1.0,0.0,Dechlorobacter,Azonexus,False,False,True,Rhodocyclaceae,Azonexaceae,False,True,True,Burkholderiales,Rhodocyclales,False,False,True,Gammaproteobacteria,Betaproteobacteria,False,False,True,Proteobacteria,Pseudomonadota,True,True,True
e4486fa2f00016fa6078468bfe73bb89,369,1.0,0.0,Tissierella,Tissierella,True,True,True,Family_XI,Tissierellaceae,False,False,True,Peptostreptococcales-Tissierellales,Tissierellales,False,False,True,Clostridia,Tissierellia,False,True,True,Firmicutes,Bacillota,True,True,True
02809af9a001c44a58624822e0e44569,369,0.998,0.0,Sedimentibacter,,False,True,True,Sedimentibacteraceae,,False,False,True,Peptostreptococcales-Tissierellales,,False,False,True,Clostridia,,False,True,True,Firmicutes,Bacillota,True,True,True
acfe0924c0f9c6ca3720854b5b458d54,374,1.0,0.0,Stenotrophomonas,Stenotrophomonas,True,True,True,Xanthomonadaceae,Lysobacteraceae,False,False,True,Xanthomonadales,Lysobacterales,False,False,True,Gammaproteobacteria,Gammaproteobacteria,True,True,True,Proteobacteria,Pseudomonadota,True,True,True
1d4b9f3ddf33afdf5308213897846090,374,1.0,0.0,Leptolinea,,False,False,True,Anaerolineaceae,,False,True,True,Anaerolineales,,False,True,True,Anaerolineae,,False,True,True,Chloroflexi,Chloroflexota,True,True,True
4ced6b735a53af484d0cf4f620846dcd,371,0.9951,0.0,nan,Dehalogenimonas,False,False,False,Desulfovibrionaceae,Dehalococcoidaceae,False,True,True,Desulfovibrionales,Dehalococcoidales,False,True,True,Desulfovibrionia,Dehalococcoidia,False,True,True,Desulfobacterota,Chloroflexota,False,False,True
69dee006368ff49af541d111152b40c6,370,1.0,0.0,midas_g_77817,,False,False,False,Peptococcaceae,,False,False,True,Peptococcales,Thermotogales,False,False,True,Clostridia,Thermotogae,False,True,True,Firmicutes,Thermotogota,False,True,True
e79a45f432d0ccc86adbf9bbe7cef2a7,374,1.0,0.160541253,Thiobacillus,Thiobacillus,True,True,True,Hydrogenophilaceae,Thiobacillaceae,False,False,True,Burkholderiales,Nitrosomonadales,False,False,True,Gammaproteobacteria,Betaproteobacteria,False,True,True,Proteobacteria,Pseudomonadota,True,True,True
a84e1039f9b157a2085d23b4114bc888,374,0.9946,0.0,midas_g_6187,,False,False,False,midas_f_6187,,False,False,False,Chthonomonadales,,False,True,True,Chthonomonadetes,,False,False,True,Armatimonadota,Armatimonadota,True,True,True
d3156233792852376762d588f607ac71,372,0.998,0.0,Clostridium_sensu_stricto_5,Clostridium,False,False,True,Clostridiaceae,Clostridiaceae,True,True,True,Clostridiales,Eubacteriales,False,False,True,Clostridia,Clostridia,True,True,True,Firmicutes,Bacillota,True,True,True
ab2050607cb3fe172ea918d5a17a46c7,372,1.0,0.0,Aquamicrobium,Aquamicrobium,True,True,True,Rhizobiaceae,Phyllobacteriaceae,False,False,True,Rhizobiales,Hyphomicrobiales,False,False,True,Alphaproteobacteria,Alphaproteobacteria,True,True,True,Proteobacteria,Pseudomonadota,True,True,True
4c7b0d554a1103b7872deded4bccb4ea,374,0.9961,0.0,Monoglobus,,False,True,True,Monoglobaceae,,False,True,True,Monoglobales,,False,True,True,Clostridia,Clostridia,True,True,True,Firmicutes,Bacillota,True,True,True
92f305372628ccbd74b7b28b933d306b,370,0.9995,0.0,midas_g_9269,,False,False,False,Paludibacteraceae,,False,True,True,Bacteroidales,,False,True,True,Bacteroidia,,False,True,True,Bacteroidota,candidate division WWE3,False,True,True
4f3989d95e7611bb6b5307454d75d3ce,370,0.9985,0.022934465,Proteiniphilum,,False,True,True,Dysgonomonadaceae,Anaerolineaceae,False,True,True,Bacteroidales,Anaerolineales,False,True,True,Bacteroidia,Anaerolineae,False,True,True,Bacteroidota,Chloroflexota,False,True,True
1d33e98c9d94c262ab0d8b56d0936eb4,372,1.0,0.187298129,Hydrogenophaga,Hydrogenophaga,True,True,True,Comamonadaceae,Comamonadaceae,True,True,True,Burkholderiales,Burkholderiales,True,True,True,Gammaproteobacteria,Betaproteobacteria,False,True,True,Proteobacteria,Pseudomonadota,True,True,True
a27f37aae2a34101f8a61c6f0b1cd246,369,1.0,0.0,midas_g_75908,Andreesenella,False,False,False,Serpentinicella,Natronincolaceae,False,False,True,Peptostreptococcales-Tissierellales,Peptostreptococcales,False,False,True,Clostridia,Clostridia,True,True,True,Firmicutes,Bacillota,True,True,True
179e72f0ecdfeb920df685432f3f2d1a,370,0.9995,0.0,Taibaiella,Edaphocola,False,True,True,Chitinophagaceae,Chitinophagaceae,True,True,True,Chitinophagales,Chitinophagales,True,True,True,Bacteroidia,Chitinophagia,False,True,True,Bacteroidota,Bacteroidota,True,True,True
00e66df34e257e501593d8fab7b76b0d,373,1.0,0.0,nan,Otoolea,False,False,False,Lachnospiraceae,Lachnospiraceae,True,True,True,Lachnospirales,Lachnospirales,True,True,True,Clostridia,Clostridia,True,True,True,Firmicutes,Bacillota,True,True,True
8c86a02bd0f2c7a90bb40b735577a623,365,0.9976,0.0,Erysipelothrix,,False,False,True,Erysipelotrichaceae,,False,True,True,Erysipelotrichales,,False,True,True,Bacilli,,False,False,True,Firmicutes,,False,True,True
0d1f62d4f2f7227766a17f0340567129,374,0.998,0.011467232,Syntrophomonas,Proteiniphilum,False,True,True,Syntrophomonadaceae,Dysgonomonadaceae,False,True,True,Syntrophomonadales,Bacteroidales,False,False,True,Syntrophomonadia,Bacteroidia,False,False,True,Firmicutes,Bacteroidota,False,True,True
8c740d5ca21893b47c7619df1247c75d,374,0.9985,0.017200849,Christensenellaceae_R-7_group,,False,False,True,Christensenellaceae,,False,False,True,Christensenellales,Christensenellales,True,True,True,Clostridia,Clostridia,True,True,True,Firmicutes,Bacillota,True,True,True
99daab1404e1c027be5dce96473d53ab,373,1.0,0.0,nan,Flavonifractor,False,False,False,Oscillospiraceae,Oscillospiraceae,True,True,True,Oscillospirales,Eubacteriales,False,False,True,Clostridia,Clostridia,True,True,True,Firmicutes,Bacillota,True,True,True
945e47119242497c2e0bc5b3c6b6ba8e,371,1.0,0.181564513,Aminiphilus,Aminiphilus,True,True,True,Synergistaceae,Aminiphilaceae,False,True,True,Synergistales,Synergistales,True,True,True,Synergistia,Synergistia,True,True,True,Synergistota,Synergistota,True,True,True
e1abbababbc410f2f1faa24f6ccbc7f9,374,1.0,0.0,Bacillus,Alkalihalobacterium,False,True,True,Bacillaceae,Bacillaceae,True,True,True,Bacillales,Caryophanales,False,False,True,Bacilli,Bacilli,True,True,True,Firmicutes,Bacillota,True,True,True
3d34374d81a96ce4972b93ef5dae9b82,373,0.9985,0.0,Thiopseudomonas,Thiopseudomonas,True,True,True,Pseudomonadaceae,Pseudomonadaceae,True,True,True,Pseudomonadales,Pseudomonadales,True,True,True,Gammaproteobacteria,Gammaproteobacteria,True,True,True,Proteobacteria,Pseudomonadota,True,True,True
405dff4269ebcff0dbc2d5c0c63a1ee3,374,0.9966,0.0,Ruminiclostridium,Ruminiclostridium,True,True,True,Hungateiclostridiaceae,Oscillospiraceae,False,False,True,Oscillospirales,Eubacteriales,False,False,True,Clostridia,Clostridia,True,True,True,Firmicutes,Bacillota,True,True,True
b24e75b90cb37f9b407738a392646776,379,1.0,0.0,Methanobacterium,Methanobacterium,True,True,True,Methanobacteriaceae,Methanobacteriaceae,True,True,True,Methanobacteriales,Methanobacteriales,True,True,True,Methanobacteria,Methanobacteria,True,True,True,Euryarchaeota,Methanobacteriota,True,True,True
4835c874610f20a02421b283dbe2f2b6,374,0.999,0.064980984,Christensenellaceae_R-7_group,,False,False,True,Christensenellaceae,,False,True,True,Christensenellales,Christensenellales,True,True,True,Clostridia,Clostridia,True,True,True,Firmicutes,Bacillota,True,True,True
0f4c04cefd226f6854ad0fbc2a2de226,372,1.0,0.0,Camelimonas,Camelimonas,True,True,True,Beijerinckiaceae,Chelatococcaceae,False,False,True,Rhizobiales,Hyphomicrobiales,False,False,True,Alphaproteobacteria,Alphaproteobacteria,True,True,True,Proteobacteria,Pseudomonadota,True,True,True
9adabf530b49244e64c1142cf42a502a,373,0.9946,0.0,nan,Evtepia,False,False,False,Oscillospiraceae,,False,True,True,Oscillospirales,Eubacteriales,False,False,True,Clostridia,Clostridia,True,True,True,Firmicutes,Bacillota,True,True,True
1ad05a58bf23396d80f11695ad750b75,374,1.0,0.022934465,nan,Geobacter,False,False,False,Geobacteraceae,Geobacteraceae,True,True,True,Geobacterales,Geobacterales,True,True,True,Desulfuromonadia,Desulfuromonadia,True,True,True,Desulfobacterota,Thermodesulfobacteriota,False,False,True
15c0fe41b25c6504b8dbe48ae72283d0,374,1.0,0.0,midas_g_30443,,False,False,False,Desulfuromonadaceae,Spirochaetaceae,False,True,True,Desulfuromonadales,Spirochaetales,False,True,True,Desulfuromonadia,Spirochaetia,False,True,True,Desulfobacterota,Spirochaetota,False,False,True
60da7a21ae2997bc70a9730fd8151a29,374,1.0,0.0,Clostridium_sensu_stricto_13,Clostridium,False,False,True,Clostridiaceae,Clostridiaceae,True,True,True,Clostridiales,Eubacteriales,False,False,True,Clostridia,Clostridia,True,True,True,Firmicutes,Bacillota,True,True,True
ee14afe4571845779465f8dc9646c7b4,374,0.9976,0.007644822,Christensenellaceae_R-7_group,,False,False,True,Christensenellaceae,,False,False,True,Christensenellales,,False,True,True,Clostridia,Clostridia,True,True,True,Firmicutes,Bacillota,True,True,True
0138936a169c4a0914606cedbcd38fa6,377,0.999,0.0,midas_g_399,,False,False,False,midas_f_5,,False,False,False,midas_o_5,Candidatus Nanopelagicales,False,False,False,Actinobacteria,Actinomycetes,False,False,True,Actinobacteriota,Actinomycetota,False,False,True
b64f2cd0b47a6548ebe2077c728b213f,370,1.0,0.0,Proteiniphilum,,False,True,True,Dysgonomonadaceae,,False,True,True,Bacteroidales,,False,True,True,Bacteroidia,,False,True,True,Bacteroidota,Bacteroidota,True,True,True
dbbd92eb5552c552aab4544c331ac6e2,370,1.0,0.0,nan,Hydrogenoanaerobacterium,False,False,False,Ruminococcaceae,Oscillospiraceae,False,False,True,Oscillospirales,Eubacteriales,False,False,True,Clostridia,Clostridia,True,True,True,Firmicutes,Bacillota,True,True,True
09304de7bcdde93714df6d4800a79b4d,375,1.0,0.0,Mycobacterium,,False,True,True,Mycobacteriaceae,,False,True,True,Corynebacteriales,,False,False,True,Actinobacteria,,False,False,True,Actinobacteriota,Actinomycetota,False,False,True
b65ddb808f41ed58f0a87829f790124c,370,1.0,0.0,DMER64,,False,False,True,Rikenellaceae,,False,True,True,Bacteroidales,Burkholderiales,False,True,True,Bacteroidia,Betaproteobacteria,False,True,True,Bacteroidota,Pseudomonadota,False,True,True
aa9c5ae2ec6da55f30edd92e3de37eff,374,0.9995,0.0,Desulfosporosinus,Desulfitobacterium,False,True,True,Desulfitobacteriaceae,Desulfitobacteriaceae,True,True,True,Desulfitobacteriales,Eubacteriales,False,False,True,Desulfitobacteriia,Clostridia,False,False,True,Firmicutes,Bacillota,True,True,True
1da23dee00520d2c9e0e21bac4a70bca,374,1.0,0.0,Denitromonas,Limnospira,False,False,True,Rhodocyclaceae,Sirenicapillariaceae,False,True,True,Burkholderiales,Oscillatoriales,False,True,True,Gammaproteobacteria,Cyanophyceae,False,True,True,Proteobacteria,Cyanobacteriota,False,True,True
a01649ff3a222398d49af46d04781535,376,1.0,0.0,midas_g_343,,False,False,False,Actinomycetaceae,Actinomycetaceae,True,True,True,Actinomycetales,Actinomycetales,True,True,True,Actinobacteria,Actinomycetes,False,False,True,Actinobacteriota,Actinomycetota,False,False,True
f3c13bc899928e8043766ca73a046487,374,0.999,0.0,Desulfosporosinus,Mycobacterium,False,True,True,Desulfitobacteriaceae,Mycobacteriaceae,False,True,True,Desulfitobacteriales,Mycobacteriales,False,False,True,Desulfitobacteriia,Actinomycetes,False,False,True,Firmicutes,Actinomycetota,False,True,True
0e487ab2d5669f87e21a4c0c09d8d952,372,0.9951,0.0,Angelakisella,Angelakisella,True,True,True,Ruminococcaceae,Oscillospiraceae,False,False,True,Oscillospirales,Eubacteriales,False,False,True,Clostridia,Clostridia,True,True,True,Firmicutes,Bacillota,True,True,True
c88944b6267ea10d43d5ee264d29ae94,371,0.9985,0.0,nan,Sinanaerobacter,False,False,False,Anaerovoracaceae,Anaerovoracaceae,True,True,True,Peptostreptococcales-Tissierellales,Peptostreptococcales,False,False,True,Clostridia,Clostridia,True,True,True,Firmicutes,Bacillota,True,True,True
f61f4c9b8258738ad3ee7663e43e7907,373,0.998,0.0,midas_g_82137,,False,False,False,Oscillospiraceae,,False,True,True,Oscillospirales,,False,False,True,Clostridia,,False,True,True,Firmicutes,,False,True,True
a53b7a494838590a5600a018277e55ea,375,1.0,0.0,Gordonia,Gordonia,True,True,True,Nocardiaceae,Gordoniaceae,False,False,True,Corynebacteriales,Mycobacteriales,False,False,True,Actinobacteria,Actinomycetes,False,False,True,Actinobacteriota,Actinomycetota,False,False,True
20823322077cf511c8eff4f0840466fd,374,1.0,0.0,Stenotrophomonas,Stenotrophomonas,True,True,True,Xanthomonadaceae,Lysobacteraceae,False,False,True,Xanthomonadales,Lysobacterales,False,False,True,Gammaproteobacteria,Gammaproteobacteria,True,True,True,Proteobacteria,Pseudomonadota,True,True,True
fd28148d0cd2eca274f8a3bb38944793,373,0.998,0.0,XBB1006,,False,False,True,Lachnospiraceae,Lachnospiraceae,True,True,True,Lachnospirales,Lachnospirales,True,True,True,Clostridia,Clostridia,True,True,True,Firmicutes,Bacillota,True,True,True
3ade0fa13e56aac194bb3373200d6def,373,1.0,0.0,Ca_Cloacimonas,,False,False,True,Cloacimonadaceae,,False,False,True,Cloacimonadales,,False,False,True,Cloacimonadia,,False,False,True,Cloacimonadota,Candidatus Cloacimonadota,False,False,True
f42aeaf1c13130f1fdfc8bafa43ded29,372,1.0,0.0,nan,Diaphorobacter,False,False,False,Comamonadaceae,Comamonadaceae,True,True,True,Burkholderiales,Burkholderiales,True,True,True,Gammaproteobacteria,Betaproteobacteria,False,True,True,Proteobacteria,Pseudomonadota,True,True,True
924ba8e00fb9f76de6bf217aac8ca9d4,374,0.9941,0.0,midas_g_93128,Pelotomaculum,False,False,False,midas_f_93128,Desulfotomaculaceae,False,False,False,midas_o_5025,Eubacteriales,False,False,False,D8A-2,Clostridia,False,False,True,Firmicutes,Bacillota,True,True,True
f23be2076b7f3e2088503d4841c51f06,374,0.998,0.0,midas_g_669,Gracilibacter,False,False,False,Gracilibacter,Gracilibacteraceae,False,False,True,Gracilibacteraceae,Eubacteriales,False,False,True,Clostridia,Clostridia,True,True,True,Firmicutes,Bacillota,True,True,True
a19152d55f42fc72a3a0f985d2615aab,374,1.0,0.0,nan,Trichloromonas,False,False,False,Desulfuromonadaceae,Trichloromonadaceae,False,True,True,Desulfuromonadales,Desulfuromonadales,True,True,True,Desulfuromonadia,Desulfuromonadia,True,True,True,Desulfobacterota,Thermodesulfobacteriota,False,False,True
76ef356d895e6434580f18ab74a63e6c,365,0.9912,0.0,nan,Clostridium,False,False,False,nan,Clostridiaceae,False,False,False,nan,Eubacteriales,False,False,False,nan,Clostridia,False,False,False,nan,Bacillota,False,False,False
80b0dd7e363e6128b4335d08d57b5618,373,1.0,0.0,Ca_Soleaferrea,,False,False,True,Ruminococcaceae,,False,False,True,Oscillospirales,,False,False,True,Clostridia,Clostridia,True,True,True,Firmicutes,Bacillota,True,True,True
22a4e0f758de753ed7e9463edeed304c,374,1.0,0.0,UCG-009,Acidaminobacterium,False,False,True,Butyricicoccaceae,Oscillospiraceae,False,True,True,Oscillospirales,Eubacteriales,False,False,True,Clostridia,Clostridia,True,True,True,Firmicutes,Bacillota,True,True,True
4e4ca97fadb8b8e92470ccce2ff91460,374,0.999,0.005733616,Dehalobacterium,Dehalobacterium,True,True,True,Peptococcaceae,Peptococcaceae,True,True,True,Peptococcales,Eubacteriales,False,False,True,Clostridia,Clostridia,True,True,True,Firmicutes,Bacillota,True,True,True
5ab9c9baf340ca93a35be10b4a5b294a,374,1.0,0.0,Christensenellaceae_R-7_group,,False,False,True,Christensenellaceae,,False,False,True,Christensenellales,,False,True,True,Clostridia,,False,True,True,Firmicutes,Bacillota,True,True,True
d081020b6bdf3bf279b93bd42598e1e1,373,1.0,0.0,Oscillibacter,Oscillibacter,True,True,True,Oscillospiraceae,Oscillospiraceae,True,True,True,Oscillospirales,Eubacteriales,False,False,True,Clostridia,Clostridia,True,True,True,Firmicutes,Bacillota,True,True,True
2c452b25c7f3c62be462d8f47ed179e3,374,0.999,0.003822411,Desulfobulbus,,False,True,True,Desulfobulbaceae,,False,True,True,Desulfobulbales,,False,True,True,Desulfobulbia,Deltaproteobacteria,False,True,True,Desulfobacterota,,False,False,True
ebef4f7d86a3b71b870100599f233ff8,374,0.9985,0.0,Christensenellaceae_R-7_group,,False,False,True,Christensenellaceae,Christensenellaceae,True,True,True,Christensenellales,Christensenellales,True,True,True,Clostridia,Clostridia,True,True,True,Firmicutes,Bacillota,True,True,True
fe74d2e267ad3ebb8fbfe24bbb464049,368,0.9951,0.0,midas_g_31962,,False,False,False,midas_f_16343,,False,False,False,Izemoplasmatales,,False,False,True,Bacilli,Mollicutes,False,True,True,Firmicutes,Mycoplasmatota,False,True,True
9afd475513b0a626050fef80f7d864d4,378,0.9995,0.0,Methanobacterium,Methanobacterium,True,True,True,Methanobacteriaceae,Methanobacteriaceae,True,True,True,Methanobacteriales,Methanobacteriales,True,True,True,Methanobacteria,Methanobacteria,True,True,True,Euryarchaeota,Methanobacteriota,True,True,True
1f1ff56fd37c5c9b1a9ac7b1d99e10b0,374,0.999,0.0,midas_g_52,,False,False,False,67-14,,False,False,True,Solirubrobacterales,Solirubrobacterales,True,True,True,Thermoleophilia,Thermoleophilia,True,True,True,Actinobacteriota,Actinomycetota,False,False,True
fbb4d97e016a3fae74e1e3b81805e48e,374,0.998,0.0,Christensenellaceae_R-7_group,,False,False,True,Christensenellaceae,,False,True,True,Christensenellales,Eubacteriales,False,True,True,Clostridia,Clostridia,True,True,True,Firmicutes,Bacillota,True,True,True
619ac3ad257e70633292af469a960d56,369,1.0,0.0,Soehngenia,Gudongella,False,True,True,Family_XI,Tissierellaceae,False,False,True,Peptostreptococcales-Tissierellales,Tissierellales,False,False,True,Clostridia,Tissierellia,False,True,True,Firmicutes,Bacillota,True,True,True
2e707ae206fd30644537a8329e2b9476,374,0.998,0.0,nan,Desulfobotulus,False,False,False,Desulfococcaceae,Desulfobacteraceae,False,True,True,Desulfobacterales,Desulfobacterales,True,True,True,Desulfobacteria,Desulfobacteria,True,True,True,Desulfobacterota,Thermodesulfobacteriota,False,False,True
49d8ed77132802ef1ad7036f31e0117a,368,0.9971,0.0,midas_g_33659,,False,False,False,midas_f_16343,,False,False,False,Izemoplasmatales,Bacteroidales,False,False,True,Bacilli,Bacteroidia,False,True,True,Firmicutes,Bacteroidota,False,True,True
cfa7e5524c99aac7db9399503a7e846a,369,0.9985,0.0,Sedimentibacter,Sedimentibacter,True,True,True,Sedimentibacteraceae,,False,False,True,Peptostreptococcales-Tissierellales,,False,False,True,Clostridia,Tissierellia,False,True,True,Firmicutes,Bacillota,True,True,True
678452b1266654469afd6625a7ec25f5,374,0.9985,0.0,Ruminiclostridium,Candidatus Brocadia,False,True,True,Hungateiclostridiaceae,Candidatus Brocadiaceae,False,False,True,Oscillospirales,Candidatus Brocadiales,False,False,True,Clostridia,Candidatus Brocadiia,False,True,True,Firmicutes,Planctomycetota,False,True,True
61d14f45268668061628d7a7990641b2,374,0.9966,0.0,nan,,False,False,False,nan,,False,False,False,nan,Eubacteriales,False,False,False,Clostridia,Clostridia,True,True,True,Firmicutes,Bacillota,True,True,True
a6efdb52a04e05a2a1be52f5516784fa,374,1.0,0.0,Thauera,Thauera,True,True,True,Rhodocyclaceae,Zoogloeaceae,False,False,True,Burkholderiales,Rhodocyclales,False,False,True,Gammaproteobacteria,Betaproteobacteria,False,False,True,Proteobacteria,Pseudomonadota,True,True,True
2b7dca9f823dab555a368d87f194804f,370,0.999,0.0,Proteiniphilum,Petrimonas,False,True,True,Dysgonomonadaceae,Dysgonomonadaceae,True,True,True,Bacteroidales,Bacteroidales,True,True,True,Bacteroidia,Bacteroidia,True,True,True,Bacteroidota,Bacteroidota,True,True,True
070ad707f633c0df5a19f11bcfa699c1,370,0.999,0.0,Proteiniphilum,,False,True,True,Dysgonomonadaceae,,False,True,True,Bacteroidales,,False,True,True,Bacteroidia,,False,True,True,Bacteroidota,Bacteroidota,True,True,True
b49bff6b867f0818155aa2ee1b77e93a,370,0.9995,0.0,Proteiniphilum,,False,True,True,Dysgonomonadaceae,,False,True,True,Bacteroidales,,False,True,True,Bacteroidia,,False,True,True,Bacteroidota,Bacteroidota,True,True,True
5ec4e02584b8c58b33bde92395188ffa,375,1.0,0.0,Leucobacter,,False,True,True,Microbacteriaceae,,False,True,True,Micrococcales,,False,True,True,Actinobacteria,,False,False,True,Actinobacteriota,,False,False,True
22958f01426d8f1fe3f4922e13710669,377,1.0,0.0,midas_g_399,,False,False,False,midas_f_5,,False,False,False,midas_o_5,,False,False,False,Actinobacteria,Actinomycetes,False,False,True,Actinobacteriota,Actinomycetota,False,False,True
826b2dad200d99cccec78d01acb38da4,371,1.0,0.0,Paraclostridium,Paraclostridium,True,True,True,Peptostreptococcaceae,Peptostreptococcaceae,True,True,True,Peptostreptococcales-Tissierellales,Peptostreptococcales,False,False,True,Clostridia,Clostridia,True,True,True,Firmicutes,Bacillota,True,True,True
916d15ab17794198ea4c5ad1e3fb6258,374,0.9976,0.103205091,Desulfurispora,Desulfocucumis,False,False,True,Desulfurisporaceae,Desulfocucumaceae,False,False,True,Desulfotomaculales,Eubacteriales,False,False,True,Desulfotomaculia,Clostridia,False,False,True,Firmicutes,Bacillota,True,True,True
10ba1c6a051a49b25b443bebd244b71c,373,0.9995,0.026756876,nan,Propionispora,False,False,False,nan,Sporomusaceae,False,False,False,Veillonellales-Selenomonadales,Selenomonadales,False,False,True,Negativicutes,Negativicutes,True,True,True,Firmicutes,Bacillota,True,True,True
3fb688a9024c5d9e0c97cf7a6859063a,370,0.9961,0.0,nan,Ligaoa,False,False,False,Ruminococcaceae,Oscillospiraceae,False,False,True,Oscillospirales,Eubacteriales,False,False,True,Clostridia,Clostridia,True,True,True,Firmicutes,Bacillota,True,True,True
779e393e6ff91129f826c691a0d16db3,374,0.9951,0.0,Monoglobus,,False,True,True,Monoglobaceae,,False,True,True,Monoglobales,,False,True,True,Clostridia,Clostridia,True,True,True,Firmicutes,Bacillota,True,True,True
e561c5c5f92aa66e6b1befb81385d1fc,370,1.0,0.0,midas_g_141,,False,False,False,Williamwhitmaniaceae,,False,False,True,Bacteroidales,Bacteroidales,True,True,True,Bacteroidia,Bacteroidia,True,True,True,Bacteroidota,Bacteroidota,True,True,True
3e524f0bf09623c8530930bb8b27045c,371,0.9995,0.076448216,Syner-01,,False,False,True,Synergistaceae,Synergistaceae,True,True,True,Synergistales,Synergistales,True,True,True,Synergistia,Synergistia,True,True,True,Synergistota,Synergistota,True,True,True
d4cf4bfef77541da66524a9292252fa2,370,0.999,0.0,Proteiniphilum,,False,True,True,Dysgonomonadaceae,,False,True,True,Bacteroidales,,False,True,True,Bacteroidia,,False,True,True,Bacteroidota,Bacteroidota,True,True,True
8bc8eb4392eecf9f922bfb55df2c4144,371,0.9995,0.0,Romboutsia,,False,True,True,Peptostreptococcaceae,Vulcanimicrobiaceae,False,True,True,Peptostreptococcales-Tissierellales,Vulcanimicrobiales,False,False,True,Clostridia,Vulcanimicrobiia,False,True,True,Firmicutes,Vulcanimicrobiota,False,True,True
613cd0ab8ed46a361940e06efaecdb6d,372,0.9976,0.0,Thermovirga,,False,False,True,Synergistaceae,Spirochaetaceae,False,True,True,Synergistales,Spirochaetales,False,True,True,Synergistia,Spirochaetia,False,True,True,Synergistota,Spirochaetota,False,True,True
07246a1fc2c2fed9e54374f5ee46c333,375,1.0,0.0,nan,Phycicoccus,False,False,False,Intrasporangiaceae,Intrasporangiaceae,True,True,True,Micrococcales,Micrococcales,True,True,True,Actinobacteria,Actinomycetes,False,False,True,Actinobacteriota,Actinomycetota,False,False,True
3e09043820433588bf896d8e55bc1423,374,0.9985,0.0,midas_g_110683,,False,False,False,midas_f_222,,False,False,False,midas_o_4,Synergistales,False,False,False,midas_c_4,Synergistia,False,False,False,Firmicutes,Synergistota,False,True,True
dcb31c0c036636a36840c1f3341898d9,374,0.9971,0.0,midas_g_2455,Escherichia,False,False,False,Lutispora,Enterobacteriaceae,False,False,True,Gracilibacteraceae,Enterobacterales,False,False,True,Clostridia,Gammaproteobacteria,False,True,True,Firmicutes,Pseudomonadota,False,True,True
2b335f368deba69c6c95c18da31dc5f4,373,1.0,0.0,Clostridium_sensu_stricto_1,Clostridium,False,False,True,Clostridiaceae,Clostridiaceae,True,True,True,Clostridiales,Eubacteriales,False,False,True,Clostridia,Clostridia,True,True,True,Firmicutes,Bacillota,True,True,True
d693c275c376753e40770f95ba69a9f9,375,0.998,0.0,Pelotomaculum,Pelotomaculum,True,True,True,Pelotomaculaceae,Desulfotomaculaceae,False,False,True,Desulfotomaculales,Eubacteriales,False,False,True,Desulfotomaculia,Clostridia,False,False,True,Firmicutes,Bacillota,True,True,True
495cc889a2e82868482b1feb2f71fbd0,375,1.0,0.0,Mycobacterium,,False,True,True,Mycobacteriaceae,,False,True,True,Corynebacteriales,,False,False,True,Actinobacteria,,False,False,True,Actinobacteriota,Actinomycetota,False,False,True
aa15b94e77f3955a73a15e15187b6482,372,0.9985,0.0,midas_g_1799,Candidatus Darwinibacter,False,False,False,midas_f_1799,Candidatus Darwinibacteriaceae,False,False,False,Proteinivoracales,Candidatus Darwinibacteriales,False,False,True,Clostridia,Clostridia,True,True,True,Firmicutes,Bacillota,True,True,True
6e21064675bd1626771d39886cc9d88b,374,0.999,0.036312903,Ercella,Methanothrix,False,False,True,Hungateiclostridiaceae,Methanotrichaceae,False,False,True,Oscillospirales,Methanotrichales,False,False,True,Clostridia,Methanomicrobia,False,True,True,Firmicutes,Methanobacteriota,False,True,True
7b43b24e8c817bba9f0008696985ae06,376,0.9888,0.0,midas_g_8129,,False,False,False,Flexifilaceae,,False,False,True,SBR1031,,False,False,True,Anaerolineae,Anaerolineae,True,True,True,Chloroflexi,Chloroflexota,True,True,True
baa4a4f4c8d40a784e35ff0313bf0ccb,374,0.9985,0.0,Azoarcus,Uliginosibacterium,False,False,True,Rhodocyclaceae,Zoogloeaceae,False,True,True,Burkholderiales,Rhodocyclales,False,False,True,Gammaproteobacteria,Betaproteobacteria,False,False,True,Proteobacteria,Pseudomonadota,True,True,True
f847d5bbe9c5a3555db3988cfa1b838f,374,0.9956,0.0,Dehalobacterium,Dehalobacterium,True,True,True,Peptococcaceae,Peptococcaceae,True,True,True,Peptococcales,Eubacteriales,False,False,True,Clostridia,Clostridia,True,True,True,Firmicutes,Bacillota,True,True,True
33e423de05448134722fcf4bd6a224d7,373,0.999,0.0,Intestinimonas,,False,True,True,Oscillospiraceae,Oscillospiraceae,True,True,True,Oscillospirales,Eubacteriales,False,False,True,Clostridia,Clostridia,True,True,True,Firmicutes,Bacillota,True,True,True
fde5fbd4507f68a2eabc92fb449d9965,369,0.9976,0.0,Sedimentibacter,,False,True,True,Sedimentibacteraceae,,False,False,True,Peptostreptococcales-Tissierellales,,False,False,True,Clostridia,,False,True,True,Firmicutes,Bacillota,True,True,True
8a4c692c01077fa5a93913725097b3bc,372,1.0,0.076448216,Xanthobacter,Xanthobacter,True,True,True,Xanthobacteraceae,Xanthobacteraceae,True,True,True,Rhizobiales,Hyphomicrobiales,False,False,True,Alphaproteobacteria,Alphaproteobacteria,True,True,True,Proteobacteria,Pseudomonadota,True,True,True
6a00993959cfffcd3e54203b0cb659a2,373,0.9995,0.0,Dehalobacter,Dehalobacter,True,True,True,Syntrophobotulaceae,Desulfitobacteriaceae,False,False,True,Desulfitobacteriales,Eubacteriales,False,False,True,Desulfitobacteriia,Clostridia,False,False,True,Firmicutes,Bacillota,True,True,True
05771e0f1c5425fc486934e2beb87956,374,0.9976,0.0,Christensenellaceae_R-7_group,,False,False,True,Christensenellaceae,,False,False,True,Christensenellales,Christensenellales,True,True,True,Clostridia,Clostridia,True,True,True,Firmicutes,Bacillota,True,True,True
8a1c973b6094cbd560f363581ce1beba,374,0.998,0.011467232,Ercella,,False,False,True,Hungateiclostridiaceae,,False,False,True,Oscillospirales,,False,False,True,Clostridia,,False,True,True,Firmicutes,,False,True,True
b757c414a3bc227758c09624ca177986,374,0.9976,0.0,Syntrophomonas,Syntrophomonas,True,True,True,Syntrophomonadaceae,Syntrophomonadaceae,True,True,True,Syntrophomonadales,Eubacteriales,False,False,True,Syntrophomonadia,Clostridia,False,False,True,Firmicutes,Bacillota,True,True,True
fd4dc2d3654041c497b3d8e6cee4d18b,374,1.0,0.0,midas_g_515,,False,False,False,midas_f_148,,False,False,False,DTU014,,False,False,True,midas_c_4,,False,False,False,Firmicutes,Thermotogota,False,True,True
62e1d1dac671aff6e6dc206418fd79c6,373,1.0,0.0,nan,Rubeoparvulum,False,False,False,Bacillaceae,Bacillaceae,True,True,True,Bacillales,Caryophanales,False,False,True,Bacilli,Bacilli,True,True,True,Firmicutes,Bacillota,True,True,True
8b05c693d167b0c68f1316963744f122,375,1.0,0.0,Pelotomaculum,Pelotomaculum,True,True,True,Pelotomaculaceae,Desulfotomaculaceae,False,False,True,Desulfotomaculales,Eubacteriales,False,False,True,Desulfotomaculia,Clostridia,False,False,True,Firmicutes,Bacillota,True,True,True
058f50a8bccf06f41d115822bdfe37fb,374,0.9976,0.0,Christensenellaceae_R-7_group,,False,False,True,Christensenellaceae,,False,False,True,Christensenellales,Christensenellales,True,True,True,Clostridia,Clostridia,True,True,True,Firmicutes,Bacillota,True,True,True
b78bdac2d66434f67db2a71b6f893639,374,0.998,0.0,Christensenellaceae_R-7_group,,False,False,True,Christensenellaceae,,False,True,True,Christensenellales,Eubacteriales,False,True,True,Clostridia,Clostridia,True,True,True,Firmicutes,Bacillota,True,True,True
87db021bd3fb687eba7b420338158435,373,1.0,0.0,midas_g_91392,,False,False,False,midas_f_1979,,False,False,False,midas_o_1979,Eubacteriales,False,False,False,Limnochordia,Clostridia,False,False,True,Firmicutes,Bacillota,True,True,True
34bd302b38c473a6dc69875818ebfb23,374,0.9912,0.0,Fastidiosipila,,False,False,True,Hungateiclostridiaceae,,False,False,True,Oscillospirales,,False,False,True,Clostridia,,False,True,True,Firmicutes,Bacillota,True,True,True
54e41d7748bdb8fe71a73a47ad58423e,369,0.9995,0.0,midas_g_75908,,False,False,False,Serpentinicella,Clostridiaceae,False,False,True,Peptostreptococcales-Tissierellales,Eubacteriales,False,False,True,Clostridia,Clostridia,True,True,True,Firmicutes,Bacillota,True,True,True
50bef0776b442d38fe4de5a83b9187a8,374,1.0,0.0,Clostridium_sensu_stricto_11,Clostridium,False,False,True,Clostridiaceae,Clostridiaceae,True,True,True,Clostridiales,Eubacteriales,False,False,True,Clostridia,Clostridia,True,True,True,Firmicutes,Bacillota,True,True,True
94ef08db649a5339b6de95109a8bad0f,373,1.0,0.0,Pseudomonas,Stutzerimonas,False,True,True,Pseudomonadaceae,Pseudomonadaceae,True,True,True,Pseudomonadales,Pseudomonadales,True,True,True,Gammaproteobacteria,Gammaproteobacteria,True,True,True,Proteobacteria,Pseudomonadota,True,True,True
201a9f507c9b354eb162adf1f311c607,374,1.0,0.007644822,midas_g_515,,False,False,False,midas_f_148,,False,False,False,DTU014,,False,False,True,midas_c_4,,False,False,False,Firmicutes,Thermotogota,False,True,True
7b35a5b1674bbaefc9af01283da529c1,372,0.9995,0.0,Clostridium_sensu_stricto_7,Clostridium,False,False,True,Clostridiaceae,Clostridiaceae,True,True,True,Clostridiales,Eubacteriales,False,False,True,Clostridia,Clostridia,True,True,True,Firmicutes,Bacillota,True,True,True
33ee5a4f23a0bf945ce5b4ffa11feef5,374,1.0,0.0,Rummeliibacillus,Rummeliibacillus,True,True,True,Planococcaceae,Caryophanaceae,False,False,True,Bacillales,Caryophanales,False,False,True,Bacilli,Bacilli,True,True,True,Firmicutes,Bacillota,True,True,True
ed583664a71759ab4da92119efb0df87,374,0.9985,0.0,midas_g_2455,Lutispora,False,False,False,Lutispora,Lutisporaceae,False,False,True,Gracilibacteraceae,Lutisporales,False,False,True,Clostridia,Clostridia,True,True,True,Firmicutes,Bacillota,True,True,True
31b772f3e0f36755cdb6cd584a8a105f,373,1.0,0.0,midas_g_112829,Intestinimonas,False,False,False,Oscillospiraceae,,False,True,True,Oscillospirales,Eubacteriales,False,False,True,Clostridia,Clostridia,True,True,True,Firmicutes,Bacillota,True,True,True
9d169a06854ffc97e3fa36d6dad78813,370,0.9966,0.0,midas_g_36215,Parabacteroides,False,False,False,Rikenellaceae,Tannerellaceae,False,True,True,Bacteroidales,Bacteroidales,True,True,True,Bacteroidia,Bacteroidia,True,True,True,Bacteroidota,Bacteroidota,True,True,True
669b72740b8bed1bcedbdbaa4b8be1e7,374,0.9976,0.0,nan,,False,False,False,Hydrogenedensaceae,,False,False,True,Hydrogenedentiales,,False,False,True,Hydrogenedentia,,False,False,True,Hydrogenedentes,Candidatus Hydrogenedentota,False,False,True
9cef27fb5c42d04a7e949300061958c1,375,1.0,0.0,midas_g_497,,False,False,False,Propionibacteriaceae,,False,True,True,Propionibacteriales,Candidatus Nanopelagicales,False,True,True,Actinobacteria,Actinomycetes,False,False,True,Actinobacteriota,Actinomycetota,False,False,True
387fd7acb95a1f0053edacb08ca9384d,371,0.999,0.0,Anaerovorax,,False,False,True,Anaerovoracaceae,Anaerovoracaceae,True,True,True,Peptostreptococcales-Tissierellales,Peptostreptococcales,False,False,True,Clostridia,Clostridia,True,True,True,Firmicutes,Bacillota,True,True,True
93b2f6310a4ce172502298f06cf628cf,374,0.998,0.0,Christensenellaceae_R-7_group,,False,False,True,Christensenellaceae,Christensenellaceae,True,True,True,Christensenellales,Christensenellales,True,True,True,Clostridia,Clostridia,True,True,True,Firmicutes,Bacillota,True,True,True
817555c3b5d93664c38e8fbec64eba2e,372,0.9976,0.099382681,Thermovirga,,False,False,True,Synergistaceae,,False,True,True,Synergistales,Synergistales,True,True,True,Synergistia,Synergistia,True,True,True,Synergistota,Synergistota,True,True,True
05728a4572e292df51f34610249d4fa9,374,0.9976,0.0,midas_g_1251,Lutispora,False,False,False,Lutispora,Lutisporaceae,False,False,True,Gracilibacteraceae,Lutisporales,False,False,True,Clostridia,Clostridia,True,True,True,Firmicutes,Bacillota,True,True,True
405648482a348320fe4470fddebb64c6,372,0.9985,0.0,Pseudochelatococcus,Pseudochelatococcus,True,True,True,Beijerinckiaceae,Chelatococcaceae,False,True,True,Rhizobiales,Hyphomicrobiales,False,False,True,Alphaproteobacteria,Alphaproteobacteria,True,True,True,Proteobacteria,Pseudomonadota,True,True,True
5837405da6036e7481240160de143774,370,0.9956,0.0,midas_g_112760,,False,False,False,UCG-010,,False,False,True,Oscillospirales,,False,False,True,Clostridia,Clostridia,True,True,True,Firmicutes,Bacillota,True,True,True
9c90a0c962c8b6283f7a71b644fce90c,372,1.0,0.0,midas_g_249,,False,False,False,Synergistaceae,,False,True,True,Synergistales,,False,True,True,Synergistia,,False,True,True,Synergistota,Pseudomonadota,False,True,True
34bc76cd76ea83cf74430a3bbb56ac82,376,0.9985,0.0,IMCC26207,,False,False,True,Microtrichaceae,,False,False,True,Microtrichales,,False,False,True,Acidimicrobiia,,False,True,True,Actinobacteriota,Actinomycetota,False,False,True
b5b93f7fc3d0a88dff0ced83eb0bb5ab,373,0.9956,0.007644822,midas_g_554,,False,False,False,midas_f_13,,False,False,False,midas_o_13,,False,False,False,D8A-2,,False,False,True,Firmicutes,Bacillota,True,True,True
6868203f42c3571c5d284d6fd8077b84,375,0.9907,0.0,midas_g_2296,,False,False,False,midas_f_2296,,False,False,False,midas_o_796,,False,False,False,midas_c_796,,False,False,False,WS1,Armatimonadota,False,False,True
9b6a7459b2c92cee0abfc36d503488b7,372,1.0,0.0,Brevundimonas,Mesorhizobium,False,True,True,Caulobacteraceae,Phyllobacteriaceae,False,True,True,Caulobacterales,Hyphomicrobiales,False,True,True,Alphaproteobacteria,Alphaproteobacteria,True,True,True,Proteobacteria,Pseudomonadota,True,True,True
9413dd54243692b250670640c660758d,375,0.9932,0.084093037,midas_g_2178,Aggregatilinea,False,False,False,midas_f_1469,Aggregatilineaceae,False,False,False,SBR1031,Aggregatilineales,False,False,True,Anaerolineae,Anaerolineae,True,True,True,Chloroflexi,Chloroflexota,True,True,True
9ab23c4d99ca81eaa9c30826e3201dd4,369,0.9995,0.0,nan,Anaerovirgula,False,False,False,nan,Natronincolaceae,False,False,False,Peptostreptococcales-Tissierellales,Peptostreptococcales,False,False,True,Clostridia,Clostridia,True,True,True,Firmicutes,Bacillota,True,True,True
44f513ba8d222b088ba2ad6e7ab85b8c,374,0.9995,0.0,Propionicicella,,False,False,True,Propionibacteriaceae,Propionibacteriaceae,True,True,True,Propionibacteriales,Propionibacteriales,True,True,True,Actinobacteria,Actinomycetes,False,False,True,Actinobacteriota,Actinomycetota,False,False,True
cead0ca51f97bc24bf11b1d1d12aee6e,374,0.9966,0.013378438,Christensenellaceae_R-7_group,,False,False,True,Christensenellaceae,,False,False,True,Christensenellales,Christensenellales,True,True,True,Clostridia,Clostridia,True,True,True,Firmicutes,Bacillota,True,True,True
7b29e948451d2fdcce6d39ddc6c25520,373,0.9995,0.0,Sphingopyxis,Sphingopyxis,True,True,True,Sphingomonadaceae,Sphingopyxidaceae,False,True,True,Sphingomonadales,Sphingomonadales,True,True,True,Alphaproteobacteria,Alphaproteobacteria,True,True,True,Proteobacteria,Pseudomonadota,True,True,True
197c1736a92b42d2671a7ea927a9d7d8,372,1.0,0.0,Parvibaculum,Parvibaculum,True,True,True,Parvibaculaceae,Parvibaculaceae,True,True,True,Parvibaculales,Hyphomicrobiales,False,False,True,Alphaproteobacteria,Alphaproteobacteria,True,True,True,Proteobacteria,Pseudomonadota,True,True,True
5ab25dcdb272bc212f8833c23f30c16e,372,0.9995,0.0,Alcaligenes,Alcaligenes,True,True,True,Alcaligenaceae,Alcaligenaceae,True,True,True,Burkholderiales,Burkholderiales,True,True,True,Gammaproteobacteria,Betaproteobacteria,False,True,True,Proteobacteria,Pseudomonadota,True,True,True
e94618b44f9856c9a2151cab1800a460,373,1.0,0.0,nan,Oceanibaculum,False,False,False,nan,Oceanibaculaceae,False,False,False,nan,Rhodospirillales,False,False,False,Alphaproteobacteria,Alphaproteobacteria,True,True,True,Proteobacteria,Pseudomonadota,True,True,True
daac17ca54538cbc9aada8497262da96,373,0.9956,0.028668081,midas_g_76603,,False,False,False,Sporomusaceae,,False,True,True,Veillonellales-Selenomonadales,,False,False,True,Negativicutes,,False,True,True,Firmicutes,Bacteroidota,False,True,True
cbe80782cb7eff2eb8427fae47b49d1a,372,0.9956,0.0,midas_g_1799,,False,False,False,midas_f_1799,,False,False,False,Proteinivoracales,,False,False,True,Clostridia,,False,True,True,Firmicutes,Bacillota,True,True,True
1351e87aa6c89a114e5104be8fe7c817,373,1.0,0.0,Clostridium_sensu_stricto_1,Clostridium,False,False,True,Clostridiaceae,Clostridiaceae,True,True,True,Clostridiales,Eubacteriales,False,False,True,Clostridia,Clostridia,True,True,True,Firmicutes,Bacillota,True,True,True
9795a55dde06c4761698039cf60bd637,374,0.9985,0.0,Anaerocolumna,,False,False,True,Lachnospiraceae,Lachnospiraceae,True,True,True,Lachnospirales,Lachnospirales,True,True,True,Clostridia,Clostridia,True,True,True,Firmicutes,Bacillota,True,True,True
164212c0910ca9770a6bd13bcb2c5d05,372,1.0,0.0,Hyphomonas,Hyphomonas,True,True,True,Hyphomonadaceae,Hyphomonadaceae,True,True,True,Caulobacterales,Hyphomonadales,False,False,True,Alphaproteobacteria,Alphaproteobacteria,True,True,True,Proteobacteria,Pseudomonadota,True,True,True
e27928b6f9a580b0d7f95feeb01ba523,373,0.999,0.0,nan,Propionispora,False,False,False,nan,Sporomusaceae,False,False,False,Veillonellales-Selenomonadales,Selenomonadales,False,False,True,Negativicutes,Negativicutes,True,True,True,Firmicutes,Bacillota,True,True,True
bc15f0e20879b79188fa5ea9e191428c,372,1.0,0.0,nan,Aphanothece,False,False,False,Rhodobacteraceae,Aphanothecaceae,False,False,True,Rhodobacterales,Chroococcales,False,False,True,Alphaproteobacteria,Cyanophyceae,False,True,True,Proteobacteria,Cyanobacteriota,False,True,True
9e54e8d50785a84f97b38e3eb665dda0,374,0.9985,0.0,Syntrophobacter,,False,True,True,Syntrophobacteraceae,Syntrophobacteraceae,True,True,True,Syntrophobacterales,Syntrophobacterales,True,True,True,Syntrophobacteria,Syntrophobacteria,True,True,True,Desulfobacterota,Thermodesulfobacteriota,False,False,True
d5e86e0fe7c13c5751606c96f3788345,370,0.998,0.0,Fermentimonas,Fermentimonas,True,True,True,Dysgonomonadaceae,Dysgonomonadaceae,True,True,True,Bacteroidales,Bacteroidales,True,True,True,Bacteroidia,Bacteroidia,True,True,True,Bacteroidota,Bacteroidota,True,True,True
0baae4d70749907f3e1f9be33a159e80,373,0.9961,0.0,nan,Lactonifactor,False,False,False,Lachnospiraceae,Clostridiaceae,False,True,True,Lachnospirales,Eubacteriales,False,True,True,Clostridia,Clostridia,True,True,True,Firmicutes,Bacillota,True,True,True
f12686b1d3e4d79217d2b79924ed502d,371,1.0,0.0,Paraclostridium,Paraclostridium,True,True,True,Peptostreptococcaceae,Peptostreptococcaceae,True,True,True,Peptostreptococcales-Tissierellales,Peptostreptococcales,False,False,True,Clostridia,Clostridia,True,True,True,Firmicutes,Bacillota,True,True,True
f0f5fe3a3ccc66ce7e67e82294654107,370,0.998,0.0,midas_g_83754,Shivajiella,False,False,False,Cyclobacteriaceae,Cyclobacteriaceae,True,True,True,Cytophagales,Cytophagales,True,True,True,Bacteroidia,Cytophagia,False,False,True,Bacteroidota,Bacteroidota,True,True,True
aa20c972229ba580ad2044118ab67181,373,1.0,0.0,Actinomyces,Scrofimicrobium,False,True,True,Actinomycetaceae,Actinomycetaceae,True,True,True,Actinomycetales,Actinomycetales,True,True,True,Actinobacteria,Actinomycetes,False,False,True,Actinobacteriota,Actinomycetota,False,False,True
14cf2dc39880985bc2129f16b8f963f5,369,1.0,0.0,Tissierella,Tissierella,True,True,True,Family_XI,Tissierellaceae,False,False,True,Peptostreptococcales-Tissierellales,Tissierellales,False,False,True,Clostridia,Tissierellia,False,True,True,Firmicutes,Bacillota,True,True,True
50285c59a58cda2d889cb954c022a93a,372,0.9995,0.0,Hyphomicrobium,Hyphomicrobium,True,True,True,Hyphomicrobiaceae,Hyphomicrobiaceae,True,True,True,Rhizobiales,Hyphomicrobiales,False,False,True,Alphaproteobacteria,Alphaproteobacteria,True,True,True,Proteobacteria,Pseudomonadota,True,True,True
1d837cc6d80881adecbb106f01c1b042,374,0.9985,0.0,midas_g_101467,,False,False,False,Dethiobacteraceae,,False,True,True,Dethiobacterales,,False,True,True,Dethiobacteria,,False,True,True,Firmicutes,Bacillota,True,True,True
f0547f74dbcfeca9eef70572311914b5,371,0.9937,0.0,midas_g_2022,,False,False,False,Synergistaceae,,False,True,True,Synergistales,Synergistales,True,True,True,Synergistia,Synergistia,True,True,True,Synergistota,Synergistota,True,True,True
c4f3196c3b0c08f6f808e3ee3465b781,370,0.9995,0.0,nan,Hydrogenoanaerobacterium,False,False,False,Ruminococcaceae,Oscillospiraceae,False,False,True,Oscillospirales,Eubacteriales,False,False,True,Clostridia,Clostridia,True,True,True,Firmicutes,Bacillota,True,True,True
e1809c067af83a3dc4623ce28f35fe79,370,1.0,0.0,midas_g_19,,False,False,False,Bacteroidetes_vadinHA17,,False,False,True,Bacteroidales,Bacteroidales,True,True,True,Bacteroidia,Bacteroidia,True,True,True,Bacteroidota,Bacteroidota,True,True,True
b7bc2902499297dc5de20e8748a42d33,374,0.9995,0.0,Dethiobacter,Dethiobacter,True,True,True,Dethiobacteraceae,Dethiobacteraceae,True,True,True,Dethiobacterales,Dethiobacterales,True,True,True,Dethiobacteria,Dethiobacteria,True,True,True,Firmicutes,Bacillota,True,True,True
dc21153823efbfe6f4e092f110775cde,372,0.9985,0.0,midas_g_98017,,False,False,False,Hydrogenoanaerobacterium,,False,False,True,Oscillospirales,Eubacteriales,False,False,True,Clostridia,Clostridia,True,True,True,Firmicutes,Bacillota,True,True,True
6178807a00a64843e5bb9f31f0a5f42c,373,0.9961,0.0,midas_g_119665,,False,False,False,Oscillospiraceae,Oscillospiraceae,True,True,True,Oscillospirales,Eubacteriales,False,False,True,Clostridia,Clostridia,True,True,True,Firmicutes,Bacillota,True,True,True
0a1ad45b3f804b63062c39bed1fc1132,374,0.9995,0.0,Clostridium_sensu_stricto_13,Stenotrophomonas,False,False,True,Clostridiaceae,Lysobacteraceae,False,True,True,Clostridiales,Lysobacterales,False,False,True,Clostridia,Gammaproteobacteria,False,True,True,Firmicutes,Pseudomonadota,False,True,True
0ef7e12e6eb35a8fd9fac7badac0c381,372,0.9971,0.193031745,midas_g_49937,,False,False,False,midas_f_4245,,False,False,False,RBG-13-54-9,Anaerolineales,False,False,True,Anaerolineae,Anaerolineae,True,True,True,Chloroflexi,Chloroflexota,True,True,True
d801b2110a503327da848c95357ca4a5,374,0.999,0.0,Trichloromonas,Trichloromonas,True,True,True,Desulfuromonadaceae,Trichloromonadaceae,False,True,True,Desulfuromonadales,Desulfuromonadales,True,True,True,Desulfuromonadia,Desulfuromonadia,True,True,True,Desulfobacterota,Thermodesulfobacteriota,False,False,True
48ca5b4f7cb58d4a146837de341a2604,372,1.0,0.0,Rhodobacter,Microcoleus,False,False,True,Rhodobacteraceae,Microcoleaceae,False,False,True,Rhodobacterales,Oscillatoriales,False,True,True,Alphaproteobacteria,Cyanophyceae,False,True,True,Proteobacteria,Cyanobacteriota,False,True,True
637ec5730f0da83790b96ca6708f5309,369,0.9976,0.0,Sedimentibacter,Sedimentibacter,True,True,True,Sedimentibacteraceae,,False,False,True,Peptostreptococcales-Tissierellales,,False,False,True,Clostridia,Tissierellia,False,True,True,Firmicutes,Bacillota,True,True,True
b022522a963a8f8fa28d9d2fc3344e87,374,0.9985,0.0,Dethiobacter,Dethiobacter,True,True,True,Dethiobacteraceae,Dethiobacteraceae,True,True,True,Dethiobacterales,Dethiobacterales,True,True,True,Dethiobacteria,Dethiobacteria,True,True,True,Firmicutes,Bacillota,True,True,True
da28c80a7a1b2838789eb2ad598db9a0,374,0.9966,0.0,midas_g_97954,Gracilibacter,False,False,False,SRB2,Gracilibacteraceae,False,False,True,Thermoanaerobacterales,Eubacteriales,False,False,True,Thermoanaerobacteria,Clostridia,False,False,True,Firmicutes,Bacillota,True,True,True
7c4029c77a50ad0582c758eabe8c1410,374,0.9966,0.0,nan,Halothermothrix,False,False,False,midas_f_112,Halothermotrichaceae,False,False,False,MBA03,Halanaerobiales,False,False,True,Limnochordia,Clostridia,False,False,True,Firmicutes,Bacillota,True,True,True
dc22433569281cc665fba3df53e3f566,371,1.0,0.0,Peptoclostridium,Alkalithermobacter,False,False,True,Peptostreptococcaceae,Tepidibacteraceae,False,True,True,Peptostreptococcales-Tissierellales,Peptostreptococcales,False,False,True,Clostridia,Clostridia,True,True,True,Firmicutes,Bacillota,True,True,True
8fabb679415fe6a9969015076873e211,370,1.0,0.0,Turicibacter,Turicibacter,True,True,True,Erysipelotrichaceae,Turicibacteraceae,False,False,True,Erysipelotrichales,Erysipelotrichales,True,True,True,Bacilli,Erysipelotrichia,False,True,True,Firmicutes,Bacillota,True,True,True
2d4f702bfdf848fddbfe1e84a30c73b1,372,0.9932,0.0,nan,,False,False,False,midas_f_3498,,False,False,False,B55-F-B-G02,,False,False,True,Limnochordia,,False,False,True,Firmicutes,Synergistota,False,True,True
ec0ca50d7a1c6ee56a7ed9d776d9c0d1,373,0.9937,0.0,nan,Clostridium,False,False,False,Oxobacteraceae,Clostridiaceae,False,False,True,Clostridiales,Eubacteriales,False,False,True,Clostridia,Clostridia,True,True,True,Firmicutes,Bacillota,True,True,True
085c382879bb22ae25c77dca748d1387,370,1.0,0.0,nan,Anaeropeptidivorans,False,False,False,Lachnospiraceae,Lachnospiraceae,True,True,True,Lachnospirales,Lachnospirales,True,True,True,Clostridia,Clostridia,True,True,True,Firmicutes,Bacillota,True,True,True
b24d3443426aac9dca3451d65ba14d55,374,0.9956,0.0,nan,,False,False,False,nan,,False,False,False,nan,,False,False,False,nan,Clostridia,False,False,False,Firmicutes,Bacillota,True,True,True
477487d12077a9fbaf195faaf466d827,374,0.9961,0.0,nan,,False,False,False,nan,,False,False,False,nan,,False,False,False,Clostridia,Dehalococcoidia,False,True,True,Firmicutes,Chloroflexota,False,True,True
a0ccae889b93969deefa92b4da7cb2f7,374,0.9995,0.0,Caproiciproducens,Caproiciproducens,True,True,True,Ruminococcaceae,Acutalibacteraceae,False,False,True,Oscillospirales,Eubacteriales,False,False,True,Clostridia,Clostridia,True,True,True,Firmicutes,Bacillota,True,True,True
6148c6e49d72c0f24a187a979ba7a5aa,374,1.0,0.0,Propionicicella,,False,False,True,Propionibacteriaceae,Propionibacteriaceae,True,True,True,Propionibacteriales,Propionibacteriales,True,True,True,Actinobacteria,Actinomycetes,False,False,True,Actinobacteriota,Actinomycetota,False,False,True
9f86297104372f6378c6bf3dc1a8e8ec,374,0.9985,0.0,midas_g_4042,,False,False,False,JG30-KF-CM45,,False,False,True,Thermomicrobiales,,False,True,True,Chloroflexia,,False,True,True,Chloroflexi,Chloroflexota,True,True,True
7a7c96429cd038c333985399c9eb963c,374,1.0,0.0,midas_g_36376,,False,False,False,Pirellulaceae,Planctomycetaceae,False,False,True,Pirellulales,Planctomycetales,False,True,True,Planctomycetes,Planctomycetia,False,False,True,Planctomycetota,Planctomycetota,True,True,True
7e2246947e40512267840e3645e8c570,369,0.9976,0.0,Sedimentibacter,Leclercia,False,True,True,Sedimentibacteraceae,Enterobacteriaceae,False,False,True,Peptostreptococcales-Tissierellales,Enterobacterales,False,False,True,Clostridia,Gammaproteobacteria,False,True,True,Firmicutes,Pseudomonadota,False,True,True
7f0b196864a7620b20920d9883da587e,374,1.0,0.0,Caproiciproducens,,False,True,True,Ruminococcaceae,,False,False,True,Oscillospirales,Eubacteriales,False,False,True,Clostridia,Clostridia,True,True,True,Firmicutes,Bacillota,True,True,True
c9a5de56046a818a6f69569090af6d1c,371,0.9976,0.0,Fonticella,,False,False,True,Caloramatoraceae,,False,False,True,Clostridiales,,False,False,True,Clostridia,,False,True,True,Firmicutes,Bacillota,True,True,True
919c50490dbc9552a946f26b32c4ae12,369,1.0,0.0,nan,Falsiroseomonas,False,False,False,nan,Roseomonadaceae,False,False,False,Peptostreptococcales-Tissierellales,Acetobacterales,False,False,True,Clostridia,Alphaproteobacteria,False,True,True,Firmicutes,Pseudomonadota,False,True,True
308aa3982d3c398eaae8efce7b0803f2,374,0.9995,0.0,midas_g_669,,False,False,False,Gracilibacter,,False,False,True,Gracilibacteraceae,Bacteroidales,False,False,True,Clostridia,Bacteroidia,False,True,True,Firmicutes,Bacteroidota,False,True,True
2c1453fb27de0eb5e19ae61028df3294,400,0.9834,0.0,Methanobacterium,,False,True,True,Methanobacteriaceae,,False,True,True,Methanobacteriales,,False,True,True,Methanobacteria,Candidatus Methanofastidiosia,False,True,True,Euryarchaeota,Methanobacteriota,True,True,True
702860fda44c0d44ddacb5bd79fd5d24,378,1.0,0.036312903,Methanothrix,Methanothrix,True,True,True,Methanosaetaceae,Methanotrichaceae,False,False,True,Methanosarciniales,Methanotrichales,False,False,True,Methanosarcinia,Methanomicrobia,False,False,True,Halobacterota,Methanobacteriota,False,False,True
7bc28b86485f80b7996a6a115aa31176,370,1.0,0.0,Fermentimonas,Fermentimonas,True,True,True,Dysgonomonadaceae,Dysgonomonadaceae,True,True,True,Bacteroidales,Bacteroidales,True,True,True,Bacteroidia,Bacteroidia,True,True,True,Bacteroidota,Bacteroidota,True,True,True
c668608bc7be0382064b57d5505c7e23,374,1.0,0.0,midas_g_156,,False,False,False,Anaerolineaceae,Anaerolineaceae,True,True,True,Anaerolineales,Anaerolineales,True,True,True,Anaerolineae,Anaerolineae,True,True,True,Chloroflexi,Chloroflexota,True,True,True
18ec5da6c765ede0c426af393f8ce656,374,1.0,0.0,midas_g_531,,False,False,False,midas_f_269,,False,False,False,Gaiellales,,False,False,True,Thermoleophilia,Thermoleophilia,True,True,True,Actinobacteriota,Actinomycetota,False,False,True
8f5c4dec742c9287a0f71ebe671bdc16,373,0.9995,0.0,nan,Pseudoflavonifractor,False,False,False,Oscillospiraceae,Oscillospiraceae,True,True,True,Oscillospirales,Eubacteriales,False,False,True,Clostridia,Clostridia,True,True,True,Firmicutes,Bacillota,True,True,True
06246fa4c1b00ea76b5539442f32c012,375,1.0,0.0,midas_g_5574,,False,False,False,midas_f_3016,,False,False,False,OPB41,,False,False,True,Coriobacteriia,Coriobacteriia,True,True,True,Actinobacteriota,Actinomycetota,False,False,True
26ef86afa44dbbdebbae8f35e590f52e,372,0.9985,0.0,Amaricoccus,,False,True,True,Rhodobacteraceae,Chitinophagaceae,False,False,True,Rhodobacterales,Chitinophagales,False,True,True,Alphaproteobacteria,Chitinophagia,False,True,True,Proteobacteria,Bacteroidota,False,True,True
87ec65202e592d81d47b66d1484732df,374,1.0,0.0,Rhodococcus,Rhodococcus,True,True,True,Nocardiaceae,Nocardiaceae,True,True,True,Corynebacteriales,Mycobacteriales,False,False,True,Actinobacteria,Actinomycetes,False,False,True,Actinobacteriota,Actinomycetota,False,False,True
56eed20694eeebce9a5a6bc4626aca89,373,0.9961,0.0,Colidextribacter,,False,False,True,Oscillospiraceae,Oscillospiraceae,True,True,True,Oscillospirales,Eubacteriales,False,False,True,Clostridia,Clostridia,True,True,True,Firmicutes,Bacillota,True,True,True
f8ec439cb9f26e97be2793df3c52b03d,375,1.0,0.0,Gordonia,Gordonia,True,True,True,Nocardiaceae,Gordoniaceae,False,False,True,Corynebacteriales,Mycobacteriales,False,False,True,Actinobacteria,Actinomycetes,False,False,True,Actinobacteriota,Actinomycetota,False,False,True
a67c7071b283c3513d9aa4cf63879d6e,372,0.9966,0.0,nan,,False,False,False,Caulobacteraceae,,False,True,True,Caulobacterales,,False,True,True,Alphaproteobacteria,,False,True,True,Proteobacteria,Pseudomonadota,True,True,True
999031908a04b1e2fca9b265ee4e0aba,373,0.9971,0.0,midas_g_97727,,False,False,False,Eubacterium_coprostanoligenes_group,Acutalibacteraceae,False,False,True,Oscillospirales,Eubacteriales,False,False,True,Clostridia,Clostridia,True,True,True,Firmicutes,Bacillota,True,True,True
4bcf2ed3c27ef7222d2bf177640edef4,371,0.9946,0.0,nan,Acetivibrio,False,False,False,nan,Acetivibrionaceae,False,False,False,nan,Acetivibrionales,False,False,False,nan,Clostridia,False,False,False,Firmicutes,Bacillota,True,True,True
e2c63d5718cf9ea95828084c3b843443,372,0.998,0.0,nan,,False,False,False,Christensenellaceae,,False,True,True,Christensenellales,Christensenellales,True,True,True,Clostridia,Clostridia,True,True,True,Firmicutes,Bacillota,True,True,True
49c907377454c6980ff0a520fe40abe2,374,0.9946,0.0,nan,Halothermothrix,False,False,False,midas_f_112,Halothermotrichaceae,False,False,False,MBA03,Halanaerobiales,False,False,True,Limnochordia,Clostridia,False,False,True,Firmicutes,Bacillota,True,True,True
213ec0ef843de45b3db9302876229bed,372,1.0,0.0,Hydrogenophaga,Microcoleus,False,True,True,Comamonadaceae,Microcoleaceae,False,True,True,Burkholderiales,Oscillatoriales,False,True,True,Gammaproteobacteria,Cyanophyceae,False,False,True,Proteobacteria,Cyanobacteriota,False,True,True
40870adeb00d39b72fbca1d2be29ab07,374,0.9966,0.0,midas_g_115459,,False,False,False,Dethiobacteraceae,,False,False,True,Dethiobacterales,,False,False,True,Dethiobacteria,,False,False,True,Firmicutes,Bacillota,True,True,True
19cfc988be2bc698e4e8e24f3c017dad,374,1.0,0.0,midas_g_4306,,False,False,False,midas_f_4306,,False,False,False,DTU014,,False,False,True,midas_c_4,,False,False,False,Firmicutes,Bacillota,True,True,True
65c689dc4b8772012494d43535fd1102,374,0.998,0.0,midas_g_21833,,False,False,False,Solirubrobacteraceae,,False,True,True,Solirubrobacterales,Sphingobacteriales,False,True,True,Thermoleophilia,Sphingobacteriia,False,True,True,Actinobacteriota,Bacteroidota,False,False,True
5346417a16a786a9003aaee8d9cf6253,369,0.999,0.0,Sedimentibacter,,False,True,True,Sedimentibacteraceae,,False,False,True,Peptostreptococcales-Tissierellales,,False,False,True,Clostridia,,False,True,True,Firmicutes,Bacteroidota,False,True,True
2da3ff46bfa58a914368731cfd699785,375,1.0,0.0,Brooklawnia,,False,True,True,Propionibacteriaceae,,False,True,True,Propionibacteriales,,False,True,True,Actinobacteria,,False,False,True,Actinobacteriota,Actinomycetota,False,False,True
d23e07dc0f848e8921532df36254ce29,372,1.0,0.0,Allorhizobium-Neorhizobium-Pararhizobium-Rhizobium,Arenimonas,False,False,True,Rhizobiaceae,Lysobacteraceae,False,True,True,Rhizobiales,Lysobacterales,False,False,True,Alphaproteobacteria,Gammaproteobacteria,False,True,True,Proteobacteria,Pseudomonadota,True,True,True
ecff8099a19480a2264b0e2dfbd1f968,369,0.999,0.0,midas_g_1981,Gudongella,False,False,False,Family_XI,Tissierellaceae,False,False,True,Peptostreptococcales-Tissierellales,Tissierellales,False,False,True,Clostridia,Tissierellia,False,True,True,Firmicutes,Bacillota,True,True,True
b61513eef1a69690c5d43ca0cb8f5c1b,374,0.999,0.0,Rhodanobacter,Methylobacillus,False,True,True,Rhodanobacteraceae,Methylophilaceae,False,True,True,Xanthomonadales,Nitrosomonadales,False,False,True,Gammaproteobacteria,Betaproteobacteria,False,True,True,Proteobacteria,Pseudomonadota,True,True,True
522fc29c9966a380a17ce86687cc600b,371,0.999,0.0,nan,Aminivibrio,False,False,False,Synergistaceae,Aminobacteriaceae,False,True,True,Synergistales,Synergistales,True,True,True,Synergistia,Synergistia,True,True,True,Synergistota,Synergistota,True,True,True
f2cd13764c9588bd921f3a53138830da,373,1.0,0.0,Clostridium_sensu_stricto_1,Candidatus Ventricola,False,False,True,Clostridiaceae,,False,True,True,Clostridiales,Eubacteriales,False,False,True,Clostridia,Clostridia,True,True,True,Firmicutes,Bacillota,True,True,True
29d5a1f45c97760080e874715394bcfe,373,0.9888,0.0,midas_g_109927,,False,False,False,Halobacteroidaceae,,False,False,True,Halanaerobiales,,False,False,True,Halanaerobiia,Alphaproteobacteria,False,False,True,Halanaerobiaeota,Pseudomonadota,False,False,True
9418ffbc4dee96cca486adf8b5f5493d,374,0.9976,0.0,nan,Lutispora,False,False,False,Lutispora,Lutisporaceae,False,False,True,Gracilibacteraceae,Lutisporales,False,False,True,Clostridia,Clostridia,True,True,True,Firmicutes,Bacillota,True,True,True
01b5383db868117f04bfd197603f736b,374,0.9966,0.0,Desulfitibacter,Gracilibacter,False,False,True,Desulfitibacteraceae,Gracilibacteraceae,False,True,True,Desulfitibacterales,Eubacteriales,False,False,True,Moorellia,Clostridia,False,False,True,Firmicutes,Bacillota,True,True,True
534d7b1bce2cf035866320576094f81e,378,0.9995,0.0,Methanobacterium,Methanobacterium,True,True,True,Methanobacteriaceae,Methanobacteriaceae,True,True,True,Methanobacteriales,Methanobacteriales,True,True,True,Methanobacteria,Methanobacteria,True,True,True,Euryarchaeota,Methanobacteriota,True,True,True
7560406411c714b613d36584ec43158e,372,0.9946,0.0,nan,,False,False,False,nan,Oscillospiraceae,False,False,False,Oscillospirales,Eubacteriales,False,False,True,Clostridia,Clostridia,True,True,True,Firmicutes,Bacillota,True,True,True
a85ae3de6b2dd626049270444199438e,373,1.0,0.0,midas_g_103381,Anaeromusa,False,False,False,UCG-010,Sporomusaceae,False,False,True,Oscillospirales,Selenomonadales,False,False,True,Clostridia,Negativicutes,False,True,True,Firmicutes,Bacillota,True,True,True
f1ebac6585a1d66aeb6238227f0db6be,374,0.9966,0.0,Christensenellaceae_R-7_group,,False,False,True,Christensenellaceae,,False,False,True,Christensenellales,Christensenellales,True,True,True,Clostridia,Clostridia,True,True,True,Firmicutes,Bacillota,True,True,True
e8c1e783e60161fe039cc419a3717b1f,373,1.0,0.0,Rheinheimera,Alishewanella,False,True,True,Alteromonadaceae,Alteromonadaceae,True,True,True,Enterobacterales,Alteromonadales,False,False,True,Gammaproteobacteria,Gammaproteobacteria,True,True,True,Proteobacteria,Pseudomonadota,True,True,True
ef48b24d461ead26b22d8e442656ccc0,374,1.0,0.0,midas_g_110683,,False,False,False,midas_f_222,,False,False,False,midas_o_4,Thermotogales,False,False,False,midas_c_4,Thermotogae,False,False,False,Firmicutes,Thermotogota,False,True,True
0c9da253a23c96e308df82e07408f9f0,374,1.0,0.0,midas_g_2455,Lutispora,False,False,False,Lutispora,Lutisporaceae,False,False,True,Gracilibacteraceae,Lutisporales,False,False,True,Clostridia,Clostridia,True,True,True,Firmicutes,Bacillota,True,True,True
051d14c7d7e9a5358e8da8a52b48bca3,370,0.9976,0.0,nan,,False,False,False,Marinilabiliaceae,Marinilabiliaceae,True,True,True,Bacteroidales,Marinilabiliales,False,True,True,Bacteroidia,Bacteroidia,True,True,True,Bacteroidota,Bacteroidota,True,True,True
00fb4699f8a2077aa4225851ec609f82,370,0.999,0.0,Lentimicrobium,Lentimicrobium,True,True,True,Lentimicrobiaceae,Lentimicrobiaceae,True,True,True,Sphingobacteriales,Bacteroidales,False,False,True,Bacteroidia,Bacteroidia,True,True,True,Bacteroidota,Bacteroidota,True,True,True
0a25bdc3567a1af9c215a6efaf816439,374,0.9976,0.0,Syntrophomonas,,False,True,True,Syntrophomonadaceae,,False,True,True,Syntrophomonadales,Eubacteriales,False,False,True,Syntrophomonadia,Clostridia,False,False,True,Firmicutes,Bacillota,True,True,True
d6fd8cc30f52c997d8a550fdb5b27dfd,369,0.9976,0.0,Acetoanaerobium,Tindallia,False,False,True,Peptostreptococcaceae,Tindalliaceae,False,True,True,Peptostreptococcales-Tissierellales,Peptostreptococcales,False,False,True,Clostridia,Clostridia,True,True,True,Firmicutes,Bacillota,True,True,True
efc6541354a63e71f60f085f48f73909,374,0.9995,0.0,Desulfosporosinus,Desulfitobacterium,False,True,True,Desulfitobacteriaceae,Desulfitobacteriaceae,True,True,True,Desulfitobacteriales,Eubacteriales,False,False,True,Desulfitobacteriia,Clostridia,False,False,True,Firmicutes,Bacillota,True,True,True
ae2245c2d637b8badfb1037f95ffd4f7,374,0.9946,0.0,Christensenellaceae_R-7_group,,False,False,True,Christensenellaceae,,False,False,True,Christensenellales,Christensenellales,True,True,True,Clostridia,Clostridia,True,True,True,Firmicutes,Bacillota,True,True,True
b0c74390aa5ac540757eb2256575019e,374,0.9976,0.0,Syntrophomonas,Proteiniphilum,False,True,True,Syntrophomonadaceae,Dysgonomonadaceae,False,True,True,Syntrophomonadales,Bacteroidales,False,False,True,Syntrophomonadia,Bacteroidia,False,False,True,Firmicutes,Bacteroidota,False,True,True
664e1ee046659d47ded4a40ad1133a33,371,0.9961,0.0,RBG-16-49-21,,False,False,True,Leptospiraceae,,False,True,True,Leptospirales,Leptospirales,True,True,True,Leptospirae,Leptospiria,False,False,True,Spirochaetota,Spirochaetota,True,True,True
aca43babf06d3410ce71cad5778ff102,374,0.9985,0.0,midas_g_669,Gracilibacter,False,False,False,Gracilibacter,Gracilibacteraceae,False,False,True,Gracilibacteraceae,Eubacteriales,False,False,True,Clostridia,Clostridia,True,True,True,Firmicutes,Bacillota,True,True,True
75dd0ee2682cb0bf3146f334b0c41c93,374,0.9995,0.0,nan,Clostridium,False,False,False,Clostridiaceae,Clostridiaceae,True,True,True,Clostridiales,Eubacteriales,False,False,True,Clostridia,Clostridia,True,True,True,Firmicutes,Bacillota,True,True,True
48d3df1c8c87428a5ef19a3ea0a4c6d1,370,1.0,0.0,Turicibacter,Turicibacter,True,True,True,Erysipelotrichaceae,Turicibacteraceae,False,False,True,Erysipelotrichales,Erysipelotrichales,True,True,True,Bacilli,Erysipelotrichia,False,True,True,Firmicutes,Bacillota,True,True,True
c412c4daad0adeb07fedba1aed394245,372,0.9976,0.0,nan,,False,False,False,Christensenellaceae,,False,True,True,Christensenellales,Christensenellales,True,True,True,Clostridia,Clostridia,True,True,True,Firmicutes,Bacillota,True,True,True
e4197eeb4aaad91a8a4a38678c3b073e,369,0.9951,0.0,Sedimentibacter,,False,True,True,Sedimentibacteraceae,,False,False,True,Peptostreptococcales-Tissierellales,,False,False,True,Clostridia,,False,True,True,Firmicutes,Bacteroidota,False,True,True
cb6e61a6c468d63ca89dc4f8c67e8554,370,1.0,0.0,midas_g_19,,False,False,False,Bacteroidetes_vadinHA17,,False,False,True,Bacteroidales,Bacteroidales,True,True,True,Bacteroidia,Bacteroidia,True,True,True,Bacteroidota,Bacteroidota,True,True,True
cf9d6956cc5e9b057171f8ba480e6fbf,374,0.998,0.0,Christensenellaceae_R-7_group,,False,False,True,Christensenellaceae,,False,True,True,Christensenellales,,False,True,True,Clostridia,,False,True,True,Firmicutes,,False,True,True
6eeec78da7ff573c0bb7f7ddc3eefa8a,371,0.999,0.0,Anaerovorax,,False,True,True,Anaerovoracaceae,Anaerovoracaceae,True,True,True,Peptostreptococcales-Tissierellales,Peptostreptococcales,False,False,True,Clostridia,Clostridia,True,True,True,Firmicutes,Bacillota,True,True,True
344b8fcfc08a17bb7443c1ad11ea3151,372,0.9995,0.0,Devosia,Devosia,True,True,True,Devosiaceae,Devosiaceae,True,True,True,Rhizobiales,Hyphomicrobiales,False,False,True,Alphaproteobacteria,Alphaproteobacteria,True,True,True,Proteobacteria,Pseudomonadota,True,True,True
021d1583edfe105a9c99264ea9f3d2d6,370,0.9976,0.0,Proteiniphilum,,False,True,True,Dysgonomonadaceae,Dysgonomonadaceae,True,True,True,Bacteroidales,Bacteroidales,True,True,True,Bacteroidia,Bacteroidia,True,True,True,Bacteroidota,Bacteroidota,True,True,True
0b291123c105140e6524bb2a3cf8e278,374,1.0,0.0,Smithella,,False,False,True,Smithellaceae,Syntrophaceae,False,True,True,Syntrophales,Syntrophales,True,True,True,Syntrophia,Syntrophia,True,True,True,Desulfobacterota,Thermodesulfobacteriota,False,False,True
2096bed8d8d3c009cd128c5f66954ed4,370,1.0,0.0,midas_g_12,,False,False,False,Prolixibacteraceae,,False,True,True,Bacteroidales,,False,True,True,Bacteroidia,,False,True,True,Bacteroidota,Bacteroidota,True,True,True
eca00dcc9a01255b6cb66fbd5b3bd285,361,0.9888,0.0,nan,,False,False,False,nan,,False,False,False,nan,,False,False,False,nan,,False,False,False,nan,Pseudomonadota,False,False,False
70775be7835f6d6a6ecb0d7039b355e3,374,0.999,0.0,midas_g_55650,,False,False,False,Hungateiclostridiaceae,,False,False,True,Oscillospirales,,False,False,True,Clostridia,Clostridia,True,True,True,Firmicutes,Bacillota,True,True,True
c99dd2353697161faecee673e0eda7b2,374,1.0,0.0,Syntrophobacter,,False,True,True,Syntrophobacteraceae,Syntrophobacteraceae,True,True,True,Syntrophobacterales,Syntrophobacterales,True,True,True,Syntrophobacteria,Syntrophobacteria,True,True,True,Desulfobacterota,Thermodesulfobacteriota,False,False,True
24b5476371dc34ef4f12b359d6ea6fe4,373,0.9941,0.0,midas_g_76594,,False,False,False,Hungateiclostridiaceae,Oscillospiraceae,False,False,True,Oscillospirales,Eubacteriales,False,False,True,Clostridia,Clostridia,True,True,True,Firmicutes,Bacillota,True,True,True
482bb3761a6b11b4cfb4e1b618231157,372,1.0,0.0,Comamonas,Comamonas,True,True,True,Comamonadaceae,Comamonadaceae,True,True,True,Burkholderiales,Burkholderiales,True,True,True,Gammaproteobacteria,Betaproteobacteria,False,True,True,Proteobacteria,Pseudomonadota,True,True,True
5db694edf839eff28cb6a47bb5b50693,374,1.0,0.0,Pir4_lineage,Lacipirellula,False,False,True,Pirellulaceae,Lacipirellulaceae,False,False,True,Pirellulales,Pirellulales,True,True,True,Planctomycetes,Planctomycetia,False,False,True,Planctomycetota,Planctomycetota,True,True,True
9335b7a207b486ae9975e735cd30a814,372,0.999,0.0,Amaricoccus,,False,True,True,Rhodobacteraceae,,False,False,True,Rhodobacterales,,False,True,True,Alphaproteobacteria,Alphaproteobacteria,True,True,True,Proteobacteria,Pseudomonadota,True,True,True
380c64674875dbcea485ba8f1ce26a6c,374,0.9985,0.011467232,midas_g_98124,Clostridium,False,False,False,Hungateiclostridiaceae,Clostridiaceae,False,False,True,Oscillospirales,Eubacteriales,False,False,True,Clostridia,Clostridia,True,True,True,Firmicutes,Bacillota,True,True,True
ea5eeef4adcd29b79e56e455f9025517,374,1.0,0.0,Micropruina,Micropruina,True,True,True,Propionibacteriaceae,Nocardioidaceae,False,True,True,Propionibacteriales,Propionibacteriales,True,True,True,Actinobacteria,Actinomycetes,False,False,True,Actinobacteriota,Actinomycetota,False,False,True
de794e5f913a822d437c41f82c49a80e,375,1.0,0.0,Microbacterium,Microbacterium,True,True,True,Microbacteriaceae,Microbacteriaceae,True,True,True,Micrococcales,Micrococcales,True,True,True,Actinobacteria,Actinomycetes,False,False,True,Actinobacteriota,Actinomycetota,False,False,True
687530ef97a8574b08b65e6100ed1f16,374,0.9985,0.0,nan,,False,False,False,Hungateiclostridiaceae,,False,False,True,Oscillospirales,,False,False,True,Clostridia,Clostridia,True,True,True,Firmicutes,Bacillota,True,True,True
eaa1d57a577a4aa93aceab1782827ea8,374,0.998,0.0,Ercella,,False,False,True,Hungateiclostridiaceae,,False,False,True,Oscillospirales,,False,False,True,Clostridia,Clostridia,True,True,True,Firmicutes,Bacillota,True,True,True
95d0db82a69ee10f3b5ed0f06ba96949,372,0.9961,0.0,midas_g_109803,Candidatus Darwinibacter,False,False,False,midas_f_112,Candidatus Darwinibacteriaceae,False,False,False,MBA03,Candidatus Darwinibacteriales,False,False,True,Limnochordia,Clostridia,False,False,True,Firmicutes,Bacillota,True,True,True
07bb3ab197992af0b741d1b71fc16c74,374,0.9995,0.0,Fastidiosipila,,False,True,True,Hungateiclostridiaceae,,False,False,True,Oscillospirales,,False,False,True,Clostridia,,False,True,True,Firmicutes,Bacillota,True,True,True
1cbf580d763d0eb5497ff2d6468e7668,373,0.9932,0.021023259,Monoglobus,,False,False,True,Monoglobaceae,,False,False,True,Monoglobales,,False,False,True,Clostridia,,False,True,True,Firmicutes,Bacillota,True,True,True
36e38981bc99d5d7fdd5959ca41f6313,372,1.0,0.0,Devosia,Devosia,True,True,True,Devosiaceae,Devosiaceae,True,True,True,Rhizobiales,Hyphomicrobiales,False,False,True,Alphaproteobacteria,Alphaproteobacteria,True,True,True,Proteobacteria,Pseudomonadota,True,True,True
43c8008fb032a5ed2cb06dafa83e23ec,373,0.9927,0.0,NK4A214_group,Ruminococcus,False,False,True,Oscillospiraceae,Oscillospiraceae,True,True,True,Oscillospirales,Eubacteriales,False,False,True,Clostridia,Clostridia,True,True,True,Firmicutes,Bacillota,True,True,True
cd991e2f230049eb76c8e3b3fcece79f,372,1.0,0.0,Limnobacter,Chiayiivirga,False,False,True,Burkholderiaceae,Lysobacteraceae,False,True,True,Burkholderiales,Lysobacterales,False,True,True,Gammaproteobacteria,Gammaproteobacteria,True,True,True,Proteobacteria,Pseudomonadota,True,True,True
caafd6d1ef718ac1a2b7473f47d9340b,372,0.9995,0.0,Afipia,Bradyrhizobium,False,True,True,Xanthobacteraceae,Nitrobacteraceae,False,False,True,Rhizobiales,Hyphomicrobiales,False,False,True,Alphaproteobacteria,Alphaproteobacteria,True,True,True,Proteobacteria,Pseudomonadota,True,True,True
b62a0f483de49257919f98dd32320443,371,1.0,0.0,Sphaerochaeta,Sphaerochaeta,True,True,True,Spirochaetaceae,Sphaerochaetaceae,False,False,True,Spirochaetales,Spirochaetales,True,True,True,Spirochaetia,Spirochaetia,True,True,True,Spirochaetota,Spirochaetota,True,True,True
85b80813a3be5e162f462e085b709b85,374,0.9976,0.026756876,Christensenellaceae_R-7_group,,False,False,True,Christensenellaceae,,False,True,True,Christensenellales,Eubacteriales,False,True,True,Clostridia,Clostridia,True,True,True,Firmicutes,Bacillota,True,True,True
bffbf44642d65b943681a01244ca6c0b,374,0.9985,0.0,Desulfosporosinus,Mycobacterium,False,True,True,Desulfitobacteriaceae,Mycobacteriaceae,False,True,True,Desulfitobacteriales,Mycobacteriales,False,False,True,Desulfitobacteriia,Actinomycetes,False,False,True,Firmicutes,Actinomycetota,False,True,True
41f01f3e3cbf6beb908ae1ebb553208e,374,1.0,0.0,Stenotrophomonas,Stenotrophomonas,True,True,True,Xanthomonadaceae,Lysobacteraceae,False,False,True,Xanthomonadales,Lysobacterales,False,False,True,Gammaproteobacteria,Gammaproteobacteria,True,True,True,Proteobacteria,Pseudomonadota,True,True,True
dd07e924156039f8e953d5ea58ab5023,374,1.0,0.003822411,Ca_Phosphitivorax,,False,False,True,Ca_Phosphitivoracaceae,,False,False,True,midas_o_928,,False,False,False,midas_c_814,Myxococcia,False,False,False,SAR324_cladeMarine_group_B,Myxococcota,False,False,True
62925abc081ef537aea1336e58a4548a,370,1.0,0.0,midas_g_410,,False,False,False,Bacteroidetes_vadinHA17,,False,False,True,Bacteroidales,Bacteroidales,True,True,True,Bacteroidia,Bacteroidia,True,True,True,Bacteroidota,Bacteroidota,True,True,True
a7d0101041a4ff2c176cc0616423387a,372,1.0,0.0,nan,Alicycliphilus,False,False,False,Comamonadaceae,Comamonadaceae,True,True,True,Burkholderiales,Burkholderiales,True,True,True,Gammaproteobacteria,Betaproteobacteria,False,False,True,Proteobacteria,Pseudomonadota,True,True,True
af62b8aa99dba188ac2f26d05dff89d1,374,0.9995,0.0,midas_g_1220,Proteiniclasticum,False,False,False,Clostridiaceae,Clostridiaceae,True,True,True,Clostridiales,Eubacteriales,False,False,True,Clostridia,Clostridia,True,True,True,Firmicutes,Bacillota,True,True,True
708def8fa07ef5fd728004ace6c578d0,373,1.0,0.0,nan,Pseudoflavonifractor,False,False,False,Oscillospiraceae,Oscillospiraceae,True,True,True,Oscillospirales,Eubacteriales,False,False,True,Clostridia,Clostridia,True,True,True,Firmicutes,Bacillota,True,True,True
758b8307071957eb86c89a180b187482,374,1.0,0.0,midas_g_156,,False,False,False,Anaerolineaceae,,False,True,True,Anaerolineales,,False,True,True,Anaerolineae,,False,True,True,Chloroflexi,Candidatus Cloacimonadota,False,True,True
96968f641dd4ea2ff01bfbd9ff3a838a,371,1.0,,,,False,False,False,,,False,False,False,,,False,False,False,,,False,False,False,,,False,False,False
6dbf54dfd0a3207126af074af10be296,371,1.0,0.0,Terrisporobacter,,False,True,True,Peptostreptococcaceae,Peptostreptococcaceae,True,True,True,Peptostreptococcales-Tissierellales,Peptostreptococcales,False,False,True,Clostridia,Clostridia,True,True,True,Firmicutes,Bacillota,True,True,True
ff2a3877c5cf4808816900f51bc130ba,374,0.9961,0.0,nan,Halothermothrix,False,False,False,midas_f_112,Halothermotrichaceae,False,False,False,MBA03,Halanaerobiales,False,False,True,Limnochordia,Clostridia,False,False,True,Firmicutes,Bacillota,True,True,True
79ba36cfcb1bdd16bc3aad97c47a1e6b,374,0.998,0.0,midas_g_2604,Sphingobium,False,False,False,Hungateiclostridiaceae,Sphingobiaceae,False,False,True,Oscillospirales,Sphingomonadales,False,False,True,Clostridia,Alphaproteobacteria,False,True,True,Firmicutes,Pseudomonadota,False,True,True
923d1e7b6ceac97721615d80cf869780,372,0.9985,0.0,midas_g_2424,,False,False,False,Christensenellaceae,,False,True,True,Christensenellales,,False,True,True,Clostridia,,False,True,True,Firmicutes,Bacillota,True,True,True
5e833ded530b3d037092d0691ec3589f,374,0.998,0.0,midas_g_2455,Lutispora,False,False,False,Lutispora,Lutisporaceae,False,False,True,Gracilibacteraceae,Lutisporales,False,False,True,Clostridia,Clostridia,True,True,True,Firmicutes,Bacillota,True,True,True
16e7c551b44e75be84ce23f95da7cb8d,374,0.9951,0.0,nan,Intestinibacillus,False,False,False,UCG-010,Butyricicoccaceae,False,False,True,Oscillospirales,Eubacteriales,False,False,True,Clostridia,Clostridia,True,True,True,Firmicutes,Bacillota,True,True,True
49eb7db9bbd667a245fcb40e7be64a28,370,0.9922,0.0,Paludibacter,,False,False,True,Paludibacteraceae,Dysgonomonadaceae,False,True,True,Bacteroidales,Bacteroidales,True,True,True,Bacteroidia,Bacteroidia,True,True,True,Bacteroidota,Bacteroidota,True,True,True
55c520d7fe25c3a704fca36f36fde991,374,1.0,0.0,nan,Clostridium,False,False,False,Clostridiaceae,Clostridiaceae,True,True,True,Clostridiales,Eubacteriales,False,False,True,Clostridia,Clostridia,True,True,True,Firmicutes,Bacillota,True,True,True
7aaece58fc746f9480457f6056857dfe,374,0.9966,0.0,Monoglobus,,False,True,True,Monoglobaceae,,False,True,True,Monoglobales,Eubacteriales,False,True,True,Clostridia,Clostridia,True,True,True,Firmicutes,Bacillota,True,True,True
6de274487e1c875df3c574ec3fcd05d0,371,0.999,0.0,Anaerovorax,Clostridium,False,False,True,Anaerovoracaceae,Clostridiaceae,False,True,True,Peptostreptococcales-Tissierellales,Eubacteriales,False,False,True,Clostridia,Clostridia,True,True,True,Firmicutes,Bacillota,True,True,True
18b7af5d1e7696bb8cd541bdde042b51,372,0.9971,0.0,midas_g_51070,,False,False,False,Christensenellaceae,,False,True,True,Christensenellales,,False,True,True,Clostridia,,False,True,True,Firmicutes,Bacillota,True,True,True
b4ac0621ed68fda2b501520e951949e1,378,1.0,0.0,Methanobacterium,Methanobacterium,True,True,True,Methanobacteriaceae,Methanobacteriaceae,True,True,True,Methanobacteriales,Methanobacteriales,True,True,True,Methanobacteria,Methanobacteria,True,True,True,Euryarchaeota,Methanobacteriota,True,True,True
71c170ae2a1a4f99b40b9fb4850c55fb,372,1.0,0.0,nan,,False,False,False,Hydrogenoanaerobacterium,,False,False,True,Oscillospirales,Eubacteriales,False,False,True,Clostridia,Clostridia,True,True,True,Firmicutes,Bacillota,True,True,True
9026ee9ce58d36be3646689861848080,372,0.9985,0.0,Aquamicrobium,Nitratireductor,False,True,True,Rhizobiaceae,Phyllobacteriaceae,False,False,True,Rhizobiales,Hyphomicrobiales,False,False,True,Alphaproteobacteria,Alphaproteobacteria,True,True,True,Proteobacteria,Pseudomonadota,True,True,True
ef9fddde19882aba901f1b0419ec09d8,373,1.0,0.0,Ca_Cloacimonas,,False,False,True,Cloacimonadaceae,,False,False,True,Cloacimonadales,,False,False,True,Cloacimonadia,,False,False,True,Cloacimonadota,Candidatus Cloacimonadota,False,False,True
6f14a88c7074fb3b48a9f8be3f7852c8,374,0.9985,0.0,midas_g_70329,,False,False,False,midas_f_70329,,False,False,False,midas_o_2492,Calditrichales,False,False,False,Negativicutes,Calditrichia,False,True,True,Firmicutes,Calditrichota,False,True,True
65db89cb7753aa9ae2885315cf5ffe04,370,1.0,0.0,DMER64,,False,False,True,Rikenellaceae,,False,True,True,Bacteroidales,Burkholderiales,False,True,True,Bacteroidia,Betaproteobacteria,False,True,True,Bacteroidota,Pseudomonadota,False,True,True
9b38c83e9f4e2a1c9ccca312a8701603,373,1.0,0.0,W5,,False,False,True,Cloacimonadaceae,Candidatus Cloacimonadaceae,False,False,True,Cloacimonadales,Candidatus Cloacimonadales,False,False,True,Cloacimonadia,Candidatus Cloacimonadia,False,False,True,Cloacimonadota,Candidatus Cloacimonadota,False,False,True
8b35589e4e1ef82328d78d533f5fa1a1,372,0.9995,0.0,nan,,False,False,False,Alcaligenaceae,Alcaligenaceae,True,True,True,Burkholderiales,Burkholderiales,True,True,True,Gammaproteobacteria,Betaproteobacteria,False,False,True,Proteobacteria,Pseudomonadota,True,True,True
f028df8f84e6a5ff0a4512a509e23477,369,0.9985,0.0,Andreesenia_angusta,Andreesenia,False,False,True,Gottschalkia,Gottschalkiaceae,False,False,True,Peptostreptococcales-Tissierellales,Tissierellales,False,False,True,Clostridia,Tissierellia,False,True,True,Firmicutes,Bacillota,True,True,True
9bc997e8ebea77d717faea18a7bf4708,375,1.0,0.0,midas_g_100,,False,False,False,midas_f_5,,False,False,False,midas_o_5,Candidatus Nanopelagicales,False,False,False,Actinobacteria,Actinomycetes,False,False,True,Actinobacteriota,Actinomycetota,False,False,True
07c98191a29a6be9185f213be81a429f,370,0.9971,0.0,midas_g_36215,Parabacteroides,False,False,False,Rikenellaceae,Tannerellaceae,False,True,True,Bacteroidales,Bacteroidales,True,True,True,Bacteroidia,Bacteroidia,True,True,True,Bacteroidota,Bacteroidota,True,True,True
8855fec4062970bb235780d6469a1d6d,370,1.0,0.0,midas_g_1408,Rectinema,False,False,False,Spirochaetaceae,Rectinemataceae,False,False,True,Spirochaetales,Treponematales,False,True,True,Spirochaetia,Spirochaetia,True,True,True,Spirochaetota,Spirochaetota,True,True,True
07d5f956dc0652fbd2d22ea90b1bb136,374,0.9985,0.0,Syntrophomonas,Cronobacter,False,True,True,Syntrophomonadaceae,Enterobacteriaceae,False,True,True,Syntrophomonadales,Enterobacterales,False,False,True,Syntrophomonadia,Gammaproteobacteria,False,False,True,Firmicutes,Pseudomonadota,False,True,True
c4118088ab2644671a1d9d540c060b19,374,0.9932,0.011467232,midas_g_92370,,False,False,False,Limnochordaceae,,False,False,True,Limnochordales,,False,False,True,Limnochordia,Clostridia,False,False,True,Firmicutes,Bacillota,True,True,True
0dda2781d785ae2fff6a81eabdeb9143,369,0.999,0.0,nan,Falsiroseomonas,False,False,False,nan,Roseomonadaceae,False,False,False,Peptostreptococcales-Tissierellales,Acetobacterales,False,False,True,Clostridia,Alphaproteobacteria,False,True,True,Firmicutes,Pseudomonadota,False,True,True
25e038c681656412cc697571c2d30118,373,0.9985,0.0,Intestinimonas,,False,True,True,Oscillospiraceae,Oscillospiraceae,True,True,True,Oscillospirales,Eubacteriales,False,False,True,Clostridia,Clostridia,True,True,True,Firmicutes,Bacillota,True,True,True
e21f14506da976def600538a8f860f0b,374,0.9995,0.0,Dethiobacter,,False,True,True,Dethiobacteraceae,,False,True,True,Dethiobacterales,,False,True,True,Dethiobacteria,Dehalococcoidia,False,True,True,Firmicutes,Chloroflexota,False,True,True
66d9eb13f3c8549ed0ac95f646c23ead,369,0.9995,0.0,Alkaliphilus_oremlandii_OhILAs,,False,False,True,Alkaliphilus,,False,False,True,Peptostreptococcales-Tissierellales,,False,False,True,Clostridia,,False,True,True,Firmicutes,Pseudomonadota,False,True,True
f15d9912ad67ff3efb5f911bac709f3b,369,0.9971,0.0,Sedimentibacter,,False,True,True,Sedimentibacteraceae,,False,False,True,Peptostreptococcales-Tissierellales,,False,False,True,Clostridia,,False,True,True,Firmicutes,Bacteroidota,False,True,True
ce21e0d8c29a8e91b8f8ed03fb21d296,370,1.0,0.0,Fermentimonas,Fermentimonas,True,True,True,Dysgonomonadaceae,Dysgonomonadaceae,True,True,True,Bacteroidales,Bacteroidales,True,True,True,Bacteroidia,Bacteroidia,True,True,True,Bacteroidota,Bacteroidota,True,True,True
4a18801bf3179876e3e063abc1fa1b5c,370,0.9995,0.0,Proteiniphilum,,False,True,True,Dysgonomonadaceae,,False,True,True,Bacteroidales,,False,True,True,Bacteroidia,,False,True,True,Bacteroidota,Bacteroidota,True,True,True
7ba3402ab86ac791941e0dc862234ee8,371,0.9995,0.0,midas_g_5426,,False,False,False,Synergistaceae,,False,False,True,Synergistales,,False,True,True,Synergistia,,False,True,True,Synergistota,Synergistota,True,True,True
4bac007f22152b0afd81f2d32ec400c5,372,0.9951,0.0,midas_g_1799,,False,False,False,midas_f_1799,,False,False,False,Proteinivoracales,,False,False,True,Clostridia,,False,False,True,Firmicutes,Bacillota,True,True,True
af9554a6cc07a34c1cb6004e3dbb865a,370,0.999,0.030579286,Petrimonas,,False,True,True,Dysgonomonadaceae,Dysgonomonadaceae,True,True,True,Bacteroidales,Bacteroidales,True,True,True,Bacteroidia,Bacteroidia,True,True,True,Bacteroidota,Bacteroidota,True,True,True
e72dd431023ad44a88305647a224790d,373,0.9961,0.0,nan,Evtepia,False,False,False,Oscillospiraceae,,False,True,True,Oscillospirales,Eubacteriales,False,False,True,Clostridia,Clostridia,True,True,True,Firmicutes,Bacillota,True,True,True
42bdb37eaf4585993d2dadc410341bfc,374,0.999,0.0,Christensenellaceae_R-7_group,,False,False,True,Christensenellaceae,Christensenellaceae,True,True,True,Christensenellales,Christensenellales,True,True,True,Clostridia,Clostridia,True,True,True,Firmicutes,Bacillota,True,True,True
b5a22689fdda6393715cd10a326927d3,372,1.0,0.0,Hydrogenophaga,Hydrogenophaga,True,True,True,Comamonadaceae,Comamonadaceae,True,True,True,Burkholderiales,Burkholderiales,True,True,True,Gammaproteobacteria,Betaproteobacteria,False,True,True,Proteobacteria,Pseudomonadota,True,True,True
ae53fe95ad7f469e3187a126d6098100,374,1.0,0.0,midas_g_156,,False,False,False,Anaerolineaceae,Anaerolineaceae,True,True,True,Anaerolineales,Anaerolineales,True,True,True,Anaerolineae,Anaerolineae,True,True,True,Chloroflexi,Chloroflexota,True,True,True
23a68909643e167f508a7baac78d7026,373,0.998,0.0,nan,Clostridium,False,False,False,Clostridiaceae,Clostridiaceae,True,True,True,Clostridiales,Eubacteriales,False,False,True,Clostridia,Clostridia,True,True,True,Firmicutes,Bacillota,True,True,True
4ce8113a40dc776a5daa50784544c8b8,372,0.999,0.0,Clostridium_sensu_stricto_7,Clostridium,False,False,True,Clostridiaceae,Clostridiaceae,True,True,True,Clostridiales,Eubacteriales,False,False,True,Clostridia,Clostridia,True,True,True,Firmicutes,Bacillota,True,True,True
f397a6809dc09fd4f5cc5f425c5eb0ba,370,0.9976,0.0,Proteiniphilum,,False,True,True,Dysgonomonadaceae,Anaerolineaceae,False,True,True,Bacteroidales,Anaerolineales,False,True,True,Bacteroidia,Anaerolineae,False,True,True,Bacteroidota,Chloroflexota,False,True,True
0a052939cf0cfd20acc22c826676e32c,373,0.9976,0.0,nan,Dehalobacter,False,False,False,Syntrophobotulaceae,Desulfitobacteriaceae,False,False,True,Desulfitobacteriales,Eubacteriales,False,False,True,Desulfitobacteriia,Clostridia,False,False,True,Firmicutes,Bacillota,True,True,True
ac2b4531feeeea309e70b76c5033f7e4,371,0.9995,0.0,midas_g_5426,,False,False,False,Synergistaceae,,False,False,True,Synergistales,,False,True,True,Synergistia,,False,True,True,Synergistota,Synergistota,True,True,True
e438545696891f9da484c32c04332871,373,0.9971,0.0,midas_g_82137,,False,False,False,Oscillospiraceae,Oscillospiraceae,True,True,True,Oscillospirales,Eubacteriales,False,False,True,Clostridia,Clostridia,True,True,True,Firmicutes,Bacillota,True,True,True
8d422552eb2392c7c2d4743727d1ff33,373,0.998,0.0,Papillibacter,,False,False,True,Oscillospiraceae,,False,True,True,Oscillospirales,,False,False,True,Clostridia,,False,True,True,Firmicutes,,False,True,True
6533ef83a51929f69e6f95d7a59a421c,372,0.9956,0.0,Thermovirga,,False,False,True,Synergistaceae,Spirochaetaceae,False,True,True,Synergistales,Spirochaetales,False,True,True,Synergistia,Spirochaetia,False,True,True,Synergistota,Spirochaetota,False,True,True
e95282c3197d4315d84f31d177642c58,373,0.9995,0.0,nan,Alkalicella,False,False,False,nan,Proteinivoracaceae,False,False,False,nan,Eubacteriales,False,False,False,Clostridia,Clostridia,True,True,True,Firmicutes,Bacillota,True,True,True
eb8d145285d4d18dd0c43c75115adbf9,373,0.9966,0.0,nan,,False,False,False,Sporomusaceae,Sporomusaceae,True,True,True,Veillonellales-Selenomonadales,Selenomonadales,False,False,True,Negativicutes,Negativicutes,True,True,True,Firmicutes,Bacillota,True,True,True
b23666d941d0a07a15cb33ba4ffb1f5f,374,0.998,0.0,midas_g_1251,Lutispora,False,False,False,Lutispora,Lutisporaceae,False,False,True,Gracilibacteraceae,Lutisporales,False,False,True,Clostridia,Clostridia,True,True,True,Firmicutes,Bacillota,True,True,True
3bb8c91a23a86c8601f5dead53c7b241,374,0.9961,0.0,midas_g_93451,,False,False,False,midas_f_90201,Christensenellaceae,False,False,False,Clostridia_vadinBB60_group,Christensenellales,False,False,True,Clostridia,Clostridia,True,True,True,Firmicutes,Bacillota,True,True,True
ad922999ec6a8228be4358e848e86bc2,372,1.0,0.0,midas_g_57,,False,False,False,Rhodobacteraceae,,False,False,True,Rhodobacterales,,False,False,True,Alphaproteobacteria,,False,True,True,Proteobacteria,Pseudomonadota,True,True,True
535887d75db6f21831a65b42a9d5752f,374,0.9985,0.0,midas_g_70,,False,False,False,midas_f_27,,False,False,False,Run-SP154,,False,False,True,Gammaproteobacteria,Gammaproteobacteria,True,True,True,Proteobacteria,Pseudomonadota,True,True,True
3d34df899c737d07c37a5141fecdc373,374,0.9985,0.0,Ercella,,False,False,True,Hungateiclostridiaceae,,False,False,True,Oscillospirales,,False,False,True,Clostridia,Clostridia,True,True,True,Firmicutes,Bacillota,True,True,True
0944c80185fbba7f13e44329a3276e65,373,0.9956,0.0,midas_g_63491,,False,False,False,UCG-010,Oscillospiraceae,False,False,True,Oscillospirales,Eubacteriales,False,False,True,Clostridia,Clostridia,True,True,True,Firmicutes,Bacillota,True,True,True
b8be4a864e591a2801a0b9194efc1060,371,1.0,0.0,Intestinibacter,Intestinibacter,True,True,True,Peptostreptococcaceae,Peptostreptococcaceae,True,True,True,Peptostreptococcales-Tissierellales,Peptostreptococcales,False,False,True,Clostridia,Clostridia,True,True,True,Firmicutes,Bacillota,True,True,True
2df9e7b11fe11f679f52c25fe8d3c27f,374,1.0,0.0,midas_g_156,Aminobacterium,False,False,False,Anaerolineaceae,Aminobacteriaceae,False,True,True,Anaerolineales,Synergistales,False,True,True,Anaerolineae,Synergistia,False,True,True,Chloroflexi,Synergistota,False,True,True
53b91ed8941d63dc6bdcf622f25e3b10,374,1.0,0.0,Christensenellaceae_R-7_group,Candidatus Pullichristensenella,False,False,True,Christensenellaceae,,False,False,True,Christensenellales,,False,True,True,Clostridia,Clostridia,True,True,True,Firmicutes,Bacillota,True,True,True
61f3d4479c517d056179e27ae91cd284,374,0.9985,0.0,midas_g_110683,,False,False,False,midas_f_222,,False,False,False,midas_o_4,,False,False,False,midas_c_4,Clostridia,False,False,False,Firmicutes,Bacillota,True,True,True
b6e342d9f4e409f24eea3859aa76e82a,374,0.9976,0.011467232,midas_g_97311,Gracilibacter,False,False,False,midas_f_222,Gracilibacteraceae,False,False,False,midas_o_4,Eubacteriales,False,False,False,midas_c_4,Clostridia,False,False,False,Firmicutes,Bacillota,True,True,True
3038f96d4805d0546256c1e7766247e0,374,0.9956,0.0,UCG-009,,False,False,True,Butyricicoccaceae,,False,True,True,Oscillospirales,,False,False,True,Clostridia,Clostridia,True,True,True,Firmicutes,Bacillota,True,True,True
87e2bfb52174f1764d735f93e86017d3,372,1.0,0.0,Paracoccus,Paracoccus,True,True,True,Rhodobacteraceae,Paracoccaceae,False,False,True,Rhodobacterales,Rhodobacterales,True,True,True,Alphaproteobacteria,Alphaproteobacteria,True,True,True,Proteobacteria,Pseudomonadota,True,True,True
82864a780f7d57947ef3451dd7539740,369,1.0,0.007644822,Soehngenia,Vibrio,False,True,True,Family_XI,Vibrionaceae,False,False,True,Peptostreptococcales-Tissierellales,Vibrionales,False,False,True,Clostridia,Gammaproteobacteria,False,True,True,Firmicutes,Pseudomonadota,False,True,True
a489f58a63d2317f6ff094edb3fbd55d,374,0.998,0.0,Syntrophomonas,Syntrophomonas,True,True,True,Syntrophomonadaceae,Syntrophomonadaceae,True,True,True,Syntrophomonadales,Eubacteriales,False,False,True,Syntrophomonadia,Clostridia,False,False,True,Firmicutes,Bacillota,True,True,True
8aa84c2bb23089b38845d45b2f4742a7,374,0.9946,0.0,Dehalobacterium,Dehalobacterium,True,True,True,Peptococcaceae,Peptococcaceae,True,True,True,Peptococcales,Eubacteriales,False,False,True,Clostridia,Clostridia,True,True,True,Firmicutes,Bacillota,True,True,True
7767ca8c82d1d254c5d3228f43b2b213,369,0.998,0.0,midas_g_75908,Natronincola,False,False,False,Serpentinicella,Natronincolaceae,False,False,True,Peptostreptococcales-Tissierellales,Peptostreptococcales,False,False,True,Clostridia,Clostridia,True,True,True,Firmicutes,Bacillota,True,True,True
bd1731c0114c40d5784dd170ea5f3422,371,0.9956,0.0,nan,,False,False,False,midas_f_1799,,False,False,False,Proteinivoracales,,False,False,True,Clostridia,,False,True,True,Firmicutes,Bacillota,True,True,True
8aa21df13e2d324fd17fe7d44bc77099,374,0.999,0.0,Ercella,Saccharofermentans,False,False,True,Hungateiclostridiaceae,Oscillospiraceae,False,False,True,Oscillospirales,Eubacteriales,False,False,True,Clostridia,Clostridia,True,True,True,Firmicutes,Bacillota,True,True,True
40f33a63b1b706f8fee517f9f6f6d367,374,0.998,0.0,Dethiobacter,Dethiobacter,True,True,True,Dethiobacteraceae,Dethiobacteraceae,True,True,True,Dethiobacterales,Dethiobacterales,True,True,True,Dethiobacteria,Dethiobacteria,True,True,True,Firmicutes,Bacillota,True,True,True
da131e54714432d2efe40ba671d42f55,369,0.999,0.0,Acetoanaerobium,,False,False,True,Peptostreptococcaceae,,False,True,True,Peptostreptococcales-Tissierellales,,False,False,True,Clostridia,,False,True,True,Firmicutes,Candidatus Uhriibacteriota,False,True,True
4277458ff73b444855fb03eaf11e4ab5,371,0.998,0.0,Tepidimicrobium,,False,False,True,Family_XI,,False,False,True,Peptostreptococcales-Tissierellales,,False,False,True,Clostridia,,False,True,True,Firmicutes,Bacillota,True,True,True
520e1fc076185aa3704e9367026eabde,374,0.9956,0.0,nan,,False,False,False,midas_f_112,,False,False,False,MBA03,,False,False,True,Limnochordia,,False,False,True,Firmicutes,Bacillota,True,True,True
911ddc4e1da558630158fa05fba14992,368,0.9985,0.0,nan,,False,False,False,Haloplasmataceae,,False,True,True,Haloplasmatales,,False,True,True,Bacilli,,False,True,True,Firmicutes,Mycoplasmatota,False,True,True
3273539459d13e139159461e38ba3987,374,0.9976,0.0,Christensenellaceae_R-7_group,,False,False,True,Christensenellaceae,,False,False,True,Christensenellales,,False,True,True,Clostridia,Clostridia,True,True,True,Firmicutes,Bacillota,True,True,True
6d866900ddd4436c1634c5209005c604,374,0.9971,0.0,nan,,False,False,False,nan,,False,False,False,nan,,False,False,False,nan,Dehalococcoidia,False,False,False,Firmicutes,Chloroflexota,False,True,True
eea1a23b6354f47190568b72cf235aa2,374,0.9966,0.0,nan,Halothermothrix,False,False,False,nan,Halothermotrichaceae,False,False,False,nan,Halanaerobiales,False,False,False,Limnochordia,Clostridia,False,False,True,Firmicutes,Bacillota,True,True,True
c99bcc4ed3b2887c914e9faf48d63e3f,372,1.0,0.0,nan,Pseudorhodoplanes,False,False,False,Xanthobacteraceae,,False,True,True,Rhizobiales,Hyphomicrobiales,False,False,True,Alphaproteobacteria,Alphaproteobacteria,True,True,True,Proteobacteria,Pseudomonadota,True,True,True
7e614d8925e124b39916f22fdeb64c3f,373,1.0,0.0,Acinetobacter,Acinetobacter,True,True,True,Moraxellaceae,Moraxellaceae,True,True,True,Pseudomonadales,Moraxellales,False,False,True,Gammaproteobacteria,Gammaproteobacteria,True,True,True,Proteobacteria,Pseudomonadota,True,True,True
0ac09c35a4ef5356c779c2c282c506a1,374,1.0,0.0,Bacillus,Alkalihalobacterium,False,True,True,Bacillaceae,Bacillaceae,True,True,True,Bacillales,Caryophanales,False,False,True,Bacilli,Bacilli,True,True,True,Firmicutes,Bacillota,True,True,True
c3764288be8ac8815185c4ee6d913e81,370,1.0,0.0,DMER64,,False,False,True,Rikenellaceae,,False,True,True,Bacteroidales,,False,True,True,Bacteroidia,,False,True,True,Bacteroidota,Bacteroidota,True,True,True
99a197229849c15140fc329cff0ccb90,374,0.998,0.007644822,midas_g_2604,Sphingobium,False,False,False,Hungateiclostridiaceae,Sphingobiaceae,False,False,True,Oscillospirales,Sphingomonadales,False,False,True,Clostridia,Alphaproteobacteria,False,True,True,Firmicutes,Pseudomonadota,False,True,True
b73b1ef694c71eec29bf86c697f26b20,374,0.9985,0.0,nan,Saccharofermentans,False,False,False,Hungateiclostridiaceae,Oscillospiraceae,False,False,True,Oscillospirales,Eubacteriales,False,False,True,Clostridia,Clostridia,True,True,True,Firmicutes,Bacillota,True,True,True
c6d0e484e529a485ffc0b1f08f1fb158,378,0.999,0.0,Methanobacterium,Methanobacterium,True,True,True,Methanobacteriaceae,Methanobacteriaceae,True,True,True,Methanobacteriales,Methanobacteriales,True,True,True,Methanobacteria,Methanobacteria,True,True,True,Euryarchaeota,Methanobacteriota,True,True,True
af1a97638ae7817e6dc243cfe90ba23b,372,1.0,0.0,Paracoccus,Paracoccus,True,True,True,Rhodobacteraceae,Paracoccaceae,False,False,True,Rhodobacterales,Rhodobacterales,True,True,True,Alphaproteobacteria,Alphaproteobacteria,True,True,True,Proteobacteria,Pseudomonadota,True,True,True
58a5d06b791283b4270f688e0b7408c9,377,0.9941,0.0,nan,,False,False,False,Methanomethylophilaceae,Methanomassiliicoccaceae,False,True,True,Methanomassiliicoccales,Methanomassiliicoccales,True,True,True,Thermoplasmata,Thermoplasmata,True,True,True,Thermoplasmatota,Thermoplasmatota,True,True,True
f816f5de71e4c19785cd5dfa8ee073db,372,0.9966,0.0,Parapusillimonas,,False,False,True,Alcaligenaceae,,False,True,True,Burkholderiales,,False,True,True,Gammaproteobacteria,,False,False,True,Proteobacteria,,False,True,True
9579787280965385b425a1d323e3c6d3,373,0.9976,0.0,nan,,False,False,False,Oscillospiraceae,,False,True,True,Oscillospirales,Eubacteriales,False,False,True,Clostridia,Clostridia,True,True,True,Firmicutes,Bacillota,True,True,True
b50c901a9773cf8216278d2bb4e70644,369,0.999,0.0,midas_g_75908,,False,False,False,Serpentinicella,Clostridiaceae,False,False,True,Peptostreptococcales-Tissierellales,Eubacteriales,False,False,True,Clostridia,Clostridia,True,True,True,Firmicutes,Bacillota,True,True,True
93d1b2dac4133553194837dd9fc38d46,373,0.9985,0.0,midas_g_103381,Anaeromusa,False,False,False,UCG-010,Sporomusaceae,False,False,True,Oscillospirales,Selenomonadales,False,False,True,Clostridia,Negativicutes,False,True,True,Firmicutes,Bacillota,True,True,True
f8e946bdec673e40686c9ab157a63ac0,371,0.9951,0.0,midas_g_73510,,False,False,False,UCG-010,,False,False,True,Oscillospirales,,False,False,True,Clostridia,Clostridia,True,True,True,Firmicutes,Bacillota,True,True,True
39514d7e0d952fb5735d67b878688bc8,375,1.0,0.0,midas_g_164,Brooklawnia,False,False,False,Propionibacteriaceae,Propionibacteriaceae,True,True,True,Propionibacteriales,Propionibacteriales,True,True,True,Actinobacteria,Actinomycetes,False,False,True,Actinobacteriota,Actinomycetota,False,False,True
61bffb5ed48deb86adad74d3d45df340,372,1.0,0.0,Phenylobacterium,Phenylobacterium,True,True,True,Caulobacteraceae,Caulobacteraceae,True,True,True,Caulobacterales,Caulobacterales,True,True,True,Alphaproteobacteria,Alphaproteobacteria,True,True,True,Proteobacteria,Pseudomonadota,True,True,True
68c7aa8355d0b7c6e75c67d5df51d569,371,1.0,0.0,Thermobrachium,Thermobrachium,True,True,True,Caloramatoraceae,Clostridiaceae,False,False,True,Clostridiales,Eubacteriales,False,False,True,Clostridia,Clostridia,True,True,True,Firmicutes,Bacillota,True,True,True
f95801513925a658f6f017e67e77e9a0,374,0.9985,0.0,midas_g_669,Gracilibacter,False,False,False,Gracilibacter,Gracilibacteraceae,False,False,True,Gracilibacteraceae,Eubacteriales,False,False,True,Clostridia,Clostridia,True,True,True,Firmicutes,Bacillota,True,True,True
3e7c933c821c9f18e53e1dda439951cf,374,0.999,0.0707146,midas_g_84729,,False,False,False,midas_f_4245,,False,False,False,RBG-13-54-9,,False,False,True,Anaerolineae,Anaerolineae,True,True,True,Chloroflexi,Chloroflexota,True,True,True
212a34f4dcb9f9a8c0941fcf86f0e6bc,374,0.9976,0.0,nan,Acetivibrio,False,False,False,Hungateiclostridiaceae,Acetivibrionaceae,False,False,True,Oscillospirales,Acetivibrionales,False,False,True,Clostridia,Clostridia,True,True,True,Firmicutes,Bacillota,True,True,True
82520638c5842f94b7203788b78b3b92,374,0.9971,0.0,midas_g_112372,Proteiniclasticum,False,False,False,Peptococcaceae,Clostridiaceae,False,False,True,Peptococcales,Eubacteriales,False,False,True,Clostridia,Clostridia,True,True,True,Firmicutes,Bacillota,True,True,True
e5632edb0fd267dbaf571c758b91be2a,365,0.9971,0.0,Erysipelothrix,,False,False,True,Erysipelotrichaceae,,False,True,True,Erysipelotrichales,,False,True,True,Bacilli,,False,False,True,Firmicutes,,False,True,True
941c985cd594eddbaa7ba0e614bdf30f,376,1.0,0.0,midas_g_343,Ancrocorticia,False,False,False,Actinomycetaceae,Actinomycetaceae,True,True,True,Actinomycetales,Actinomycetales,True,True,True,Actinobacteria,Actinomycetes,False,False,True,Actinobacteriota,Actinomycetota,False,False,True
b1dd093a530c4f323e45823253ee9e15,374,0.999,0.0,nan,Ruminiclostridium,False,False,False,Hungateiclostridiaceae,Oscillospiraceae,False,False,True,Oscillospirales,Eubacteriales,False,False,True,Clostridia,Clostridia,True,True,True,Firmicutes,Bacillota,True,True,True
283755ba25c1e02155384ef6f268c2ae,372,1.0,0.0,Clostridium_sensu_stricto_1,Clostridium,False,False,True,Clostridiaceae,Clostridiaceae,True,True,True,Clostridiales,Eubacteriales,False,False,True,Clostridia,Clostridia,True,True,True,Firmicutes,Bacillota,True,True,True
025ef58ad4c94b135c69cb93c2320909,373,0.998,0.0,Caproiciproducens,Caproiciproducens,True,True,True,Ruminococcaceae,Acutalibacteraceae,False,False,True,Oscillospirales,Eubacteriales,False,False,True,Clostridia,Clostridia,True,True,True,Firmicutes,Bacillota,True,True,True
8b0ebd33e66653c42aa292e40bf6291c,371,0.9956,0.0,Fonticella,Caloramator,False,False,True,Caloramatoraceae,Clostridiaceae,False,False,True,Clostridiales,Eubacteriales,False,False,True,Clostridia,Clostridia,True,True,True,Firmicutes,Bacillota,True,True,True
47515cfa358287ae00ead27b78b2285b,370,0.999,0.0,Proteiniphilum,Petrimonas,False,True,True,Dysgonomonadaceae,Dysgonomonadaceae,True,True,True,Bacteroidales,Bacteroidales,True,True,True,Bacteroidia,Bacteroidia,True,True,True,Bacteroidota,Bacteroidota,True,True,True
cbbd3fd672febff085d5ca40c28282da,369,0.9985,0.0,Sedimentibacter,Sedimentibacter,True,True,True,Sedimentibacteraceae,,False,False,True,Peptostreptococcales-Tissierellales,,False,False,True,Clostridia,Tissierellia,False,True,True,Firmicutes,Bacillota,True,True,True
efe6fa9e73779825320958490553322f,374,0.9966,0.0,nan,Sporomusa,False,False,False,Peptococcaceae,Sporomusaceae,False,True,True,Peptococcales,Selenomonadales,False,False,True,Clostridia,Negativicutes,False,True,True,Firmicutes,Bacillota,True,True,True
ce8d585abe69c46ac0fba61726d046c5,374,0.9971,0.0,Ruminiclostridium,Acetivibrio,False,True,True,Hungateiclostridiaceae,Acetivibrionaceae,False,False,True,Oscillospirales,Acetivibrionales,False,False,True,Clostridia,Clostridia,True,True,True,Firmicutes,Bacillota,True,True,True
e843b0e0535e8033ed7c08faf28016ca,374,1.0,0.0,midas_g_4042,,False,False,False,JG30-KF-CM45,,False,False,True,Thermomicrobiales,Thermomicrobiales,True,True,True,Chloroflexia,Thermomicrobia,False,True,True,Chloroflexi,Thermomicrobiota,False,True,True
6c7a1a940865cb8fc19e17d404be6951,375,0.9995,0.0,Mycobacterium,Mycobacterium,True,True,True,Mycobacteriaceae,Mycobacteriaceae,True,True,True,Corynebacteriales,Mycobacteriales,False,False,True,Actinobacteria,Actinomycetes,False,False,True,Actinobacteriota,Actinomycetota,False,False,True
80ec5ef8c3af388c768221021941877e,374,0.998,0.0,midas_g_93666,,False,False,False,Monoglobaceae,,False,True,True,Monoglobales,,False,True,True,Clostridia,Clostridia,True,True,True,Firmicutes,Bacillota,True,True,True
556209f2b9e893a0e4b6559c1528e596,373,0.998,0.0,Intestinimonas,,False,True,True,Oscillospiraceae,Oscillospiraceae,True,True,True,Oscillospirales,Eubacteriales,False,False,True,Clostridia,Clostridia,True,True,True,Firmicutes,Bacillota,True,True,True
fb9d8df11e01ae4c33acac6db5a518b8,373,0.999,0.0,Bauldia,,False,True,True,Rhodobacteraceae,,False,False,True,Rhodobacterales,,False,False,True,Alphaproteobacteria,Alphaproteobacteria,True,True,True,Proteobacteria,Pseudomonadota,True,True,True
123c678eddb7c7e2b7393ca738c84596,372,0.9971,0.0,midas_g_1799,Candidatus Darwinibacter,False,False,False,midas_f_1799,Candidatus Darwinibacteriaceae,False,False,False,Proteinivoracales,Candidatus Darwinibacteriales,False,False,True,Clostridia,Clostridia,True,True,True,Firmicutes,Bacillota,True,True,True
0c0dcadbd501e2c17ca71995ed0b7ee1,374,1.0,0.0,midas_g_1097,,False,False,False,Pirellulaceae,,False,False,True,Pirellulales,Pirellulales,True,True,True,Planctomycetes,Planctomycetia,False,False,True,Planctomycetota,Planctomycetota,True,True,True
6beaf7c505778021c6d149ffc3a6d02d,371,0.9985,0.0,Thermobrachium,Thermobrachium,True,True,True,Caloramatoraceae,Clostridiaceae,False,False,True,Clostridiales,Eubacteriales,False,False,True,Clostridia,Clostridia,True,True,True,Firmicutes,Bacillota,True,True,True
ffb24eab9531da0542b30ff802e34b65,374,0.9985,0.0,nan,,False,False,False,Hungateiclostridiaceae,,False,False,True,Oscillospirales,Eubacteriales,False,False,True,Clostridia,Clostridia,True,True,True,Firmicutes,Bacillota,True,True,True
717e65e6ba1d91587e9c1fc36b2b0c44,373,1.0,0.0,Pseudomonas,Escherichia,False,True,True,Pseudomonadaceae,Enterobacteriaceae,False,True,True,Pseudomonadales,Enterobacterales,False,True,True,Gammaproteobacteria,Gammaproteobacteria,True,True,True,Proteobacteria,Pseudomonadota,True,True,True
9e3e461620d3bc6fb82b614f65a5a69b,375,1.0,0.0,Microbacterium,Microbacterium,True,True,True,Microbacteriaceae,Microbacteriaceae,True,True,True,Micrococcales,Micrococcales,True,True,True,Actinobacteria,Actinomycetes,False,False,True,Actinobacteriota,Actinomycetota,False,False,True
5e2e0a4cfc3ab5f1a074ef61d2d6f68b,370,0.999,0.0,nan,,False,False,False,Dysgonomonadaceae,,False,True,True,Bacteroidales,,False,True,True,Bacteroidia,,False,True,True,Bacteroidota,,False,True,True
e1d678e0c2f5463421eec27874b0fab3,374,0.999,0.0,Rhodanobacter,Rhodanobacter,True,True,True,Rhodanobacteraceae,Rhodanobacteraceae,True,True,True,Xanthomonadales,Lysobacterales,False,False,True,Gammaproteobacteria,Gammaproteobacteria,True,True,True,Proteobacteria,Pseudomonadota,True,True,True
564dff3148781f436e49ebbfb2590a6a,372,0.9985,0.0,Pseudaminobacter,Mesorhizobium,False,True,True,Rhizobiaceae,Phyllobacteriaceae,False,True,True,Rhizobiales,Hyphomicrobiales,False,False,True,Alphaproteobacteria,Alphaproteobacteria,True,True,True,Proteobacteria,Pseudomonadota,True,True,True
edb1b7dc98830cdfb83ef9466ad4aaaa,374,1.0,0.0,Ca_Brevefilum,,False,False,True,Anaerolineaceae,,False,True,True,Anaerolineales,,False,True,True,Anaerolineae,,False,True,True,Chloroflexi,Chloroflexota,True,True,True
7bfcdea57cc8e4bab6f3f3505b0dd682,372,0.9932,0.0,nan,Cronobacter,False,False,False,Ruminococcaceae,Enterobacteriaceae,False,False,True,Oscillospirales,Enterobacterales,False,False,True,Clostridia,Gammaproteobacteria,False,True,True,Firmicutes,Pseudomonadota,False,True,True
39e228b03b2c3090589f7da2c5ae6038,372,0.9951,0.0,midas_g_110557,,False,False,False,Hydrogenoanaerobacterium,Oscillospiraceae,False,False,True,Oscillospirales,Eubacteriales,False,False,True,Clostridia,Clostridia,True,True,True,Firmicutes,Bacillota,True,True,True
63adbcb1936348ae36887abcd1e4af55,374,0.998,0.0,HN-HF0106,Ruminiclostridium,False,False,True,Hungateiclostridiaceae,Oscillospiraceae,False,False,True,Oscillospirales,Eubacteriales,False,False,True,Clostridia,Clostridia,True,True,True,Firmicutes,Bacillota,True,True,True
f4acc40b7b61bf7126ad84af26e93ed9,375,1.0,0.0,Mycobacterium,Mycobacterium,True,True,True,Mycobacteriaceae,Mycobacteriaceae,True,True,True,Corynebacteriales,Mycobacteriales,False,False,True,Actinobacteria,Actinomycetes,False,False,True,Actinobacteriota,Actinomycetota,False,False,True
0b9c934012caa8a6606599ddcb49c15b,372,0.9946,0.0,nan,,False,False,False,nan,,False,False,False,nan,,False,False,False,nan,Clostridia,False,False,False,Firmicutes,Bacillota,True,True,True
8fa90e60ddaccabffcd68f6a481318a2,374,0.9956,0.0,midas_g_5834,,False,False,False,midas_f_5792,Anaerolineaceae,False,False,False,RBG-13-54-9,Anaerolineales,False,False,True,Anaerolineae,Anaerolineae,True,True,True,Chloroflexi,Chloroflexota,True,True,True
a954a29c70499c3c72ee396f69b71c51,372,1.0,0.0,Brevundimonas,Brevundimonas,True,True,True,Caulobacteraceae,Caulobacteraceae,True,True,True,Caulobacterales,Caulobacterales,True,True,True,Alphaproteobacteria,Alphaproteobacteria,True,True,True,Proteobacteria,Pseudomonadota,True,True,True
47bb78bbb9b7eab1a487de7f1521ddd6,373,0.9951,0.0,Christensenellaceae_R-7_group,,False,False,True,Christensenellaceae,Christensenellaceae,True,True,True,Christensenellales,Christensenellales,True,True,True,Clostridia,Clostridia,True,True,True,Firmicutes,Bacillota,True,True,True
72d63057d6e53e6e72b1af409c9ed0fb,373,0.9985,0.0,midas_g_82137,,False,False,False,Oscillospiraceae,,False,True,True,Oscillospirales,Eubacteriales,False,False,True,Clostridia,Clostridia,True,True,True,Firmicutes,Bacillota,True,True,True
5ccde7f0ad35d7a47123478dd67b2774,374,0.9995,0.0,Christensenellaceae_R-7_group,,False,False,True,Christensenellaceae,,False,False,True,Christensenellales,Christensenellales,True,True,True,Clostridia,Clostridia,True,True,True,Firmicutes,Bacillota,True,True,True
33bf7c73050395fa47eea57f63c0f87f,371,0.9971,0.0,Anaerovorax,,False,True,True,Anaerovoracaceae,,False,True,True,Peptostreptococcales-Tissierellales,Dehalococcoidales,False,False,True,Clostridia,Dehalococcoidia,False,True,True,Firmicutes,Chloroflexota,False,True,True
4a76bdc5b45d149d7aa31d04b9f46dbe,370,1.0,0.0,midas_g_1408,,False,False,False,Spirochaetaceae,,False,False,True,Spirochaetales,,False,True,True,Spirochaetia,,False,True,True,Spirochaetota,Spirochaetota,True,True,True
b7a2f949d87f6ce14145811c2d2974af,374,1.0,0.0,Trichococcus,Trichococcus,True,True,True,Carnobacteriaceae,Carnobacteriaceae,True,True,True,Lactobacillales,Lactobacillales,True,True,True,Bacilli,Bacilli,True,True,True,Firmicutes,Bacillota,True,True,True
26410d712017c834dccf638a040f9002,373,1.0,0.0,Lachnoclostridium,Hungatella,False,False,True,Lachnospiraceae,Lachnospiraceae,True,True,True,Lachnospirales,Lachnospirales,True,True,True,Clostridia,Clostridia,True,True,True,Firmicutes,Bacillota,True,True,True
39e25be575139fbcbcacc15a872bdbad,373,1.0,0.0,nan,Intestinimonas,False,False,False,Oscillospiraceae,,False,True,True,Oscillospirales,Eubacteriales,False,False,True,Clostridia,Clostridia,True,True,True,Firmicutes,Bacillota,True,True,True
90a5e55fa876aa0bf69ffe16087cd920,374,0.9995,0.0,midas_g_4042,,False,False,False,JG30-KF-CM45,,False,False,True,Thermomicrobiales,Thermomicrobiales,True,True,True,Chloroflexia,Thermomicrobia,False,True,True,Chloroflexi,Thermomicrobiota,False,True,True
543dc760699879a2b12cd2e2525e6729,372,1.0,0.0,Shinella,Shinella,True,True,True,Rhizobiaceae,Rhizobiaceae,True,True,True,Rhizobiales,Hyphomicrobiales,False,False,True,Alphaproteobacteria,Alphaproteobacteria,True,True,True,Proteobacteria,Pseudomonadota,True,True,True
c9e59947328c667e941ac56abed5c99f,374,0.9976,0.0,midas_g_101467,,False,False,False,Dethiobacteraceae,,False,True,True,Dethiobacterales,,False,True,True,Dethiobacteria,,False,True,True,Firmicutes,Bacillota,True,True,True
95efcfc5bf54e543b76173209e6ecfd9,374,0.9985,0.0,Christensenellaceae_R-7_group,,False,False,True,Christensenellaceae,,False,False,True,Christensenellales,Christensenellales,True,True,True,Clostridia,Clostridia,True,True,True,Firmicutes,Bacillota,True,True,True
d5004573c96ec6eedcc4348d1145db37,372,0.998,0.0,Hyphomicrobium,Hyphomicrobium,True,True,True,Hyphomicrobiaceae,Hyphomicrobiaceae,True,True,True,Rhizobiales,Hyphomicrobiales,False,False,True,Alphaproteobacteria,Alphaproteobacteria,True,True,True,Proteobacteria,Pseudomonadota,True,True,True
b9d27d1dc44fea66778479161f6ed7c6,374,0.9985,0.0,Christensenellaceae_R-7_group,,False,False,True,Christensenellaceae,,False,True,True,Christensenellales,,False,True,True,Clostridia,Clostridia,True,True,True,Firmicutes,Bacillota,True,True,True
194253bf7725522741f6f5467928510d,374,0.9946,0.0,midas_g_4325,,False,False,False,midas_f_54,,False,False,False,Clostridia_vadinBB60_group,Christensenellales,False,False,True,Clostridia,Clostridia,True,True,True,Firmicutes,Bacillota,True,True,True
432a02504adb954775f641117e6d7b14,371,1.0,0.0,Rikenellaceae_RC9_gut_group,,False,False,True,Rikenellaceae,,False,True,True,Bacteroidales,,False,True,True,Bacteroidia,,False,True,True,Bacteroidota,Bacteroidota,True,True,True
ac535b64f804c2eee5084adc741f7839,373,0.9971,0.0,nan,Sporobacter,False,False,False,Oscillospiraceae,Oscillospiraceae,True,True,True,Oscillospirales,Eubacteriales,False,False,True,Clostridia,Clostridia,True,True,True,Firmicutes,Bacillota,True,True,True
caddc7c3f8e30f2e74778fca73689c4b,374,1.0,0.0,nan,Clostridium,False,False,False,Clostridiaceae,Clostridiaceae,True,True,True,Clostridiales,Eubacteriales,False,False,True,Clostridia,Clostridia,True,True,True,Firmicutes,Bacillota,True,True,True
c2d746ce5aed150d6696eed8143ec2c7,374,0.9985,0.0,Christensenellaceae_R-7_group,,False,False,True,Christensenellaceae,Christensenellaceae,True,True,True,Christensenellales,Christensenellales,True,True,True,Clostridia,Clostridia,True,True,True,Firmicutes,Bacillota,True,True,True
2c4fdd0845cdde26dc7d98f576bb10e7,374,0.9951,0.0,nan,Desulfotomaculum,False,False,False,midas_f_8126,Desulfotomaculaceae,False,False,False,Gelria,Eubacteriales,False,False,True,midas_c_145,Clostridia,False,False,False,Firmicutes,Bacillota,True,True,True
134153c893d92731f1779897c269f055,370,1.0,0.0,Sphaerochaeta,Methanothrix,False,True,True,Spirochaetaceae,Methanotrichaceae,False,True,True,Spirochaetales,Methanotrichales,False,True,True,Spirochaetia,Methanomicrobia,False,True,True,Spirochaetota,Methanobacteriota,False,True,True
7cdf5d7931b4f4bcf64b7de23217f933,374,1.0,0.0,midas_g_110683,,False,False,False,midas_f_222,,False,False,False,midas_o_4,,False,False,False,midas_c_4,Clostridia,False,False,False,Firmicutes,Bacillota,True,True,True
2e8ba4a2f665cc3ad88530fc739b1f9c,374,0.998,0.030579286,Cryptanaerobacter,Pelotomaculum,False,False,True,Pelotomaculaceae,Desulfotomaculaceae,False,False,True,Desulfotomaculales,Eubacteriales,False,False,True,Desulfotomaculia,Clostridia,False,False,True,Firmicutes,Bacillota,True,True,True
76822eb34ea3cf76c00fb31b39d43b12,375,0.9995,0.0,Mycobacterium,,False,True,True,Mycobacteriaceae,,False,True,True,Corynebacteriales,,False,False,True,Actinobacteria,,False,False,True,Actinobacteriota,Actinomycetota,False,False,True
6786956e5d741de3549e1c89e3a608b0,371,0.9946,0.0,midas_g_85764,,False,False,False,UCG-010,,False,False,True,Oscillospirales,,False,False,True,Clostridia,Clostridia,True,True,True,Firmicutes,Bacillota,True,True,True
9895ece38025393ef9ccafafea501d77,373,1.0,0.0,nan,Robinsoniella,False,False,False,Lachnospiraceae,Lachnospiraceae,True,True,True,Lachnospirales,Lachnospirales,True,True,True,Clostridia,Clostridia,True,True,True,Firmicutes,Bacillota,True,True,True
40e233849dcafd1ca1e5dd020826ec04,374,0.9995,0.0,midas_g_269,,False,False,False,midas_f_269,,False,False,False,Gaiellales,,False,False,True,Thermoleophilia,Thermoleophilia,True,True,True,Actinobacteriota,Actinomycetota,False,False,True
ba17ca70d77eba42e5aef9d3fcc1adf3,373,0.999,0.0,nan,Propionispora,False,False,False,nan,Sporomusaceae,False,False,False,Veillonellales-Selenomonadales,Selenomonadales,False,False,True,Negativicutes,Negativicutes,True,True,True,Firmicutes,Bacillota,True,True,True
6ba96f5208b35a9fa58a1e50271ece5c,372,0.9922,0.0,midas_g_63015,Melghirimyces,False,False,False,midas_f_63015,Thermoactinomycetaceae,False,False,False,Clostridia_vadinBB60_group,Caryophanales,False,False,True,Clostridia,Bacilli,False,True,True,Firmicutes,Bacillota,True,True,True
5cf9be63b0ce8289c8ac73ac5162ad0b,374,0.9985,0.0,Ruminiclostridium,Acetivibrio,False,True,True,Hungateiclostridiaceae,Acetivibrionaceae,False,False,True,Oscillospirales,Acetivibrionales,False,False,True,Clostridia,Clostridia,True,True,True,Firmicutes,Bacillota,True,True,True
18c8a1caa02afa9f20b6974f6da7568c,375,1.0,0.0,midas_g_230,,False,False,False,midas_f_230,,False,False,False,midas_o_230,,False,False,False,JS1,,False,False,True,Caldatribacteriota,Synergistota,False,False,True
c5f63d06bc0e136c998bf43f719776c3,370,0.9941,0.0,Mangroviflexus,Geofilum,False,False,True,Marinilabiliaceae,Marinilabiliaceae,True,True,True,Bacteroidales,Marinilabiliales,False,True,True,Bacteroidia,Bacteroidia,True,True,True,Bacteroidota,Bacteroidota,True,True,True
f0b4d6d49281190556a6cc4d5286dfb6,371,0.999,0.0,Proteiniborus,Proteiniborus,True,True,True,Proteiniboraceae,,False,False,True,Peptostreptococcales-Tissierellales,Eubacteriales,False,False,True,Clostridia,Clostridia,True,True,True,Firmicutes,Bacillota,True,True,True
5f50c109f3a9cdf90470d389e4797c67,375,0.9995,0.0,Mycobacterium,Mycobacterium,True,True,True,Mycobacteriaceae,Mycobacteriaceae,True,True,True,Corynebacteriales,Mycobacteriales,False,False,True,Actinobacteria,Actinomycetes,False,False,True,Actinobacteriota,Actinomycetota,False,False,True
c1795fae23a34030462cf6e6267b85b3,378,0.999,0.0,Methanobacterium,Methanobacterium,True,True,True,Methanobacteriaceae,Methanobacteriaceae,True,True,True,Methanobacteriales,Methanobacteriales,True,True,True,Methanobacteria,Methanobacteria,True,True,True,Euryarchaeota,Methanobacteriota,True,True,True
22b437d42a93adf1a1f4912a2f2bc487,372,1.0,0.0,nan,,False,False,False,Comamonadaceae,Comamonadaceae,True,True,True,Burkholderiales,Burkholderiales,True,True,True,Gammaproteobacteria,Betaproteobacteria,False,False,True,Proteobacteria,Pseudomonadota,True,True,True
8b2843ccdbc3d39c6d758b7f91388341,374,0.999,0.001911205,midas_g_3064,Litorilinea,False,False,False,Caldilineaceae,Caldilineaceae,True,True,True,Caldilineales,Caldilineales,True,True,True,Anaerolineae,Caldilineae,False,True,True,Chloroflexi,Chloroflexota,True,True,True
2b574134383a97ed6d824d208c869f5f,375,0.998,,,Propioniciclava,False,False,False,,Propionibacteriaceae,False,False,False,,Propionibacteriales,False,False,False,,Actinomycetes,False,False,False,,Actinomycetota,False,False,False
8a7df6e8751646d9927c0f0ed34cbf5b,374,0.9995,0.0,Ercella,,False,False,True,Hungateiclostridiaceae,,False,False,True,Oscillospirales,Eubacteriales,False,False,True,Clostridia,Clostridia,True,True,True,Firmicutes,Bacillota,True,True,True
b9894ecd47f62b16d09553eba88c3e8d,369,0.9971,0.0,Sedimentibacter,,False,True,True,Sedimentibacteraceae,,False,False,True,Peptostreptococcales-Tissierellales,,False,False,True,Clostridia,,False,True,True,Firmicutes,Bacteroidota,False,True,True
ba7e734314ca58b585509a99c1dc8f97,372,0.9985,0.0,nan,Clostridium,False,False,False,Clostridiaceae,Clostridiaceae,True,True,True,Clostridiales,Eubacteriales,False,False,True,Clostridia,Clostridia,True,True,True,Firmicutes,Bacillota,True,True,True
5b2a2d09315ded235146cac2e767e89a,372,0.9946,0.0,nan,Pygmaiobacter,False,False,False,Ruminococcaceae,Oscillospiraceae,False,False,True,Oscillospirales,Eubacteriales,False,False,True,Clostridia,Clostridia,True,True,True,Firmicutes,Bacillota,True,True,True
d2f6165d08abe7fc34cde6d0173b9a8a,374,0.9985,0.0,Christensenellaceae_R-7_group,,False,False,True,Christensenellaceae,,False,False,True,Christensenellales,,False,True,True,Clostridia,Clostridia,True,True,True,Firmicutes,Bacillota,True,True,True
2548f61c3083181969197199a1a27bf5,373,0.999,0.0,midas_g_110651,,False,False,False,Oscillospiraceae,Oscillospiraceae,True,True,True,Oscillospirales,Eubacteriales,False,False,True,Clostridia,Clostridia,True,True,True,Firmicutes,Bacillota,True,True,True
b4900060b15cd3eab0697bdc00bfc33a,372,1.0,0.0,Microvirga,Methylorubrum,False,True,True,Beijerinckiaceae,Methylobacteriaceae,False,False,True,Rhizobiales,Hyphomicrobiales,False,False,True,Alphaproteobacteria,Alphaproteobacteria,True,True,True,Proteobacteria,Pseudomonadota,True,True,True
ce94860005cb569777791022ac3014af,378,0.9995,0.0,Methanobacterium,Methanobacterium,True,True,True,Methanobacteriaceae,Methanobacteriaceae,True,True,True,Methanobacteriales,Methanobacteriales,True,True,True,Methanobacteria,Methanobacteria,True,True,True,Euryarchaeota,Methanobacteriota,True,True,True
5c8ca1fddc8497f2db7a63141e5cdc7f,369,1.0,0.0,Soehngenia,Gudongella,False,True,True,Family_XI,Tissierellaceae,False,False,True,Peptostreptococcales-Tissierellales,Tissierellales,False,False,True,Clostridia,Tissierellia,False,True,True,Firmicutes,Bacillota,True,True,True
a214ccee6e9a8749c048daa053ae51dc,378,1.0,0.0,Methanobacterium,Methanobacterium,True,True,True,Methanobacteriaceae,Methanobacteriaceae,True,True,True,Methanobacteriales,Methanobacteriales,True,True,True,Methanobacteria,Methanobacteria,True,True,True,Euryarchaeota,Methanobacteriota,True,True,True
966a27b7648de7ac63f5c15a8be0d10a,374,0.9951,0.0,midas_g_76028,,False,False,False,4572-13,,False,False,True,MSBL9,,False,False,True,Phycisphaerae,Phycisphaerae,True,True,True,Planctomycetota,Planctomycetota,True,True,True
bab16dfe7bab8f56e30de9733e5a5964,374,1.0,0.0,midas_g_134,,False,False,False,midas_f_134,,False,False,False,Syntrophales,,False,True,True,Syntrophia,Myxococcia,False,True,True,Desulfobacterota,Myxococcota,False,False,True
2b7920f905d876304aa83fc776cd91a4,374,0.9995,0.0,nan,Acetivibrio,False,False,False,Hungateiclostridiaceae,Acetivibrionaceae,False,False,True,Oscillospirales,Acetivibrionales,False,False,True,Clostridia,Clostridia,True,True,True,Firmicutes,Bacillota,True,True,True
fa29a08838db72d944922cbf3ca72b38,365,1.0,0.0,Acholeplasma,,False,True,True,Acholeplasmataceae,,False,True,True,Acholeplasmatales,,False,True,True,Bacilli,,False,False,True,Firmicutes,Bacillota,True,True,True
d8c78611226dae60111f022dc0a9f947,372,0.9971,0.0,Bacillus,Alkalihalobacillus,False,True,True,Bacillaceae,Bacillaceae,True,True,True,Bacillales,Caryophanales,False,False,True,Bacilli,Bacilli,True,True,True,Firmicutes,Bacillota,True,True,True
a78a93326d787b79c22198acbce80e81,373,1.0,0.0,midas_g_1946,,False,False,False,Eubacterium_coprostanoligenes_group,,False,False,True,Oscillospirales,,False,False,True,Clostridia,,False,True,True,Firmicutes,Candidatus Cloacimonadota,False,True,True
5a68a3cca9a0816f321222936d3c0cb8,374,0.9941,0.0,nan,,False,False,False,midas_f_112,,False,False,False,MBA03,,False,False,True,Limnochordia,,False,False,True,Firmicutes,Bacillota,True,True,True
d5ba4ee44ca72bb2c78ee918d3d0707d,374,0.9995,0.0,Bacillus,Alkalihalobacillus,False,True,True,Bacillaceae,Bacillaceae,True,True,True,Bacillales,Caryophanales,False,False,True,Bacilli,Bacilli,True,True,True,Firmicutes,Bacillota,True,True,True
4cec2826da45c90930f69ae290165f1d,373,1.0,0.0,Syntrophorhabdus,,False,True,True,Syntrophorhabdaceae,,False,True,True,Syntrophorhabdales,,False,True,True,Syntrophorhabdia,,False,True,True,Desulfobacterota,,False,False,True
cae75e1117d316c3a8f12909f766135b,375,0.999,0.021023259,nan,,False,False,False,Propionibacteriaceae,,False,True,True,Propionibacteriales,,False,True,True,Actinobacteria,Actinomycetes,False,False,True,Actinobacteriota,Actinomycetota,False,False,True
5adea97be7d61a174324b19e19ba1dea,375,1.0,0.0,Galbitalea,Salinibacterium,False,False,True,Microbacteriaceae,Microbacteriaceae,True,True,True,Micrococcales,Micrococcales,True,True,True,Actinobacteria,Actinomycetes,False,False,True,Actinobacteriota,Actinomycetota,False,False,True
aa4b8fb0330c049740437e03fc90a40e,371,0.9971,0.0,nan,Alkaliphilus,False,False,False,nan,Natronincolaceae,False,False,False,Peptostreptococcales-Tissierellales,Peptostreptococcales,False,False,True,Clostridia,Clostridia,True,True,True,Firmicutes,Bacillota,True,True,True
78655baa8fe07fac3df14b89c91be2bb,372,0.9951,0.0,nan,,False,False,False,nan,Bacillaceae,False,False,False,nan,Caryophanales,False,False,False,nan,Bacilli,False,False,False,Firmicutes,Bacillota,True,True,True
0e50bf3eae192d3ce32f00a74ffb97e3,374,0.9976,0.0,midas_g_101467,,False,False,False,Dethiobacteraceae,,False,False,True,Dethiobacterales,,False,False,True,Dethiobacteria,,False,False,True,Firmicutes,Bacillota,True,True,True
55f0a15d367f1f98823a8accf53c1ab4,372,0.9995,0.032490492,nan,Alicycliphilus,False,False,False,Comamonadaceae,Comamonadaceae,True,True,True,Burkholderiales,Burkholderiales,True,True,True,Gammaproteobacteria,Betaproteobacteria,False,False,True,Proteobacteria,Pseudomonadota,True,True,True
70d288ad69e9db19c1dac3bf211eaeb9,374,1.0,0.0,Bacillus,Bacillus,True,True,True,Bacillaceae,Bacillaceae,True,True,True,Bacillales,Caryophanales,False,False,True,Bacilli,Bacilli,True,True,True,Firmicutes,Bacillota,True,True,True
800e0527da5f9218e61c70f7d0ec8715,368,0.999,0.0,Flavobacterium,Serratia,False,True,True,Flavobacteriaceae,Yersiniaceae,False,True,True,Flavobacteriales,Enterobacterales,False,True,True,Bacteroidia,Gammaproteobacteria,False,False,True,Bacteroidota,Pseudomonadota,False,True,True
9fd90ca5d6775c90e4e6e46e09b38313,374,0.9971,0.0,Christensenellaceae_R-7_group,,False,False,True,Christensenellaceae,,False,False,True,Christensenellales,Christensenellales,True,True,True,Clostridia,Clostridia,True,True,True,Firmicutes,Bacillota,True,True,True
caeb52da9a42b79671c85be97e7e6a89,374,0.9985,0.0,Christensenellaceae_R-7_group,,False,False,True,Christensenellaceae,,False,False,True,Christensenellales,,False,True,True,Clostridia,,False,True,True,Firmicutes,Bacillota,True,True,True
d98dabbea4fe10de13ec5310782324e8,372,1.0,0.0,Azorhizobium,Xanthobacter,False,False,True,Xanthobacteraceae,Xanthobacteraceae,True,True,True,Rhizobiales,Hyphomicrobiales,False,False,True,Alphaproteobacteria,Alphaproteobacteria,True,True,True,Proteobacteria,Pseudomonadota,True,True,True
4ff2d0f9ff5860f0d61f045ebb308e0d,375,0.9995,0.0,Mycobacterium,Mycolicibacterium,False,True,True,Mycobacteriaceae,Mycobacteriaceae,True,True,True,Corynebacteriales,Mycobacteriales,False,False,True,Actinobacteria,Actinomycetes,False,False,True,Actinobacteriota,Actinomycetota,False,False,True
60aded12db04cbb8ba0091f3bb63d0a6,375,0.999,0.0,Leucobacter,,False,True,True,Microbacteriaceae,,False,True,True,Micrococcales,,False,True,True,Actinobacteria,Gammaproteobacteria,False,False,True,Actinobacteriota,Pseudomonadota,False,False,True
0e94ac060981402de47bbf85360fea8b,378,0.9995,0.0,Methanobacterium,Methanobacterium,True,True,True,Methanobacteriaceae,Methanobacteriaceae,True,True,True,Methanobacteriales,Methanobacteriales,True,True,True,Methanobacteria,Methanobacteria,True,True,True,Euryarchaeota,Methanobacteriota,True,True,True
2ac77d9e71c04c362eb0b22647bc57f5,374,0.9985,0.0,Dethiobacter,,False,True,True,Dethiobacteraceae,,False,True,True,Dethiobacterales,,False,True,True,Dethiobacteria,Dehalococcoidia,False,True,True,Firmicutes,Chloroflexota,False,True,True
a8c0192a45a12e2f86fe50245c36917d,374,0.998,0.0,Caldicoprobacter,,False,False,True,Caldicoprobacteraceae,,False,False,True,Caldicoprobacterales,Eubacteriales,False,False,True,Clostridia,Clostridia,True,True,True,Firmicutes,Bacillota,True,True,True
e111f26c316c8b919015c64090c7cdef,369,0.9995,0.0,midas_g_75908,Andreesenella,False,False,False,Serpentinicella,Natronincolaceae,False,False,True,Peptostreptococcales-Tissierellales,Peptostreptococcales,False,False,True,Clostridia,Clostridia,True,True,True,Firmicutes,Bacillota,True,True,True
aad81ac0351dcd619b00c97e690dfa5f,374,1.0,0.0,midas_g_34283,,False,False,False,midas_f_5792,,False,False,False,RBG-13-54-9,,False,False,True,Anaerolineae,Anaerolineae,True,True,True,Chloroflexi,Chloroflexota,True,True,True
fa83652d0f1eca666000903a370b6e14,374,1.0,0.0,Lysinibacillus,Lysinibacillus,True,True,True,Planococcaceae,Bacillaceae,False,False,True,Bacillales,Caryophanales,False,False,True,Bacilli,Bacilli,True,True,True,Firmicutes,Bacillota,True,True,True
b0d25a3bc288f3c5ac8b993c6e4504dd,373,0.9985,0.0,Oscillibacter,Dysosmobacter,False,True,True,Oscillospiraceae,Oscillospiraceae,True,True,True,Oscillospirales,Eubacteriales,False,False,True,Clostridia,Clostridia,True,True,True,Firmicutes,Bacillota,True,True,True
351fdba7f02fbaff27a231855c689a8a,375,0.9995,0.0,midas_g_1737,,False,False,False,midas_f_765,,False,False,False,midas_o_765,,False,False,False,WCHB1-81,,False,False,True,Actinobacteriota,Actinomycetota,False,False,True
4e39e7f278e094156ebfcc28868dd7dd,378,1.0,0.0,Methanobacterium,Methanobacterium,True,True,True,Methanobacteriaceae,Methanobacteriaceae,True,True,True,Methanobacteriales,Methanobacteriales,True,True,True,Methanobacteria,Methanobacteria,True,True,True,Euryarchaeota,Methanobacteriota,True,True,True
f2fbdc2b912ea775653691981335232f,371,0.9946,0.013378438,midas_g_35108,,False,False,False,midas_f_20645,,False,False,False,RBG-13-54-9,,False,False,True,Anaerolineae,,False,True,True,Chloroflexi,Chloroflexota,True,True,True
6b68ebbc9e9e8d26fa7018cf163d4848,372,1.0,0.0,midas_g_75,,False,False,False,Rhodobacteraceae,,False,False,True,Rhodobacterales,Hyphomicrobiales,False,False,True,Alphaproteobacteria,Alphaproteobacteria,True,True,True,Proteobacteria,Pseudomonadota,True,True,True
c4112b995ef6cd2f05559f6a3057bc7c,378,1.0,0.0,Methanobacterium,Methanobacterium,True,True,True,Methanobacteriaceae,Methanobacteriaceae,True,True,True,Methanobacteriales,Methanobacteriales,True,True,True,Methanobacteria,Methanobacteria,True,True,True,Euryarchaeota,Methanobacteriota,True,True,True
371f00ae446e2e0a412ac4e6dcdacf85,374,0.9951,0.0,midas_g_115815,,False,False,False,Limnochordaceae,,False,False,True,Limnochordales,,False,False,True,Limnochordia,Clostridia,False,False,True,Firmicutes,Bacillota,True,True,True
c2cac7d762781f38d91567c99eba157e,373,0.9951,0.0,midas_g_102931,Intestinimonas,False,False,False,Oscillospiraceae,,False,True,True,Oscillospirales,Eubacteriales,False,False,True,Clostridia,Clostridia,True,True,True,Firmicutes,Bacillota,True,True,True
ee4ac6545a6964811ec188369b533ff7,374,0.9995,0.0,nan,Ruminiclostridium,False,False,False,Hungateiclostridiaceae,Oscillospiraceae,False,False,True,Oscillospirales,Eubacteriales,False,False,True,Clostridia,Clostridia,True,True,True,Firmicutes,Bacillota,True,True,True
faea8df7b37bdc2fd653a1c156baf7db,374,0.9927,0.0,nan,,False,False,False,Dethiobacteraceae,,False,False,True,Dethiobacterales,,False,False,True,Dethiobacteria,,False,False,True,Firmicutes,Bacillota,True,True,True
d22ab0227295d4646e98ca484b96c239,372,0.9985,0.0,Clostridium_sensu_stricto_7,Clostridium,False,False,True,Clostridiaceae,Clostridiaceae,True,True,True,Clostridiales,Eubacteriales,False,False,True,Clostridia,Clostridia,True,True,True,Firmicutes,Bacillota,True,True,True
6d9f5e802552ba002b8efdef2f9bbfec,374,0.9985,0.0,Dethiobacter,Dethiobacter,True,True,True,Dethiobacteraceae,Dethiobacteraceae,True,True,True,Dethiobacterales,Dethiobacterales,True,True,True,Dethiobacteria,Dethiobacteria,True,True,True,Firmicutes,Bacillota,True,True,True
cadb4455b724f027fc10968f3b93c4f5,372,1.0,0.0,Hyphomicrobium,Hyphomicrobium,True,True,True,Hyphomicrobiaceae,Hyphomicrobiaceae,True,True,True,Rhizobiales,Hyphomicrobiales,False,False,True,Alphaproteobacteria,Alphaproteobacteria,True,True,True,Proteobacteria,Pseudomonadota,True,True,True
fff6f2b1de224120c999dde9f25fcd0a,372,0.9995,0.0,nan,Achromobacter,False,False,False,Alcaligenaceae,Alcaligenaceae,True,True,True,Burkholderiales,Burkholderiales,True,True,True,Gammaproteobacteria,Betaproteobacteria,False,False,True,Proteobacteria,Pseudomonadota,True,True,True
326834f69c357dad79f31e792597dd1d,378,1.0,0.0,Methanolinea,,False,True,True,Methanoregulaceae,Methanoregulaceae,True,True,True,Methanomicrobiales,Methanomicrobiales,True,True,True,Methanomicrobia,Methanomicrobia,True,True,True,Halobacterota,Methanobacteriota,False,False,True
b0d26647a7f6153005ecd3ce5683ef89,374,0.9956,0.0,nan,Sphingobium,False,False,False,Hungateiclostridiaceae,Sphingobiaceae,False,False,True,Oscillospirales,Sphingomonadales,False,False,True,Clostridia,Alphaproteobacteria,False,True,True,Firmicutes,Pseudomonadota,False,True,True
b4675aefcee3975954467e51b228d6f2,373,1.0,0.0,Caproiciproducens,Clostridium,False,True,True,Ruminococcaceae,Clostridiaceae,False,False,True,Oscillospirales,Eubacteriales,False,False,True,Clostridia,Clostridia,True,True,True,Firmicutes,Bacillota,True,True,True
3b04ef795d02d4d5ddc42f2c2598e1d7,374,0.9995,0.0,Thiobacillus,Thiobacillus,True,True,True,Hydrogenophilaceae,Thiobacillaceae,False,False,True,Burkholderiales,Nitrosomonadales,False,False,True,Gammaproteobacteria,Betaproteobacteria,False,True,True,Proteobacteria,Pseudomonadota,True,True,True
5c331188779be5bb65a2e80544aa8dea,374,1.0,0.0,Bellilinea,Bellilinea,True,True,True,Anaerolineaceae,Anaerolineaceae,True,True,True,Anaerolineales,Anaerolineales,True,True,True,Anaerolineae,Anaerolineae,True,True,True,Chloroflexi,Chloroflexota,True,True,True
9e91972e602f744d92a27f9585c4a19d,371,1.0,0.0,Paraclostridium,Paraclostridium,True,True,True,Peptostreptococcaceae,Peptostreptococcaceae,True,True,True,Peptostreptococcales-Tissierellales,Peptostreptococcales,False,False,True,Clostridia,Clostridia,True,True,True,Firmicutes,Bacillota,True,True,True
65f35a04bab9de1b0fa33126b4db52e7,372,1.0,0.0,nan,Achromobacter,False,False,False,Alcaligenaceae,Alcaligenaceae,True,True,True,Burkholderiales,Burkholderiales,True,True,True,Gammaproteobacteria,Betaproteobacteria,False,False,True,Proteobacteria,Pseudomonadota,True,True,True
b7533224f1ef2f4739006dd83c6bf4d2,374,0.9971,0.0,nan,,False,False,False,Dethiobacteraceae,,False,False,True,Dethiobacterales,,False,False,True,Dethiobacteria,,False,False,True,Firmicutes,Bacillota,True,True,True
b9a98bd6fcede4fa31c9da7f86747666,366,1.0,0.0,Acetobacterium,Acetobacterium,True,True,True,Eubacteriaceae,Eubacteriaceae,True,True,True,Eubacteriales,Eubacteriales,True,True,True,Clostridia,Clostridia,True,True,True,Firmicutes,Bacillota,True,True,True
eefd58e34806834774cf090051744fd6,370,0.9995,0.0,Proteiniphilum,,False,True,True,Dysgonomonadaceae,Anaerolineaceae,False,True,True,Bacteroidales,Anaerolineales,False,True,True,Bacteroidia,Anaerolineae,False,True,True,Bacteroidota,Chloroflexota,False,True,True
bea331330a1f00d2ccef18e7b8d75a4b,371,0.9995,0.0,Paraclostridium,,False,True,True,Peptostreptococcaceae,Peptostreptococcaceae,True,True,True,Peptostreptococcales-Tissierellales,Peptostreptococcales,False,False,True,Clostridia,Clostridia,True,True,True,Firmicutes,Bacillota,True,True,True
043c5bc3b765f90981eb6625127663ef,371,0.9995,0.0,Aminivibrio,Aminivibrio,True,True,True,Synergistaceae,Aminobacteriaceae,False,True,True,Synergistales,Synergistales,True,True,True,Synergistia,Synergistia,True,True,True,Synergistota,Synergistota,True,True,True
82eeb8631b1f7982fd141bbf2ed2f4dc,372,1.0,0.0,midas_g_249,Proteiniphilum,False,False,False,Synergistaceae,Dysgonomonadaceae,False,True,True,Synergistales,Bacteroidales,False,True,True,Synergistia,Bacteroidia,False,True,True,Synergistota,Bacteroidota,False,True,True
899bfc3202ef1effff6e234fa8517ff3,370,0.998,0.0,Paludibacter,Paludibacter,True,True,True,Paludibacteraceae,Paludibacteraceae,True,True,True,Bacteroidales,Bacteroidales,True,True,True,Bacteroidia,Bacteroidia,True,True,True,Bacteroidota,Bacteroidota,True,True,True
c4c43c34cccdf1faffcd3c478db50fee,374,0.9976,0.0,midas_g_100959,Acetivibrio,False,False,False,Hungateiclostridiaceae,Acetivibrionaceae,False,False,True,Oscillospirales,Acetivibrionales,False,False,True,Clostridia,Clostridia,True,True,True,Firmicutes,Bacillota,True,True,True
44292adaa0ea18b1b38d7e38695a72b1,372,0.9995,0.0,nan,,False,False,False,Christensenellaceae,,False,True,True,Christensenellales,Christensenellales,True,True,True,Clostridia,Clostridia,True,True,True,Firmicutes,Bacillota,True,True,True
3133e9e795b0c90e4bcd8791956042d1,374,0.999,0.0,nan,Anaerobranca,False,False,False,nan,Proteinivoracaceae,False,False,False,nan,Eubacteriales,False,False,False,nan,Clostridia,False,False,False,Firmicutes,Bacillota,True,True,True
873b71b30dcfcdbdf2e7080dd9db241f,373,0.9985,0.0,midas_g_667,,False,False,False,Amarolineaceae,,False,False,True,C10-SB1A,,False,False,True,Anaerolineae,Chloroflexia,False,True,True,Chloroflexi,Chloroflexota,True,True,True
299ccc8e8ff39974e43c21db8583539d,371,1.0,0.0,Romboutsia,Romboutsia,True,True,True,Peptostreptococcaceae,Peptostreptococcaceae,True,True,True,Peptostreptococcales-Tissierellales,Peptostreptococcales,False,False,True,Clostridia,Clostridia,True,True,True,Firmicutes,Bacillota,True,True,True
d7df91c0a9354c5b73ddf9b28799ae43,372,1.0,0.0,Ralstonia,Ralstonia,True,True,True,Burkholderiaceae,Burkholderiaceae,True,True,True,Burkholderiales,Burkholderiales,True,True,True,Gammaproteobacteria,Betaproteobacteria,False,True,True,Proteobacteria,Pseudomonadota,True,True,True
d049fee266c4b987284237c65812bd8b,365,0.9966,0.0,Erysipelothrix,,False,True,True,Erysipelotrichaceae,Erysipelotrichaceae,True,True,True,Erysipelotrichales,Erysipelotrichales,True,True,True,Bacilli,Erysipelotrichia,False,False,True,Firmicutes,Bacillota,True,True,True
e04d49b3a01d91878d1c27f4e22b074e,378,0.9971,0.0,Methanobacterium,Methanobacterium,True,True,True,Methanobacteriaceae,Methanobacteriaceae,True,True,True,Methanobacteriales,Methanobacteriales,True,True,True,Methanobacteria,Methanobacteria,True,True,True,Euryarchaeota,Methanobacteriota,True,True,True
e8b184a091b069447aaa71429105e326,373,1.0,0.0,Sphingopyxis,Sphingopyxis,True,True,True,Sphingomonadaceae,Sphingopyxidaceae,False,True,True,Sphingomonadales,Sphingomonadales,True,True,True,Alphaproteobacteria,Alphaproteobacteria,True,True,True,Proteobacteria,Pseudomonadota,True,True,True
29cd0f756cdd319b032b1b1eb1be4c8f,370,0.9985,0.0,midas_g_52206,,False,False,False,Lachnospiraceae,Anaerotignaceae,False,True,True,Lachnospirales,Lachnospirales,True,True,True,Clostridia,Clostridia,True,True,True,Firmicutes,Bacillota,True,True,True
3756db37fff5d61b7ec84aad15fa4c44,374,0.9941,0.0,midas_g_93591,Biomaibacter,False,False,False,Tepidanaerobacter,Tepidanaerobacteraceae,False,False,True,Thermovenabulales,Thermosediminibacterales,False,False,True,Thermovenabulia,Clostridia,False,False,True,Firmicutes,Bacillota,True,True,True
8bf3a15fcb9d5db4fd6f5f1e60dbdd2f,374,0.998,0.0,Ruminiclostridium,Ruminiclostridium,True,True,True,Hungateiclostridiaceae,Oscillospiraceae,False,False,True,Oscillospirales,Eubacteriales,False,False,True,Clostridia,Clostridia,True,True,True,Firmicutes,Bacillota,True,True,True
704d9e2c5c3cea3c4683fe56146b043e,371,0.9976,0.0,Syner-01,,False,False,True,Synergistaceae,,False,True,True,Synergistales,,False,True,True,Synergistia,,False,True,True,Synergistota,,False,True,True
a017db3bfdae612d959f9edcc112104c,372,1.0,0.0,Acidovorax,Polaromonas,False,True,True,Comamonadaceae,Comamonadaceae,True,True,True,Burkholderiales,Burkholderiales,True,True,True,Gammaproteobacteria,Betaproteobacteria,False,True,True,Proteobacteria,Pseudomonadota,True,True,True
b1b1498a8ac17d5a79c894f70b0ff7c3,374,0.9966,0.0,nan,Acetivibrio,False,False,False,Hungateiclostridiaceae,Acetivibrionaceae,False,False,True,Oscillospirales,Acetivibrionales,False,False,True,Clostridia,Clostridia,True,True,True,Firmicutes,Bacillota,True,True,True
f988ea53dbaa37384a49d4315240db30,374,1.0,0.0,nan,Alkalisalibacterium,False,False,False,nan,Lysobacteraceae,False,False,False,Xanthomonadales,Lysobacterales,False,False,True,Gammaproteobacteria,Gammaproteobacteria,True,True,True,Proteobacteria,Pseudomonadota,True,True,True
1449d53a8ab97ad249f2332b5bd012b9,374,0.999,0.0,Desulfitibacter,Proteiniphilum,False,False,True,Desulfitibacteraceae,Dysgonomonadaceae,False,False,True,Desulfitibacterales,Bacteroidales,False,False,True,Moorellia,Bacteroidia,False,False,True,Firmicutes,Bacteroidota,False,True,True
64fc10f0a6641c24f1fc81c23d55d3b7,369,0.9995,0.0,midas_g_75908,Andreesenella,False,False,False,Serpentinicella,Natronincolaceae,False,False,True,Peptostreptococcales-Tissierellales,Peptostreptococcales,False,False,True,Clostridia,Clostridia,True,True,True,Firmicutes,Bacillota,True,True,True
a73d6b4ed74fd4af4a3c77ef62e48ec5,374,0.9956,0.0,midas_g_114992,,False,False,False,Dethiobacteraceae,,False,True,True,Dethiobacterales,Christensenellales,False,True,True,Dethiobacteria,Clostridia,False,True,True,Firmicutes,Bacillota,True,True,True
99b459540b7b4682716095be1962981e,373,1.0,0.0,W5,,False,False,True,Cloacimonadaceae,,False,False,True,Cloacimonadales,,False,False,True,Cloacimonadia,,False,False,True,Cloacimonadota,Candidatus Cloacimonadota,False,False,True
e49e2d1740b2969d15197f16c4681997,374,0.998,0.0,midas_g_4301,,False,False,False,SRB2,,False,False,True,Thermoanaerobacterales,,False,False,True,Thermoanaerobacteria,,False,False,True,Firmicutes,Bacillota,True,True,True
494686a85ca80380a18f37e6e723f6ff,374,0.9956,0.0,Ca_Ovatusbacter,,False,False,True,midas_f_2362,,False,False,False,midas_o_147,,False,False,False,Gammaproteobacteria,Gammaproteobacteria,True,True,True,Proteobacteria,Pseudomonadota,True,True,True
3f621680f877f8755d3bf38982001f7b,374,0.9971,0.0,midas_g_88408,,False,False,False,Victivallaceae,Victivallaceae,True,True,True,Victivallales,Victivallales,True,True,True,Lentisphaeria,Lentisphaeria,True,True,True,Verrucomicrobiota,Lentisphaerota,False,False,True
475e27bf3e60bc624563dd2d438e0a64,374,1.0,0.0,nan,Alkalihalophilus,False,False,False,Bacillaceae,Bacillaceae,True,True,True,Bacillales,Caryophanales,False,False,True,Bacilli,Bacilli,True,True,True,Firmicutes,Bacillota,True,True,True
19dccdcbb0a9ad59e58d289bcdb09295,372,0.9985,0.0,nan,Marasmitruncus,False,False,False,Ruminococcaceae,Oscillospiraceae,False,False,True,Oscillospirales,Eubacteriales,False,False,True,Clostridia,Clostridia,True,True,True,Firmicutes,Bacillota,True,True,True
82027df46b4cddd4d7136ccfaa25a19f,374,0.998,0.0,nan,,False,False,False,Gracilibacter,,False,False,True,Gracilibacteraceae,,False,False,True,Clostridia,,False,True,True,Firmicutes,Candidatus Cloacimonadota,False,True,True
fa7c27da02160cd4642de54d236e78fc,371,1.0,0.0,Romboutsia,Clostridium,False,True,True,Peptostreptococcaceae,Clostridiaceae,False,True,True,Peptostreptococcales-Tissierellales,Eubacteriales,False,False,True,Clostridia,Clostridia,True,True,True,Firmicutes,Bacillota,True,True,True
bc3c95276ce632909affc67f9294bde6,373,0.9937,0.0,Dethiobacter,Proteinivorax,False,False,True,Dethiobacteraceae,Proteinivoracaceae,False,False,True,Dethiobacterales,Eubacteriales,False,False,True,Dethiobacteria,Clostridia,False,False,True,Firmicutes,Bacillota,True,True,True
9c4d55fa490cfb3be28c93ed90a4859d,374,0.9966,0.0,midas_g_95485,,False,False,False,Peptococcaceae,,False,False,True,Peptococcales,,False,False,True,Clostridia,,False,True,True,Firmicutes,Candidatus Bathyarchaeota,False,True,True
deac35bb9d47f67965b800fa6c414dea,373,0.9932,0.0,nan,,False,False,False,nan,,False,False,False,nan,,False,False,False,nan,,False,False,False,Firmicutes,Candidatus Coatesiibacteriota,False,True,True
b97547037e6bed020583b930bd3684cc,371,1.0,0.0,midas_g_4579,,False,False,False,Spirochaetaceae,Smithellaceae,False,False,True,Spirochaetales,Syntrophales,False,True,True,Spirochaetia,Syntrophia,False,True,True,Spirochaetota,Thermodesulfobacteriota,False,True,True
bcfc5d3c9a3586094059acfae2f253f4,375,1.0,0.0,midas_g_957,,False,False,False,midas_f_5,,False,False,False,midas_o_5,Candidatus Nanopelagicales,False,False,False,Actinobacteria,Actinomycetes,False,False,True,Actinobacteriota,Actinomycetota,False,False,True
281228d4a8faf2330f12bda44eeeb6af,370,1.0,0.0,Blvii28_wastewater-sludge_group,Anaerolinea,False,False,True,Williamwhitmaniaceae,Anaerolineaceae,False,False,True,Bacteroidales,Anaerolineales,False,True,True,Bacteroidia,Anaerolineae,False,True,True,Bacteroidota,Chloroflexota,False,True,True
69b20cc817bea5dcb9b42ccea6416abb,367,1.0,0.0,Acholeplasma,Acholeplasma,True,True,True,Acholeplasmataceae,Acholeplasmataceae,True,True,True,Acholeplasmatales,Acholeplasmatales,True,True,True,Bacilli,Mollicutes,False,False,True,Firmicutes,Mycoplasmatota,False,False,True
a6e69a1d97c797ccefc9a46e1e9d59b9,376,1.0,0.0,midas_g_485,,False,False,False,midas_f_485,,False,False,False,midas_o_485,,False,False,False,Pla3_lineage,,False,False,True,Planctomycetota,Planctomycetota,True,True,True
f898c7a8c566d0beb46d5448dde2387c,372,1.0,0.0,Bradyrhizobium,Bradyrhizobium,True,True,True,Xanthobacteraceae,Nitrobacteraceae,False,False,True,Rhizobiales,Hyphomicrobiales,False,False,True,Alphaproteobacteria,Alphaproteobacteria,True,True,True,Proteobacteria,Pseudomonadota,True,True,True
d5c1df7b4eb6d1dad40cfc965a64dc91,374,0.9976,0.0,nan,Candidatus Contubernalis,False,False,False,Dethiobacteraceae,Dethiobacteraceae,True,True,True,Dethiobacterales,Dethiobacterales,True,True,True,Dethiobacteria,Dethiobacteria,True,True,True,Firmicutes,Bacillota,True,True,True
4cbb5aa3c9c081eb194c9ef48904828d,371,0.9995,0.0,Anaerovorax,,False,False,True,Anaerovoracaceae,Anaerovoracaceae,True,True,True,Peptostreptococcales-Tissierellales,Peptostreptococcales,False,False,True,Clostridia,Clostridia,True,True,True,Firmicutes,Bacillota,True,True,True
50f6937d35cf193c1881b6fb7c273225,378,0.9995,0.0,Methanobacterium,Methanobacterium,True,True,True,Methanobacteriaceae,Methanobacteriaceae,True,True,True,Methanobacteriales,Methanobacteriales,True,True,True,Methanobacteria,Methanobacteria,True,True,True,Euryarchaeota,Methanobacteriota,True,True,True
f07216e3758674127b729897fc2945ba,374,0.9961,0.0,midas_g_54538,,False,False,False,midas_f_269,,False,False,False,Gaiellales,,False,False,True,Thermoleophilia,Actinomycetes,False,True,True,Actinobacteriota,Actinomycetota,False,False,True
6239566d7bda185bbc00c6475202b675,365,0.9976,0.0,Acholeplasma,,False,True,True,Acholeplasmataceae,Acholeplasmataceae,True,True,True,Acholeplasmatales,Acholeplasmatales,True,True,True,Bacilli,Mollicutes,False,False,True,Firmicutes,Mycoplasmatota,False,True,True
462e7271eadc14fcbbd7f4fda8ca193a,374,0.9956,0.0,nan,,False,False,False,nan,,False,False,False,nan,,False,False,False,nan,,False,False,False,Firmicutes,Bacillota,True,True,True
0d01943ed06ec0c8998ac39665f5452a,374,0.9956,0.0,nan,Candidatus Darwinibacter,False,False,False,nan,Candidatus Darwinibacteriaceae,False,False,False,nan,Candidatus Darwinibacteriales,False,False,False,nan,Clostridia,False,False,False,Firmicutes,Bacillota,True,True,True
88399278e67a6f27c1c493c39b174391,379,1.0,0.0,Methanothermobacter,Candidatus Hadarchaeum,False,True,True,Methanothermobacteriaceae,Candidatus Hadarchaeaceae,False,False,True,Methanobacteriales,Candidatus Hadarchaeales,False,True,True,Methanobacteria,Candidatus Hadarchaeia,False,True,True,Euryarchaeota,Candidatus Hadarchaeota,False,True,True
df20ccfbfc0741ee313d9e9433dbac01,373,0.9976,0.0,nan,Dehalobacter,False,False,False,Syntrophobotulaceae,Desulfitobacteriaceae,False,False,True,Desulfitobacteriales,Eubacteriales,False,False,True,Desulfitobacteriia,Clostridia,False,False,True,Firmicutes,Bacillota,True,True,True
6c75ae436af6e5a1e5b5cdec03d1fd65,374,0.9976,0.0,Syntrophomonas,Syntrophomonas,True,True,True,Syntrophomonadaceae,Syntrophomonadaceae,True,True,True,Syntrophomonadales,Eubacteriales,False,False,True,Syntrophomonadia,Clostridia,False,False,True,Firmicutes,Bacillota,True,True,True
57d80e7465d3924d85b75767855a3c4f,374,0.9961,0.0,nan,,False,False,False,nan,,False,False,False,nan,,False,False,False,Clostridia,Dehalococcoidia,False,True,True,Firmicutes,Chloroflexota,False,True,True
300fe288268b05ea9ab54feeaac5ac13,374,0.9971,0.0,nan,Halothermothrix,False,False,False,midas_f_112,Halothermotrichaceae,False,False,False,MBA03,Halanaerobiales,False,False,True,Limnochordia,Clostridia,False,False,True,Firmicutes,Bacillota,True,True,True
32d1077d28b29a3f6b93e1c0cbad6fda,375,1.0,0.0,Tetrasphaera,,False,False,True,Intrasporangiaceae,,False,True,True,Micrococcales,,False,True,True,Actinobacteria,,False,False,True,Actinobacteriota,Actinomycetota,False,False,True
07a0a37967e31e9f4fe1683f99cc42b7,374,0.9976,0.0,Caldicoprobacter,,False,False,True,Caldicoprobacteraceae,,False,False,True,Caldicoprobacterales,Eubacteriales,False,False,True,Clostridia,Clostridia,True,True,True,Firmicutes,Bacillota,True,True,True
9686ac0f1487906d7d6ebd3fd7dc8d2b,373,0.9971,0.0,nan,Bacteroides,False,False,False,Oscillospiraceae,Bacteroidaceae,False,True,True,Oscillospirales,Bacteroidales,False,False,True,Clostridia,Bacteroidia,False,True,True,Firmicutes,Bacteroidota,False,True,True
9d172cf068d4eda0c6d68f5b9cc75a1e,374,0.998,0.0,HN-HF0106,,False,False,True,Hungateiclostridiaceae,,False,False,True,Oscillospirales,,False,False,True,Clostridia,,False,True,True,Firmicutes,Bacillota,True,True,True
a049ac86c03db7991ef693a1bb025681,378,1.0,0.0,Methanobacterium,Methanobacterium,True,True,True,Methanobacteriaceae,Methanobacteriaceae,True,True,True,Methanobacteriales,Methanobacteriales,True,True,True,Methanobacteria,Methanobacteria,True,True,True,Euryarchaeota,Methanobacteriota,True,True,True
9351cccfbe9ec3b210cc47272367a7df,371,0.9976,0.0,nan,,False,False,False,Anaerovoracaceae,,False,True,True,Peptostreptococcales-Tissierellales,,False,False,True,Clostridia,,False,True,True,Firmicutes,Bacillota,True,True,True
1b928ac12dc87878c3c36113baa33d56,372,0.9985,0.0,Rhodobacter,Microcoleus,False,False,True,Rhodobacteraceae,Microcoleaceae,False,False,True,Rhodobacterales,Oscillatoriales,False,True,True,Alphaproteobacteria,Cyanophyceae,False,True,True,Proteobacteria,Cyanobacteriota,False,True,True
41d1c01fdc01041978b943ebfa386bdb,372,0.9951,0.0,midas_g_1799,Candidatus Darwinibacter,False,False,False,midas_f_1799,Candidatus Darwinibacteriaceae,False,False,False,Proteinivoracales,Candidatus Darwinibacteriales,False,False,True,Clostridia,Clostridia,True,True,True,Firmicutes,Bacillota,True,True,True
7c02fc116dfd968c72ec176c6b121a3a,372,0.9956,0.0,nan,,False,False,False,Christensenellaceae,,False,True,True,Christensenellales,,False,True,True,Clostridia,,False,True,True,Firmicutes,Bacillota,True,True,True
ce835292dded53d610b8b1ca216711c5,371,0.9985,0.0,Anaerovorax,,False,False,True,Anaerovoracaceae,Anaerovoracaceae,True,True,True,Peptostreptococcales-Tissierellales,Peptostreptococcales,False,False,True,Clostridia,Clostridia,True,True,True,Firmicutes,Bacillota,True,True,True
54c489de5ec8c0e9aa68974f8f39d713,372,1.0,0.0,Aquamicrobium,Aquamicrobium,True,True,True,Rhizobiaceae,Phyllobacteriaceae,False,True,True,Rhizobiales,Hyphomicrobiales,False,False,True,Alphaproteobacteria,Alphaproteobacteria,True,True,True,Proteobacteria,Pseudomonadota,True,True,True
fd7c9ad162f78a62dda5099c417becc6,373,1.0,0.0,midas_g_824,,False,False,False,midas_f_813,,False,False,False,midas_o_1,,False,False,False,Anaerolineae,Anaerolineae,True,True,True,Chloroflexi,Chloroflexota,True,True,True
f04ff31f64577aa1ffb8bae8e5bb7028,373,0.9902,0.0,midas_g_94069,,False,False,False,UCG-010,,False,False,True,Oscillospirales,,False,False,True,Clostridia,,False,True,True,Firmicutes,Bacillota,True,True,True
64303da63d4474d55a0486a7f379c2ba,374,0.9976,0.0,Monoglobus,,False,True,True,Monoglobaceae,,False,True,True,Monoglobales,Spirochaetales,False,True,True,Clostridia,Spirochaetia,False,True,True,Firmicutes,Spirochaetota,False,True,True
712f87f5d819a247fd620da2e5d1ba23,374,0.999,0.0,Christensenellaceae_R-7_group,,False,False,True,Christensenellaceae,Christensenellaceae,True,True,True,Christensenellales,Christensenellales,True,True,True,Clostridia,Clostridia,True,True,True,Firmicutes,Bacillota,True,True,True
cfd8b4faf14870a6bdb89a001e770060,372,1.0,0.0,Comamonas,Comamonas,True,True,True,Comamonadaceae,Comamonadaceae,True,True,True,Burkholderiales,Burkholderiales,True,True,True,Gammaproteobacteria,Betaproteobacteria,False,True,True,Proteobacteria,Pseudomonadota,True,True,True
527903fbf386db15505deed22209fe0a,374,0.9985,0.0,nan,Saccharofermentans,False,False,False,Hungateiclostridiaceae,Oscillospiraceae,False,False,True,Oscillospirales,Eubacteriales,False,False,True,Clostridia,Clostridia,True,True,True,Firmicutes,Bacillota,True,True,True
d2324169a6d55451e2666edc82665cba,372,0.9956,0.0,midas_g_1799,,False,False,False,midas_f_1799,,False,False,False,Proteinivoracales,,False,False,True,Clostridia,,False,True,True,Firmicutes,Bacillota,True,True,True
947e4a587725a525a54833c06fcbab42,373,0.9937,0.0,nan,Candidatus Darwinibacter,False,False,False,midas_f_1799,Candidatus Darwinibacteriaceae,False,False,False,Proteinivoracales,Candidatus Darwinibacteriales,False,False,True,Clostridia,Clostridia,True,True,True,Firmicutes,Bacillota,True,True,True
cac0146ef6e3485fd6a9f6cd8f6ccb06,372,0.9985,0.0,nan,,False,False,False,Christensenellaceae,,False,True,True,Christensenellales,Christensenellales,True,True,True,Clostridia,Clostridia,True,True,True,Firmicutes,Bacillota,True,True,True
b513381a51c3d1b0d7e568a804954430,378,0.999,0.0,Methanobacterium,Methanobacterium,True,True,True,Methanobacteriaceae,Methanobacteriaceae,True,True,True,Methanobacteriales,Methanobacteriales,True,True,True,Methanobacteria,Methanobacteria,True,True,True,Euryarchaeota,Methanobacteriota,True,True,True
713956008008d889ae4a6327cb4f1061,371,0.9995,0.0,Syner-01,,False,False,True,Synergistaceae,Synergistaceae,True,True,True,Synergistales,Synergistales,True,True,True,Synergistia,Synergistia,True,True,True,Synergistota,Synergistota,True,True,True
349d6e0ff74f02b6d2d55d29a6084ea2,375,1.0,0.0,Marmoricola,Marmoricola,True,True,True,Nocardioidaceae,Nocardioidaceae,True,True,True,Propionibacteriales,Propionibacteriales,True,True,True,Actinobacteria,Actinomycetes,False,False,True,Actinobacteriota,Actinomycetota,False,False,True
26897509b56c5bcf18626b728a146bca,369,1.0,0.0,Sedimentibacter,,False,True,True,Sedimentibacteraceae,,False,False,True,Peptostreptococcales-Tissierellales,,False,False,True,Clostridia,,False,True,True,Firmicutes,Bacteroidota,False,True,True
1be424347c91d4aef0664f5e7d157c32,373,1.0,0.0,Christensenellaceae_R-7_group,Christensenella,False,False,True,Christensenellaceae,Christensenellaceae,True,True,True,Christensenellales,Christensenellales,True,True,True,Clostridia,Clostridia,True,True,True,Firmicutes,Bacillota,True,True,True
6bb602f161cd434e740b0b0694a2fe7e,375,0.9995,0.0,Tessaracoccus,Arachnia,False,True,True,Propionibacteriaceae,Propionibacteriaceae,True,True,True,Propionibacteriales,Propionibacteriales,True,True,True,Actinobacteria,Actinomycetes,False,False,True,Actinobacteriota,Actinomycetota,False,False,True
8fd7af3fd41ce627d8be20317e594132,369,0.9971,0.0,midas_g_75908,Andreesenella,False,False,False,Serpentinicella,Natronincolaceae,False,False,True,Peptostreptococcales-Tissierellales,Peptostreptococcales,False,False,True,Clostridia,Clostridia,True,True,True,Firmicutes,Bacillota,True,True,True
068318d9dda2d16e8aa77418261bd64b,371,1.0,0.0,Syner-01,,False,False,True,Synergistaceae,,False,True,True,Synergistales,Synergistales,True,True,True,Synergistia,Synergistia,True,True,True,Synergistota,Synergistota,True,True,True
67eb9981d1bfffccac7b787cebaaa01b,370,0.9971,0.0,midas_g_36215,,False,False,False,Rikenellaceae,,False,True,True,Bacteroidales,Bacteroidales,True,True,True,Bacteroidia,Bacteroidia,True,True,True,Bacteroidota,Bacteroidota,True,True,True
99f9b204f31c6690c17496f44394b974,375,1.0,0.0,Leucobacter,Leucobacter,True,True,True,Microbacteriaceae,Microbacteriaceae,True,True,True,Micrococcales,Micrococcales,True,True,True,Actinobacteria,Actinomycetes,False,False,True,Actinobacteriota,Actinomycetota,False,False,True
dbb33c04baa39aa2036f66ac54d07dac,374,0.998,0.0,Syntrophomonas,,False,True,True,Syntrophomonadaceae,Syntrophomonadaceae,True,True,True,Syntrophomonadales,Eubacteriales,False,False,True,Syntrophomonadia,Clostridia,False,False,True,Firmicutes,Bacillota,True,True,True
94c501c5d59dddbd80effa77dbceebe0,374,0.9951,0.0,midas_g_95534,,False,False,False,Peptococcaceae,,False,False,True,Peptococcales,,False,False,True,Clostridia,,False,True,True,Firmicutes,Bacillota,True,True,True
c97b49b5849b709da91fb5f6f48cd9eb,373,1.0,0.0,Sphingosinicella,Sphingosinicella,True,True,True,Sphingomonadaceae,Sphingosinicellaceae,False,True,True,Sphingomonadales,Sphingomonadales,True,True,True,Alphaproteobacteria,Alphaproteobacteria,True,True,True,Proteobacteria,Pseudomonadota,True,True,True
cff8e2e801a0c5c478ebbe42363d2ee7,374,0.9956,0.0,HN-HF0106,Thermoclostridium,False,False,True,Hungateiclostridiaceae,Oscillospiraceae,False,False,True,Oscillospirales,Eubacteriales,False,False,True,Clostridia,Clostridia,True,True,True,Firmicutes,Bacillota,True,True,True
203409814477d3107596c93e9ba7e5bc,374,0.999,0.0,Ercella,,False,False,True,Hungateiclostridiaceae,,False,False,True,Oscillospirales,Eubacteriales,False,False,True,Clostridia,Clostridia,True,True,True,Firmicutes,Bacillota,True,True,True
8e9415fb1edc2f6f3ccda52f97761c01,372,1.0,0.0,nan,Gemmobacter,False,False,False,Rhodobacteraceae,Paracoccaceae,False,False,True,Rhodobacterales,Rhodobacterales,True,True,True,Alphaproteobacteria,Alphaproteobacteria,True,True,True,Proteobacteria,Pseudomonadota,True,True,True
fb89ee34d5f2ddb3d1ce9da15080b792,368,0.9985,0.0,Haloplasma,,False,False,True,Haloplasmataceae,,False,True,True,Haloplasmatales,,False,True,True,Bacilli,,False,True,True,Firmicutes,Mycoplasmatota,False,True,True
07e45dbcdbdf6f14162122517de780b0,371,1.0,0.0,Asaccharospora,Faecalibacterium,False,False,True,Peptostreptococcaceae,Oscillospiraceae,False,True,True,Peptostreptococcales-Tissierellales,Eubacteriales,False,False,True,Clostridia,Clostridia,True,True,True,Firmicutes,Bacillota,True,True,True
10bb410cab85c3ad55c3e1b7a643ae2a,370,1.0,0.0,midas_g_19,Cronobacter,False,False,False,Bacteroidetes_vadinHA17,Enterobacteriaceae,False,False,True,Bacteroidales,Enterobacterales,False,True,True,Bacteroidia,Gammaproteobacteria,False,True,True,Bacteroidota,Pseudomonadota,False,True,True
fa8e5e27d8fba25e37fc05340a105914,377,1.0,0.0,Methanomassiliicoccus,,False,True,True,Methanomassiliicoccaceae,Methanomassiliicoccaceae,True,True,True,Methanomassiliicoccales,Methanomassiliicoccales,True,True,True,Thermoplasmata,Thermoplasmata,True,True,True,Thermoplasmatota,Thermoplasmatota,True,True,True
a5ad9574a1f8aea06b6dfaff6eddfff7,373,1.0,0.0,Halomonas,,False,True,True,Halomonadaceae,Crocinitomicaceae,False,True,True,Pseudomonadales,Flavobacteriales,False,False,True,Gammaproteobacteria,Flavobacteriia,False,True,True,Proteobacteria,Bacteroidota,False,True,True
4e9f7176de6f2af840aa8a369a060705,372,1.0,0.0,Bosea,Allobosea,False,False,True,Beijerinckiaceae,Alloboseaceae,False,False,True,Rhizobiales,Hyphomicrobiales,False,False,True,Alphaproteobacteria,Alphaproteobacteria,True,True,True,Proteobacteria,Pseudomonadota,True,True,True
74316f0e658505498c0bd04393736a67,372,0.9995,0.0,Bosea,Allobosea,False,False,True,Beijerinckiaceae,Alloboseaceae,False,False,True,Rhizobiales,Hyphomicrobiales,False,False,True,Alphaproteobacteria,Alphaproteobacteria,True,True,True,Proteobacteria,Pseudomonadota,True,True,True
ffc8f144edd6d82dce1b1b9056b59bef,375,0.9971,0.0,midas_g_110369,Tautonia,False,False,False,Isosphaeraceae,Isosphaeraceae,True,True,True,Isosphaerales,Isosphaerales,True,True,True,Planctomycetes,Planctomycetia,False,False,True,Planctomycetota,Planctomycetota,True,True,True
1ec11c735d1eb801372d246be26034d7,374,0.9985,0.0,Christensenellaceae_R-7_group,,False,False,True,Christensenellaceae,,False,False,True,Christensenellales,,False,True,True,Clostridia,,False,True,True,Firmicutes,Bacillota,True,True,True
3ab03e560dde34c45b0a4e71c809c190,378,0.9976,0.0,Methanobacterium,Methanobacterium,True,True,True,Methanobacteriaceae,Methanobacteriaceae,True,True,True,Methanobacteriales,Methanobacteriales,True,True,True,Methanobacteria,Methanobacteria,True,True,True,Euryarchaeota,Methanobacteriota,True,True,True
88dc9b1bf64124875974e6e8ce1bb2e0,374,1.0,0.0,Dietzia,Dietzia,True,True,True,Dietziaceae,Dietziaceae,True,True,True,Corynebacteriales,Mycobacteriales,False,False,True,Actinobacteria,Actinomycetes,False,False,True,Actinobacteriota,Actinomycetota,False,False,True
f20c6c1ebf09a1b98bf630fc9920e8b6,374,0.9976,0.0,midas_g_114528,,False,False,False,Peptococcaceae,,False,False,True,Peptococcales,,False,False,True,Clostridia,,False,True,True,Firmicutes,Bacillota,True,True,True
c7b5ccd6001f20b113bf480efab552c9,372,0.9956,0.0,midas_g_4324,,False,False,False,midas_f_55,,False,False,False,Aminicenantales,,False,False,True,Aminicenantia,,False,False,True,Acidobacteriota,Candidatus Aminicenantota,False,True,True
713e9dcfb8f87d843735061fd6bfe1e1,376,0.9927,0.0,midas_g_6733,,False,False,False,midas_f_796,,False,False,False,midas_o_796,,False,False,False,midas_c_796,,False,False,False,WS1,Armatimonadota,False,False,True
effac6ec8d11ae5d2d4f029c5f18e3be,370,0.9937,0.0,Abditibacterium,,False,False,True,Abditibacteriaceae,,False,False,True,Abditibacteriales,,False,False,True,Abditibacteria,,False,False,True,Abditibacteriota,,False,False,True
b4ddae050e7f8cb4e050ab8c7595731c,372,0.9971,0.0,nan,,False,False,False,Christensenellaceae,Christensenellaceae,True,True,True,Christensenellales,Christensenellales,True,True,True,Clostridia,Clostridia,True,True,True,Firmicutes,Bacillota,True,True,True
9ccaa8cf8d7eeb8aafaae75175346f12,374,0.9966,0.0,Christensenellaceae_R-7_group,,False,False,True,Christensenellaceae,Lachnospiraceae,False,False,True,Christensenellales,Lachnospirales,False,True,True,Clostridia,Clostridia,True,True,True,Firmicutes,Bacillota,True,True,True
37d606d03d54c46da31b937d8f5b6b61,373,0.999,0.0,nan,Propionispora,False,False,False,nan,Sporomusaceae,False,False,False,Veillonellales-Selenomonadales,Selenomonadales,False,False,True,Negativicutes,Negativicutes,True,True,True,Firmicutes,Bacillota,True,True,True
85f6db727b9f9f28fa57d33177a6f386,372,0.9995,0.0,Devosia,Devosia,True,True,True,Devosiaceae,Devosiaceae,True,True,True,Rhizobiales,Hyphomicrobiales,False,False,True,Alphaproteobacteria,Alphaproteobacteria,True,True,True,Proteobacteria,Pseudomonadota,True,True,True
3182f7f1481c062400961d614823e485,373,1.0,0.0,Lachnoclostridium,Lacrimispora,False,False,True,Lachnospiraceae,Lachnospiraceae,True,True,True,Lachnospirales,Lachnospirales,True,True,True,Clostridia,Clostridia,True,True,True,Firmicutes,Bacillota,True,True,True
9ff60b1660430eecb3f6b31e6f3db189,372,0.9961,0.005733616,midas_g_49834,,False,False,False,Christensenellaceae,,False,True,True,Christensenellales,,False,True,True,Clostridia,,False,True,True,Firmicutes,Bacillota,True,True,True
c97244fcde2f912b5f515df2d4803f23,374,0.999,0.0,midas_g_112,,False,False,False,midas_f_112,,False,False,False,MBA03,,False,False,True,Limnochordia,,False,False,True,Firmicutes,Bacillota,True,True,True
3e0febfb4a6a1915ac7dbadd489360be,372,0.9995,0.0,midas_g_153,,False,False,False,Rhizobiaceae,,False,False,True,Rhizobiales,,False,False,True,Alphaproteobacteria,Alphaproteobacteria,True,True,True,Proteobacteria,Pseudomonadota,True,True,True
402e6b5b282305d18249bfd6887eee0a,373,0.9995,0.0,Lachnoclostridium,Lacrimispora,False,False,True,Lachnospiraceae,Lachnospiraceae,True,True,True,Lachnospirales,Lachnospirales,True,True,True,Clostridia,Clostridia,True,True,True,Firmicutes,Bacillota,True,True,True
057bcefe7d185d0daf7b610144b1fa59,374,0.9995,0.0,midas_g_859,,False,False,False,JG30-KF-CM45,,False,False,True,Thermomicrobiales,,False,True,True,Chloroflexia,Chloroflexia,True,True,True,Chloroflexi,Chloroflexota,True,True,True
026600da36b900cf6ff6ee481b90793a,374,1.0,0.0,Methylotenera,,False,True,True,Methylophilaceae,,False,True,True,Burkholderiales,,False,False,True,Gammaproteobacteria,Betaproteobacteria,False,True,True,Proteobacteria,Pseudomonadota,True,True,True
6ebfd1a0916bd58f511567f732c9a115,369,0.9951,0.0,Sedimentibacter,,False,True,True,Sedimentibacteraceae,,False,False,True,Peptostreptococcales-Tissierellales,,False,False,True,Clostridia,,False,True,True,Firmicutes,Bacteroidota,False,True,True
48583aa878619934f2f6d8583cccae68,378,0.9995,0.0,Methanobacterium,Methanobacterium,True,True,True,Methanobacteriaceae,Methanobacteriaceae,True,True,True,Methanobacteriales,Methanobacteriales,True,True,True,Methanobacteria,Methanobacteria,True,True,True,Euryarchaeota,Methanobacteriota,True,True,True
8d5c57433a03e4329c7e6b3aaf6668a1,371,0.9961,0.0,nan,Demequina,False,False,False,midas_f_6325,Demequinaceae,False,False,False,OPB41,Micrococcales,False,False,True,Coriobacteriia,Actinomycetes,False,False,True,Actinobacteriota,Actinomycetota,False,False,True
270c5d9a2223e0f5d99547e426bc19e4,378,0.9995,0.0,Methanobacterium,Methanobacterium,True,True,True,Methanobacteriaceae,Methanobacteriaceae,True,True,True,Methanobacteriales,Methanobacteriales,True,True,True,Methanobacteria,Methanobacteria,True,True,True,Euryarchaeota,Methanobacteriota,True,True,True
da42156b748b0af3ebc3c6268720755e,374,0.9961,0.0,midas_g_6489,,False,False,False,Anaerolineaceae,,False,True,True,Anaerolineales,,False,True,True,Anaerolineae,,False,True,True,Chloroflexi,Chloroflexota,True,True,True
0530769e11e7f6b51e29aec47064b7cf,373,0.9976,0.0,nan,Sporobacter,False,False,False,Oscillospiraceae,Oscillospiraceae,True,True,True,Oscillospirales,Eubacteriales,False,False,True,Clostridia,Clostridia,True,True,True,Firmicutes,Bacillota,True,True,True
bdd1ff0b7dda6da30f922fc86600543a,372,1.0,0.0,Hathewaya,Hathewaya,True,True,True,Clostridiaceae,Clostridiaceae,True,True,True,Clostridiales,Eubacteriales,False,False,True,Clostridia,Clostridia,True,True,True,Firmicutes,Bacillota,True,True,True
8d6e9c000ccfb1a2eb70d805990db95d,371,0.9995,0.0,Tuzzerella,,False,False,True,Lachnospiraceae,Lachnospiraceae,True,True,True,Lachnospirales,Lachnospirales,True,True,True,Clostridia,Clostridia,True,True,True,Firmicutes,Bacillota,True,True,True
43c0b25b6784fa0e906d10eea57852c8,374,0.9971,0.0,Ruminiclostridium,,False,False,True,Hungateiclostridiaceae,,False,False,True,Oscillospirales,,False,False,True,Clostridia,,False,True,True,Firmicutes,Bacillota,True,True,True
353932b8f9bc8551107028bbc48b250c,372,0.9941,0.0,nan,,False,False,False,UCG-010,,False,False,True,Oscillospirales,Eubacteriales,False,False,True,Clostridia,Clostridia,True,True,True,Firmicutes,Bacillota,True,True,True
c1ed97b9675b1d0f08c9cd6e6ab9eb76,370,1.0,0.0,midas_g_90313,,False,False,False,UCG-010,,False,False,True,Oscillospirales,,False,False,True,Clostridia,,False,True,True,Firmicutes,Bacillota,True,True,True
614e12aec73ab6030db3c1a7f5141bba,373,0.9995,0.0,W5,,False,False,True,Cloacimonadaceae,Candidatus Cloacimonadaceae,False,False,True,Cloacimonadales,Candidatus Cloacimonadales,False,False,True,Cloacimonadia,Candidatus Cloacimonadia,False,False,True,Cloacimonadota,Candidatus Cloacimonadota,False,False,True
c54740e67850b527400a77af33bd3d89,377,1.0,0.0,Ca_Methanofastidiosum,,False,False,True,Methanofastidiosaceae,,False,False,True,Methanofastidiosales,,False,False,True,Thermococci,,False,True,True,Euryarchaeota,Methanobacteriota,True,True,True
6bbba65392a923662648a61d94002b30,371,0.9951,0.0,midas_g_107376,,False,False,False,Lachnospiraceae,Vallitaleaceae,False,True,True,Lachnospirales,Lachnospirales,True,True,True,Clostridia,Clostridia,True,True,True,Firmicutes,Bacillota,True,True,True
7ca0aa981440578673a435c612592e0b,371,1.0,0.0,Syner-01,Aminivibrio,False,False,True,Synergistaceae,Aminobacteriaceae,False,True,True,Synergistales,Synergistales,True,True,True,Synergistia,Synergistia,True,True,True,Synergistota,Synergistota,True,True,True
03a6a6d84a7be4b11b6467c91ca79d57,364,0.9971,0.0,nan,,False,False,False,nan,,False,False,False,nan,,False,False,False,nan,,False,False,False,nan,Bacillota,False,False,False
0cdf6b354c008cd74c18af9f484f8bf7,370,0.9995,0.0,Blvii28_wastewater-sludge_group,Anaerolinea,False,False,True,Williamwhitmaniaceae,Anaerolineaceae,False,False,True,Bacteroidales,Anaerolineales,False,True,True,Bacteroidia,Anaerolineae,False,True,True,Bacteroidota,Chloroflexota,False,True,True
1cb61b915d95b3ecc06c6a25f791670e,370,0.9951,0.0,Mangroviflexus,Geofilum,False,False,True,Marinilabiliaceae,Marinilabiliaceae,True,True,True,Bacteroidales,Marinilabiliales,False,True,True,Bacteroidia,Bacteroidia,True,True,True,Bacteroidota,Bacteroidota,True,True,True
7c6299b064794dfea9e563a4645d1bbf,378,0.9985,0.0,Methanobacterium,Methanobacterium,True,True,True,Methanobacteriaceae,Methanobacteriaceae,True,True,True,Methanobacteriales,Methanobacteriales,True,True,True,Methanobacteria,Methanobacteria,True,True,True,Euryarchaeota,Methanobacteriota,True,True,True
ee84ea845fe5d8d3ed55ae230c5b7e62,374,0.9946,0.0,nan,Candidatus Darwinibacter,False,False,False,midas_f_112,Candidatus Darwinibacteriaceae,False,False,False,MBA03,Candidatus Darwinibacteriales,False,False,True,Limnochordia,Clostridia,False,False,True,Firmicutes,Bacillota,True,True,True
49c2b5d0aaf2ac8b0ee6cae5b6c5a8f4,372,1.0,0.011467232,Pseudolabrys,Undibacter,False,True,True,Xanthobacteraceae,Nitrobacteraceae,False,True,True,Rhizobiales,Hyphomicrobiales,False,False,True,Alphaproteobacteria,Alphaproteobacteria,True,True,True,Proteobacteria,Pseudomonadota,True,True,True
bab46dfd2ebedb1ecc30e955eb423156,369,0.999,0.0,midas_g_75908,Alkaliphilus,False,False,False,Serpentinicella,Natronincolaceae,False,False,True,Peptostreptococcales-Tissierellales,Peptostreptococcales,False,False,True,Clostridia,Clostridia,True,True,True,Firmicutes,Bacillota,True,True,True
fdbf76a389e7e1045f64dcd50696b8e7,374,0.9995,0.0,Christensenellaceae_R-7_group,Candidatus Pullichristensenella,False,False,True,Christensenellaceae,,False,False,True,Christensenellales,,False,True,True,Clostridia,Clostridia,True,True,True,Firmicutes,Bacillota,True,True,True
d7e616d63605ffd0d9129244621edbfc,372,1.0,0.0,midas_g_249,,False,False,False,Synergistaceae,Synergistaceae,True,True,True,Synergistales,Synergistales,True,True,True,Synergistia,Synergistia,True,True,True,Synergistota,Synergistota,True,True,True
1071b98661dd8853c0e46701d6b23af6,374,0.9966,0.0,nan,,False,False,False,midas_f_112,Christensenellaceae,False,False,False,MBA03,Christensenellales,False,False,True,Limnochordia,Clostridia,False,False,True,Firmicutes,Bacillota,True,True,True
6ba11aa98436328c7d53c0b5db9dd2b0,374,0.9961,0.0,nan,,False,False,False,Peptococcaceae,,False,False,True,Peptococcales,,False,False,True,Clostridia,,False,True,True,Firmicutes,,False,True,True
592e037654532013ab7258e4ae16b0b5,374,0.9961,0.0,midas_g_28347,,False,False,False,midas_f_216,,False,False,False,midas_o_216,,False,False,False,midas_c_216,,False,False,False,Armatimonadota,Armatimonadota,True,True,True
91ae0ed28c5142ecc8b8e9a5d5f707d5,374,1.0,0.0,Clostridium_sensu_stricto_18,Clostridium,False,False,True,Clostridiaceae,Clostridiaceae,True,True,True,Clostridiales,Eubacteriales,False,False,True,Clostridia,Clostridia,True,True,True,Firmicutes,Bacillota,True,True,True
d0d582d9d9b71467f236f9bace54eea5,372,0.9995,0.0,nan,Paenacidovorax,False,False,False,Comamonadaceae,Comamonadaceae,True,True,True,Burkholderiales,Burkholderiales,True,True,True,Gammaproteobacteria,Betaproteobacteria,False,False,True,Proteobacteria,Pseudomonadota,True,True,True
440cf59737156116c2e42f84552562b8,372,0.9995,0.0,nan,Aquamicrobium,False,False,False,Rhizobiaceae,Phyllobacteriaceae,False,True,True,Rhizobiales,Hyphomicrobiales,False,False,True,Alphaproteobacteria,Alphaproteobacteria,True,True,True,Proteobacteria,Pseudomonadota,True,True,True
4427597bcba686e28f83a29252ed6e17,392,0.9907,0.0,Lentimicrobium,,False,False,True,Lentimicrobiaceae,Lentimicrobiaceae,True,True,True,Sphingobacteriales,Bacteroidales,False,False,True,Bacteroidia,Bacteroidia,True,True,True,Bacteroidota,Bacteroidota,True,True,True
c0accb6471609a9265cb168064555980,371,0.998,0.0,nan,,False,False,False,Anaerovoracaceae,,False,True,True,Peptostreptococcales-Tissierellales,,False,False,True,Clostridia,,False,True,True,Firmicutes,Bacillota,True,True,True
d8ed5ca0e05ed7e2c1fb30325a7f1e0f,370,0.9951,,,,False,False,False,,Filifactoraceae,False,False,False,,Peptostreptococcales,False,False,False,,Clostridia,False,False,False,,Bacillota,False,False,False
b659fcf2b17787c3e45bedfc42a89936,368,0.9976,0.0,Haloplasma,,False,True,True,Haloplasmataceae,,False,True,True,Haloplasmatales,,False,True,True,Bacilli,,False,True,True,Firmicutes,Mycoplasmatota,False,True,True
d947bf2404132e0163f3c59d1bce36f7,370,1.0,0.0,midas_g_326,,False,False,False,Bacteroidetes_vadinHA17,,False,False,True,Bacteroidales,,False,True,True,Bacteroidia,,False,True,True,Bacteroidota,Bacteroidota,True,True,True
e17dcd58f6ca08bacf65afcde751be53,374,0.9956,0.0,nan,,False,False,False,Dethiobacteraceae,,False,False,True,Dethiobacterales,,False,False,True,Dethiobacteria,,False,False,True,Firmicutes,Bacillota,True,True,True
beb16d17921d9d616810cfda4d470651,375,1.0,0.0,Leucobacter,Leucobacter,True,True,True,Microbacteriaceae,Microbacteriaceae,True,True,True,Micrococcales,Micrococcales,True,True,True,Actinobacteria,Actinomycetes,False,False,True,Actinobacteriota,Actinomycetota,False,False,True
c04f2aa72eb5915198cc74dedbb985ea,372,0.9976,0.0,midas_g_51070,,False,False,False,Christensenellaceae,Christensenellaceae,True,True,True,Christensenellales,Christensenellales,True,True,True,Clostridia,Clostridia,True,True,True,Firmicutes,Bacillota,True,True,True
0cfcb3be22238be1393c01bbede5d1d9,393,0.9897,0.0,nan,Burkholderia,False,False,False,nan,Burkholderiaceae,False,False,False,Burkholderiales,Burkholderiales,True,True,True,Gammaproteobacteria,Betaproteobacteria,False,False,True,Proteobacteria,Pseudomonadota,True,True,True
147f672fdb531def69cb4b3f1c5029da,375,0.999,0.0,Leucobacter,Leucobacter,True,True,True,Microbacteriaceae,Microbacteriaceae,True,True,True,Micrococcales,Micrococcales,True,True,True,Actinobacteria,Actinomycetes,False,False,True,Actinobacteriota,Actinomycetota,False,False,True
5f41d216306c604d87ba8ffe56340e7f,374,0.9956,0.0,midas_g_91387,Biomaibacter,False,False,False,Tepidanaerobacter,Tepidanaerobacteraceae,False,False,True,Thermovenabulales,Thermosediminibacterales,False,False,True,Thermovenabulia,Clostridia,False,False,True,Firmicutes,Bacillota,True,True,True
b59754bec2dc431ceec006fa8d612183,369,1.0,0.0,midas_g_75908,Serpentinicella,False,False,False,Serpentinicella,Natronincolaceae,False,False,True,Peptostreptococcales-Tissierellales,Peptostreptococcales,False,False,True,Clostridia,Clostridia,True,True,True,Firmicutes,Bacillota,True,True,True
43c944338e9f3b7dbdf05108887a754a,374,0.9995,0.0,midas_g_156,Cronobacter,False,False,False,Anaerolineaceae,Enterobacteriaceae,False,True,True,Anaerolineales,Enterobacterales,False,True,True,Anaerolineae,Gammaproteobacteria,False,True,True,Chloroflexi,Pseudomonadota,False,True,True
4faa3699baba0e697f56b8f69a2a1f40,374,0.998,0.0,midas_g_6626,,False,False,False,Hungateiclostridiaceae,,False,False,True,Oscillospirales,,False,False,True,Clostridia,Clostridia,True,True,True,Firmicutes,Bacillota,True,True,True
133665f9942b3d081efe500725f373da,374,0.9995,0.0,Syntrophomonas,,False,True,True,Syntrophomonadaceae,Syntrophomonadaceae,True,True,True,Syntrophomonadales,Eubacteriales,False,False,True,Syntrophomonadia,Clostridia,False,False,True,Firmicutes,Bacillota,True,True,True
da066c0fbe0dcc118b4086184c3a4833,374,0.999,0.0,Christensenellaceae_R-7_group,,False,False,True,Christensenellaceae,,False,False,True,Christensenellales,Christensenellales,True,True,True,Clostridia,Clostridia,True,True,True,Firmicutes,Bacillota,True,True,True
5c52186b7c44d5709af099adc5dea216,378,0.9995,0.0,Methanobacterium,Methanobacterium,True,True,True,Methanobacteriaceae,Methanobacteriaceae,True,True,True,Methanobacteriales,Methanobacteriales,True,True,True,Methanobacteria,Methanobacteria,True,True,True,Euryarchaeota,Methanobacteriota,True,True,True
c287fac948d2152e5ef093dc4b9ea1c6,374,0.9985,0.0,nan,Ruminiclostridium,False,False,False,Hungateiclostridiaceae,Oscillospiraceae,False,False,True,Oscillospirales,Eubacteriales,False,False,True,Clostridia,Clostridia,True,True,True,Firmicutes,Bacillota,True,True,True
144e3876b7943b5474d329bec54856a4,378,1.0,0.0,Methanoculleus,Methanoculleus,True,True,True,Methanomicrobiaceae,Methanomicrobiaceae,True,True,True,Methanomicrobiales,Methanomicrobiales,True,True,True,Methanomicrobia,Methanomicrobia,True,True,True,Halobacterota,Methanobacteriota,False,False,True
f9e991f7932771f75b908089e6a3c5f0,371,1.0,0.0,midas_g_762,Cronobacter,False,False,False,Synergistaceae,Enterobacteriaceae,False,True,True,Synergistales,Enterobacterales,False,True,True,Synergistia,Gammaproteobacteria,False,True,True,Synergistota,Pseudomonadota,False,True,True
471ee7e3392aa06c75547eca0d50fdec,374,0.998,0.0,nan,Acetivibrio,False,False,False,Hungateiclostridiaceae,Acetivibrionaceae,False,False,True,Oscillospirales,Acetivibrionales,False,False,True,Clostridia,Clostridia,True,True,True,Firmicutes,Bacillota,True,True,True
6e01e4385cee37baa2cba8e4af01c030,372,1.0,0.0,Lautropia,,False,False,True,Burkholderiaceae,Burkholderiaceae,True,True,True,Burkholderiales,Burkholderiales,True,True,True,Gammaproteobacteria,Betaproteobacteria,False,False,True,Proteobacteria,Pseudomonadota,True,True,True
51f21ba905941f4cf5d9c5e0d6e00bd4,372,0.999,0.0,Anaerotruncus,Marasmitruncus,False,True,True,Ruminococcaceae,Oscillospiraceae,False,False,True,Oscillospirales,Eubacteriales,False,False,True,Clostridia,Clostridia,True,True,True,Firmicutes,Bacillota,True,True,True
8e6aad6b74b9b6601b06801e804b3ab3,372,1.0,0.0,nan,Plastorhodobacter,False,False,False,Rhodobacteraceae,Paracoccaceae,False,False,True,Rhodobacterales,Rhodobacterales,True,True,True,Alphaproteobacteria,Alphaproteobacteria,True,True,True,Proteobacteria,Pseudomonadota,True,True,True
de6e665cc2a0ca6ca74b71b0581558e7,377,0.9995,0.0,Methanomassiliicoccus,Methanomassiliicoccus,True,True,True,Methanomassiliicoccaceae,Methanomassiliicoccaceae,True,True,True,Methanomassiliicoccales,Methanomassiliicoccales,True,True,True,Thermoplasmata,Thermoplasmata,True,True,True,Thermoplasmatota,Thermoplasmatota,True,True,True
07751ebfb567d65db3f366d9c4037e68,377,0.999,0.0,Methanomassiliicoccus,,False,True,True,Methanomassiliicoccaceae,,False,True,True,Methanomassiliicoccales,Methanomassiliicoccales,True,True,True,Thermoplasmata,Thermoplasmata,True,True,True,Thermoplasmatota,Thermoplasmatota,True,True,True
451acf82a2350fce17f55d27708aa232,373,0.9966,0.0,midas_g_91392,,False,False,False,midas_f_1979,,False,False,False,midas_o_1979,Eubacteriales,False,False,False,Limnochordia,Clostridia,False,False,True,Firmicutes,Bacillota,True,True,True
14ce80de12b0526121a4d0f4058099d1,373,0.9966,0.0,midas_g_102931,Intestinimonas,False,False,False,Oscillospiraceae,,False,True,True,Oscillospirales,Eubacteriales,False,False,True,Clostridia,Clostridia,True,True,True,Firmicutes,Bacillota,True,True,True
76a43b01e1b397fed9d963f273f17a59,374,0.9961,0.0,Christensenellaceae_R-7_group,,False,False,True,Christensenellaceae,,False,False,True,Christensenellales,,False,True,True,Clostridia,Clostridia,True,True,True,Firmicutes,Bacillota,True,True,True
b4047348b90c6f16b7fba7f7330bf87e,370,1.0,0.0,midas_g_22,,False,False,False,ST-12K33,,False,False,True,Sphingobacteriales,,False,True,True,Bacteroidia,,False,True,True,Bacteroidota,Bacteroidota,True,True,True
e7fedde48db99c6379c14aea36d0e5d2,373,0.9946,0.0,nan,,False,False,False,Christensenellaceae,,False,True,True,Christensenellales,Eubacteriales,False,True,True,Clostridia,Clostridia,True,True,True,Firmicutes,Bacillota,True,True,True
8906a08ad08c20a3b13351fb1619866c,373,0.9985,,,,False,False,False,,,False,False,False,,,False,False,False,,,False,False,False,,Bacteroidota,False,False,False
f16e4c6266ddf5fc9dd22ebb744cb295,371,0.9985,0.0,nan,,False,False,False,Anaerovoracaceae,,False,True,True,Peptostreptococcales-Tissierellales,,False,False,True,Clostridia,,False,True,True,Firmicutes,Bacillota,True,True,True
1910bfda20570cb1978198cf2fa8e330,374,0.9976,0.0,midas_g_52243,,False,False,False,Hungateiclostridiaceae,,False,False,True,Oscillospirales,,False,False,True,Clostridia,,False,True,True,Firmicutes,Bacillota,True,True,True
ef7c28bb28866912b76003ee110bdf6b,374,1.0,0.0,Pseudoxanthomonas,Pseudoxanthomonas,True,True,True,Xanthomonadaceae,Lysobacteraceae,False,False,True,Xanthomonadales,Lysobacterales,False,False,True,Gammaproteobacteria,Gammaproteobacteria,True,True,True,Proteobacteria,Pseudomonadota,True,True,True
ec32cc6605cedce13a2049357143079a,374,0.9961,0.0,midas_g_5977,Saccharofermentans,False,False,False,Hungateiclostridiaceae,Oscillospiraceae,False,False,True,Oscillospirales,Eubacteriales,False,False,True,Clostridia,Clostridia,True,True,True,Firmicutes,Bacillota,True,True,True
913e8b6ddca7947f95db836301d8e9cd,372,1.0,0.0,Allorhizobium-Neorhizobium-Pararhizobium-Rhizobium,Rhizobium,False,False,True,Rhizobiaceae,Rhizobiaceae,True,True,True,Rhizobiales,Hyphomicrobiales,False,False,True,Alphaproteobacteria,Alphaproteobacteria,True,True,True,Proteobacteria,Pseudomonadota,True,True,True
7229a1a874924db8456664b2a5985136,374,0.9985,0.0,nan,Herbinix,False,False,False,Lachnospiraceae,Lachnospiraceae,True,True,True,Lachnospirales,Lachnospirales,True,True,True,Clostridia,Clostridia,True,True,True,Firmicutes,Bacillota,True,True,True
18ad5983778a83a204dd34420be14f74,372,0.9995,0.0,Bosea,,False,False,True,Beijerinckiaceae,,False,False,True,Rhizobiales,Hyphomicrobiales,False,False,True,Alphaproteobacteria,Alphaproteobacteria,True,True,True,Proteobacteria,Pseudomonadota,True,True,True
d883b22e464393102af5c3372d061397,371,0.9956,0.0,midas_g_85764,,False,False,False,UCG-010,,False,False,True,Oscillospirales,,False,False,True,Clostridia,Clostridia,True,True,True,Firmicutes,Bacillota,True,True,True
0b9435a851d1e394bd12d008525a6197,374,0.9995,0.0,Rummeliibacillus,Rummeliibacillus,True,True,True,Planococcaceae,Caryophanaceae,False,False,True,Bacillales,Caryophanales,False,False,True,Bacilli,Bacilli,True,True,True,Firmicutes,Bacillota,True,True,True
eb689bb0db80cb3fc1f81366f262fd18,370,0.9956,0.0,Flavobacterium,Myroides,False,True,True,Flavobacteriaceae,Flavobacteriaceae,True,True,True,Flavobacteriales,Flavobacteriales,True,True,True,Bacteroidia,Flavobacteriia,False,False,True,Bacteroidota,Bacteroidota,True,True,True
c66eb033bf0d849bf345c2a07db3727e,374,0.9985,0.0,midas_g_101467,,False,False,False,Dethiobacteraceae,,False,False,True,Dethiobacterales,,False,False,True,Dethiobacteria,,False,False,True,Firmicutes,Bacillota,True,True,True
6504a13e2edb3328fffb344daf7b2ee3,374,1.0,0.0,Flexilinea,Flexilinea,True,True,True,Anaerolineaceae,Anaerolineaceae,True,True,True,Anaerolineales,Anaerolineales,True,True,True,Anaerolineae,Anaerolineae,True,True,True,Chloroflexi,Chloroflexota,True,True,True
d56e57f7a7e3a1b98778de802e7097d0,372,0.9956,0.0,nan,,False,False,False,Christensenellaceae,Christensenellaceae,True,True,True,Christensenellales,Christensenellales,True,True,True,Clostridia,Clostridia,True,True,True,Firmicutes,Bacillota,True,True,True
c2a63e5593cc5d91688af8f3abd60f16,372,1.0,0.0,Defluviimonas,,False,False,True,Rhodobacteraceae,,False,False,True,Rhodobacterales,,False,True,True,Alphaproteobacteria,,False,True,True,Proteobacteria,Pseudomonadota,True,True,True
2b62bf55e8226888eabfb4f4da82a02f,374,0.999,0.0,Methylobacter,,False,True,True,Methylomonadaceae,,False,False,True,Methylococcales,,False,True,True,Gammaproteobacteria,,False,True,True,Proteobacteria,,False,True,True
d0ee8cd5ce16c3dcf15fe70d87a7b4b5,369,0.9995,0.0,Gallicola,Gallicola,True,True,True,Family_XI,Peptoniphilaceae,False,False,True,Peptostreptococcales-Tissierellales,Tissierellales,False,False,True,Clostridia,Tissierellia,False,True,True,Firmicutes,Bacillota,True,True,True
519b05506b5c8269406e94701c3ff01a,372,0.9971,0.0,nan,,False,False,False,Christensenellaceae,,False,True,True,Christensenellales,Christensenellales,True,True,True,Clostridia,Clostridia,True,True,True,Firmicutes,Bacillota,True,True,True
4c6fec9eef4f5c3e8e6b7fee60a68994,372,1.0,0.0,Comamonas,Comamonas,True,True,True,Comamonadaceae,Comamonadaceae,True,True,True,Burkholderiales,Burkholderiales,True,True,True,Gammaproteobacteria,Betaproteobacteria,False,True,True,Proteobacteria,Pseudomonadota,True,True,True
3f8f8630434452f6a8a5cd1693c5e5e3,374,0.9966,0.0,midas_g_1579,,False,False,False,midas_f_222,,False,False,False,midas_o_4,Dehalococcoidales,False,False,False,midas_c_4,Dehalococcoidia,False,False,False,Firmicutes,Chloroflexota,False,True,True
25fd077b762513468941fbac535c9506,374,1.0,0.0,midas_g_4042,,False,False,False,JG30-KF-CM45,,False,False,True,Thermomicrobiales,,False,True,True,Chloroflexia,,False,True,True,Chloroflexi,Candidatus Berkelbacteria,False,True,True
d2e29353b6ede10f1607456fa86e6300,372,0.9995,0.0,Chelativorans,Chelativorans,True,True,True,Rhizobiaceae,Phyllobacteriaceae,False,True,True,Rhizobiales,Hyphomicrobiales,False,False,True,Alphaproteobacteria,Alphaproteobacteria,True,True,True,Proteobacteria,Pseudomonadota,True,True,True
01a80919b32734264f4c21669d8f2713,370,0.998,0.0,Fermentimonas,,False,True,True,Dysgonomonadaceae,,False,True,True,Bacteroidales,,False,True,True,Bacteroidia,,False,True,True,Bacteroidota,Bacillota,False,True,True
ea4234d46b05a73fb2775aca82c702a2,374,0.9985,0.0,nan,Thermanaerosceptrum,False,False,False,midas_f_222,Peptococcaceae,False,False,False,midas_o_4,Eubacteriales,False,False,False,midas_c_4,Clostridia,False,False,False,Firmicutes,Bacillota,True,True,True
41394ade15d1e8762a8d0b3599068bf2,370,0.998,0.0,Fermentimonas,Fermentimonas,True,True,True,Dysgonomonadaceae,Dysgonomonadaceae,True,True,True,Bacteroidales,Bacteroidales,True,True,True,Bacteroidia,Bacteroidia,True,True,True,Bacteroidota,Bacteroidota,True,True,True
58bcdde420158eabe69c67e4c9eb9245,374,1.0,0.0,Thauera,Thauera,True,True,True,Rhodocyclaceae,Zoogloeaceae,False,True,True,Burkholderiales,Rhodocyclales,False,False,True,Gammaproteobacteria,Betaproteobacteria,False,False,True,Proteobacteria,Pseudomonadota,True,True,True
de46181cbf8f5129eec604079cf07d1f,374,0.999,0.0,Ercella,,False,False,True,Hungateiclostridiaceae,,False,False,True,Oscillospirales,Eubacteriales,False,False,True,Clostridia,Clostridia,True,True,True,Firmicutes,Bacillota,True,True,True
956d35dae808c86e4c2763cba7d609fa,373,1.0,0.0,Lachnoclostridium,Lacrimispora,False,False,True,Lachnospiraceae,Lachnospiraceae,True,True,True,Lachnospirales,Lachnospirales,True,True,True,Clostridia,Clostridia,True,True,True,Firmicutes,Bacillota,True,True,True
839049ed2eabc492bfa76bca3e4f9075,375,0.9995,0.0,midas_g_90293,,False,False,False,midas_f_90201,,False,False,False,Clostridia_vadinBB60_group,,False,False,True,Clostridia,,False,True,True,Firmicutes,Bacillota,True,True,True
f652e7d536f18c98ef07c023937cfdb7,374,0.9956,0.0,nan,,False,False,False,midas_f_112,,False,False,False,MBA03,,False,False,True,Limnochordia,,False,False,True,Firmicutes,,False,True,True
8207352f9586edf5c23e242fba24021c,372,0.999,0.0,Aminobacter,Aquamicrobium,False,True,True,Rhizobiaceae,Phyllobacteriaceae,False,True,True,Rhizobiales,Hyphomicrobiales,False,False,True,Alphaproteobacteria,Alphaproteobacteria,True,True,True,Proteobacteria,Pseudomonadota,True,True,True
45f57e55f2f3051645343e39b90396ec,372,0.9946,0.0,midas_g_2506,,False,False,False,midas_f_112,,False,False,False,MBA03,Eubacteriales,False,False,True,Limnochordia,Clostridia,False,False,True,Firmicutes,Bacillota,True,True,True
54b3f4205c019f5490d9dbe5af08955a,372,0.9961,0.0,Angelakisella,,False,True,True,Ruminococcaceae,Oscillospiraceae,False,False,True,Oscillospirales,Eubacteriales,False,False,True,Clostridia,Clostridia,True,True,True,Firmicutes,Bacillota,True,True,True
136c27e1efa2b99fb71cdff938615daa,395,0.9927,0.0,Methanobacterium,Methanobacterium,True,True,True,Methanobacteriaceae,Methanobacteriaceae,True,True,True,Methanobacteriales,Methanobacteriales,True,True,True,Methanobacteria,Methanobacteria,True,True,True,Euryarchaeota,Methanobacteriota,True,True,True
9e67f564a732feffc50f5fc690ec2e71,378,1.0,0.0,Methanobacterium,Methanobacterium,True,True,True,Methanobacteriaceae,Methanobacteriaceae,True,True,True,Methanobacteriales,Methanobacteriales,True,True,True,Methanobacteria,Methanobacteria,True,True,True,Euryarchaeota,Methanobacteriota,True,True,True
5b346ae9f12ee4f745413918a78c62cc,371,0.9966,0.0,midas_g_85764,,False,False,False,UCG-010,,False,False,True,Oscillospirales,,False,False,True,Clostridia,Clostridia,True,True,True,Firmicutes,Bacillota,True,True,True
723bd8389de26603c3e8283a20c163c7,374,0.9985,0.0,midas_g_4042,,False,False,False,JG30-KF-CM45,,False,False,True,Thermomicrobiales,,False,True,True,Chloroflexia,,False,True,True,Chloroflexi,Candidatus Berkelbacteria,False,True,True
01a540c3219dcfac8683674bf53a3d63,374,0.9985,0.0,midas_g_112,,False,False,False,midas_f_112,,False,False,False,MBA03,,False,False,True,Limnochordia,,False,False,True,Firmicutes,Bacillota,True,True,True
5f438bcb87bf9d011daee383cbf8268b,375,1.0,0.0,Micropruina,Micropruina,True,True,True,Propionibacteriaceae,Nocardioidaceae,False,True,True,Propionibacteriales,Propionibacteriales,True,True,True,Actinobacteria,Actinomycetes,False,False,True,Actinobacteriota,Actinomycetota,False,False,True
ca8aae833263295a5d0b4d66b8c06fdb,374,0.9961,0.0,nan,Rhodopseudomonas,False,False,False,midas_f_112,Nitrobacteraceae,False,False,False,MBA03,Hyphomicrobiales,False,False,True,Limnochordia,Alphaproteobacteria,False,False,True,Firmicutes,Pseudomonadota,False,True,True
3ab7c5dece6b62c7faf92b667d63b4a0,373,0.999,0.0,Oscillibacter,Oscillibacter,True,True,True,Oscillospiraceae,Oscillospiraceae,True,True,True,Oscillospirales,Eubacteriales,False,False,True,Clostridia,Clostridia,True,True,True,Firmicutes,Bacillota,True,True,True
0eb81b066b350fa8fb0846020748be98,374,0.9956,0.0,midas_g_118905,,False,False,False,midas_f_112,,False,False,False,MBA03,Eubacteriales,False,False,True,Limnochordia,Clostridia,False,False,True,Firmicutes,Bacillota,True,True,True
a41371aa833164c1e707004fdfb16b36,374,0.9922,0.0,midas_g_26047,,False,False,False,Anaerolineaceae,,False,True,True,Anaerolineales,,False,True,True,Anaerolineae,Chloroflexia,False,True,True,Chloroflexi,Chloroflexota,True,True,True
be2d073abdb45af47fc76fa5752fb3f5,373,0.9932,0.0,nan,,False,False,False,Oxobacteraceae,Bacteroidaceae,False,False,True,Clostridiales,Bacteroidales,False,False,True,Clostridia,Bacteroidia,False,True,True,Firmicutes,Bacteroidota,False,True,True
c4587a7b24a6c49f9de0882e32f519f5,374,0.999,0.0,nan,Mycobacterium,False,False,False,nan,Mycobacteriaceae,False,False,False,Veillonellales-Selenomonadales,Mycobacteriales,False,False,True,Negativicutes,Actinomycetes,False,True,True,Firmicutes,Actinomycetota,False,True,True
955d34a1529b6fbcf425ced56e3b7fc1,374,0.9985,0.0,midas_g_882,,False,False,False,AKYG1722,,False,False,True,Thermomicrobiales,Thermomicrobiales,True,True,True,Chloroflexia,Thermomicrobia,False,True,True,Chloroflexi,Thermomicrobiota,False,True,True
0425278120412320bdcb2c4814278c6f,375,0.9941,0.0,midas_g_96101,,False,False,False,Hydrogenedensaceae,,False,False,True,Hydrogenedentiales,Phycisphaerales,False,False,True,Hydrogenedentia,Phycisphaerae,False,False,True,Hydrogenedentes,Planctomycetota,False,False,True
66c7b79c2f08d329223a3f4b048a6b10,374,0.9985,0.0,nan,Acetivibrio,False,False,False,Hungateiclostridiaceae,Acetivibrionaceae,False,False,True,Oscillospirales,Acetivibrionales,False,False,True,Clostridia,Clostridia,True,True,True,Firmicutes,Bacillota,True,True,True
86ce8e836244a989d26315bf84d75d99,374,0.9976,0.0,Bellilinea,Bellilinea,True,True,True,Anaerolineaceae,Anaerolineaceae,True,True,True,Anaerolineales,Anaerolineales,True,True,True,Anaerolineae,Anaerolineae,True,True,True,Chloroflexi,Chloroflexota,True,True,True
aa994f6ce33aa806c707bdc34ef908ef,372,1.0,0.0,nan,Sphingopyxis,False,False,False,Devosiaceae,Sphingopyxidaceae,False,True,True,Rhizobiales,Sphingomonadales,False,False,True,Alphaproteobacteria,Alphaproteobacteria,True,True,True,Proteobacteria,Pseudomonadota,True,True,True
2afb474b8a2ab64685b85624763d2186,374,0.9941,0.0,midas_g_4325,,False,False,False,midas_f_54,Christensenellaceae,False,False,False,Clostridia_vadinBB60_group,Christensenellales,False,False,True,Clostridia,Clostridia,True,True,True,Firmicutes,Bacillota,True,True,True
933438389be903228499f1cd1abecd6e,374,1.0,,,,False,False,False,,Smithellaceae,False,False,False,,Syntrophales,False,False,False,,Syntrophia,False,False,False,,Thermodesulfobacteriota,False,False,False
9e679d7c299efc7140f026781b04d72c,369,0.999,0.0,Alkaliphilus_oremlandii_OhILAs,Alkaliphilus,False,False,True,Alkaliphilus,Natronincolaceae,False,False,True,Peptostreptococcales-Tissierellales,Peptostreptococcales,False,False,True,Clostridia,Clostridia,True,True,True,Firmicutes,Bacillota,True,True,True
beb160f1d174dc940a6dd9816c42ca01,375,0.9995,0.0,Mycobacterium,Mycobacterium,True,True,True,Mycobacteriaceae,Mycobacteriaceae,True,True,True,Corynebacteriales,Mycobacteriales,False,False,True,Actinobacteria,Actinomycetes,False,False,True,Actinobacteriota,Actinomycetota,False,False,True
ed2edabe2a0c276357f7f1f210bdeda7,373,0.9985,0.0,Ca_Caldatribacterium,Atribacter,False,False,True,Caldatribacteriaceae,Atribacteraceae,False,False,True,Caldatribacteriales,Atribacterales,False,False,True,Caldatribacteriia,Atribacteria,False,False,True,Caldatribacteriota,Atribacterota,False,False,True
bbb8d866124b76dccef1a07447e2e183,375,0.9995,0.0,Gordonia,Gordonia,True,True,True,Nocardiaceae,Gordoniaceae,False,False,True,Corynebacteriales,Mycobacteriales,False,False,True,Actinobacteria,Actinomycetes,False,False,True,Actinobacteriota,Actinomycetota,False,False,True
798933fd16ab772e1e547b6af3461e47,372,0.9995,0.0,midas_g_4245,,False,False,False,midas_f_4245,,False,False,False,RBG-13-54-9,,False,False,True,Anaerolineae,Anaerolineae,True,True,True,Chloroflexi,Chloroflexota,True,True,True
7dc6bc8a29e523ea6cd464f8db0a770d,374,1.0,0.0,nan,Clostridium,False,False,False,Clostridiaceae,Clostridiaceae,True,True,True,Clostridiales,Eubacteriales,False,False,True,Clostridia,Clostridia,True,True,True,Firmicutes,Bacillota,True,True,True
135f3b8eaf65e4c59bcd692de4f6d6ae,378,1.0,0.0,Methanobacterium,,False,True,True,Methanobacteriaceae,,False,True,True,Methanobacteriales,,False,True,True,Methanobacteria,,False,True,True,Euryarchaeota,,False,True,True
2b33fe69214c39198384dc9686326117,374,0.999,0.0,midas_g_119322,,False,False,False,AKAU3564_sediment_group,,False,False,True,Phycisphaerales,,False,False,True,Phycisphaerae,Phycisphaerae,True,True,True,Planctomycetota,Planctomycetota,True,True,True
f829de4b8d089b0995e255f3335729a0,374,1.0,0.0,Desulfosporosinus,Desulfitobacterium,False,True,True,Desulfitobacteriaceae,Desulfitobacteriaceae,True,True,True,Desulfitobacteriales,Eubacteriales,False,False,True,Desulfitobacteriia,Clostridia,False,False,True,Firmicutes,Bacillota,True,True,True
6575c99cec435a76668a7c45a05dd227,369,0.9976,0.0,Acetoanaerobium,Mycobacterium,False,False,True,Peptostreptococcaceae,Mycobacteriaceae,False,True,True,Peptostreptococcales-Tissierellales,Mycobacteriales,False,False,True,Clostridia,Actinomycetes,False,True,True,Firmicutes,Actinomycetota,False,True,True
46984bc1f36f8a8835a4a7914c2502b2,372,0.9976,0.0,midas_g_51070,,False,False,False,Christensenellaceae,Christensenellaceae,True,True,True,Christensenellales,Christensenellales,True,True,True,Clostridia,Clostridia,True,True,True,Firmicutes,Bacillota,True,True,True
0b1e8bf53bfe9e7b085b38ee902e1f4e,372,0.9932,0.0,nan,Cronobacter,False,False,False,Ruminococcaceae,Enterobacteriaceae,False,False,True,Oscillospirales,Enterobacterales,False,False,True,Clostridia,Gammaproteobacteria,False,True,True,Firmicutes,Pseudomonadota,False,True,True
85a27e670e0e57e67484195e26028b19,378,0.9995,0.0,Methanobacterium,Methanobacterium,True,True,True,Methanobacteriaceae,Methanobacteriaceae,True,True,True,Methanobacteriales,Methanobacteriales,True,True,True,Methanobacteria,Methanobacteria,True,True,True,Euryarchaeota,Methanobacteriota,True,True,True
83d1208a372f046a842442d3a156c435,373,0.9927,0.0,midas_g_73006,Rhodothalassium,False,False,False,midas_f_44631,Rhodothalassiaceae,False,False,False,midas_o_16387,Rhodothalassiales,False,False,False,Alphaproteobacteria,Alphaproteobacteria,True,True,True,Proteobacteria,Pseudomonadota,True,True,True
3f9bbc037aa14387f62bff9e2cc84700,374,1.0,0.0,midas_g_30443,Desulfuromonas,False,False,False,Desulfuromonadaceae,Desulfuromonadaceae,True,True,True,Desulfuromonadales,Desulfuromonadales,True,True,True,Desulfuromonadia,Desulfuromonadia,True,True,True,Desulfobacterota,Thermodesulfobacteriota,False,False,True
e5f056df23811f3fe0e48de4aafd0d9b,374,0.9995,0.0,Rhodanobacter,Rhodanobacter,True,True,True,Rhodanobacteraceae,Rhodanobacteraceae,True,True,True,Xanthomonadales,Lysobacterales,False,False,True,Gammaproteobacteria,Gammaproteobacteria,True,True,True,Proteobacteria,Pseudomonadota,True,True,True
22fa460af93a84061844f0660d43797e,374,1.0,0.0,ADurb.Bin063-1,,False,False,True,Pedosphaeraceae,,False,False,True,Pedosphaerales,,False,False,True,Verrucomicrobiae,,False,False,True,Verrucomicrobiota,Verrucomicrobiota,True,True,True
4659fa38e38fa03ccd272117c33e2d0f,365,0.998,0.0,Erysipelothrix,,False,False,True,Erysipelotrichaceae,Erysipelotrichaceae,True,True,True,Erysipelotrichales,Erysipelotrichales,True,True,True,Bacilli,Erysipelotrichia,False,False,True,Firmicutes,Bacillota,True,True,True
c41c5795922c324df06444964515a11f,375,1.0,0.0,Microbacterium,Microbacterium,True,True,True,Microbacteriaceae,Microbacteriaceae,True,True,True,Micrococcales,Micrococcales,True,True,True,Actinobacteria,Actinomycetes,False,False,True,Actinobacteriota,Actinomycetota,False,False,True
8afde037c611bdd1b53997b0f6b4dd7a,372,0.9858,0.0,midas_g_33170,Rhodoferax,False,False,False,midas_f_33170,Comamonadaceae,False,False,False,midas_o_33170,Burkholderiales,False,False,False,midas_c_33170,Betaproteobacteria,False,False,False,Proteobacteria,Pseudomonadota,True,True,True
6cd5cb3562f8ff28e2e21339a4fc55c1,374,0.9966,0.0,midas_g_3315,,False,False,False,midas_f_3187,,False,False,False,midas_o_147,,False,False,False,Gammaproteobacteria,Gammaproteobacteria,True,True,True,Proteobacteria,Pseudomonadota,True,True,True
3f9749b4bbd55e95797da2d7e27eb072,373,0.9985,0.0,Ca_Caldatribacterium,Atribacter,False,False,True,Caldatribacteriaceae,Atribacteraceae,False,False,True,Caldatribacteriales,Atribacterales,False,False,True,Caldatribacteriia,Atribacteria,False,False,True,Caldatribacteriota,Atribacterota,False,False,True
568d3fd2ad10e30c40ebd6793f956aaa,373,1.0,0.0,Oscillibacter,Oscillibacter,True,True,True,Oscillospiraceae,Oscillospiraceae,True,True,True,Oscillospirales,Eubacteriales,False,False,True,Clostridia,Clostridia,True,True,True,Firmicutes,Bacillota,True,True,True
aa64c95548409d1e294cd29e20473af0,374,0.9976,0.0,Christensenellaceae_R-7_group,,False,False,True,Christensenellaceae,,False,True,True,Christensenellales,,False,True,True,Clostridia,,False,True,True,Firmicutes,,False,True,True
6589433bc08b7cdc5ea1e4928683ed00,375,1.0,0.0,Corynebacterium,Corynebacterium,True,True,True,Corynebacteriaceae,Corynebacteriaceae,True,True,True,Corynebacteriales,Mycobacteriales,False,False,True,Actinobacteria,Actinomycetes,False,False,True,Actinobacteriota,Actinomycetota,False,False,True
892351141be327d407d7d063c3a74f59,374,0.9976,0.0,Caldicoprobacter,,False,False,True,Caldicoprobacteraceae,,False,False,True,Caldicoprobacterales,Eubacteriales,False,False,True,Clostridia,Clostridia,True,True,True,Firmicutes,Bacillota,True,True,True
fd66678cf39f676cb57820da4a793b6f,372,0.9995,0.0,Amaricoccus,,False,True,True,Rhodobacteraceae,,False,False,True,Rhodobacterales,,False,True,True,Alphaproteobacteria,Alphaproteobacteria,True,True,True,Proteobacteria,Pseudomonadota,True,True,True
937806dd600ece921faa49ac16d4cdb0,372,0.998,0.0,midas_g_62577,,False,False,False,Christensenellaceae,,False,True,True,Christensenellales,,False,True,True,Clostridia,,False,True,True,Firmicutes,Bacillota,True,True,True
27201d8b9c2a23edc5ee1b093c39fe46,371,0.9995,0.0,Anaerovorax,Sinanaerobacter,False,False,True,Anaerovoracaceae,Anaerovoracaceae,True,True,True,Peptostreptococcales-Tissierellales,Peptostreptococcales,False,False,True,Clostridia,Clostridia,True,True,True,Firmicutes,Bacillota,True,True,True
87ced6667f7e72e893d3f02ac08066a2,372,0.9961,0.0,nan,Angelakisella,False,False,False,Ruminococcaceae,Oscillospiraceae,False,False,True,Oscillospirales,Eubacteriales,False,False,True,Clostridia,Clostridia,True,True,True,Firmicutes,Bacillota,True,True,True
2e009092df813643f303457c87387ced,372,1.0,0.0,nan,,False,False,False,Xanthobacteraceae,,False,True,True,Rhizobiales,,False,False,True,Alphaproteobacteria,,False,True,True,Proteobacteria,Pseudomonadota,True,True,True
7762e0345755e644245415ce796d6cfa,378,0.999,0.0,midas_g_91627,,False,False,False,midas_f_880,Methanoregulaceae,False,False,False,Methanomicrobiales,Methanomicrobiales,True,True,True,Methanomicrobia,Methanomicrobia,True,True,True,Halobacterota,Methanobacteriota,False,False,True
67ab6a8c32dcb38e12415ef305a06ce6,374,0.9985,0.0,Fastidiosipila,,False,True,True,Hungateiclostridiaceae,,False,False,True,Oscillospirales,Saccharofermentanales,False,False,True,Clostridia,Clostridia,True,True,True,Firmicutes,Bacillota,True,True,True
114bc1da00dea879e58c42626058bb7e,372,0.9995,0.0,Rhodoplanes,,False,False,True,Xanthobacteraceae,Xanthobacteraceae,True,True,True,Rhizobiales,Hyphomicrobiales,False,False,True,Alphaproteobacteria,Alphaproteobacteria,True,True,True,Proteobacteria,Pseudomonadota,True,True,True
95d7089b4d7799ace0a9c5d9acd3b32f,374,0.999,0.0,Ercella,,False,False,True,Hungateiclostridiaceae,,False,False,True,Oscillospirales,,False,False,True,Clostridia,,False,True,True,Firmicutes,,False,True,True
61637c95fcfd388d16465d5d8ae30f0a,374,1.0,0.0,Dietzia,Dietzia,True,True,True,Dietziaceae,Dietziaceae,True,True,True,Corynebacteriales,Mycobacteriales,False,False,True,Actinobacteria,Actinomycetes,False,False,True,Actinobacteriota,Actinomycetota,False,False,True
46636732082e8b359502809c48875633,372,0.9995,0.0,midas_g_57,,False,False,False,Rhodobacteraceae,,False,False,True,Rhodobacterales,,False,False,True,Alphaproteobacteria,Alphaproteobacteria,True,True,True,Proteobacteria,Pseudomonadota,True,True,True
df443df991086de26795466fa2bdd4f2,372,0.9937,0.0,nan,,False,False,False,nan,,False,False,False,nan,,False,False,False,Clostridia,,False,True,True,Firmicutes,Bacillota,True,True,True
77e5e44634d0afe9cd0385ef1e17f3ea,374,0.9956,0.0,midas_g_5834,,False,False,False,midas_f_5792,Anaerolineaceae,False,False,False,RBG-13-54-9,Anaerolineales,False,False,True,Anaerolineae,Anaerolineae,True,True,True,Chloroflexi,Chloroflexota,True,True,True
dd365165667aed1d7e806ab8ded914dd,374,0.9971,0.0,UCG-008,Intestinibacillus,False,False,True,Butyricicoccaceae,Butyricicoccaceae,True,True,True,Oscillospirales,Eubacteriales,False,False,True,Clostridia,Clostridia,True,True,True,Firmicutes,Bacillota,True,True,True
61786e38b934cbe33d5850a578a7ee22,374,0.9961,0.0,nan,Acetivibrio,False,False,False,Peptococcaceae,Acetivibrionaceae,False,False,True,Peptococcales,Acetivibrionales,False,False,True,Clostridia,Clostridia,True,True,True,Firmicutes,Bacillota,True,True,True
418ebbfcf9fe4c2ccea934ba2533ec35,370,0.9961,0.0,Proteiniphilum,Proteiniphilum,True,True,True,Dysgonomonadaceae,Dysgonomonadaceae,True,True,True,Bacteroidales,Bacteroidales,True,True,True,Bacteroidia,Bacteroidia,True,True,True,Bacteroidota,Bacteroidota,True,True,True
61b47b9e51cba36e07b09f783d91532d,375,1.0,0.0,Propioniciclava,Propioniciclava,True,True,True,Propionibacteriaceae,Propionibacteriaceae,True,True,True,Propionibacteriales,Propionibacteriales,True,True,True,Actinobacteria,Actinomycetes,False,False,True,Actinobacteriota,Actinomycetota,False,False,True
90180ad539e48d0fd6f3161438f747b7,370,0.9976,0.0,midas_g_51845,,False,False,False,UCG-010,,False,False,True,Oscillospirales,Eubacteriales,False,False,True,Clostridia,Clostridia,True,True,True,Firmicutes,Bacillota,True,True,True
6650a92f75285af3244da368e945c376,374,0.9941,0.0,nan,,False,False,False,midas_f_4221,Oscillospiraceae,False,False,False,DTU014,Eubacteriales,False,False,True,midas_c_4,Clostridia,False,False,False,Firmicutes,Bacillota,True,True,True
0ce454899698457894ff03330870f380,372,1.0,0.0,midas_g_155,Phaeovulum,False,False,False,Rhodobacteraceae,Paracoccaceae,False,False,True,Rhodobacterales,Rhodobacterales,True,True,True,Alphaproteobacteria,Alphaproteobacteria,True,True,True,Proteobacteria,Pseudomonadota,True,True,True
89be024198d6c2575cdec2fecfd9129a,370,0.9976,0.0,JGI-0000079-D21,,False,False,True,Synergistaceae,Synergistaceae,True,True,True,Synergistales,Synergistales,True,True,True,Synergistia,Synergistia,True,True,True,Synergistota,Synergistota,True,True,True
ab4d207ba005958298be140605c5a8fb,374,1.0,0.0,midas_g_467,,False,False,False,Anaerolineaceae,Anaerolineaceae,True,True,True,Anaerolineales,Anaerolineales,True,True,True,Anaerolineae,Anaerolineae,True,True,True,Chloroflexi,Chloroflexota,True,True,True
09eb7e9f361c0d842f96d14184871ffb,373,0.9995,0.0,Lachnoclostridium,Hungatella,False,False,True,Lachnospiraceae,Lachnospiraceae,True,True,True,Lachnospirales,Lachnospirales,True,True,True,Clostridia,Clostridia,True,True,True,Firmicutes,Bacillota,True,True,True
021debed55af14cc6451649e0fcd3ad0,371,1.0,0.0,Sarcina,Sarcina,True,True,True,Clostridiaceae,Clostridiaceae,True,True,True,Clostridiales,Eubacteriales,False,False,True,Clostridia,Clostridia,True,True,True,Firmicutes,Bacillota,True,True,True
89bd7c45f05c79d6fbb1fbda696d5bae,374,0.9961,0.0,nan,,False,False,False,Anaeromyxobacteraceae,,False,True,True,Myxococcales,,False,True,True,Myxococcia,Deltaproteobacteria,False,True,True,Myxococcota,,False,True,True
e98a78fb93f10ea212298a128d9cadc1,374,0.9961,0.0,midas_g_54538,,False,False,False,midas_f_269,,False,False,False,Gaiellales,,False,False,True,Thermoleophilia,Thermoleophilia,True,True,True,Actinobacteriota,Actinomycetota,False,False,True
c9209e2a22c08ecdf2762a15fb6e44e1,374,0.9995,0.0,midas_g_467,,False,False,False,Anaerolineaceae,Anaerolineaceae,True,True,True,Anaerolineales,Anaerolineales,True,True,True,Anaerolineae,Anaerolineae,True,True,True,Chloroflexi,Chloroflexota,True,True,True
817505ccf93a252d80ac6191376cc419,374,1.0,0.0,midas_g_1246,,False,False,False,Hydrogenedensaceae,,False,False,True,Hydrogenedentiales,,False,False,True,Hydrogenedentia,,False,False,True,Hydrogenedentes,Candidatus Hydrogenedentota,False,False,True
1e2c02998bd1e6ff2aad5bd96b138e35,374,1.0,0.0,Syntrophobacter,,False,False,True,Syntrophobacteraceae,Syntrophobacteraceae,True,True,True,Syntrophobacterales,Syntrophobacterales,True,True,True,Syntrophobacteria,Syntrophobacteria,True,True,True,Desulfobacterota,Thermodesulfobacteriota,False,False,True
c80287fd598d09df08b50511b22020e5,374,1.0,0.0,midas_g_3338,,False,False,False,midas_f_2573,,False,False,False,Gaiellales,,False,False,True,Thermoleophilia,Thermoleophilia,True,True,True,Actinobacteriota,Actinomycetota,False,False,True
48ba7ddef24819311ff90ffc578df02e,374,1.0,0.0,Thiobacillus,,False,True,True,Hydrogenophilaceae,,False,False,True,Burkholderiales,,False,True,True,Gammaproteobacteria,,False,True,True,Proteobacteria,,False,True,True
2e3414cd356e335e4f675efeb43938b3,366,1.0,0.0,Eubacterium,Eubacterium,True,True,True,Eubacteriaceae,Eubacteriaceae,True,True,True,Eubacteriales,Eubacteriales,True,True,True,Clostridia,Clostridia,True,True,True,Firmicutes,Bacillota,True,True,True
234b81fb7fa91bcfef74c8511c07a219,374,0.999,0.0,Christensenellaceae_R-7_group,,False,False,True,Christensenellaceae,,False,False,True,Christensenellales,Christensenellales,True,True,True,Clostridia,Clostridia,True,True,True,Firmicutes,Bacillota,True,True,True
1557e1ae96e182db04d667afa2262c8e,374,0.9971,0.0,nan,,False,False,False,Caldicoprobacteraceae,Christensenellaceae,False,False,True,Caldicoprobacterales,Christensenellales,False,False,True,Clostridia,Clostridia,True,True,True,Firmicutes,Bacillota,True,True,True
17f8b49438a29eaf0a8f6cbcb54e1748,370,1.0,,,,False,False,False,,,False,False,False,,,False,False,False,,,False,False,False,,Bacteroidota,False,False,False
a5855fa4fbc240bfd25ccc70b1627be3,374,1.0,0.0,nan,,False,False,False,nan,Clostridiaceae,False,False,False,Oscillospirales,Eubacteriales,False,False,True,Clostridia,Clostridia,True,True,True,Firmicutes,Bacillota,True,True,True
14714ae799409c7a3851511d8e0e2b63,372,0.9995,0.0,nan,Burkholderia,False,False,False,nan,Burkholderiaceae,False,False,False,Burkholderiales,Burkholderiales,True,True,True,Gammaproteobacteria,Betaproteobacteria,False,False,True,Proteobacteria,Pseudomonadota,True,True,True
3d89b82f7dc8f2f24e7c65124529a879,372,1.0,0.0,nan,Xenophilus,False,False,False,Comamonadaceae,Comamonadaceae,True,True,True,Burkholderiales,Burkholderiales,True,True,True,Gammaproteobacteria,Betaproteobacteria,False,False,True,Proteobacteria,Pseudomonadota,True,True,True
a6a4ec1b84af5b137949eecef0fa36f4,374,0.999,0.0,nan,Pseudazoarcus,False,False,False,Rhodocyclaceae,Zoogloeaceae,False,True,True,Burkholderiales,Rhodocyclales,False,False,True,Gammaproteobacteria,Betaproteobacteria,False,True,True,Proteobacteria,Pseudomonadota,True,True,True
676c29f329b29adbd48921804b86030e,370,1.0,0.0,midas_g_10303,,False,False,False,Chitinophagaceae,,False,True,True,Chitinophagales,,False,True,True,Bacteroidia,,False,False,True,Bacteroidota,,False,True,True
c5fd2a45a5ac6f49a4089d35044de207,374,0.9966,0.0,nan,Pseudobacteroides,False,False,False,Hungateiclostridiaceae,Oscillospiraceae,False,False,True,Oscillospirales,Eubacteriales,False,False,True,Clostridia,Clostridia,True,True,True,Firmicutes,Bacillota,True,True,True
0b359e0da05bbff15ce4ea980bfaa286,374,0.9976,0.0,midas_g_156,,False,False,False,Anaerolineaceae,,False,True,True,Anaerolineales,,False,True,True,Anaerolineae,,False,True,True,Chloroflexi,,False,True,True
6cd824d1e0974fbbf83448af65c0def7,374,0.9995,0.0,midas_g_95090,,False,False,False,Hungateiclostridiaceae,,False,False,True,Oscillospirales,,False,False,True,Clostridia,Clostridia,True,True,True,Firmicutes,Bacillota,True,True,True
ce264b1fd05f8dfc0dd2941a2b170a3a,374,0.9961,0.011467232,Pelolinea,Desulfovibrio,False,True,True,Anaerolineaceae,Desulfovibrionaceae,False,True,True,Anaerolineales,Desulfovibrionales,False,True,True,Anaerolineae,Desulfovibrionia,False,True,True,Chloroflexi,Thermodesulfobacteriota,False,True,True
91fa6ee5c19d623255d7e4df9204f876,372,0.9985,0.0,Alcaligenes,Pusillimonas,False,True,True,Alcaligenaceae,Alcaligenaceae,True,True,True,Burkholderiales,Burkholderiales,True,True,True,Gammaproteobacteria,Betaproteobacteria,False,False,True,Proteobacteria,Pseudomonadota,True,True,True
8e87f6187c3bff96717578fafac261ae,372,0.9956,0.0,nan,,False,False,False,Ruminococcaceae,Oscillospiraceae,False,False,True,Oscillospirales,Eubacteriales,False,False,True,Clostridia,Clostridia,True,True,True,Firmicutes,Bacillota,True,True,True
89056b9f86a0886730db47a8c45825eb,378,1.0,0.0,Methanolinea,,False,True,True,Methanoregulaceae,Methanoregulaceae,True,True,True,Methanomicrobiales,Methanomicrobiales,True,True,True,Methanomicrobia,Methanomicrobia,True,True,True,Halobacterota,Methanobacteriota,False,False,True
a09579da0b2f87eae05c1c9886c4bfc7,374,0.998,0.0,midas_g_2147,Gracilibacter,False,False,False,midas_f_858,Gracilibacteraceae,False,False,False,Hydrogenispora,Eubacteriales,False,False,True,Limnochordia,Clostridia,False,False,True,Firmicutes,Bacillota,True,True,True
21d26093efc917ced0c94fc534aa8bcc,372,0.9985,0.0,nan,Nitratireductor,False,False,False,Rhizobiaceae,Phyllobacteriaceae,False,False,True,Rhizobiales,Hyphomicrobiales,False,False,True,Alphaproteobacteria,Alphaproteobacteria,True,True,True,Proteobacteria,Pseudomonadota,True,True,True
3b10b8599b3b2c56df4a64cf9ebf1e9e,375,0.9976,,,Micropruina,False,False,False,,Nocardioidaceae,False,False,False,,Propionibacteriales,False,False,False,,Actinomycetes,False,False,False,,Actinomycetota,False,False,False
65060a69d6f289e1ed088bae5510fc9f,370,0.9995,,,,False,False,False,,,False,False,False,,,False,False,False,,,False,False,False,,Bacteroidota,False,False,False
618e77ab00abd20cfb2694d45fe07df1,372,0.999,0.0,Comamonas,Comamonas,True,True,True,Comamonadaceae,Comamonadaceae,True,True,True,Burkholderiales,Burkholderiales,True,True,True,Gammaproteobacteria,Betaproteobacteria,False,True,True,Proteobacteria,Pseudomonadota,True,True,True
a90eba220f100c5da89e40e34598c4c7,371,0.9985,0.0,nan,,False,False,False,Anaerovoracaceae,Anaerovoracaceae,True,True,True,Peptostreptococcales-Tissierellales,Peptostreptococcales,False,False,True,Clostridia,Clostridia,True,True,True,Firmicutes,Bacillota,True,True,True
1db7fb888012089960006f42143c48af,372,0.9995,0.0,midas_g_534,Terripilifer,False,False,False,Beijerinckiaceae,Roseiarcaceae,False,True,True,Rhizobiales,Hyphomicrobiales,False,False,True,Alphaproteobacteria,Alphaproteobacteria,True,True,True,Proteobacteria,Pseudomonadota,True,True,True
5009ec83dc7d2e70acc5d0426d8abceb,374,0.9922,0.0,Verruc-01,,False,False,True,Puniceicoccaceae,,False,True,True,Opitutales,Puniceicoccales,False,True,True,Verrucomicrobiae,Opitutia,False,False,True,Verrucomicrobiota,Verrucomicrobiota,True,True,True
3c03432eaf221246493e3a132da50df9,373,0.9966,0.0,midas_g_119665,,False,False,False,Oscillospiraceae,Oscillospiraceae,True,True,True,Oscillospirales,Eubacteriales,False,False,True,Clostridia,Clostridia,True,True,True,Firmicutes,Bacillota,True,True,True
40fca1aa386161b3788c78a2ea46b746,374,0.9971,0.0,midas_g_5834,,False,False,False,midas_f_5792,Anaerolineaceae,False,False,False,RBG-13-54-9,Anaerolineales,False,False,True,Anaerolineae,Anaerolineae,True,True,True,Chloroflexi,Chloroflexota,True,True,True
f095ea0711dbffa2a1c48745983b9c5f,372,0.9927,0.0,nan,Xylanivirga,False,False,False,Christensenellaceae,Xylanivirgaceae,False,True,True,Christensenellales,Caldicoprobacterales,False,True,True,Clostridia,Clostridia,True,True,True,Firmicutes,Bacillota,True,True,True
e8844a58e856442c10b5075b197b3f74,373,0.9995,0.0,Lachnoclostridium,Lacrimispora,False,False,True,Lachnospiraceae,Lachnospiraceae,True,True,True,Lachnospirales,Lachnospirales,True,True,True,Clostridia,Clostridia,True,True,True,Firmicutes,Bacillota,True,True,True
cb886014283a43df6af104cecc83cfc9,373,0.9907,0.0,midas_g_43376,,False,False,False,midas_f_3187,,False,False,False,midas_o_147,,False,False,False,Gammaproteobacteria,Gammaproteobacteria,True,True,True,Proteobacteria,Pseudomonadota,True,True,True
af7a5c90aaa1a98d17616ee1ce8cbd96,374,0.9956,0.0,midas_g_99774,Thermoclostridium,False,False,False,Hungateiclostridiaceae,Oscillospiraceae,False,False,True,Oscillospirales,Eubacteriales,False,False,True,Clostridia,Clostridia,True,True,True,Firmicutes,Bacillota,True,True,True
3ef47d732a719a9c649132016afeb5e2,370,0.9922,0.0,midas_g_2229,Succinatimonas,False,False,False,Eubacteriaceae,Succinivibrionaceae,False,True,True,Eubacteriales,Aeromonadales,False,True,True,Clostridia,Gammaproteobacteria,False,True,True,Firmicutes,Pseudomonadota,False,True,True
c86ca8792c7be96d7699dead5edccd91,374,1.0,0.0,Thermoanaerobaculum,,False,True,True,Thermoanaerobaculaceae,Thermoanaerobaculaceae,True,True,True,Thermoanaerobaculales,Thermoanaerobaculales,True,True,True,Thermoanaerobaculia,Thermoanaerobaculia,True,True,True,Acidobacteriota,Acidobacteriota,True,True,True
fef34e7fa03c36381857511c7755324d,372,1.0,0.0,Pedomicrobium,,False,False,True,Hyphomicrobiaceae,,False,True,True,Rhizobiales,,False,False,True,Alphaproteobacteria,Alphaproteobacteria,True,True,True,Proteobacteria,Pseudomonadota,True,True,True
dbecddfdb4c39e60616c3958d43cfc8e,372,1.0,0.0,Bradyrhizobium,Bradyrhizobium,True,True,True,Xanthobacteraceae,Nitrobacteraceae,False,False,True,Rhizobiales,Hyphomicrobiales,False,False,True,Alphaproteobacteria,Alphaproteobacteria,True,True,True,Proteobacteria,Pseudomonadota,True,True,True
29b981c98faa891c7e4d3ed2e5ff9aab,370,0.999,0.0,midas_g_1408,Rectinema,False,False,False,Spirochaetaceae,Rectinemataceae,False,False,True,Spirochaetales,Treponematales,False,True,True,Spirochaetia,Spirochaetia,True,True,True,Spirochaetota,Spirochaetota,True,True,True
16bc6160df59f42ec2c49c8ee41d95fc,372,0.9985,0.0,Verticiella,Verticiella,True,True,True,Alcaligenaceae,Alcaligenaceae,True,True,True,Burkholderiales,Burkholderiales,True,True,True,Gammaproteobacteria,Betaproteobacteria,False,False,True,Proteobacteria,Pseudomonadota,True,True,True
fac97a83c02393096a49a357cb0e0f28,373,0.9951,0.0,midas_g_1799,Proteinivorax,False,False,False,midas_f_1799,Proteinivoracaceae,False,False,False,Proteinivoracales,Eubacteriales,False,False,True,Clostridia,Clostridia,True,True,True,Firmicutes,Bacillota,True,True,True
645dd8b575c7e7c0952933bbe90b4bb9,373,1.0,0.0,Pseudomonas,Pseudomonas,True,True,True,Pseudomonadaceae,Pseudomonadaceae,True,True,True,Pseudomonadales,Pseudomonadales,True,True,True,Gammaproteobacteria,Gammaproteobacteria,True,True,True,Proteobacteria,Pseudomonadota,True,True,True
9a48d66f52c47289df8517641c188d9b,371,0.9932,0.0,midas_g_4579,Sphaerochaeta,False,False,False,Spirochaetaceae,Sphaerochaetaceae,False,False,True,Spirochaetales,Spirochaetales,True,True,True,Spirochaetia,Spirochaetia,True,True,True,Spirochaetota,Spirochaetota,True,True,True
3f82999a4623343cbba40859d44329b0,372,1.0,0.0,midas_g_75,,False,False,False,Rhodobacteraceae,,False,False,True,Rhodobacterales,,False,False,True,Alphaproteobacteria,Alphaproteobacteria,True,True,True,Proteobacteria,Pseudomonadota,True,True,True
de1f954072ef273959e798b81a39a1f1,374,0.9976,0.0,Legionella,Legionella,True,True,True,Legionellaceae,Legionellaceae,True,True,True,Legionellales,Legionellales,True,True,True,Gammaproteobacteria,Gammaproteobacteria,True,True,True,Proteobacteria,Pseudomonadota,True,True,True
0c293c4324023e0fc942ba2a40ef7f59,372,1.0,0.0,nan,,False,False,False,Xanthobacteraceae,,False,True,True,Rhizobiales,,False,False,True,Alphaproteobacteria,,False,True,True,Proteobacteria,Pseudomonadota,True,True,True
f04944690d5cdfed3a6e59cfaa04ce13,374,0.9976,0.0,Monoglobus,Ruminococcus,False,True,True,Monoglobaceae,Oscillospiraceae,False,True,True,Monoglobales,Eubacteriales,False,True,True,Clostridia,Clostridia,True,True,True,Firmicutes,Bacillota,True,True,True
38007bfc5e4b3c58b1d91a0bc9c4fdb2,373,0.9941,0.0,midas_g_4187,,False,False,False,Ruminococcaceae,Acutalibacteraceae,False,False,True,Oscillospirales,Eubacteriales,False,False,True,Clostridia,Clostridia,True,True,True,Firmicutes,Bacillota,True,True,True
4597728556b60e620b133a6bac86bcfc,371,0.9995,0.0,Peptoclostridium,Alkalithermobacter,False,False,True,Peptostreptococcaceae,Tepidibacteraceae,False,True,True,Peptostreptococcales-Tissierellales,Peptostreptococcales,False,False,True,Clostridia,Clostridia,True,True,True,Firmicutes,Bacillota,True,True,True
ad2e05a74003003b855aee86cdc921fd,373,0.9956,0.0,nan,Anaerobranca,False,False,False,nan,Proteinivoracaceae,False,False,False,nan,Eubacteriales,False,False,False,nan,Clostridia,False,False,False,Firmicutes,Bacillota,True,True,True
cb6ed263fa824af0ae08633dc7c0583e,374,0.999,0.0,Rhodanobacter,Rhodanobacter,True,True,True,Rhodanobacteraceae,Rhodanobacteraceae,True,True,True,Xanthomonadales,Lysobacterales,False,False,True,Gammaproteobacteria,Gammaproteobacteria,True,True,True,Proteobacteria,Pseudomonadota,True,True,True
78571689def5620061b622ab87a928ff,372,0.9985,0.0,Lautropia,,False,False,True,Burkholderiaceae,,False,True,True,Burkholderiales,,False,True,True,Gammaproteobacteria,Betaproteobacteria,False,True,True,Proteobacteria,Pseudomonadota,True,True,True
36d76dffedbcada31ceaa357ebb4456f,393,0.9912,0.0,Alcaligenes,,False,True,True,Alcaligenaceae,,False,True,True,Burkholderiales,,False,True,True,Gammaproteobacteria,,False,True,True,Proteobacteria,Pseudomonadota,True,True,True
5e50cb741e9eab308f75b6cb95a3ec92,371,0.9995,,,,False,False,False,,,False,False,False,,,False,False,False,,,False,False,False,,Bacteroidota,False,False,False
daec04577d1843ad73efa35de1d48151,372,1.0,0.0,Hyphomicrobium,Hyphomicrobium,True,True,True,Hyphomicrobiaceae,Hyphomicrobiaceae,True,True,True,Rhizobiales,Hyphomicrobiales,False,False,True,Alphaproteobacteria,Alphaproteobacteria,True,True,True,Proteobacteria,Pseudomonadota,True,True,True
a9d3a8d7e6ab34f69fa91fcce8bda39f,372,1.0,0.0,Devosia,Devosia,True,True,True,Devosiaceae,Devosiaceae,True,True,True,Rhizobiales,Hyphomicrobiales,False,False,True,Alphaproteobacteria,Alphaproteobacteria,True,True,True,Proteobacteria,Pseudomonadota,True,True,True
5dfc291183ca333ed56e93c1c38c393c,372,0.9995,0.0,nan,Burkholderia,False,False,False,nan,Burkholderiaceae,False,False,False,Burkholderiales,Burkholderiales,True,True,True,Gammaproteobacteria,Betaproteobacteria,False,False,True,Proteobacteria,Pseudomonadota,True,True,True
e46ddfb99131631f2f2bba8eb3297ca3,371,0.9995,0.0,Sphaerochaeta,Sphaerochaeta,True,True,True,Spirochaetaceae,Sphaerochaetaceae,False,False,True,Spirochaetales,Spirochaetales,True,True,True,Spirochaetia,Spirochaetia,True,True,True,Spirochaetota,Spirochaetota,True,True,True
8cc30cd689a26a6e2a699449745a088e,372,0.9922,0.0,midas_g_1799,,False,False,False,midas_f_1799,,False,False,False,Proteinivoracales,,False,False,True,Clostridia,,False,True,True,Firmicutes,Bacillota,True,True,True
1b8a948ece330b43c14f1197c1813886,372,0.998,0.0,nan,,False,False,False,Christensenellaceae,Christensenellaceae,True,True,True,Christensenellales,Christensenellales,True,True,True,Clostridia,Clostridia,True,True,True,Firmicutes,Bacillota,True,True,True
0ae59fc9a5ae0356656c682a2d34b696,374,0.9985,0.0,Syntrophomonas,,False,True,True,Syntrophomonadaceae,,False,True,True,Syntrophomonadales,Eubacteriales,False,False,True,Syntrophomonadia,Clostridia,False,False,True,Firmicutes,Bacillota,True,True,True
e0987c7b47c2fb3b4638ebd7a04f69a0,374,0.9976,0.0,nan,Candidatus Darwinibacter,False,False,False,midas_f_8126,Candidatus Darwinibacteriaceae,False,False,False,Gelria,Candidatus Darwinibacteriales,False,False,True,midas_c_145,Clostridia,False,False,False,Firmicutes,Bacillota,True,True,True
f8451982c6df9c7c753b7c8a3ac6298b,369,0.9985,0.0,Sedimentibacter,,False,True,True,Sedimentibacteraceae,,False,False,True,Peptostreptococcales-Tissierellales,,False,False,True,Clostridia,,False,True,True,Firmicutes,Bacteroidota,False,True,True
fa7b14c7182ca146fc0261039890966f,394,0.9951,0.0,Alcaligenes,Burkholderia,False,False,True,Alcaligenaceae,Burkholderiaceae,False,True,True,Burkholderiales,Burkholderiales,True,True,True,Gammaproteobacteria,Betaproteobacteria,False,False,True,Proteobacteria,Pseudomonadota,True,True,True
f2898c48280ac39868a2fa71eb0211f3,373,0.9966,0.0,NK4A214_group,,False,False,True,Oscillospiraceae,,False,True,True,Oscillospirales,,False,False,True,Clostridia,Clostridia,True,True,True,Firmicutes,Bacillota,True,True,True
67551524f244fa1d912a5ae3dc5321ac,371,0.9951,0.0,midas_g_6325,Sporomusa,False,False,False,midas_f_6325,Sporomusaceae,False,False,False,OPB41,Selenomonadales,False,False,True,Coriobacteriia,Negativicutes,False,False,True,Actinobacteriota,Bacillota,False,False,True
5177bd1019c0a59f8762ecb3f683babd,374,0.9961,0.0,Desulfitibacter,Gracilibacter,False,False,True,Desulfitibacteraceae,Gracilibacteraceae,False,False,True,Desulfitibacterales,Eubacteriales,False,False,True,Moorellia,Clostridia,False,False,True,Firmicutes,Bacillota,True,True,True
6891aea14e9e48ed890aa10cc84e4d40,373,0.9956,0.0,nan,Caldicoprobacter,False,False,False,nan,Caldicoprobacteraceae,False,False,False,nan,Caldicoprobacterales,False,False,False,Clostridia,Clostridia,True,True,True,Firmicutes,Bacillota,True,True,True
908b89aa5bac523dd293e900d0677895,374,0.9951,0.0,midas_g_90254,,False,False,False,midas_f_112,,False,False,False,MBA03,Eubacteriales,False,False,True,Limnochordia,Clostridia,False,False,True,Firmicutes,Bacillota,True,True,True
17123c2e3b5a49f1a34d33c72878a37e,371,1.0,0.0,Syner-01,,False,False,True,Synergistaceae,Aminobacteriaceae,False,True,True,Synergistales,Synergistales,True,True,True,Synergistia,Synergistia,True,True,True,Synergistota,Synergistota,True,True,True
9cf1aa88a0fc0c5655a20cd94313b748,374,0.9966,0.0,Christensenellaceae_R-7_group,,False,False,True,Christensenellaceae,,False,False,True,Christensenellales,Christensenellales,True,True,True,Clostridia,Clostridia,True,True,True,Firmicutes,Bacillota,True,True,True
8a652928ef13cc45fe6fad624a6fa1d2,374,0.999,0.0,midas_g_467,,False,False,False,Anaerolineaceae,Anaerolineaceae,True,True,True,Anaerolineales,Anaerolineales,True,True,True,Anaerolineae,Anaerolineae,True,True,True,Chloroflexi,Chloroflexota,True,True,True
720ef8366f0bd5fb2cb193ce02e53799,374,1.0,0.0,Dietzia,Dietzia,True,True,True,Dietziaceae,Dietziaceae,True,True,True,Corynebacteriales,Mycobacteriales,False,False,True,Actinobacteria,Actinomycetes,False,False,True,Actinobacteriota,Actinomycetota,False,False,True
4d974c10bc3f6eb4c9f44f3dd9696401,374,0.998,0.0,Ruminiclostridium,Candidatus Brocadia,False,True,True,Hungateiclostridiaceae,Candidatus Brocadiaceae,False,False,True,Oscillospirales,Candidatus Brocadiales,False,False,True,Clostridia,Candidatus Brocadiia,False,True,True,Firmicutes,Planctomycetota,False,True,True
896d6a6108564a7d73a7114e2266891a,374,0.9976,0.0,Christensenellaceae_R-7_group,,False,False,True,Christensenellaceae,Christensenellaceae,True,True,True,Christensenellales,Christensenellales,True,True,True,Clostridia,Clostridia,True,True,True,Firmicutes,Bacillota,True,True,True
7e19fffce24aab1692689a26dff5f328,374,0.9985,0.0,Christensenellaceae_R-7_group,,False,False,True,Christensenellaceae,Christensenellaceae,True,True,True,Christensenellales,Christensenellales,True,True,True,Clostridia,Clostridia,True,True,True,Firmicutes,Bacillota,True,True,True
489ebda75c9174b8e7ad565ac0f52b97,374,0.9976,0.0,Caldicoprobacter,,False,False,True,Caldicoprobacteraceae,,False,False,True,Caldicoprobacterales,Eubacteriales,False,False,True,Clostridia,Clostridia,True,True,True,Firmicutes,Bacillota,True,True,True
d672caef391233490da769c3f156fc0a,372,0.9985,0.0,Verticiella,Jezberella,False,True,True,Alcaligenaceae,Alcaligenaceae,True,True,True,Burkholderiales,Burkholderiales,True,True,True,Gammaproteobacteria,Betaproteobacteria,False,False,True,Proteobacteria,Pseudomonadota,True,True,True
75ae184615957ea74819e0710296a493,375,1.0,0.0,Ca_Phosphoribacter,,False,False,True,Intrasporangiaceae,Dermatophilaceae,False,True,True,Micrococcales,Micrococcales,True,True,True,Actinobacteria,Actinomycetes,False,False,True,Actinobacteriota,Actinomycetota,False,False,True
aded20d81ae85d32dc13bca7fbd3340d,397,0.9795,0.0,nan,,False,False,False,Methanobacteriaceae,Methanotrichaceae,False,True,True,Methanobacteriales,Methanotrichales,False,True,True,Methanobacteria,Methanomicrobia,False,True,True,Euryarchaeota,Methanobacteriota,True,True,True
be817fedc78d38052d17146829adb06d,371,0.9912,0.0,midas_g_33170,,False,False,False,midas_f_33170,,False,False,False,midas_o_33170,Magnetococcales,False,False,False,midas_c_33170,Magnetococcia,False,False,False,Proteobacteria,Pseudomonadota,True,True,True
118852b957010ee00ae4dbb8665ad57e,373,1.0,0.0,Labrys,Bauldia,False,False,True,Labraceae,Kaistiaceae,False,False,True,Rhizobiales,Hyphomicrobiales,False,False,True,Alphaproteobacteria,Alphaproteobacteria,True,True,True,Proteobacteria,Pseudomonadota,True,True,True
4b322ffec8bcd2c849beaeaaab778b16,374,0.9966,0.0,midas_g_4860,,False,False,False,midas_f_4245,,False,False,False,RBG-13-54-9,,False,False,True,Anaerolineae,Anaerolineae,True,True,True,Chloroflexi,Chloroflexota,True,True,True
04bc2a095282907ef4df7a2a9447166f,374,1.0,0.0,midas_g_467,,False,False,False,Anaerolineaceae,,False,True,True,Anaerolineales,,False,True,True,Anaerolineae,Oligoflexia,False,True,True,Chloroflexi,Bdellovibrionota,False,True,True
a82d89679bc6017e06e5a11b255c5bf6,374,0.998,0.0,midas_g_70329,,False,False,False,midas_f_70329,,False,False,False,midas_o_2492,Calditrichales,False,False,False,Negativicutes,Calditrichia,False,True,True,Firmicutes,Calditrichota,False,True,True
201f8219b3baeb8ce71eb8de62e49ca7,374,0.9956,0.0,midas_g_115365,,False,False,False,Peptococcaceae,,False,True,True,Peptococcales,Eubacteriales,False,False,True,Clostridia,Clostridia,True,True,True,Firmicutes,Bacillota,True,True,True
585e90bf1c66fcff8dcf4f2d24aba2cd,374,0.9956,0.0,nan,,False,False,False,midas_f_112,Christensenellaceae,False,False,False,MBA03,Christensenellales,False,False,True,Limnochordia,Clostridia,False,False,True,Firmicutes,Bacillota,True,True,True
36cf1853edbaec342c271909f87ca1b6,372,1.0,0.0,Phenylobacterium,Phenylobacterium,True,True,True,Caulobacteraceae,Caulobacteraceae,True,True,True,Caulobacterales,Caulobacterales,True,True,True,Alphaproteobacteria,Alphaproteobacteria,True,True,True,Proteobacteria,Pseudomonadota,True,True,True
573471302da724edb5d0fa958385fb6d,374,1.0,0.0,Arenimonas,Denitratimonas,False,False,True,Xanthomonadaceae,Lysobacteraceae,False,False,True,Xanthomonadales,Lysobacterales,False,False,True,Gammaproteobacteria,Gammaproteobacteria,True,True,True,Proteobacteria,Pseudomonadota,True,True,True
af2f68999329d11971cc4eeb7d338c1c,370,0.9961,0.0,midas_g_6504,,False,False,False,UCG-010,,False,False,True,Oscillospirales,,False,False,True,Clostridia,Clostridia,True,True,True,Firmicutes,Bacillota,True,True,True
8a9c97139a7d864eda93a0dc3e73ecb9,374,1.0,,,Zoogloea,False,False,False,,Zoogloeaceae,False,False,False,,Rhodocyclales,False,False,False,,Betaproteobacteria,False,False,False,,Pseudomonadota,False,False,False
923e86a70ad8194f9dab67ab8397371f,374,0.9976,0.0,midas_g_77185,,False,False,False,midas_f_26893,,False,False,False,midas_o_1393,,False,False,False,Sericytochromatia,,False,False,True,Cyanobacteria,,False,False,True
229ef33e5647dc892321fedcbf36b7ff,365,0.9966,,,,False,False,False,,,False,False,False,,,False,False,False,,Bacilli,False,False,False,,Bacillota,False,False,False
4c61879ca2f0594335aa69f539fa89c3,375,0.9995,0.0,Leucobacter,Leucobacter,True,True,True,Microbacteriaceae,Microbacteriaceae,True,True,True,Micrococcales,Micrococcales,True,True,True,Actinobacteria,Actinomycetes,False,False,True,Actinobacteriota,Actinomycetota,False,False,True
4c65953d2d9c04292134fc5013f3a21e,372,0.9971,0.0,nan,,False,False,False,Ruminococcaceae,,False,False,True,Oscillospirales,,False,False,True,Clostridia,,False,True,True,Firmicutes,Bacillota,True,True,True
e61e6021af25969dd347b921fc6389a4,369,0.9907,0.0,nan,,False,False,False,nan,,False,False,False,nan,Candidatus Puniceispirillales,False,False,False,nan,Alphaproteobacteria,False,False,False,nan,Pseudomonadota,False,False,False
155e05f619ce3d99d02490b7cf22ffb5,371,0.999,,,,False,False,False,,,False,False,False,,Bacteroidales,False,False,False,,Bacteroidia,False,False,False,,Bacteroidota,False,False,False
af2d8d803a1e0df98789044e20c2646a,378,0.999,0.0,nan,Methanobrevibacter,False,False,False,Methanobacteriaceae,Methanobacteriaceae,True,True,True,Methanobacteriales,Methanobacteriales,True,True,True,Methanobacteria,Methanobacteria,True,True,True,Euryarchaeota,Methanobacteriota,True,True,True
b5db33c8e764e787ba1a51f46cfa1db8,374,0.9966,0.0,midas_g_97954,Gracilibacter,False,False,False,SRB2,Gracilibacteraceae,False,False,True,Thermoanaerobacterales,Eubacteriales,False,False,True,Thermoanaerobacteria,Clostridia,False,False,True,Firmicutes,Bacillota,True,True,True
f213ec50ee3f0c0c4a7b47b321d081a9,374,1.0,0.0,Rhodanobacter,Methylobacillus,False,True,True,Rhodanobacteraceae,Methylophilaceae,False,True,True,Xanthomonadales,Nitrosomonadales,False,False,True,Gammaproteobacteria,Betaproteobacteria,False,True,True,Proteobacteria,Pseudomonadota,True,True,True
4293552e270e9654178ff729c07282fd,374,0.9966,0.0,midas_g_2604,Sphingobium,False,False,False,Hungateiclostridiaceae,Sphingobiaceae,False,False,True,Oscillospirales,Sphingomonadales,False,False,True,Clostridia,Alphaproteobacteria,False,True,True,Firmicutes,Pseudomonadota,False,True,True
71b89747d9e5f39535d7cd2ac1005789,368,0.998,0.0,Haloplasma,,False,True,True,Haloplasmataceae,Haloplasmataceae,True,True,True,Haloplasmatales,Haloplasmatales,True,True,True,Bacilli,Mollicutes,False,True,True,Firmicutes,Mycoplasmatota,False,True,True
8dba5d94c21557246f8c48418b0f3bda,378,1.0,0.0,Ca_Diapherotrites_archaeon_ADurb.Bin253,,False,False,True,SCGC_AAA011-D5,,False,False,True,Woesearchaeales,,False,False,True,Nanoarchaeia,,False,False,True,Nanoarchaeota,,False,False,True
f47e716aa12f00e50b727000440e1256,372,0.999,0.0,Alcaligenes,Alcaligenes,True,True,True,Alcaligenaceae,Alcaligenaceae,True,True,True,Burkholderiales,Burkholderiales,True,True,True,Gammaproteobacteria,Betaproteobacteria,False,False,True,Proteobacteria,Pseudomonadota,True,True,True
5b02c8639023ea8693ddee6bf1597c70,378,0.999,0.0,Methanobacterium,Methanobacterium,True,True,True,Methanobacteriaceae,Methanobacteriaceae,True,True,True,Methanobacteriales,Methanobacteriales,True,True,True,Methanobacteria,Methanobacteria,True,True,True,Euryarchaeota,Methanobacteriota,True,True,True
be437fdb39ff4822fcaf0522cbd7c1e0,378,0.9995,0.0,Methanobacterium,Methanobacterium,True,True,True,Methanobacteriaceae,Methanobacteriaceae,True,True,True,Methanobacteriales,Methanobacteriales,True,True,True,Methanobacteria,Methanobacteria,True,True,True,Euryarchaeota,Methanobacteriota,True,True,True
ced3d95a776f5047eb0ab75ebeaa0555,374,0.9961,0.0,midas_g_100262,Candidatus Cryptobacteroides,False,False,False,Monoglobaceae,,False,True,True,Monoglobales,Bacteroidales,False,True,True,Clostridia,Bacteroidia,False,True,True,Firmicutes,Bacteroidota,False,True,True
51d1bc05cfe3f4f9fd53eb552e293c01,369,0.999,0.0,midas_g_75908,Anaerovirgula,False,False,False,Serpentinicella,Natronincolaceae,False,False,True,Peptostreptococcales-Tissierellales,Peptostreptococcales,False,False,True,Clostridia,Clostridia,True,True,True,Firmicutes,Bacillota,True,True,True
204059649d5553ccc15a44ccd09de89c,373,0.9961,0.0,midas_g_110175,Ruminiclostridium,False,False,False,Hungateiclostridiaceae,Oscillospiraceae,False,False,True,Oscillospirales,Eubacteriales,False,False,True,Clostridia,Clostridia,True,True,True,Firmicutes,Bacillota,True,True,True
de81a26ccacc05d41aeda73937929a7e,374,0.9995,0.0,Christensenellaceae_R-7_group,,False,False,True,Christensenellaceae,,False,True,True,Christensenellales,Christensenellales,True,True,True,Clostridia,Clostridia,True,True,True,Firmicutes,Bacillota,True,True,True
335d0b23ffa0a12a5048771a0c89e3b1,369,0.999,0.0,nan,Gudongella,False,False,False,Family_XI,Tissierellaceae,False,False,True,Peptostreptococcales-Tissierellales,Tissierellales,False,False,True,Clostridia,Tissierellia,False,True,True,Firmicutes,Bacillota,True,True,True
ce96aba4d82cdb5ffa5b76128cfbb917,372,0.9937,0.013378438,midas_g_114155,,False,False,False,midas_f_84699,,False,False,False,Clostridia_vadinBB60_group,,False,False,True,Clostridia,,False,True,True,Firmicutes,Bacillota,True,True,True
e9930334cceb400c8d1aba7848ccc83f,378,0.9995,0.0,nan,Methanobrevibacter,False,False,False,Methanobacteriaceae,Methanobacteriaceae,True,True,True,Methanobacteriales,Methanobacteriales,True,True,True,Methanobacteria,Methanobacteria,True,True,True,Euryarchaeota,Methanobacteriota,True,True,True
db74361e1059284f58f7b72bfb21758c,373,0.9941,0.0,midas_g_4187,,False,False,False,Ruminococcaceae,Acutalibacteraceae,False,False,True,Oscillospirales,Eubacteriales,False,False,True,Clostridia,Clostridia,True,True,True,Firmicutes,Bacillota,True,True,True
06894625cc4725640c9c1bba0d9aefc8,372,0.999,0.0,Defluviicoccus,,False,False,True,Defluviicoccaceae,,False,False,True,Defluviicoccales,,False,False,True,Alphaproteobacteria,Verrucomicrobiia,False,True,True,Proteobacteria,Verrucomicrobiota,False,True,True
4b847baea94497568fe03f94a68afb3c,375,1.0,0.0,Tessaracoccus,Tessaracoccus,True,True,True,Propionibacteriaceae,Propionibacteriaceae,True,True,True,Propionibacteriales,Propionibacteriales,True,True,True,Actinobacteria,Actinomycetes,False,False,True,Actinobacteriota,Actinomycetota,False,False,True
02541e05438ebd6cd913200972ef5e4b,369,0.9907,0.0,nan,,False,False,False,nan,,False,False,False,nan,Rickettsiales,False,False,False,nan,Alphaproteobacteria,False,False,False,nan,Pseudomonadota,False,False,False
37e4420bd53e9fdbe33fa465e829f030,373,1.0,0.0,Blautia,Blautia,True,True,True,Lachnospiraceae,Lachnospiraceae,True,True,True,Lachnospirales,Lachnospirales,True,True,True,Clostridia,Clostridia,True,True,True,Firmicutes,Bacillota,True,True,True
40da09c73f84b20e7a882a02f485f1f3,374,0.9951,0.0,nan,Desulfofundulus,False,False,False,nan,Peptococcaceae,False,False,False,Gelria,Eubacteriales,False,False,True,midas_c_145,Clostridia,False,False,False,Firmicutes,Bacillota,True,True,True
fa6189d828a79eb80234db2985c10e19,372,0.9995,0.0,Devosia,Devosia,True,True,True,Devosiaceae,Devosiaceae,True,True,True,Rhizobiales,Hyphomicrobiales,False,False,True,Alphaproteobacteria,Alphaproteobacteria,True,True,True,Proteobacteria,Pseudomonadota,True,True,True
9a0ea06f99eb653b4104f7809547dc61,372,0.9995,0.0,nan,Aquamicrobium,False,False,False,Rhizobiaceae,Phyllobacteriaceae,False,True,True,Rhizobiales,Hyphomicrobiales,False,False,True,Alphaproteobacteria,Alphaproteobacteria,True,True,True,Proteobacteria,Pseudomonadota,True,True,True
ad093ee4a3c24932837db32cf7007813,372,1.0,0.0,Pseudorhodobacter,Cypionkella,False,False,True,Rhodobacteraceae,Paracoccaceae,False,False,True,Rhodobacterales,Rhodobacterales,True,True,True,Alphaproteobacteria,Alphaproteobacteria,True,True,True,Proteobacteria,Pseudomonadota,True,True,True
d70d68ad9dc93090cde7d27dd19cbd6c,374,1.0,,,,False,False,False,,,False,False,False,,,False,False,False,,,False,False,False,,Pseudomonadota,False,False,False
64c88f89738e90b17e368e96690366e4,378,1.0,0.0,Methanobacterium,Methanobacterium,True,True,True,Methanobacteriaceae,Methanobacteriaceae,True,True,True,Methanobacteriales,Methanobacteriales,True,True,True,Methanobacteria,Methanobacteria,True,True,True,Euryarchaeota,Methanobacteriota,True,True,True
2c76f558846fa9aa57c59ddacefeacb2,342,0.9702,0.0,nan,Candidatus Carsonella,False,False,False,nan,Halomonadaceae,False,False,False,nan,Oceanospirillales,False,False,False,nan,Gammaproteobacteria,False,False,False,nan,Pseudomonadota,False,False,False
f1aa0ea145fc7098b3403eb2badbe65b,372,0.9995,0.0,nan,,False,False,False,Comamonadaceae,,False,True,True,Burkholderiales,,False,True,True,Gammaproteobacteria,Betaproteobacteria,False,False,True,Proteobacteria,Pseudomonadota,True,True,True
55e1b429253da6e1fed80ef04d052eeb,371,0.998,0.0,Anaerovorax,,False,False,True,Anaerovoracaceae,,False,True,True,Peptostreptococcales-Tissierellales,Eubacteriales,False,False,True,Clostridia,Clostridia,True,True,True,Firmicutes,Bacillota,True,True,True
3ec71ebbc127b83786bd4d26c123ef7d,398,0.9863,0.0,Methanobacterium,,False,False,True,Methanobacteriaceae,,False,False,True,Methanobacteriales,,False,False,True,Methanobacteria,Dehalococcoidia,False,False,True,Euryarchaeota,Chloroflexota,False,False,True
aca75c6d71a8933275a447e83269faba,374,0.9985,0.0,Dethiobacter,,False,True,True,Dethiobacteraceae,,False,True,True,Dethiobacterales,,False,True,True,Dethiobacteria,Dehalococcoidia,False,True,True,Firmicutes,Chloroflexota,False,True,True
52ecb4b1abf93593276cb066f1446900,374,0.9971,0.0,midas_g_99373,,False,False,False,Hydrogenedensaceae,,False,False,True,Hydrogenedentiales,,False,False,True,Hydrogenedentia,,False,False,True,Hydrogenedentes,,False,False,True
551f70cf3f951806a9b28706825acfeb,374,0.9937,0.0,nan,,False,False,False,nan,,False,False,False,nan,,False,False,False,nan,,False,False,False,Firmicutes,,False,True,True
6c75b6547a775bd435d6121ea181a298,374,0.9951,0.0,nan,Halothermothrix,False,False,False,midas_f_112,Halothermotrichaceae,False,False,False,MBA03,Halanaerobiales,False,False,True,Limnochordia,Clostridia,False,False,True,Firmicutes,Bacillota,True,True,True
64b0ba388dd3728a36854c2f014b3129,370,1.0,0.0,Lentimicrobium,,False,True,True,Lentimicrobiaceae,,False,True,True,Sphingobacteriales,Bacteroidales,False,False,True,Bacteroidia,Bacteroidia,True,True,True,Bacteroidota,Bacteroidota,True,True,True
fae223fac07c33613d2f851500010fdb,378,0.998,0.0,Methanobacterium,Methanobacterium,True,True,True,Methanobacteriaceae,Methanobacteriaceae,True,True,True,Methanobacteriales,Methanobacteriales,True,True,True,Methanobacteria,Methanobacteria,True,True,True,Euryarchaeota,Methanobacteriota,True,True,True
ad38e923c9aca989b782888445b843f9,374,0.9976,0.0,HN-HF0106,Thermoclostridium,False,False,True,Hungateiclostridiaceae,Oscillospiraceae,False,False,True,Oscillospirales,Eubacteriales,False,False,True,Clostridia,Clostridia,True,True,True,Firmicutes,Bacillota,True,True,True
4d472a0025391001536abf639f86372b,374,1.0,0.0,midas_g_473,,False,False,False,midas_f_269,Miltoncostaeaceae,False,False,False,Gaiellales,Miltoncostaeales,False,True,True,Thermoleophilia,Thermoleophilia,True,True,True,Actinobacteriota,Actinomycetota,False,False,True
fcf151e90a9e26826087929c8e6cf412,373,0.9956,0.0,nan,Alkalicella,False,False,False,nan,Proteinivoracaceae,False,False,False,nan,Eubacteriales,False,False,False,nan,Clostridia,False,False,False,Firmicutes,Bacillota,True,True,True
3f0bc3f2b8d9b380ec319501754eca38,372,1.0,0.0,Hyphomicrobium,,False,True,True,Hyphomicrobiaceae,Hyphomicrobiaceae,True,True,True,Rhizobiales,Hyphomicrobiales,False,False,True,Alphaproteobacteria,Alphaproteobacteria,True,True,True,Proteobacteria,Pseudomonadota,True,True,True
1a33b954694a3eddcd95ead6c562cfb2,374,0.9976,0.0,midas_g_52,,False,False,False,67-14,,False,False,True,Solirubrobacterales,Solirubrobacterales,True,True,True,Thermoleophilia,Thermoleophilia,True,True,True,Actinobacteriota,Actinomycetota,False,False,True
2adce772c19bf78aca62501a10d63509,373,0.9966,0.0,midas_g_76603,,False,False,False,Sporomusaceae,,False,True,True,Veillonellales-Selenomonadales,,False,False,True,Negativicutes,,False,True,True,Firmicutes,Bacteroidota,False,True,True
77b0fc3d2cdfed133689d19939bd753c,375,1.0,0.0,Microbacterium,,False,True,True,Microbacteriaceae,,False,True,True,Micrococcales,,False,True,True,Actinobacteria,,False,False,True,Actinobacteriota,Actinomycetota,False,False,True
424c5645f91f0d2c1ddce0523e2e5481,373,0.9961,0.0,Colidextribacter,,False,False,True,Oscillospiraceae,,False,True,True,Oscillospirales,Eubacteriales,False,False,True,Clostridia,Clostridia,True,True,True,Firmicutes,Bacillota,True,True,True
08c5a92f42b9bd6cf258a65dc845fd17,371,1.0,0.0,Peptoclostridium,Alkalithermobacter,False,False,True,Peptostreptococcaceae,Tepidibacteraceae,False,True,True,Peptostreptococcales-Tissierellales,Peptostreptococcales,False,False,True,Clostridia,Clostridia,True,True,True,Firmicutes,Bacillota,True,True,True
372e53abd78532e75f0b7c98fa758cc1,372,0.9961,0.0,Planctomicrobium,Planctomicrobium,True,True,True,Rubinisphaeraceae,Planctomycetaceae,False,False,True,Planctomycetales,Planctomycetales,True,True,True,Planctomycetes,Planctomycetia,False,False,True,Planctomycetota,Planctomycetota,True,True,True
4c62fcc88574e3048ef99a712966bec2,374,0.9976,0.0,Syntrophomonas,Proteiniphilum,False,True,True,Syntrophomonadaceae,Dysgonomonadaceae,False,True,True,Syntrophomonadales,Bacteroidales,False,False,True,Syntrophomonadia,Bacteroidia,False,False,True,Firmicutes,Bacteroidota,False,True,True
38bf20edfc69975afa1d93d5f2c8598a,373,0.9961,0.0,nan,Alkalicella,False,False,False,nan,Proteinivoracaceae,False,False,False,nan,Eubacteriales,False,False,False,nan,Clostridia,False,False,False,Firmicutes,Bacillota,True,True,True
f538d22fdb4f50b77253747c9f18ed18,374,0.9971,0.0,nan,,False,False,False,nan,,False,False,False,Clostridia_vadinBB60_group,,False,False,True,Clostridia,Clostridia,True,True,True,Firmicutes,Bacillota,True,True,True
c667b7a7367b1dbad8a24df3fef9441a,373,1.0,0.0,Clostridium_sensu_stricto_1,Clostridium,False,False,True,Clostridiaceae,Clostridiaceae,True,True,True,Clostridiales,Eubacteriales,False,False,True,Clostridia,Clostridia,True,True,True,Firmicutes,Bacillota,True,True,True
c8e5908cbbf128920eb03bfbe95f95a9,373,0.9985,0.0,midas_g_824,,False,False,False,midas_f_813,,False,False,False,midas_o_1,,False,False,False,Anaerolineae,,False,True,True,Chloroflexi,Chloroflexota,True,True,True
65c647ffd0330aa88c24b8bf7674e6c7,372,0.9985,0.0,Rhodobacter,Pararhodobacter,False,False,True,Rhodobacteraceae,Paracoccaceae,False,False,True,Rhodobacterales,Rhodobacterales,True,True,True,Alphaproteobacteria,Alphaproteobacteria,True,True,True,Proteobacteria,Pseudomonadota,True,True,True
f3faa99f0acc0df8ae5f557d0ca39c08,372,1.0,0.0,Pusillimonas,,False,True,True,Alcaligenaceae,Alcaligenaceae,True,True,True,Burkholderiales,Burkholderiales,True,True,True,Gammaproteobacteria,Betaproteobacteria,False,False,True,Proteobacteria,Pseudomonadota,True,True,True
95a05bf179625c68dbfdd8e357f791cf,369,0.999,0.0,Tissierella,Tissierella,True,True,True,Family_XI,Tissierellaceae,False,False,True,Peptostreptococcales-Tissierellales,Tissierellales,False,False,True,Clostridia,Tissierellia,False,True,True,Firmicutes,Bacillota,True,True,True
5f69c3b4eaeff62fafe6366f19a2fab3,370,0.9985,0.0,Anaerostignum,Anaerotignum,False,False,True,Lachnospiraceae,Anaerotignaceae,False,True,True,Lachnospirales,Lachnospirales,True,True,True,Clostridia,Clostridia,True,True,True,Firmicutes,Bacillota,True,True,True
357ad9f4f9251dd5f1a70dec188b23a3,372,0.9995,0.0,Hydrogenophaga,Hydrogenophaga,True,True,True,Comamonadaceae,Comamonadaceae,True,True,True,Burkholderiales,Burkholderiales,True,True,True,Gammaproteobacteria,Betaproteobacteria,False,False,True,Proteobacteria,Pseudomonadota,True,True,True
cb13db7c2341f7fb498c476454c50a21,370,1.0,0.0,Petrimonas,,False,True,True,Dysgonomonadaceae,Paludibacteraceae,False,True,True,Bacteroidales,Bacteroidales,True,True,True,Bacteroidia,Bacteroidia,True,True,True,Bacteroidota,Bacteroidota,True,True,True
e8d0c712ad2ea5d27abd8b1e23eb6f7a,374,0.9985,0.0,midas_g_1312,,False,False,False,Syntrophomonadaceae,,False,True,True,Syntrophomonadales,,False,False,True,Syntrophomonadia,,False,False,True,Firmicutes,,False,True,True
c147046b02be565ad186287629d4a843,372,0.9985,0.0,midas_g_2424,,False,False,False,Christensenellaceae,,False,True,True,Christensenellales,,False,True,True,Clostridia,,False,True,True,Firmicutes,Bacillota,True,True,True
e808c9a57b23d000151dd0526336e8de,372,0.998,0.0,Limnobacter,Chiayiivirga,False,False,True,Burkholderiaceae,Lysobacteraceae,False,True,True,Burkholderiales,Lysobacterales,False,True,True,Gammaproteobacteria,Gammaproteobacteria,True,True,True,Proteobacteria,Pseudomonadota,True,True,True
1034f9305f9e8af991841f0741e8ce44,369,0.998,0.0,midas_g_93898,Anaerovirgula,False,False,False,Natronincola,Natronincolaceae,False,False,True,Peptostreptococcales-Tissierellales,Peptostreptococcales,False,False,True,Clostridia,Clostridia,True,True,True,Firmicutes,Bacillota,True,True,True
a0ecf69202e62fe969206ad4b1445b61,373,0.9995,0.0,Elioraea,Elioraea,True,True,True,Elioraeaceae,Elioraeaceae,True,True,True,Acetobacterales,Acetobacterales,True,True,True,Alphaproteobacteria,Alphaproteobacteria,True,True,True,Proteobacteria,Pseudomonadota,True,True,True
643cecdf78d7a5f104fd135492479199,372,0.9995,0.0,nan,Mycoplana,False,False,False,Rhizobiaceae,Rhizobiaceae,True,True,True,Rhizobiales,Hyphomicrobiales,False,False,True,Alphaproteobacteria,Alphaproteobacteria,True,True,True,Proteobacteria,Pseudomonadota,True,True,True
ff1bd8113a59e63cbb44713fe3645ed6,372,1.0,,,Rhodoferax,False,False,False,,Comamonadaceae,False,False,False,,Burkholderiales,False,False,False,,Betaproteobacteria,False,False,False,,Pseudomonadota,False,False,False
2c46a6bd519e153e57e33cbee296bb41,369,1.0,0.0,nan,Acidilutibacter,False,False,False,Family_XI,Acidilutibacteraceae,False,False,True,Peptostreptococcales-Tissierellales,Tissierellales,False,False,True,Clostridia,Tissierellia,False,True,True,Firmicutes,Bacillota,True,True,True
3d94d8b70e7c5bf96bbb6b29f432ec1b,374,0.998,0.0,Dethiobacter,Dethiobacter,True,True,True,Dethiobacteraceae,Dethiobacteraceae,True,True,True,Dethiobacterales,Dethiobacterales,True,True,True,Dethiobacteria,Dethiobacteria,True,True,True,Firmicutes,Bacillota,True,True,True
4ffb03b5c0bfc3fffc60057381aa071c,372,0.999,0.0,Pseudorhodoplanes,Pseudorhodoplanes,True,True,True,Xanthobacteraceae,,False,False,True,Rhizobiales,Hyphomicrobiales,False,False,True,Alphaproteobacteria,Alphaproteobacteria,True,True,True,Proteobacteria,Pseudomonadota,True,True,True
334b1d727a1edd0d17d589993ea3a1ab,374,0.9976,0.0,Caldicoprobacter,Candidatus Darwinibacter,False,True,True,Caldicoprobacteraceae,Candidatus Darwinibacteriaceae,False,True,True,Caldicoprobacterales,Candidatus Darwinibacteriales,False,True,True,Clostridia,Clostridia,True,True,True,Firmicutes,Bacillota,True,True,True
6e6136a51bc1d0612894175086e106cd,371,1.0,0.0,Fervidobacterium,,False,False,True,Fervidobacteriaceae,,False,True,True,Thermotogales,,False,True,True,Thermotogae,,False,True,True,Thermotogota,Methanobacteriota,False,True,True
0a4dae6c36a924945c5ad8318aff7ecb,372,0.9951,0.0,midas_g_84699,,False,False,False,midas_f_84699,,False,False,False,Clostridia_vadinBB60_group,,False,False,True,Clostridia,,False,True,True,Firmicutes,Bacillota,True,True,True
b78b814af10f7643be0ef223f80cb573,374,0.9985,0.0,midas_g_84729,,False,False,False,midas_f_4245,,False,False,False,RBG-13-54-9,,False,False,True,Anaerolineae,Anaerolineae,True,True,True,Chloroflexi,Chloroflexota,True,True,True
4c301bbaaa0d8e3dc3356271c20fc5b5,378,1.0,0.0,Methanothrix,Methanothrix,True,True,True,Methanosaetaceae,Methanotrichaceae,False,False,True,Methanosarciniales,Methanotrichales,False,False,True,Methanosarcinia,Methanomicrobia,False,False,True,Halobacterota,Methanobacteriota,False,False,True
9cf7d9633bfa9472ea4578871edcdd08,370,1.0,0.0,Petrimonas,Petrimonas,True,True,True,Dysgonomonadaceae,Dysgonomonadaceae,True,True,True,Bacteroidales,Bacteroidales,True,True,True,Bacteroidia,Bacteroidia,True,True,True,Bacteroidota,Bacteroidota,True,True,True
0e941c919146c9d562604083a4eeadc8,400,0.9839,0.0,Methanobacterium,,False,True,True,Methanobacteriaceae,,False,True,True,Methanobacteriales,,False,True,True,Methanobacteria,Candidatus Methanofastidiosia,False,True,True,Euryarchaeota,Methanobacteriota,True,True,True
e64aa0d53a0727d6fb6d3fcd8667e49d,374,0.9907,0.0,nan,,False,False,False,nan,,False,False,False,nan,,False,False,False,nan,,False,False,False,Firmicutes,,False,True,True
eed3ead2d719313207afd241a3e462ad,374,0.9976,0.0,Ruminiclostridium,Acetivibrio,False,True,True,Hungateiclostridiaceae,Acetivibrionaceae,False,False,True,Oscillospirales,Acetivibrionales,False,False,True,Clostridia,Clostridia,True,True,True,Firmicutes,Bacillota,True,True,True
421b4676c5bde303e399360e708db7fc,369,0.998,0.0,Tissierella,Tissierella,True,True,True,Family_XI,Tissierellaceae,False,False,True,Peptostreptococcales-Tissierellales,Tissierellales,False,False,True,Clostridia,Tissierellia,False,True,True,Firmicutes,Bacillota,True,True,True
4a1539d5c420d910c842f2dfd2531a6d,374,0.9995,0.0,midas_g_269,,False,False,False,midas_f_269,,False,False,False,Gaiellales,,False,False,True,Thermoleophilia,Thermoleophilia,True,True,True,Actinobacteriota,Actinomycetota,False,False,True
82f01cb6b84420e18f1f7aed8630c878,372,1.0,0.0,Shinella,Shinella,True,True,True,Rhizobiaceae,Rhizobiaceae,True,True,True,Rhizobiales,Hyphomicrobiales,False,False,True,Alphaproteobacteria,Alphaproteobacteria,True,True,True,Proteobacteria,Pseudomonadota,True,True,True
7e112350867950f176b414f5f71178fd,374,1.0,0.0,nan,Actinomadura,False,False,False,nan,Thermomonosporaceae,False,False,False,nan,Streptosporangiales,False,False,False,Actinobacteria,Actinomycetes,False,False,True,Actinobacteriota,Actinomycetota,False,False,True
3ede9a0384a29cd63d3cebf0f09b96c1,372,0.9995,0.0,nan,Comamonas,False,False,False,Comamonadaceae,Comamonadaceae,True,True,True,Burkholderiales,Burkholderiales,True,True,True,Gammaproteobacteria,Betaproteobacteria,False,True,True,Proteobacteria,Pseudomonadota,True,True,True
9762cb79dea0ad8ac9b2c00da97ee1de,377,0.999,0.0,midas_g_399,,False,False,False,midas_f_5,,False,False,False,midas_o_5,Candidatus Nanopelagicales,False,False,False,Actinobacteria,Actinomycetes,False,False,True,Actinobacteriota,Actinomycetota,False,False,True
3ccbd454b224dc84efdde550255ca527,374,0.9917,0.0,midas_g_9172,Candidatus Darwinibacter,False,False,False,Dethiobacteraceae,Candidatus Darwinibacteriaceae,False,False,True,Dethiobacterales,Candidatus Darwinibacteriales,False,False,True,Dethiobacteria,Clostridia,False,False,True,Firmicutes,Bacillota,True,True,True
a8a3fd004219cc6476d68c8902fb52a3,372,0.9941,0.0,midas_g_119427,Defluviitalea,False,False,False,Desulfuribacillaceae,Defluviitaleaceae,False,False,True,Desulfuribacillales,Lachnospirales,False,False,True,Bacilli,Clostridia,False,True,True,Firmicutes,Bacillota,True,True,True
b04a73565cfbfe585d234694b827d9d1,370,0.9985,0.0,nan,Hydrotalea,False,False,False,Chitinophagaceae,Chitinophagaceae,True,True,True,Chitinophagales,Chitinophagales,True,True,True,Bacteroidia,Chitinophagia,False,False,True,Bacteroidota,Bacteroidota,True,True,True
5f76a3b05585da3a513858cce5fa4aad,374,1.0,,,,False,False,False,,,False,False,False,,,False,False,False,,,False,False,False,,Verrucomicrobiota,False,False,False
1289562118919e6f9a67cdf153688a18,372,0.9985,0.0,Mesorhizobium,,False,True,True,Rhizobiaceae,Rhizobiaceae,True,True,True,Rhizobiales,Hyphomicrobiales,False,False,True,Alphaproteobacteria,Alphaproteobacteria,True,True,True,Proteobacteria,Pseudomonadota,True,True,True
5d31a7ba11fffdbcb915a4ba1aac75e6,375,1.0,0.0,Nakamurella,,False,True,True,Nakamurellaceae,,False,True,True,Frankiales,,False,False,True,Actinobacteria,,False,False,True,Actinobacteriota,,False,False,True
b94b3e9177961551c08f311f8515f346,371,0.9995,0.0,Flaviflexus,Flaviflexus,True,True,True,Actinomycetaceae,Actinomycetaceae,True,True,True,Actinomycetales,Actinomycetales,True,True,True,Actinobacteria,Actinomycetes,False,False,True,Actinobacteriota,Actinomycetota,False,False,True
230f936bbde428b48c67b563c84f874a,374,0.9995,0.0,Propionicimonas,,False,True,True,Propionibacteriaceae,Propionibacteriaceae,True,True,True,Propionibacteriales,Propionibacteriales,True,True,True,Actinobacteria,Actinomycetes,False,False,True,Actinobacteriota,Actinomycetota,False,False,True
ec3fc3f61c2e9c1a7f32bc622801ac2c,372,0.9971,0.0,nan,Telmatospirillum,False,False,False,nan,Rhodospirillaceae,False,False,False,nan,Rhodospirillales,False,False,False,Alphaproteobacteria,Alphaproteobacteria,True,True,True,Proteobacteria,Pseudomonadota,True,True,True
27af05757211c4e22e274f6521c2b033,375,1.0,0.0,Microbacterium,Microbacterium,True,True,True,Microbacteriaceae,Microbacteriaceae,True,True,True,Micrococcales,Micrococcales,True,True,True,Actinobacteria,Actinomycetes,False,False,True,Actinobacteriota,Actinomycetota,False,False,True
8b42e63e1fe8e14326fe559f8a2cce81,372,1.0,0.0,Prosthecomicrobium,Prosthecodimorpha,False,False,True,Pleomorphomonadaceae,Ancalomicrobiaceae,False,False,True,Rhizobiales,Hyphomicrobiales,False,False,True,Alphaproteobacteria,Alphaproteobacteria,True,True,True,Proteobacteria,Pseudomonadota,True,True,True
a759ddc94367592f2474e1de3acdb224,373,1.0,0.0,Clostridium_sensu_stricto_1,Clostridium,False,False,True,Clostridiaceae,Clostridiaceae,True,True,True,Clostridiales,Eubacteriales,False,False,True,Clostridia,Clostridia,True,True,True,Firmicutes,Bacillota,True,True,True
cae0d3b0980184e9483154fe9b393493,374,0.9976,0.0,Syntrophomonas,Cronobacter,False,True,True,Syntrophomonadaceae,Enterobacteriaceae,False,True,True,Syntrophomonadales,Enterobacterales,False,False,True,Syntrophomonadia,Gammaproteobacteria,False,False,True,Firmicutes,Pseudomonadota,False,True,True
d545914a091c15dc4913586bf390bfe6,374,0.999,0.0,nan,Acetivibrio,False,False,False,Hungateiclostridiaceae,Acetivibrionaceae,False,False,True,Oscillospirales,Acetivibrionales,False,False,True,Clostridia,Clostridia,True,True,True,Firmicutes,Bacillota,True,True,True
326f3a76100742d3ceb2bc49506997fc,372,0.9985,0.0,midas_g_2424,,False,False,False,Christensenellaceae,,False,True,True,Christensenellales,,False,True,True,Clostridia,,False,True,True,Firmicutes,Bacillota,True,True,True
14d87a227e9cbf80d583db1f6eaf48b4,372,0.9956,0.0,nan,,False,False,False,nan,,False,False,False,nan,,False,False,False,Alphaproteobacteria,Alphaproteobacteria,True,True,True,Proteobacteria,Pseudomonadota,True,True,True
933c1a437592c012f7169968b9045854,370,0.998,0.0,midas_g_5121,,False,False,False,Spirochaetaceae,Spirochaetaceae,True,True,True,Spirochaetales,Spirochaetales,True,True,True,Spirochaetia,Spirochaetia,True,True,True,Spirochaetota,Spirochaetota,True,True,True
bb50ac888e677e82816ea70b2ab33eca,372,0.9985,0.0,nan,Comamonas,False,False,False,Comamonadaceae,Comamonadaceae,True,True,True,Burkholderiales,Burkholderiales,True,True,True,Gammaproteobacteria,Betaproteobacteria,False,False,True,Proteobacteria,Pseudomonadota,True,True,True
950c432d4df367cfd29389f23c4272f6,378,1.0,0.0,Methanobrevibacter,Methanobrevibacter,True,True,True,Methanobacteriaceae,Methanobacteriaceae,True,True,True,Methanobacteriales,Methanobacteriales,True,True,True,Methanobacteria,Methanobacteria,True,True,True,Euryarchaeota,Methanobacteriota,True,True,True
82243ab47000b0bb9500a7f65bf04630,372,0.9985,0.0,Parvibaculum,,False,True,True,Parvibaculaceae,,False,True,True,Parvibaculales,,False,False,True,Alphaproteobacteria,Alphaproteobacteria,True,True,True,Proteobacteria,Pseudomonadota,True,True,True
9d93bbfc68509916e75cf218443f9b1b,372,0.9937,0.0,nan,,False,False,False,nan,Eubacteriaceae,False,False,False,nan,Eubacteriales,False,False,False,nan,Clostridia,False,False,False,Firmicutes,Bacillota,True,True,True
3ab282a70cea4c1440512ab7820c4cad,374,0.9912,0.0,midas_g_51754,,False,False,False,Christensenellaceae,,False,False,True,Christensenellales,,False,True,True,Clostridia,,False,True,True,Firmicutes,Bacillota,True,True,True
4d9f444d7b7f1f6de3b53c732536296a,371,1.0,0.0,Terrisporobacter,Terrisporobacter,True,True,True,Peptostreptococcaceae,Peptostreptococcaceae,True,True,True,Peptostreptococcales-Tissierellales,Peptostreptococcales,False,False,True,Clostridia,Clostridia,True,True,True,Firmicutes,Bacillota,True,True,True
a0138f57c9f1b4f6a71bceb94b56572f,370,0.9976,0.0,JGI-0000079-D21,,False,False,True,Synergistaceae,Synergistaceae,True,True,True,Synergistales,Synergistales,True,True,True,Synergistia,Synergistia,True,True,True,Synergistota,Synergistota,True,True,True
27b310dd4ffe5fc8db8b41f66bdb3175,370,0.999,0.0,Proteiniphilum,,False,True,True,Dysgonomonadaceae,Anaerolineaceae,False,True,True,Bacteroidales,Anaerolineales,False,True,True,Bacteroidia,Anaerolineae,False,True,True,Bacteroidota,Chloroflexota,False,True,True
ee00e22b5b23fa6d7e2502177a8a70c7,374,0.9951,0.0,midas_g_114992,Natranaerobius,False,False,False,Dethiobacteraceae,Natranaerobiaceae,False,True,True,Dethiobacterales,Natranaerobiales,False,True,True,Dethiobacteria,Clostridia,False,True,True,Firmicutes,Bacillota,True,True,True
2018829be0affbac011bf1b8e30981ad,372,0.999,0.0,Hyphomicrobium,,False,True,True,Hyphomicrobiaceae,Hyphomicrobiaceae,True,True,True,Rhizobiales,Hyphomicrobiales,False,False,True,Alphaproteobacteria,Alphaproteobacteria,True,True,True,Proteobacteria,Pseudomonadota,True,True,True
534be7183f24b21ccc3a792f5c7e5169,374,0.9971,0.0,Monoglobus,,False,True,True,Monoglobaceae,,False,True,True,Monoglobales,Eubacteriales,False,True,True,Clostridia,Clostridia,True,True,True,Firmicutes,Bacillota,True,True,True
f687f9aecd37880d471fc69c13c4f256,374,0.9966,0.0,nan,Mycobacterium,False,False,False,Lutispora,Mycobacteriaceae,False,False,True,Gracilibacteraceae,Mycobacteriales,False,False,True,Clostridia,Actinomycetes,False,True,True,Firmicutes,Actinomycetota,False,True,True
9f73559d08e3d2aebe9872ed20eb92cb,374,1.0,0.0,Nitrosomonas,Nitrosomonas,True,True,True,Nitrosomonadaceae,Nitrosomonadaceae,True,True,True,Burkholderiales,Nitrosomonadales,False,True,True,Gammaproteobacteria,Betaproteobacteria,False,False,True,Proteobacteria,Pseudomonadota,True,True,True
d57543b38df2129448b58807cb5965d0,374,0.9946,0.0,nan,,False,False,False,Pirellulaceae,Thermoguttaceae,False,False,True,Pirellulales,Pirellulales,True,True,True,Planctomycetes,Planctomycetia,False,False,True,Planctomycetota,Planctomycetota,True,True,True
c5818942f7219725c098917e39a7e7bb,374,0.9985,0.0,Legionella,Legionella,True,True,True,Legionellaceae,Legionellaceae,True,True,True,Legionellales,Legionellales,True,True,True,Gammaproteobacteria,Gammaproteobacteria,True,True,True,Proteobacteria,Pseudomonadota,True,True,True
fc91b1d6efa2d63ad830349556a06220,372,0.9995,0.0,alphaI_cluster,,False,False,True,Beijerinckiaceae,,False,True,True,Rhizobiales,,False,False,True,Alphaproteobacteria,Alphaproteobacteria,True,True,True,Proteobacteria,Pseudomonadota,True,True,True
6c1758cff014a807d58bd737c76ec233,373,1.0,0.0,Clostridium_sensu_stricto_1,Clostridium,False,False,True,Clostridiaceae,Clostridiaceae,True,True,True,Clostridiales,Eubacteriales,False,False,True,Clostridia,Clostridia,True,True,True,Firmicutes,Bacillota,True,True,True
f7ac318fad126f8dc75f70e09fd5c4dd,373,0.9956,0.0,midas_g_103638,,False,False,False,Eubacterium_coprostanoligenes_group,Eubacteriaceae,False,False,True,Oscillospirales,Eubacteriales,False,False,True,Clostridia,Clostridia,True,True,True,Firmicutes,Bacillota,True,True,True
07ab589574a5adeae211c91efb58a71f,370,1.0,0.0,Truepera,,False,True,True,Trueperaceae,Trueperaceae,True,True,True,Deinococcales,Trueperales,False,True,True,Deinococci,Deinococci,True,True,True,Deinococcota,Deinococcota,True,True,True
a890e281ef9de265199252d45d16a904,372,0.9976,0.0,Thermovirga,,False,False,True,Synergistaceae,Spirochaetaceae,False,True,True,Synergistales,Spirochaetales,False,True,True,Synergistia,Spirochaetia,False,True,True,Synergistota,Spirochaetota,False,True,True
a989e16b5beae59a0a6bc423abdd16e7,372,0.9995,0.0,Hyphomicrobium,Hyphomicrobium,True,True,True,Hyphomicrobiaceae,Hyphomicrobiaceae,True,True,True,Rhizobiales,Hyphomicrobiales,False,False,True,Alphaproteobacteria,Alphaproteobacteria,True,True,True,Proteobacteria,Pseudomonadota,True,True,True
36b46a254875314bef7628b94ef8d7b6,375,0.999,0.0,Nocardioides,Nocardioides,True,True,True,Nocardioidaceae,Nocardioidaceae,True,True,True,Propionibacteriales,Propionibacteriales,True,True,True,Actinobacteria,Actinomycetes,False,False,True,Actinobacteriota,Actinomycetota,False,False,True
a52b829bf001efa256aeabe5472b2638,374,0.9976,0.0,midas_g_2207,Escherichia,False,False,False,Caldicoprobacteraceae,Enterobacteriaceae,False,False,True,Caldicoprobacterales,Enterobacterales,False,False,True,Clostridia,Gammaproteobacteria,False,True,True,Firmicutes,Pseudomonadota,False,True,True
3c6c6b674785246a706fea426f2f4dd9,372,0.9976,0.0,Phreatobacter,,False,False,True,Rhodobacteraceae,Beijerinckiaceae,False,False,True,Rhodobacterales,Hyphomicrobiales,False,False,True,Alphaproteobacteria,Alphaproteobacteria,True,True,True,Proteobacteria,Pseudomonadota,True,True,True
5dfb2d1578133ad81a110967e7c71462,378,1.0,0.0,Methanothrix,Methanothrix,True,True,True,Methanosaetaceae,Methanotrichaceae,False,False,True,Methanosarciniales,Methanotrichales,False,False,True,Methanosarcinia,Methanomicrobia,False,False,True,Halobacterota,Methanobacteriota,False,False,True
5dc7abaaf2ad90f62d784e23e9d558f2,374,1.0,,,,False,False,False,,,False,False,False,,,False,False,False,,Clostridia,False,False,False,,Bacillota,False,False,False
4767afde4b029b318194cf99b257de2d,370,1.0,0.0,Chryseobacterium,Chryseobacterium,True,True,True,Weeksellaceae,Weeksellaceae,True,True,True,Flavobacteriales,Flavobacteriales,True,True,True,Bacteroidia,Flavobacteriia,False,False,True,Bacteroidota,Bacteroidota,True,True,True
349e5c52e64bf4223e4b96bd1aa54075,372,0.9966,0.0,nan,,False,False,False,Christensenellaceae,,False,True,True,Christensenellales,,False,True,True,Clostridia,,False,True,True,Firmicutes,Bacillota,True,True,True
147c28a497af9f823da70571c88b5ebe,371,0.999,0.0,Anaerovorax,,False,False,True,Anaerovoracaceae,Anaerovoracaceae,True,True,True,Peptostreptococcales-Tissierellales,Peptostreptococcales,False,False,True,Clostridia,Clostridia,True,True,True,Firmicutes,Bacillota,True,True,True
943510d75dff81e8e8a61b414393ad22,372,0.998,0.0,Hyphomicrobium,Hyphomicrobium,True,True,True,Hyphomicrobiaceae,Hyphomicrobiaceae,True,True,True,Rhizobiales,Hyphomicrobiales,False,False,True,Alphaproteobacteria,Alphaproteobacteria,True,True,True,Proteobacteria,Pseudomonadota,True,True,True
8c932073a2765a0e8639a784955bd290,372,0.9961,0.0,nan,,False,False,False,nan,,False,False,False,Chitinophagales,,False,False,True,Bacteroidia,,False,True,True,Bacteroidota,Bacteroidota,True,True,True
503e3f397b970f03e626474b548327b4,374,0.9961,0.0,midas_g_8086,Syntrophothermus,False,False,False,midas_f_8086,Syntrophomonadaceae,False,False,False,midas_o_5025,Eubacteriales,False,False,False,D8A-2,Clostridia,False,False,True,Firmicutes,Bacillota,True,True,True
075005ef79b14f0787674852faab9e2e,374,0.998,0.0,Desulfosporosinus,Granulicella,False,True,True,Desulfitobacteriaceae,Acidobacteriaceae,False,True,True,Desulfitobacteriales,Terriglobales,False,False,True,Desulfitobacteriia,Terriglobia,False,False,True,Firmicutes,Acidobacteriota,False,True,True
5dd79bb2be6e24d95fcc33b497b078b5,371,0.999,0.0,Amnipila,,False,False,True,Anaerovoracaceae,Anaerovoracaceae,True,True,True,Peptostreptococcales-Tissierellales,Peptostreptococcales,False,False,True,Clostridia,Clostridia,True,True,True,Firmicutes,Bacillota,True,True,True
5eef1e65ed73d122236c933fe9327adb,372,0.9966,0.0,nan,Cronobacter,False,False,False,Ruminococcaceae,Enterobacteriaceae,False,False,True,Oscillospirales,Enterobacterales,False,False,True,Clostridia,Gammaproteobacteria,False,True,True,Firmicutes,Pseudomonadota,False,True,True
00f898781984ce51010f520e28aca483,372,0.9995,0.0,nan,Ottowia,False,False,False,Comamonadaceae,Comamonadaceae,True,True,True,Burkholderiales,Burkholderiales,True,True,True,Gammaproteobacteria,Betaproteobacteria,False,False,True,Proteobacteria,Pseudomonadota,True,True,True
b8299c90e4c775b18c1c5ff6d23ad616,398,0.9834,0.0,nan,,False,False,False,nan,,False,False,False,nan,,False,False,False,nan,,False,False,False,nan,,False,False,False
8466c6dfab56e8746ea47bc3c0e571e0,374,1.0,0.0,Legionella,,False,True,True,Legionellaceae,,False,True,True,Legionellales,Methylococcales,False,True,True,Gammaproteobacteria,Gammaproteobacteria,True,True,True,Proteobacteria,Pseudomonadota,True,True,True
7a8d2549f0a2623a5f45a138e85aedd0,373,0.9922,0.0,midas_g_73006,Rhodothalassium,False,False,False,midas_f_44631,Rhodothalassiaceae,False,False,False,midas_o_16387,Rhodothalassiales,False,False,False,Alphaproteobacteria,Alphaproteobacteria,True,True,True,Proteobacteria,Pseudomonadota,True,True,True
e9610e4b261eb260ad4e507e8c1d634e,374,0.9961,0.0,midas_g_6223,,False,False,False,JG30-KF-CM45,,False,False,True,Thermomicrobiales,,False,True,True,Chloroflexia,Dehalococcoidia,False,True,True,Chloroflexi,Chloroflexota,True,True,True
fc7c6eed68d83b0078b51ba3581a953b,375,0.9995,0.0,Nakamurella,,False,True,True,Nakamurellaceae,,False,True,True,Frankiales,,False,False,True,Actinobacteria,,False,False,True,Actinobacteriota,,False,False,True
28e70a00b942f129979d73aacfbf7bcd,374,0.9976,0.0,nan,Pseudobacteroides,False,False,False,Hungateiclostridiaceae,Oscillospiraceae,False,False,True,Oscillospirales,Eubacteriales,False,False,True,Clostridia,Clostridia,True,True,True,Firmicutes,Bacillota,True,True,True
9252a9854a55ae3605817df259632d05,372,0.9951,0.0,midas_g_7501,Cronobacter,False,False,False,Christensenellaceae,Enterobacteriaceae,False,True,True,Christensenellales,Enterobacterales,False,True,True,Clostridia,Gammaproteobacteria,False,True,True,Firmicutes,Pseudomonadota,False,True,True
e6bdf194852a3017f2294a9236f98dfc,374,0.9941,0.0,Desulfurispora,,False,False,True,Desulfurisporaceae,Peptococcaceae,False,False,True,Desulfotomaculales,Eubacteriales,False,False,True,Desulfotomaculia,Clostridia,False,False,True,Firmicutes,Bacillota,True,True,True
f1270b35cb1a572502eb1f6a417b4ce9,378,0.9995,0.0,Methanobacterium,Methanobacterium,True,True,True,Methanobacteriaceae,Methanobacteriaceae,True,True,True,Methanobacteriales,Methanobacteriales,True,True,True,Methanobacteria,Methanobacteria,True,True,True,Euryarchaeota,Methanobacteriota,True,True,True
8bbcf048be9561d00c6ed8f597643925,375,1.0,0.0,Cutibacterium,Cutibacterium,True,True,True,Propionibacteriaceae,Propionibacteriaceae,True,True,True,Propionibacteriales,Propionibacteriales,True,True,True,Actinobacteria,Actinomycetes,False,False,True,Actinobacteriota,Actinomycetota,False,False,True
c8b7afd58453fa7f61cb3486e65de8f0,372,0.998,0.0,midas_g_3907,,False,False,False,Hydrogenophilaceae,,False,False,True,Burkholderiales,Hydrogenophilales,False,True,True,Gammaproteobacteria,Hydrogenophilia,False,False,True,Proteobacteria,Pseudomonadota,True,True,True
4a6f9dd6166c1d7f2c4af6440718c03b,374,0.999,0.0,midas_g_230,,False,False,False,midas_f_230,,False,False,False,midas_o_230,,False,False,False,JS1,Atribacteria,False,False,True,Caldatribacteriota,Atribacterota,False,False,True
5a05b28cfb802977240bc925ee59d1fc,374,0.9976,0.0,Monoglobus,,False,True,True,Monoglobaceae,,False,True,True,Monoglobales,Eubacteriales,False,True,True,Clostridia,Clostridia,True,True,True,Firmicutes,Bacillota,True,True,True
09eb2ace0ecf6426286819c37b4010e0,370,0.9941,0.0,nan,Mycobacterium,False,False,False,nan,Mycobacteriaceae,False,False,False,Clostridiales,Mycobacteriales,False,False,True,Clostridia,Actinomycetes,False,True,True,Firmicutes,Actinomycetota,False,True,True
ad7b37d7259f65ae5d2d898c539a6297,368,0.9844,0.0,midas_g_113571,,False,False,False,midas_f_113571,,False,False,False,midas_o_113571,Sphingobacteriales,False,False,False,midas_c_113571,Sphingobacteriia,False,False,False,midas_p_113571,Bacteroidota,False,False,False
f94941df072a2ce7df898dbbc4971c45,374,1.0,0.0,Christensenellaceae_R-7_group,,False,False,True,Christensenellaceae,,False,True,True,Christensenellales,,False,True,True,Clostridia,,False,True,True,Firmicutes,Bacillota,True,True,True
dd34ba859b98a1d6bb3897c876d3b92d,374,0.9985,0.0,Ruminiclostridium,Acetivibrio,False,True,True,Hungateiclostridiaceae,Acetivibrionaceae,False,False,True,Oscillospirales,Acetivibrionales,False,False,True,Clostridia,Clostridia,True,True,True,Firmicutes,Bacillota,True,True,True
07ebfd1673dbe181c7a499218a46ef80,371,0.9995,0.0,Terrisporobacter,Terrisporobacter,True,True,True,Peptostreptococcaceae,Peptostreptococcaceae,True,True,True,Peptostreptococcales-Tissierellales,Peptostreptococcales,False,False,True,Clostridia,Clostridia,True,True,True,Firmicutes,Bacillota,True,True,True
8dde56a6b6263c9ff1d677c7a17456ec,374,0.998,0.0,nan,,False,False,False,Peptococcaceae,,False,False,True,Peptococcales,,False,False,True,Clostridia,,False,True,True,Firmicutes,Bacillota,True,True,True
0bd4b1e42bd92aa97b0e3256b8b9f685,375,0.9985,0.0,midas_g_6741,Nocardioides,False,False,False,Nocardioidaceae,Nocardioidaceae,True,True,True,Propionibacteriales,Propionibacteriales,True,True,True,Actinobacteria,Actinomycetes,False,False,True,Actinobacteriota,Actinomycetota,False,False,True
60d23b6a7047719eb79dc09d360c62cc,375,1.0,0.0,Microlunatus,,False,True,True,Propionibacteriaceae,,False,True,True,Propionibacteriales,,False,True,True,Actinobacteria,,False,False,True,Actinobacteriota,Actinomycetota,False,False,True
8d94059665b326451d66d86b45255634,374,1.0,0.0,Caldicoprobacter,,False,True,True,Caldicoprobacteraceae,,False,True,True,Caldicoprobacterales,,False,True,True,Clostridia,,False,True,True,Firmicutes,Bacillota,True,True,True
d0805d57a9a2267c7f9372624fa92147,375,1.0,0.0,Microbacterium,Microbacterium,True,True,True,Microbacteriaceae,Microbacteriaceae,True,True,True,Micrococcales,Micrococcales,True,True,True,Actinobacteria,Actinomycetes,False,False,True,Actinobacteriota,Actinomycetota,False,False,True
92d6b69fbdf22335e1e29eb7ddea612a,370,0.9985,0.0,Sediminibacterium,,False,True,True,Chitinophagaceae,,False,True,True,Chitinophagales,,False,True,True,Bacteroidia,,False,False,True,Bacteroidota,,False,True,True
286e6b7f2a15a9ef97faca363e6a6800,374,0.998,0.0,midas_g_3338,,False,False,False,midas_f_2573,,False,False,False,Gaiellales,,False,False,True,Thermoleophilia,Actinomycetes,False,True,True,Actinobacteriota,Actinomycetota,False,False,True
b923bc5d99ffa071df805bfb578547c4,372,0.9995,0.0,Paracoccus,Frigidibacter,False,True,True,Rhodobacteraceae,Paracoccaceae,False,False,True,Rhodobacterales,Rhodobacterales,True,True,True,Alphaproteobacteria,Alphaproteobacteria,True,True,True,Proteobacteria,Pseudomonadota,True,True,True
5901c122dbe9545a6149416c6397f234,370,0.9995,0.0,JGI-0000079-D21,Cronobacter,False,False,True,Synergistaceae,Enterobacteriaceae,False,True,True,Synergistales,Enterobacterales,False,True,True,Synergistia,Gammaproteobacteria,False,True,True,Synergistota,Pseudomonadota,False,True,True
afadb45931725b52385058d29f76447e,374,0.9956,0.0,Dethiobacter,,False,True,True,Dethiobacteraceae,,False,True,True,Dethiobacterales,,False,True,True,Dethiobacteria,Dehalococcoidia,False,True,True,Firmicutes,Chloroflexota,False,True,True
2b7ce440bd256b23d5e09f40e46698ad,374,0.998,0.0,Syntrophomonas,Cronobacter,False,True,True,Syntrophomonadaceae,Enterobacteriaceae,False,True,True,Syntrophomonadales,Enterobacterales,False,False,True,Syntrophomonadia,Gammaproteobacteria,False,False,True,Firmicutes,Pseudomonadota,False,True,True
bbb066ff0d8c41323c27c93a1a3c35a7,372,0.998,0.0,Lautropia,,False,False,True,Burkholderiaceae,Burkholderiaceae,True,True,True,Burkholderiales,Burkholderiales,True,True,True,Gammaproteobacteria,Betaproteobacteria,False,False,True,Proteobacteria,Pseudomonadota,True,True,True
7f95be53d89bc3a48bae7b78b974d701,374,0.9995,0.0,midas_g_467,,False,False,False,Anaerolineaceae,,False,True,True,Anaerolineales,,False,True,True,Anaerolineae,Anaerolineae,True,True,True,Chloroflexi,Chloroflexota,True,True,True
78f289cd472d09e153e93361d0beeb2f,374,0.9985,0.0,nan,Frisingicoccus,False,False,False,Lachnospiraceae,Lachnospiraceae,True,True,True,Lachnospirales,Lachnospirales,True,True,True,Clostridia,Clostridia,True,True,True,Firmicutes,Bacillota,True,True,True
80696a8e4c14013684c162880b99abc9,372,0.9995,0.0,nan,Burkholderia,False,False,False,nan,Burkholderiaceae,False,False,False,Burkholderiales,Burkholderiales,True,True,True,Gammaproteobacteria,Betaproteobacteria,False,False,True,Proteobacteria,Pseudomonadota,True,True,True
36a66f4e2ef60675b52417bd1ef5d23f,372,1.0,0.0,Methylobacterium-Methylorubrum,Methylobacterium,False,False,True,Beijerinckiaceae,Methylobacteriaceae,False,False,True,Rhizobiales,Hyphomicrobiales,False,False,True,Alphaproteobacteria,Alphaproteobacteria,True,True,True,Proteobacteria,Pseudomonadota,True,True,True
015be9e29980c3340bc973769ffd53c5,374,0.998,0.0,Syntrophomonas,,False,True,True,Syntrophomonadaceae,Syntrophomonadaceae,True,True,True,Syntrophomonadales,Eubacteriales,False,False,True,Syntrophomonadia,Clostridia,False,False,True,Firmicutes,Bacillota,True,True,True
0c9b81e16ab4e3c0b202044ce6d7ba57,374,0.9956,0.0,Legionella,Legionella,True,True,True,Legionellaceae,Legionellaceae,True,True,True,Legionellales,Legionellales,True,True,True,Gammaproteobacteria,Gammaproteobacteria,True,True,True,Proteobacteria,Pseudomonadota,True,True,True
6068fd60909c15a33c7dd6f3cf41a189,374,0.9971,0.0,midas_g_2455,,False,False,False,Lutispora,,False,False,True,Gracilibacteraceae,,False,False,True,Clostridia,Clostridia,True,True,True,Firmicutes,Bacillota,True,True,True
16d7e7a57ee5a4d1019a0343f5008fd3,372,0.9917,0.0,midas_g_103462,Flavonifractor,False,False,False,Hungateiclostridiaceae,Oscillospiraceae,False,False,True,Oscillospirales,Eubacteriales,False,False,True,Clostridia,Clostridia,True,True,True,Firmicutes,Bacillota,True,True,True
835bb682be3fa7b086047fefbc88efb8,371,1.0,,,,False,False,False,,,False,False,False,,,False,False,False,,,False,False,False,,Spirochaetota,False,False,False
be017454a0758945d4ec45fbf9ac6f48,378,1.0,0.0,Methanobacterium,Methanobacterium,True,True,True,Methanobacteriaceae,Methanobacteriaceae,True,True,True,Methanobacteriales,Methanobacteriales,True,True,True,Methanobacteria,Methanobacteria,True,True,True,Euryarchaeota,Methanobacteriota,True,True,True
7bdb643584d385bedc3578796b996258,374,0.998,0.0,HN-HF0106,Thermoclostridium,False,False,True,Hungateiclostridiaceae,Oscillospiraceae,False,False,True,Oscillospirales,Eubacteriales,False,False,True,Clostridia,Clostridia,True,True,True,Firmicutes,Bacillota,True,True,True
1541d3f52b75573d379c2d7efdd61f0e,369,1.0,0.0,midas_g_1571,,False,False,False,Marinilabiliaceae,,False,False,True,Bacteroidales,Bacteroidales,True,True,True,Bacteroidia,Bacteroidia,True,True,True,Bacteroidota,Bacteroidota,True,True,True
ed09d7afbe54912303e1d4ad8b7b1d32,370,0.9971,0.0,JGI-0000079-D21,Cronobacter,False,False,True,Synergistaceae,Enterobacteriaceae,False,True,True,Synergistales,Enterobacterales,False,True,True,Synergistia,Gammaproteobacteria,False,True,True,Synergistota,Pseudomonadota,False,True,True
21154dbe9d1fd27c98e5ee78bb11560c,372,0.998,0.0,Pedomicrobium,,False,False,True,Hyphomicrobiaceae,,False,True,True,Rhizobiales,,False,False,True,Alphaproteobacteria,Alphaproteobacteria,True,True,True,Proteobacteria,Pseudomonadota,True,True,True
5b6d589e4b8374ae05953faf3e0ec415,372,1.0,0.0,Phreatobacter,,False,True,True,Rhodobacteraceae,Paracoccaceae,False,False,True,Rhodobacterales,Rhodobacterales,True,True,True,Alphaproteobacteria,Alphaproteobacteria,True,True,True,Proteobacteria,Pseudomonadota,True,True,True
30722c9b979a324b1a9e507436496b08,369,0.9985,0.0,midas_g_75908,Serpentinicella,False,False,False,Serpentinicella,Natronincolaceae,False,False,True,Peptostreptococcales-Tissierellales,Peptostreptococcales,False,False,True,Clostridia,Clostridia,True,True,True,Firmicutes,Bacillota,True,True,True
be2708e1bdcddac994cdfd7ddf921d52,375,0.999,0.0,Jatrophihabitans,,False,True,True,Frankiaceae,,False,False,True,Frankiales,,False,False,True,Actinobacteria,,False,False,True,Actinobacteriota,Actinomycetota,False,False,True
98e48e291e82614b662dd427ed669231,372,1.0,0.0,midas_g_4582,,False,False,False,midas_f_4245,,False,False,False,RBG-13-54-9,,False,False,True,Anaerolineae,Anaerolineae,True,True,True,Chloroflexi,Chloroflexota,True,True,True
d23e031b9dfbdb8f41323c8c5c775f26,371,1.0,0.0,Family_XIII_AD3011_group,Candidatus Allocopromorpha,False,False,True,Anaerovoracaceae,Eubacteriaceae,False,True,True,Peptostreptococcales-Tissierellales,Eubacteriales,False,False,True,Clostridia,Clostridia,True,True,True,Firmicutes,Bacillota,True,True,True
a2ea5245d83eba89a777bfc3af4e28a7,372,0.9995,0.0,midas_g_534,Terripilifer,False,False,False,Beijerinckiaceae,Roseiarcaceae,False,True,True,Rhizobiales,Hyphomicrobiales,False,False,True,Alphaproteobacteria,Alphaproteobacteria,True,True,True,Proteobacteria,Pseudomonadota,True,True,True
8fa174b717385600595ec8771240bfe8,372,0.9966,0.0,Christensenella_sp._AF73-05CM02,,False,False,True,Christensenellaceae,,False,False,True,Christensenellales,,False,False,True,Clostridia,Actinomycetes,False,True,True,Firmicutes,Actinomycetota,False,True,True
e685dc44525e8ec7783caa6ab7f5b4b8,375,1.0,,,,False,False,False,,Propionibacteriaceae,False,False,False,,Propionibacteriales,False,False,False,,Actinomycetes,False,False,False,,Actinomycetota,False,False,False
4067001164170581ba105a05e975bbe3,374,0.999,0.0,midas_g_77185,,False,False,False,midas_f_26893,,False,False,False,midas_o_1393,,False,False,False,Sericytochromatia,Candidatus Sericytochromatia,False,False,True,Cyanobacteria,,False,False,True
1b93fe44c90e856e28e8586500b42103,374,0.9956,0.0,nan,Candidatus Darwinibacter,False,False,False,nan,Candidatus Darwinibacteriaceae,False,False,False,nan,Candidatus Darwinibacteriales,False,False,False,nan,Clostridia,False,False,False,Firmicutes,Bacillota,True,True,True
29b2f8399229daa8138a86a37fa795f1,374,0.999,0.0,Proteiniclasticum,Proteiniclasticum,True,True,True,Clostridiaceae,Clostridiaceae,True,True,True,Clostridiales,Eubacteriales,False,False,True,Clostridia,Clostridia,True,True,True,Firmicutes,Bacillota,True,True,True
296a64ff9ac191c4f1c886ba988e1706,374,0.999,0.0,Legionella,,False,True,True,Legionellaceae,,False,True,True,Legionellales,,False,True,True,Gammaproteobacteria,Gammaproteobacteria,True,True,True,Proteobacteria,Pseudomonadota,True,True,True
eb6a99a43cef2237af9b344c4df7f907,372,0.9995,0.0,Bosea,Allobosea,False,False,True,Beijerinckiaceae,Alloboseaceae,False,False,True,Rhizobiales,Hyphomicrobiales,False,False,True,Alphaproteobacteria,Alphaproteobacteria,True,True,True,Proteobacteria,Pseudomonadota,True,True,True
6e72d85c5c29aaa1b7f043f60c8515fa,372,0.999,0.0,Hyphomicrobium,Hyphomicrobium,True,True,True,Hyphomicrobiaceae,Hyphomicrobiaceae,True,True,True,Rhizobiales,Hyphomicrobiales,False,False,True,Alphaproteobacteria,Alphaproteobacteria,True,True,True,Proteobacteria,Pseudomonadota,True,True,True
f486ad1bcca90a8bd9b68c76212312c3,370,1.0,0.0,midas_g_800,,False,False,False,Bacteroidetes_vadinHA17,,False,False,True,Bacteroidales,,False,True,True,Bacteroidia,,False,True,True,Bacteroidota,Bacteroidota,True,True,True
fc4e948dc95060bb06f959f2e2ed0731,388,0.9956,,,Terrisporobacter,False,False,False,,Peptostreptococcaceae,False,False,False,,Peptostreptococcales,False,False,False,,Clostridia,False,False,False,,Bacillota,False,False,False
91203c4512e4b08f343fbec0de1a3b9e,372,0.9961,0.0,nan,Ruminococcus,False,False,False,Ruminococcaceae,Oscillospiraceae,False,False,True,Oscillospirales,Eubacteriales,False,False,True,Clostridia,Clostridia,True,True,True,Firmicutes,Bacillota,True,True,True
28a57cdaa30629405422c8fde4881357,375,0.9995,0.0,Micropruina,Escherichia,False,True,True,Propionibacteriaceae,Enterobacteriaceae,False,True,True,Propionibacteriales,Enterobacterales,False,True,True,Actinobacteria,Gammaproteobacteria,False,False,True,Actinobacteriota,Pseudomonadota,False,False,True
79f2b1b38f1fbd05cc7592334ee0803d,370,0.9976,0.0,midas_g_62009,Ferruginibacter,False,False,False,Chitinophagaceae,Chitinophagaceae,True,True,True,Chitinophagales,Chitinophagales,True,True,True,Bacteroidia,Chitinophagia,False,False,True,Bacteroidota,Bacteroidota,True,True,True
1fd28ae75bb3ec630b2de2e3430c8f1e,374,0.9971,0.0,Ruminiclostridium,Thermoclostridium,False,True,True,Hungateiclostridiaceae,Oscillospiraceae,False,False,True,Oscillospirales,Eubacteriales,False,False,True,Clostridia,Clostridia,True,True,True,Firmicutes,Bacillota,True,True,True
749376b5f9975100a175a587f222e10e,372,0.9985,0.0,Nitrobacter,Bradyrhizobium,False,True,True,Xanthobacteraceae,Nitrobacteraceae,False,False,True,Rhizobiales,Hyphomicrobiales,False,False,True,Alphaproteobacteria,Alphaproteobacteria,True,True,True,Proteobacteria,Pseudomonadota,True,True,True
e4e59d9f49c532675b55e61340b2179e,374,0.9976,0.0,nan,,False,False,False,Hungateiclostridiaceae,,False,False,True,Oscillospirales,,False,False,True,Clostridia,,False,True,True,Firmicutes,Candidatus Cloacimonadota,False,True,True
26491960a83d9ec238fcf87efff319e2,372,0.9961,0.0,nan,,False,False,False,Christensenellaceae,,False,True,True,Christensenellales,Christensenellales,True,True,True,Clostridia,Clostridia,True,True,True,Firmicutes,Bacillota,True,True,True
f88d741fc5f4fa1ec110a6aafc7393f2,372,0.9961,0.0,midas_g_1799,Candidatus Darwinibacter,False,False,False,midas_f_1799,Candidatus Darwinibacteriaceae,False,False,False,Proteinivoracales,Candidatus Darwinibacteriales,False,False,True,Clostridia,Clostridia,True,True,True,Firmicutes,Bacillota,True,True,True
d16549567d9b503e05d935bd5ca038a6,372,0.9951,0.0,midas_g_119427,Alkalibacillus,False,False,False,Desulfuribacillaceae,Bacillaceae,False,False,True,Desulfuribacillales,Caryophanales,False,False,True,Bacilli,Bacilli,True,True,True,Firmicutes,Bacillota,True,True,True
626c469cde244cf9b780fe8a6e952018,372,1.0,0.0,Parvibaculum,Parvibaculum,True,True,True,Parvibaculaceae,Parvibaculaceae,True,True,True,Parvibaculales,Hyphomicrobiales,False,False,True,Alphaproteobacteria,Alphaproteobacteria,True,True,True,Proteobacteria,Pseudomonadota,True,True,True
81658f20c85c240a8529c9f65f993851,374,0.9956,0.0,midas_g_114992,,False,False,False,Dethiobacteraceae,,False,True,True,Dethiobacterales,Christensenellales,False,True,True,Dethiobacteria,Clostridia,False,True,True,Firmicutes,Bacillota,True,True,True
7bc40a9c22f90b2ce6c97edc8248f810,372,0.9976,0.0,alphaI_cluster,Alsobacter,False,False,True,Beijerinckiaceae,Alsobacteraceae,False,False,True,Rhizobiales,Hyphomicrobiales,False,False,True,Alphaproteobacteria,Alphaproteobacteria,True,True,True,Proteobacteria,Pseudomonadota,True,True,True
15d96e4d97ef38ceedf0ad18f07e0240,372,0.999,0.0,nan,Aphanothece,False,False,False,Rhodobacteraceae,Aphanothecaceae,False,False,True,Rhodobacterales,Chroococcales,False,False,True,Alphaproteobacteria,Cyanophyceae,False,True,True,Proteobacteria,Cyanobacteriota,False,True,True
84fa9606a58e97506922f09083e7087a,370,1.0,0.0,Proteiniphilum,,False,True,True,Dysgonomonadaceae,Dysgonomonadaceae,True,True,True,Bacteroidales,Bacteroidales,True,True,True,Bacteroidia,Bacteroidia,True,True,True,Bacteroidota,Bacteroidota,True,True,True
426bda34df28a503259476e54950b730,373,0.9956,0.0,nan,,False,False,False,Christensenellaceae,,False,True,True,Christensenellales,Christensenellales,True,True,True,Clostridia,Clostridia,True,True,True,Firmicutes,Bacillota,True,True,True
32fde07abf6b53007080027dbf4cf88f,372,0.9995,0.0,Alcaligenes,Alcaligenes,True,True,True,Alcaligenaceae,Alcaligenaceae,True,True,True,Burkholderiales,Burkholderiales,True,True,True,Gammaproteobacteria,Betaproteobacteria,False,False,True,Proteobacteria,Pseudomonadota,True,True,True
064ea8c0c174b991b890a76af66da802,371,0.999,0.0,Anaerovorax,,False,False,True,Anaerovoracaceae,Anaerovoracaceae,True,True,True,Peptostreptococcales-Tissierellales,Peptostreptococcales,False,False,True,Clostridia,Clostridia,True,True,True,Firmicutes,Bacillota,True,True,True
34646d0e803268c026a7c33066998a77,374,0.9971,0.0,Syntrophomonas,Syntrophomonas,True,True,True,Syntrophomonadaceae,Syntrophomonadaceae,True,True,True,Syntrophomonadales,Eubacteriales,False,False,True,Syntrophomonadia,Clostridia,False,False,True,Firmicutes,Bacillota,True,True,True
bc71146ccc3a63837fc7d874a28a173c,374,1.0,0.0,nan,,False,False,False,nan,Clostridiaceae,False,False,False,Oscillospirales,Eubacteriales,False,False,True,Clostridia,Clostridia,True,True,True,Firmicutes,Bacillota,True,True,True
bec033acf73d8b55fcee3b62a8a9429e,371,0.9995,,,Sinanaerobacter,False,False,False,,Anaerovoracaceae,False,False,False,,Peptostreptococcales,False,False,False,,Clostridia,False,False,False,,Bacillota,False,False,False
6fc9eb297f26be9914cfbb2e96bbc086,378,0.998,0.0,Methanobacterium,Methanobacterium,True,True,True,Methanobacteriaceae,Methanobacteriaceae,True,True,True,Methanobacteriales,Methanobacteriales,True,True,True,Methanobacteria,Methanobacteria,True,True,True,Euryarchaeota,Methanobacteriota,True,True,True
191627a5d4511a32856d4a033e4bf1cb,374,0.9951,0.0,nan,Halothermothrix,False,False,False,midas_f_112,Halothermotrichaceae,False,False,False,MBA03,Halanaerobiales,False,False,True,Limnochordia,Clostridia,False,False,True,Firmicutes,Bacillota,True,True,True
469c376c54706d2a04589d78e87c8780,375,0.9995,0.0,midas_g_3281,,False,False,False,midas_f_5,,False,False,False,midas_o_5,,False,False,False,Actinobacteria,Actinomycetes,False,False,True,Actinobacteriota,Actinomycetota,False,False,True
0f4a7eac09f580255faedbb1da343681,374,0.9976,0.0,Monoglobus,,False,True,True,Monoglobaceae,,False,True,True,Monoglobales,Eubacteriales,False,True,True,Clostridia,Clostridia,True,True,True,Firmicutes,Bacillota,True,True,True
d9d30d32406d0d1f7d847cdbbdda6137,372,0.9937,0.0,nan,Cronobacter,False,False,False,nan,Enterobacteriaceae,False,False,False,nan,Enterobacterales,False,False,False,nan,Gammaproteobacteria,False,False,False,Firmicutes,Pseudomonadota,False,True,True
ecb869631711bf81e94c27a768dfdd0b,372,1.0,0.0,Ottowia,Ottowia,True,True,True,Comamonadaceae,Comamonadaceae,True,True,True,Burkholderiales,Burkholderiales,True,True,True,Gammaproteobacteria,Betaproteobacteria,False,True,True,Proteobacteria,Pseudomonadota,True,True,True
cd74519f8627d952e9422b81ea695058,374,0.9971,0.0,Ruminiclostridium,Candidatus Brocadia,False,True,True,Hungateiclostridiaceae,Candidatus Brocadiaceae,False,False,True,Oscillospirales,Candidatus Brocadiales,False,False,True,Clostridia,Candidatus Brocadiia,False,True,True,Firmicutes,Planctomycetota,False,True,True
116dc9851c69f16ec8c27a12ce358fa4,374,0.999,0.0,midas_g_84729,,False,False,False,midas_f_4245,,False,False,False,RBG-13-54-9,,False,False,True,Anaerolineae,Anaerolineae,True,True,True,Chloroflexi,Chloroflexota,True,True,True
54211010aefd9707190f47101648a23c,372,0.9995,0.036312903,Azorhizobium,Xanthobacter,False,False,True,Xanthobacteraceae,Xanthobacteraceae,True,True,True,Rhizobiales,Hyphomicrobiales,False,False,True,Alphaproteobacteria,Alphaproteobacteria,True,True,True,Proteobacteria,Pseudomonadota,True,True,True
3561691a3832d2ec98315c3412a98fa3,366,0.9985,0.0,Alkalibacter,Alkalibacter,True,True,True,Alkalibacteraceae,Eubacteriaceae,False,False,True,Eubacteriales,Eubacteriales,True,True,True,Clostridia,Clostridia,True,True,True,Firmicutes,Bacillota,True,True,True
51aa4d9105ecfeb7a7d4f5afa1773cdc,373,0.9995,0.0,midas_g_112829,Intestinimonas,False,False,False,Oscillospiraceae,,False,True,True,Oscillospirales,Eubacteriales,False,False,True,Clostridia,Clostridia,True,True,True,Firmicutes,Bacillota,True,True,True
9e188c20ff4d59650dfc2cb435a88512,372,0.9995,0.0,nan,Burkholderia,False,False,False,nan,Burkholderiaceae,False,False,False,Burkholderiales,Burkholderiales,True,True,True,Gammaproteobacteria,Betaproteobacteria,False,False,True,Proteobacteria,Pseudomonadota,True,True,True
dfa00f358503d3a79cb2c330ee60c1e2,378,0.9995,0.0,nan,Methanobrevibacter,False,False,False,Methanobacteriaceae,Methanobacteriaceae,True,True,True,Methanobacteriales,Methanobacteriales,True,True,True,Methanobacteria,Methanobacteria,True,True,True,Euryarchaeota,Methanobacteriota,True,True,True
6ed1f425cd7d234afdf0906b91293ae2,374,0.9966,0.0,midas_g_789,,False,False,False,Anaerolineaceae,Anaerolineaceae,True,True,True,Anaerolineales,Anaerolineales,True,True,True,Anaerolineae,Anaerolineae,True,True,True,Chloroflexi,Chloroflexota,True,True,True
d14450ec065af47ce09cf95309f24072,374,0.998,0.0,midas_g_3662,,False,False,False,KCLunmb-38-53,,False,False,True,MSBL9,,False,False,True,Phycisphaerae,Phycisphaerae,True,True,True,Planctomycetota,Planctomycetota,True,True,True
99974302fcd8d2101cbc28c8141e0ee9,374,0.9985,0.0,midas_g_3338,,False,False,False,midas_f_2573,,False,False,False,Gaiellales,,False,False,True,Thermoleophilia,,False,True,True,Actinobacteriota,Actinomycetota,False,False,True
7ede4b72fe5210d181d31d0161d8f153,374,0.9976,0.0,nan,Polyangium,False,False,False,Polyangiaceae,Polyangiaceae,True,True,True,Polyangiales,Polyangiales,True,True,True,Polyangia,,False,False,True,Myxococcota,Myxococcota,True,True,True
455b517d5e3be97a7c74805de5f26850,372,0.9976,0.0,Amaricoccus,,False,True,True,Rhodobacteraceae,,False,False,True,Rhodobacterales,,False,True,True,Alphaproteobacteria,Alphaproteobacteria,True,True,True,Proteobacteria,Pseudomonadota,True,True,True
d6ff6bbe079674401094c1a932da80ab,372,0.999,0.0,Gemmobacter,Paracoccus,False,False,True,Rhodobacteraceae,Paracoccaceae,False,False,True,Rhodobacterales,Rhodobacterales,True,True,True,Alphaproteobacteria,Alphaproteobacteria,True,True,True,Proteobacteria,Pseudomonadota,True,True,True
37a53b3aab9bc373c583f6be8ab1d858,372,0.9966,0.0,Thermovirga,,False,False,True,Synergistaceae,Spirochaetaceae,False,True,True,Synergistales,Spirochaetales,False,True,True,Synergistia,Spirochaetia,False,True,True,Synergistota,Spirochaetota,False,True,True
ae9418ce9d02c32999138b34c48512fb,371,0.9995,0.0,Lactivibrio,Cronobacter,False,False,True,Synergistaceae,Enterobacteriaceae,False,True,True,Synergistales,Enterobacterales,False,True,True,Synergistia,Gammaproteobacteria,False,True,True,Synergistota,Pseudomonadota,False,True,True
37e77987f6db9eb8df82f8185f8440b7,374,0.9971,0.0,midas_g_4306,,False,False,False,midas_f_4306,,False,False,False,DTU014,,False,False,True,midas_c_4,,False,False,False,Firmicutes,Bacillota,True,True,True
2d86655f5770d1ddf5947021a53b57cb,374,0.9966,0.0,midas_g_4387,,False,False,False,midas_f_3438,,False,False,False,Pla1_lineage,,False,False,True,Phycisphaerae,,False,True,True,Planctomycetota,Planctomycetota,True,True,True
43a837e225147b88f58a65ccc8412c7c,374,0.9966,0.0,nan,,False,False,False,Dethiobacteraceae,Syntrophomonadaceae,False,False,True,Dethiobacterales,Eubacteriales,False,False,True,Dethiobacteria,Clostridia,False,False,True,Firmicutes,Bacillota,True,True,True
70bc60bf6b649f62bb1ee7538331006f,374,0.9976,0.0,Caldicoprobacter,,False,True,True,Caldicoprobacteraceae,,False,True,True,Caldicoprobacterales,,False,True,True,Clostridia,,False,True,True,Firmicutes,Bacillota,True,True,True
2f0e324704bd4ac738072c50d4eba0ea,375,0.9971,0.0,Paludisphaera,Paludisphaera,True,True,True,Isosphaeraceae,Isosphaeraceae,True,True,True,Isosphaerales,Isosphaerales,True,True,True,Planctomycetes,Planctomycetia,False,False,True,Planctomycetota,Planctomycetota,True,True,True
86d8b22d008c02c166ab930218a92e10,374,0.9966,0.007644822,midas_g_98374,,False,False,False,midas_f_20645,,False,False,False,RBG-13-54-9,,False,False,True,Anaerolineae,Anaerolineae,True,True,True,Chloroflexi,Chloroflexota,True,True,True
6332a8b08afb6aa3ef5901e06a2c287f,378,0.9985,0.0,Methanobacterium,Methanobacterium,True,True,True,Methanobacteriaceae,Methanobacteriaceae,True,True,True,Methanobacteriales,Methanobacteriales,True,True,True,Methanobacteria,Methanobacteria,True,True,True,Euryarchaeota,Methanobacteriota,True,True,True
4561fef494acf771179203cc14f5d372,374,0.9995,0.0,Luteimonas,Luteimonas,True,True,True,Xanthomonadaceae,Lysobacteraceae,False,False,True,Xanthomonadales,Lysobacterales,False,False,True,Gammaproteobacteria,Gammaproteobacteria,True,True,True,Proteobacteria,Pseudomonadota,True,True,True
d5cecae93845498f6d38b6b144a7e330,374,0.9961,0.0,midas_g_4301,,False,False,False,SRB2,,False,False,True,Thermoanaerobacterales,,False,False,True,Thermoanaerobacteria,,False,False,True,Firmicutes,Bacillota,True,True,True
9874202de61384a91f48d042f2ccafbc,374,0.9995,0.0,Proteiniclasticum,Proteiniclasticum,True,True,True,Clostridiaceae,Clostridiaceae,True,True,True,Clostridiales,Eubacteriales,False,False,True,Clostridia,Clostridia,True,True,True,Firmicutes,Bacillota,True,True,True
dcc3c223f6007f2b75ad31366a34a983,372,1.0,0.0,Kaistia,Kaistia,True,True,True,Kaistiaceae,Kaistiaceae,True,True,True,Rhizobiales,Hyphomicrobiales,False,False,True,Alphaproteobacteria,Alphaproteobacteria,True,True,True,Proteobacteria,Pseudomonadota,True,True,True
15bf273330928f57de2f3b24ca2a5135,376,0.9917,0.0,midas_g_7408,Kolteria,False,False,False,midas_f_1071,Kolteriaceae,False,False,False,midas_o_1071,Kolteriales,False,False,False,Planctomycetes,Planctomycetia,False,False,True,Planctomycetota,Planctomycetota,True,True,True
2641fe1f99500e1a2d08cabe3073566b,374,0.9956,0.0,midas_g_92905,,False,False,False,midas_f_20645,,False,False,False,RBG-13-54-9,,False,False,True,Anaerolineae,,False,True,True,Chloroflexi,Bacillota,False,True,True
f877e829ece2e97efc2208f33e765ce3,370,1.0,0.0,midas_g_3397,,False,False,False,Spirochaetaceae,,False,True,True,Spirochaetales,,False,True,True,Spirochaetia,,False,True,True,Spirochaetota,Candidatus Latescibacterota,False,True,True
1b7d9b83e481aeaf938729029a2a4c19,374,1.0,0.0,YC-ZSS-LKJ63,,False,False,True,Hydrogenedensaceae,,False,False,True,Hydrogenedentiales,,False,False,True,Hydrogenedentia,,False,False,True,Hydrogenedentes,Candidatus Hydrogenedentota,False,False,True
26cbd70e0eb0b0a14e93c0970b305ef1,372,0.999,0.0,midas_g_2290,,False,False,False,midas_f_2290,,False,False,False,Ca_Shapirobacteria,,False,False,True,Microgenomatia,,False,False,True,Patescibacteria,,False,False,True
7cd022d3e8231b6befc5e3e2259a6813,374,0.9976,0.0,midas_g_70329,,False,False,False,midas_f_70329,,False,False,False,midas_o_2492,Calditrichales,False,False,False,Negativicutes,Calditrichia,False,True,True,Firmicutes,Calditrichota,False,True,True
6cdd8825591e67630201b81f5e8cc990,376,1.0,,,Candidatus Neomicrothrix,False,False,False,,Microthrixaceae,False,False,False,,Acidimicrobiales,False,False,False,,Acidimicrobiia,False,False,False,,Actinomycetota,False,False,False
8602056eba9f104692f2ddf8938871c5,372,0.999,0.0,Aquincola,,False,True,True,Comamonadaceae,Comamonadaceae,True,True,True,Burkholderiales,Burkholderiales,True,True,True,Gammaproteobacteria,Betaproteobacteria,False,True,True,Proteobacteria,Pseudomonadota,True,True,True
50addb775b43dc6766013d2b80081ce3,372,0.9951,0.0,nan,Candidatus Wallacebacter,False,False,False,midas_f_112,Candidatus Wallacebacteriaceae,False,False,False,MBA03,Candidatus Darwinibacteriales,False,False,True,Limnochordia,Clostridia,False,False,True,Firmicutes,Bacillota,True,True,True
8d8be8b2507c837431e2e91d5b78faa9,372,0.999,0.0,Tepidamorphus,,False,False,True,Rhodobiaceae,,False,False,True,Rhizobiales,,False,False,True,Alphaproteobacteria,,False,True,True,Proteobacteria,,False,True,True
5645208dbd4272e443c0bfd58a60b9b9,374,0.9956,0.0,HN-HF0106,Acetivibrio,False,False,True,Hungateiclostridiaceae,Acetivibrionaceae,False,False,True,Oscillospirales,Acetivibrionales,False,False,True,Clostridia,Clostridia,True,True,True,Firmicutes,Bacillota,True,True,True
17cd9e80e0f41c506e23257e356ac923,374,0.9971,0.0,Caldicoprobacter,,False,False,True,Caldicoprobacteraceae,,False,False,True,Caldicoprobacterales,Eubacteriales,False,False,True,Clostridia,Clostridia,True,True,True,Firmicutes,Bacillota,True,True,True
dd845f9a83e4214b3e9e1a1ead34f609,373,1.0,0.0,Clostridium_sensu_stricto_1,Clostridium,False,False,True,Clostridiaceae,Clostridiaceae,True,True,True,Clostridiales,Eubacteriales,False,False,True,Clostridia,Clostridia,True,True,True,Firmicutes,Bacillota,True,True,True
ddfc7fa44eb695c1a36fab946176dbdc,375,0.999,0.0,nan,,False,False,False,Propionibacteriaceae,,False,True,True,Propionibacteriales,,False,True,True,Actinobacteria,,False,False,True,Actinobacteriota,Actinomycetota,False,False,True
40dc5c18cc4351517876235855be9721,374,0.9976,0.0,Dethiobacter,Desulfoscipio,False,False,True,Dethiobacteraceae,Desulfallaceae,False,False,True,Dethiobacterales,Eubacteriales,False,False,True,Dethiobacteria,Clostridia,False,False,True,Firmicutes,Bacillota,True,True,True
d28d9cd054df9e29c622b1ec1944d013,372,0.999,0.0,midas_g_534,,False,False,False,Beijerinckiaceae,,False,True,True,Rhizobiales,,False,False,True,Alphaproteobacteria,,False,True,True,Proteobacteria,,False,True,True
ae6befdc531c744b9165106d3c3f6739,372,0.9995,0.0,Alcaligenes,Alcaligenes,True,True,True,Alcaligenaceae,Alcaligenaceae,True,True,True,Burkholderiales,Burkholderiales,True,True,True,Gammaproteobacteria,Betaproteobacteria,False,False,True,Proteobacteria,Pseudomonadota,True,True,True
dc211776d6a734cf180f697b098c47d3,374,0.999,0.0,Desulfosporosinus,Desulfitobacterium,False,True,True,Desulfitobacteriaceae,Desulfitobacteriaceae,True,True,True,Desulfitobacteriales,Eubacteriales,False,False,True,Desulfitobacteriia,Clostridia,False,False,True,Firmicutes,Bacillota,True,True,True
f437261ff1458ebf1aa7f6dc7bf69e58,373,0.9995,0.007644822,Caproiciproducens,Caproiciproducens,True,True,True,Ruminococcaceae,Acutalibacteraceae,False,False,True,Oscillospirales,Eubacteriales,False,False,True,Clostridia,Clostridia,True,True,True,Firmicutes,Bacillota,True,True,True
9c426d26d1334efd88b234484348abbf,372,0.9985,0.0,Aminobacter,Reyranella,False,True,True,Rhizobiaceae,Reyranellaceae,False,True,True,Rhizobiales,Hyphomicrobiales,False,False,True,Alphaproteobacteria,Alphaproteobacteria,True,True,True,Proteobacteria,Pseudomonadota,True,True,True
f527a3626856c74b3bf1c926561baf11,374,0.9995,0.0,Pir4_lineage,,False,False,True,Pirellulaceae,,False,False,True,Pirellulales,,False,True,True,Planctomycetes,,False,False,True,Planctomycetota,Planctomycetota,True,True,True
3e5c0929aa7ec948ea82be82637549b1,376,0.9941,0.0,midas_g_2785,,False,False,False,midas_f_796,,False,False,False,midas_o_796,,False,False,False,midas_c_796,,False,False,False,WS1,Armatimonadota,False,False,True
328120c708098f9f55e4b6945d8cf31d,372,0.999,0.0,Aquamicrobium,Aquamicrobium,True,True,True,Rhizobiaceae,Phyllobacteriaceae,False,True,True,Rhizobiales,Hyphomicrobiales,False,False,True,Alphaproteobacteria,Alphaproteobacteria,True,True,True,Proteobacteria,Pseudomonadota,True,True,True
5db86c73cb3a69940374cd84e1457a2f,372,0.9976,0.0,midas_g_648,Roseibium,False,False,False,Hyphomicrobiaceae,Stappiaceae,False,False,True,Rhizobiales,Hyphomicrobiales,False,False,True,Alphaproteobacteria,Alphaproteobacteria,True,True,True,Proteobacteria,Pseudomonadota,True,True,True
ce79d4435bd130dc3503269a9b397170,375,0.9995,0.0,Microbacterium,,False,True,True,Microbacteriaceae,Microbacteriaceae,True,True,True,Micrococcales,Micrococcales,True,True,True,Actinobacteria,Actinomycetes,False,False,True,Actinobacteriota,Actinomycetota,False,False,True
5842b861c82007643d496c3860a149f9,374,0.9966,0.0,nan,Clostridium,False,False,False,Hungateiclostridiaceae,Clostridiaceae,False,False,True,Oscillospirales,Eubacteriales,False,False,True,Clostridia,Clostridia,True,True,True,Firmicutes,Bacillota,True,True,True
0be5f4770658b90f11dc058c6006f780,372,0.9985,0.0,midas_g_2424,,False,False,False,Christensenellaceae,,False,True,True,Christensenellales,Christensenellales,True,True,True,Clostridia,Clostridia,True,True,True,Firmicutes,Bacillota,True,True,True
211c2bf941e5c4e05078cf20a194b0be,374,1.0,0.0,Ca_Phosphitivorax,,False,False,True,Ca_Phosphitivoracaceae,,False,False,True,midas_o_928,,False,False,False,midas_c_814,,False,False,False,SAR324_cladeMarine_group_B,Thermodesulfobacteriota,False,False,True
d4bbada602eb08d4609fe2fca3160d40,374,1.0,0.0,Ca_Anammoximicrobium,,False,False,True,Pirellulaceae,Pirellulaceae,True,True,True,Pirellulales,Pirellulales,True,True,True,Planctomycetes,Planctomycetia,False,False,True,Planctomycetota,Planctomycetota,True,True,True
34e20439c680b4b5689f8355e1b87165,371,0.9961,0.0,midas_g_19829,Caloramator,False,False,False,Caloramatoraceae,Clostridiaceae,False,False,True,Clostridiales,Eubacteriales,False,False,True,Clostridia,Clostridia,True,True,True,Firmicutes,Bacillota,True,True,True
7056f0ca7e34feb91ddfdb617582fd12,374,0.999,0.0,nan,Anaerobacterium,False,False,False,Hungateiclostridiaceae,Oscillospiraceae,False,False,True,Oscillospirales,Eubacteriales,False,False,True,Clostridia,Clostridia,True,True,True,Firmicutes,Bacillota,True,True,True
ad942c95632b90b7d01e5c5e77b99ebc,373,0.9995,0.0,nan,Robinsoniella,False,False,False,Lachnospiraceae,Lachnospiraceae,True,True,True,Lachnospirales,Lachnospirales,True,True,True,Clostridia,Clostridia,True,True,True,Firmicutes,Bacillota,True,True,True
36932f198f0d72739c13f82998a6364d,374,0.998,0.0,Christensenellaceae_R-7_group,,False,False,True,Christensenellaceae,,False,True,True,Christensenellales,,False,True,True,Clostridia,,False,True,True,Firmicutes,Bacillota,True,True,True
00822d53733c27d8119b5fc4ed19f687,378,0.999,0.0,nan,Methanobrevibacter,False,False,False,Methanobacteriaceae,Methanobacteriaceae,True,True,True,Methanobacteriales,Methanobacteriales,True,True,True,Methanobacteria,Methanobacteria,True,True,True,Euryarchaeota,Methanobacteriota,True,True,True
ef29434876e20a83290e58de1f4e09c2,374,0.999,0.0,Tepidanaerobacter_acetatoxydans,Tepidanaerobacter,False,False,True,Tepidanaerobacter,Tepidanaerobacteraceae,False,False,True,Thermovenabulales,Thermosediminibacterales,False,False,True,Thermovenabulia,Clostridia,False,False,True,Firmicutes,Bacillota,True,True,True
3f602caee36e03c625a1f30eb97314e2,370,0.9995,0.0,midas_g_34088,Hanamia,False,False,False,Chitinophagaceae,Chitinophagaceae,True,True,True,Chitinophagales,Chitinophagales,True,True,True,Bacteroidia,Chitinophagia,False,False,True,Bacteroidota,Bacteroidota,True,True,True
865b36b85a2b2a8cdbd204a37e088b94,372,0.9976,0.0,nan,,False,False,False,Christensenellaceae,,False,True,True,Christensenellales,Christensenellales,True,True,True,Clostridia,Clostridia,True,True,True,Firmicutes,Bacillota,True,True,True
703b123d3cbe4a7e8c02253f1f55d261,374,1.0,0.0,Thermomonas,Thermomonas,True,True,True,Xanthomonadaceae,Lysobacteraceae,False,False,True,Xanthomonadales,Lysobacterales,False,False,True,Gammaproteobacteria,Gammaproteobacteria,True,True,True,Proteobacteria,Pseudomonadota,True,True,True
523a7e01fa5c47d91e959292759c7ac7,371,0.9946,0.0,Persicitalea,Rhabdobacter,False,False,True,Spirosomaceae,Cytophagaceae,False,False,True,Cytophagales,Cytophagales,True,True,True,Bacteroidia,Cytophagia,False,False,True,Bacteroidota,Bacteroidota,True,True,True
daa33b68bffced185af681590ffd372e,371,1.0,0.0,Paeniclostridium,Paraclostridium,False,False,True,Peptostreptococcaceae,Peptostreptococcaceae,True,True,True,Peptostreptococcales-Tissierellales,Peptostreptococcales,False,False,True,Clostridia,Clostridia,True,True,True,Firmicutes,Bacillota,True,True,True
7fea81a0fb9031b1aa53e4dcc0334bf4,373,0.9956,0.0,midas_g_2455,Lutispora,False,False,False,Lutispora,Lutisporaceae,False,False,True,Gracilibacteraceae,Lutisporales,False,False,True,Clostridia,Clostridia,True,True,True,Firmicutes,Bacillota,True,True,True
76861e4fd720b21d96693697fa6b48fc,374,0.9971,0.0,midas_g_3277,,False,False,False,midas_f_3277,,False,False,False,midas_o_3277,,False,False,False,KD4-96,Chloroflexia,False,False,True,Chloroflexi,Chloroflexota,True,True,True
8610085898359abd9388c49fcfbbcb2a,374,0.9966,0.0,midas_g_3227,,False,False,False,Christensenellaceae,,False,False,True,Christensenellales,Christensenellales,True,True,True,Clostridia,Clostridia,True,True,True,Firmicutes,Bacillota,True,True,True
a4f5e4b88460bc4713747b9e266d3144,374,1.0,0.0,midas_g_114252,,False,False,False,midas_f_92558,,False,False,False,MSB-5E12,,False,False,True,Anaerolineae,Anaerolineae,True,True,True,Chloroflexi,Chloroflexota,True,True,True
d40238b6e6c47b51c94b10008b551af4,375,1.0,0.0,Microbacterium,Microbacterium,True,True,True,Microbacteriaceae,Microbacteriaceae,True,True,True,Micrococcales,Micrococcales,True,True,True,Actinobacteria,Actinomycetes,False,False,True,Actinobacteriota,Actinomycetota,False,False,True
920fe236cb3d2ec76bfac976e7f3878f,374,0.998,0.0,midas_g_43582,,False,False,False,Christensenellaceae,Anaeroplasmataceae,False,False,True,Christensenellales,Anaeroplasmatales,False,True,True,Clostridia,Mollicutes,False,True,True,Firmicutes,Mycoplasmatota,False,True,True
d50903b75a954b0f707171e84a573a5f,372,0.998,0.0,Camelimonas,,False,False,True,Beijerinckiaceae,,False,True,True,Rhizobiales,,False,False,True,Alphaproteobacteria,Alphaproteobacteria,True,True,True,Proteobacteria,Pseudomonadota,True,True,True
1c259c84edfd90c28f17c1875a7c9747,374,0.9971,0.0,midas_g_119012,,False,False,False,midas_f_1721,,False,False,False,midas_o_1721,,False,False,False,midas_c_216,,False,False,False,Armatimonadota,Vulcanimicrobiota,False,True,True
e4584b51fe909644e9845c5dc09526e9,370,0.9995,0.0,Chryseobacterium,,False,True,True,Weeksellaceae,,False,True,True,Flavobacteriales,,False,True,True,Bacteroidia,,False,False,True,Bacteroidota,Bacteroidota,True,True,True
41afcb39b8689b8b9b59ad8a8215958f,395,0.9917,0.0,Methanobacterium,Methanobrevibacter,False,False,True,Methanobacteriaceae,Methanobacteriaceae,True,True,True,Methanobacteriales,Methanobacteriales,True,True,True,Methanobacteria,Methanobacteria,True,True,True,Euryarchaeota,Methanobacteriota,True,True,True
16a50c451d24ff31bdf03c837c1f2532,371,1.0,,,,False,False,False,,,False,False,False,,,False,False,False,,,False,False,False,,Bacteroidota,False,False,False
5784776f5c7488bbe777059e7f9d1c7c,374,0.9976,,,,False,False,False,,,False,False,False,,,False,False,False,,Kiritimatiellia,False,False,False,,Kiritimatiellota,False,False,False
344057b4eb641fc142588238344a8918,373,1.0,,,,False,False,False,,,False,False,False,,,False,False,False,,,False,False,False,,Chloroflexota,False,False,False
8442bd30ea2bf39ad3c2136197a0b861,371,0.9951,,,,False,False,False,,,False,False,False,,,False,False,False,,,False,False,False,,candidate division WWE3,False,False,False
0920f329b65647d14740b55a5052624d,374,0.9985,0.0,midas_g_669,Gracilibacter,False,False,False,Gracilibacter,Gracilibacteraceae,False,False,True,Gracilibacteraceae,Eubacteriales,False,False,True,Clostridia,Clostridia,True,True,True,Firmicutes,Bacillota,True,True,True
89628653ce7d25046e81ec1e41c9122f,398,0.9839,0.0,nan,Methanobrevibacter,False,False,False,Methanobacteriaceae,Methanobacteriaceae,True,True,True,Methanobacteriales,Methanobacteriales,True,True,True,Methanobacteria,Methanobacteria,True,True,True,Euryarchaeota,Methanobacteriota,True,True,True
64cbb145bf7546cd909ccdfc390477a7,372,0.9966,0.0,midas_g_49937,,False,False,False,midas_f_4245,,False,False,False,RBG-13-54-9,,False,False,True,Anaerolineae,Anaerolineae,True,True,True,Chloroflexi,Chloroflexota,True,True,True
8cc8b34be2f3cb1e12e390328759aaf7,373,1.0,0.0,Roseburia,Roseburia,True,True,True,Lachnospiraceae,Lachnospiraceae,True,True,True,Lachnospirales,Lachnospirales,True,True,True,Clostridia,Clostridia,True,True,True,Firmicutes,Bacillota,True,True,True
1d8cbc23caf68cfc1c0505901772f517,373,0.9966,0.0,NK4A214_group,Candidatus Scatomorpha,False,False,True,Oscillospiraceae,,False,True,True,Oscillospirales,Eubacteriales,False,False,True,Clostridia,Clostridia,True,True,True,Firmicutes,Bacillota,True,True,True
ce0b607406b1ba0603a5883aeab5bbcf,373,0.9961,0.0,midas_g_52955,Neglectibacter,False,False,False,Ruminococcaceae,Oscillospiraceae,False,False,True,Oscillospirales,Eubacteriales,False,False,True,Clostridia,Clostridia,True,True,True,Firmicutes,Bacillota,True,True,True
26de1fff4ab68ef5ec24949c1a27d329,374,0.998,0.0,HN-HF0106,,False,False,True,Hungateiclostridiaceae,,False,False,True,Oscillospirales,,False,False,True,Clostridia,,False,True,True,Firmicutes,Bacillota,True,True,True
4d145a769891543537f2c8681627eff6,374,0.9937,0.0,midas_g_93469,Proteiniphilum,False,False,False,Limnochordaceae,Dysgonomonadaceae,False,False,True,Limnochordales,Bacteroidales,False,False,True,Limnochordia,Bacteroidia,False,False,True,Firmicutes,Bacteroidota,False,True,True
8ac7ad6e4b6501eb143d97f10bcc2b6d,372,1.0,0.0,nan,,False,False,False,Rhodobacteraceae,,False,False,True,Rhodobacterales,Hyphomicrobiales,False,False,True,Alphaproteobacteria,Alphaproteobacteria,True,True,True,Proteobacteria,Pseudomonadota,True,True,True
f9d19abf0ac81bcc64d02d91350fce35,370,0.999,0.0,midas_g_9811,,False,False,False,Microscillaceae,Cyclobacteriaceae,False,False,True,Cytophagales,Cytophagales,True,True,True,Bacteroidia,Cytophagia,False,False,True,Bacteroidota,Bacteroidota,True,True,True
7bc4b6055f77dc4acb835bf59f37bba2,374,1.0,0.0,midas_g_92268,Candidatus Darwinibacter,False,False,False,midas_f_84711,Candidatus Darwinibacteriaceae,False,False,False,DTU014,Candidatus Darwinibacteriales,False,False,True,midas_c_4,Clostridia,False,False,False,Firmicutes,Bacillota,True,True,True
58775dbd44f0df19b94bc37ab4e4c579,372,0.999,0.0,midas_g_249,Cronobacter,False,False,False,Synergistaceae,Enterobacteriaceae,False,True,True,Synergistales,Enterobacterales,False,True,True,Synergistia,Gammaproteobacteria,False,True,True,Synergistota,Pseudomonadota,False,True,True
3ba3a0a8948fba9b0c25ad37b41b3342,373,0.9941,0.0,midas_g_3214,Prevotella,False,False,False,Eubacterium_coprostanoligenes_group,Prevotellaceae,False,False,True,Oscillospirales,Bacteroidales,False,False,True,Clostridia,Bacteroidia,False,True,True,Firmicutes,Bacteroidota,False,True,True
a4d4e17dbb14f15384261ddd56409439,372,1.0,0.0,nan,,False,False,False,Rhodocyclaceae,,False,False,True,Burkholderiales,Candidatus Sumerlaeales,False,True,True,Gammaproteobacteria,Candidatus Sumerlaeia,False,False,True,Proteobacteria,Candidatus Sumerlaeota,False,True,True
5a282585ef16397041df72979907593f,374,0.999,0.0,Legionella,Legionella,True,True,True,Legionellaceae,Legionellaceae,True,True,True,Legionellales,Legionellales,True,True,True,Gammaproteobacteria,Gammaproteobacteria,True,True,True,Proteobacteria,Pseudomonadota,True,True,True
ebe6058ea1fbc7f77df40e51f0a20dca,370,0.9966,0.0,midas_g_62223,,False,False,False,UCG-010,,False,False,True,Oscillospirales,,False,False,True,Clostridia,Clostridia,True,True,True,Firmicutes,Bacillota,True,True,True
449442ea32d59c45c20f49095f206f1d,374,1.0,0.0,Syntrophomonas,Syntrophomonas,True,True,True,Syntrophomonadaceae,Syntrophomonadaceae,True,True,True,Syntrophomonadales,Eubacteriales,False,False,True,Syntrophomonadia,Clostridia,False,False,True,Firmicutes,Bacillota,True,True,True
f58368d26234da28cbe5f17910c56a6c,370,0.9985,0.0,midas_g_12,,False,False,False,Prolixibacteraceae,Prolixibacteraceae,True,True,True,Bacteroidales,Marinilabiliales,False,True,True,Bacteroidia,Bacteroidia,True,True,True,Bacteroidota,Bacteroidota,True,True,True
316c252396afd490a718db47b7e13385,372,0.9951,0.0,midas_g_44684,,False,False,False,midas_f_4245,,False,False,False,RBG-13-54-9,Anaerolineales,False,False,True,Anaerolineae,Anaerolineae,True,True,True,Chloroflexi,Chloroflexota,True,True,True
de791da3027f9e7f238061064604388f,369,0.9976,,,Peptoniphilus,False,False,False,,Peptoniphilaceae,False,False,False,,Tissierellales,False,False,False,,Tissierellia,False,False,False,,Bacillota,False,False,False
5a66f8310ec63f2648ee84a8f03ed1d7,374,1.0,,,,False,False,False,,,False,False,False,,,False,False,False,,,False,False,False,,Candidatus Rifleibacteriota,False,False,False
c9c58ce6cfd82ba2d1a35ed4588dc1db,378,0.9995,0.0,Methanosarcina,Methanosarcina,True,True,True,Methanosarcinaceae,Methanosarcinaceae,True,True,True,Methanosarciniales,Methanosarcinales,False,False,True,Methanosarcinia,Methanomicrobia,False,False,True,Halobacterota,Methanobacteriota,False,False,True
b9daacd0e5fb8ea4e35fc84e8a40253e,372,0.9995,0.0,Kaistia,Kaistia,True,True,True,Kaistiaceae,Kaistiaceae,True,True,True,Rhizobiales,Hyphomicrobiales,False,False,True,Alphaproteobacteria,Alphaproteobacteria,True,True,True,Proteobacteria,Pseudomonadota,True,True,True
8e411053229e1cc8814cc8c0d1989251,374,0.9971,0.0,midas_g_2423,,False,False,False,midas_f_54,,False,False,False,Clostridia_vadinBB60_group,,False,False,True,Clostridia,Clostridia,True,True,True,Firmicutes,Bacillota,True,True,True
60afbfee9ee6fb92816d66611d1ffb57,374,0.999,0.0,Christensenellaceae_R-7_group,,False,False,True,Christensenellaceae,Christensenellaceae,True,True,True,Christensenellales,Christensenellales,True,True,True,Clostridia,Clostridia,True,True,True,Firmicutes,Bacillota,True,True,True
cb300bfb8d8466c3f220d5f95c2a03c2,378,0.9995,0.0,nan,Methanobrevibacter,False,False,False,Methanobacteriaceae,Methanobacteriaceae,True,True,True,Methanobacteriales,Methanobacteriales,True,True,True,Methanobacteria,Methanobacteria,True,True,True,Euryarchaeota,Methanobacteriota,True,True,True
72c6706063e2325bd12c28ea8b23e872,408,0.9873,0.0,nan,Candidatus Carsonella,False,False,False,nan,Halomonadaceae,False,False,False,nan,Oceanospirillales,False,False,False,nan,Gammaproteobacteria,False,False,False,nan,Pseudomonadota,False,False,False
3fbd0537ef4f3242fb50a2ddb91061ad,375,0.9995,0.0,Nakamurella,,False,True,True,Nakamurellaceae,,False,True,True,Frankiales,,False,False,True,Actinobacteria,,False,False,True,Actinobacteriota,Actinomycetota,False,False,True
350764427a7e15d2e95ee77951ea5c6c,372,0.9927,0.0,nan,Eubacterium,False,False,False,nan,Eubacteriaceae,False,False,False,nan,Eubacteriales,False,False,False,nan,Clostridia,False,False,False,Firmicutes,Bacillota,True,True,True
9e1c950d882ef8c3e0f61aa7ec52060e,373,1.0,0.0,W5,,False,False,True,Cloacimonadaceae,,False,False,True,Cloacimonadales,Thermotogales,False,False,True,Cloacimonadia,Thermotogae,False,False,True,Cloacimonadota,Thermotogota,False,False,True
53cc13652f54147209456977b76cea50,372,1.0,0.0,midas_g_1799,,False,False,False,midas_f_1799,,False,False,False,Proteinivoracales,,False,False,True,Clostridia,,False,True,True,Firmicutes,Bacillota,True,True,True
99d2491ca9702e5053cb6e62d0349555,374,1.0,0.0,Christensenellaceae_R-7_group,,False,False,True,Christensenellaceae,,False,False,True,Christensenellales,,False,True,True,Clostridia,,False,True,True,Firmicutes,Candidatus Saccharimonadota,False,True,True
96a7203e72563b1502356df04aa19f42,372,0.9985,0.0,Nitrobacter,Bradyrhizobium,False,True,True,Xanthobacteraceae,Nitrobacteraceae,False,False,True,Rhizobiales,Hyphomicrobiales,False,False,True,Alphaproteobacteria,Alphaproteobacteria,True,True,True,Proteobacteria,Pseudomonadota,True,True,True
a4c97d72a3ac2b7c1435c56721a3aa1a,368,1.0,0.0,midas_g_16730,,False,False,False,midas_f_16343,,False,False,False,Izemoplasmatales,,False,False,True,Bacilli,,False,True,True,Firmicutes,Bacillota,True,True,True
46106a1395497d731c64d8d5b56c3771,374,0.9951,0.0,nan,,False,False,False,Oxobacteraceae,,False,False,True,Clostridiales,Eubacteriales,False,False,True,Clostridia,Clostridia,True,True,True,Firmicutes,Bacillota,True,True,True
a9ea2ae2f8893f91cf4ca523ea7d4cfe,373,0.9971,0.0,Colidextribacter,Flavonifractor,False,False,True,Oscillospiraceae,Oscillospiraceae,True,True,True,Oscillospirales,Eubacteriales,False,False,True,Clostridia,Clostridia,True,True,True,Firmicutes,Bacillota,True,True,True
8bea27e05e23cdeacb4dda62cfb59aaa,378,0.999,0.0,Methanobacterium,Methanobacterium,True,True,True,Methanobacteriaceae,Methanobacteriaceae,True,True,True,Methanobacteriales,Methanobacteriales,True,True,True,Methanobacteria,Methanobacteria,True,True,True,Euryarchaeota,Methanobacteriota,True,True,True
c487c317433b2236a0872af25cb3b3de,374,0.9961,0.0,Ca_Cloacimonas,,False,False,True,Cloacimonadaceae,,False,False,True,Cloacimonadales,,False,False,True,Cloacimonadia,,False,False,True,Cloacimonadota,Candidatus Cloacimonadota,False,False,True
d2e381c85060771ec94f8f66bf491409,373,0.9995,0.0,W5,,False,False,True,Cloacimonadaceae,,False,False,True,Cloacimonadales,,False,False,True,Cloacimonadia,Candidatus Hydrothermia,False,False,True,Cloacimonadota,Candidatus Hydrothermota,False,False,True
0717587ee3e819d58ad9801323db963c,370,0.998,0.0,JGI-0000079-D21,Cronobacter,False,False,True,Synergistaceae,Enterobacteriaceae,False,True,True,Synergistales,Enterobacterales,False,True,True,Synergistia,Gammaproteobacteria,False,True,True,Synergistota,Pseudomonadota,False,True,True
643242de6c8b6447dd4187d002a08beb,374,0.9971,0.0,Desulfitibacter,,False,False,True,Desulfitibacteraceae,,False,False,True,Desulfitibacterales,Dehalococcoidales,False,False,True,Moorellia,Dehalococcoidia,False,False,True,Firmicutes,Chloroflexota,False,True,True
c2b43f5fc401b8ae942e9f83213eef32,375,1.0,0.0,midas_g_3582,,False,False,False,midas_f_3582,,False,False,False,Saccharimonadales,,False,False,True,Saccharimonadia,,False,False,True,Patescibacteria,Candidatus Saccharimonadota,False,False,True
ac96db42031919a640395a42626c4cfe,372,1.0,0.0,midas_g_2506,,False,False,False,midas_f_112,,False,False,False,MBA03,Eubacteriales,False,False,True,Limnochordia,Clostridia,False,False,True,Firmicutes,Bacillota,True,True,True
f99471f9f75bc3c8400f9611fa7ee14f,374,0.9971,0.0,Pelolinea,,False,True,True,Anaerolineaceae,,False,True,True,Anaerolineales,,False,True,True,Anaerolineae,,False,True,True,Chloroflexi,Chloroflexota,True,True,True
0607c3ec24c886df3c9bac4259e1e910,374,0.9937,0.0,nan,,False,False,False,nan,Oscillospiraceae,False,False,False,DTU014,Eubacteriales,False,False,True,midas_c_4,Clostridia,False,False,False,Firmicutes,Bacillota,True,True,True
c7dd46acb5a820a3c0db61d863812de8,373,1.0,,,,False,False,False,,,False,False,False,,,False,False,False,,,False,False,False,,Bacteroidota,False,False,False
cf94c789ff082528101c344b74e994c7,369,0.9951,0.0,Tepidimicrobium,,False,False,True,Family_XI,,False,False,True,Peptostreptococcales-Tissierellales,,False,False,True,Clostridia,,False,True,True,Firmicutes,Bacillota,True,True,True
02e5aa8b2279bb6d9eef1591c1bd5c44,374,0.998,0.005733616,Christensenellaceae_R-7_group,,False,False,True,Christensenellaceae,Oscillospiraceae,False,False,True,Christensenellales,Eubacteriales,False,True,True,Clostridia,Clostridia,True,True,True,Firmicutes,Bacillota,True,True,True
6ff49eba1a73bddf6f1013fcc786e610,391,0.9961,,,Burkholderia,False,False,False,,Burkholderiaceae,False,False,False,,Burkholderiales,False,False,False,,Betaproteobacteria,False,False,False,,Pseudomonadota,False,False,False
7de13a55503e90292b953209386e0b7b,376,0.9976,0.0,midas_g_343,Bowdeniella,False,False,False,Actinomycetaceae,Actinomycetaceae,True,True,True,Actinomycetales,Actinomycetales,True,True,True,Actinobacteria,Actinomycetes,False,False,True,Actinobacteriota,Actinomycetota,False,False,True
1343e87d3913871b8120eddf9b9aedc6,375,1.0,0.0,Leucobacter,Leucobacter,True,True,True,Microbacteriaceae,Microbacteriaceae,True,True,True,Micrococcales,Micrococcales,True,True,True,Actinobacteria,Actinomycetes,False,False,True,Actinobacteriota,Actinomycetota,False,False,True
8a86fb52c58e6597a806872e474d6ac1,374,0.9976,0.0,midas_g_110783,,False,False,False,JG30-KF-CM45,,False,False,True,Thermomicrobiales,,False,True,True,Chloroflexia,Chloroflexia,True,True,True,Chloroflexi,Chloroflexota,True,True,True
6a639263c07c310881a6085392276536,372,0.9868,0.0,nan,,False,False,False,nan,,False,False,False,nan,Caryophanales,False,False,False,nan,Bacilli,False,False,False,nan,Bacillota,False,False,False
73fc872cf74b23112d674efd5f773616,375,0.999,0.0,nan,,False,False,False,midas_f_90201,,False,False,False,Clostridia_vadinBB60_group,,False,False,True,Clostridia,,False,True,True,Firmicutes,Bacillota,True,True,True
2b03838ca7687263d84571109aa7de49,374,0.9966,0.0,midas_g_49454,,False,False,False,midas_f_49454,Anaerolineaceae,False,False,False,RBG-13-54-9,Anaerolineales,False,False,True,Anaerolineae,Anaerolineae,True,True,True,Chloroflexi,Chloroflexota,True,True,True
e71d7fce3b720ea2b97354f4a94a19a7,369,0.9985,0.0,midas_g_75908,Anaerovirgula,False,False,False,Serpentinicella,Natronincolaceae,False,False,True,Peptostreptococcales-Tissierellales,Peptostreptococcales,False,False,True,Clostridia,Clostridia,True,True,True,Firmicutes,Bacillota,True,True,True
4c4c77a6783079489f146bf3f51d11e6,370,1.0,0.0,midas_g_6784,,False,False,False,Paludibacteraceae,,False,True,True,Bacteroidales,,False,True,True,Bacteroidia,,False,True,True,Bacteroidota,Spirochaetota,False,True,True
f7e31d1689b9fa6e5639ba7fb856967a,368,0.9976,0.0,midas_g_91159,,False,False,False,midas_f_90284,,False,False,False,Izemoplasmatales,Bacteroidales,False,False,True,Bacilli,Bacteroidia,False,True,True,Firmicutes,Bacteroidota,False,True,True
67d673cfb165578d52df1cfbd958a5c9,370,0.998,0.0,JGI-0000079-D21,Cronobacter,False,False,True,Synergistaceae,Enterobacteriaceae,False,True,True,Synergistales,Enterobacterales,False,True,True,Synergistia,Gammaproteobacteria,False,True,True,Synergistota,Pseudomonadota,False,True,True
fa7645eda32b4e6cfa5a7641e34be6b8,371,1.0,0.0,Lentimicrobium,,False,False,True,Lentimicrobiaceae,,False,False,True,Sphingobacteriales,Spirochaetales,False,True,True,Bacteroidia,Spirochaetia,False,True,True,Bacteroidota,Spirochaetota,False,True,True
630dbfa8fbc034c9f8692f9d429ea57e,378,0.9995,0.0,Methanobrevibacter,Methanobrevibacter,True,True,True,Methanobacteriaceae,Methanobacteriaceae,True,True,True,Methanobacteriales,Methanobacteriales,True,True,True,Methanobacteria,Methanobacteria,True,True,True,Euryarchaeota,Methanobacteriota,True,True,True
a565d5baee9e444ca1446d3cfb0a6ce5,373,0.9985,0.0,Oscillibacter,Dysosmobacter,False,True,True,Oscillospiraceae,Oscillospiraceae,True,True,True,Oscillospirales,Eubacteriales,False,False,True,Clostridia,Clostridia,True,True,True,Firmicutes,Bacillota,True,True,True
1d808a941e29c1b4f33534431001dd27,399,0.981,0.0,Methanobacterium,,False,False,True,Methanobacteriaceae,,False,False,True,Methanobacteriales,,False,False,True,Methanobacteria,Verrucomicrobiia,False,False,True,Euryarchaeota,Verrucomicrobiota,False,True,True
baeffa790bb6f528c4085a869a0d213e,372,0.9995,0.0,nan,Burkholderia,False,False,False,nan,Burkholderiaceae,False,False,False,Burkholderiales,Burkholderiales,True,True,True,Gammaproteobacteria,Betaproteobacteria,False,False,True,Proteobacteria,Pseudomonadota,True,True,True
c2ce31d453f856c02c1925a535ca7d46,378,0.9995,0.0,Methanobacterium,Methanobacterium,True,True,True,Methanobacteriaceae,Methanobacteriaceae,True,True,True,Methanobacteriales,Methanobacteriales,True,True,True,Methanobacteria,Methanobacteria,True,True,True,Euryarchaeota,Methanobacteriota,True,True,True
829161d9eeb2bc71c936ceac625d9240,396,0.9976,0.0,nan,Methanobrevibacter,False,False,False,Methanobacteriaceae,Methanobacteriaceae,True,True,True,Methanobacteriales,Methanobacteriales,True,True,True,Methanobacteria,Methanobacteria,True,True,True,Euryarchaeota,Methanobacteriota,True,True,True
2a19b898afc817194e7a4996c2501bd5,399,0.9819,0.0,Methanobacterium,Escherichia,False,False,True,Methanobacteriaceae,Enterobacteriaceae,False,False,True,Methanobacteriales,Enterobacterales,False,False,True,Methanobacteria,Gammaproteobacteria,False,False,True,Euryarchaeota,Pseudomonadota,False,False,True
c3f093ce4164155c9b0f097a9ae7de70,376,0.998,0.0,IMCC26207,,False,False,True,Microtrichaceae,,False,False,True,Microtrichales,,False,False,True,Acidimicrobiia,,False,True,True,Actinobacteriota,Bacillota,False,False,True
cf80116cb789ecdda4cb662ab3fd1b4c,372,0.999,0.0,Ottowia,Diaphorobacter,False,True,True,Comamonadaceae,Comamonadaceae,True,True,True,Burkholderiales,Burkholderiales,True,True,True,Gammaproteobacteria,Betaproteobacteria,False,False,True,Proteobacteria,Pseudomonadota,True,True,True
848451a3853d056f1b0b123b39ebf894,372,0.999,0.0,Reyranella,,False,True,True,Reyranellaceae,,False,True,True,Reyranellales,,False,False,True,Alphaproteobacteria,Alphaproteobacteria,True,True,True,Proteobacteria,Pseudomonadota,True,True,True
cddb01a0b240945aa6ebe58ae541cea2,374,0.9966,0.0,midas_g_8803,,False,False,False,midas_f_112,,False,False,False,MBA03,,False,False,True,Limnochordia,,False,False,True,Firmicutes,Bacillota,True,True,True
7578a180cda060d7cd1d0948563f9f6d,372,0.9995,0.0,Alcaligenes,Alcaligenes,True,True,True,Alcaligenaceae,Alcaligenaceae,True,True,True,Burkholderiales,Burkholderiales,True,True,True,Gammaproteobacteria,Betaproteobacteria,False,False,True,Proteobacteria,Pseudomonadota,True,True,True
601f7b0d656ccfc24d722739825aef76,371,0.9985,,,Clostridium,False,False,False,,Clostridiaceae,False,False,False,,Eubacteriales,False,False,False,,Clostridia,False,False,False,,Bacillota,False,False,False
fcd8078329db20068bbeac27ee0d9f62,374,1.0,,,,False,False,False,,,False,False,False,,,False,False,False,,,False,False,False,,Candidatus Cloacimonadota,False,False,False
c9a17300b01aca353abdbbc6283a4af0,372,0.9995,0.0,Afipia,Afipia,True,True,True,Xanthobacteraceae,Nitrobacteraceae,False,False,True,Rhizobiales,Hyphomicrobiales,False,False,True,Alphaproteobacteria,Alphaproteobacteria,True,True,True,Proteobacteria,Pseudomonadota,True,True,True
7b1ad2f99dd41971e10e79aaeb45e994,378,0.9995,0.0,Methanobacterium,Methanobacterium,True,True,True,Methanobacteriaceae,Methanobacteriaceae,True,True,True,Methanobacteriales,Methanobacteriales,True,True,True,Methanobacteria,Methanobacteria,True,True,True,Euryarchaeota,Methanobacteriota,True,True,True
84bee12f9a868308b8d822a4791ff8b1,374,0.9976,0.0,Dethiobacter,,False,True,True,Dethiobacteraceae,,False,True,True,Dethiobacterales,,False,True,True,Dethiobacteria,Dehalococcoidia,False,True,True,Firmicutes,Chloroflexota,False,True,True
19f57e5afe22be9a7efe64bedb272f7d,374,0.9976,0.0,nan,,False,False,False,Bacillaceae,,False,True,True,Bacillales,,False,False,True,Bacilli,,False,True,True,Firmicutes,,False,True,True
52b9510cbb34f48661b26bc88b568e98,374,1.0,0.0,midas_g_134,,False,False,False,midas_f_134,,False,False,False,Syntrophales,Syntrophobacterales,False,True,True,Syntrophia,Syntrophobacteria,False,True,True,Desulfobacterota,Thermodesulfobacteriota,False,False,True
dcc60ede2cc11c8503b4f31fab9233b8,370,0.9971,0.0,Proteiniphilum,,False,True,True,Dysgonomonadaceae,Anaerolineaceae,False,True,True,Bacteroidales,Anaerolineales,False,True,True,Bacteroidia,Anaerolineae,False,True,True,Bacteroidota,Chloroflexota,False,True,True
ad552f09200febf499158c052101079b,374,0.9995,0.0,midas_g_789,Longilinea,False,False,False,Anaerolineaceae,Anaerolineaceae,True,True,True,Anaerolineales,Anaerolineales,True,True,True,Anaerolineae,Anaerolineae,True,True,True,Chloroflexi,Chloroflexota,True,True,True
36822e5c96ad047bd5a4d78c9ebfe7f6,372,0.998,0.0,midas_g_249,,False,False,False,Synergistaceae,Synergistaceae,True,True,True,Synergistales,Synergistales,True,True,True,Synergistia,Synergistia,True,True,True,Synergistota,Synergistota,True,True,True
e763da20f3043ecff1e6087da0de0512,374,0.998,0.0,nan,,False,False,False,nan,,False,False,False,nan,Eubacteriales,False,False,False,Clostridia,Clostridia,True,True,True,Firmicutes,Bacillota,True,True,True
443d26a763fcf25a1b45a2fc51d1d322,374,1.0,0.0,Luteimonas,Luteimonas,True,True,True,Xanthomonadaceae,Lysobacteraceae,False,False,True,Xanthomonadales,Lysobacterales,False,False,True,Gammaproteobacteria,Gammaproteobacteria,True,True,True,Proteobacteria,Pseudomonadota,True,True,True
1b2f4342857d36d36a40ca1bdeb10c3c,374,0.9985,0.0,midas_g_4927,Quatrionicoccus,False,False,False,Rhodocyclaceae,Azonexaceae,False,True,True,Burkholderiales,Rhodocyclales,False,False,True,Gammaproteobacteria,Betaproteobacteria,False,False,True,Proteobacteria,Pseudomonadota,True,True,True
e216c691c78eba226bba71e64872263a,371,0.998,0.0,Anaerovorax,,False,False,True,Anaerovoracaceae,,False,True,True,Peptostreptococcales-Tissierellales,Eubacteriales,False,False,True,Clostridia,Clostridia,True,True,True,Firmicutes,Bacillota,True,True,True
c9b1d29de9ba6aaa6bd23b386b8c8331,395,0.9946,0.0,Methanobacterium,,False,True,True,Methanobacteriaceae,,False,True,True,Methanobacteriales,,False,True,True,Methanobacteria,,False,True,True,Euryarchaeota,Methanobacteriota,True,True,True
c3331ee422228f2ad21a90ec87e18d35,374,0.9995,0.0,midas_g_4301,,False,False,False,SRB2,,False,False,True,Thermoanaerobacterales,,False,False,True,Thermoanaerobacteria,,False,False,True,Firmicutes,Bacillota,True,True,True
a0cda4ca07d855686d23956f06d0d76e,372,0.9995,0.0,Simplicispira,Diaphorobacter,False,True,True,Comamonadaceae,Comamonadaceae,True,True,True,Burkholderiales,Burkholderiales,True,True,True,Gammaproteobacteria,Betaproteobacteria,False,True,True,Proteobacteria,Pseudomonadota,True,True,True
fdb931f5c3f0b1f62bb2d613cb86001e,374,1.0,0.0,Flexilinea,Flexilinea,True,True,True,Anaerolineaceae,Anaerolineaceae,True,True,True,Anaerolineales,Anaerolineales,True,True,True,Anaerolineae,Anaerolineae,True,True,True,Chloroflexi,Chloroflexota,True,True,True
feb42a0dac8ff0d17d64cdea8f2fcf1e,374,1.0,0.0,midas_g_859,,False,False,False,JG30-KF-CM45,,False,False,True,Thermomicrobiales,Thermomicrobiales,True,True,True,Chloroflexia,Thermomicrobia,False,True,True,Chloroflexi,Thermomicrobiota,False,True,True
915047629ceb2cfb1fb1d4ff467c9002,374,0.999,0.0,midas_g_4381,Desulfoscipio,False,False,False,Dethiobacteraceae,Desulfallaceae,False,False,True,Dethiobacterales,Eubacteriales,False,False,True,Dethiobacteria,Clostridia,False,False,True,Firmicutes,Bacillota,True,True,True
0ce72cb3f2222077b10a09aeab862462,372,1.0,0.0,nan,Mesorhizobium,False,False,False,Rhizobiaceae,Phyllobacteriaceae,False,False,True,Rhizobiales,Hyphomicrobiales,False,False,True,Alphaproteobacteria,Alphaproteobacteria,True,True,True,Proteobacteria,Pseudomonadota,True,True,True
2efff3ec5ec80431bec254de17da2fcd,374,1.0,0.0,midas_g_4419,,False,False,False,midas_f_1469,Aggregatilineaceae,False,False,False,SBR1031,Aggregatilineales,False,False,True,Anaerolineae,Anaerolineae,True,True,True,Chloroflexi,Chloroflexota,True,True,True
5b3ae10206715c2976a983cb2eef902e,374,0.9946,0.0,Levilinea,,False,False,True,Anaerolineaceae,,False,True,True,Anaerolineales,Anaerolineales,True,True,True,Anaerolineae,Anaerolineae,True,True,True,Chloroflexi,Chloroflexota,True,True,True
ac70da28b0eb596f2cb37af26b06d10b,372,0.9985,0.0,Pedomicrobium,,False,False,True,Hyphomicrobiaceae,,False,True,True,Rhizobiales,,False,False,True,Alphaproteobacteria,Alphaproteobacteria,True,True,True,Proteobacteria,Pseudomonadota,True,True,True
dbda74fb9d5fd3c12eaab78face02172,375,0.9995,0.0,Diaminobutyricimonas,Cryobacterium,False,False,True,Microbacteriaceae,Microbacteriaceae,True,True,True,Micrococcales,Micrococcales,True,True,True,Actinobacteria,Actinomycetes,False,False,True,Actinobacteriota,Actinomycetota,False,False,True
3768ce8adbe0d6b2fccade3b7750c7d6,372,0.9966,0.0,Planctomicrobium,Planctomicrobium,True,True,True,Rubinisphaeraceae,Planctomycetaceae,False,False,True,Planctomycetales,Planctomycetales,True,True,True,Planctomycetes,Planctomycetia,False,False,True,Planctomycetota,Planctomycetota,True,True,True
59a5570b657c148caf79a4d0bf8b4d0c,372,1.0,0.0,Phenylobacterium,Phenylobacterium,True,True,True,Caulobacteraceae,Caulobacteraceae,True,True,True,Caulobacterales,Caulobacterales,True,True,True,Alphaproteobacteria,Alphaproteobacteria,True,True,True,Proteobacteria,Pseudomonadota,True,True,True
343639260e5a553a449c040a58953f9a,376,1.0,0.0,CL500-29_marine_group,,False,False,True,Ilumatobacteraceae,Ilumatobacteraceae,True,True,True,Microtrichales,Acidimicrobiales,False,False,True,Acidimicrobiia,Acidimicrobiia,True,True,True,Actinobacteriota,Actinomycetota,False,False,True
325b6281ee8480e4b22c882b8bc7041c,388,0.9985,0.0,Terrisporobacter,Terrisporobacter,True,True,True,Peptostreptococcaceae,Peptostreptococcaceae,True,True,True,Peptostreptococcales-Tissierellales,Peptostreptococcales,False,False,True,Clostridia,Clostridia,True,True,True,Firmicutes,Bacillota,True,True,True
f8ba6a00faad1caa37ba09c412d78536,374,0.999,,,,False,False,False,,,False,False,False,,,False,False,False,,,False,False,False,,Bacillota,False,False,False
7550f4d57ad58d7e6f3d407adb707fa3,374,1.0,,,,False,False,False,,,False,False,False,,,False,False,False,,,False,False,False,,Bacillota,False,False,False
21303e01cd67416ee96438f8033c47ec,374,1.0,,,,False,False,False,,,False,False,False,,,False,False,False,,,False,False,False,,Minisyncoccota,False,False,False
768b30237305b76406c8c5c6a9fba498,374,0.998,0.0,midas_g_2702,,False,False,False,Anaerolineaceae,Anaerolineaceae,True,True,True,Anaerolineales,Anaerolineales,True,True,True,Anaerolineae,Anaerolineae,True,True,True,Chloroflexi,Chloroflexota,True,True,True
68685530ccb6cde5b49f2a277fda2b94,378,0.9995,0.0,Methanobacterium,Cronobacter,False,True,True,Methanobacteriaceae,Enterobacteriaceae,False,True,True,Methanobacteriales,Enterobacterales,False,True,True,Methanobacteria,Gammaproteobacteria,False,True,True,Euryarchaeota,Pseudomonadota,False,True,True
5826f38e9afadfa40023cdc15629fe20,378,0.9995,0.0,Methanobacterium,Methanobacterium,True,True,True,Methanobacteriaceae,Methanobacteriaceae,True,True,True,Methanobacteriales,Methanobacteriales,True,True,True,Methanobacteria,Methanobacteria,True,True,True,Euryarchaeota,Methanobacteriota,True,True,True
ffb7f32b76b8aea19e3d810eef8cb779,374,0.9971,0.0,Caldicoprobacter,,False,False,True,Caldicoprobacteraceae,,False,False,True,Caldicoprobacterales,Eubacteriales,False,False,True,Clostridia,Clostridia,True,True,True,Firmicutes,Bacillota,True,True,True
00cb63b6f629510ea7cf65e0530b4027,374,0.999,0.0,midas_g_230,,False,False,False,midas_f_230,,False,False,False,midas_o_230,,False,False,False,JS1,,False,False,True,Caldatribacteriota,Atribacterota,False,False,True
94f099e252b40a7a42a638b2c028b7db,373,1.0,0.0,Pseudomonas,Halopseudomonas,False,True,True,Pseudomonadaceae,Pseudomonadaceae,True,True,True,Pseudomonadales,Pseudomonadales,True,True,True,Gammaproteobacteria,Gammaproteobacteria,True,True,True,Proteobacteria,Pseudomonadota,True,True,True
46bd23bd0fd9dba10f345fa125cfcb81,371,0.9888,0.0,nan,,False,False,False,nan,,False,False,False,nan,,False,False,False,nan,,False,False,False,nan,,False,False,False
be49979e50fd98568304bc66173f624b,374,0.9995,0.0,midas_g_3338,,False,False,False,midas_f_2573,,False,False,False,Gaiellales,,False,False,True,Thermoleophilia,Actinomycetes,False,True,True,Actinobacteriota,Actinomycetota,False,False,True
1dd4ae4f0ee4d2ccf2cf15e82ce65b7b,372,0.999,0.0,Mesorhizobium,Mesorhizobium,True,True,True,Rhizobiaceae,Phyllobacteriaceae,False,True,True,Rhizobiales,Hyphomicrobiales,False,False,True,Alphaproteobacteria,Alphaproteobacteria,True,True,True,Proteobacteria,Pseudomonadota,True,True,True
ade13a0239469e844de6acb3f220d4b2,374,0.9985,0.0,Leptolinea,,False,False,True,Anaerolineaceae,Anaerolineaceae,True,True,True,Anaerolineales,Anaerolineales,True,True,True,Anaerolineae,Anaerolineae,True,True,True,Chloroflexi,Chloroflexota,True,True,True
b11163a4c83a6ea84645bfb8a390cc5c,374,0.9985,0.0,Ruminiclostridium,Candidatus Brocadia,False,True,True,Hungateiclostridiaceae,Candidatus Brocadiaceae,False,False,True,Oscillospirales,Candidatus Brocadiales,False,False,True,Clostridia,Candidatus Brocadiia,False,True,True,Firmicutes,Planctomycetota,False,True,True
2ec1f8eb34a2ea797a6cbbdfb17fbfd2,378,0.9995,0.0,Methanobacterium,Methanobacterium,True,True,True,Methanobacteriaceae,Methanobacteriaceae,True,True,True,Methanobacteriales,Methanobacteriales,True,True,True,Methanobacteria,Methanobacteria,True,True,True,Euryarchaeota,Methanobacteriota,True,True,True
ea8b36aa3ca7fa26f798e2c40a19c43e,378,0.9995,0.0,Methanobacterium,Methanobacterium,True,True,True,Methanobacteriaceae,Methanobacteriaceae,True,True,True,Methanobacteriales,Methanobacteriales,True,True,True,Methanobacteria,Methanobacteria,True,True,True,Euryarchaeota,Methanobacteriota,True,True,True
d0c4b664b4d2be62c80268e30a098b50,373,1.0,0.0,Mesotoga,Mesotoga,True,True,True,Kosmotogaceae,Kosmotogaceae,True,True,True,Kosmotogales,Kosmotogales,True,True,True,Thermotogae,Thermotogae,True,True,True,Thermotogota,Thermotogota,True,True,True
584732b1ae36c8fd9cd78a3b94bfb4ba,373,1.0,0.0,Ruminococcus,,False,True,True,Ruminococcaceae,,False,False,True,Oscillospirales,Christensenellales,False,False,True,Clostridia,Clostridia,True,True,True,Firmicutes,Bacillota,True,True,True
1b350d18d59a97b3af2257944c908b17,372,0.9995,0.0,Hydrogenophaga,Hydrogenophaga,True,True,True,Comamonadaceae,Comamonadaceae,True,True,True,Burkholderiales,Burkholderiales,True,True,True,Gammaproteobacteria,Betaproteobacteria,False,True,True,Proteobacteria,Pseudomonadota,True,True,True
c797aedcc1b7855b7af687d34a0998d7,374,0.9946,0.0,midas_g_101661,,False,False,False,Dethiobacteraceae,,False,False,True,Dethiobacterales,,False,False,True,Dethiobacteria,,False,False,True,Firmicutes,Bacillota,True,True,True
e1ad71679dace6d1d502a91df086f04b,372,0.9995,0.0,Phenylobacterium,Agrobacterium,False,True,True,Caulobacteraceae,Rhizobiaceae,False,True,True,Caulobacterales,Hyphomicrobiales,False,True,True,Alphaproteobacteria,Alphaproteobacteria,True,True,True,Proteobacteria,Pseudomonadota,True,True,True
90c4f2d984977adea41de3f42bd18ea1,374,1.0,0.0,midas_g_3406,,False,False,False,midas_f_2701,,False,False,False,Hydrogenispora,,False,False,True,Limnochordia,,False,False,True,Firmicutes,Bacillota,True,True,True
f57128992ee22ab49d1a992eb1594104,373,0.9941,0.0,midas_g_61747,Ectopseudomonas,False,False,False,midas_f_59322,Pseudomonadaceae,False,False,False,EC3,Pseudomonadales,False,False,True,Gammaproteobacteria,Gammaproteobacteria,True,True,True,Proteobacteria,Pseudomonadota,True,True,True
7c6227f972ed1626eab4256030f39631,374,0.9971,0.0,nan,,False,False,False,midas_f_112,,False,False,False,MBA03,,False,False,True,Limnochordia,Alphaproteobacteria,False,False,True,Firmicutes,Pseudomonadota,False,True,True
fc05fae4c5692849b84f3411043e8344,373,0.9941,0.0,midas_g_12435,,False,False,False,midas_f_8814,,False,False,False,SJA-15,,False,False,True,Anaerolineae,Chloroflexia,False,True,True,Chloroflexi,Chloroflexota,True,True,True
1124da2808084f121dfa80f2ff96ad56,374,0.9971,0.0,Nitrosomonas,Nitrosomonas,True,True,True,Nitrosomonadaceae,Nitrosomonadaceae,True,True,True,Burkholderiales,Nitrosomonadales,False,True,True,Gammaproteobacteria,Betaproteobacteria,False,False,True,Proteobacteria,Pseudomonadota,True,True,True
92cb26786c713a9a22e36dc8c8913a44,374,0.9961,0.0,nan,,False,False,False,Dethiobacteraceae,Syntrophomonadaceae,False,False,True,Dethiobacterales,Eubacteriales,False,False,True,Dethiobacteria,Clostridia,False,False,True,Firmicutes,Bacillota,True,True,True
90fa6c0bf60713bfb45126d0e322b04b,375,1.0,0.0,Leucobacter,Leucobacter,True,True,True,Microbacteriaceae,Microbacteriaceae,True,True,True,Micrococcales,Micrococcales,True,True,True,Actinobacteria,Actinomycetes,False,False,True,Actinobacteriota,Actinomycetota,False,False,True
9cbf0954f06d3ad4ffa822ec80a7f4af,374,1.0,0.0,Arenimonas,,False,True,True,Xanthomonadaceae,,False,False,True,Xanthomonadales,,False,False,True,Gammaproteobacteria,Gammaproteobacteria,True,True,True,Proteobacteria,Pseudomonadota,True,True,True
2579ccdb853bf0bbcbc589ee0badfa6b,372,1.0,0.0,Shinella,Shinella,True,True,True,Rhizobiaceae,Rhizobiaceae,True,True,True,Rhizobiales,Hyphomicrobiales,False,False,True,Alphaproteobacteria,Alphaproteobacteria,True,True,True,Proteobacteria,Pseudomonadota,True,True,True
d45aaeec9a07ee5bc7a02cbca9a84ee7,369,0.9961,0.0,midas_g_25887,Isachenkonia,False,False,False,Guggenheimella,Clostridiaceae,False,False,True,Peptostreptococcales-Tissierellales,Eubacteriales,False,False,True,Clostridia,Clostridia,True,True,True,Firmicutes,Bacillota,True,True,True
cf506e6252da1013261a93132ed38efe,369,0.9985,0.0,Sedimentibacter,,False,True,True,Sedimentibacteraceae,,False,False,True,Peptostreptococcales-Tissierellales,,False,False,True,Clostridia,,False,True,True,Firmicutes,Bacillota,True,True,True
3ece3ba63c0d48e9af0bd3e473afb6cc,396,0.9966,0.0,Methanobacterium,Candidatus Hadarchaeum,False,True,True,Methanobacteriaceae,Candidatus Hadarchaeaceae,False,True,True,Methanobacteriales,Candidatus Hadarchaeales,False,True,True,Methanobacteria,Candidatus Hadarchaeia,False,True,True,Euryarchaeota,Candidatus Hadarchaeota,False,True,True
f1baa928afe50a32873c14a5a0e63f2d,372,0.9961,0.0,nan,Candidatus Wallacebacter,False,False,False,midas_f_112,Candidatus Wallacebacteriaceae,False,False,False,MBA03,Candidatus Darwinibacteriales,False,False,True,Limnochordia,Clostridia,False,False,True,Firmicutes,Bacillota,True,True,True
2990b08e6fdd30ce626c1f5d8d026587,374,1.0,0.0,Bacillus,Bacillus,True,True,True,Bacillaceae,Bacillaceae,True,True,True,Bacillales,Caryophanales,False,False,True,Bacilli,Bacilli,True,True,True,Firmicutes,Bacillota,True,True,True
58170f812d875827788d594fb6ddd4ce,370,1.0,0.0,DMER64,,False,False,True,Rikenellaceae,,False,True,True,Bacteroidales,,False,True,True,Bacteroidia,,False,True,True,Bacteroidota,Bacteroidota,True,True,True
04a65a3c8425eeeaa26b5be5e1f73ea6,375,0.9995,0.0,Leucobacter,Leucobacter,True,True,True,Microbacteriaceae,Microbacteriaceae,True,True,True,Micrococcales,Micrococcales,True,True,True,Actinobacteria,Actinomycetes,False,False,True,Actinobacteriota,Actinomycetota,False,False,True
2b9113180a7e1a8f4e25512f0191ff42,372,0.9985,,,,False,False,False,,,False,False,False,,,False,False,False,,,False,False,False,,Pseudomonadota,False,False,False
421c4fde5e0b6d90aba4333ba1328d82,375,0.9995,0.0,Nocardioides,,False,True,True,Nocardioidaceae,,False,True,True,Propionibacteriales,,False,True,True,Actinobacteria,,False,False,True,Actinobacteriota,Actinomycetota,False,False,True
9b81b6e45f605a8664136716c1f36aa2,366,0.9937,0.0,Anaerofustis,Alkalibaculum,False,False,True,Anaerofustaceae,Eubacteriaceae,False,False,True,Eubacteriales,Eubacteriales,True,True,True,Clostridia,Clostridia,True,True,True,Firmicutes,Bacillota,True,True,True
b2f2f46a7ac98e69a9c672e3c11d4dc6,370,0.998,0.0,Anaerostignum,,False,False,True,Lachnospiraceae,Lachnospiraceae,True,True,True,Lachnospirales,Lachnospirales,True,True,True,Clostridia,Clostridia,True,True,True,Firmicutes,Bacillota,True,True,True
6281e84f5577a96d655059cf0de0540a,369,1.0,0.0,Tissierella,Tissierella,True,True,True,Family_XI,Tissierellaceae,False,False,True,Peptostreptococcales-Tissierellales,Tissierellales,False,False,True,Clostridia,Tissierellia,False,True,True,Firmicutes,Bacillota,True,True,True
00adc7daa4b95b95372776a244ef7a2c,386,0.8975,,,,False,False,False,,,False,False,False,,Pirellulales,False,False,False,,Planctomycetia,False,False,False,,Planctomycetota,False,False,False
1c4b816fb8f22fadba37d3f297f19730,374,1.0,0.0,midas_g_606,,False,False,False,midas_f_148,,False,False,False,DTU014,,False,False,True,midas_c_4,,False,False,False,Firmicutes,Bacillota,True,True,True
4c3cb2bcc311be93500886bc584d4d2a,373,0.9966,,,Ruminococcus,False,False,False,,Oscillospiraceae,False,False,False,,Eubacteriales,False,False,False,,Clostridia,False,False,False,,Bacillota,False,False,False
10b3c2a776e4f9f16a4c80c2d43c9def,374,0.9946,0.0,Desulfurispora,,False,False,True,Desulfurisporaceae,Peptococcaceae,False,False,True,Desulfotomaculales,Eubacteriales,False,False,True,Desulfotomaculia,Clostridia,False,False,True,Firmicutes,Bacillota,True,True,True
e16f67ce9c9a6f842af7e459ca1d6239,374,0.9985,0.0,midas_g_98124,Clostridium,False,False,False,Hungateiclostridiaceae,Clostridiaceae,False,False,True,Oscillospirales,Eubacteriales,False,False,True,Clostridia,Clostridia,True,True,True,Firmicutes,Bacillota,True,True,True
70414021f4b21e27cabdfe1be1ae296b,399,0.9712,,,,False,False,False,,,False,False,False,,,False,False,False,,,False,False,False,,Candidatus Bathyarchaeota,False,False,False
cabc3f75a6051be90646efa273cd5ad3,378,0.9985,0.0,Methanobacterium,Methanobacterium,True,True,True,Methanobacteriaceae,Methanobacteriaceae,True,True,True,Methanobacteriales,Methanobacteriales,True,True,True,Methanobacteria,Methanobacteria,True,True,True,Euryarchaeota,Methanobacteriota,True,True,True
d0eac523b3ddde02c23078445c33dc3e,378,0.999,0.0,nan,Methanobrevibacter,False,False,False,Methanobacteriaceae,Methanobacteriaceae,True,True,True,Methanobacteriales,Methanobacteriales,True,True,True,Methanobacteria,Methanobacteria,True,True,True,Euryarchaeota,Methanobacteriota,True,True,True
47c6142121fd5fbdd963a7a6fccb2c5e,378,0.9995,0.0,Methanobrevibacter,Methanobrevibacter,True,True,True,Methanobacteriaceae,Methanobacteriaceae,True,True,True,Methanobacteriales,Methanobacteriales,True,True,True,Methanobacteria,Methanobacteria,True,True,True,Euryarchaeota,Methanobacteriota,True,True,True
455800da158eb1acad1d1e9657b345d2,375,0.9961,0.0,midas_g_92049,,False,False,False,midas_f_90201,Acutalibacteraceae,False,False,False,Clostridia_vadinBB60_group,Eubacteriales,False,False,True,Clostridia,Clostridia,True,True,True,Firmicutes,Bacillota,True,True,True
4651f1e124ac9d94cff06304c700b593,374,0.9966,0.0,midas_g_97862,Monoglobus,False,False,False,Oscillospiraceae,Monoglobaceae,False,True,True,Oscillospirales,Monoglobales,False,False,True,Clostridia,Clostridia,True,True,True,Firmicutes,Bacillota,True,True,True
a9aac800e685600e21278a2012556aa7,374,0.9976,0.0,Conexibacter,,False,False,True,Solirubrobacteraceae,Solirubrobacteraceae,True,True,True,Solirubrobacterales,Solirubrobacterales,True,True,True,Thermoleophilia,Thermoleophilia,True,True,True,Actinobacteriota,Actinomycetota,False,False,True
f4993ea775e4b217485c9be1b55db40c,371,0.9971,0.0,midas_g_819,,False,False,False,Anaerovoracaceae,,False,True,True,Peptostreptococcales-Tissierellales,,False,False,True,Clostridia,,False,True,True,Firmicutes,Bacillota,True,True,True
c4a4b8a9db0c109cc7146c7c64f10b79,374,0.9932,0.0,nan,,False,False,False,nan,,False,False,False,nan,,False,False,False,Clostridia,Clostridia,True,True,True,Firmicutes,Bacillota,True,True,True
71f6d6badec9a36484ea0f6bea464bc2,372,1.0,0.0,nan,Pusillimonas,False,False,False,Alcaligenaceae,Alcaligenaceae,True,True,True,Burkholderiales,Burkholderiales,True,True,True,Gammaproteobacteria,Betaproteobacteria,False,False,True,Proteobacteria,Pseudomonadota,True,True,True
d68eb4b5245740e3dfbd0fb1133ed220,372,0.999,0.0,nan,,False,False,False,Christensenellaceae,,False,True,True,Christensenellales,Christensenellales,True,True,True,Clostridia,Clostridia,True,True,True,Firmicutes,Bacillota,True,True,True
77e27d0665f7fb72b2b325641b3b95ea,374,0.9971,0.0,nan,,False,False,False,nan,Christensenellaceae,False,False,False,Clostridia_vadinBB60_group,Christensenellales,False,False,True,Clostridia,Clostridia,True,True,True,Firmicutes,Bacillota,True,True,True
8967a8d6fe2dd175ae34bdac837af10a,374,0.9961,0.0,midas_g_9913,,False,False,False,Anaerolineaceae,,False,True,True,Anaerolineales,,False,True,True,Anaerolineae,Chloroflexia,False,True,True,Chloroflexi,Chloroflexota,True,True,True
e9ad9694aa9baa8ef6805db44808b3ce,375,0.9956,0.0,midas_g_25753,,False,False,False,UBA12409,,False,False,True,Babeliales,Candidatus Babeliales,False,False,True,Babeliae,Candidatus Babeliae,False,False,True,Dependentiae,,False,False,True
5d2bad7a7fe74a8b6a564a94eb9f0050,374,0.9971,0.0,Desulfitibacter,,False,False,True,Desulfitibacteraceae,,False,True,True,Desulfitibacterales,,False,False,True,Moorellia,,False,False,True,Firmicutes,Bacillota,True,True,True
6c5285812f71ed019e28402a38c1158a,374,0.9961,0.0,midas_g_119476,,False,False,False,Christensenellaceae,Christensenellaceae,True,True,True,Christensenellales,Christensenellales,True,True,True,Clostridia,Clostridia,True,True,True,Firmicutes,Bacillota,True,True,True
5b1e1cf5993a1b5ab7467ae5ebe4d8a4,374,1.0,0.0,midas_g_92789,,False,False,False,midas_f_92789,,False,False,False,midas_o_92789,,False,False,False,midas_c_216,,False,False,False,Armatimonadota,Armatimonadota,True,True,True
a5603389a441a68a8797aa8a3cf61af9,371,1.0,0.0,Terrisporobacter,Terrisporobacter,True,True,True,Peptostreptococcaceae,Peptostreptococcaceae,True,True,True,Peptostreptococcales-Tissierellales,Peptostreptococcales,False,False,True,Clostridia,Clostridia,True,True,True,Firmicutes,Bacillota,True,True,True
f961fc7bc93cdc2692d05871d6ef0296,374,0.9951,0.0,Christensenellaceae_R-7_group,,False,False,True,Christensenellaceae,,False,False,True,Christensenellales,Eubacteriales,False,True,True,Clostridia,Clostridia,True,True,True,Firmicutes,Bacillota,True,True,True
96398d60ccf2d88da5d9684892c6a610,369,1.0,,,,False,False,False,,,False,False,False,,,False,False,False,,,False,False,False,,Bacteroidota,False,False,False
de26ab3cbf51cd977d97820b4d14f742,365,1.0,,,,False,False,False,,Erysipelotrichaceae,False,False,False,,Erysipelotrichales,False,False,False,,Erysipelotrichia,False,False,False,,Bacillota,False,False,False
e33914420d19e3dcbaf511090df6d385,392,0.9824,0.0,EBM-39,Klebsiella,False,False,True,Synergistaceae,Enterobacteriaceae,False,False,True,Synergistales,Enterobacterales,False,False,True,Synergistia,Gammaproteobacteria,False,False,True,Synergistota,Pseudomonadota,False,False,True
451f992938efa5e0c6523168817f30f8,378,0.9985,0.0,Methanobacterium,Methanobacterium,True,True,True,Methanobacteriaceae,Methanobacteriaceae,True,True,True,Methanobacteriales,Methanobacteriales,True,True,True,Methanobacteria,Methanobacteria,True,True,True,Euryarchaeota,Methanobacteriota,True,True,True
d92977f111486ad3a5d826adaf17b5ad,378,0.9995,,,Methanobacterium,False,False,False,,Methanobacteriaceae,False,False,False,,Methanobacteriales,False,False,False,,Methanobacteria,False,False,False,,Methanobacteriota,False,False,False
16d5a0178f3d79e81808ab413ec47dc9,374,0.9995,0.0,midas_g_156,,False,False,False,Anaerolineaceae,Anaerolineaceae,True,True,True,Anaerolineales,Anaerolineales,True,True,True,Anaerolineae,Anaerolineae,True,True,True,Chloroflexi,Chloroflexota,True,True,True
70587a5848f80e8639f9bb824c9236fa,372,1.0,0.0,Rhodobacter,Nitrospira,False,False,True,Rhodobacteraceae,Nitrospiraceae,False,False,True,Rhodobacterales,Nitrospirales,False,True,True,Alphaproteobacteria,Nitrospiria,False,True,True,Proteobacteria,Nitrospirota,False,True,True
532ff193b68d71a9e2229dd125e1eeb1,378,1.0,0.0,Methanosarcina,,False,True,True,Methanosarcinaceae,Methanosarcinaceae,True,True,True,Methanosarciniales,Methanosarcinales,False,False,True,Methanosarcinia,Methanomicrobia,False,False,True,Halobacterota,Methanobacteriota,False,False,True
85856de71cc20a58c1522fd9ba454442,370,0.9985,0.0,nan,,False,False,False,Sphingobacteriaceae,Sphingobacteriaceae,True,True,True,Sphingobacteriales,Sphingobacteriales,True,True,True,Bacteroidia,Sphingobacteriia,False,False,True,Bacteroidota,Bacteroidota,True,True,True
99d585f7c8f524fa04880f847f0a31da,374,1.0,0.0,Luteimonas,,False,True,True,Xanthomonadaceae,Lysobacteraceae,False,False,True,Xanthomonadales,Lysobacterales,False,False,True,Gammaproteobacteria,Gammaproteobacteria,True,True,True,Proteobacteria,Pseudomonadota,True,True,True
7935c8ea2b1b44460993759d6d1cd5da,371,1.0,0.0,Thermovirga,,False,False,True,Synergistaceae,,False,True,True,Synergistales,,False,True,True,Synergistia,,False,True,True,Synergistota,Synergistota,True,True,True
92cb433f34320956950648a61a61e395,374,0.999,0.0,Dethiobacter,Dethiobacter,True,True,True,Dethiobacteraceae,Dethiobacteraceae,True,True,True,Dethiobacterales,Dethiobacterales,True,True,True,Dethiobacteria,Dethiobacteria,True,True,True,Firmicutes,Bacillota,True,True,True
af652e408f0db93cc4846d6901a6ce37,372,0.9966,0.0,nan,Wenxinia,False,False,False,Rhodobacteraceae,Roseobacteraceae,False,False,True,Rhodobacterales,Rhodobacterales,True,True,True,Alphaproteobacteria,Alphaproteobacteria,True,True,True,Proteobacteria,Pseudomonadota,True,True,True
f8d30c1e3d25ad222894f3a1a7a3eb2a,376,0.9941,0.0,midas_g_3409,,False,False,False,midas_f_2296,,False,False,False,midas_o_796,,False,False,False,midas_c_796,Armatimonadia,False,False,False,WS1,Armatimonadota,False,False,True
c995fd3a6bbed38454cd050bc331deaa,374,0.9995,0.0,nan,Petroclostridium,False,False,False,nan,Oscillospiraceae,False,False,False,nan,Eubacteriales,False,False,False,Clostridia,Clostridia,True,True,True,Firmicutes,Bacillota,True,True,True
4563e1bc4155a08102e2a8f74d500106,372,0.9985,0.0,Aminobacter,Aquamicrobium,False,True,True,Rhizobiaceae,Phyllobacteriaceae,False,False,True,Rhizobiales,Hyphomicrobiales,False,False,True,Alphaproteobacteria,Alphaproteobacteria,True,True,True,Proteobacteria,Pseudomonadota,True,True,True
32d2ffd5aac26382d511eb7ab897fc06,374,0.9971,0.0,midas_g_531,,False,False,False,midas_f_269,,False,False,False,Gaiellales,,False,False,True,Thermoleophilia,Thermoleophilia,True,True,True,Actinobacteriota,Actinomycetota,False,False,True
b1f59336f531943ed373eb155f8380ea,372,0.999,0.0,nan,Devosia,False,False,False,Devosiaceae,Devosiaceae,True,True,True,Rhizobiales,Hyphomicrobiales,False,False,True,Alphaproteobacteria,Alphaproteobacteria,True,True,True,Proteobacteria,Pseudomonadota,True,True,True
ecc87bcfc432d272b961cd36e4246127,374,0.9937,0.0,Legionella,,False,True,True,Legionellaceae,,False,True,True,Legionellales,,False,True,True,Gammaproteobacteria,Gammaproteobacteria,True,True,True,Proteobacteria,Pseudomonadota,True,True,True
73bb9b389101bfbeafe2f0663fd53b50,373,0.9976,0.0,Sphingopyxis,Sphingopyxis,True,True,True,Sphingomonadaceae,Sphingopyxidaceae,False,True,True,Sphingomonadales,Sphingomonadales,True,True,True,Alphaproteobacteria,Alphaproteobacteria,True,True,True,Proteobacteria,Pseudomonadota,True,True,True
9e4993b7e2e6e5d4b584c46aaac0bde5,376,1.0,0.0,midas_g_796,,False,False,False,midas_f_796,,False,False,False,midas_o_796,,False,False,False,midas_c_796,,False,False,False,WS1,Armatimonadota,False,False,True
638fc32ab42e9e47ae41e2aad6572cc9,372,0.999,0.0,Devosia,Devosia,True,True,True,Devosiaceae,Devosiaceae,True,True,True,Rhizobiales,Hyphomicrobiales,False,False,True,Alphaproteobacteria,Alphaproteobacteria,True,True,True,Proteobacteria,Pseudomonadota,True,True,True
71759382cfc2547ea9f6f84a1c2bff86,374,0.999,0.0,Christensenellaceae_R-7_group,,False,False,True,Christensenellaceae,,False,False,True,Christensenellales,,False,True,True,Clostridia,Clostridia,True,True,True,Firmicutes,Bacillota,True,True,True
fe5a45686af6b4b7eaff28a4dcaef15b,370,0.998,0.0,midas_g_410,,False,False,False,Bacteroidetes_vadinHA17,,False,False,True,Bacteroidales,Bacteroidales,True,True,True,Bacteroidia,Bacteroidia,True,True,True,Bacteroidota,Bacteroidota,True,True,True
f9542fc2a825a5c41094173a4a95041a,372,0.9961,0.0,nan,Provencibacterium,False,False,False,Ruminococcaceae,Oscillospiraceae,False,False,True,Oscillospirales,Eubacteriales,False,False,True,Clostridia,Clostridia,True,True,True,Firmicutes,Bacillota,True,True,True
1f9a774f305c7b4db08dfe4db385aa4a,374,0.9976,0.0,Christensenellaceae_R-7_group,,False,False,True,Christensenellaceae,Christensenellaceae,True,True,True,Christensenellales,Christensenellales,True,True,True,Clostridia,Clostridia,True,True,True,Firmicutes,Bacillota,True,True,True
138ba6e05643a696295fc4a8ee67406c,369,1.0,0.0,Tissierella,Tissierella,True,True,True,Family_XI,Tissierellaceae,False,False,True,Peptostreptococcales-Tissierellales,Tissierellales,False,False,True,Clostridia,Tissierellia,False,True,True,Firmicutes,Bacillota,True,True,True
10378c24fd183ece5224eb4bb5980766,374,0.9951,0.0,Legionella,,False,True,True,Legionellaceae,,False,True,True,Legionellales,,False,True,True,Gammaproteobacteria,Gammaproteobacteria,True,True,True,Proteobacteria,Pseudomonadota,True,True,True
8a5b1b1f58eaa67ae9c35c6521b3eb71,373,1.0,0.0,W5,,False,False,True,Cloacimonadaceae,,False,False,True,Cloacimonadales,,False,False,True,Cloacimonadia,Candidatus Hydrothermia,False,False,True,Cloacimonadota,Candidatus Hydrothermota,False,False,True
499282a32d639ab44b7dc14af1e71965,372,0.999,0.0,Paracoccus,Paracoccus,True,True,True,Rhodobacteraceae,Paracoccaceae,False,False,True,Rhodobacterales,Rhodobacterales,True,True,True,Alphaproteobacteria,Alphaproteobacteria,True,True,True,Proteobacteria,Pseudomonadota,True,True,True
6007fe9f1b2db53b8b47650fa99e3f10,373,0.9946,0.0,Ca_Dichloromethanomonas,,False,False,True,Syntrophobotulaceae,Peptococcaceae,False,False,True,Desulfitobacteriales,Eubacteriales,False,False,True,Desulfitobacteriia,Clostridia,False,False,True,Firmicutes,Bacillota,True,True,True
11ec9f654a9c1c5dc45e40f82e7cb970,374,0.9912,0.0,Fastidiosipila,,False,False,True,Hungateiclostridiaceae,,False,False,True,Oscillospirales,,False,False,True,Clostridia,Clostridia,True,True,True,Firmicutes,Bacillota,True,True,True
8658443ac48e043652445ada8a1b38e9,376,0.9985,0.0,midas_g_2935,,False,False,False,midas_f_796,,False,False,False,midas_o_796,,False,False,False,midas_c_796,,False,False,False,WS1,Armatimonadota,False,False,True
450e10636606887dd168542a6fc0df36,372,1.0,0.0,Hyphomicrobium,,False,True,True,Hyphomicrobiaceae,Hyphomicrobiaceae,True,True,True,Rhizobiales,Hyphomicrobiales,False,False,True,Alphaproteobacteria,Alphaproteobacteria,True,True,True,Proteobacteria,Pseudomonadota,True,True,True
b9779a83e705307c6596e4741240726c,374,1.0,0.0,Bacillus,Bacillus,True,True,True,Bacillaceae,Bacillaceae,True,True,True,Bacillales,Caryophanales,False,False,True,Bacilli,Bacilli,True,True,True,Firmicutes,Bacillota,True,True,True
adae8a46239a2d87cf6b3187212b0c5d,372,1.0,0.0,nan,,False,False,False,Rhizobiaceae,,False,True,True,Rhizobiales,,False,False,True,Alphaproteobacteria,Alphaproteobacteria,True,True,True,Proteobacteria,Pseudomonadota,True,True,True
46eaee59b82f8e55b9c35947a8c22824,371,0.9976,0.0,nan,,False,False,False,nan,,False,False,False,nan,,False,False,False,Clostridia,,False,True,True,Firmicutes,Bacillota,True,True,True
563814b59f2c0241d0cdec1b99b7f781,374,0.998,0.0,Christensenellaceae_R-7_group,,False,False,True,Christensenellaceae,,False,True,True,Christensenellales,,False,True,True,Clostridia,Clostridia,True,True,True,Firmicutes,Bacillota,True,True,True
b0b69224e197ce8061ddd3ea7ceff3d9,374,0.9937,0.0,midas_g_110619,,False,False,False,midas_f_29377,,False,False,False,midas_o_147,,False,False,False,Gammaproteobacteria,Gammaproteobacteria,True,True,True,Proteobacteria,Pseudomonadota,True,True,True
655bd7b8d2c8ee0e717f8d77d47693b7,373,0.9985,0.0,Bauldia,,False,True,True,Rhodobacteraceae,,False,False,True,Rhodobacterales,,False,False,True,Alphaproteobacteria,Alphaproteobacteria,True,True,True,Proteobacteria,Pseudomonadota,True,True,True
38296582075fc96045a4147fb746fe4b,375,0.9995,0.0,Actinotalea,Actinotalea,True,True,True,Cellulomonadaceae,Cellulomonadaceae,True,True,True,Micrococcales,Micrococcales,True,True,True,Actinobacteria,Actinomycetes,False,False,True,Actinobacteriota,Actinomycetota,False,False,True
ddc66d3a76d91f0f401087bf108cc42c,374,0.9995,0.0,Rummeliibacillus,,False,True,True,Planococcaceae,Caryophanaceae,False,False,True,Bacillales,Caryophanales,False,False,True,Bacilli,Bacilli,True,True,True,Firmicutes,Bacillota,True,True,True
4be7e3af901821b478005592cf83e189,374,0.9995,0.0,Bacillus,Robertmurraya,False,True,True,Bacillaceae,Bacillaceae,True,True,True,Bacillales,Caryophanales,False,False,True,Bacilli,Bacilli,True,True,True,Firmicutes,Bacillota,True,True,True
0b4ce1bf546f25f6976d10bd9c189687,369,0.999,0.0,nan,Falsiroseomonas,False,False,False,nan,Roseomonadaceae,False,False,False,Peptostreptococcales-Tissierellales,Acetobacterales,False,False,True,Clostridia,Alphaproteobacteria,False,True,True,Firmicutes,Pseudomonadota,False,True,True
f2c297fc0b86c201864ff9fa84ff6d5d,373,0.9883,0.0,nan,Akkermansia,False,False,False,Hungateiclostridiaceae,Akkermansiaceae,False,False,True,Oscillospirales,Verrucomicrobiales,False,False,True,Clostridia,Verrucomicrobiia,False,True,True,Firmicutes,Verrucomicrobiota,False,True,True
456e90bd81f384fccd85730d1b5088e5,396,0.9971,0.0,Methanobacterium,Methanobacterium,True,True,True,Methanobacteriaceae,Methanobacteriaceae,True,True,True,Methanobacteriales,Methanobacteriales,True,True,True,Methanobacteria,Methanobacteria,True,True,True,Euryarchaeota,Methanobacteriota,True,True,True
e38bae89caa9e6029e2bb575ecf1465a,373,1.0,0.0,Lachnoclostridium,Lacrimispora,False,False,True,Lachnospiraceae,Lachnospiraceae,True,True,True,Lachnospirales,Lachnospirales,True,True,True,Clostridia,Clostridia,True,True,True,Firmicutes,Bacillota,True,True,True
a372cf10657d0756778992bacff2d706,373,0.9971,0.0,midas_g_40543,,False,False,False,Christensenellaceae,Christensenellaceae,True,True,True,Christensenellales,Christensenellales,True,True,True,Clostridia,Clostridia,True,True,True,Firmicutes,Bacillota,True,True,True
fd363796f24ad824b1a025860c3acb40,374,0.9956,0.0,midas_g_4325,,False,False,False,midas_f_54,,False,False,False,Clostridia_vadinBB60_group,Christensenellales,False,False,True,Clostridia,Clostridia,True,True,True,Firmicutes,Bacillota,True,True,True
c12f7e2e3fb92f37dd8a532d2710933e,374,1.0,0.0,midas_g_230,,False,False,False,midas_f_230,,False,False,False,midas_o_230,,False,False,False,JS1,Atribacteria,False,False,True,Caldatribacteriota,Atribacterota,False,False,True
7741e484f93c21c4e051f33fc7b64f88,375,0.999,0.0,Propioniciclava,Propioniciclava,True,True,True,Propionibacteriaceae,Propionibacteriaceae,True,True,True,Propionibacteriales,Propionibacteriales,True,True,True,Actinobacteria,Actinomycetes,False,False,True,Actinobacteriota,Actinomycetota,False,False,True
2af9958fd7f71a6e23c081bc5ea32141,374,0.9966,0.0,midas_g_93557,,False,False,False,midas_f_12699,,False,False,False,vadinBA26,Dehalococcoidales,False,False,True,Dehalococcoidia,Dehalococcoidia,True,True,True,Chloroflexi,Chloroflexota,True,True,True
01606679d848223557a0c8b91904ad43,375,1.0,0.0,Microbacterium,Microbacterium,True,True,True,Microbacteriaceae,Microbacteriaceae,True,True,True,Micrococcales,Micrococcales,True,True,True,Actinobacteria,Actinomycetes,False,False,True,Actinobacteriota,Actinomycetota,False,False,True
d184ddaaff75a83d4d9ce5566685f125,372,1.0,0.0,nan,,False,False,False,Xanthobacteraceae,,False,False,True,Rhizobiales,,False,False,True,Alphaproteobacteria,Alphaproteobacteria,True,True,True,Proteobacteria,Pseudomonadota,True,True,True
a3d67e84fce8a7747f69e619a049f2b9,374,0.9961,0.0,Neochlamydia,,False,False,True,Parachlamydiaceae,,False,True,True,Chlamydiales,Chlamydiales,True,True,True,Chlamydiae,Chlamydiia,False,False,True,Verrucomicrobiota,Chlamydiota,False,True,True
4eb5a964054cfd611f6281b13f89c0d3,374,0.999,0.0,midas_g_114252,,False,False,False,midas_f_92558,,False,False,False,MSB-5E12,,False,False,True,Anaerolineae,Anaerolineae,True,True,True,Chloroflexi,Chloroflexota,True,True,True
87046e29904457e4619c87f36ff133f0,372,0.9976,0.0,Ca_Paracaedibacter,Candidatus Paracaedibacter,False,False,True,Paracaedibacteraceae,Candidatus Paracaedibacteraceae,False,False,True,Paracaedibacterales,Holosporales,False,False,True,Alphaproteobacteria,Alphaproteobacteria,True,True,True,Proteobacteria,Pseudomonadota,True,True,True
eed6f7421ac20fcc38b04e2b10d5351a,374,0.9966,,,,False,False,False,,,False,False,False,,,False,False,False,,,False,False,False,,Planctomycetota,False,False,False
a87d7bdde6fa3f21a9cfecf2831f86ad,378,1.0,,,,False,False,False,,,False,False,False,,Methanomicrobiales,False,False,False,,Methanomicrobia,False,False,False,,Methanobacteriota,False,False,False
0fd87e3cf3f118361bcb5de6a4bf2a71,390,0.8579,,,,False,False,False,,Atopobiaceae,False,False,False,,Coriobacteriales,False,False,False,,Coriobacteriia,False,False,False,,Actinomycetota,False,False,False
46156799234f2a8e18eb868be7da1d1a,373,0.998,0.0,nan,Dehalobacter,False,False,False,Syntrophobotulaceae,Desulfitobacteriaceae,False,False,True,Desulfitobacteriales,Eubacteriales,False,False,True,Desulfitobacteriia,Clostridia,False,False,True,Firmicutes,Bacillota,True,True,True
e9a0960d7d02f3ef158eaad301890820,378,0.9995,0.0,Methanobacterium,Methanobacterium,True,True,True,Methanobacteriaceae,Methanobacteriaceae,True,True,True,Methanobacteriales,Methanobacteriales,True,True,True,Methanobacteria,Methanobacteria,True,True,True,Euryarchaeota,Methanobacteriota,True,True,True
acf08b911fd8cbbc0d6ddfb595496383,372,0.9995,0.0,nan,,False,False,False,Alcaligenaceae,Alcaligenaceae,True,True,True,Burkholderiales,Burkholderiales,True,True,True,Gammaproteobacteria,Betaproteobacteria,False,False,True,Proteobacteria,Pseudomonadota,True,True,True
efbf6366dde7be4e10d52c16b61604d2,372,0.998,0.0,Pigmentiphaga,Allopusillimonas,False,True,True,Alcaligenaceae,Alcaligenaceae,True,True,True,Burkholderiales,Burkholderiales,True,True,True,Gammaproteobacteria,Betaproteobacteria,False,False,True,Proteobacteria,Pseudomonadota,True,True,True
2092628b1364caea9caa8bb32e494b85,374,1.0,0.0,Micropruina,Micropruina,True,True,True,Propionibacteriaceae,Nocardioidaceae,False,True,True,Propionibacteriales,Propionibacteriales,True,True,True,Actinobacteria,Actinomycetes,False,False,True,Actinobacteriota,Actinomycetota,False,False,True
b0c57e0ed7d0bca22ad86fa554a57a0c,366,1.0,0.0,Eubacterium,Eubacterium,True,True,True,Eubacteriaceae,Eubacteriaceae,True,True,True,Eubacteriales,Eubacteriales,True,True,True,Clostridia,Clostridia,True,True,True,Firmicutes,Bacillota,True,True,True
58ed3302b41e8d33d7b483d7c0d975f3,371,0.999,0.0,Thermovirga,,False,False,True,Synergistaceae,,False,True,True,Synergistales,,False,True,True,Synergistia,,False,True,True,Synergistota,Synergistota,True,True,True
93d4e77c702d14bae2ff583e94565370,374,0.9956,0.0,midas_g_114295,,False,False,False,midas_f_92789,,False,False,False,midas_o_92789,,False,False,False,midas_c_216,,False,False,False,Armatimonadota,Armatimonadota,True,True,True
efee85b044faa2ad388a0ad03caa1ab0,371,0.9985,0.0,midas_g_94213,Proteiniborus,False,False,False,Proteiniboraceae,,False,False,True,Peptostreptococcales-Tissierellales,Eubacteriales,False,False,True,Clostridia,Clostridia,True,True,True,Firmicutes,Bacillota,True,True,True
d16302bbd739ffc628c49803b25c8f6e,375,1.0,0.0,Mycobacterium,Mycobacterium,True,True,True,Mycobacteriaceae,Mycobacteriaceae,True,True,True,Corynebacteriales,Mycobacteriales,False,False,True,Actinobacteria,Actinomycetes,False,False,True,Actinobacteriota,Actinomycetota,False,False,True
eade9ffca2019fd37ceeefa62349cee5,375,0.9995,0.0,Propioniciclava,,False,True,True,Propionibacteriaceae,,False,True,True,Propionibacteriales,,False,True,True,Actinobacteria,,False,False,True,Actinobacteriota,Bacillota,False,False,True
5bd95b851799d453c141b62c55e27ef4,374,0.999,0.0,midas_g_467,,False,False,False,Anaerolineaceae,Anaerolineaceae,True,True,True,Anaerolineales,Anaerolineales,True,True,True,Anaerolineae,Anaerolineae,True,True,True,Chloroflexi,Chloroflexota,True,True,True
381bd0335293264d60f0d35fab6b5887,372,0.9995,0.0,midas_g_4582,,False,False,False,midas_f_4245,,False,False,False,RBG-13-54-9,,False,False,True,Anaerolineae,Anaerolineae,True,True,True,Chloroflexi,Chloroflexota,True,True,True
d62995b61a683553373d223efcb7aeaf,374,0.9966,0.0,Christensenellaceae_R-7_group,,False,False,True,Christensenellaceae,Christensenellaceae,True,True,True,Christensenellales,Christensenellales,True,True,True,Clostridia,Clostridia,True,True,True,Firmicutes,Bacillota,True,True,True
a8f1172cd5341236c5e2a3ced113b0b2,378,0.999,0.0,Methanospirillum,,False,True,True,Methanospirillaceae,,False,True,True,Methanomicrobiales,,False,True,True,Methanomicrobia,,False,True,True,Halobacterota,Methanobacteriota,False,False,True
566e2121e9bd3188a5c29f9c55607760,371,1.0,0.0,midas_g_33472,,False,False,False,Paludibacteraceae,,False,False,True,Bacteroidales,,False,True,True,Bacteroidia,,False,True,True,Bacteroidota,Bacteroidota,True,True,True
73e316aef3faef6abf714c6a2802f409,371,1.0,0.0,Acetomicrobium,,False,True,True,Synergistaceae,Spirochaetaceae,False,True,True,Synergistales,Spirochaetales,False,True,True,Synergistia,Spirochaetia,False,True,True,Synergistota,Spirochaetota,False,True,True
f67bfc33bddfbd4d03ce7ae694c2dcdc,370,1.0,,,,False,False,False,,Porphyromonadaceae,False,False,False,,Bacteroidales,False,False,False,,Bacteroidia,False,False,False,,Bacteroidota,False,False,False
fcfaeb95003823a7ffde76ba3c4c790b,372,1.0,0.0,nan,Ottowia,False,False,False,Comamonadaceae,Comamonadaceae,True,True,True,Burkholderiales,Burkholderiales,True,True,True,Gammaproteobacteria,Betaproteobacteria,False,False,True,Proteobacteria,Pseudomonadota,True,True,True
e7baf16c3258bdcf8af64b53aa373771,369,0.9985,0.0,nan,Andreesenella,False,False,False,nan,Natronincolaceae,False,False,False,Peptostreptococcales-Tissierellales,Peptostreptococcales,False,False,True,Clostridia,Clostridia,True,True,True,Firmicutes,Bacillota,True,True,True
2e4e10f885aac2233d05e4b46571c20d,371,1.0,0.0,Proteiniborus,Proteiniborus,True,True,True,Proteiniboraceae,,False,False,True,Peptostreptococcales-Tissierellales,Eubacteriales,False,False,True,Clostridia,Clostridia,True,True,True,Firmicutes,Bacillota,True,True,True
5efed3b185cd579740418a733b461740,375,1.0,0.0,midas_g_2020,,False,False,False,midas_f_67,,False,False,False,Saccharimonadales,,False,False,True,Saccharimonadia,,False,False,True,Patescibacteria,Candidatus Saccharimonadota,False,False,True
b2df4752917d048ab824271c02ad68aa,374,0.9976,0.0,Syntrophomonas,Cronobacter,False,True,True,Syntrophomonadaceae,Enterobacteriaceae,False,True,True,Syntrophomonadales,Enterobacterales,False,False,True,Syntrophomonadia,Gammaproteobacteria,False,False,True,Firmicutes,Pseudomonadota,False,True,True
fd49dfe5a86c187e08a334fd7e25ff60,374,0.9956,0.0,Caldicoprobacter,Clostridium,False,False,True,Caldicoprobacteraceae,Clostridiaceae,False,False,True,Caldicoprobacterales,Eubacteriales,False,False,True,Clostridia,Clostridia,True,True,True,Firmicutes,Bacillota,True,True,True
86399b4152e937777cee90ee980e53c7,374,1.0,0.0,Thauera,Geobacter,False,True,True,Rhodocyclaceae,Geobacteraceae,False,False,True,Burkholderiales,Geobacterales,False,False,True,Gammaproteobacteria,Desulfuromonadia,False,False,True,Proteobacteria,Thermodesulfobacteriota,False,True,True
fa4cca3abe5e2f19f3d66fd3eafc8011,372,1.0,0.0,Aminobacter,,False,True,True,Rhizobiaceae,,False,True,True,Rhizobiales,,False,False,True,Alphaproteobacteria,,False,True,True,Proteobacteria,Pseudomonadota,True,True,True
9a92a2c1cf0f15aa4804f00b70914004,375,0.9951,0.0,nan,,False,False,False,Isosphaeraceae,,False,True,True,Isosphaerales,Gemmatimonadales,False,True,True,Planctomycetes,Gemmatimonadia,False,False,True,Planctomycetota,Gemmatimonadota,False,True,True
89da33616fecea01a2dd1f560e309cd0,375,1.0,0.0,Aestuariimicrobium,,False,False,True,Propionibacteriaceae,,False,True,True,Propionibacteriales,,False,True,True,Actinobacteria,,False,False,True,Actinobacteriota,Actinomycetota,False,False,True
b04b7cec6f00435b186177833dba9e0c,369,0.9966,0.0,Tepidimicrobium,,False,True,True,Family_XI,,False,False,True,Peptostreptococcales-Tissierellales,Eubacteriales,False,False,True,Clostridia,Clostridia,True,True,True,Firmicutes,Bacillota,True,True,True
4c9b3fff08afb1135eafe0f7c7438032,372,0.9995,0.0,midas_g_1469,,False,False,False,midas_f_1469,Aggregatilineaceae,False,False,False,SBR1031,Aggregatilineales,False,False,True,Anaerolineae,Anaerolineae,True,True,True,Chloroflexi,Chloroflexota,True,True,True
e0d953cdee5c868270edabd2f2937909,374,0.999,0.0,midas_g_6489,,False,False,False,Anaerolineaceae,,False,True,True,Anaerolineales,,False,True,True,Anaerolineae,Chloroflexia,False,True,True,Chloroflexi,Chloroflexota,True,True,True
a40423754043874f0045e65d1035b1c5,372,0.9971,0.0,nan,,False,False,False,Hydrogenoanaerobacterium,,False,False,True,Oscillospirales,Eubacteriales,False,False,True,Clostridia,Clostridia,True,True,True,Firmicutes,Bacillota,True,True,True
66d1691a5a4a3c86712b725c3dec36de,374,0.998,0.0,nan,,False,False,False,Hungateiclostridiaceae,,False,False,True,Oscillospirales,Victivallales,False,False,True,Clostridia,Lentisphaeria,False,True,True,Firmicutes,Lentisphaerota,False,True,True
335d9330fb71ae0d90dd21af0c78d794,372,0.998,0.0,Allorhizobium-Neorhizobium-Pararhizobium-Rhizobium,Neorhizobium,False,False,True,Rhizobiaceae,Rhizobiaceae,True,True,True,Rhizobiales,Hyphomicrobiales,False,False,True,Alphaproteobacteria,Alphaproteobacteria,True,True,True,Proteobacteria,Pseudomonadota,True,True,True
dc34e8512b788fb682511c00370ee4c7,374,1.0,0.0,Pelotomaculum,,False,True,True,Pelotomaculaceae,Desulfotomaculaceae,False,False,True,Desulfotomaculales,Eubacteriales,False,False,True,Desulfotomaculia,Clostridia,False,False,True,Firmicutes,Bacillota,True,True,True
6eca1e8c47d098b26976cba1c2bfdfb8,389,0.9941,0.0,nan,Burkholderia,False,False,False,nan,Burkholderiaceae,False,False,False,Burkholderiales,Burkholderiales,True,True,True,Gammaproteobacteria,Betaproteobacteria,False,True,True,Proteobacteria,Pseudomonadota,True,True,True
877caa2770bea94625b47a0efd4dd338,370,0.999,0.0,Lentimicrobium,Lentimicrobium,True,True,True,Lentimicrobiaceae,Lentimicrobiaceae,True,True,True,Sphingobacteriales,Bacteroidales,False,False,True,Bacteroidia,Bacteroidia,True,True,True,Bacteroidota,Bacteroidota,True,True,True
9c1ee0993d66faee25a82385bd63bc0c,395,0.9966,,,Methanobacterium,False,False,False,,Methanobacteriaceae,False,False,False,,Methanobacteriales,False,False,False,,Methanobacteria,False,False,False,,Methanobacteriota,False,False,False
a0bbfb182e829dcd543eba20abe4bf13,375,1.0,0.0,Gordonia,Gordonia,True,True,True,Nocardiaceae,Gordoniaceae,False,False,True,Corynebacteriales,Mycobacteriales,False,False,True,Actinobacteria,Actinomycetes,False,False,True,Actinobacteriota,Actinomycetota,False,False,True
da07a733c6038de701a8f72af131d730,374,0.9956,0.0,midas_g_5792,,False,False,False,midas_f_5792,,False,False,False,RBG-13-54-9,,False,False,True,Anaerolineae,Chloroflexia,False,True,True,Chloroflexi,Chloroflexota,True,True,True
aca560400c046d00c063af6e4596f8d5,372,0.999,0.0,Lautropia,Lautropia,True,True,True,Burkholderiaceae,Burkholderiaceae,True,True,True,Burkholderiales,Burkholderiales,True,True,True,Gammaproteobacteria,Betaproteobacteria,False,False,True,Proteobacteria,Pseudomonadota,True,True,True
d7525471cb3f78ede0955ca2a32c1b66,374,0.9971,0.0,midas_g_5200,,False,False,False,Christensenellaceae,,False,False,True,Christensenellales,,False,True,True,Clostridia,Clostridia,True,True,True,Firmicutes,Bacillota,True,True,True
42ae4d6693b650ebbaac42e57113910e,372,0.999,0.0,Parvibaculum,Parvibaculum,True,True,True,Parvibaculaceae,Parvibaculaceae,True,True,True,Parvibaculales,Hyphomicrobiales,False,False,True,Alphaproteobacteria,Alphaproteobacteria,True,True,True,Proteobacteria,Pseudomonadota,True,True,True
33a48735e8b1a35f14da8e944eb0d73a,374,0.9971,0.0,midas_g_531,,False,False,False,midas_f_269,,False,False,False,Gaiellales,,False,False,True,Thermoleophilia,Actinomycetes,False,True,True,Actinobacteriota,Actinomycetota,False,False,True
42de4e368cca3ff50954f82c12dd5315,373,1.0,0.0,Ruminococcus,Ruminococcus,True,True,True,Ruminococcaceae,Oscillospiraceae,False,False,True,Oscillospirales,Eubacteriales,False,False,True,Clostridia,Clostridia,True,True,True,Firmicutes,Bacillota,True,True,True
f44234fea5a65dfa65edd4c8b6babf37,370,0.9976,0.0,Fermentimonas,,False,True,True,Dysgonomonadaceae,,False,True,True,Bacteroidales,,False,True,True,Bacteroidia,,False,True,True,Bacteroidota,Bacillota,False,True,True
d73a01cf4394c6ce1b6f91249a590671,372,0.9946,0.0,midas_g_33613,Pseudomonas,False,False,False,midas_f_8404,Pseudomonadaceae,False,False,False,1013-28-CG33,Pseudomonadales,False,False,True,Gammaproteobacteria,Gammaproteobacteria,True,True,True,Proteobacteria,Pseudomonadota,True,True,True
9298ac3ee3ca7f2d3eb2fcd739324462,373,1.0,0.0,Clostridium_sensu_stricto_1,Clostridium,False,False,True,Clostridiaceae,Clostridiaceae,True,True,True,Clostridiales,Eubacteriales,False,False,True,Clostridia,Clostridia,True,True,True,Firmicutes,Bacillota,True,True,True
1f56ffc2734d7ef8efb20201a6700725,374,0.9995,0.0,midas_g_3338,,False,False,False,midas_f_2573,,False,False,False,Gaiellales,,False,False,True,Thermoleophilia,,False,True,True,Actinobacteriota,Actinomycetota,False,False,True
4f991b9a87b25e13c75f8eb888f9f7be,374,0.9932,0.0,midas_g_100193,,False,False,False,Caldicoprobacteraceae,,False,False,True,Caldicoprobacterales,,False,False,True,Clostridia,Clostridia,True,True,True,Firmicutes,Bacillota,True,True,True
d2340f2964ea2cff3448b5ce82aa29af,376,0.9937,0.0,midas_g_26712,,False,False,False,midas_f_3187,,False,False,False,midas_o_147,,False,False,False,Gammaproteobacteria,Gammaproteobacteria,True,True,True,Proteobacteria,Pseudomonadota,True,True,True
c09305c29479546a081817c3df4019cc,375,1.0,0.0,Gordonia,Gordonia,True,True,True,Nocardiaceae,Gordoniaceae,False,False,True,Corynebacteriales,Mycobacteriales,False,False,True,Actinobacteria,Actinomycetes,False,False,True,Actinobacteriota,Actinomycetota,False,False,True
18e8b2bd0c2318ff13208d8febed727a,372,1.0,0.0,Castellaniella,Castellaniella,True,True,True,Alcaligenaceae,Alcaligenaceae,True,True,True,Burkholderiales,Burkholderiales,True,True,True,Gammaproteobacteria,Betaproteobacteria,False,False,True,Proteobacteria,Pseudomonadota,True,True,True
febbb96bc35744a5fc6936e547e3041c,372,0.9995,0.0,Phenylobacterium,Agrobacterium,False,True,True,Caulobacteraceae,Rhizobiaceae,False,True,True,Caulobacterales,Hyphomicrobiales,False,True,True,Alphaproteobacteria,Alphaproteobacteria,True,True,True,Proteobacteria,Pseudomonadota,True,True,True
fd29bda0b56df34282a38393c8fbcbca,371,0.9946,0.0,nan,Constrictibacter,False,False,False,nan,Allostellaceae,False,False,False,nan,Rhodospirillales,False,False,False,Alphaproteobacteria,Alphaproteobacteria,True,True,True,Proteobacteria,Pseudomonadota,True,True,True
6c3396e9340561a2aa366046cad19f86,373,0.9912,0.0,midas_g_6182,,False,False,False,midas_f_5792,,False,False,False,RBG-13-54-9,,False,False,True,Anaerolineae,Anaerolineae,True,True,True,Chloroflexi,Chloroflexota,True,True,True
a50b9465cd3e7850eae2011497a4f41b,374,0.9985,0.0,Smithella,,False,True,True,Smithellaceae,,False,True,True,Syntrophales,,False,True,True,Syntrophia,Myxococcia,False,True,True,Desulfobacterota,Myxococcota,False,False,True
c70fe7d64a90f53b96f959c4469709ac,374,0.9951,0.0,midas_g_114992,Natranaerobius,False,False,False,Dethiobacteraceae,Natranaerobiaceae,False,False,True,Dethiobacterales,Natranaerobiales,False,False,True,Dethiobacteria,Clostridia,False,False,True,Firmicutes,Bacillota,True,True,True
16e2c25bdcba26035d7e90f7902d9aea,373,0.9956,0.0,NK4A214_group,,False,False,True,Oscillospiraceae,Oscillospiraceae,True,True,True,Oscillospirales,Eubacteriales,False,False,True,Clostridia,Clostridia,True,True,True,Firmicutes,Bacillota,True,True,True
3d38b9626585c206c30b9e38e025ac32,373,0.998,0.0,Ca_Dichloromethanomonas,Gracilibacter,False,False,True,Syntrophobotulaceae,Gracilibacteraceae,False,False,True,Desulfitobacteriales,Eubacteriales,False,False,True,Desulfitobacteriia,Clostridia,False,False,True,Firmicutes,Bacillota,True,True,True
e11faaea7fe3b63b13f607b41aea228a,374,0.998,0.0,Syntrophomonas,Syntrophomonas,True,True,True,Syntrophomonadaceae,Syntrophomonadaceae,True,True,True,Syntrophomonadales,Eubacteriales,False,False,True,Syntrophomonadia,Clostridia,False,False,True,Firmicutes,Bacillota,True,True,True
b42de67c23c492ca5f7c49025c6364a4,374,0.999,0.0,Syntrophomonas,Cronobacter,False,True,True,Syntrophomonadaceae,Enterobacteriaceae,False,True,True,Syntrophomonadales,Enterobacterales,False,False,True,Syntrophomonadia,Gammaproteobacteria,False,False,True,Firmicutes,Pseudomonadota,False,True,True
49eabe5ac42dea1466d651d64825b6c6,374,0.998,0.0,Proteiniclasticum,,False,True,True,Clostridiaceae,Clostridiaceae,True,True,True,Clostridiales,Eubacteriales,False,False,True,Clostridia,Clostridia,True,True,True,Firmicutes,Bacillota,True,True,True
68d8ed7c8b41a1f6e461674c4d220b5a,375,0.9995,0.0,Mycobacterium,Mycobacterium,True,True,True,Mycobacteriaceae,Mycobacteriaceae,True,True,True,Corynebacteriales,Mycobacteriales,False,False,True,Actinobacteria,Actinomycetes,False,False,True,Actinobacteriota,Actinomycetota,False,False,True
52fc77f20545190663b74a1784361e4e,371,0.9985,0.0,midas_g_762,,False,False,False,Synergistaceae,Aminobacteriaceae,False,True,True,Synergistales,Synergistales,True,True,True,Synergistia,Synergistia,True,True,True,Synergistota,Synergistota,True,True,True
08beb3b3788f0fb047aa7b0b035a64a6,374,0.999,0.0,Christensenellaceae_R-7_group,,False,False,True,Christensenellaceae,Christensenellaceae,True,True,True,Christensenellales,Christensenellales,True,True,True,Clostridia,Clostridia,True,True,True,Firmicutes,Bacillota,True,True,True
4d5eeba41b7a507f54023d01ce1fb31a,372,0.9976,0.0,midas_g_249,,False,False,False,Synergistaceae,,False,True,True,Synergistales,,False,True,True,Synergistia,Bacteroidia,False,True,True,Synergistota,Bacteroidota,False,True,True
94acc4dffe893d4a1b62a868448573db,374,0.9951,0.0,midas_g_115815,Hydrogenispora,False,False,False,Limnochordaceae,,False,False,True,Limnochordales,,False,False,True,Limnochordia,,False,False,True,Firmicutes,Bacillota,True,True,True
772c51fc3d0fb2e1bcaeda2b528c17cc,372,0.9961,0.0,Ca_Alysiosphaera,,False,False,True,Geminicoccaceae,,False,True,True,Tistrellales,,False,False,True,Alphaproteobacteria,Alphaproteobacteria,True,True,True,Proteobacteria,Pseudomonadota,True,True,True
15baec8488957bacb3136134000dc93a,375,0.9995,0.0,midas_g_765,Candidatus Humimicrobium,False,False,False,midas_f_765,Candidatus Humimicrobiaceae,False,False,False,midas_o_765,Candidatus Humimicrobiales,False,False,False,WCHB1-81,Candidatus Humimicrobiia,False,False,True,Actinobacteriota,Actinomycetota,False,False,True
0b242442423fe54f3e1fe7622100a61b,374,0.9966,0.0,nan,,False,False,False,Hungateiclostridiaceae,,False,False,True,Oscillospirales,,False,False,True,Clostridia,,False,True,True,Firmicutes,Bacillota,True,True,True
53d778933f79cf1ec135398e25b5e962,372,1.0,0.0,Diaphorobacter,Diaphorobacter,True,True,True,Comamonadaceae,Comamonadaceae,True,True,True,Burkholderiales,Burkholderiales,True,True,True,Gammaproteobacteria,Betaproteobacteria,False,False,True,Proteobacteria,Pseudomonadota,True,True,True
8cb7080de6341945037ef5d1e8e8593a,372,0.999,0.0,midas_g_534,,False,False,False,Beijerinckiaceae,,False,True,True,Rhizobiales,,False,False,True,Alphaproteobacteria,Alphaproteobacteria,True,True,True,Proteobacteria,Pseudomonadota,True,True,True
1e3f1ba7e9eb6d326f7f7ea4792b1680,374,0.9971,0.0,midas_g_96353,,False,False,False,midas_f_5792,,False,False,False,RBG-13-54-9,,False,False,True,Anaerolineae,Anaerolineae,True,True,True,Chloroflexi,Chloroflexota,True,True,True
c574f4c451bc5662da17b3af8d5ebf44,372,0.9985,0.0,nan,Aquamicrobium,False,False,False,Rhizobiaceae,Phyllobacteriaceae,False,False,True,Rhizobiales,Hyphomicrobiales,False,False,True,Alphaproteobacteria,Alphaproteobacteria,True,True,True,Proteobacteria,Pseudomonadota,True,True,True
e7a9beba4bfa0731ea9d0fa90bb065e3,374,0.9956,0.0,midas_g_50433,Legionella,False,False,False,Legionellaceae,Legionellaceae,True,True,True,Legionellales,Legionellales,True,True,True,Gammaproteobacteria,Gammaproteobacteria,True,True,True,Proteobacteria,Pseudomonadota,True,True,True
c89a45b41422aafe60c0768f7c417017,374,0.9961,0.0,nan,Halothermothrix,False,False,False,midas_f_112,Halothermotrichaceae,False,False,False,MBA03,Halanaerobiales,False,False,True,Limnochordia,Clostridia,False,False,True,Firmicutes,Bacillota,True,True,True
c2baae149e8c7b36f47fe4bf2356f1f7,367,0.9858,0.0,nan,Candidatus Carsonella,False,False,False,nan,Halomonadaceae,False,False,False,nan,Oceanospirillales,False,False,False,nan,Gammaproteobacteria,False,False,False,nan,Pseudomonadota,False,False,False
d42056f27a6c002a2241048c320f9aa8,374,0.9985,0.0,Christensenellaceae_R-7_group,,False,False,True,Christensenellaceae,Christensenellaceae,True,True,True,Christensenellales,Christensenellales,True,True,True,Clostridia,Clostridia,True,True,True,Firmicutes,Bacillota,True,True,True
3746a611252a01f39ad4eba5428d1daa,374,0.9971,0.0,Legionella,Legionella,True,True,True,Legionellaceae,Legionellaceae,True,True,True,Legionellales,Legionellales,True,True,True,Gammaproteobacteria,Gammaproteobacteria,True,True,True,Proteobacteria,Pseudomonadota,True,True,True
dcf22aafce62a2d9046206ed47c5479e,374,0.9961,0.0,midas_g_7298,,False,False,False,Moraxellaceae,,False,False,True,Pseudomonadales,,False,True,True,Gammaproteobacteria,Gammaproteobacteria,True,True,True,Proteobacteria,Pseudomonadota,True,True,True
c040c750c7a9e9bdd14a5ee18b3c3b5b,377,0.9985,0.0,Ca_Methanoplasma,Candidatus Methanoplasma,False,False,True,Methanomethylophilaceae,Methanomassiliicoccaceae,False,True,True,Methanomassiliicoccales,Methanomassiliicoccales,True,True,True,Thermoplasmata,Thermoplasmata,True,True,True,Thermoplasmatota,Thermoplasmatota,True,True,True
121322a4bdcd6f088390c57de15de7ae,373,0.9995,0.0,Novosphingobium,Novosphingobium,True,True,True,Sphingomonadaceae,Sphingomonadaceae,True,True,True,Sphingomonadales,Sphingomonadales,True,True,True,Alphaproteobacteria,Alphaproteobacteria,True,True,True,Proteobacteria,Pseudomonadota,True,True,True
f344d4281112bb7cf5358c04fda869ee,370,1.0,0.0,midas_g_1791,,False,False,False,Dysgonomonadaceae,,False,True,True,Bacteroidales,Bacteroidales,True,True,True,Bacteroidia,Bacteroidia,True,True,True,Bacteroidota,Bacteroidota,True,True,True
04270fc1464453e2e7d9a43ae00168b6,375,0.999,,,Rhodococcus,False,False,False,,Nocardiaceae,False,False,False,,Mycobacteriales,False,False,False,,Actinomycetes,False,False,False,,Actinomycetota,False,False,False
c8cd270702fe338a1a9d8cba7c850177,369,0.9995,0.0,Sedimentibacter,Sedimentibacter,True,True,True,Sedimentibacteraceae,,False,False,True,Peptostreptococcales-Tissierellales,,False,False,True,Clostridia,Tissierellia,False,True,True,Firmicutes,Bacillota,True,True,True
27eca4697c28c0d2d71d89a89895ea98,373,0.9966,0.0,nan,,False,False,False,Eubacterium_coprostanoligenes_group,,False,False,True,Oscillospirales,Eubacteriales,False,False,True,Clostridia,Clostridia,True,True,True,Firmicutes,Bacillota,True,True,True
6d56db03597652c712579ef83511cad9,374,0.999,0.0,Ca_Obscuribacter,Candidatus Obscuribacter,False,False,True,Obscuribacteraceae,Candidatus Obscuribacteraceae,False,False,True,Obscuribacterales,Candidatus Obscuribacterales,False,False,True,Vampirivibrionia,,False,False,True,Cyanobacteria,Candidatus Melainabacteria,False,False,True
cd259dd13e5a8f79134e1c102c1c80ef,371,1.0,,,,False,False,False,,Saprospiraceae,False,False,False,,Saprospirales,False,False,False,,Saprospiria,False,False,False,,Bacteroidota,False,False,False
33bd910369d558fc1d433d0cc22aabdc,373,1.0,,,,False,False,False,,Syntrophorhabdaceae,False,False,False,,Syntrophorhabdales,False,False,False,,Syntrophorhabdia,False,False,False,,Thermodesulfobacteriota,False,False,False
a238153d3168c0f00aeb8fb5d90d7e0c,388,0.9961,0.0,Lentimicrobium,Lentimicrobium,True,True,True,Lentimicrobiaceae,Lentimicrobiaceae,True,True,True,Sphingobacteriales,Bacteroidales,False,False,True,Bacteroidia,Bacteroidia,True,True,True,Bacteroidota,Bacteroidota,True,True,True
8a6710c4c8b9696b21805aa0a6d72a46,372,0.998,0.0,nan,,False,False,False,Christensenellaceae,,False,True,True,Christensenellales,Christensenellales,True,True,True,Clostridia,Clostridia,True,True,True,Firmicutes,Bacillota,True,True,True
e7891537521872e90b0e0f41517de633,375,0.999,0.0,midas_g_7837,,False,False,False,midas_f_7837,,False,False,False,midas_o_4245,,False,False,False,Anaerolineae,,False,True,True,Chloroflexi,Chloroflexota,True,True,True
251d66e77274e5b7d1eaf61e407f04b8,374,0.9976,0.0,nan,,False,False,False,Peptococcaceae,,False,False,True,Peptococcales,,False,False,True,Clostridia,,False,True,True,Firmicutes,Bacillota,True,True,True
4343b6b7da6bae2055762dad082dd651,376,1.0,0.0,Pseudonocardia,,False,True,True,Pseudonocardiaceae,,False,True,True,Pseudonocardiales,,False,True,True,Actinobacteria,,False,False,True,Actinobacteriota,Actinomycetota,False,False,True
c62f274f92e56d9b16a9a143e797b5b3,372,0.9922,0.0,nan,,False,False,False,nan,,False,False,False,nan,,False,False,False,nan,,False,False,False,Firmicutes,Bacillota,True,True,True
91b0e901cfecbf218fbaa882071bc0ff,374,0.9976,0.0,Thermomonas,Thermomonas,True,True,True,Xanthomonadaceae,Lysobacteraceae,False,False,True,Xanthomonadales,Lysobacterales,False,False,True,Gammaproteobacteria,Gammaproteobacteria,True,True,True,Proteobacteria,Pseudomonadota,True,True,True
ecd12a77d93a65ff85078c4d7ebb17e0,376,0.9961,0.0,midas_g_7648,,False,False,False,midas_f_2296,,False,False,False,midas_o_796,,False,False,False,midas_c_796,,False,False,False,WS1,Armatimonadota,False,False,True
f84aa5ec0c6a8702f634b0fed4bb56e0,372,1.0,0.0,nan,Reyranella,False,False,False,Rhizobiaceae,Reyranellaceae,False,True,True,Rhizobiales,Hyphomicrobiales,False,False,True,Alphaproteobacteria,Alphaproteobacteria,True,True,True,Proteobacteria,Pseudomonadota,True,True,True
9a6b3fef0385b0cecd4738a2225f02b8,374,0.9971,0.0,Neochlamydia,,False,False,True,Parachlamydiaceae,,False,True,True,Chlamydiales,Chlamydiales,True,True,True,Chlamydiae,Chlamydiia,False,False,True,Verrucomicrobiota,Chlamydiota,False,True,True
5d5a00cbe740978e207ba76ea09857ce,374,0.9966,0.0,Christensenellaceae_R-7_group,,False,False,True,Christensenellaceae,,False,False,True,Christensenellales,,False,True,True,Clostridia,Clostridia,True,True,True,Firmicutes,Bacillota,True,True,True
725fa7e245b8733a5fc9a4224886b669,373,1.0,0.0,Roseomonas,,False,True,True,Acetobacteraceae,,False,True,True,Acetobacterales,,False,True,True,Alphaproteobacteria,Alphaproteobacteria,True,True,True,Proteobacteria,Pseudomonadota,True,True,True
5c9352f85a03deadbc046bcced83740a,372,0.9995,0.0,Mesorhizobium,Mesorhizobium,True,True,True,Rhizobiaceae,Phyllobacteriaceae,False,True,True,Rhizobiales,Hyphomicrobiales,False,False,True,Alphaproteobacteria,Alphaproteobacteria,True,True,True,Proteobacteria,Pseudomonadota,True,True,True
a012a92141e089dd0e178bc46889f8bd,378,0.9834,0.0,nan,Candidatus Hodgkinia,False,False,False,nan,,False,False,False,nan,Hyphomicrobiales,False,False,False,nan,Alphaproteobacteria,False,False,False,nan,Pseudomonadota,False,False,False
84e4f817f54ee2f5785d8caa8c371879,372,0.9995,0.0,Nordella,,False,False,True,Rhodobacteraceae,,False,False,True,Rhodobacterales,Hyphomicrobiales,False,False,True,Alphaproteobacteria,Alphaproteobacteria,True,True,True,Proteobacteria,Pseudomonadota,True,True,True
e4bf10681d4b03152f1aded69bd8e7ab,376,0.9995,0.0,midas_g_3218,,False,False,False,Ilumatobacteraceae,,False,False,True,Microtrichales,,False,False,True,Acidimicrobiia,Actinomycetes,False,True,True,Actinobacteriota,Actinomycetota,False,False,True
4876b86f5480b63093b5ed493010d622,374,0.9966,0.0,midas_g_216,,False,False,False,midas_f_216,,False,False,False,midas_o_216,,False,False,False,midas_c_216,,False,False,False,Armatimonadota,,False,True,True
02e328ecac1fdf0f63bb40991465112b,344,0.9829,0.0,nan,,False,False,False,nan,Flavobacteriaceae,False,False,False,nan,Flavobacteriales,False,False,False,nan,Flavobacteriia,False,False,False,nan,Bacteroidota,False,False,False
644c14744299b1aa46a195610c9f1a6f,374,1.0,0.0,midas_g_52,,False,False,False,67-14,,False,False,True,Solirubrobacterales,Solirubrobacterales,True,True,True,Thermoleophilia,Thermoleophilia,True,True,True,Actinobacteriota,Actinomycetota,False,False,True
a5101276605bf3210b0c5801215f4c48,374,0.998,0.0,Nitrosomonas,Nitrosomonas,True,True,True,Nitrosomonadaceae,Nitrosomonadaceae,True,True,True,Burkholderiales,Nitrosomonadales,False,True,True,Gammaproteobacteria,Betaproteobacteria,False,False,True,Proteobacteria,Pseudomonadota,True,True,True
ae89ff1c2542cc18bae68e862b05609c,372,1.0,0.0,Rhodobacter,Ruixingdingia,False,True,True,Rhodobacteraceae,Paracoccaceae,False,False,True,Rhodobacterales,Rhodobacterales,True,True,True,Alphaproteobacteria,Alphaproteobacteria,True,True,True,Proteobacteria,Pseudomonadota,True,True,True
2214bdd7fed5c53d6959f3201478166e,372,0.999,0.0,nan,Pseudaminobacter,False,False,False,Rhizobiaceae,Phyllobacteriaceae,False,False,True,Rhizobiales,Hyphomicrobiales,False,False,True,Alphaproteobacteria,Alphaproteobacteria,True,True,True,Proteobacteria,Pseudomonadota,True,True,True
e12d0786351086c693d56af70d0e9234,372,0.9995,0.0,Limnobacter,,False,False,True,Burkholderiaceae,Burkholderiaceae,True,True,True,Burkholderiales,Burkholderiales,True,True,True,Gammaproteobacteria,Betaproteobacteria,False,True,True,Proteobacteria,Pseudomonadota,True,True,True
518fef19dd285b8a7bfa02d31a2290a5,372,0.9995,0.0,nan,Microcoleus,False,False,False,Rhodobacteraceae,Microcoleaceae,False,False,True,Rhodobacterales,Oscillatoriales,False,True,True,Alphaproteobacteria,Cyanophyceae,False,True,True,Proteobacteria,Cyanobacteriota,False,True,True
0789f0701b19d9a2a240b29e42e64d0d,372,0.999,0.0,nan,Alicycliphilus,False,False,False,Comamonadaceae,Comamonadaceae,True,True,True,Burkholderiales,Burkholderiales,True,True,True,Gammaproteobacteria,Betaproteobacteria,False,False,True,Proteobacteria,Pseudomonadota,True,True,True
493cc79d93c8003efb9369ab256e65f4,374,0.9956,0.0,Neochlamydia,,False,False,True,Parachlamydiaceae,Parachlamydiaceae,True,True,True,Chlamydiales,Parachlamydiales,False,False,True,Chlamydiae,Chlamydiia,False,False,True,Verrucomicrobiota,Chlamydiota,False,False,True
58bd12d54ddade76b08e3fc252745a97,374,1.0,0.0,Tepidanaerobacter_acetatoxydans_Re1,,False,False,True,Tepidanaerobacter,Spirochaetaceae,False,False,True,Thermovenabulales,Spirochaetales,False,False,True,Thermovenabulia,Spirochaetia,False,False,True,Firmicutes,Spirochaetota,False,True,True
25345b8ad2ecd33d152d19f3c03992b4,374,0.9976,0.0,nan,,False,False,False,Peptococcaceae,Clostridiaceae,False,True,True,Peptococcales,Eubacteriales,False,False,True,Clostridia,Clostridia,True,True,True,Firmicutes,Bacillota,True,True,True
a1efc5abbff6d352054a4329b15a1abf,389,0.998,0.0,Paraclostridium,Paraclostridium,True,True,True,Peptostreptococcaceae,Peptostreptococcaceae,True,True,True,Peptostreptococcales-Tissierellales,Peptostreptococcales,False,False,True,Clostridia,Clostridia,True,True,True,Firmicutes,Bacillota,True,True,True
a9c824dcc1edf7518389d9eec8ed0ebb,373,1.0,,,,False,False,False,,,False,False,False,,,False,False,False,,,False,False,False,,Thermotogota,False,False,False
46fee31d0f6a84fb0a222d0bfd33112c,374,0.9985,,,,False,False,False,,,False,False,False,,,False,False,False,,Deltaproteobacteria,False,False,False,,,False,False,False
19613ecfc91f120baac60fa4fb5eba79,371,0.9951,,,Sinanaerobacter,False,False,False,,Anaerovoracaceae,False,False,False,,Peptostreptococcales,False,False,False,,Clostridia,False,False,False,,Bacillota,False,False,False
810035b7569c83b87fcb45b0c3fa51be,378,0.998,0.0,Methanobacterium,Methanobacterium,True,True,True,Methanobacteriaceae,Methanobacteriaceae,True,True,True,Methanobacteriales,Methanobacteriales,True,True,True,Methanobacteria,Methanobacteria,True,True,True,Euryarchaeota,Methanobacteriota,True,True,True
674620811839f7b3abae4475a2cbd1fd,372,0.9995,0.0,Afipia,,False,True,True,Xanthobacteraceae,,False,False,True,Rhizobiales,,False,False,True,Alphaproteobacteria,,False,True,True,Proteobacteria,Pseudomonadota,True,True,True
eb0ccdfb925b4aa269b4e3d6848c7b32,373,0.9927,0.0,midas_g_4772,Dysosmobacter,False,False,False,UCG-010,Oscillospiraceae,False,False,True,Oscillospirales,Eubacteriales,False,False,True,Clostridia,Clostridia,True,True,True,Firmicutes,Bacillota,True,True,True
0bc59e74450baf62ec83784e80a61aa5,374,0.9976,0.0,nan,,False,False,False,Hungateiclostridiaceae,,False,False,True,Oscillospirales,Victivallales,False,False,True,Clostridia,Lentisphaeria,False,True,True,Firmicutes,Lentisphaerota,False,True,True
43b083f9636dbce1742a5107ad053584,374,1.0,0.0,midas_g_467,,False,False,False,Anaerolineaceae,Anaerolineaceae,True,True,True,Anaerolineales,Anaerolineales,True,True,True,Anaerolineae,Anaerolineae,True,True,True,Chloroflexi,Chloroflexota,True,True,True
1a73a1f0fd4682636a6566496ba342c6,372,0.999,0.0,Hyphomicrobium,Hyphomicrobium,True,True,True,Hyphomicrobiaceae,Hyphomicrobiaceae,True,True,True,Rhizobiales,Hyphomicrobiales,False,False,True,Alphaproteobacteria,Alphaproteobacteria,True,True,True,Proteobacteria,Pseudomonadota,True,True,True
e5092df44ebdb6698c9fde3cdfb19ceb,376,1.0,0.0,IMCC26207,,False,False,True,Microtrichaceae,Microthrixaceae,False,False,True,Microtrichales,Acidimicrobiales,False,False,True,Acidimicrobiia,Acidimicrobiia,True,True,True,Actinobacteriota,Actinomycetota,False,False,True
4a70dcab1da10b99743b8b5298cd2f6f,374,1.0,0.0,midas_g_52,,False,False,False,67-14,,False,False,True,Solirubrobacterales,,False,True,True,Thermoleophilia,Actinomycetes,False,True,True,Actinobacteriota,Actinomycetota,False,False,True
c3fb8f32d5ff76839b6ffcee6dd67328,369,0.9985,0.0,Sedimentibacter,Desulfitobacterium,False,True,True,Sedimentibacteraceae,Desulfitobacteriaceae,False,False,True,Peptostreptococcales-Tissierellales,Eubacteriales,False,False,True,Clostridia,Clostridia,True,True,True,Firmicutes,Bacillota,True,True,True
96a0d03e75930560abfccfea17f4410f,372,0.9985,0.0,midas_g_13,,False,False,False,midas_f_13,,False,False,False,midas_o_13,,False,False,False,D8A-2,,False,False,True,Firmicutes,Synergistota,False,True,True
08d10673b70f3d8b078a149a25d94b19,374,1.0,0.0,midas_g_547,,False,False,False,midas_f_547,,False,False,False,midas_o_395,,False,False,False,midas_c_206,,False,False,False,WPS-2,Vulcanimicrobiota,False,False,True
8b07adb150b7469eafc89ddb46a9bef2,372,1.0,0.0,Pseudaminobacter,Mesorhizobium,False,True,True,Rhizobiaceae,Phyllobacteriaceae,False,True,True,Rhizobiales,Hyphomicrobiales,False,False,True,Alphaproteobacteria,Alphaproteobacteria,True,True,True,Proteobacteria,Pseudomonadota,True,True,True
8d941eda8589ac6399b9a5eea473711c,378,1.0,0.0,Methanobacterium,Methanobacterium,True,True,True,Methanobacteriaceae,Methanobacteriaceae,True,True,True,Methanobacteriales,Methanobacteriales,True,True,True,Methanobacteria,Methanobacteria,True,True,True,Euryarchaeota,Methanobacteriota,True,True,True
4708a77110c6f82083fb0f0e64026556,375,1.0,0.0,nan,Streptomyces,False,False,False,nan,Streptomycetaceae,False,False,False,nan,Kitasatosporales,False,False,False,Actinobacteria,Actinomycetes,False,False,True,Actinobacteriota,Actinomycetota,False,False,True
f2a6e7637c20fbb79c069489fc527053,378,0.999,0.0,Methanobacterium,,False,True,True,Methanobacteriaceae,Methanobacteriaceae,True,True,True,Methanobacteriales,Methanobacteriales,True,True,True,Methanobacteria,Methanobacteria,True,True,True,Euryarchaeota,Methanobacteriota,True,True,True
fcd440ee90ed7a838d67a52025c2c7d6,374,0.9971,0.0,midas_g_62395,,False,False,False,JG30-KF-CM45,,False,False,True,Thermomicrobiales,,False,False,True,Chloroflexia,Chloroflexia,True,True,True,Chloroflexi,Chloroflexota,True,True,True
e335570f65a3bc3a849f355ac1698181,374,1.0,0.0,midas_g_5245,,False,False,False,midas_f_5245,,False,False,False,midas_o_5245,,False,False,False,Berkelbacteria,,False,False,True,Patescibacteria,Bacteroidota,False,False,True
49eeeeee727d06a37cada5eee00468b5,370,0.9985,0.0,nan,,False,False,False,Bacteroidetes_vadinHA17,,False,False,True,Bacteroidales,Bacteroidales,True,True,True,Bacteroidia,Bacteroidia,True,True,True,Bacteroidota,Bacteroidota,True,True,True
287ba0fdb084dd16e803afd5ad536460,372,0.9985,0.0,Clostridium_sensu_stricto_7,Clostridium,False,False,True,Clostridiaceae,Clostridiaceae,True,True,True,Clostridiales,Eubacteriales,False,False,True,Clostridia,Clostridia,True,True,True,Firmicutes,Bacillota,True,True,True
da8011c670ba64a99498171a2ba72892,371,0.9932,0.0,midas_g_19829,,False,False,False,Caloramatoraceae,,False,False,True,Clostridiales,,False,False,True,Clostridia,,False,True,True,Firmicutes,Bacillota,True,True,True
0cbc4442a6e5bf5a92171dc5905f3124,369,0.999,0.0,nan,Gudongella,False,False,False,Family_XI,Tissierellaceae,False,False,True,Peptostreptococcales-Tissierellales,Tissierellales,False,False,True,Clostridia,Tissierellia,False,True,True,Firmicutes,Bacillota,True,True,True
e93433e87baa0b69a6daa419d5c52acb,389,0.9937,0.0,Bacillus,Bacillus,True,True,True,Bacillaceae,Bacillaceae,True,True,True,Bacillales,Caryophanales,False,False,True,Bacilli,Bacilli,True,True,True,Firmicutes,Bacillota,True,True,True
2871f7c0a608cd90fc35f64431456aa1,370,0.9985,0.0,Lentimicrobium,Lentimicrobium,True,True,True,Lentimicrobiaceae,Lentimicrobiaceae,True,True,True,Sphingobacteriales,Bacteroidales,False,False,True,Bacteroidia,Bacteroidia,True,True,True,Bacteroidota,Bacteroidota,True,True,True
a1f21db1df1536b5a1147e9ffb486b61,371,0.998,0.0,midas_g_75908,Crassaminicella,False,False,False,Serpentinicella,Clostridiaceae,False,False,True,Peptostreptococcales-Tissierellales,Eubacteriales,False,False,True,Clostridia,Clostridia,True,True,True,Firmicutes,Bacillota,True,True,True
be3beb705ba2502ce1c0a3ac0b24feb3,374,0.9966,0.0,midas_g_103447,,False,False,False,UCG-010,Oscillospiraceae,False,False,True,Oscillospirales,Eubacteriales,False,False,True,Clostridia,Clostridia,True,True,True,Firmicutes,Bacillota,True,True,True
c68beead78f4f3b46f10ea9998c1bff7,374,0.9912,0.0,nan,,False,False,False,Anaeromyxobacteraceae,,False,True,True,Myxococcales,,False,True,True,Myxococcia,Deltaproteobacteria,False,True,True,Myxococcota,,False,True,True
cea1ad1aac0bb510c18d3f96c1aec560,373,0.9976,0.0,nan,Intestinimonas,False,False,False,Oscillospiraceae,,False,True,True,Oscillospirales,Eubacteriales,False,False,True,Clostridia,Clostridia,True,True,True,Firmicutes,Bacillota,True,True,True
60ec6b41425f294ba92e7b2f8cc23289,344,0.9849,0.0,nan,,False,False,False,nan,Flavobacteriaceae,False,False,False,nan,Flavobacteriales,False,False,False,nan,Flavobacteriia,False,False,False,nan,Bacteroidota,False,False,False
495f0278f21e9c70f64f973cab973d03,374,0.9985,0.0,nan,,False,False,False,midas_f_216,,False,False,False,midas_o_216,,False,False,False,midas_c_216,,False,False,False,Armatimonadota,Armatimonadota,True,True,True
8f6a4548e8c753fccd437d31436c020d,374,0.9956,0.0,nan,,False,False,False,midas_f_112,,False,False,False,MBA03,,False,False,True,Limnochordia,,False,False,True,Firmicutes,Bacillota,True,True,True
1d5bff435ad12cc1e038dc5444d157c0,374,0.999,0.0,Ruminiclostridium,Ruminiclostridium,True,True,True,Hungateiclostridiaceae,Oscillospiraceae,False,False,True,Oscillospirales,Eubacteriales,False,False,True,Clostridia,Clostridia,True,True,True,Firmicutes,Bacillota,True,True,True
838197ea99c414fe3d5129775a734245,369,0.999,0.0,Alkaliphilus_crotonatoxidans,Alkaliphilus,False,False,True,Alkaliphilus,Natronincolaceae,False,False,True,Peptostreptococcales-Tissierellales,Peptostreptococcales,False,False,True,Clostridia,Clostridia,True,True,True,Firmicutes,Bacillota,True,True,True
0674e7934525d446c54c31dc9b8e33d5,407,0.9922,0.0,midas_g_74815,,False,False,False,midas_f_74815,Mycoplasmataceae,False,False,False,midas_o_74815,Mycoplasmatales,False,False,False,midas_c_74815,Mollicutes,False,False,False,midas_p_74815,Mycoplasmatota,False,False,False
2d0678b27e5d621f7d924530fa929c26,376,0.9971,0.0,midas_g_85228,,False,False,False,midas_f_2,Iamiaceae,False,False,False,IMCC26256,Acidimicrobiales,False,False,True,Acidimicrobiia,Acidimicrobiia,True,True,True,Actinobacteriota,Actinomycetota,False,False,True
68a7e86d20300d64c5acb88a9021e2f4,373,0.999,0.0,midas_g_1919,,False,False,False,Xanthobacteraceae,Rhodocyclaceae,False,True,True,Rhizobiales,Rhodocyclales,False,False,True,Alphaproteobacteria,Betaproteobacteria,False,True,True,Proteobacteria,Pseudomonadota,True,True,True
1592babc98be7bdf1c3c62b4e1172c56,374,0.9995,0.0,midas_g_98124,Clostridium,False,False,False,Hungateiclostridiaceae,Clostridiaceae,False,False,True,Oscillospirales,Eubacteriales,False,False,True,Clostridia,Clostridia,True,True,True,Firmicutes,Bacillota,True,True,True
84dfcd7f87afea16bd5fe5b6d98babb9,372,0.9985,0.0,Limnobacter,,False,False,True,Burkholderiaceae,Burkholderiaceae,True,True,True,Burkholderiales,Burkholderiales,True,True,True,Gammaproteobacteria,Betaproteobacteria,False,True,True,Proteobacteria,Pseudomonadota,True,True,True
b1a12be5e88edf77bfaef78dd01159eb,374,1.0,0.0,Leptolinea,,False,False,True,Anaerolineaceae,,False,True,True,Anaerolineales,,False,True,True,Anaerolineae,Anaerolineae,True,True,True,Chloroflexi,Chloroflexota,True,True,True
b87169030deed04dc4b504c53964ffbe,373,1.0,0.0,Stella,Allostella,False,False,True,midas_f_406,Allostellaceae,False,False,False,Azospirillales,Rhodospirillales,False,False,True,Alphaproteobacteria,Alphaproteobacteria,True,True,True,Proteobacteria,Pseudomonadota,True,True,True
08dcb60f335137ed59ea5006a3ca7d20,370,0.9971,0.0,midas_g_22108,,False,False,False,Spirochaetaceae,,False,False,True,Spirochaetales,,False,True,True,Spirochaetia,,False,True,True,Spirochaetota,Spirochaetota,True,True,True
b3065350a824fd28f7678de276da8e24,374,1.0,,,,False,False,False,,,False,False,False,,,False,False,False,,Myxococcia,False,False,False,,Myxococcota,False,False,False
3db5da918ad4c209aef4644be4ce75b0,378,1.0,0.0,Methanobacterium,Methanobacterium,True,True,True,Methanobacteriaceae,Methanobacteriaceae,True,True,True,Methanobacteriales,Methanobacteriales,True,True,True,Methanobacteria,Methanobacteria,True,True,True,Euryarchaeota,Methanobacteriota,True,True,True
065262b748557031f638872e76923c72,372,1.0,0.0,Reyranella,,False,True,True,Reyranellaceae,,False,True,True,Reyranellales,,False,False,True,Alphaproteobacteria,,False,True,True,Proteobacteria,Pseudomonadota,True,True,True
48b26cded54a8218c60048b74bfa5256,374,1.0,0.0,Thermomonas,Thermomonas,True,True,True,Xanthomonadaceae,Lysobacteraceae,False,False,True,Xanthomonadales,Lysobacterales,False,False,True,Gammaproteobacteria,Gammaproteobacteria,True,True,True,Proteobacteria,Pseudomonadota,True,True,True
8ca8a2ee539e5a54b184bbf80e861033,374,0.9961,0.0,midas_g_114992,,False,False,False,Dethiobacteraceae,,False,True,True,Dethiobacterales,Christensenellales,False,True,True,Dethiobacteria,Clostridia,False,True,True,Firmicutes,Bacillota,True,True,True
930364fee1f4684984efec7eacc41f85,372,0.999,0.0,Devosia,Devosia,True,True,True,Devosiaceae,Devosiaceae,True,True,True,Rhizobiales,Hyphomicrobiales,False,False,True,Alphaproteobacteria,Alphaproteobacteria,True,True,True,Proteobacteria,Pseudomonadota,True,True,True
bcfda59a5b9e3036c018e4bbde623d42,374,0.9966,0.0,Syntrophobacter,,False,True,True,Syntrophobacteraceae,,False,True,True,Syntrophobacterales,,False,True,True,Syntrophobacteria,,False,True,True,Desulfobacterota,Chloroflexota,False,False,True
99b446af7d82c16878fe433d7f2e23e7,374,0.9937,0.0,midas_g_113653,,False,False,False,Dethiobacteraceae,,False,False,True,Dethiobacterales,,False,False,True,Dethiobacteria,,False,False,True,Firmicutes,Bacillota,True,True,True
4afdd249d06748b671d75d9cb109989d,372,0.9985,0.0,Castellaniella,Castellaniella,True,True,True,Alcaligenaceae,Alcaligenaceae,True,True,True,Burkholderiales,Burkholderiales,True,True,True,Gammaproteobacteria,Betaproteobacteria,False,False,True,Proteobacteria,Pseudomonadota,True,True,True
e8bb8d9f0ab19588ba970ec5b20a7319,374,0.999,0.0,Conexibacter,,False,True,True,Solirubrobacteraceae,,False,True,True,Solirubrobacterales,,False,True,True,Thermoleophilia,,False,True,True,Actinobacteriota,,False,False,True
36f3b6d6951a802a6906a07bed8168bb,366,0.9795,0.0,nan,Candidatus Carsonella,False,False,False,nan,Halomonadaceae,False,False,False,nan,Oceanospirillales,False,False,False,nan,Gammaproteobacteria,False,False,False,nan,Pseudomonadota,False,False,False
f824c242da3d47edd62495a6a144912c,371,0.9937,0.0,midas_g_40543,Petroclostridium,False,False,False,Christensenellaceae,Oscillospiraceae,False,False,True,Christensenellales,Eubacteriales,False,False,True,Clostridia,Clostridia,True,True,True,Firmicutes,Bacillota,True,True,True
bda11f81d4705f02ac8558b96bff4e28,373,0.9932,0.0,midas_g_112430,Thermoclostridium,False,False,False,Hungateiclostridiaceae,Oscillospiraceae,False,False,True,Oscillospirales,Eubacteriales,False,False,True,Clostridia,Clostridia,True,True,True,Firmicutes,Bacillota,True,True,True
37736c620442bdd78ddde3ea7451d314,374,0.9966,0.0,nan,,False,False,False,nan,,False,False,False,nan,,False,False,False,Clostridia,,False,True,True,Firmicutes,Bacillota,True,True,True
7ff6af46744a4c8214812c77e54fd485,371,0.999,0.0,Sphaerochaeta,Cronobacter,False,True,True,Spirochaetaceae,Enterobacteriaceae,False,False,True,Spirochaetales,Enterobacterales,False,True,True,Spirochaetia,Gammaproteobacteria,False,True,True,Spirochaetota,Pseudomonadota,False,True,True
9fdc098a302d378b900fa3b00dea82a9,374,1.0,0.0,Christensenellaceae_R-7_group,,False,False,True,Christensenellaceae,,False,False,True,Christensenellales,Christensenellales,True,True,True,Clostridia,Clostridia,True,True,True,Firmicutes,Bacillota,True,True,True
5c0ebed72151a6dd9f48df9af58de103,379,1.0,,,Methanobacterium,False,False,False,,Methanobacteriaceae,False,False,False,,Methanobacteriales,False,False,False,,Methanobacteria,False,False,False,,Methanobacteriota,False,False,False
add6ee5276913213598665852c4b08fb,375,1.0,0.0,Corynebacterium,Corynebacterium,True,True,True,Corynebacteriaceae,Corynebacteriaceae,True,True,True,Corynebacteriales,Mycobacteriales,False,False,True,Actinobacteria,Actinomycetes,False,False,True,Actinobacteriota,Actinomycetota,False,False,True
172df84126559d3703a3b6184b45a0ee,375,0.9932,0.0,midas_g_3701,,False,False,False,LF045,,False,False,True,Caldisericales,,False,False,True,Caldisericia,,False,False,True,Caldisericota,,False,False,True
e973e792bb24983e1304d41a8ed0c375,365,1.0,0.0,UCG-004,,False,False,True,Erysipelatoclostridiaceae,,False,False,True,Erysipelotrichales,,False,True,True,Bacilli,,False,True,True,Firmicutes,Bacillota,True,True,True
bd137fdaee08bd7098ce68c5727aed74,374,0.9976,0.0,midas_g_67962,Mageeibacillus,False,False,False,Monoglobaceae,Oscillospiraceae,False,False,True,Monoglobales,Eubacteriales,False,False,True,Clostridia,Clostridia,True,True,True,Firmicutes,Bacillota,True,True,True
51d011ee11e98c4e3318da2c40c45a0a,371,0.998,,,,False,False,False,,,False,False,False,,,False,False,False,,,False,False,False,,Bacillota,False,False,False
e36ac8cd7dc84d43bd2784fdc182f91a,395,0.9961,0.0,nan,Methanobrevibacter,False,False,False,Methanobacteriaceae,Methanobacteriaceae,True,True,True,Methanobacteriales,Methanobacteriales,True,True,True,Methanobacteria,Methanobacteria,True,True,True,Euryarchaeota,Methanobacteriota,True,True,True
77e62266f0403cceb7297e959f8c45ec,372,0.9976,0.0,nan,,False,False,False,Christensenellaceae,Christensenellaceae,True,True,True,Christensenellales,Christensenellales,True,True,True,Clostridia,Clostridia,True,True,True,Firmicutes,Bacillota,True,True,True
5aed6ebc9b353e618d72d5595e755164,389,0.9941,0.0,nan,Burkholderia,False,False,False,nan,Burkholderiaceae,False,False,False,Burkholderiales,Burkholderiales,True,True,True,Gammaproteobacteria,Betaproteobacteria,False,True,True,Proteobacteria,Pseudomonadota,True,True,True
fce18edf79b54a689065dd7c2dcc5def,374,0.998,0.0,Christensenellaceae_R-7_group,,False,False,True,Christensenellaceae,,False,True,True,Christensenellales,Eubacteriales,False,True,True,Clostridia,Clostridia,True,True,True,Firmicutes,Bacillota,True,True,True
f4e4eee188c4e5fb2a3b609a95f7036c,377,0.999,0.0,Methanomassiliicoccus,,False,True,True,Methanomassiliicoccaceae,,False,True,True,Methanomassiliicoccales,,False,True,True,Thermoplasmata,,False,True,True,Thermoplasmatota,Methanobacteriota,True,True,True
8e7bd1c2bef6cba75457c867bea7fec1,374,0.9995,0.0,Pseudofulvimonas,,False,True,True,Rhodanobacteraceae,,False,True,True,Xanthomonadales,Lysobacterales,False,False,True,Gammaproteobacteria,Gammaproteobacteria,True,True,True,Proteobacteria,Pseudomonadota,True,True,True
9a6c73fde0a30dc54868fac28b4fc86f,377,1.0,0.0,midas_g_399,,False,False,False,midas_f_5,,False,False,False,midas_o_5,Candidatus Nanopelagicales,False,False,False,Actinobacteria,Actinomycetes,False,False,True,Actinobacteriota,Actinomycetota,False,False,True
c19a1c0bb75e671f02df2cbb306949d9,374,0.9985,0.0,nan,Lysobacter,False,False,False,Xanthomonadaceae,Lysobacteraceae,False,False,True,Xanthomonadales,Lysobacterales,False,False,True,Gammaproteobacteria,Gammaproteobacteria,True,True,True,Proteobacteria,Pseudomonadota,True,True,True
60ac965b34c1883a7fe6e2307252fd16,373,0.9995,0.0,W5,,False,False,True,Cloacimonadaceae,,False,False,True,Cloacimonadales,,False,False,True,Cloacimonadia,,False,False,True,Cloacimonadota,Candidatus Cloacimonadota,False,False,True
912c0c0d10313d835d3cd85636e51854,374,0.999,0.0,Aetherobacter,Labilithrix,False,True,True,Polyangiaceae,Labilitrichaceae,False,True,True,Polyangiales,Polyangiales,True,True,True,Polyangia,,False,False,True,Myxococcota,Myxococcota,True,True,True
8f9fe5d435f9b6b90c0bf2e7055bdb82,374,0.9946,0.0,nan,,False,False,False,nan,,False,False,False,nan,,False,False,False,nan,,False,False,False,Firmicutes,Bacillota,True,True,True
bdc8fef92da036b174e440badf20ae19,374,0.9961,0.0,nan,,False,False,False,Anaeromyxobacteraceae,,False,True,True,Myxococcales,,False,True,True,Myxococcia,Deltaproteobacteria,False,True,True,Myxococcota,,False,True,True
c17efdeaa645dec7b8f314690d1b9160,372,1.0,0.0,nan,Devosia,False,False,False,Devosiaceae,Devosiaceae,True,True,True,Rhizobiales,Hyphomicrobiales,False,False,True,Alphaproteobacteria,Alphaproteobacteria,True,True,True,Proteobacteria,Pseudomonadota,True,True,True
5ed692eda11eb0a2b9db26ccfdc1eee7,372,0.9995,0.0,midas_g_2680,,False,False,False,Xanthobacteraceae,,False,False,True,Rhizobiales,,False,False,True,Alphaproteobacteria,Alphaproteobacteria,True,True,True,Proteobacteria,Pseudomonadota,True,True,True
137dec98118422e728bd109bffafd4bb,372,0.9902,0.0,midas_g_63015,,False,False,False,midas_f_63015,,False,False,False,Clostridia_vadinBB60_group,,False,False,True,Clostridia,Clostridia,True,True,True,Firmicutes,Bacillota,True,True,True
eae7dab14a3fcdc218d112865f01940b,376,0.9971,0.0,nan,,False,False,False,nan,,False,False,False,nan,,False,False,False,Acidimicrobiia,Actinomycetes,False,True,True,Actinobacteriota,Actinomycetota,False,False,True
ac88022abe88b69c50f8c064630c5ff2,373,0.9956,0.0,midas_g_554,,False,False,False,midas_f_13,,False,False,False,midas_o_13,,False,False,False,D8A-2,,False,False,True,Firmicutes,Bacillota,True,True,True
4f00beb51dfba2712cf36ef4f05da691,372,0.9956,0.0,midas_g_7501,Christensenella,False,False,False,Christensenellaceae,Christensenellaceae,True,True,True,Christensenellales,Christensenellales,True,True,True,Clostridia,Clostridia,True,True,True,Firmicutes,Bacillota,True,True,True
53355294f61e52a7101ac1349479e2c7,373,0.9917,0.0,midas_g_6182,,False,False,False,midas_f_5792,,False,False,False,RBG-13-54-9,,False,False,True,Anaerolineae,Anaerolineae,True,True,True,Chloroflexi,Chloroflexota,True,True,True
613a529206f7a8428ca4bb000c908d35,372,1.0,0.0,Epulopiscium,,False,False,True,Lachnospiraceae,Lachnospiraceae,True,True,True,Lachnospirales,Lachnospirales,True,True,True,Clostridia,Clostridia,True,True,True,Firmicutes,Bacillota,True,True,True
75d80c6719572b77733668a43dddaa60,373,0.9971,0.0,Clostridium_sensu_stricto_2,Clostridium,False,False,True,Clostridiaceae,Clostridiaceae,True,True,True,Clostridiales,Eubacteriales,False,False,True,Clostridia,Clostridia,True,True,True,Firmicutes,Bacillota,True,True,True
a777d4d917d8136a45eebcd830b6e5f4,378,0.9985,0.0,Methanomethylovorans,Methanomethylovorans,True,True,True,Methanosarcinaceae,Methanosarcinaceae,True,True,True,Methanosarciniales,Methanosarcinales,False,False,True,Methanosarcinia,Methanomicrobia,False,False,True,Halobacterota,Methanobacteriota,False,False,True
0b54d74d2257842cdb59920d0557c940,374,0.9956,0.0,Legionella,Legionella,True,True,True,Legionellaceae,Legionellaceae,True,True,True,Legionellales,Legionellales,True,True,True,Gammaproteobacteria,Gammaproteobacteria,True,True,True,Proteobacteria,Pseudomonadota,True,True,True
6552ab56103eaf5a3eb1e9b2f45e8ee7,374,1.0,0.0,Zoogloea,Zoogloea,True,True,True,Rhodocyclaceae,Zoogloeaceae,False,True,True,Burkholderiales,Rhodocyclales,False,False,True,Gammaproteobacteria,Betaproteobacteria,False,False,True,Proteobacteria,Pseudomonadota,True,True,True
d83c0d8fbc6ae1fe1c0dd12cbea1833a,374,0.9966,0.0,midas_g_3108,,False,False,False,Verrucomicrobiaceae,,False,True,True,Verrucomicrobiales,,False,True,True,Verrucomicrobiae,,False,False,True,Verrucomicrobiota,Verrucomicrobiota,True,True,True
fd932f10265b9729b3972ed5cdce8a0d,375,1.0,0.0,nan,Agromyces,False,False,False,Microbacteriaceae,Microbacteriaceae,True,True,True,Micrococcales,Micrococcales,True,True,True,Actinobacteria,Actinomycetes,False,False,True,Actinobacteriota,Actinomycetota,False,False,True
bc073931df610b4c23a592ffb53b2238,372,1.0,0.0,Methylobacterium-Methylorubrum,Methylobacterium,False,False,True,Beijerinckiaceae,Methylobacteriaceae,False,False,True,Rhizobiales,Hyphomicrobiales,False,False,True,Alphaproteobacteria,Alphaproteobacteria,True,True,True,Proteobacteria,Pseudomonadota,True,True,True
6f6f54809f824a18f2aedc481825fb7b,374,0.9995,,,Dechloromonas,False,False,False,,Azonexaceae,False,False,False,,Rhodocyclales,False,False,False,,Betaproteobacteria,False,False,False,,Pseudomonadota,False,False,False
9f6f938a15e4f288092b39efae6698de,374,0.9985,0.0,midas_g_98124,Ruminiclostridium,False,False,False,Hungateiclostridiaceae,Oscillospiraceae,False,False,True,Oscillospirales,Eubacteriales,False,False,True,Clostridia,Clostridia,True,True,True,Firmicutes,Bacillota,True,True,True
1955a5529e36dd42feff41354ac9ad73,372,0.9976,0.0,nan,,False,False,False,Christensenellaceae,,False,True,True,Christensenellales,,False,True,True,Clostridia,,False,True,True,Firmicutes,Bacillota,True,True,True
fc410ccd704831af6715f039dc5b4ad6,370,0.9995,0.0,Petrimonas,Petrimonas,True,True,True,Dysgonomonadaceae,Dysgonomonadaceae,True,True,True,Bacteroidales,Bacteroidales,True,True,True,Bacteroidia,Bacteroidia,True,True,True,Bacteroidota,Bacteroidota,True,True,True
4bc93160ffc2b1df098c42d0b0ad5ebc,372,0.9995,0.0,nan,Burkholderia,False,False,False,nan,Burkholderiaceae,False,False,False,Burkholderiales,Burkholderiales,True,True,True,Gammaproteobacteria,Betaproteobacteria,False,False,True,Proteobacteria,Pseudomonadota,True,True,True
2be253ff64c2e3493d684bfe687d414a,401,0.9971,0.0,Methanobacterium,Cronobacter,False,True,True,Methanobacteriaceae,Enterobacteriaceae,False,True,True,Methanobacteriales,Enterobacterales,False,True,True,Methanobacteria,Gammaproteobacteria,False,True,True,Euryarchaeota,Pseudomonadota,False,True,True
b21e9a2a1e6186cdab5d075a2e3bdeba,371,0.9966,0.0,Fonticella,Caloramator,False,False,True,Caloramatoraceae,Clostridiaceae,False,False,True,Clostridiales,Eubacteriales,False,False,True,Clostridia,Clostridia,True,True,True,Firmicutes,Bacillota,True,True,True
554322da276d032be7d7a759762865b9,374,0.9976,0.0,midas_g_97311,Gracilibacter,False,False,False,midas_f_222,Gracilibacteraceae,False,False,False,midas_o_4,Eubacteriales,False,False,False,midas_c_4,Clostridia,False,False,False,Firmicutes,Bacillota,True,True,True
ae47cfe63095fcaf0afb228c7502cb66,372,1.0,0.0,nan,,False,False,False,Alcaligenaceae,Burkholderiaceae,False,True,True,Burkholderiales,Burkholderiales,True,True,True,Gammaproteobacteria,Betaproteobacteria,False,False,True,Proteobacteria,Pseudomonadota,True,True,True
b751d80405d63e383de7ea09a7e2dcfd,373,0.9976,0.0,Syntrophorhabdus,,False,False,True,Syntrophorhabdaceae,,False,True,True,Syntrophorhabdales,,False,True,True,Syntrophorhabdia,Myxococcia,False,True,True,Desulfobacterota,Myxococcota,False,False,True
a2bed1579fba6884369c1b3173330800,370,0.9956,0.0,Irregularibacter,Haloimpatiens,False,False,True,Garciellaceae,Clostridiaceae,False,False,True,Eubacteriales,Eubacteriales,True,True,True,Clostridia,Clostridia,True,True,True,Firmicutes,Bacillota,True,True,True
e1859f895760d01bd129aad5091fa054,373,0.9951,0.0,Ca_Ovatusbacter,Vibrio,False,False,True,midas_f_2362,Vibrionaceae,False,False,False,midas_o_147,Vibrionales,False,False,False,Gammaproteobacteria,Gammaproteobacteria,True,True,True,Proteobacteria,Pseudomonadota,True,True,True
431f2ccf07657913dc86d93668a91e9c,374,0.9941,0.0,Dethiobacter,Hydrogenispora,False,True,True,Dethiobacteraceae,,False,True,True,Dethiobacterales,,False,True,True,Dethiobacteria,,False,True,True,Firmicutes,Bacillota,True,True,True
3c8c974e9e9f2247fedc8b66253b5774,374,1.0,0.0,nan,Desulforamulus,False,False,False,nan,Peptococcaceae,False,False,False,nan,Eubacteriales,False,False,False,nan,Clostridia,False,False,False,Firmicutes,Bacillota,True,True,True
6c1100199e34d8c526ed1a529ebd879f,374,0.9995,0.0,nan,Acetivibrio,False,False,False,Hungateiclostridiaceae,Acetivibrionaceae,False,False,True,Oscillospirales,Acetivibrionales,False,False,True,Clostridia,Clostridia,True,True,True,Firmicutes,Bacillota,True,True,True
2754a62a78999a65def9a46a8c805a18,371,0.9941,0.0,nan,Acetivibrio,False,False,False,nan,Acetivibrionaceae,False,False,False,nan,Acetivibrionales,False,False,False,nan,Clostridia,False,False,False,Firmicutes,Bacillota,True,True,True
647927aceecdb8d63c0647ad64f33531,375,1.0,0.0,Rhodococcus,Rhodococcoides,False,True,True,Nocardiaceae,Nocardiaceae,True,True,True,Corynebacteriales,Mycobacteriales,False,False,True,Actinobacteria,Actinomycetes,False,False,True,Actinobacteriota,Actinomycetota,False,False,True
bfc10ae6c8d6d83371b3bd138d881468,373,0.9961,0.0,Ca_Cloacimonas,Candidatus Syntrophosphaera,False,False,True,Cloacimonadaceae,Candidatus Cloacimonadaceae,False,False,True,Cloacimonadales,Candidatus Cloacimonadales,False,False,True,Cloacimonadia,Candidatus Cloacimonadia,False,False,True,Cloacimonadota,Candidatus Cloacimonadota,False,False,True
eec9b8156043e0a6af0911723613a3da,370,0.9971,0.0,midas_g_93917,,False,False,False,UCG-010,,False,False,True,Oscillospirales,Eubacteriales,False,False,True,Clostridia,Clostridia,True,True,True,Firmicutes,Bacillota,True,True,True
4139c4822f132d488656de979a812b96,374,0.9946,0.0,nan,,False,False,False,midas_f_112,,False,False,False,MBA03,,False,False,True,Limnochordia,,False,False,True,Firmicutes,Bacillota,True,True,True
1209cd9553a668c3c0e9ea29050fd3a1,374,0.9985,0.0,Ca_Amarobacter,,False,False,True,midas_f_731,,False,False,False,midas_o_731,,False,False,False,OLB14,Tepidiformia,False,False,True,Chloroflexi,Chloroflexota,True,True,True
13c192d50cff7e65ab17657c4769d790,370,1.0,0.0,Clostridium_sensu_stricto_13,Clostridium,False,False,True,Clostridiaceae,Clostridiaceae,True,True,True,Clostridiales,Eubacteriales,False,False,True,Clostridia,Clostridia,True,True,True,Firmicutes,Bacillota,True,True,True
457eed011dd636fe1362bcb7e5bbe22d,374,0.9976,0.0,Ruminiclostridium,Candidatus Brocadia,False,True,True,Hungateiclostridiaceae,Candidatus Brocadiaceae,False,False,True,Oscillospirales,Candidatus Brocadiales,False,False,True,Clostridia,Candidatus Brocadiia,False,True,True,Firmicutes,Planctomycetota,False,True,True
272d242be70431c313d5d6dae118135b,374,0.9966,0.0,midas_g_3476,Halothermothrix,False,False,False,midas_f_112,Halothermotrichaceae,False,False,False,MBA03,Halanaerobiales,False,False,True,Limnochordia,Clostridia,False,False,True,Firmicutes,Bacillota,True,True,True
b6bae6e1c31423a1dfd8b925ac173939,372,0.9937,0.0,Castellaniella,,False,True,True,Alcaligenaceae,,False,True,True,Burkholderiales,,False,True,True,Gammaproteobacteria,Betaproteobacteria,False,False,True,Proteobacteria,Pseudomonadota,True,True,True
f86e4e85aad39b874e531be8848dcb97,374,1.0,,,,False,False,False,,Christensenellaceae,False,False,False,,Christensenellales,False,False,False,,Clostridia,False,False,False,,Bacillota,False,False,False
ccd295e3a04fb7bb78f97b49d1d76562,370,1.0,0.0,midas_g_34555,,False,False,False,SB-5,,False,False,True,Bacteroidales,Bacteroidales,True,True,True,Bacteroidia,Bacteroidia,True,True,True,Bacteroidota,Bacteroidota,True,True,True
76706469a0a366adb9c84fc05de522f3,374,0.9976,0.0,nan,Pseudobacteroides,False,False,False,nan,Oscillospiraceae,False,False,False,nan,Eubacteriales,False,False,False,Clostridia,Clostridia,True,True,True,Firmicutes,Bacillota,True,True,True
44ed1a1eb3ed2fe963e32f2d9591f332,374,1.0,0.0,Conexibacter,,False,True,True,Solirubrobacteraceae,,False,True,True,Solirubrobacterales,,False,True,True,Thermoleophilia,Actinomycetes,False,True,True,Actinobacteriota,Actinomycetota,False,False,True
7ba75de333c5db029e78e068dde0fbe8,374,0.9971,0.0,nan,,False,False,False,Caldicoprobacteraceae,Christensenellaceae,False,True,True,Caldicoprobacterales,Christensenellales,False,True,True,Clostridia,Clostridia,True,True,True,Firmicutes,Bacillota,True,True,True
caa8c5625990aa1feeb77274cbfd7ffa,374,0.9961,0.0,midas_g_8126,Candidatus Darwinibacter,False,False,False,midas_f_8126,Candidatus Darwinibacteriaceae,False,False,False,Gelria,Candidatus Darwinibacteriales,False,False,True,midas_c_145,Clostridia,False,False,False,Firmicutes,Bacillota,True,True,True
21cff8afa99fd812a66ca2e7c53e8fda,369,0.998,0.0,Sedimentibacter,Sedimentibacter,True,True,True,Sedimentibacteraceae,,False,False,True,Peptostreptococcales-Tissierellales,,False,False,True,Clostridia,Tissierellia,False,True,True,Firmicutes,Bacillota,True,True,True
47f95903f37498d9dd0eda1e5bcb3e28,374,0.9966,0.0,Pelolinea,Pelolinea,True,True,True,Anaerolineaceae,Anaerolineaceae,True,True,True,Anaerolineales,Anaerolineales,True,True,True,Anaerolineae,Anaerolineae,True,True,True,Chloroflexi,Chloroflexota,True,True,True
3e198207b81e382d6209c129373e9d60,375,0.9971,0.0,midas_g_765,,False,False,False,midas_f_765,,False,False,False,midas_o_765,,False,False,False,WCHB1-81,,False,False,True,Actinobacteriota,Actinomycetota,False,False,True
1a5546dc8d08ba22cbc75f508edd0828,372,0.9995,0.0,Paracoccus,Paracoccus,True,True,True,Rhodobacteraceae,Paracoccaceae,False,False,True,Rhodobacterales,Rhodobacterales,True,True,True,Alphaproteobacteria,Alphaproteobacteria,True,True,True,Proteobacteria,Pseudomonadota,True,True,True
7f9277d9d86c8f5634f47ff9ab0ce79d,374,0.998,0.0,Christensenellaceae_R-7_group,,False,False,True,Christensenellaceae,,False,False,True,Christensenellales,Christensenellales,True,True,True,Clostridia,Clostridia,True,True,True,Firmicutes,Bacillota,True,True,True
090855acea46f97b916c33393736db71,371,0.9985,0.0,Anaerovorax,,False,False,True,Anaerovoracaceae,Anaerovoracaceae,True,True,True,Peptostreptococcales-Tissierellales,Peptostreptococcales,False,False,True,Clostridia,Clostridia,True,True,True,Firmicutes,Bacillota,True,True,True
3f19effc21f49ca3bfe5e130ea113a75,372,0.9922,0.0,Caldicoprobacter,Xylanivirga,False,False,True,Caldicoprobacteraceae,Xylanivirgaceae,False,False,True,Caldicoprobacterales,Caldicoprobacterales,True,True,True,Clostridia,Clostridia,True,True,True,Firmicutes,Bacillota,True,True,True
bfe46a9864ec737a588e92892776a12d,374,0.998,0.0,Christensenellaceae_R-7_group,,False,False,True,Christensenellaceae,,False,False,True,Christensenellales,Christensenellales,True,True,True,Clostridia,Clostridia,True,True,True,Firmicutes,Bacillota,True,True,True
b5025b678a3f3dfd092ec583dfd7f3d6,374,1.0,,,,False,False,False,,,False,False,False,,Nitrosomonadales,False,False,False,,Betaproteobacteria,False,False,False,,Pseudomonadota,False,False,False
065a98742b20d730265fb45221fd34c4,372,1.0,,,Paracoccus,False,False,False,,Paracoccaceae,False,False,False,,Rhodobacterales,False,False,False,,Alphaproteobacteria,False,False,False,,Pseudomonadota,False,False,False
7891e93dd8c7f251fd4a83d156f8369b,374,0.999,,,,False,False,False,,Smithellaceae,False,False,False,,Syntrophales,False,False,False,,Syntrophia,False,False,False,,Thermodesulfobacteriota,False,False,False
cf3e180e655c7a5654ae4ee643e35a6b,375,1.0,,,,False,False,False,,Microthrixaceae,False,False,False,,Acidimicrobiales,False,False,False,,Acidimicrobiia,False,False,False,,Actinomycetota,False,False,False
5488011e971aeee8cd31b52ca5d1af76,395,0.9927,,,,False,False,False,,,False,False,False,,,False,False,False,,Candidatus Bathyarchaeia,False,False,False,,Candidatus Bathyarchaeota,False,False,False
56c837ac82a080a7d67309e345c7069b,374,0.9985,0.0,Christensenellaceae_R-7_group,,False,False,True,Christensenellaceae,,False,True,True,Christensenellales,Eubacteriales,False,True,True,Clostridia,Clostridia,True,True,True,Firmicutes,Bacillota,True,True,True
4384fe206f8e57a3d02fc1eb2e0dc265,378,0.9995,0.0,Methanobacterium,Methanobacterium,True,True,True,Methanobacteriaceae,Methanobacteriaceae,True,True,True,Methanobacteriales,Methanobacteriales,True,True,True,Methanobacteria,Methanobacteria,True,True,True,Euryarchaeota,Methanobacteriota,True,True,True
cca5f50c3116400e50fe7a3e7a0be852,370,0.9995,0.0,midas_g_10639,Agriterribacter,False,False,False,Chitinophagaceae,Chitinophagaceae,True,True,True,Chitinophagales,Chitinophagales,True,True,True,Bacteroidia,Chitinophagia,False,False,True,Bacteroidota,Bacteroidota,True,True,True
a36b617c346af9dc1b8b18938adc2fc9,374,1.0,0.0,Pirellula,,False,False,True,Pirellulaceae,,False,True,True,Pirellulales,,False,True,True,Planctomycetes,,False,False,True,Planctomycetota,Planctomycetota,True,True,True
e8c47e7d73b07d777c7a56fc1318b432,374,0.9907,0.0,Anaerolinea,,False,True,True,Anaerolineaceae,,False,True,True,Anaerolineales,,False,True,True,Anaerolineae,Chloroflexia,False,True,True,Chloroflexi,Chloroflexota,True,True,True
f20eb21e67f757812108449fe407b3c0,374,0.9966,0.0,nan,,False,False,False,midas_f_112,Christensenellaceae,False,False,False,MBA03,Christensenellales,False,False,True,Limnochordia,Clostridia,False,False,True,Firmicutes,Bacillota,True,True,True
25f9dbd6c37925f1be38fa56d2908617,370,0.9971,0.0,nan,Crassaminicella,False,False,False,nan,Clostridiaceae,False,False,False,Peptostreptococcales-Tissierellales,Eubacteriales,False,False,True,Clostridia,Clostridia,True,True,True,Firmicutes,Bacillota,True,True,True
dbecc9e8493f9f9f3816c44467a0b7d4,375,1.0,0.0,midas_g_2796,Nocardioides,False,False,False,Nocardioidaceae,Nocardioidaceae,True,True,True,Propionibacteriales,Propionibacteriales,True,True,True,Actinobacteria,Actinomycetes,False,False,True,Actinobacteriota,Actinomycetota,False,False,True
f4dd561d786dd46b9cb84eab6594d632,373,0.9961,0.0,midas_g_17534,Elioraea,False,False,False,Acetobacteraceae,Elioraeaceae,False,False,True,Acetobacterales,Acetobacterales,True,True,True,Alphaproteobacteria,Alphaproteobacteria,True,True,True,Proteobacteria,Pseudomonadota,True,True,True
ce3debe377068d91443c07c23728742c,374,1.0,0.0,Bacillus,,False,True,True,Bacillaceae,Bacillaceae,True,True,True,Bacillales,Caryophanales,False,False,True,Bacilli,Bacilli,True,True,True,Firmicutes,Bacillota,True,True,True
6f9a6eeef90b44801aebd3df2c42e61b,374,0.999,0.0,Syntrophobacter,,False,True,True,Syntrophobacteraceae,,False,True,True,Syntrophobacterales,,False,True,True,Syntrophobacteria,Deltaproteobacteria,False,True,True,Desulfobacterota,,False,False,True
b544934712491c579a6fc0437ffdeeca,374,0.998,0.0,Syntrophomonas,Cronobacter,False,True,True,Syntrophomonadaceae,Enterobacteriaceae,False,True,True,Syntrophomonadales,Enterobacterales,False,False,True,Syntrophomonadia,Gammaproteobacteria,False,False,True,Firmicutes,Pseudomonadota,False,True,True
3c30ef12ea30ff246e454f2cc7ee36a9,372,0.9883,0.0,nan,,False,False,False,nan,,False,False,False,nan,Eubacteriales,False,False,False,nan,Clostridia,False,False,False,Firmicutes,Bacillota,True,True,True
34b33ab6ae99c108b6016cac0502ea5c,374,0.9937,0.0,midas_g_113746,,False,False,False,Christensenellaceae,,False,False,True,Christensenellales,Christensenellales,True,True,True,Clostridia,Clostridia,True,True,True,Firmicutes,Bacillota,True,True,True
4b609ca4250617d6e2827bb31e7fd2b0,372,0.9995,0.0,nan,Paracandidimonas,False,False,False,Alcaligenaceae,Alcaligenaceae,True,True,True,Burkholderiales,Burkholderiales,True,True,True,Gammaproteobacteria,Betaproteobacteria,False,False,True,Proteobacteria,Pseudomonadota,True,True,True
666b0c3f75da615166898be90c200697,374,0.998,0.0,Caldicoprobacter,,False,False,True,Caldicoprobacteraceae,,False,False,True,Caldicoprobacterales,Eubacteriales,False,False,True,Clostridia,Clostridia,True,True,True,Firmicutes,Bacillota,True,True,True
1352ecafaa4f51b95bedc9b026136ba0,369,0.999,0.0,nan,Tissierella,False,False,False,Family_XI,Tissierellaceae,False,False,True,Peptostreptococcales-Tissierellales,Tissierellales,False,False,True,Clostridia,Tissierellia,False,True,True,Firmicutes,Bacillota,True,True,True
6f5c69090502aa2182ea4a5a24b1cc94,374,0.9941,0.0,midas_g_67650,,False,False,False,midas_f_67650,Coleofasciculaceae,False,False,False,midas_o_1421,Coleofasciculales,False,False,False,Sericytochromatia,Cyanophyceae,False,False,True,Cyanobacteria,Cyanobacteriota,False,False,True
4079dc43f1ee0b0433df1aaaafba110d,372,0.9946,0.0,Pirellula,,False,False,True,Pirellulaceae,,False,True,True,Pirellulales,,False,True,True,Planctomycetes,,False,False,True,Planctomycetota,Planctomycetota,True,True,True
84444bac9dbd64e8d26d1a9dcfc67902,374,0.9956,0.0,Ca_Cloacimonas,,False,False,True,Cloacimonadaceae,,False,False,True,Cloacimonadales,,False,False,True,Cloacimonadia,,False,False,True,Cloacimonadota,Candidatus Cloacimonadota,False,False,True
3d462e8ce030e0c5bbd7564663c5561b,372,1.0,0.0,Brevundimonas,Brevundimonas,True,True,True,Caulobacteraceae,Caulobacteraceae,True,True,True,Caulobacterales,Caulobacterales,True,True,True,Alphaproteobacteria,Alphaproteobacteria,True,True,True,Proteobacteria,Pseudomonadota,True,True,True
808f5cd9975425a879bdc9f2084edbe5,374,0.9956,0.0,Pir3_lineage,,False,False,True,Pirellulaceae,,False,False,True,Pirellulales,,False,True,True,Planctomycetes,Planctomycetia,False,False,True,Planctomycetota,Planctomycetota,True,True,True
0afdd7eddb9a71ce53cf6487747ec98c,372,1.0,0.0,Hirschia,,False,False,True,Hyphomonadaceae,Hyphomonadaceae,True,True,True,Caulobacterales,Hyphomonadales,False,True,True,Alphaproteobacteria,Alphaproteobacteria,True,True,True,Proteobacteria,Pseudomonadota,True,True,True
eb8cd45ae934604fba18984990c55691,370,0.999,0.0,midas_g_39476,,False,False,False,Spirochaetaceae,,False,True,True,Spirochaetales,,False,True,True,Spirochaetia,,False,True,True,Spirochaetota,Pseudomonadota,False,True,True
6290092a789cefe170b21f8c022a1fda,370,1.0,0.0,Treponema,,False,True,True,Spirochaetaceae,Treponemataceae,False,False,True,Spirochaetales,Treponematales,False,False,True,Spirochaetia,Spirochaetia,True,True,True,Spirochaetota,Spirochaetota,True,True,True
53688d14dd7b6148f42ecab9e78035a6,373,0.9971,0.0,NK4A214_group,,False,False,True,Oscillospiraceae,Oscillospiraceae,True,True,True,Oscillospirales,Eubacteriales,False,False,True,Clostridia,Clostridia,True,True,True,Firmicutes,Bacillota,True,True,True
3336d4e5c84fbbfc0c6d027d05b1ad16,395,0.9937,0.0,Methanobacterium,Methanobrevibacter,False,False,True,Methanobacteriaceae,Methanobacteriaceae,True,True,True,Methanobacteriales,Methanobacteriales,True,True,True,Methanobacteria,Methanobacteria,True,True,True,Euryarchaeota,Methanobacteriota,True,True,True
7a276d152ba39f364356c6dc26a0f630,389,0.9961,0.0,Alcaligenes,Allopusillimonas,False,False,True,Alcaligenaceae,Alcaligenaceae,True,True,True,Burkholderiales,Burkholderiales,True,True,True,Gammaproteobacteria,Betaproteobacteria,False,False,True,Proteobacteria,Pseudomonadota,True,True,True
2569f2295eca169e8eeb371a44002f30,374,0.9985,0.0,Herbinix,Anaerobium,False,True,True,Lachnospiraceae,Lachnospiraceae,True,True,True,Lachnospirales,Lachnospirales,True,True,True,Clostridia,Clostridia,True,True,True,Firmicutes,Bacillota,True,True,True
be51b6808df10f395e8b458d9508ac69,374,0.998,,,,False,False,False,,,False,False,False,,Victivallales,False,False,False,,Lentisphaeria,False,False,False,,Lentisphaerota,False,False,False
f50399c55cdc712751dd87413e3ad96a,375,1.0,,,,False,False,False,,,False,False,False,,,False,False,False,,,False,False,False,,Bacillota,False,False,False
c343e0c3af2ce4246e8f16a366d9b244,374,1.0,,,,False,False,False,,,False,False,False,,,False,False,False,,,False,False,False,,Bacteroidota,False,False,False
8222e8db898fcc3282110b1e099bfdb5,370,0.9971,,,,False,False,False,,,False,False,False,,,False,False,False,,,False,False,False,,Bacteroidota,False,False,False
f18d4d1f32aca3b61c8d25703e43fea4,366,1.0,,,,False,False,False,,,False,False,False,,,False,False,False,,,False,False,False,,Bacillota,False,False,False
6dcd15bd555e89be1a5051024bf0c7e1,375,0.999,,,Aestuariimicrobium,False,False,False,,Propionibacteriaceae,False,False,False,,Propionibacteriales,False,False,False,,Actinomycetes,False,False,False,,Actinomycetota,False,False,False
dd6407a912c6fe0b5bedd40ec79da041,374,1.0,,,Thauera,False,False,False,,Zoogloeaceae,False,False,False,,Rhodocyclales,False,False,False,,Betaproteobacteria,False,False,False,,Pseudomonadota,False,False,False
f50dbd67a45eb3d4ad799c04f77b900d,373,0.999,0.0,Colidextribacter,Colidextribacter,True,True,True,Oscillospiraceae,,False,True,True,Oscillospirales,Eubacteriales,False,False,True,Clostridia,Clostridia,True,True,True,Firmicutes,Bacillota,True,True,True
d0c18274fc6047611de8d214ecd9c885,374,0.9985,0.0,HN-HF0106,,False,False,True,Hungateiclostridiaceae,Clostridiaceae,False,False,True,Oscillospirales,Eubacteriales,False,False,True,Clostridia,Clostridia,True,True,True,Firmicutes,Bacillota,True,True,True
e8279b17fcbd61e4b105b0a3d872b567,391,0.9971,0.0,nan,Citrobacter,False,False,False,Enterobacteriaceae,Enterobacteriaceae,True,True,True,Enterobacterales,Enterobacterales,True,True,True,Gammaproteobacteria,Gammaproteobacteria,True,True,True,Proteobacteria,Pseudomonadota,True,True,True
8d82d4342e7bd230b09dd20b8e775257,374,0.9951,0.0,Christensenellaceae_R-7_group,,False,False,True,Christensenellaceae,Peptococcaceae,False,False,True,Christensenellales,Eubacteriales,False,True,True,Clostridia,Clostridia,True,True,True,Firmicutes,Bacillota,True,True,True
db4543063a7cc4847ca4914a1f3f4611,372,0.9985,0.0,Mesorhizobium,Pseudaminobacter,False,True,True,Rhizobiaceae,Phyllobacteriaceae,False,False,True,Rhizobiales,Hyphomicrobiales,False,False,True,Alphaproteobacteria,Alphaproteobacteria,True,True,True,Proteobacteria,Pseudomonadota,True,True,True
7d92b18666da2334d7051a3a9791dc97,378,1.0,0.0,Methanolinea,,False,True,True,Methanoregulaceae,Methanoregulaceae,True,True,True,Methanomicrobiales,Methanomicrobiales,True,True,True,Methanomicrobia,Methanomicrobia,True,True,True,Halobacterota,Methanobacteriota,False,False,True
e9300c9ad8d48efb516b90fddffeff2e,372,0.9995,0.0,Oligotropha,Afipia,False,False,True,Xanthobacteraceae,Nitrobacteraceae,False,False,True,Rhizobiales,Hyphomicrobiales,False,False,True,Alphaproteobacteria,Alphaproteobacteria,True,True,True,Proteobacteria,Pseudomonadota,True,True,True
e367941e1e567e6ca872d51930564433,372,0.9995,0.0,midas_g_249,Cronobacter,False,False,False,Synergistaceae,Enterobacteriaceae,False,True,True,Synergistales,Enterobacterales,False,True,True,Synergistia,Gammaproteobacteria,False,True,True,Synergistota,Pseudomonadota,False,True,True
306b5217fcb1f91aac0c7708bf674d98,374,0.9961,0.0,nan,,False,False,False,nan,Feifaniaceae,False,False,False,Oscillospirales,Eubacteriales,False,False,True,Clostridia,Clostridia,True,True,True,Firmicutes,Bacillota,True,True,True
8add17e8b7e219187fd9b6e3ef665609,374,0.9971,0.0,Caldicoprobacter,,False,False,True,Caldicoprobacteraceae,,False,False,True,Caldicoprobacterales,Eubacteriales,False,False,True,Clostridia,Clostridia,True,True,True,Firmicutes,Bacillota,True,True,True
5b6a595a6fc20f9f06cf625ed712d163,372,1.0,0.0,Caldicoprobacter,,False,False,True,Caldicoprobacteraceae,,False,False,True,Caldicoprobacterales,,False,False,True,Clostridia,,False,True,True,Firmicutes,Bacillota,True,True,True
9d39b90a86fcc29202f4775515a05146,372,0.9956,0.0,midas_g_2400,Terasakiella,False,False,False,Rhodobacteraceae,Terasakiellaceae,False,False,True,Rhodobacterales,Rhodospirillales,False,False,True,Alphaproteobacteria,Alphaproteobacteria,True,True,True,Proteobacteria,Pseudomonadota,True,True,True
520df833871a8a531033d90f108d61a3,377,0.9985,0.0,Actinomyces,Actinomyces,True,True,True,Actinomycetaceae,Actinomycetaceae,True,True,True,Actinomycetales,Actinomycetales,True,True,True,Actinobacteria,Actinomycetes,False,False,True,Actinobacteriota,Actinomycetota,False,False,True
7dcd8f2c853c664b258593426d4590c3,374,1.0,0.0,Christensenellaceae_R-7_group,Candidatus Limiplasma,False,False,True,Christensenellaceae,,False,False,True,Christensenellales,Eubacteriales,False,True,True,Clostridia,Clostridia,True,True,True,Firmicutes,Bacillota,True,True,True
c1e12e70c3095cd1b1091f534242abd3,372,0.999,0.0,Defluviicoccus,,False,True,True,Defluviicoccaceae,,False,False,True,Defluviicoccales,,False,False,True,Alphaproteobacteria,Alphaproteobacteria,True,True,True,Proteobacteria,Pseudomonadota,True,True,True
ee4416ea3d6750d9a8586868330f1ff6,373,0.9966,0.0,midas_g_91981,,False,False,False,UCG-010,,False,False,True,Oscillospirales,,False,False,True,Clostridia,Clostridia,True,True,True,Firmicutes,Bacillota,True,True,True
e3455df1e42e2473c73aabd6238e9d44,376,0.999,0.0,IMCC26207,,False,False,True,Microtrichaceae,Microthrixaceae,False,False,True,Microtrichales,Acidimicrobiales,False,False,True,Acidimicrobiia,Acidimicrobiia,True,True,True,Actinobacteriota,Actinomycetota,False,False,True
76ceb1ce6517ef51bfc231b0a2084eba,372,0.9966,0.0,nan,,False,False,False,Christensenellaceae,,False,True,True,Christensenellales,,False,True,True,Clostridia,,False,True,True,Firmicutes,Bacillota,True,True,True
dbdb30396825379c82448fee2cbe497e,375,0.9922,0.0,nan,,False,False,False,Isosphaeraceae,,False,True,True,Isosphaerales,,False,True,True,Planctomycetes,,False,False,True,Planctomycetota,Planctomycetota,True,True,True
0f97c220b579e7f247036ed1adce5afc,372,0.999,0.0,Devosia,Devosia,True,True,True,Devosiaceae,Devosiaceae,True,True,True,Rhizobiales,Hyphomicrobiales,False,False,True,Alphaproteobacteria,Alphaproteobacteria,True,True,True,Proteobacteria,Pseudomonadota,True,True,True
d6ede5314f1108426fbd0e2612d334d0,374,0.9956,0.0,Pirellula,,False,True,True,Pirellulaceae,Pirellulaceae,True,True,True,Pirellulales,Pirellulales,True,True,True,Planctomycetes,Planctomycetia,False,False,True,Planctomycetota,Planctomycetota,True,True,True
5d09f55ef260c01efb18315a666b6199,369,0.998,0.0,midas_g_1215,Tissierella,False,False,False,Family_XI,Tissierellaceae,False,False,True,Peptostreptococcales-Tissierellales,Tissierellales,False,False,True,Clostridia,Tissierellia,False,True,True,Firmicutes,Bacillota,True,True,True
0b5f1332724e9f07873bad86a8fbc029,374,0.9956,0.0,Chthoniobacter,,False,False,True,Chthoniobacteraceae,,False,True,True,Chthoniobacterales,,False,True,True,Verrucomicrobiae,Spartobacteria,False,False,True,Verrucomicrobiota,Verrucomicrobiota,True,True,True
05ced7360de47d5d168d5e800766013b,372,0.999,0.0,Pseudolabrys,,False,True,True,Xanthobacteraceae,,False,True,True,Rhizobiales,,False,False,True,Alphaproteobacteria,Alphaproteobacteria,True,True,True,Proteobacteria,Pseudomonadota,True,True,True
dec21d55511b3673e457876cc2797df6,372,1.0,0.0,Pseudochrobactrum,,False,True,True,Rhizobiaceae,,False,True,True,Rhizobiales,Hyphomicrobiales,False,False,True,Alphaproteobacteria,Alphaproteobacteria,True,True,True,Proteobacteria,Pseudomonadota,True,True,True
5bbe2a5a01c16cb8363953430baaea87,374,0.9951,0.0,midas_g_25102,,False,False,False,Flexifilaceae,,False,False,True,SBR1031,,False,False,True,Anaerolineae,Chloroflexia,False,True,True,Chloroflexi,Chloroflexota,True,True,True
597e0e7e460f5d0be7030d9da9e27e58,374,0.9971,0.0,Ca_Brevefilum,,False,False,True,Anaerolineaceae,Anaerolineaceae,True,True,True,Anaerolineales,Anaerolineales,True,True,True,Anaerolineae,Anaerolineae,True,True,True,Chloroflexi,Chloroflexota,True,True,True
807e5c070ad04eee21adcd47683dda41,374,1.0,0.0,Ercella,Methanothrix,False,False,True,Hungateiclostridiaceae,Methanotrichaceae,False,False,True,Oscillospirales,Methanotrichales,False,False,True,Clostridia,Methanomicrobia,False,True,True,Firmicutes,Methanobacteriota,False,True,True
d4f7bcef485c713df58bef5a1ceac4b0,373,0.9976,0.0,Polymorphobacter,Sandarakinorhabdus,False,True,True,Sphingomonadaceae,Sphingosinicellaceae,False,True,True,Sphingomonadales,Sphingomonadales,True,True,True,Alphaproteobacteria,Alphaproteobacteria,True,True,True,Proteobacteria,Pseudomonadota,True,True,True
32327bc1b2d1a223d9a447241f2cfb82,368,1.0,0.0,Sphaerochaeta,,False,True,True,Spirochaetaceae,,False,False,True,Spirochaetales,,False,True,True,Spirochaetia,,False,True,True,Spirochaetota,Verrucomicrobiota,False,True,True
882e0de9056d8d06c0973aa7b116e09e,372,1.0,0.0,Methylobacterium-Methylorubrum,Methylobacterium,False,False,True,Beijerinckiaceae,Methylobacteriaceae,False,False,True,Rhizobiales,Hyphomicrobiales,False,False,True,Alphaproteobacteria,Alphaproteobacteria,True,True,True,Proteobacteria,Pseudomonadota,True,True,True
014f2ae2bd69cc0ab8e5ee1ca2963a01,374,0.999,0.0,Syntrophomonas,Cronobacter,False,True,True,Syntrophomonadaceae,Enterobacteriaceae,False,True,True,Syntrophomonadales,Enterobacterales,False,False,True,Syntrophomonadia,Gammaproteobacteria,False,False,True,Firmicutes,Pseudomonadota,False,True,True
51eeae8786b6b3388d60ae581c58d45e,373,1.0,0.0,Acinetobacter,Acinetobacter,True,True,True,Moraxellaceae,Moraxellaceae,True,True,True,Pseudomonadales,Moraxellales,False,False,True,Gammaproteobacteria,Gammaproteobacteria,True,True,True,Proteobacteria,Pseudomonadota,True,True,True
b8498affa9cf12cb08da6f51948f4a69,374,0.9966,0.0,midas_g_115365,,False,False,False,Peptococcaceae,,False,True,True,Peptococcales,Eubacteriales,False,False,True,Clostridia,Clostridia,True,True,True,Firmicutes,Bacillota,True,True,True
e7ce63997dfabeeef0a57cf7324b9a38,371,0.9966,0.0,nan,Clostridium,False,False,False,Caloramatoraceae,Clostridiaceae,False,False,True,Clostridiales,Eubacteriales,False,False,True,Clostridia,Clostridia,True,True,True,Firmicutes,Bacillota,True,True,True
6a56cedcd3fa868b531873970471fd54,363,0.999,,,,False,False,False,,,False,False,False,,,False,False,False,,,False,False,False,,Mycoplasmatota,False,False,False
951e9b0abcfa75745329f789c2130b9d,370,0.9995,,,,False,False,False,,,False,False,False,,Bacteroidales,False,False,False,,Bacteroidia,False,False,False,,Bacteroidota,False,False,False
e7bd1f4dd4c53b791df0120ff747defe,374,0.9971,,,,False,False,False,,,False,False,False,,,False,False,False,,,False,False,False,,Candidatus Cloacimonadota,False,False,False
fc61be973c788fb9d6ed4f5f00e19a35,370,1.0,,,,False,False,False,,Paludibacteraceae,False,False,False,,Bacteroidales,False,False,False,,Bacteroidia,False,False,False,,Bacteroidota,False,False,False
8b541735f380a800e25b1e0a7f433262,374,1.0,,,Candidatus Accumulibacter,False,False,False,,,False,False,False,,,False,False,False,,Betaproteobacteria,False,False,False,,Pseudomonadota,False,False,False
b800c963feb00fb8c515a42b85eb4ceb,370,1.0,,,,False,False,False,,,False,False,False,,Bacteroidales,False,False,False,,Bacteroidia,False,False,False,,Bacteroidota,False,False,False
dec17ecd030a71bf1867316e52e3532c,387,0.9971,0.0,Lentimicrobium,Lentimicrobium,True,True,True,Lentimicrobiaceae,Lentimicrobiaceae,True,True,True,Sphingobacteriales,Bacteroidales,False,False,True,Bacteroidia,Bacteroidia,True,True,True,Bacteroidota,Bacteroidota,True,True,True
5fc0bb2c46108fbe285aee7f247ecd5a,374,0.9971,0.0,midas_g_94288,Acetivibrio,False,False,False,Lutispora,Acetivibrionaceae,False,False,True,Gracilibacteraceae,Acetivibrionales,False,False,True,Clostridia,Clostridia,True,True,True,Firmicutes,Bacillota,True,True,True
fb282bece926443e2ce880ef4c696c6e,373,0.999,0.0,nan,Enterobacter,False,False,False,Enterobacteriaceae,Enterobacteriaceae,True,True,True,Enterobacterales,Enterobacterales,True,True,True,Gammaproteobacteria,Gammaproteobacteria,True,True,True,Proteobacteria,Pseudomonadota,True,True,True
b488bf12e36de9f37c9b3da1febf2c3e,374,0.9961,0.0,midas_g_24413,,False,False,False,Vermiphilaceae,,False,False,True,Babeliales,,False,False,True,Babeliae,,False,False,True,Dependentiae,,False,False,True
e47e7a777e94141d9ca4d03a24c43c22,373,0.9961,0.0,midas_g_52955,Neglectibacter,False,False,False,Ruminococcaceae,Oscillospiraceae,False,False,True,Oscillospirales,Eubacteriales,False,False,True,Clostridia,Clostridia,True,True,True,Firmicutes,Bacillota,True,True,True
331b2c7da556a639972cc9b2d8a31aa8,374,0.998,0.0,midas_g_1716,,False,False,False,Arenicellaceae,,False,False,True,Arenicellales,,False,False,True,Gammaproteobacteria,Gammaproteobacteria,True,True,True,Proteobacteria,Pseudomonadota,True,True,True
89c962e2643e3c9af6fa5614a3e57003,374,1.0,0.0,Azonexus,,False,False,True,Rhodocyclaceae,,False,False,True,Burkholderiales,,False,False,True,Gammaproteobacteria,,False,False,True,Proteobacteria,,False,True,True
2b810d05c55b0e9f8dda84a275803f71,369,0.999,0.0,midas_g_75908,,False,False,False,Serpentinicella,Clostridiaceae,False,False,True,Peptostreptococcales-Tissierellales,Eubacteriales,False,False,True,Clostridia,Clostridia,True,True,True,Firmicutes,Bacillota,True,True,True
6cec0bfed5ae5027a2002e200c4f71eb,374,0.999,0.0,nan,Aquilutibacter,False,False,False,Xanthomonadaceae,Lysobacteraceae,False,False,True,Xanthomonadales,Lysobacterales,False,False,True,Gammaproteobacteria,Gammaproteobacteria,True,True,True,Proteobacteria,Pseudomonadota,True,True,True
3b54387c342aed1bbfc6586fdf74ffc6,374,1.0,0.0,Longilinea,,False,True,True,Anaerolineaceae,,False,True,True,Anaerolineales,,False,True,True,Anaerolineae,,False,True,True,Chloroflexi,Candidatus Berkelbacteria,False,True,True
66d2801e670d80e47a383b655213cf55,372,0.9956,0.0,midas_g_2400,Aestuariivirga,False,False,False,Rhodobacteraceae,Aestuariivirgaceae,False,False,True,Rhodobacterales,Hyphomicrobiales,False,False,True,Alphaproteobacteria,Alphaproteobacteria,True,True,True,Proteobacteria,Pseudomonadota,True,True,True
4fdb441ce30cb8a04ddd4c7b24e39ae2,375,0.999,0.0,midas_g_739,Ornithinimicrobium,False,False,False,Dermatophilaceae,Ornithinimicrobiaceae,False,True,True,Micrococcales,Micrococcales,True,True,True,Actinobacteria,Actinomycetes,False,False,True,Actinobacteriota,Actinomycetota,False,False,True
94c987167d228d5d7c91fde448e1cb6f,371,0.9985,0.0,Aminivibrio,,False,True,True,Synergistaceae,Aminobacteriaceae,False,True,True,Synergistales,Synergistales,True,True,True,Synergistia,Synergistia,True,True,True,Synergistota,Synergistota,True,True,True
11504835fb7658d601b4ff78ac3173dc,374,0.9971,0.0,midas_g_109879,Thermoclostridium,False,False,False,Hungateiclostridiaceae,Oscillospiraceae,False,False,True,Oscillospirales,Eubacteriales,False,False,True,Clostridia,Clostridia,True,True,True,Firmicutes,Bacillota,True,True,True
b06e7e4b55119e4733d40e44a8abf70e,374,0.9922,0.0,nan,,False,False,False,nan,,False,False,False,nan,,False,False,False,nan,,False,False,False,Firmicutes,,False,True,True
4c377ed4a13484a07dffc1121a98a02c,372,0.999,0.0,nan,Rhizobium,False,False,False,Rhizobiaceae,Rhizobiaceae,True,True,True,Rhizobiales,Hyphomicrobiales,False,False,True,Alphaproteobacteria,Alphaproteobacteria,True,True,True,Proteobacteria,Pseudomonadota,True,True,True
67d143ab6e193466450c7a998b92092b,373,0.9946,0.0,nan,,False,False,False,Syntrophobotulaceae,Peptococcaceae,False,False,True,Desulfitobacteriales,Eubacteriales,False,False,True,Desulfitobacteriia,Clostridia,False,False,True,Firmicutes,Bacillota,True,True,True
cdfbfbaaeefc8ad48995e3953a7ed409,371,0.9961,0.0,nan,Paenibacillus,False,False,False,nan,Paenibacillaceae,False,False,False,nan,Caryophanales,False,False,False,Bacilli,Bacilli,True,True,True,Firmicutes,Bacillota,True,True,True
cb3f42ad378ddeda014d895db355586b,374,1.0,0.0,Actinomyces,Actinomyces,True,True,True,Actinomycetaceae,Actinomycetaceae,True,True,True,Actinomycetales,Actinomycetales,True,True,True,Actinobacteria,Actinomycetes,False,False,True,Actinobacteriota,Actinomycetota,False,False,True
a8615f5ca1d297895cc840a75212b907,374,1.0,0.0,Smithella,,False,False,True,Smithellaceae,Smithellaceae,True,True,True,Syntrophales,Syntrophales,True,True,True,Syntrophia,Syntrophia,True,True,True,Desulfobacterota,Thermodesulfobacteriota,False,False,True
c93a843b39949238201808402b1961af,369,0.9985,,,Mycobacterium,False,False,False,,Mycobacteriaceae,False,False,False,,Mycobacteriales,False,False,False,,Actinomycetes,False,False,False,,Actinomycetota,False,False,False
1fe612d44adcd7a6a0efbc7ad770fb38,374,0.9966,0.0,midas_g_9913,,False,False,False,Anaerolineaceae,,False,False,True,Anaerolineales,Anaerolineales,True,True,True,Anaerolineae,Anaerolineae,True,True,True,Chloroflexi,Chloroflexota,True,True,True
79e2b6d098bc24e051a82e3d618d416f,374,1.0,0.0,Legionella,Legionella,True,True,True,Legionellaceae,Legionellaceae,True,True,True,Legionellales,Legionellales,True,True,True,Gammaproteobacteria,Gammaproteobacteria,True,True,True,Proteobacteria,Pseudomonadota,True,True,True
968d645ed5e3c0c4d5aca134f0a331c6,371,0.9941,0.0,midas_g_85764,,False,False,False,UCG-010,,False,False,True,Oscillospirales,Eubacteriales,False,False,True,Clostridia,Clostridia,True,True,True,Firmicutes,Bacillota,True,True,True
e99169633801b8aba8a6ae89e0ee2a26,371,0.9995,0.0,Paraclostridium,Paraclostridium,True,True,True,Peptostreptococcaceae,Peptostreptococcaceae,True,True,True,Peptostreptococcales-Tissierellales,Peptostreptococcales,False,False,True,Clostridia,Clostridia,True,True,True,Firmicutes,Bacillota,True,True,True
27bf144e99719b4fc317b863187fbb02,391,0.9863,0.0,midas_g_15299,,False,False,False,Rikenellaceae,,False,True,True,Bacteroidales,Bacteroidales,True,True,True,Bacteroidia,Bacteroidia,True,True,True,Bacteroidota,Bacteroidota,True,True,True
0b3409f24cff7c6aaaf882bfd4dff493,374,1.0,,,,False,False,False,,,False,False,False,,Syntrophobacterales,False,False,False,,Syntrophobacteria,False,False,False,,Thermodesulfobacteriota,False,False,False
d3f5664e0b0ff1d9e8c033e68287b955,374,1.0,,,,False,False,False,,Syntrophomonadaceae,False,False,False,,Eubacteriales,False,False,False,,Clostridia,False,False,False,,Bacillota,False,False,False
4eb5104c00849c7945edc8157a171dc6,374,1.0,,,,False,False,False,,,False,False,False,,,False,False,False,,,False,False,False,,Candidatus Melainabacteria,False,False,False
7b93ff9b2b7ff23722305deb2a9ef5a6,395,0.9956,0.0,Methanosarcina,Methanosarcina,True,True,True,Methanosarcinaceae,Methanosarcinaceae,True,True,True,Methanosarciniales,Methanosarcinales,False,False,True,Methanosarcinia,Methanomicrobia,False,False,True,Halobacterota,Methanobacteriota,False,False,True
5123dd9ee5dd0ff1f650715fceb6a18b,374,0.998,0.0,nan,,False,False,False,Gracilibacter,,False,False,True,Gracilibacteraceae,Bacteroidales,False,False,True,Clostridia,Bacteroidia,False,True,True,Firmicutes,Bacteroidota,False,True,True
5b7a288e8ea092f67f03a49612946d43,402,0.998,0.0,nan,Methanobrevibacter,False,False,False,Methanobacteriaceae,Methanobacteriaceae,True,True,True,Methanobacteriales,Methanobacteriales,True,True,True,Methanobacteria,Methanobacteria,True,True,True,Euryarchaeota,Methanobacteriota,True,True,True
03d388b8f22b5b0c867f9fd46a649622,372,0.9966,0.0,nan,,False,False,False,Christensenellaceae,,False,True,True,Christensenellales,,False,True,True,Clostridia,,False,True,True,Firmicutes,Bacillota,True,True,True
506750e38fe1cebfe10a707f61a69479,372,0.9995,0.0,nan,Burkholderia,False,False,False,nan,Burkholderiaceae,False,False,False,Burkholderiales,Burkholderiales,True,True,True,Gammaproteobacteria,Betaproteobacteria,False,False,True,Proteobacteria,Pseudomonadota,True,True,True
25668c0238f943ae425391ec3054a4d0,372,1.0,0.0,nan,Rhodoferax,False,False,False,Comamonadaceae,Comamonadaceae,True,True,True,Burkholderiales,Burkholderiales,True,True,True,Gammaproteobacteria,Betaproteobacteria,False,True,True,Proteobacteria,Pseudomonadota,True,True,True
3ec5ac546f36cb0a6d6b41ea94437fd6,374,1.0,0.0,Sporosarcina,Bacillus,False,True,True,Planococcaceae,Bacillaceae,False,False,True,Bacillales,Caryophanales,False,False,True,Bacilli,Bacilli,True,True,True,Firmicutes,Bacillota,True,True,True
1191fe2ebce22f74b6596d9d91475abf,374,0.9976,0.0,Caldicoprobacter,Gracilibacter,False,False,True,Caldicoprobacteraceae,Gracilibacteraceae,False,False,True,Caldicoprobacterales,Eubacteriales,False,False,True,Clostridia,Clostridia,True,True,True,Firmicutes,Bacillota,True,True,True
58a2d5b3e1ddfcaf493f61028578cc92,375,0.9985,0.0,midas_g_8808,Desulfomonile,False,False,False,Isosphaeraceae,Desulfomonilaceae,False,True,True,Isosphaerales,Desulfomonilales,False,True,True,Planctomycetes,Desulfomonilia,False,False,True,Planctomycetota,Thermodesulfobacteriota,False,True,True
7380f2dbd0ed772394d1ec7413371fd5,371,0.9966,0.0,midas_g_1221,Candidatus Kuenenia,False,False,False,Rubinisphaeraceae,Candidatus Brocadiaceae,False,False,True,Planctomycetales,Candidatus Brocadiales,False,True,True,Planctomycetes,Candidatus Brocadiia,False,False,True,Planctomycetota,Planctomycetota,True,True,True
8f6e77dd37d82d5d60ee21867f52f9e4,373,1.0,0.0,midas_g_1979,,False,False,False,midas_f_1979,,False,False,False,midas_o_1979,,False,False,False,Limnochordia,,False,False,True,Firmicutes,Bacillota,True,True,True
b7b7b13db34b15898a31873237c7932a,374,0.9985,0.0,Syntrophobacter,,False,True,True,Syntrophobacteraceae,Syntrophobacteraceae,True,True,True,Syntrophobacterales,Syntrophobacterales,True,True,True,Syntrophobacteria,Syntrophobacteria,True,True,True,Desulfobacterota,Thermodesulfobacteriota,False,False,True
88811f3c000a695490dfaba4702345a6,372,0.9902,0.0,midas_g_96074,,False,False,False,midas_f_63015,Spirochaetaceae,False,False,False,Clostridia_vadinBB60_group,Spirochaetales,False,False,True,Clostridia,Spirochaetia,False,True,True,Firmicutes,Spirochaetota,False,True,True
46fcb071239921902d1df130f863599c,375,0.9961,0.0,Ruminiclostridium,,False,True,True,Hungateiclostridiaceae,,False,False,True,Oscillospirales,,False,False,True,Clostridia,,False,True,True,Firmicutes,Bacillota,True,True,True
29ffed0e67cdfb55f16960a8f8428cb5,376,0.999,0.0,Pseudonocardia,,False,True,True,Pseudonocardiaceae,,False,True,True,Pseudonocardiales,,False,True,True,Actinobacteria,,False,False,True,Actinobacteriota,Actinomycetota,False,False,True
a5a1519fb2b6c41d9cbc7937a35a9e32,373,0.999,0.0,Novosphingobium,Novosphingobium,True,True,True,Sphingomonadaceae,Sphingomonadaceae,True,True,True,Sphingomonadales,Sphingomonadales,True,True,True,Alphaproteobacteria,Alphaproteobacteria,True,True,True,Proteobacteria,Pseudomonadota,True,True,True
e8a98ce984ee0d66515ea055e525930b,370,0.999,0.0,Ca_Megaira,Rickettsia,False,False,True,Rickettsiaceae,Rickettsiaceae,True,True,True,Rickettsiales,Rickettsiales,True,True,True,Alphaproteobacteria,Alphaproteobacteria,True,True,True,Proteobacteria,Pseudomonadota,True,True,True
a81cdbf7c63d89c325cb7ef0766f27f1,373,0.9927,0.0,nan,Bacteroides,False,False,False,UCG-010,Bacteroidaceae,False,False,True,Oscillospirales,Bacteroidales,False,False,True,Clostridia,Bacteroidia,False,True,True,Firmicutes,Bacteroidota,False,True,True
0d0ce1c9fb76a8c707691b0f3a9f7a71,374,0.9976,0.0,Christensenellaceae_R-7_group,,False,False,True,Christensenellaceae,,False,False,True,Christensenellales,,False,True,True,Clostridia,,False,True,True,Firmicutes,Candidatus Saccharimonadota,False,True,True
44c8b9c58c1fcec63fc77db189334c81,372,0.999,0.0,Hyphomicrobium,,False,True,True,Hyphomicrobiaceae,,False,True,True,Rhizobiales,,False,False,True,Alphaproteobacteria,Alphaproteobacteria,True,True,True,Proteobacteria,Pseudomonadota,True,True,True
df24931eef177828ec0d0b347ec6cf02,353,0.9775,0.0,nan,,False,False,False,nan,Muribaculaceae,False,False,False,nan,Bacteroidales,False,False,False,nan,Bacteroidia,False,False,False,nan,Bacteroidota,False,False,False
7fc016100eca426d7fdf7f8abd29a67c,374,0.9966,0.0,nan,,False,False,False,nan,Lachnospiraceae,False,False,False,Oscillospirales,Lachnospirales,False,False,True,Clostridia,Clostridia,True,True,True,Firmicutes,Bacillota,True,True,True
ffa712fb62fa7468337cc7e0f0c527c3,378,1.0,0.0,Methanobacterium,Methanobacterium,True,True,True,Methanobacteriaceae,Methanobacteriaceae,True,True,True,Methanobacteriales,Methanobacteriales,True,True,True,Methanobacteria,Methanobacteria,True,True,True,Euryarchaeota,Methanobacteriota,True,True,True
b6b373e4adb9c081da6a2499547960c7,372,1.0,0.0,midas_g_2538,,False,False,False,midas_f_55,,False,False,False,Aminicenantales,,False,False,True,Aminicenantia,,False,False,True,Acidobacteriota,Acidobacteriota,True,True,True
b8b153dc28937eced2dad92fa7f542cb,374,0.9956,0.0,midas_g_2506,Halothermothrix,False,False,False,midas_f_112,Halothermotrichaceae,False,False,False,MBA03,Halanaerobiales,False,False,True,Limnochordia,Clostridia,False,False,True,Firmicutes,Bacillota,True,True,True
7f26e242060257e98029fcaad8b88db9,372,0.9971,0.0,Cellulosilyticum,Cellulosilyticum,True,True,True,Lachnospiraceae,Cellulosilyticaceae,False,True,True,Lachnospirales,Lachnospirales,True,True,True,Clostridia,Clostridia,True,True,True,Firmicutes,Bacillota,True,True,True
8067fd3f7aedca5f755d76ba6d001ecc,373,1.0,0.0,UCG-002,Vescimonas,False,False,True,Oscillospiraceae,Oscillospiraceae,True,True,True,Oscillospirales,Eubacteriales,False,False,True,Clostridia,Clostridia,True,True,True,Firmicutes,Bacillota,True,True,True
341ffe203147e821ef8fc61a221e53eb,372,0.999,0.0,Ca_Alysiosphaera,,False,False,True,Geminicoccaceae,Geminicoccaceae,True,True,True,Tistrellales,Geminicoccales,False,False,True,Alphaproteobacteria,Alphaproteobacteria,True,True,True,Proteobacteria,Pseudomonadota,True,True,True
da9b9d254bc05bd32ff186a046fedf37,374,0.9961,0.0,Pirellula,,False,False,True,Pirellulaceae,Pirellulaceae,True,True,True,Pirellulales,Pirellulales,True,True,True,Planctomycetes,Planctomycetia,False,False,True,Planctomycetota,Planctomycetota,True,True,True
f453adbb26cf3d1efef5c3629bbf654d,372,0.9995,0.0,nan,,False,False,False,Xanthobacteraceae,,False,False,True,Rhizobiales,,False,False,True,Alphaproteobacteria,Alphaproteobacteria,True,True,True,Proteobacteria,Pseudomonadota,True,True,True
02ea17d797fcd9ffbf9d5e3644039b1c,374,0.998,0.0,nan,Saccharofermentans,False,False,False,Hungateiclostridiaceae,Oscillospiraceae,False,False,True,Oscillospirales,Eubacteriales,False,False,True,Clostridia,Clostridia,True,True,True,Firmicutes,Bacillota,True,True,True
1dd54482446cd8882dfd4fc7d128da40,375,0.9971,0.0,midas_g_765,,False,False,False,midas_f_765,,False,False,False,midas_o_765,,False,False,False,WCHB1-81,,False,False,True,Actinobacteriota,Actinomycetota,False,False,True
52ac87abfa970ee890f4bfb7ce0f1337,368,0.998,0.0,midas_g_33659,,False,False,False,midas_f_16343,Acutalibacteraceae,False,False,False,Izemoplasmatales,Eubacteriales,False,False,True,Bacilli,Clostridia,False,True,True,Firmicutes,Bacillota,True,True,True
346f4cf3bc35393efe4260b2f0b1966d,374,0.9966,0.0,Verrucomicrobium,Verrucomicrobium,True,True,True,Verrucomicrobiaceae,Verrucomicrobiaceae,True,True,True,Verrucomicrobiales,Verrucomicrobiales,True,True,True,Verrucomicrobiae,Verrucomicrobiia,False,False,True,Verrucomicrobiota,Verrucomicrobiota,True,True,True
05cd3e6e3d718a12823c6bbb39645689,389,0.9927,0.0,Petrimonas,Prevotella,False,True,True,Dysgonomonadaceae,Prevotellaceae,False,True,True,Bacteroidales,Bacteroidales,True,True,True,Bacteroidia,Bacteroidia,True,True,True,Bacteroidota,Bacteroidota,True,True,True
4e73d26557436d233aea34f6a5371895,374,0.9961,0.0,UCG-009,,False,False,True,Butyricicoccaceae,,False,True,True,Oscillospirales,,False,False,True,Clostridia,Clostridia,True,True,True,Firmicutes,Bacillota,True,True,True
44e8289188f3e0139151462805c84f90,374,0.9976,0.0,Christensenellaceae_R-7_group,,False,False,True,Christensenellaceae,,False,True,True,Christensenellales,Eubacteriales,False,True,True,Clostridia,Clostridia,True,True,True,Firmicutes,Bacillota,True,True,True
66a4777d24bf1ea8d458266ff7f08cfd,374,0.998,0.0,Christensenellaceae_R-7_group,,False,False,True,Christensenellaceae,,False,False,True,Christensenellales,Christensenellales,True,True,True,Clostridia,Clostridia,True,True,True,Firmicutes,Bacillota,True,True,True
37376f3bdaca3bbd8c0eabde3b65c9a8,373,1.0,0.0,Clostridium_sensu_stricto_1,Clostridium,False,False,True,Clostridiaceae,Clostridiaceae,True,True,True,Clostridiales,Eubacteriales,False,False,True,Clostridia,Clostridia,True,True,True,Firmicutes,Bacillota,True,True,True
7c8a44a5a37e7afc0e7ccfddef0dbba5,369,0.9985,0.0,midas_g_1981,Gudongella,False,False,False,Family_XI,Tissierellaceae,False,False,True,Peptostreptococcales-Tissierellales,Tissierellales,False,False,True,Clostridia,Tissierellia,False,True,True,Firmicutes,Bacillota,True,True,True
114cdf597c818ff8382b6dc6075483ee,373,0.9961,,,,False,False,False,,,False,False,False,,Eubacteriales,False,False,False,,Clostridia,False,False,False,,Bacillota,False,False,False
52fb28de37b20bccb60112277a3b7c8b,375,1.0,,,,False,False,False,,,False,False,False,,,False,False,False,,,False,False,False,,Minisyncoccota,False,False,False
43bd75d8b401c403c3a5e8bd8c343540,374,0.9937,,,,False,False,False,,,False,False,False,,Anaerolineales,False,False,False,,Anaerolineae,False,False,False,,Chloroflexota,False,False,False
4b99ad27979703cf85b4166c91bfa04d,387,0.9971,0.0,Lentimicrobium,Lentimicrobium,True,True,True,Lentimicrobiaceae,Lentimicrobiaceae,True,True,True,Sphingobacteriales,Bacteroidales,False,False,True,Bacteroidia,Bacteroidia,True,True,True,Bacteroidota,Bacteroidota,True,True,True
84f0bed445af5694e5b98998ffde30a8,377,1.0,0.0,Mycobacterium,Mycobacterium,True,True,True,Mycobacteriaceae,Mycobacteriaceae,True,True,True,Corynebacteriales,Mycobacteriales,False,False,True,Actinobacteria,Actinomycetes,False,False,True,Actinobacteriota,Actinomycetota,False,False,True
bcebf60c83721eb2fd57f1ddb53c6058,374,1.0,0.0,Legionella,Legionella,True,True,True,Legionellaceae,Legionellaceae,True,True,True,Legionellales,Legionellales,True,True,True,Gammaproteobacteria,Gammaproteobacteria,True,True,True,Proteobacteria,Pseudomonadota,True,True,True
c94e801a01830b859c8402d61787965f,378,0.999,0.0,Methanobacterium,Methanobacterium,True,True,True,Methanobacteriaceae,Methanobacteriaceae,True,True,True,Methanobacteriales,Methanobacteriales,True,True,True,Methanobacteria,Methanobacteria,True,True,True,Euryarchaeota,Methanobacteriota,True,True,True
9b0365b5a27348e323235f03eb91b153,377,1.0,0.0,midas_g_399,,False,False,False,midas_f_5,,False,False,False,midas_o_5,Candidatus Nanopelagicales,False,False,False,Actinobacteria,Actinomycetes,False,False,True,Actinobacteriota,Actinomycetota,False,False,True
fab2c4c54cd5034675223cf06e3eb8c2,372,0.999,0.0,midas_g_877,Devosia,False,False,False,Devosiaceae,Devosiaceae,True,True,True,Rhizobiales,Hyphomicrobiales,False,False,True,Alphaproteobacteria,Alphaproteobacteria,True,True,True,Proteobacteria,Pseudomonadota,True,True,True
5921e25af2acb3d6f297ce40e0373ecd,368,0.998,0.0,midas_g_20878,,False,False,False,midas_f_16343,,False,False,False,Izemoplasmatales,,False,False,True,Bacilli,Caldisericia,False,True,True,Firmicutes,Caldisericota,False,True,True
390239bf01b14308adb01f1634c4b99c,378,1.0,0.0,Methanobrevibacter,Methanobrevibacter,True,True,True,Methanobacteriaceae,Methanobacteriaceae,True,True,True,Methanobacteriales,Methanobacteriales,True,True,True,Methanobacteria,Methanobacteria,True,True,True,Euryarchaeota,Methanobacteriota,True,True,True
60c0c1f05c6aa0881583afbe565c5323,376,0.9961,0.0,midas_g_5241,,False,False,False,midas_f_2296,,False,False,False,midas_o_796,,False,False,False,midas_c_796,,False,False,False,WS1,Armatimonadota,False,False,True
26d527b73ea4ab711c0bf740b69fbfeb,374,0.9961,0.0,midas_g_4860,,False,False,False,midas_f_4245,,False,False,False,RBG-13-54-9,,False,False,True,Anaerolineae,Anaerolineae,True,True,True,Chloroflexi,Chloroflexota,True,True,True
c4a386b001291fa4bda56b6eb40173b6,371,0.9912,0.0,midas_g_1714,,False,False,False,midas_f_1714,,False,False,False,Aminicenantales,,False,False,True,Aminicenantia,,False,False,True,Acidobacteriota,Myxococcota,False,True,True
4ceda7391cbf9cebcf0484faad59687b,373,0.9888,0.0,midas_g_109927,,False,False,False,Halobacteroidaceae,,False,False,True,Halanaerobiales,,False,False,True,Halanaerobiia,Gammaproteobacteria,False,False,True,Halanaerobiaeota,Pseudomonadota,False,False,True
110f5c1e92f18f2cdc7af78a035555a7,370,0.9995,0.0,nan,,False,False,False,Holosporaceae,,False,False,True,Holosporales,,False,True,True,Alphaproteobacteria,Alphaproteobacteria,True,True,True,Proteobacteria,Pseudomonadota,True,True,True
0c4b95d668645a2a85addfe2f084b6f2,375,1.0,0.0,Mycobacterium,,False,True,True,Mycobacteriaceae,,False,True,True,Corynebacteriales,,False,False,True,Actinobacteria,,False,False,True,Actinobacteriota,Actinomycetota,False,False,True
3890b069eb54ede0917072f32a071c12,374,0.9985,0.0,Christensenellaceae_R-7_group,,False,False,True,Christensenellaceae,Christensenellaceae,True,True,True,Christensenellales,Christensenellales,True,True,True,Clostridia,Clostridia,True,True,True,Firmicutes,Bacillota,True,True,True
7eea950c837e9a07539bc8deadb18ccd,374,0.9961,0.0,midas_g_7232,,False,False,False,Christensenellaceae,Christensenellaceae,True,True,True,Christensenellales,Christensenellales,True,True,True,Clostridia,Clostridia,True,True,True,Firmicutes,Bacillota,True,True,True
d940283de678b9ef93da553438afcd90,372,1.0,0.0,midas_g_11150,,False,False,False,Methyloligellaceae,,False,False,True,Rhizobiales,,False,False,True,Alphaproteobacteria,Alphaproteobacteria,True,True,True,Proteobacteria,Pseudomonadota,True,True,True
554686cea3283b156638818673bd7f53,371,0.999,0.0,Proteiniborus,Proteiniborus,True,True,True,Proteiniboraceae,,False,False,True,Peptostreptococcales-Tissierellales,Eubacteriales,False,False,True,Clostridia,Clostridia,True,True,True,Firmicutes,Bacillota,True,True,True
7f52ee67403fedcc4a7ddae34cd0e7a4,372,0.9995,0.0,Rhodobacter,Sediminibacterium,False,False,True,Rhodobacteraceae,Chitinophagaceae,False,False,True,Rhodobacterales,Chitinophagales,False,True,True,Alphaproteobacteria,Chitinophagia,False,True,True,Proteobacteria,Bacteroidota,False,True,True
50af975bdb69f3f8359160d177493dc6,374,0.9971,0.0,midas_g_99792,,False,False,False,midas_f_46690,,False,False,False,Oscillospirales,Victivallales,False,False,True,Clostridia,Lentisphaeria,False,True,True,Firmicutes,Lentisphaerota,False,True,True
a5f0eb48a3a77f5fe2faa3b9571dc6b6,372,0.9985,0.0,Hyphomicrobium,,False,True,True,Hyphomicrobiaceae,,False,True,True,Rhizobiales,,False,False,True,Alphaproteobacteria,Alphaproteobacteria,True,True,True,Proteobacteria,Pseudomonadota,True,True,True
3e8c3a8b8d144e5a10adb57a7cc517da,372,0.998,0.0,Pedomicrobium,,False,False,True,Hyphomicrobiaceae,,False,True,True,Rhizobiales,,False,False,True,Alphaproteobacteria,Alphaproteobacteria,True,True,True,Proteobacteria,Pseudomonadota,True,True,True
96e13bb8e776c83458e2b282cd3e44e0,372,0.9995,0.0,nan,Bradyrhizobium,False,False,False,Xanthobacteraceae,Nitrobacteraceae,False,False,True,Rhizobiales,Hyphomicrobiales,False,False,True,Alphaproteobacteria,Alphaproteobacteria,True,True,True,Proteobacteria,Pseudomonadota,True,True,True
245b33b8928a2d472035cfcc336caddb,370,0.9985,0.0,nan,,False,False,False,nan,Anaerolineaceae,False,False,False,Ca_Woesebacteria,Anaerolineales,False,False,True,Microgenomatia,Anaerolineae,False,False,True,Patescibacteria,Chloroflexota,False,False,True
e587cd60e62e6c08ac653bef4e935304,374,0.9976,0.0,midas_g_2702,,False,False,False,Anaerolineaceae,Anaerolineaceae,True,True,True,Anaerolineales,Anaerolineales,True,True,True,Anaerolineae,Anaerolineae,True,True,True,Chloroflexi,Chloroflexota,True,True,True
781af70eed8b17d285d44f49d836a48e,372,0.9956,0.0,Inquilinus,Inquilinus,True,True,True,Inquilinaceae,Rhodospirillaceae,False,False,True,Azospirillales,Rhodospirillales,False,False,True,Alphaproteobacteria,Alphaproteobacteria,True,True,True,Proteobacteria,Pseudomonadota,True,True,True
1fe5ac555eb14e8844d872f1061c429f,372,0.9995,0.0,nan,Shinella,False,False,False,Rhizobiaceae,Rhizobiaceae,True,True,True,Rhizobiales,Hyphomicrobiales,False,False,True,Alphaproteobacteria,Alphaproteobacteria,True,True,True,Proteobacteria,Pseudomonadota,True,True,True
8d1e64ee4aa50278de70ddd89e5c3665,373,1.0,0.0,Gemmata,,False,False,True,Gemmataceae,,False,True,True,Gemmatales,Bacteroidales,False,True,True,Planctomycetes,Bacteroidia,False,False,True,Planctomycetota,Bacteroidota,False,True,True
92862fbe6ff344c8964156b2a0b424cc,372,0.9858,0.0,midas_g_33170,,False,False,False,midas_f_33170,,False,False,False,midas_o_33170,,False,False,False,midas_c_33170,,False,False,False,Proteobacteria,,False,True,True
076f9a4680cc7c0f8cee8a887ae40f4a,372,0.9995,0.0,Paracoccus,Paracoccus,True,True,True,Rhodobacteraceae,Paracoccaceae,False,False,True,Rhodobacterales,Rhodobacterales,True,True,True,Alphaproteobacteria,Alphaproteobacteria,True,True,True,Proteobacteria,Pseudomonadota,True,True,True
5ef194c523178b714e804757a3218c3a,373,1.0,0.0,Exilispira,,False,False,True,midas_f_1454,Spirochaetaceae,False,False,False,Brachyspirales,Spirochaetales,False,False,True,Brachyspirae,Spirochaetia,False,False,True,Spirochaetota,Spirochaetota,True,True,True
4b3f93408aee639f8a0d3499050b9ff3,374,0.9985,0.0,Clostridium_sensu_stricto_9,Clostridium,False,False,True,Clostridiaceae,Clostridiaceae,True,True,True,Clostridiales,Eubacteriales,False,False,True,Clostridia,Clostridia,True,True,True,Firmicutes,Bacillota,True,True,True
b5a4aad370e78b9f833c9424031c44ec,378,0.9995,0.0,Methanolobus,Methanolobus,True,True,True,Methanosarcinaceae,Methanosarcinaceae,True,True,True,Methanosarciniales,Methanosarcinales,False,False,True,Methanosarcinia,Methanomicrobia,False,False,True,Halobacterota,Methanobacteriota,False,False,True
090b23760e2b4c99732ad0ce04fa8ac2,374,0.9966,0.0,midas_g_110783,,False,False,False,JG30-KF-CM45,,False,False,True,Thermomicrobiales,,False,True,True,Chloroflexia,Chloroflexia,True,True,True,Chloroflexi,Chloroflexota,True,True,True
3196bc82f5a5ddf5efff5dfd48579b60,372,1.0,0.0,Planctopirus,Planctellipticum,False,True,True,Schlesneriaceae,Planctomycetaceae,False,False,True,Planctomycetales,Planctomycetales,True,True,True,Planctomycetes,Planctomycetia,False,False,True,Planctomycetota,Planctomycetota,True,True,True
1e37d3623e8679bea135824898326438,374,0.9951,0.0,midas_g_114638,,False,False,False,midas_f_43544,,False,False,False,midas_o_1194,,False,False,False,midas_c_55,Candidatus Xenobia,False,False,False,WPS-2,Vulcanimicrobiota,False,False,True
de1e619dc7f15e1df4639581d8f08666,372,1.0,0.0,midas_g_13,,False,False,False,midas_f_13,,False,False,False,midas_o_13,,False,False,False,D8A-2,,False,False,True,Firmicutes,Bacillota,True,True,True
261ea1a5459096d6d6d7a6c03a0800ef,374,0.9971,0.0,Ruminiclostridium,Candidatus Brocadia,False,True,True,Hungateiclostridiaceae,Candidatus Brocadiaceae,False,False,True,Oscillospirales,Candidatus Brocadiales,False,False,True,Clostridia,Candidatus Brocadiia,False,True,True,Firmicutes,Planctomycetota,False,True,True
2f94ec758afccdb570dcc9fd5080e5c4,372,0.9995,0.0,nan,Mesorhizobium,False,False,False,Rhizobiaceae,Phyllobacteriaceae,False,True,True,Rhizobiales,Hyphomicrobiales,False,False,True,Alphaproteobacteria,Alphaproteobacteria,True,True,True,Proteobacteria,Pseudomonadota,True,True,True
9e2b122adf540f378ae4674b70ffa70d,373,0.9961,0.0,Coxiella,,False,False,True,Coxiellaceae,,False,False,True,Coxiellales,,False,False,True,Gammaproteobacteria,Gammaproteobacteria,True,True,True,Proteobacteria,Pseudomonadota,True,True,True
97d46cb66b426e54414d29f5c60c740a,375,0.999,0.0,nan,,False,False,False,Kineosporiaceae,,False,True,True,Kineosporiales,,False,True,True,Actinobacteria,,False,False,True,Actinobacteriota,Actinomycetota,False,False,True
87c488a6467b31c46a8e05912b6a0d09,373,0.9951,0.0,midas_g_2455,,False,False,False,Lutispora,Oscillospiraceae,False,False,True,Gracilibacteraceae,Eubacteriales,False,False,True,Clostridia,Clostridia,True,True,True,Firmicutes,Bacillota,True,True,True
fc9125c17dc8e3db85b070f0c8457f7b,374,0.999,0.0,Christensenellaceae_R-7_group,,False,False,True,Christensenellaceae,,False,False,True,Christensenellales,Eubacteriales,False,True,True,Clostridia,Clostridia,True,True,True,Firmicutes,Bacillota,True,True,True
831cff0214f7446fab90ddfedf7bfcee,372,0.999,0.0,Chthonobacter,Chthonobacter,True,True,True,Pleomorphomonadaceae,Pleomorphomonadaceae,True,True,True,Rhizobiales,Hyphomicrobiales,False,False,True,Alphaproteobacteria,Alphaproteobacteria,True,True,True,Proteobacteria,Pseudomonadota,True,True,True
8fbc49c6f3ec10b319e77d0a2ed2204f,374,0.9985,0.0,midas_g_4116,Saccharofermentans,False,False,False,Hungateiclostridiaceae,Oscillospiraceae,False,False,True,Oscillospirales,Eubacteriales,False,False,True,Clostridia,Clostridia,True,True,True,Firmicutes,Bacillota,True,True,True
17e2d5f6e5fc504e01e29c78e545e138,378,0.9985,0.0,Methanobacterium,Methanobacterium,True,True,True,Methanobacteriaceae,Methanobacteriaceae,True,True,True,Methanobacteriales,Methanobacteriales,True,True,True,Methanobacteria,Methanobacteria,True,True,True,Euryarchaeota,Methanobacteriota,True,True,True
c983ca27c4dffb6920f6059c696adbc2,374,0.9966,0.0,midas_g_116339,,False,False,False,Christensenellaceae,Christensenellaceae,True,True,True,Christensenellales,Christensenellales,True,True,True,Clostridia,Clostridia,True,True,True,Firmicutes,Bacillota,True,True,True
53303fb50c16833ed95f7bd85950456e,374,1.0,0.0,midas_g_2408,,False,False,False,Hungateiclostridiaceae,,False,False,True,Oscillospirales,,False,False,True,Clostridia,,False,True,True,Firmicutes,Candidatus Cloacimonadota,False,True,True
4caeeec76b63970fd73a62f3d9c522ef,373,0.9941,0.0,Christensenellaceae_R-7_group,,False,False,True,Christensenellaceae,Christensenellaceae,True,True,True,Christensenellales,Christensenellales,True,True,True,Clostridia,Clostridia,True,True,True,Firmicutes,Bacillota,True,True,True
df16556a6b657130b148c9926e0247a1,374,0.9995,0.0,Propionicicella,,False,False,True,Propionibacteriaceae,,False,True,True,Propionibacteriales,,False,True,True,Actinobacteria,Actinomycetes,False,False,True,Actinobacteriota,Actinomycetota,False,False,True
b777295e241883a56ab55b6d0fab2f76,374,0.9985,0.0,Ercella,,False,False,True,Hungateiclostridiaceae,,False,False,True,Oscillospirales,,False,False,True,Clostridia,,False,True,True,Firmicutes,,False,True,True
98250dc58799b80cb124a1f158f2cf22,387,0.9976,0.0,Lentimicrobium,Lentimicrobium,True,True,True,Lentimicrobiaceae,Lentimicrobiaceae,True,True,True,Sphingobacteriales,Bacteroidales,False,False,True,Bacteroidia,Bacteroidia,True,True,True,Bacteroidota,Bacteroidota,True,True,True
b9c18a25d45d96085a8dc107c559846e,391,0.9961,0.0,Alcaligenes,Bordetella,False,True,True,Alcaligenaceae,Alcaligenaceae,True,True,True,Burkholderiales,Burkholderiales,True,True,True,Gammaproteobacteria,Betaproteobacteria,False,False,True,Proteobacteria,Pseudomonadota,True,True,True
888e2ada2610807488d3dee136938241,372,1.0,,,Giesbergeria,False,False,False,,Comamonadaceae,False,False,False,,Burkholderiales,False,False,False,,Betaproteobacteria,False,False,False,,Pseudomonadota,False,False,False
94cb8b6fb586e9fe9607e3e52891c49a,373,1.0,,,Pseudolactococcus,False,False,False,,Streptococcaceae,False,False,False,,Lactobacillales,False,False,False,,Bacilli,False,False,False,,Bacillota,False,False,False
1580d11744da85a8f38720800053143f,372,0.9956,,,,False,False,False,,Oscillospiraceae,False,False,False,,Eubacteriales,False,False,False,,Clostridia,False,False,False,,Bacillota,False,False,False
a279fb62a47697ac7088fbfeb831c6cf,387,0.9971,0.0,Lentimicrobium,Lentimicrobium,True,True,True,Lentimicrobiaceae,Lentimicrobiaceae,True,True,True,Sphingobacteriales,Bacteroidales,False,False,True,Bacteroidia,Bacteroidia,True,True,True,Bacteroidota,Bacteroidota,True,True,True
5bfd0607c1130b2ea95261361ed0aaf1,372,1.0,0.0,Paracoccus,Paracoccus,True,True,True,Rhodobacteraceae,Paracoccaceae,False,False,True,Rhodobacterales,Rhodobacterales,True,True,True,Alphaproteobacteria,Alphaproteobacteria,True,True,True,Proteobacteria,Pseudomonadota,True,True,True
6e868cfa7b0e75b04f31fbeedfc29c64,374,0.999,0.0,midas_g_30443,,False,False,False,Desulfuromonadaceae,Spirochaetaceae,False,True,True,Desulfuromonadales,Spirochaetales,False,True,True,Desulfuromonadia,Spirochaetia,False,True,True,Desulfobacterota,Spirochaetota,False,False,True
99e5f06a61d06cdb191e00e52948bac7,386,0.9038,,,,False,False,False,,,False,False,False,,Pirellulales,False,False,False,,Planctomycetia,False,False,False,,Planctomycetota,False,False,False
cab3a156d09c8a95a87cc88ccf7c4de5,386,0.8872,,,,False,False,False,,,False,False,False,,Pirellulales,False,False,False,,Planctomycetia,False,False,False,,Planctomycetota,False,False,False
d6a202591a42fa999f25af7a7aefcffd,378,0.9995,0.0,Methanobacterium,Methanobacterium,True,True,True,Methanobacteriaceae,Methanobacteriaceae,True,True,True,Methanobacteriales,Methanobacteriales,True,True,True,Methanobacteria,Methanobacteria,True,True,True,Euryarchaeota,Methanobacteriota,True,True,True
1871e15a08fa2411512dc34595fb1958,374,0.9976,0.0,Monoglobus,Candidatus Aphodoplasma,False,True,True,Monoglobaceae,,False,True,True,Monoglobales,Eubacteriales,False,True,True,Clostridia,Clostridia,True,True,True,Firmicutes,Bacillota,True,True,True
608bdffdf9263f1b123d069d10e69f9a,366,0.9893,0.0,nan,,False,False,False,nan,,False,False,False,nan,,False,False,False,nan,Bacteroidia,False,False,False,nan,Bacteroidota,False,False,False
5022c2e85eb7347a496e69b612b21ce1,374,1.0,0.0,Syntrophaceticus,,False,True,True,Thermacetogeniaceae,,False,False,True,Thermacetogeniales,Thermoanaerobacterales,False,False,True,Thermacetogenia,Clostridia,False,False,True,Firmicutes,Bacillota,True,True,True
5286cf541576f555afe0b5b79d1163d9,374,0.999,0.0,nan,,False,False,False,midas_f_269,Miltoncostaeaceae,False,False,False,Gaiellales,Miltoncostaeales,False,True,True,Thermoleophilia,Thermoleophilia,True,True,True,Actinobacteriota,Actinomycetota,False,False,True
8a08f279c5533390e6b47c6969ed7d82,373,0.9971,0.0,Sphingobium,Stakelama,False,True,True,Sphingomonadaceae,Sphingomonadaceae,True,True,True,Sphingomonadales,Sphingomonadales,True,True,True,Alphaproteobacteria,Alphaproteobacteria,True,True,True,Proteobacteria,Pseudomonadota,True,True,True
5e4fdda0c1bb85957202d1498f061aa8,374,0.9951,0.0,nan,Candidatus Brocadia,False,False,False,Hungateiclostridiaceae,Candidatus Brocadiaceae,False,False,True,Oscillospirales,Candidatus Brocadiales,False,False,True,Clostridia,Candidatus Brocadiia,False,True,True,Firmicutes,Planctomycetota,False,True,True
289c551826100c6df283e6a9e2050688,374,0.998,0.0,nan,Ruminiclostridium,False,False,False,Hungateiclostridiaceae,Oscillospiraceae,False,False,True,Oscillospirales,Eubacteriales,False,False,True,Clostridia,Clostridia,True,True,True,Firmicutes,Bacillota,True,True,True
3547314cbc17e38fbaed69287ddb4f31,378,0.998,0.0,midas_g_92917,Candidatus Methanoliparum,False,False,False,midas_f_92917,Candidatus Methanoliparaceae,False,False,False,midas_o_92917,Candidatus Methanoliparales,False,False,False,midas_c_92917,Candidatus Methanoliparia,False,False,False,Halobacterota,Methanobacteriota,False,False,True
7fd8ef977c4177cf2c4c536310a8f19f,375,0.9951,0.0,Microbacterium,,False,False,True,Microbacteriaceae,Microbacteriaceae,True,True,True,Micrococcales,Micrococcales,True,True,True,Actinobacteria,Actinomycetes,False,False,True,Actinobacteriota,Actinomycetota,False,False,True
2780b1a1535644ef954b37c0be366f13,375,0.9893,0.0,nan,Pseudomonas,False,False,False,midas_f_48503,Pseudomonadaceae,False,False,False,midas_o_656,Pseudomonadales,False,False,False,Gammaproteobacteria,Gammaproteobacteria,True,True,True,Proteobacteria,Pseudomonadota,True,True,True
cd969c22db8f82239769a164e1e5ea93,374,0.998,0.0,midas_g_8931,,False,False,False,midas_f_216,,False,False,False,midas_o_216,,False,False,False,midas_c_216,,False,False,False,Armatimonadota,Armatimonadota,True,True,True
403445d403772ea7701cd01368da5a56,373,0.9951,0.0,midas_g_5430,,False,False,False,Ruminococcaceae,,False,False,True,Oscillospirales,,False,False,True,Clostridia,,False,True,True,Firmicutes,Bacillota,True,True,True
be3b9cc41eb5d6dd33c9f480048a62a9,374,0.9985,0.0,Ruminiclostridium,Candidatus Brocadia,False,True,True,Hungateiclostridiaceae,Candidatus Brocadiaceae,False,False,True,Oscillospirales,Candidatus Brocadiales,False,False,True,Clostridia,Candidatus Brocadiia,False,True,True,Firmicutes,Planctomycetota,False,True,True
bfbc3acfb5c0b219aa6480a3323adf77,374,0.9985,0.0,midas_g_467,,False,False,False,Anaerolineaceae,Anaerolineaceae,True,True,True,Anaerolineales,Anaerolineales,True,True,True,Anaerolineae,Anaerolineae,True,True,True,Chloroflexi,Chloroflexota,True,True,True
ddb21bd22519316c9c3bf922a9a8e816,372,1.0,0.0,Brachymonas,Allobrachymonas,False,False,True,Comamonadaceae,Comamonadaceae,True,True,True,Burkholderiales,Burkholderiales,True,True,True,Gammaproteobacteria,Betaproteobacteria,False,False,True,Proteobacteria,Pseudomonadota,True,True,True
67bf6c3e83fa94009baa7f3b5929da23,374,0.9976,0.0,nan,Desulforudis,False,False,False,nan,Desulforudaceae,False,False,False,nan,Thermoanaerobacterales,False,False,False,nan,Clostridia,False,False,False,Firmicutes,Bacillota,True,True,True
b62d797963ea269412b16706df6c98e9,375,0.9917,0.0,nan,,False,False,False,Isosphaeraceae,,False,True,True,Isosphaerales,,False,True,True,Planctomycetes,,False,False,True,Planctomycetota,Planctomycetota,True,True,True
8b6c39d6fb07636b4e870fe0bb1803cc,372,0.998,0.0,midas_g_249,,False,False,False,Synergistaceae,Synergistaceae,True,True,True,Synergistales,Synergistales,True,True,True,Synergistia,Synergistia,True,True,True,Synergistota,Synergistota,True,True,True
9f34b6a04f6d30d61947a02265404b17,367,0.999,0.0,midas_g_45894,,False,False,False,Izemoplasmataceae,,False,False,True,Izemoplasmatales,,False,False,True,Bacilli,,False,True,True,Firmicutes,Ignavibacteriota,False,True,True
303f7af49ecdd12099842ae3af234567,374,0.9976,0.0,nan,,False,False,False,Monoglobaceae,,False,True,True,Monoglobales,Eubacteriales,False,True,True,Clostridia,Clostridia,True,True,True,Firmicutes,Bacillota,True,True,True
d79b4530e47feda71be7e93aa663f0b0,374,0.9951,0.0,nan,,False,False,False,Dethiobacteraceae,,False,False,True,Dethiobacterales,,False,False,True,Dethiobacteria,Dehalococcoidia,False,False,True,Firmicutes,Chloroflexota,False,True,True
f5cb3fde6a13561ed6e13a04732f79e3,373,0.9956,0.0,nan,Dehalobacter,False,False,False,Syntrophobotulaceae,Desulfitobacteriaceae,False,False,True,Desulfitobacteriales,Eubacteriales,False,False,True,Desulfitobacteriia,Clostridia,False,False,True,Firmicutes,Bacillota,True,True,True
5881e5969b9c5cced797ab5e237049b4,375,0.9995,0.0,Gordonia,Gordonia,True,True,True,Nocardiaceae,Gordoniaceae,False,False,True,Corynebacteriales,Mycobacteriales,False,False,True,Actinobacteria,Actinomycetes,False,False,True,Actinobacteriota,Actinomycetota,False,False,True
5b2c9996f39f03a22f551c353da1d3ed,375,1.0,0.0,Nocardioides,Nocardioides,True,True,True,Nocardioidaceae,Nocardioidaceae,True,True,True,Propionibacteriales,Propionibacteriales,True,True,True,Actinobacteria,Actinomycetes,False,False,True,Actinobacteriota,Actinomycetota,False,False,True
12d48d4e5b03a44eb1e1c7c2bb216348,373,1.0,0.0,Roseomonas,Rhodoferax,False,True,True,Acetobacteraceae,Comamonadaceae,False,True,True,Acetobacterales,Burkholderiales,False,True,True,Alphaproteobacteria,Betaproteobacteria,False,True,True,Proteobacteria,Pseudomonadota,True,True,True
2d6bab1b94570e4c69c5ef51945f774e,376,0.9971,0.0,midas_g_85228,,False,False,False,midas_f_2,,False,False,False,IMCC26256,,False,False,True,Acidimicrobiia,Acidimicrobiia,True,True,True,Actinobacteriota,Actinomycetota,False,False,True
dbec03fc66ff2c2d4e6b089d27824139,378,1.0,0.0,Methanospirillum,Methanospirillum,True,True,True,Methanospirillaceae,Methanospirillaceae,True,True,True,Methanomicrobiales,Methanomicrobiales,True,True,True,Methanomicrobia,Methanomicrobia,True,True,True,Halobacterota,Methanobacteriota,False,False,True
ad6ed76aeca8371d3d439eb14c33610c,365,0.9961,0.0,midas_g_90969,Bacteroides,False,False,False,Erysipelotrichaceae,Bacteroidaceae,False,True,True,Erysipelotrichales,Bacteroidales,False,True,True,Bacilli,Bacteroidia,False,False,True,Firmicutes,Bacteroidota,False,True,True
c259cda388580d886e6cbb43a1272e68,372,1.0,0.0,SH-PL14,,False,False,True,Rubinisphaeraceae,Planctomycetaceae,False,False,True,Planctomycetales,Planctomycetales,True,True,True,Planctomycetes,Planctomycetia,False,False,True,Planctomycetota,Planctomycetota,True,True,True
a8c38ea3b5825798b0141007373178aa,372,0.9956,0.0,nan,Angelakisella,False,False,False,Ruminococcaceae,Oscillospiraceae,False,False,True,Oscillospirales,Eubacteriales,False,False,True,Clostridia,Clostridia,True,True,True,Firmicutes,Bacillota,True,True,True
54f9550f07f9d5c730eb5449e856d30a,389,0.9951,0.0,Alcaligenes,Advenella,False,False,True,Alcaligenaceae,Alcaligenaceae,True,True,True,Burkholderiales,Burkholderiales,True,True,True,Gammaproteobacteria,Betaproteobacteria,False,False,True,Proteobacteria,Pseudomonadota,True,True,True
0c115cc28920184a7e0b25223763a748,371,0.9927,0.0,Fonticella,,False,False,True,Caloramatoraceae,,False,False,True,Clostridiales,,False,False,True,Clostridia,,False,True,True,Firmicutes,Bacillota,True,True,True
ac6d0a3fca5ae4aad55d98349c5d4560,368,0.9976,0.0,midas_g_91159,,False,False,False,midas_f_90284,,False,False,False,Izemoplasmatales,,False,False,True,Bacilli,Mollicutes,False,True,True,Firmicutes,Mycoplasmatota,False,True,True
ce2b62ffcd367da18eb61d300d1ca3e2,381,1.0,,,,False,False,False,,,False,False,False,,,False,False,False,,,False,False,False,,,False,False,False
8971f68f77fe46e52214ac1aae718436,374,0.999,,,,False,False,False,,,False,False,False,,,False,False,False,,,False,False,False,,Candidatus Latescibacterota,False,False,False
528c8b62a54ebc17e9ffc1c72eb8e546,370,0.9985,,,,False,False,False,,,False,False,False,,Bacteroidales,False,False,False,,Bacteroidia,False,False,False,,Bacteroidota,False,False,False
e0a5d06dca6e74603b233d9be368f1f6,371,0.998,,,,False,False,False,,Anaerovoracaceae,False,False,False,,Peptostreptococcales,False,False,False,,Clostridia,False,False,False,,Bacillota,False,False,False
4e7f3c01d114c6dede84c8b3a31886db,374,1.0,,,,False,False,False,,,False,False,False,,,False,False,False,,,False,False,False,,Acidobacteriota,False,False,False
f12ed33e3dd474f54c82a7244a019879,375,1.0,,,,False,False,False,,,False,False,False,,,False,False,False,,,False,False,False,,Bacillota,False,False,False
d08086e2ae7f6779772be3242340f17a,374,0.9961,0.0,midas_g_119476,,False,False,False,Christensenellaceae,Christensenellaceae,True,True,True,Christensenellales,Christensenellales,True,True,True,Clostridia,Clostridia,True,True,True,Firmicutes,Bacillota,True,True,True
e1806d6548d68a507f9f9ba512a830ad,374,0.9971,0.0,midas_g_96346,Sporomusa,False,False,False,Peptococcaceae,Sporomusaceae,False,False,True,Peptococcales,Selenomonadales,False,False,True,Clostridia,Negativicutes,False,True,True,Firmicutes,Bacillota,True,True,True
2f62caf32ac0a5313dea4b421d6dd293,403,0.9937,0.0,Methanobacterium,Methanobacterium,True,True,True,Methanobacteriaceae,Methanobacteriaceae,True,True,True,Methanobacteriales,Methanobacteriales,True,True,True,Methanobacteria,Methanobacteria,True,True,True,Euryarchaeota,Methanobacteriota,True,True,True
eb41af02b18dc957ef593cfd11261be5,374,1.0,0.0,Enhydrobacter,Faucicola,False,False,True,Moraxellaceae,Moraxellaceae,True,True,True,Pseudomonadales,Moraxellales,False,True,True,Gammaproteobacteria,Gammaproteobacteria,True,True,True,Proteobacteria,Pseudomonadota,True,True,True
9556ed629add12bf69d350023ce028dd,372,0.9995,0.0,Devosia,Devosia,True,True,True,Devosiaceae,Devosiaceae,True,True,True,Rhizobiales,Hyphomicrobiales,False,False,True,Alphaproteobacteria,Alphaproteobacteria,True,True,True,Proteobacteria,Pseudomonadota,True,True,True
06bb48a671163cdd75613e80ef87b92d,371,0.998,0.0,Proteiniborus,Proteiniborus,True,True,True,Proteiniboraceae,,False,False,True,Peptostreptococcales-Tissierellales,Eubacteriales,False,False,True,Clostridia,Clostridia,True,True,True,Firmicutes,Bacillota,True,True,True
c07ac7ffa60c0baeb47cea4cefaeeae4,374,0.9966,0.0,midas_g_102591,Candidatus Spyradocola,False,False,False,Christensenellaceae,Christensenellaceae,True,True,True,Christensenellales,Christensenellales,True,True,True,Clostridia,Clostridia,True,True,True,Firmicutes,Bacillota,True,True,True
8b78ca8c5e127e820c9561e10c9f19c2,375,0.9897,0.0,midas_g_7778,,False,False,False,midas_f_7778,,False,False,False,midas_o_3277,,False,False,False,KD4-96,Chloroflexia,False,False,True,Chloroflexi,Chloroflexota,True,True,True
e57525faafab45f4f99be57ab69faabd,372,0.998,0.0,Rhodobacter,Falsirhodobacter,False,True,True,Rhodobacteraceae,Paracoccaceae,False,False,True,Rhodobacterales,Rhodobacterales,True,True,True,Alphaproteobacteria,Alphaproteobacteria,True,True,True,Proteobacteria,Pseudomonadota,True,True,True
717aff2a74550554098682047fb9830c,373,0.9971,0.0,midas_g_3160,,False,False,False,Ruminococcaceae,Oscillospiraceae,False,False,True,Oscillospirales,Eubacteriales,False,False,True,Clostridia,Clostridia,True,True,True,Firmicutes,Bacillota,True,True,True
d5ed9ff1b4b6861428e0eb93d8b2c3a1,374,0.999,0.0,Leptolinea,Leptolinea,True,True,True,Anaerolineaceae,Anaerolineaceae,True,True,True,Anaerolineales,Anaerolineales,True,True,True,Anaerolineae,Anaerolineae,True,True,True,Chloroflexi,Chloroflexota,True,True,True
6c68bf9a2ce53d1b172b227d83144566,372,0.9995,0.0,Hyphomicrobium,,False,True,True,Hyphomicrobiaceae,,False,True,True,Rhizobiales,,False,False,True,Alphaproteobacteria,Alphaproteobacteria,True,True,True,Proteobacteria,Pseudomonadota,True,True,True
bce4d231e12c8465556db9d2cf121551,373,0.9937,0.0,Tsukamurella,Kutzneria,False,True,True,Tsukamurellaceae,Pseudonocardiaceae,False,True,True,Corynebacteriales,Pseudonocardiales,False,False,True,Actinobacteria,Actinomycetes,False,False,True,Actinobacteriota,Actinomycetota,False,False,True
07f46149c04b861915fa32dc8104b022,372,0.9985,0.0,midas_g_5429,,False,False,False,Beijerinckiaceae,,False,True,True,Rhizobiales,,False,False,True,Alphaproteobacteria,Alphaproteobacteria,True,True,True,Proteobacteria,Pseudomonadota,True,True,True
91fcd069f0c0007854a6e6d3aa7d7681,372,1.0,0.0,midas_g_2424,,False,False,False,Christensenellaceae,,False,True,True,Christensenellales,,False,True,True,Clostridia,,False,True,True,Firmicutes,Bacillota,True,True,True
5fda016714ed5f6d8bbfc918786e8525,369,0.999,0.0,Tissierella,Tissierella,True,True,True,Family_XI,Tissierellaceae,False,False,True,Peptostreptococcales-Tissierellales,Tissierellales,False,False,True,Clostridia,Tissierellia,False,True,True,Firmicutes,Bacillota,True,True,True
d50e97399b1cda1ec4e98fcecab91fd7,371,0.9922,0.0,midas_g_85764,,False,False,False,UCG-010,,False,False,True,Oscillospirales,,False,False,True,Clostridia,Clostridia,True,True,True,Firmicutes,Bacillota,True,True,True
3e6d862418922fbe062da225314e7762,373,0.9966,0.0,nan,,False,False,False,Eubacterium_coprostanoligenes_group,,False,False,True,Oscillospirales,Eubacteriales,False,False,True,Clostridia,Clostridia,True,True,True,Firmicutes,Bacillota,True,True,True
39659b19934674c9db5c39d3b6a3b066,372,0.998,0.0,Afipia,,False,True,True,Xanthobacteraceae,,False,False,True,Rhizobiales,,False,False,True,Alphaproteobacteria,Alphaproteobacteria,True,True,True,Proteobacteria,Pseudomonadota,True,True,True
954d0e6f5e93a9f23198c807840314bd,375,0.9995,0.0,midas_g_957,,False,False,False,midas_f_5,,False,False,False,midas_o_5,Candidatus Nanopelagicales,False,False,False,Actinobacteria,Actinomycetes,False,False,True,Actinobacteriota,Actinomycetota,False,False,True
ca532c83e87eb3e76511a71e9abf28c2,370,0.9956,0.0,midas_g_28956,Candidatus Kapaibacterium,False,False,False,midas_f_21794,Candidatus Kapaibacteriaceae,False,False,False,Kapabacteriales,Candidatus Kapaibacteriales,False,False,True,Kapabacteria,Candidatus Kapaibacteriia,False,False,True,Bacteroidota,Candidatus Kapaibacteriota,False,True,True
603ab94ae666e02cf4cc8a2132414ef5,370,0.998,0.0,midas_g_410,,False,False,False,Bacteroidetes_vadinHA17,,False,False,True,Bacteroidales,Bacteroidales,True,True,True,Bacteroidia,Bacteroidia,True,True,True,Bacteroidota,Bacteroidota,True,True,True
2fb2d4e9cc91d9bb7c9d7cf06c1e013a,374,0.998,0.0,Christensenellaceae_R-7_group,,False,False,True,Christensenellaceae,,False,False,True,Christensenellales,Christensenellales,True,True,True,Clostridia,Clostridia,True,True,True,Firmicutes,Bacillota,True,True,True
8924705b2ac86db54622adeba1d6bba1,373,1.0,0.0,midas_g_1919,,False,False,False,Xanthobacteraceae,Xanthobacteraceae,True,True,True,Rhizobiales,Hyphomicrobiales,False,False,True,Alphaproteobacteria,Alphaproteobacteria,True,True,True,Proteobacteria,Pseudomonadota,True,True,True
98f50fc2653bd578543391ef42ece23e,373,0.9922,0.0,nan,,False,False,False,nan,,False,False,False,nan,,False,False,False,Gammaproteobacteria,Gammaproteobacteria,True,True,True,Proteobacteria,Pseudomonadota,True,True,True
97c2c7e8cc5a28811906eda58edb16ec,366,1.0,0.0,Alkalibacter,Alkalibacter,True,True,True,Alkalibacteraceae,Eubacteriaceae,False,False,True,Eubacteriales,Eubacteriales,True,True,True,Clostridia,Clostridia,True,True,True,Firmicutes,Bacillota,True,True,True
62b0ef9d072b7772ca3958f821bc1c49,370,0.998,0.0,Treponema,,False,True,True,Spirochaetaceae,,False,True,True,Spirochaetales,,False,True,True,Spirochaetia,,False,True,True,Spirochaetota,Spirochaetota,True,True,True
06e03c616890e7dd3b607e7605fda9be,374,1.0,0.0,Lachnospira,Lachnospira,True,True,True,Lachnospiraceae,Lachnospiraceae,True,True,True,Lachnospirales,Lachnospirales,True,True,True,Clostridia,Clostridia,True,True,True,Firmicutes,Bacillota,True,True,True
88b268e25d1296042ab52fa61b7a42ac,374,0.9966,0.0,Christensenellaceae_R-7_group,,False,False,True,Christensenellaceae,,False,False,True,Christensenellales,Christensenellales,True,True,True,Clostridia,Clostridia,True,True,True,Firmicutes,Bacillota,True,True,True
5f452e591d65c3a4fee53f0cc354ea72,376,0.9985,0.0,midas_g_48843,,False,False,False,W27,,False,False,True,Cloacimonadales,Bacteroidales,False,False,True,Cloacimonadia,Bacteroidia,False,False,True,Cloacimonadota,Bacteroidota,False,False,True
8b1634a2e55ae2488b6ccc2230996509,374,0.9956,0.0,Pir4_lineage,,False,False,True,Pirellulaceae,,False,False,True,Pirellulales,Planctomycetales,False,True,True,Planctomycetes,Planctomycetia,False,False,True,Planctomycetota,Planctomycetota,True,True,True
8e3af97b4686b85e19d450d5c1c96fbe,374,0.9922,0.0,nan,,False,False,False,nan,,False,False,False,Babeliales,Candidatus Babeliales,False,False,True,Babeliae,Candidatus Babeliae,False,False,True,Dependentiae,,False,False,True
bdd5dd02a4adbb00f8c1631abf8615af,374,0.9961,0.0,midas_g_92851,,False,False,False,midas_f_5792,,False,False,False,RBG-13-54-9,,False,False,True,Anaerolineae,Anaerolineae,True,True,True,Chloroflexi,Chloroflexota,True,True,True
1a3a64b0c16fb7daa275ec71dd81b701,372,1.0,0.0,Xanthobacter,Aquabacter,False,True,True,Xanthobacteraceae,Xanthobacteraceae,True,True,True,Rhizobiales,Hyphomicrobiales,False,False,True,Alphaproteobacteria,Alphaproteobacteria,True,True,True,Proteobacteria,Pseudomonadota,True,True,True
268ddc25aa0fd61d2ecd190573a66498,375,1.0,0.0,Propionicicella,,False,False,True,Propionibacteriaceae,,False,True,True,Propionibacteriales,,False,True,True,Actinobacteria,,False,False,True,Actinobacteriota,Actinomycetota,False,False,True
54361a7cbec36835157cc4e00336e464,370,0.9956,0.0,Spirochaeta,Caenibius,False,False,True,Spirochaetaceae,Erythrobacteraceae,False,False,True,Spirochaetales,Sphingomonadales,False,False,True,Spirochaetia,Alphaproteobacteria,False,True,True,Spirochaetota,Pseudomonadota,False,True,True
33df87d462384b48f155ad84b5e02c26,378,1.0,0.0,Methanobacterium,Methanobacterium,True,True,True,Methanobacteriaceae,Methanobacteriaceae,True,True,True,Methanobacteriales,Methanobacteriales,True,True,True,Methanobacteria,Methanobacteria,True,True,True,Euryarchaeota,Methanobacteriota,True,True,True
360597adbaef72569dbc31f72ed91c78,372,0.998,0.0,Pedomicrobium,,False,False,True,Hyphomicrobiaceae,,False,True,True,Rhizobiales,,False,False,True,Alphaproteobacteria,Alphaproteobacteria,True,True,True,Proteobacteria,Pseudomonadota,True,True,True
0f645d7ab83eb9dd659b573e9abc0069,372,0.999,0.0,Amaricoccus,,False,True,True,Rhodobacteraceae,,False,False,True,Rhodobacterales,,False,True,True,Alphaproteobacteria,Alphaproteobacteria,True,True,True,Proteobacteria,Pseudomonadota,True,True,True
7a4591ecfb8de6241f36890cc9f78663,373,0.9912,0.0,nan,Caldicellulosiruptor,False,False,False,Hungateiclostridiaceae,Caldicellulosiruptoraceae,False,False,True,Oscillospirales,Caldicellulosiruptorales,False,False,True,Clostridia,,False,True,True,Firmicutes,Bacillota,True,True,True
3171ed747afcaa4f31b4048623c92223,372,0.9995,0.0,midas_g_2680,,False,False,False,Xanthobacteraceae,,False,False,True,Rhizobiales,,False,False,True,Alphaproteobacteria,Alphaproteobacteria,True,True,True,Proteobacteria,Pseudomonadota,True,True,True
918eaaa2a8ed889d1ab21eb87b880779,374,0.9932,0.0,nan,,False,False,False,Isosphaeraceae,,False,False,True,Isosphaerales,,False,False,True,Planctomycetes,,False,False,True,Planctomycetota,Planctomycetota,True,True,True
87b489a37616c28af2c28eda4b45fb8b,375,0.9995,0.0,nan,Rudaeicoccus,False,False,False,Dermatophilaceae,Dermacoccaceae,False,True,True,Micrococcales,Micrococcales,True,True,True,Actinobacteria,Actinomycetes,False,False,True,Actinobacteriota,Actinomycetota,False,False,True
2fed8fd06ed0e104347eb07daed78c31,372,0.9966,,,,False,False,False,,,False,False,False,,,False,False,False,,Alphaproteobacteria,False,False,False,,Pseudomonadota,False,False,False
fb3e6be0517e6c8b7a27582c871b2ab3,371,0.9966,0.0,midas_g_46689,Proteiniborus,False,False,False,Brassicibacter,,False,False,True,Peptostreptococcales-Tissierellales,Eubacteriales,False,False,True,Clostridia,Clostridia,True,True,True,Firmicutes,Bacillota,True,True,True
8102b0f64f0661286e71a73878df9ce7,370,1.0,0.0,midas_g_434,,False,False,False,NS9_marine_group,Cryomorphaceae,False,False,True,Flavobacteriales,Flavobacteriales,True,True,True,Bacteroidia,Flavobacteriia,False,False,True,Bacteroidota,Bacteroidota,True,True,True
da380d249b3dd800f5c3e279f7cf917a,374,0.9961,0.0,Neochlamydia,,False,True,True,Parachlamydiaceae,Parachlamydiaceae,True,True,True,Chlamydiales,Parachlamydiales,False,True,True,Chlamydiae,Chlamydiia,False,False,True,Verrucomicrobiota,Chlamydiota,False,True,True
c55e2d0573fbdcf300cff596408b7072,373,0.9941,0.0,midas_g_4279,Ruminococcus,False,False,False,UCG-010,Oscillospiraceae,False,False,True,Oscillospirales,Eubacteriales,False,False,True,Clostridia,Clostridia,True,True,True,Firmicutes,Bacillota,True,True,True
ff0fc9ae659d05bff51228eb12dc2291,374,0.9966,0.0,midas_g_310,,False,False,False,midas_f_216,,False,False,False,midas_o_216,,False,False,False,midas_c_216,,False,False,False,Armatimonadota,Armatimonadota,True,True,True
d5e07a8e356cc0345c15c5ff1622951d,374,0.9995,0.0,Ercella,,False,False,True,Hungateiclostridiaceae,,False,False,True,Oscillospirales,Eubacteriales,False,False,True,Clostridia,Clostridia,True,True,True,Firmicutes,Bacillota,True,True,True
fef03d7c4d744b68dd3c6c56bfd5c256,374,0.998,0.0,nan,,False,False,False,Hungateiclostridiaceae,,False,False,True,Oscillospirales,,False,False,True,Clostridia,Clostridia,True,True,True,Firmicutes,Bacillota,True,True,True
fc89472c649eac4b19e834fe7006dfb6,374,0.9907,0.0,Fastidiosipila,Ructibacterium,False,False,True,Hungateiclostridiaceae,Oscillospiraceae,False,False,True,Oscillospirales,Eubacteriales,False,False,True,Clostridia,Clostridia,True,True,True,Firmicutes,Bacillota,True,True,True
2408d15abcd92d9248745e8e22ae502c,374,0.9971,0.0,Desulfitibacter,Proteiniphilum,False,False,True,Desulfitibacteraceae,Dysgonomonadaceae,False,False,True,Desulfitibacterales,Bacteroidales,False,False,True,Moorellia,Bacteroidia,False,False,True,Firmicutes,Bacteroidota,False,True,True
fd7a5cc9867e21d1dade60af858d894d,371,0.9985,,,,False,False,False,,,False,False,False,,,False,False,False,,,False,False,False,,Bacteroidota,False,False,False
0528c8d6cf081ba719cf96cb550150fb,374,0.9995,,,Dechloromonas,False,False,False,,Azonexaceae,False,False,False,,Rhodocyclales,False,False,False,,Betaproteobacteria,False,False,False,,Pseudomonadota,False,False,False
b5a5446f44972de9e63e53c102ae6009,374,0.9995,,,Pelotomaculum,False,False,False,,Desulfotomaculaceae,False,False,False,,Eubacteriales,False,False,False,,Clostridia,False,False,False,,Bacillota,False,False,False
7fc688c9e9ca5c649f8b9ef5ea7202e7,373,0.9995,,,Novosphingobium,False,False,False,,Sphingomonadaceae,False,False,False,,Sphingomonadales,False,False,False,,Alphaproteobacteria,False,False,False,,Pseudomonadota,False,False,False
e9b34224d98724dfed43123e7a893cec,375,1.0,,,Nostocoides,False,False,False,,Intrasporangiaceae,False,False,False,,Micrococcales,False,False,False,,Actinomycetes,False,False,False,,Actinomycetota,False,False,False
6aa17fb5060d844f7e31b800f4350796,374,1.0,,,,False,False,False,,Smithellaceae,False,False,False,,Syntrophales,False,False,False,,Syntrophia,False,False,False,,Thermodesulfobacteriota,False,False,False
ed6649e994acab681dffea4c57f04e88,374,0.998,0.0,HN-HF0106,,False,False,True,Hungateiclostridiaceae,Clostridiaceae,False,False,True,Oscillospirales,Eubacteriales,False,False,True,Clostridia,Clostridia,True,True,True,Firmicutes,Bacillota,True,True,True
dc8477df0245e1b7cf2151a6066f204a,374,0.9966,0.0,midas_g_77197,,False,False,False,UCG-010,,False,False,True,Oscillospirales,Eubacteriales,False,False,True,Clostridia,Clostridia,True,True,True,Firmicutes,Bacillota,True,True,True
d320c54f3dd1a81501e597b4e5a53ac8,370,0.9971,0.0,Lentimicrobium,Lentimicrobium,True,True,True,Lentimicrobiaceae,Lentimicrobiaceae,True,True,True,Sphingobacteriales,Bacteroidales,False,False,True,Bacteroidia,Bacteroidia,True,True,True,Bacteroidota,Bacteroidota,True,True,True
dd6cd878e1ac746a5df199e3ea0152a2,371,1.0,0.0,Rikenellaceae_RC9_gut_group,,False,False,True,Rikenellaceae,,False,True,True,Bacteroidales,Bacteroidales,True,True,True,Bacteroidia,Bacteroidia,True,True,True,Bacteroidota,Bacteroidota,True,True,True
fe92b5d8f5b1599d91fec61ebc12e170,371,0.9941,0.0,midas_g_85764,,False,False,False,UCG-010,,False,False,True,Oscillospirales,Eubacteriales,False,False,True,Clostridia,Clostridia,True,True,True,Firmicutes,Bacillota,True,True,True
38a3ffa5451f10cb983f8d8acd0f7d3e,374,0.9966,0.0,nan,,False,False,False,Hungateiclostridiaceae,,False,False,True,Oscillospirales,,False,False,True,Clostridia,,False,True,True,Firmicutes,Bacillota,True,True,True
a1191cbfeb25ca6deb449da1e2baad3a,375,0.9995,0.0,midas_g_724,Austwickia,False,False,False,Dermatophilaceae,Dermatophilaceae,True,True,True,Micrococcales,Micrococcales,True,True,True,Actinobacteria,Actinomycetes,False,False,True,Actinobacteriota,Actinomycetota,False,False,True
d3648f626f4aadacf25eb043bdc62c58,344,0.9858,0.0,nan,,False,False,False,nan,,False,False,False,nan,,False,False,False,nan,,False,False,False,nan,Bacteroidota,False,False,False
b0ec891a9cead40f58935f40fa9a1b9a,372,1.0,0.0,Rhodobacter,Neotabrizicola,False,False,True,Rhodobacteraceae,Paracoccaceae,False,False,True,Rhodobacterales,Rhodobacterales,True,True,True,Alphaproteobacteria,Alphaproteobacteria,True,True,True,Proteobacteria,Pseudomonadota,True,True,True
7bee0db5d6c5c416f00bf1e6faffc9a8,374,1.0,0.0,Proteiniclasticum,,False,True,True,Clostridiaceae,Clostridiaceae,True,True,True,Clostridiales,Eubacteriales,False,False,True,Clostridia,Clostridia,True,True,True,Firmicutes,Bacillota,True,True,True
2389f5000634184ae381b8e579934c4b,375,1.0,0.0,Mycobacterium,Mycolicibacillus,False,True,True,Mycobacteriaceae,Mycobacteriaceae,True,True,True,Corynebacteriales,Mycobacteriales,False,False,True,Actinobacteria,Actinomycetes,False,False,True,Actinobacteriota,Actinomycetota,False,False,True
e1d4180c0091e155509f14fcbdb541ae,374,0.9927,0.0,midas_g_96880,,False,False,False,midas_f_6867,,False,False,False,midas_o_3277,,False,False,False,KD4-96,Dehalococcoidia,False,False,True,Chloroflexi,Chloroflexota,True,True,True
470a368a6807b4a2d6a56ff427742e09,373,0.9946,0.0,midas_g_82203,,False,False,False,UCG-010,,False,False,True,Oscillospirales,Eubacteriales,False,False,True,Clostridia,Clostridia,True,True,True,Firmicutes,Bacillota,True,True,True
7170942055c32bb7a709c4a92e29a258,374,0.9961,0.0,Chthoniobacter,,False,True,True,Chthoniobacteraceae,,False,True,True,Chthoniobacterales,,False,True,True,Verrucomicrobiae,Spartobacteria,False,False,True,Verrucomicrobiota,Verrucomicrobiota,True,True,True
8dcc2c0ebe2c9f41761691937e854ac8,377,0.9995,0.0,midas_g_92967,,False,False,False,Nitrososphaeraceae,Nitrososphaeraceae,True,True,True,Nitrososphaerales,Nitrososphaerales,True,True,True,Nitrososphaeria,Nitrososphaeria,True,True,True,Crenarchaeota,Nitrososphaerota,False,False,True
685a06c480c8512cad2bba3e5b066bdb,374,1.0,0.0,Flexilinea,,False,True,True,Anaerolineaceae,,False,True,True,Anaerolineales,,False,True,True,Anaerolineae,,False,True,True,Chloroflexi,Bacteroidota,False,True,True
cf5a736328e34ae09ad43b76da30ed99,373,0.9946,0.0,Christensenellaceae_R-7_group,,False,False,True,Christensenellaceae,Christensenellaceae,True,True,True,Christensenellales,Christensenellales,True,True,True,Clostridia,Clostridia,True,True,True,Firmicutes,Bacillota,True,True,True
9293b23be2addc4c8910fbe977237c46,375,0.9976,0.0,nan,,False,False,False,nan,,False,False,False,nan,,False,False,False,nan,,False,False,False,nan,Actinomycetota,False,False,False
e3083a5858ffbe913e0c1a70a8cf6919,374,0.9976,0.0,nan,Geobacillus,False,False,False,nan,Anoxybacillaceae,False,False,False,nan,Caryophanales,False,False,False,nan,Bacilli,False,False,False,Firmicutes,Bacillota,True,True,True
14816bf58b22a8172bb1d6a7f78f06f2,372,0.9976,0.0,midas_g_62884,Methylopila,False,False,False,Rhodobacteraceae,Methylopilaceae,False,False,True,Rhodobacterales,Hyphomicrobiales,False,False,True,Alphaproteobacteria,Alphaproteobacteria,True,True,True,Proteobacteria,Pseudomonadota,True,True,True
822e596ebee53d4dcd5ffe3e26ec43d4,376,0.9922,0.0,nan,,False,False,False,nan,Burkholderiaceae,False,False,False,nan,Burkholderiales,False,False,False,nan,Betaproteobacteria,False,False,False,nan,Pseudomonadota,False,False,False
2ab2d8b1e4ae115107b0baed6f6181ba,374,0.9922,0.0,Fastidiosipila,,False,False,True,Hungateiclostridiaceae,,False,False,True,Oscillospirales,,False,False,True,Clostridia,Clostridia,True,True,True,Firmicutes,Bacillota,True,True,True
ca7dd43ffcedbade1adc51132a0deec1,374,0.9985,0.0,Proteiniclasticum,,False,True,True,Clostridiaceae,Clostridiaceae,True,True,True,Clostridiales,Eubacteriales,False,False,True,Clostridia,Clostridia,True,True,True,Firmicutes,Bacillota,True,True,True
92c7d2d035c344ba43e756fcc909c99f,374,0.9985,0.0,Christensenellaceae_R-7_group,,False,False,True,Christensenellaceae,Oscillospiraceae,False,False,True,Christensenellales,Eubacteriales,False,True,True,Clostridia,Clostridia,True,True,True,Firmicutes,Bacillota,True,True,True
315154928c5be44de373e19d66bd739a,374,0.999,0.0,nan,Thauera,False,False,False,Rhodocyclaceae,Zoogloeaceae,False,True,True,Burkholderiales,Rhodocyclales,False,False,True,Gammaproteobacteria,Betaproteobacteria,False,False,True,Proteobacteria,Pseudomonadota,True,True,True
c74a800e896402acb88ee96173c56d80,372,1.0,0.0,Chelatococcus,Chelatococcus,True,True,True,Beijerinckiaceae,Chelatococcaceae,False,False,True,Rhizobiales,Hyphomicrobiales,False,False,True,Alphaproteobacteria,Alphaproteobacteria,True,True,True,Proteobacteria,Pseudomonadota,True,True,True
7db5761404d6f5f4f0fc9b6e62aaa8a6,374,0.998,0.0,nan,,False,False,False,Hungateiclostridiaceae,Clostridiaceae,False,False,True,Oscillospirales,Eubacteriales,False,False,True,Clostridia,Clostridia,True,True,True,Firmicutes,Bacillota,True,True,True
9591914f1b4272813c5d24f968e4ca81,372,1.0,0.0,Thermanaerovibrio,,False,False,True,Synergistaceae,,False,False,True,Synergistales,,False,False,True,Synergistia,,False,False,True,Synergistota,Synergistota,True,True,True
bc96db08da9a54e69f83357f2429e767,378,0.9995,0.0,Methanolinea,Methanolinea,True,True,True,Methanoregulaceae,Methanoregulaceae,True,True,True,Methanomicrobiales,Methanomicrobiales,True,True,True,Methanomicrobia,Methanomicrobia,True,True,True,Halobacterota,Methanobacteriota,False,False,True
9554148374cd0778fe58481a15ae48d7,374,0.9995,0.0,Christensenellaceae_R-7_group,,False,False,True,Christensenellaceae,,False,True,True,Christensenellales,Christensenellales,True,True,True,Clostridia,Clostridia,True,True,True,Firmicutes,Bacillota,True,True,True
7a94ab2d3edd2d5f1b14fb97b8227aab,373,1.0,0.0,Ruminococcus,Ruminococcus,True,True,True,Ruminococcaceae,Oscillospiraceae,False,False,True,Oscillospirales,Eubacteriales,False,False,True,Clostridia,Clostridia,True,True,True,Firmicutes,Bacillota,True,True,True
f3ad21d8c8b2444a5dcf953349c6b70c,373,1.0,0.0,Acinetobacter,Acinetobacter,True,True,True,Moraxellaceae,Moraxellaceae,True,True,True,Pseudomonadales,Moraxellales,False,False,True,Gammaproteobacteria,Gammaproteobacteria,True,True,True,Proteobacteria,Pseudomonadota,True,True,True
2f268057d1214383b781ce20ac322b13,372,0.9937,0.0,nan,,False,False,False,midas_f_1799,,False,False,False,Proteinivoracales,,False,False,True,Clostridia,,False,True,True,Firmicutes,Bacillota,True,True,True
36a65735bd9508c5f7a66dc84dd3f8c6,373,0.998,0.0,nan,Altererythrobacter,False,False,False,Sphingomonadaceae,Erythrobacteraceae,False,False,True,Sphingomonadales,Sphingomonadales,True,True,True,Alphaproteobacteria,Alphaproteobacteria,True,True,True,Proteobacteria,Pseudomonadota,True,True,True
31a1e677493dc62acdbb253351f9a251,373,0.9976,0.0,Intestinimonas,,False,False,True,Oscillospiraceae,Oscillospiraceae,True,True,True,Oscillospirales,Eubacteriales,False,False,True,Clostridia,Clostridia,True,True,True,Firmicutes,Bacillota,True,True,True
82fd1b576ddb5cb4a31555dc2a02f381,374,0.9966,0.0,midas_g_77197,,False,False,False,UCG-010,,False,False,True,Oscillospirales,Eubacteriales,False,False,True,Clostridia,Clostridia,True,True,True,Firmicutes,Bacillota,True,True,True
1f42391a983ba3af940e541d110a8432,372,0.9868,0.0,nan,Alistipes,False,False,False,nan,Rikenellaceae,False,False,False,nan,Bacteroidales,False,False,False,nan,Bacteroidia,False,False,False,nan,Bacteroidota,False,False,False
e00f85cb3452e37943500e86afb268f4,373,1.0,0.0,Blautia,Blautia,True,True,True,Lachnospiraceae,Lachnospiraceae,True,True,True,Lachnospirales,Lachnospirales,True,True,True,Clostridia,Clostridia,True,True,True,Firmicutes,Bacillota,True,True,True
cefe4ae946de41fe87fc0040bdea335e,368,1.0,0.0,midas_g_20878,,False,False,False,midas_f_16343,,False,False,False,Izemoplasmatales,,False,False,True,Bacilli,,False,True,True,Firmicutes,Mycoplasmatota,False,True,True
e5e089e059da889289ee4eda3c3a2d00,370,1.0,0.0,Ca_Epiflobacter,,False,False,True,Saprospiraceae,Saprospiraceae,True,True,True,Chitinophagales,Saprospirales,False,True,True,Bacteroidia,Saprospiria,False,False,True,Bacteroidota,Bacteroidota,True,True,True
24118ef9e2dd669b3382317f70b3c490,369,0.9995,0.0,Tissierella,Tissierella,True,True,True,Family_XI,Tissierellaceae,False,False,True,Peptostreptococcales-Tissierellales,Tissierellales,False,False,True,Clostridia,Tissierellia,False,True,True,Firmicutes,Bacillota,True,True,True
f72ad3c33ad74ea254f94c0bc91ae25c,392,0.9878,,,Blattabacterium,False,False,False,,Blattabacteriaceae,False,False,False,,Flavobacteriales,False,False,False,,Flavobacteriia,False,False,False,,Bacteroidota,False,False,False
a5c98d8a8bd6084ce0b46c3c0e62b06e,374,0.9976,0.0,nan,Acetivibrio,False,False,False,Hungateiclostridiaceae,Acetivibrionaceae,False,False,True,Oscillospirales,Acetivibrionales,False,False,True,Clostridia,Clostridia,True,True,True,Firmicutes,Bacillota,True,True,True
3ab8697f83c42bad86a043a8c84709e8,374,0.9971,0.0,midas_g_96346,,False,False,False,Peptococcaceae,Christensenellaceae,False,False,True,Peptococcales,Christensenellales,False,False,True,Clostridia,Clostridia,True,True,True,Firmicutes,Bacillota,True,True,True
a546e3eda27cb19d4d000a7e51072e30,374,0.9946,,,Proteiniphilum,False,False,False,,Dysgonomonadaceae,False,False,False,,Bacteroidales,False,False,False,,Bacteroidia,False,False,False,,Bacteroidota,False,False,False
309ef9fadf9d172db5a351628ad58102,374,0.999,,,Proteiniphilum,False,False,False,,Dysgonomonadaceae,False,False,False,,Bacteroidales,False,False,False,,Bacteroidia,False,False,False,,Bacteroidota,False,False,False
8717744be592c8beffade9c24a1887b2,374,1.0,,,,False,False,False,,,False,False,False,,,False,False,False,,Betaproteobacteria,False,False,False,,Pseudomonadota,False,False,False
5a28be15a4c979b8be95e202442573ef,374,0.999,,,,False,False,False,,,False,False,False,,,False,False,False,,,False,False,False,,Candidatus Cloacimonadota,False,False,False
ce276cbd3807bfb56527ce267d0b60e0,374,0.9985,,,,False,False,False,,,False,False,False,,,False,False,False,,,False,False,False,,Bacillota,False,False,False
c048a804411d231b1deb9a1837203634,393,0.9922,0.0,Syner-01,Paenibacillus,False,False,True,Synergistaceae,Paenibacillaceae,False,False,True,Synergistales,Caryophanales,False,True,True,Synergistia,Bacilli,False,True,True,Synergistota,Bacillota,False,True,True
6ebabe5be540e1304e1262781c30bbe5,374,0.9976,0.0,nan,Zhaonella,False,False,False,Desulfitibacteraceae,Zhaonellaceae,False,False,True,Desulfitibacterales,Neomoorellales,False,False,True,Moorellia,Clostridia,False,False,True,Firmicutes,Bacillota,True,True,True
7851f5e3ccefb9a300394199f665614c,372,0.9946,0.0,EBM-39,Maridesulfovibrio,False,False,True,Synergistaceae,Desulfovibrionaceae,False,False,True,Synergistales,Desulfovibrionales,False,False,True,Synergistia,Desulfovibrionia,False,False,True,Synergistota,Thermodesulfobacteriota,False,False,True
c1844c6164de67c2736932bcd1e94589,374,0.9971,0.0,Ruminiclostridium,Ruminiclostridium,True,True,True,Hungateiclostridiaceae,Oscillospiraceae,False,False,True,Oscillospirales,Eubacteriales,False,False,True,Clostridia,Clostridia,True,True,True,Firmicutes,Bacillota,True,True,True
c2229c40838cb5aa067cdcab26a4d0bd,375,1.0,0.0,Microbacterium,Microbacterium,True,True,True,Microbacteriaceae,Microbacteriaceae,True,True,True,Micrococcales,Micrococcales,True,True,True,Actinobacteria,Actinomycetes,False,False,True,Actinobacteriota,Actinomycetota,False,False,True
730dfe1f490b05a2a762cd36a3ac5c8d,372,0.9995,0.0,Aquamicrobium,Aquamicrobium,True,True,True,Rhizobiaceae,Phyllobacteriaceae,False,False,True,Rhizobiales,Hyphomicrobiales,False,False,True,Alphaproteobacteria,Alphaproteobacteria,True,True,True,Proteobacteria,Pseudomonadota,True,True,True
0a080f68f8c16188fe250be4dbeecae5,373,0.9966,0.001911205,midas_g_76603,,False,False,False,Sporomusaceae,,False,True,True,Veillonellales-Selenomonadales,,False,False,True,Negativicutes,,False,True,True,Firmicutes,Bacteroidota,False,True,True
79e1085555941c59c02fe10d0db42b77,374,0.9971,0.0,HN-HF0106,,False,False,True,Hungateiclostridiaceae,Clostridiaceae,False,False,True,Oscillospirales,Eubacteriales,False,False,True,Clostridia,Clostridia,True,True,True,Firmicutes,Bacillota,True,True,True
8d741499ee8a83b6ede29efd8892e70b,374,0.998,0.0,Legionella,Legionella,True,True,True,Legionellaceae,Legionellaceae,True,True,True,Legionellales,Legionellales,True,True,True,Gammaproteobacteria,Gammaproteobacteria,True,True,True,Proteobacteria,Pseudomonadota,True,True,True
659345ab0b295a524c8158295f1b7e49,374,1.0,0.0,Bacillus,Priestia,False,True,True,Bacillaceae,Bacillaceae,True,True,True,Bacillales,Caryophanales,False,False,True,Bacilli,Bacilli,True,True,True,Firmicutes,Bacillota,True,True,True
5e08663561b972be66344edb87da4e3d,372,1.0,0.0,Stella,,False,False,True,midas_f_406,,False,False,False,Azospirillales,,False,False,True,Alphaproteobacteria,,False,True,True,Proteobacteria,Minisyncoccota,False,True,True
e3ef2cba7805de59638a581426ab70a9,374,0.9976,0.0,midas_g_9913,,False,False,False,Anaerolineaceae,,False,False,True,Anaerolineales,,False,True,True,Anaerolineae,Chloroflexia,False,True,True,Chloroflexi,Chloroflexota,True,True,True
fd6e07eef3a5baacd89506ae84fb2ea6,374,0.9951,0.0,Neochlamydia,,False,False,True,Parachlamydiaceae,Nitrospiraceae,False,True,True,Chlamydiales,Nitrospirales,False,False,True,Chlamydiae,Nitrospiria,False,False,True,Verrucomicrobiota,Nitrospirota,False,False,True
f654394f0d0084baf14a287ec94d12aa,374,0.9946,0.0,nan,,False,False,False,midas_f_93128,,False,False,False,midas_o_5025,Eubacteriales,False,False,False,D8A-2,Clostridia,False,False,True,Firmicutes,Bacillota,True,True,True
45d5fa1bed1dc5a9ecf8c62ff7ebbdd1,372,0.9995,0.0,Devosia,Wolbachia,False,True,True,Devosiaceae,Anaplasmataceae,False,True,True,Rhizobiales,Rickettsiales,False,False,True,Alphaproteobacteria,Alphaproteobacteria,True,True,True,Proteobacteria,Pseudomonadota,True,True,True
39cabc06fe765618dfcb8000e03424ca,374,0.9966,0.0,Neochlamydia,,False,False,True,Parachlamydiaceae,Waddliaceae,False,False,True,Chlamydiales,Parachlamydiales,False,True,True,Chlamydiae,Chlamydiia,False,False,True,Verrucomicrobiota,Chlamydiota,False,False,True
26c822a9da99f48bc5eabddbeda2a1e8,374,0.9995,0.0,nan,,False,False,False,nan,,False,False,False,nan,,False,False,False,nan,,False,False,False,nan,Candidatus Saccharimonadota,False,False,False
87e8ae9b41dbcd0ad54be2513a8f7489,372,0.998,0.0,midas_g_69791,,False,False,False,Christensenellaceae,Christensenellaceae,True,True,True,Christensenellales,Christensenellales,True,True,True,Clostridia,Clostridia,True,True,True,Firmicutes,Bacillota,True,True,True
7ee5506b56675190c1b39ceb2fef6b12,372,0.9966,0.0,midas_g_813,,False,False,False,midas_f_813,,False,False,False,midas_o_1,,False,False,False,Anaerolineae,,False,True,True,Chloroflexi,,False,True,True
7b38bded14744e6cd6bceb54464983f4,374,1.0,0.0,Pirellula,,False,False,True,Pirellulaceae,Pirellulaceae,True,True,True,Pirellulales,Pirellulales,True,True,True,Planctomycetes,Planctomycetia,False,False,True,Planctomycetota,Planctomycetota,True,True,True
ff4f8ed709d325dc85df91881e419164,374,0.9956,0.0,nan,Halothermothrix,False,False,False,midas_f_112,Halothermotrichaceae,False,False,False,MBA03,Halanaerobiales,False,False,True,Limnochordia,Clostridia,False,False,True,Firmicutes,Bacillota,True,True,True
7e87704cad17d9767ed0a558cf847a28,374,1.0,0.0,Christensenellaceae_R-7_group,,False,False,True,Christensenellaceae,Christensenellaceae,True,True,True,Christensenellales,Christensenellales,True,True,True,Clostridia,Clostridia,True,True,True,Firmicutes,Bacillota,True,True,True
9d4eef533118fb8ade7389906d38038e,375,1.0,0.0,Luteococcus,Ammonicoccus,False,True,True,Propionibacteriaceae,Propionibacteriaceae,True,True,True,Propionibacteriales,Propionibacteriales,True,True,True,Actinobacteria,Actinomycetes,False,False,True,Actinobacteriota,Actinomycetota,False,False,True
8d3f2463af90ed9f59bbda873534edc0,376,1.0,0.0,Actinomycetospora,,False,True,True,Pseudonocardiaceae,,False,True,True,Pseudonocardiales,,False,True,True,Actinobacteria,,False,False,True,Actinobacteriota,Actinomycetota,False,False,True
4b673256fb96d4b936e393f3f45d4f47,375,0.9883,0.0,Paludisphaera,Tautonia,False,True,True,Isosphaeraceae,Isosphaeraceae,True,True,True,Isosphaerales,Isosphaerales,True,True,True,Planctomycetes,Planctomycetia,False,False,True,Planctomycetota,Planctomycetota,True,True,True
c010039c9d795c2923840493ddf8c086,374,0.9976,0.0,Ca_Brevefilum,Candidatus Brevifilum,False,False,True,Anaerolineaceae,Anaerolineaceae,True,True,True,Anaerolineales,Anaerolineales,True,True,True,Anaerolineae,Anaerolineae,True,True,True,Chloroflexi,Chloroflexota,True,True,True
dee648358426ec8050d91246a7da2777,374,0.999,0.0,Syntrophomonas,Cronobacter,False,True,True,Syntrophomonadaceae,Enterobacteriaceae,False,True,True,Syntrophomonadales,Enterobacterales,False,False,True,Syntrophomonadia,Gammaproteobacteria,False,False,True,Firmicutes,Pseudomonadota,False,True,True
5fc9b3b833ee5fc9ddee11259db3940d,375,1.0,0.0,midas_g_739,Austwickia,False,False,False,Dermatophilaceae,Dermatophilaceae,True,True,True,Micrococcales,Micrococcales,True,True,True,Actinobacteria,Actinomycetes,False,False,True,Actinobacteriota,Actinomycetota,False,False,True
5081262c6f6941b26ee33cafbc0a2c31,372,1.0,0.0,Xanthobacter,Xanthobacter,True,True,True,Xanthobacteraceae,Xanthobacteraceae,True,True,True,Rhizobiales,Hyphomicrobiales,False,False,True,Alphaproteobacteria,Alphaproteobacteria,True,True,True,Proteobacteria,Pseudomonadota,True,True,True
f70d306dce5ac4969fdb6c1711131421,374,0.9966,0.0,midas_g_119075,,False,False,False,midas_f_5792,,False,False,False,RBG-13-54-9,,False,False,True,Anaerolineae,Anaerolineae,True,True,True,Chloroflexi,Chloroflexota,True,True,True
55eea1d4d02e89a3fec4e0d929946361,374,0.998,0.0,nan,Methylobacillus,False,False,False,Methylophilaceae,Methylophilaceae,True,True,True,Burkholderiales,Nitrosomonadales,False,True,True,Gammaproteobacteria,Betaproteobacteria,False,True,True,Proteobacteria,Pseudomonadota,True,True,True
16bd85d98b01823963164e514e5c1da4,375,1.0,0.0,Bifidobacterium,Bifidobacterium,True,True,True,Bifidobacteriaceae,Bifidobacteriaceae,True,True,True,Bifidobacteriales,Bifidobacteriales,True,True,True,Actinobacteria,Actinomycetes,False,False,True,Actinobacteriota,Actinomycetota,False,False,True
98f44e3e61d018840fdce5dc524c719c,369,0.9971,0.0,Ca_Amoebophilus,Candidatus Amoebophilus,False,False,True,Amoebophilaceae,Amoebophilaceae,True,True,True,Cytophagales,Cytophagales,True,True,True,Bacteroidia,Cytophagia,False,False,True,Bacteroidota,Bacteroidota,True,True,True
062cbfa9421131d2ab6418f8ee0385c6,374,0.9956,0.0,midas_g_98374,,False,False,False,midas_f_20645,,False,False,False,RBG-13-54-9,,False,False,True,Anaerolineae,Anaerolineae,True,True,True,Chloroflexi,Chloroflexota,True,True,True
62464229dcef00e0856587086e1e2f9d,375,1.0,0.0,midas_g_27766,,False,False,False,midas_f_765,,False,False,False,midas_o_765,,False,False,False,WCHB1-81,,False,False,True,Actinobacteriota,Actinomycetota,False,False,True
fb23f61e952a0a57ca3e763d8ad1f157,374,0.998,0.0,midas_g_1097,,False,False,False,Pirellulaceae,Planctomycetaceae,False,False,True,Pirellulales,Planctomycetales,False,True,True,Planctomycetes,Planctomycetia,False,False,True,Planctomycetota,Planctomycetota,True,True,True
571f6e6cd40b8548c4d3acff7572c04d,374,0.9946,0.0,nan,,False,False,False,midas_f_2772,,False,False,False,RBG-13-54-9,,False,False,True,Anaerolineae,Chloroflexia,False,True,True,Chloroflexi,Chloroflexota,True,True,True
938444186689c6c81498c229f4fdfc25,374,0.9961,0.0,midas_g_118905,,False,False,False,midas_f_112,,False,False,False,MBA03,,False,False,True,Limnochordia,,False,False,True,Firmicutes,,False,True,True
7d695607cd250aaa3167220d1f1b4cf0,370,0.9971,0.0,Atopobium,,False,True,True,Atopobiaceae,Atopobiaceae,True,True,True,Coriobacteriales,Coriobacteriales,True,True,True,Coriobacteriia,Coriobacteriia,True,True,True,Actinobacteriota,Actinomycetota,False,False,True
37f3685c73e70deca8c822eb745ced49,375,1.0,0.0,Nocardioides,,False,True,True,Nocardioidaceae,,False,True,True,Propionibacteriales,,False,True,True,Actinobacteria,Betaproteobacteria,False,False,True,Actinobacteriota,Pseudomonadota,False,False,True
e75112095b671ec01db52f4beeb04879,374,0.9971,0.0,Christensenellaceae_R-7_group,,False,False,True,Christensenellaceae,,False,True,True,Christensenellales,,False,True,True,Clostridia,,False,True,True,Firmicutes,,False,True,True
5a53ad0b5b9bb5681456ed32f72110e7,376,1.0,0.0,Millisia,Millisia,True,True,True,Nocardiaceae,Gordoniaceae,False,True,True,Corynebacteriales,Mycobacteriales,False,False,True,Actinobacteria,Actinomycetes,False,False,True,Actinobacteriota,Actinomycetota,False,False,True
b13f720636b1c50245daf019257f2c37,371,0.9995,0.0,nan,Paenibacillus,False,False,False,nan,Paenibacillaceae,False,False,False,nan,Caryophanales,False,False,False,Bacilli,Bacilli,True,True,True,Firmicutes,Bacillota,True,True,True
b6acd0e458ddc4258d7622929617346d,372,1.0,0.0,Afipia,,False,True,True,Xanthobacteraceae,,False,False,True,Rhizobiales,,False,False,True,Alphaproteobacteria,Alphaproteobacteria,True,True,True,Proteobacteria,Pseudomonadota,True,True,True
534aa0050da6044b57409f3606d33c40,372,1.0,0.0,Hydrogenophaga,Hydrogenophaga,True,True,True,Comamonadaceae,Comamonadaceae,True,True,True,Burkholderiales,Burkholderiales,True,True,True,Gammaproteobacteria,Betaproteobacteria,False,False,True,Proteobacteria,Pseudomonadota,True,True,True
842ba3e9826daf645e7765f4bb0525be,374,0.9956,0.0,nan,,False,False,False,nan,,False,False,False,Polyangiales,,False,True,True,Polyangia,Deltaproteobacteria,False,False,True,Myxococcota,,False,True,True
1ff5beccb7eb535d2fdcc1c7ce513ea5,374,0.9961,0.0,Desulfitibacter,Dethiobacter,False,False,True,Desulfitibacteraceae,Dethiobacteraceae,False,True,True,Desulfitibacterales,Dethiobacterales,False,False,True,Moorellia,Dethiobacteria,False,False,True,Firmicutes,Bacillota,True,True,True
179413bba78ea1fc349ad7186b4f47c1,375,0.9976,0.0,nan,,False,False,False,Isosphaeraceae,Planctomycetaceae,False,True,True,Isosphaerales,Planctomycetales,False,True,True,Planctomycetes,Planctomycetia,False,False,True,Planctomycetota,Planctomycetota,True,True,True
99b7d01a509e8d23e7ea8ddc8c916745,374,0.998,0.0,nan,Gracilibacter,False,False,False,nan,Gracilibacteraceae,False,False,False,nan,Eubacteriales,False,False,False,nan,Clostridia,False,False,False,Firmicutes,Bacillota,True,True,True
c5aceb1c0837567d8fd6258bde60c07e,374,1.0,0.0,midas_g_2780,,False,False,False,midas_f_352,,False,False,False,Vicinamibacterales,,False,True,True,Vicinamibacteria,,False,True,True,Acidobacteriota,Acidobacteriota,True,True,True
410e95b05efd63867444aa0a2458b97c,373,1.0,0.0,Pirellula,Pirellula,True,True,True,Pirellulaceae,Pirellulaceae,True,True,True,Pirellulales,Pirellulales,True,True,True,Planctomycetes,Planctomycetia,False,False,True,Planctomycetota,Planctomycetota,True,True,True
94a6d209f6cf2ffadcf52fbaf974fa6b,373,0.9927,0.0,Methanobacterium,Methanobacterium,True,True,True,Methanobacteriaceae,Methanobacteriaceae,True,True,True,Methanobacteriales,Methanobacteriales,True,True,True,Methanobacteria,Methanobacteria,True,True,True,Euryarchaeota,Methanobacteriota,True,True,True
931f5be1037c1c313cde89dcc9b3474e,388,0.9995,0.0,Terrisporobacter,Terrisporobacter,True,True,True,Peptostreptococcaceae,Peptostreptococcaceae,True,True,True,Peptostreptococcales-Tissierellales,Peptostreptococcales,False,False,True,Clostridia,Clostridia,True,True,True,Firmicutes,Bacillota,True,True,True
ac0039723d07f8589ce17bb3395a8ff5,390,0.9971,0.0,Bacillus,Massilibacterium,False,True,True,Bacillaceae,Bacillaceae,True,True,True,Bacillales,Caryophanales,False,False,True,Bacilli,Bacilli,True,True,True,Firmicutes,Bacillota,True,True,True
f30d2084ebd9ba46d4b05f86cf1dfa7b,372,0.9941,0.0,Oscillibacter,Clostridioides,False,False,True,Oscillospiraceae,Peptostreptococcaceae,False,True,True,Oscillospirales,Peptostreptococcales,False,False,True,Clostridia,Clostridia,True,True,True,Firmicutes,Bacillota,True,True,True
7809979fa1370bb575a71ab75a91bb93,369,0.999,0.0,Sedimentibacter,Sedimentibacter,True,True,True,Sedimentibacteraceae,,False,False,True,Peptostreptococcales-Tissierellales,,False,False,True,Clostridia,Tissierellia,False,True,True,Firmicutes,Bacillota,True,True,True
9f9dc639a87edbd78a80205416ee2fd2,374,0.9971,,,,False,False,False,,Syntrophaceae,False,False,False,,Syntrophales,False,False,False,,Syntrophia,False,False,False,,Thermodesulfobacteriota,False,False,False
3d20b16bfe9d7734e33948f1f8eacf77,373,1.0,,,,False,False,False,,,False,False,False,,,False,False,False,,Alphaproteobacteria,False,False,False,,Pseudomonadota,False,False,False
3534bf6410f7b813b875b92efd3d15cb,371,0.999,,,,False,False,False,,,False,False,False,,,False,False,False,,,False,False,False,,Bacillota,False,False,False
d23ffb5c240be9a208a05716348d5992,373,0.9932,,,,False,False,False,,Oscillospiraceae,False,False,False,,Eubacteriales,False,False,False,,Clostridia,False,False,False,,Bacillota,False,False,False
d9b00c82e52301fcc6aeb62bd47aa2de,373,1.0,,,,False,False,False,,,False,False,False,,,False,False,False,,,False,False,False,,Verrucomicrobiota,False,False,False
e177449d13e7691bd905e572eb826936,371,0.9971,,,,False,False,False,,,False,False,False,,,False,False,False,,,False,False,False,,Bacteroidota,False,False,False
5195eee30ed1c509d010d20c3909e846,375,0.9995,,,Bifidobacterium,False,False,False,,Bifidobacteriaceae,False,False,False,,Bifidobacteriales,False,False,False,,Actinomycetes,False,False,False,,Actinomycetota,False,False,False
4aff8b715435747567cbc4ee9c82fb8b,373,0.9976,0.013378438,nan,Dehalobacter,False,False,False,Syntrophobotulaceae,Desulfitobacteriaceae,False,False,True,Desulfitobacteriales,Eubacteriales,False,False,True,Desulfitobacteriia,Clostridia,False,False,True,Firmicutes,Bacillota,True,True,True
a2d71ade86c83ee8cbe7141a71281db6,375,0.9961,0.0,nan,,False,False,False,Isosphaeraceae,,False,True,True,Isosphaerales,,False,True,True,Planctomycetes,,False,False,True,Planctomycetota,Planctomycetota,True,True,True
fa3a634a3d5d11bab288b00d2d5369cc,375,1.0,0.0,midas_g_49,,False,False,False,Propionibacteriaceae,,False,True,True,Propionibacteriales,,False,True,True,Actinobacteria,,False,False,True,Actinobacteriota,Actinomycetota,False,False,True
4f90f8f67d96381936a8ea4b6bd9234c,373,1.0,0.0,Ruminococcus,Ruminococcus,True,True,True,Ruminococcaceae,Oscillospiraceae,False,False,True,Oscillospirales,Eubacteriales,False,False,True,Clostridia,Clostridia,True,True,True,Firmicutes,Bacillota,True,True,True
a594a2db0ceea408a3931a4465c05420,374,1.0,0.0,Rhodococcus,Rhodococcus,True,True,True,Nocardiaceae,Nocardiaceae,True,True,True,Corynebacteriales,Mycobacteriales,False,False,True,Actinobacteria,Actinomycetes,False,False,True,Actinobacteriota,Actinomycetota,False,False,True
ccd8c51003c6724304379157cbbb67a3,374,1.0,0.0,midas_g_6223,,False,False,False,JG30-KF-CM45,,False,False,True,Thermomicrobiales,,False,True,True,Chloroflexia,,False,True,True,Chloroflexi,Armatimonadota,False,True,True
826ce0379ee559bbbabb1289906f8823,373,0.9917,0.0,midas_g_92120,,False,False,False,UCG-010,,False,False,True,Oscillospirales,,False,False,True,Clostridia,Clostridia,True,True,True,Firmicutes,Bacillota,True,True,True
b3b12b9ab4a7ba52db234d329bd0ff98,373,1.0,0.0,midas_g_4482,,False,False,False,midas_f_4482,Clostridiaceae,False,False,False,Clostridia_UCG-014,Eubacteriales,False,False,True,Clostridia,Clostridia,True,True,True,Firmicutes,Bacillota,True,True,True
9e5f7d2247ac749d50a226417b3cd59b,370,0.999,0.0,midas_g_37538,,False,False,False,Holosporaceae,,False,True,True,Holosporales,,False,True,True,Alphaproteobacteria,Alphaproteobacteria,True,True,True,Proteobacteria,Pseudomonadota,True,True,True
4a776a15babf55b56fb4bc95c435aaed,372,1.0,0.0,Phenylobacterium,Phenylobacterium,True,True,True,Caulobacteraceae,Caulobacteraceae,True,True,True,Caulobacterales,Caulobacterales,True,True,True,Alphaproteobacteria,Alphaproteobacteria,True,True,True,Proteobacteria,Pseudomonadota,True,True,True
570d2782ac8b4697b37c5a7fcce2c38f,372,0.998,0.0,midas_g_84097,,False,False,False,midas_f_1792,,False,False,False,Planctomycetales,Planctomycetales,True,True,True,Planctomycetes,Planctomycetia,False,False,True,Planctomycetota,Planctomycetota,True,True,True
a7c8ce74f4fdc4ec58c5c54c9b1fda2a,373,0.9985,0.0,midas_g_694,,False,False,False,A0839,,False,False,True,Rhizobiales,,False,False,True,Alphaproteobacteria,Alphaproteobacteria,True,True,True,Proteobacteria,Pseudomonadota,True,True,True
6fdf97e983896ead9e2ae8cce7c97f46,374,0.9985,0.0,Fastidiosipila,,False,True,True,Hungateiclostridiaceae,,False,False,True,Oscillospirales,Eubacteriales,False,False,True,Clostridia,Clostridia,True,True,True,Firmicutes,Bacillota,True,True,True
58cd0f7f937effa7c5ed5dbe7e5cc864,374,0.9951,0.0,midas_g_9913,,False,False,False,Anaerolineaceae,,False,False,True,Anaerolineales,,False,True,True,Anaerolineae,Chloroflexia,False,True,True,Chloroflexi,Chloroflexota,True,True,True
eaa037ee5d32a43f07a4cbfaf7080884,374,0.9976,0.0,Christensenellaceae_R-7_group,,False,False,True,Christensenellaceae,Christensenellaceae,True,True,True,Christensenellales,Christensenellales,True,True,True,Clostridia,Clostridia,True,True,True,Firmicutes,Bacillota,True,True,True
f21e69f460e0f5a2ab946c9cbc535b27,372,0.9951,0.0,midas_g_115334,,False,False,False,midas_f_84699,,False,False,False,Clostridia_vadinBB60_group,,False,False,True,Clostridia,,False,True,True,Firmicutes,Bacillota,True,True,True
c8222ef3d31112ff4823bdb94a7eae2b,373,0.9976,0.0,nan,Flavisphingomonas,False,False,False,Sphingomonadaceae,Rhizorhabdaceae,False,True,True,Sphingomonadales,Sphingomonadales,True,True,True,Alphaproteobacteria,Alphaproteobacteria,True,True,True,Proteobacteria,Pseudomonadota,True,True,True
a74a7a8b9015b0732f8101e2f67c8f32,372,0.9995,0.0,nan,Hydrogenophaga,False,False,False,Comamonadaceae,Comamonadaceae,True,True,True,Burkholderiales,Burkholderiales,True,True,True,Gammaproteobacteria,Betaproteobacteria,False,True,True,Proteobacteria,Pseudomonadota,True,True,True
ea356eadfcbbc83181a30eade6da43f4,372,0.9995,0.0,Paracoccus,Paracoccus,True,True,True,Rhodobacteraceae,Paracoccaceae,False,False,True,Rhodobacterales,Rhodobacterales,True,True,True,Alphaproteobacteria,Alphaproteobacteria,True,True,True,Proteobacteria,Pseudomonadota,True,True,True
b53ee4129079a6b4885428c4e2a408f9,372,1.0,0.0,nan,Pontibaca,False,False,False,Rhodobacteraceae,Roseobacteraceae,False,False,True,Rhodobacterales,Rhodobacterales,True,True,True,Alphaproteobacteria,Alphaproteobacteria,True,True,True,Proteobacteria,Pseudomonadota,True,True,True
708043a43693e1145f5e15e5ee3b2b06,370,0.9971,0.0,nan,,False,False,False,Chitinophagaceae,Chitinophagaceae,True,True,True,Chitinophagales,Chitinophagales,True,True,True,Bacteroidia,Chitinophagia,False,False,True,Bacteroidota,Bacteroidota,True,True,True
0c3ea3339f3a3be523e02cefed4aaa10,377,0.9985,0.0,Actinomyces,Actinomyces,True,True,True,Actinomycetaceae,Actinomycetaceae,True,True,True,Actinomycetales,Actinomycetales,True,True,True,Actinobacteria,Actinomycetes,False,False,True,Actinobacteriota,Actinomycetota,False,False,True
ab35a6efdcbec8500e2fb023169fe78a,372,1.0,0.0,Aminobacter,Aminobacter,True,True,True,Rhizobiaceae,Phyllobacteriaceae,False,True,True,Rhizobiales,Hyphomicrobiales,False,False,True,Alphaproteobacteria,Alphaproteobacteria,True,True,True,Proteobacteria,Pseudomonadota,True,True,True
31d88ad972b0a11f159439daf1fe7367,375,0.999,0.0,Microlunatus,Microlunatus,True,True,True,Propionibacteriaceae,Propionibacteriaceae,True,True,True,Propionibacteriales,Propionibacteriales,True,True,True,Actinobacteria,Actinomycetes,False,False,True,Actinobacteriota,Actinomycetota,False,False,True
3f36ab74340cc11784c5f0c58099e15e,375,1.0,0.0,nan,,False,False,False,Propionibacteriaceae,,False,True,True,Propionibacteriales,,False,True,True,Actinobacteria,Actinomycetes,False,False,True,Actinobacteriota,Actinomycetota,False,False,True
a1919f68c3e5bd0c8c85ce6c4a407a81,375,0.999,0.0,Propioniciclava,Propioniciclava,True,True,True,Propionibacteriaceae,Propionibacteriaceae,True,True,True,Propionibacteriales,Propionibacteriales,True,True,True,Actinobacteria,Actinomycetes,False,False,True,Actinobacteriota,Actinomycetota,False,False,True
1e12ac0d70169a9c084a739e040907b9,375,1.0,0.0,Micromonospora,Micromonospora,True,True,True,Micromonosporaceae,Micromonosporaceae,True,True,True,Micromonosporales,Micromonosporales,True,True,True,Actinobacteria,Actinomycetes,False,False,True,Actinobacteriota,Actinomycetota,False,False,True
24d1b9eb90c847a42a0dc2c748b53fd5,371,0.9995,0.0,Rikenellaceae_RC9_gut_group,,False,False,True,Rikenellaceae,,False,True,True,Bacteroidales,Bacteroidales,True,True,True,Bacteroidia,Bacteroidia,True,True,True,Bacteroidota,Bacteroidota,True,True,True
1a78865d2083e443fbc5b19b0ea17fc5,374,0.9971,0.0,Monoglobus,,False,True,True,Monoglobaceae,,False,True,True,Monoglobales,,False,True,True,Clostridia,,False,True,True,Firmicutes,Bacillota,True,True,True
11506c8de798b3e79303f7afc3d782b6,369,0.9995,0.0,Gallicola,,False,True,True,Family_XI,,False,False,True,Peptostreptococcales-Tissierellales,,False,False,True,Clostridia,,False,True,True,Firmicutes,Bacillota,True,True,True
5d55d069c4109b5fc7cd290e947e5c8e,372,0.998,0.0,midas_g_2171,Aphanothece,False,False,False,Rhodobacteraceae,Aphanothecaceae,False,False,True,Rhodobacterales,Chroococcales,False,False,True,Alphaproteobacteria,Cyanophyceae,False,True,True,Proteobacteria,Cyanobacteriota,False,True,True
cf93fb824641ba2cdbfddf60b0590131,374,0.9971,0.0,nan,,False,False,False,Monoglobaceae,,False,True,True,Monoglobales,Eubacteriales,False,True,True,Clostridia,Clostridia,True,True,True,Firmicutes,Bacillota,True,True,True
05db5feb6a21f195981e6dce06cb45f2,374,0.999,0.0,midas_g_230,,False,False,False,midas_f_230,,False,False,False,midas_o_230,,False,False,False,JS1,,False,False,True,Caldatribacteriota,Atribacterota,False,False,True
ba7f833e7c235bf589dd87a343592b6d,374,0.998,0.0,Christensenellaceae_R-7_group,Phascolarctobacterium,False,False,True,Christensenellaceae,Acidaminococcaceae,False,False,True,Christensenellales,Acidaminococcales,False,True,True,Clostridia,Negativicutes,False,True,True,Firmicutes,Bacillota,True,True,True
11e175aff64bc4cf4986007e12bfc628,375,0.999,0.0,Nocardioides,Nocardioides,True,True,True,Nocardioidaceae,Nocardioidaceae,True,True,True,Propionibacteriales,Propionibacteriales,True,True,True,Actinobacteria,Actinomycetes,False,False,True,Actinobacteriota,Actinomycetota,False,False,True
e4738ae451a15c8bfd5229711b6b5361,373,0.9976,0.0,Novosphingobium,Novosphingobium,True,True,True,Sphingomonadaceae,Sphingomonadaceae,True,True,True,Sphingomonadales,Sphingomonadales,True,True,True,Alphaproteobacteria,Alphaproteobacteria,True,True,True,Proteobacteria,Pseudomonadota,True,True,True
99b6b856e4676df229a6e3c11b183293,372,0.9971,0.0,Pedomicrobium,Filomicrobium,False,False,True,Hyphomicrobiaceae,Hyphomicrobiaceae,True,True,True,Rhizobiales,Hyphomicrobiales,False,False,True,Alphaproteobacteria,Alphaproteobacteria,True,True,True,Proteobacteria,Pseudomonadota,True,True,True
0c794e59b49f4c211fd8d27ef015d178,374,0.9971,0.0,midas_g_22002,,False,False,False,Pirellulaceae,,False,True,True,Pirellulales,Pirellulales,True,True,True,Planctomycetes,Planctomycetia,False,False,True,Planctomycetota,Planctomycetota,True,True,True
8b36978991475cb71d3317e4daaf9e1a,370,0.9937,0.0,Roseimarinus,,False,False,True,Prolixibacteraceae,Prolixibacteraceae,True,True,True,Bacteroidales,Marinilabiliales,False,False,True,Bacteroidia,Bacteroidia,True,True,True,Bacteroidota,Bacteroidota,True,True,True
2d2be8e2152e95e0f171c4b66568e6f9,374,1.0,0.0,Christensenellaceae_R-7_group,,False,False,True,Christensenellaceae,Christensenellaceae,True,True,True,Christensenellales,Christensenellales,True,True,True,Clostridia,Clostridia,True,True,True,Firmicutes,Bacillota,True,True,True
922daae168c740d829141c432a8cdcd1,374,1.0,0.0,Pseudoxanthomonas,Pseudoxanthomonas,True,True,True,Xanthomonadaceae,Lysobacteraceae,False,False,True,Xanthomonadales,Lysobacterales,False,False,True,Gammaproteobacteria,Gammaproteobacteria,True,True,True,Proteobacteria,Pseudomonadota,True,True,True
6684f6190e4f3e23278528086ae25685,370,1.0,0.0,Atopobium,,False,True,True,Atopobiaceae,Atopobiaceae,True,True,True,Coriobacteriales,Coriobacteriales,True,True,True,Coriobacteriia,Coriobacteriia,True,True,True,Actinobacteriota,Actinomycetota,False,False,True
d9975f13b5075673dd9bb396688bd678,372,0.9995,0.0,nan,Diaphorobacter,False,False,False,Comamonadaceae,Comamonadaceae,True,True,True,Burkholderiales,Burkholderiales,True,True,True,Gammaproteobacteria,Betaproteobacteria,False,False,True,Proteobacteria,Pseudomonadota,True,True,True
856f4e976cd8cb16d80b01f36ee9721a,374,1.0,0.0,midas_g_269,,False,False,False,midas_f_269,,False,False,False,Gaiellales,,False,True,True,Thermoleophilia,Thermoleophilia,True,True,True,Actinobacteriota,Actinomycetota,False,False,True
8ed2c27daaea55b50ad23f3ffa313d87,376,0.9956,0.0,midas_g_116278,,False,False,False,midas_f_116278,,False,False,False,C0119,,False,False,True,Ktedonobacteria,,False,False,True,Chloroflexi,Thermoproteota,False,True,True
5c7c7b73a2ec4b36eb0c3adfcc84d9aa,375,0.9995,0.0,Gordonia,Gordonia,True,True,True,Nocardiaceae,Gordoniaceae,False,False,True,Corynebacteriales,Mycobacteriales,False,False,True,Actinobacteria,Actinomycetes,False,False,True,Actinobacteriota,Actinomycetota,False,False,True
3a87ef2d0d0b72632e8f39d0320fcf93,375,0.9995,0.0,Nakamurella,,False,True,True,Nakamurellaceae,,False,True,True,Frankiales,,False,False,True,Actinobacteria,,False,False,True,Actinobacteriota,,False,False,True
9212e9ff21fa9b50699aad28af029c33,370,0.9956,0.0,Irregularibacter,Haloimpatiens,False,False,True,Garciellaceae,Clostridiaceae,False,False,True,Eubacteriales,Eubacteriales,True,True,True,Clostridia,Clostridia,True,True,True,Firmicutes,Bacillota,True,True,True
82f3d62aabc8caf816ec2120e9c14bb5,373,1.0,0.0,midas_g_90235,,False,False,False,midas_f_46393,,False,False,False,Ca_Pacebacteria,,False,False,True,Microgenomatia,,False,False,True,Patescibacteria,,False,False,True
34f74c82bbd5954315b8ed382098d1c8,374,0.9966,0.0,midas_g_4532,,False,False,False,midas_f_4532,,False,False,False,midas_o_928,,False,False,False,midas_c_814,Deltaproteobacteria,False,False,False,SAR324_cladeMarine_group_B,,False,False,True
d3abbc3a1ab2ef83f8acf34b86409689,366,1.0,0.0,midas_g_53242,,False,False,False,midas_f_53242,,False,False,False,midas_o_53242,,False,False,False,Pla4_lineage,,False,False,True,Planctomycetota,Planctomycetota,True,True,True
ce2061796f0dee9838e806cd86488535,373,1.0,0.0,midas_g_43349,Dehalococcoides,False,False,False,WCHB1-02,Dehalococcoidaceae,False,False,True,Caldisericales,Dehalococcoidales,False,False,True,Caldisericia,Dehalococcoidia,False,False,True,Caldisericota,Chloroflexota,False,False,True
0d4a727aa1a6ad2e7284200ae5fbe3ad,374,0.998,0.0,midas_g_41301,Velocimicrobium,False,False,False,Lachnospiraceae,Lachnospiraceae,True,True,True,Lachnospirales,Lachnospirales,True,True,True,Clostridia,Clostridia,True,True,True,Firmicutes,Bacillota,True,True,True
3faa67bb59d09a9a52decfdd672ebd37,372,1.0,0.0,Reyranella,Reyranella,True,True,True,Reyranellaceae,Reyranellaceae,True,True,True,Reyranellales,Hyphomicrobiales,False,False,True,Alphaproteobacteria,Alphaproteobacteria,True,True,True,Proteobacteria,Pseudomonadota,True,True,True
e4726f3d57702fff7a622a277f09f348,371,0.9966,0.0,Fonticella,Caloramator,False,False,True,Caloramatoraceae,Clostridiaceae,False,False,True,Clostridiales,Eubacteriales,False,False,True,Clostridia,Clostridia,True,True,True,Firmicutes,Bacillota,True,True,True
5e65654a36b93f550852d66910b0bc34,374,0.9966,0.0,Ruminiclostridium,,False,False,True,Hungateiclostridiaceae,,False,False,True,Oscillospirales,,False,False,True,Clostridia,,False,True,True,Firmicutes,Bacillota,True,True,True
a6aee8a6cd6ccba649514961ae6730e1,374,1.0,0.0,Fastidiosipila,,False,True,True,Hungateiclostridiaceae,Sphaerochaetaceae,False,False,True,Oscillospirales,Spirochaetales,False,False,True,Clostridia,Spirochaetia,False,True,True,Firmicutes,Spirochaetota,False,True,True
85bc1a55639b9e35e2eed34f4c78295a,370,0.9995,,,,False,False,False,,Bacteroidaceae,False,False,False,,Bacteroidales,False,False,False,,Bacteroidia,False,False,False,,Bacteroidota,False,False,False
609733ff2721728a0474bb5c78c56ce6,368,0.9976,,,,False,False,False,,,False,False,False,,,False,False,False,,Mollicutes,False,False,False,,Mycoplasmatota,False,False,False
d32b216fc90bc092634d87dbc9e8baab,374,1.0,,,,False,False,False,,,False,False,False,,,False,False,False,,Anaerolineae,False,False,False,,Chloroflexota,False,False,False
28d35817f6313b2677fe3ce645be7fa4,370,0.9995,,,,False,False,False,,,False,False,False,,,False,False,False,,,False,False,False,,Myxococcota,False,False,False
959ee68dee7a677fe1541cf45d8d0ac6,374,1.0,,,,False,False,False,,,False,False,False,,Burkholderiales,False,False,False,,Betaproteobacteria,False,False,False,,Pseudomonadota,False,False,False
c8feb8ca9cb7d65e44118c2b9afc7324,373,0.999,,,,False,False,False,,,False,False,False,,,False,False,False,,,False,False,False,,Candidatus Cloacimonadota,False,False,False
e679135d9188dd08e7318e906ef29a80,374,0.9995,,,,False,False,False,,Christensenellaceae,False,False,False,,Christensenellales,False,False,False,,Clostridia,False,False,False,,Bacillota,False,False,False
8dddc010930174c81129a400de4404f2,372,0.9985,0.0,AAP99,,False,False,True,Sutterellaceae,,False,False,True,Burkholderiales,,False,True,True,Gammaproteobacteria,,False,True,True,Proteobacteria,Pseudomonadota,True,True,True
2f1368be39db6c82a0d6a9e99ef420c4,371,0.9971,,,,False,False,False,,Anaerovoracaceae,False,False,False,,Peptostreptococcales,False,False,False,,Clostridia,False,False,False,,Bacillota,False,False,False
1af6c9627463cd82e97a6b4ea183b12a,374,1.0,,,,False,False,False,,,False,False,False,,,False,False,False,,,False,False,False,,Myxococcota,False,False,False
0ea9d792852d38833646e0b5bf48cc0f,372,0.9995,,,Hydrogenophaga,False,False,False,,Comamonadaceae,False,False,False,,Burkholderiales,False,False,False,,Betaproteobacteria,False,False,False,,Pseudomonadota,False,False,False
be487433602cc1a744160a86bd546e04,374,0.9956,0.0,nan,,False,False,False,Peptococcaceae,,False,True,True,Peptococcales,Eubacteriales,False,False,True,Clostridia,Clostridia,True,True,True,Firmicutes,Bacillota,True,True,True
aa58fe86d0f5e4b909114de614e7a57e,389,0.9971,0.0,Syner-01,,False,False,True,Synergistaceae,Synergistaceae,True,True,True,Synergistales,Synergistales,True,True,True,Synergistia,Synergistia,True,True,True,Synergistota,Synergistota,True,True,True
023bd97712c56fd071cfd4e6b41ee9c5,395,0.9937,0.0,nan,Methanobrevibacter,False,False,False,Methanobacteriaceae,Methanobacteriaceae,True,True,True,Methanobacteriales,Methanobacteriales,True,True,True,Methanobacteria,Methanobacteria,True,True,True,Euryarchaeota,Methanobacteriota,True,True,True
d301ae11d7d28ed99b28fdee9ef67ac4,374,0.999,0.0,midas_g_669,,False,False,False,Gracilibacter,,False,False,True,Gracilibacteraceae,,False,False,True,Clostridia,,False,True,True,Firmicutes,Candidatus Cloacimonadota,False,True,True
72c3a9179d9dd5203fbaaceec278c7a9,372,0.9976,0.0,nan,,False,False,False,Christensenellaceae,Christensenellaceae,True,True,True,Christensenellales,Christensenellales,True,True,True,Clostridia,Clostridia,True,True,True,Firmicutes,Bacillota,True,True,True
0112df9b91ee10ca73426db0de32571b,374,0.9976,,,,False,False,False,,,False,False,False,,,False,False,False,,Clostridia,False,False,False,,Bacillota,False,False,False
b0aba9fc2245d2cb7e457364aa2205e4,372,1.0,,,Xanthobacter,False,False,False,,Xanthobacteraceae,False,False,False,,Hyphomicrobiales,False,False,False,,Alphaproteobacteria,False,False,False,,Pseudomonadota,False,False,False
8bbe4e6022a5ec46e3ba035b8b3e5036,374,0.9937,0.0,midas_g_110619,Thiohalobacter,False,False,False,midas_f_29377,Thiohalobacteraceae,False,False,False,midas_o_147,Thiohalobacterales,False,False,False,Gammaproteobacteria,Gammaproteobacteria,True,True,True,Proteobacteria,Pseudomonadota,True,True,True
102a50cfda4d5e455c29fbee9573d838,374,1.0,0.0,midas_g_70,,False,False,False,midas_f_27,,False,False,False,Run-SP154,,False,False,True,Gammaproteobacteria,Gammaproteobacteria,True,True,True,Proteobacteria,Pseudomonadota,True,True,True
05f1e3ae2775e34620e57edf62271d6d,374,0.9971,0.0,midas_g_115519,,False,False,False,Monoglobaceae,Oscillospiraceae,False,False,True,Monoglobales,Eubacteriales,False,False,True,Clostridia,Clostridia,True,True,True,Firmicutes,Bacillota,True,True,True
d035ec5e6c52ae02c608835230dde4b7,373,1.0,0.0,Ruminococcus,Porcipelethomonas,False,True,True,Ruminococcaceae,Oscillospiraceae,False,False,True,Oscillospirales,Eubacteriales,False,False,True,Clostridia,Clostridia,True,True,True,Firmicutes,Bacillota,True,True,True
6406af9ddc919e08f4d05e707fd141d4,372,1.0,0.0,midas_g_155,Cypionkella,False,False,False,Rhodobacteraceae,Paracoccaceae,False,False,True,Rhodobacterales,Rhodobacterales,True,True,True,Alphaproteobacteria,Alphaproteobacteria,True,True,True,Proteobacteria,Pseudomonadota,True,True,True
0125f2eadef50a0a739c1537d792cf24,374,0.9961,0.0,Neochlamydia,,False,False,True,Parachlamydiaceae,,False,True,True,Chlamydiales,Parachlamydiales,False,True,True,Chlamydiae,Chlamydiia,False,False,True,Verrucomicrobiota,Chlamydiota,False,False,True
62cb0689453660fcfba1346b1152bc84,374,0.998,0.0,midas_g_4042,,False,False,False,JG30-KF-CM45,,False,False,True,Thermomicrobiales,,False,True,True,Chloroflexia,Chloroflexia,True,True,True,Chloroflexi,Chloroflexota,True,True,True
ebe91a7d912f432d8726b0cef99d18c3,373,1.0,0.0,Roseburia,,False,True,True,Lachnospiraceae,Lachnospiraceae,True,True,True,Lachnospirales,Lachnospirales,True,True,True,Clostridia,Clostridia,True,True,True,Firmicutes,Bacillota,True,True,True
b4437357383387ed0937aeb891b767d2,374,0.9961,0.0,midas_g_5098,,False,False,False,midas_f_3270,,False,False,False,Gaiellales,,False,True,True,Thermoleophilia,Thermoleophilia,True,True,True,Actinobacteriota,Actinomycetota,False,False,True
79731579b17268e3805c05662db8b5a6,374,0.9971,0.0,midas_g_114498,Kitasatospora,False,False,False,Bacillaceae,Streptomycetaceae,False,True,True,Bacillales,Kitasatosporales,False,False,True,Bacilli,Actinomycetes,False,True,True,Firmicutes,Actinomycetota,False,True,True
477ebf0ce71e93b505183b46f1d1c310,373,1.0,0.0,Ruminococcus,Parabacteroides,False,True,True,Ruminococcaceae,Tannerellaceae,False,False,True,Oscillospirales,Bacteroidales,False,False,True,Clostridia,Bacteroidia,False,True,True,Firmicutes,Bacteroidota,False,True,True
fe2c23e02d96027ea381e1da7283d3ff,372,1.0,0.0,Ottowia,Ottowia,True,True,True,Comamonadaceae,Comamonadaceae,True,True,True,Burkholderiales,Burkholderiales,True,True,True,Gammaproteobacteria,Betaproteobacteria,False,False,True,Proteobacteria,Pseudomonadota,True,True,True
ba48df38cee6b17f2eda82b87095c240,374,0.9927,0.0,midas_g_98170,,False,False,False,midas_f_20645,,False,False,False,RBG-13-54-9,Anaerolineales,False,False,True,Anaerolineae,Anaerolineae,True,True,True,Chloroflexi,Chloroflexota,True,True,True
c4047091d558ea01dc3b6702ba3278c7,370,0.9985,0.0,midas_g_7329,,False,False,False,Spirochaetaceae,,False,False,True,Spirochaetales,,False,True,True,Spirochaetia,,False,True,True,Spirochaetota,Spirochaetota,True,True,True
a6a36906813434ce2d18626305b1564a,374,0.9951,0.0,Legionella,Legionella,True,True,True,Legionellaceae,Legionellaceae,True,True,True,Legionellales,Legionellales,True,True,True,Gammaproteobacteria,Gammaproteobacteria,True,True,True,Proteobacteria,Pseudomonadota,True,True,True
a5687ae218d670b18de3577539a459e3,374,0.9956,0.0,nan,,False,False,False,midas_f_3092,,False,False,False,0319-6G20,,False,False,True,Oligoflexia,Oligoflexia,True,True,True,Bdellovibrionota,Bdellovibrionota,True,True,True
4afc7e5bf81aaf214149bfaa2ffa5edf,374,1.0,0.0,UBA6140,Methylicorpusculum,False,False,True,Methylophilaceae,Methylococcaceae,False,True,True,Burkholderiales,Methylococcales,False,True,True,Gammaproteobacteria,Gammaproteobacteria,True,True,True,Proteobacteria,Pseudomonadota,True,True,True
6bb8346dab9a3a0256b22ca23f399e86,373,0.9961,0.0,midas_g_40543,,False,False,False,Christensenellaceae,,False,True,True,Christensenellales,,False,True,True,Clostridia,Clostridia,True,True,True,Firmicutes,Bacillota,True,True,True
0a23a3ed1cbe71a195745b3c5ea25d68,376,0.9941,0.0,midas_g_3409,,False,False,False,midas_f_2296,,False,False,False,midas_o_796,,False,False,False,midas_c_796,,False,False,False,WS1,Armatimonadota,False,False,True
66a02ed3c1738629e43ea7ca4005dafa,374,0.9951,0.0,nan,,False,False,False,Oxobacteraceae,,False,False,True,Clostridiales,Eubacteriales,False,False,True,Clostridia,Clostridia,True,True,True,Firmicutes,Bacillota,True,True,True
f4a24bc6456b7cb91afeb18832b4c18d,374,0.9976,0.0,Legionella,,False,True,True,Legionellaceae,,False,True,True,Legionellales,,False,True,True,Gammaproteobacteria,Gammaproteobacteria,True,True,True,Proteobacteria,Pseudomonadota,True,True,True
36bf04a857c2cb66cc9cb9d09ff71ad4,372,1.0,0.0,Eoetvoesia,Eoetvoesiella,False,False,True,Alcaligenaceae,Alcaligenaceae,True,True,True,Burkholderiales,Burkholderiales,True,True,True,Gammaproteobacteria,Betaproteobacteria,False,False,True,Proteobacteria,Pseudomonadota,True,True,True
6291d6ddf701717cb4dadaf9fe7f3ad3,374,1.0,0.0,midas_g_55095,Pirellula,False,False,False,Pirellulaceae,Pirellulaceae,True,True,True,Pirellulales,Pirellulales,True,True,True,Planctomycetes,Planctomycetia,False,False,True,Planctomycetota,Planctomycetota,True,True,True
c7ee36f726ae061be7e613876b497945,374,0.9941,0.0,midas_g_6180,,False,False,False,midas_f_6180,,False,False,False,midas_o_3277,,False,False,False,KD4-96,,False,False,True,Chloroflexi,,False,True,True
347f05aadc3de2fe5237432c42d041b5,373,1.0,0.0,Actinomyces,Schaalia,False,True,True,Actinomycetaceae,Actinomycetaceae,True,True,True,Actinomycetales,Actinomycetales,True,True,True,Actinobacteria,Actinomycetes,False,False,True,Actinobacteriota,Actinomycetota,False,False,True
8c244456b056b6b07dd3fe3de07754c0,375,0.9946,0.0,midas_g_14240,,False,False,False,Phycisphaeraceae,,False,True,True,Phycisphaerales,Phycisphaerales,True,True,True,Phycisphaerae,Phycisphaerae,True,True,True,Planctomycetota,Planctomycetota,True,True,True
dc8f5ffb4f5fe578b41f078fe854247c,372,0.9995,0.0,midas_g_4351,Rhizomicrobium,False,False,False,Micropepsaceae,Micropepsaceae,True,True,True,Micropepsales,Micropepsales,True,True,True,Alphaproteobacteria,Alphaproteobacteria,True,True,True,Proteobacteria,Pseudomonadota,True,True,True
b83c05fb785fc037d554a6f40d8e7774,376,0.9985,0.0,IMCC26207,,False,False,True,Microtrichaceae,Microthrixaceae,False,False,True,Microtrichales,Acidimicrobiales,False,False,True,Acidimicrobiia,Acidimicrobiia,True,True,True,Actinobacteriota,Actinomycetota,False,False,True
68bb557729fb17fa6cf8426461cb3d96,372,1.0,0.0,Kaistia,Kaistia,True,True,True,Kaistiaceae,Kaistiaceae,True,True,True,Rhizobiales,Hyphomicrobiales,False,False,True,Alphaproteobacteria,Alphaproteobacteria,True,True,True,Proteobacteria,Pseudomonadota,True,True,True
1fbebf41466cae9d33a4701c944cb55d,374,1.0,0.0,Blastopirellula,,False,False,True,Pirellulaceae,Pirellulaceae,True,True,True,Pirellulales,Pirellulales,True,True,True,Planctomycetes,Planctomycetia,False,False,True,Planctomycetota,Planctomycetota,True,True,True
bbb265fb3e7a0752ebf597a8844bfc16,368,0.9995,0.0,Flavobacterium,,False,True,True,Flavobacteriaceae,,False,True,True,Flavobacteriales,,False,True,True,Bacteroidia,,False,False,True,Bacteroidota,Bacteroidota,True,True,True
527d5108a6ce397729d5a554b1bf5e44,374,0.9966,0.0,Legionella,Legionella,True,True,True,Legionellaceae,Legionellaceae,True,True,True,Legionellales,Legionellales,True,True,True,Gammaproteobacteria,Gammaproteobacteria,True,True,True,Proteobacteria,Pseudomonadota,True,True,True
ed129574cd3b032d712d56b5aae6be05,375,0.9985,0.0,Propionicicella,,False,False,True,Propionibacteriaceae,,False,True,True,Propionibacteriales,,False,True,True,Actinobacteria,Actinomycetes,False,False,True,Actinobacteriota,Actinomycetota,False,False,True
5695cd2c25b48c99a4e5f409fc3f94ea,374,0.9961,0.0,midas_g_102591,,False,False,False,Christensenellaceae,,False,True,True,Christensenellales,,False,True,True,Clostridia,Clostridia,True,True,True,Firmicutes,Bacillota,True,True,True
b1cb97aa18b863512ee21e70268186ac,374,0.9961,0.0,HN-HF0106,Ruminiclostridium,False,False,True,Hungateiclostridiaceae,Oscillospiraceae,False,False,True,Oscillospirales,Eubacteriales,False,False,True,Clostridia,Clostridia,True,True,True,Firmicutes,Bacillota,True,True,True
75c43bd66f718ca75507ff5efd6e4ccb,373,1.0,0.0,Novosphingobium,Novosphingobium,True,True,True,Sphingomonadaceae,Sphingomonadaceae,True,True,True,Sphingomonadales,Sphingomonadales,True,True,True,Alphaproteobacteria,Alphaproteobacteria,True,True,True,Proteobacteria,Pseudomonadota,True,True,True
cc62bd14054a6830336f48d19ccb7fb7,372,1.0,0.0,Afipia,,False,True,True,Xanthobacteraceae,,False,False,True,Rhizobiales,,False,False,True,Alphaproteobacteria,Alphaproteobacteria,True,True,True,Proteobacteria,Pseudomonadota,True,True,True
32987fc28625ec2b81822b0fdaa91275,374,0.9966,0.0,Caldicoprobacter,,False,True,True,Caldicoprobacteraceae,,False,True,True,Caldicoprobacterales,,False,True,True,Clostridia,,False,True,True,Firmicutes,Bacillota,True,True,True
87aaf6c235f6de90e49dbd7cb8369b3a,375,0.9995,0.0,Leucobacter,Leucobacter,True,True,True,Microbacteriaceae,Microbacteriaceae,True,True,True,Micrococcales,Micrococcales,True,True,True,Actinobacteria,Actinomycetes,False,False,True,Actinobacteriota,Actinomycetota,False,False,True
33428c03ea0cb71b8769c049e677faaa,375,0.9995,0.0,Microbacterium,Microbacterium,True,True,True,Microbacteriaceae,Microbacteriaceae,True,True,True,Micrococcales,Micrococcales,True,True,True,Actinobacteria,Actinomycetes,False,False,True,Actinobacteriota,Actinomycetota,False,False,True
7b28257e7072537ea4bb77e10e2333cc,374,0.9951,0.0,midas_g_4325,,False,False,False,midas_f_54,Christensenellaceae,False,False,False,Clostridia_vadinBB60_group,Christensenellales,False,False,True,Clostridia,Clostridia,True,True,True,Firmicutes,Bacillota,True,True,True
2db5ad6c3ba987db0d8d5ff958a3cf38,374,0.9961,0.0,Desulfitibacter,Gracilibacter,False,False,True,Desulfitibacteraceae,Gracilibacteraceae,False,True,True,Desulfitibacterales,Eubacteriales,False,False,True,Moorellia,Clostridia,False,False,True,Firmicutes,Bacillota,True,True,True
52bbb433f19eef3b3b7f88453db7aeb4,370,0.9971,0.0,midas_g_1227,,False,False,False,Rikenellaceae,,False,True,True,Bacteroidales,,False,True,True,Bacteroidia,,False,True,True,Bacteroidota,Bacteroidota,True,True,True
ed541c87d5df87ae71fac96b59bc34aa,373,1.0,0.0,Sphingopyxis,,False,False,True,Sphingomonadaceae,,False,True,True,Sphingomonadales,,False,True,True,Alphaproteobacteria,,False,True,True,Proteobacteria,,False,True,True
316a647c6d79dda84bd598e67148ca47,372,1.0,0.0,Defluviimonas,Albidovulum,False,False,True,Rhodobacteraceae,Paracoccaceae,False,False,True,Rhodobacterales,Rhodobacterales,True,True,True,Alphaproteobacteria,Alphaproteobacteria,True,True,True,Proteobacteria,Pseudomonadota,True,True,True
e96b5191533b55b247369d8649d8458d,370,0.9946,0.0,midas_g_4773,,False,False,False,midas_f_2685,,False,False,False,Kapabacteriales,Bacteroidales,False,False,True,Kapabacteria,Bacteroidia,False,False,True,Bacteroidota,Bacteroidota,True,True,True
147d62339ee971ef76541998e68ae85f,372,0.9985,,,Nitratireductor,False,False,False,,Phyllobacteriaceae,False,False,False,,Hyphomicrobiales,False,False,False,,Alphaproteobacteria,False,False,False,,Pseudomonadota,False,False,False
2cfccf020554e11e7539dd993cba6a0e,374,0.9985,0.0,nan,Saccharofermentans,False,False,False,Hungateiclostridiaceae,Oscillospiraceae,False,False,True,Oscillospirales,Eubacteriales,False,False,True,Clostridia,Clostridia,True,True,True,Firmicutes,Bacillota,True,True,True
8f1916d21f568321064dd9348e295557,371,0.9995,0.0,nan,Sinanaerobacter,False,False,False,Anaerovoracaceae,Anaerovoracaceae,True,True,True,Peptostreptococcales-Tissierellales,Peptostreptococcales,False,False,True,Clostridia,Clostridia,True,True,True,Firmicutes,Bacillota,True,True,True
87c086aa8d08ea34c86a236167ecfaae,372,0.9976,0.0,nan,,False,False,False,Christensenellaceae,,False,True,True,Christensenellales,Christensenellales,True,True,True,Clostridia,Clostridia,True,True,True,Firmicutes,Bacillota,True,True,True
ad044e27597f7c321516675ab284767e,370,0.9995,0.0,Proteiniphilum,,False,True,True,Dysgonomonadaceae,,False,True,True,Bacteroidales,,False,True,True,Bacteroidia,,False,True,True,Bacteroidota,Bacteroidota,True,True,True
efbf41ef6305f10672073c212c671a34,372,0.9956,0.0,nan,Guopingia,False,False,False,Christensenellaceae,Christensenellaceae,True,True,True,Christensenellales,Christensenellales,True,True,True,Clostridia,Clostridia,True,True,True,Firmicutes,Bacillota,True,True,True
3ce149b2036b09491c253ded0e4d44a0,394,0.9888,0.0,nan,Klebsiella,False,False,False,Enterobacteriaceae,Enterobacteriaceae,True,True,True,Enterobacterales,Enterobacterales,True,True,True,Gammaproteobacteria,Gammaproteobacteria,True,True,True,Proteobacteria,Pseudomonadota,True,True,True
173a7aab3bd6f1f6811b232f07dc1c3c,377,0.9956,0.0,Alcaligenes,Cronobacter,False,True,True,Alcaligenaceae,Enterobacteriaceae,False,True,True,Burkholderiales,Enterobacterales,False,True,True,Gammaproteobacteria,Gammaproteobacteria,True,True,True,Proteobacteria,Pseudomonadota,True,True,True
30e37ad8c5069c7422d918c06234c077,372,0.9995,,,Diaphorobacter,False,False,False,,Comamonadaceae,False,False,False,,Burkholderiales,False,False,False,,Betaproteobacteria,False,False,False,,Pseudomonadota,False,False,False
10b6b184facb45c5d65fdd366d251c34,370,1.0,,,Macellibacteroides,False,False,False,,Porphyromonadaceae,False,False,False,,Bacteroidales,False,False,False,,Bacteroidia,False,False,False,,Bacteroidota,False,False,False
53bd29e551ba399226ce99e06ee5e31b,373,0.9941,,,Ruminococcus,False,False,False,,Oscillospiraceae,False,False,False,,Eubacteriales,False,False,False,,Clostridia,False,False,False,,Bacillota,False,False,False
ac55accdeaf5d678b973cc5061f19e64,371,1.0,,,,False,False,False,,,False,False,False,,,False,False,False,,,False,False,False,,Spirochaetota,False,False,False
1264d7f3ce202f7732de351912bfda5e,371,1.0,,,,False,False,False,,,False,False,False,,,False,False,False,,,False,False,False,,Synergistota,False,False,False
a77c9d2b8200bef0d694237279a593f8,374,0.9946,,,,False,False,False,,,False,False,False,,,False,False,False,,,False,False,False,,Lentisphaerota,False,False,False
28fb272909cf6fa14f7019229dc1b994,373,0.9971,,,Anaeromusa,False,False,False,,Sporomusaceae,False,False,False,,Selenomonadales,False,False,False,,Negativicutes,False,False,False,,Bacillota,False,False,False
14ba1f19338b039eaa6ddedfb7c78f7e,374,0.9995,,,,False,False,False,,,False,False,False,,,False,False,False,,,False,False,False,,Minisyncoccota,False,False,False
42472e31acff294fdf22a25f46752c45,376,0.998,,,,False,False,False,,Acidimicrobiaceae,False,False,False,,Acidimicrobiales,False,False,False,,Acidimicrobiia,False,False,False,,Actinomycetota,False,False,False
9b29795b6a07b073b71d5196ded69d85,370,0.9995,,,,False,False,False,,,False,False,False,,,False,False,False,,,False,False,False,,,False,False,False
ce7cc0fd0e5319b6271c2a7b5fe54896,369,0.9971,0.0,Tepidimicrobium,Schnuerera,False,True,True,Family_XI,Tepidimicrobiaceae,False,False,True,Peptostreptococcales-Tissierellales,Tissierellales,False,False,True,Clostridia,Tissierellia,False,True,True,Firmicutes,Bacillota,True,True,True
78a0364df0e0d26085d92c0946f18d33,370,0.9976,0.0,Petrimonas,Petrimonas,True,True,True,Dysgonomonadaceae,Dysgonomonadaceae,True,True,True,Bacteroidales,Bacteroidales,True,True,True,Bacteroidia,Bacteroidia,True,True,True,Bacteroidota,Bacteroidota,True,True,True
522c7a0c6142aec0c66fafcf71cd5223,372,0.9863,0.0,Lentimicrobium,Brucella,False,True,True,Lentimicrobiaceae,Brucellaceae,False,True,True,Sphingobacteriales,Hyphomicrobiales,False,False,True,Bacteroidia,Alphaproteobacteria,False,True,True,Bacteroidota,Pseudomonadota,False,True,True
1aede2d5c2e052cf33e4fbbc76abf4bb,402,0.9961,0.0,Methanosarcina,Methanosarcina,True,True,True,Methanosarcinaceae,Methanosarcinaceae,True,True,True,Methanosarciniales,Methanosarcinales,False,False,True,Methanosarcinia,Methanomicrobia,False,False,True,Halobacterota,Methanobacteriota,False,False,True
3ebc45cb057728ffa06e667125c116fd,389,0.9985,0.0,Desulfovibrio,Nitratidesulfovibrio,False,True,True,Desulfovibrionaceae,Desulfovibrionaceae,True,True,True,Desulfovibrionales,Desulfovibrionales,True,True,True,Desulfovibrionia,Desulfovibrionia,True,True,True,Desulfobacterota,Thermodesulfobacteriota,False,False,True
c6e107ed1e85e47112f11877f3145a7a,372,0.9956,0.0,nan,,False,False,False,Hydrogenoanaerobacterium,,False,False,True,Oscillospirales,Eubacteriales,False,False,True,Clostridia,Clostridia,True,True,True,Firmicutes,Bacillota,True,True,True
abb5010d272a80f960bc66a0fade6593,373,0.9956,0.0,nan,Ruminococcus,False,False,False,Ruminococcaceae,Oscillospiraceae,False,False,True,Oscillospirales,Eubacteriales,False,False,True,Clostridia,Clostridia,True,True,True,Firmicutes,Bacillota,True,True,True
f9a66a17b5f9dce559c28ff645d872b3,374,0.9976,,,Cronobacter,False,False,False,,Enterobacteriaceae,False,False,False,,Enterobacterales,False,False,False,,Gammaproteobacteria,False,False,False,,Pseudomonadota,False,False,False
1eb531d7f3ea89a9ead56eda443560cd,373,0.999,0.0,Sphingopyxis,Sphingopyxis,True,True,True,Sphingomonadaceae,Sphingopyxidaceae,False,True,True,Sphingomonadales,Sphingomonadales,True,True,True,Alphaproteobacteria,Alphaproteobacteria,True,True,True,Proteobacteria,Pseudomonadota,True,True,True
ab8d396cc48256dc50ec98bcc4419d8b,374,0.9966,0.0,Symbiobacterium,Symbiobacterium,True,True,True,Symbiobacteraceae,Symbiobacteriaceae,False,False,True,Symbiobacteriales,Eubacteriales,False,False,True,Symbiobacteriia,Clostridia,False,False,True,Firmicutes,Bacillota,True,True,True
3cce19ea306b1aafd7cd22fdc1bcefd6,374,0.9985,0.0,nan,Mycobacterium,False,False,False,nan,Mycobacteriaceae,False,False,False,Veillonellales-Selenomonadales,Mycobacteriales,False,False,True,Negativicutes,Actinomycetes,False,True,True,Firmicutes,Actinomycetota,False,True,True
1c9743174dcdb5dacbd049ba550f23f8,374,1.0,0.0,midas_g_2178,,False,False,False,midas_f_1469,,False,False,False,SBR1031,Bryobacterales,False,False,True,Anaerolineae,Terriglobia,False,True,True,Chloroflexi,Acidobacteriota,False,True,True
6d6f4c93d09d73073c55fef2decc5e58,375,0.9976,0.0,midas_g_6616,,False,False,False,Babeliaceae,,False,False,True,Babeliales,,False,False,True,Babeliae,,False,False,True,Dependentiae,,False,False,True
29924e75bce2dffe324f99988900e268,374,0.9951,0.0,midas_g_110619,Thiogranum,False,False,False,midas_f_29377,Ectothiorhodospiraceae,False,False,False,midas_o_147,Chromatiales,False,False,False,Gammaproteobacteria,Gammaproteobacteria,True,True,True,Proteobacteria,Pseudomonadota,True,True,True
a42258463565d8531ac1fbcbcb5558fd,374,0.9961,0.0,Conexibacter,,False,False,True,Solirubrobacteraceae,,False,True,True,Solirubrobacterales,,False,True,True,Thermoleophilia,Actinomycetes,False,True,True,Actinobacteriota,Actinomycetota,False,False,True
1c4637de71fcd2eaffb3ce3dfac5900b,374,0.9976,0.0,midas_g_51462,,False,False,False,Anaerolineaceae,,False,False,True,Anaerolineales,Anaerolineales,True,True,True,Anaerolineae,Anaerolineae,True,True,True,Chloroflexi,Chloroflexota,True,True,True
7aaabccf2857ac0f0872b94bd0f656d3,374,0.9985,0.0,Rhodanobacter,Rhodanobacter,True,True,True,Rhodanobacteraceae,Rhodanobacteraceae,True,True,True,Xanthomonadales,Lysobacterales,False,False,True,Gammaproteobacteria,Gammaproteobacteria,True,True,True,Proteobacteria,Pseudomonadota,True,True,True
5c9fb7a940057c1f9f962c0feb1bab79,372,1.0,0.0,nan,Inconstantimicrobium,False,False,False,Clostridiaceae,Clostridiaceae,True,True,True,Clostridiales,Eubacteriales,False,False,True,Clostridia,Clostridia,True,True,True,Firmicutes,Bacillota,True,True,True
91f0e5c44114d5c9a43a1eec10154a17,374,0.9995,0.0,Clostridium_sensu_stricto_12,Clostridium,False,False,True,Clostridiaceae,Clostridiaceae,True,True,True,Clostridiales,Eubacteriales,False,False,True,Clostridia,Clostridia,True,True,True,Firmicutes,Bacillota,True,True,True
be2e14e36e0980340c6a5106d0ebf887,372,1.0,0.0,midas_g_251,Rhodopseudomonas,False,False,False,Xanthobacteraceae,Nitrobacteraceae,False,False,True,Rhizobiales,Hyphomicrobiales,False,False,True,Alphaproteobacteria,Alphaproteobacteria,True,True,True,Proteobacteria,Pseudomonadota,True,True,True
41c2b1997c23cb128c7a5fe3586fe2cd,375,0.999,0.0,Propioniciclava,Propioniciclava,True,True,True,Propionibacteriaceae,Propionibacteriaceae,True,True,True,Propionibacteriales,Propionibacteriales,True,True,True,Actinobacteria,Actinomycetes,False,False,True,Actinobacteriota,Actinomycetota,False,False,True
63127b43a7584c83207f3213ebd51a60,372,1.0,0.0,nan,Pollutimonas,False,False,False,Alcaligenaceae,Alcaligenaceae,True,True,True,Burkholderiales,Burkholderiales,True,True,True,Gammaproteobacteria,Betaproteobacteria,False,False,True,Proteobacteria,Pseudomonadota,True,True,True
dce9d93a9449b78d7b3f809249923607,375,0.9985,0.0,midas_g_1092,,False,False,False,midas_f_1092,,False,False,False,midas_o_1092,,False,False,False,RBG-16-55-12,,False,False,True,Actinobacteriota,Actinomycetota,False,False,True
5ef9c96b68ed0d81bec10c4b79e562a8,375,1.0,0.0,Gordonia,Williamsia,False,True,True,Nocardiaceae,Nocardiaceae,True,True,True,Corynebacteriales,Mycobacteriales,False,False,True,Actinobacteria,Actinomycetes,False,False,True,Actinobacteriota,Actinomycetota,False,False,True
419a137f2ad50bcbc7cd2b296d34e524,374,0.9985,0.0,Pir4_lineage,,False,False,True,Pirellulaceae,,False,True,True,Pirellulales,,False,True,True,Planctomycetes,,False,False,True,Planctomycetota,Planctomycetota,True,True,True
1be3827e47b5c470292d2d3200f1aa5e,374,0.9961,0.0,Pir4_lineage,,False,False,True,Pirellulaceae,,False,False,True,Pirellulales,Pirellulales,True,True,True,Planctomycetes,Planctomycetia,False,False,True,Planctomycetota,Planctomycetota,True,True,True
260f47af70cb0a395a7ad53f17bdced2,372,0.9966,0.0,Pirellula,Anatilimnocola,False,True,True,Pirellulaceae,Pirellulaceae,True,True,True,Pirellulales,Pirellulales,True,True,True,Planctomycetes,Planctomycetia,False,False,True,Planctomycetota,Planctomycetota,True,True,True
b2378dc0ed02b4859dec7c88db7efeb0,375,0.9966,0.0,nan,,False,False,False,Isosphaeraceae,Isosphaeraceae,True,True,True,Isosphaerales,Isosphaerales,True,True,True,Planctomycetes,Planctomycetia,False,False,True,Planctomycetota,Planctomycetota,True,True,True
23f3e8af4976b7963035af445f28e69e,374,0.9912,0.0,midas_g_114992,Natranaerofaba,False,False,False,Dethiobacteraceae,Natranaerofabaceae,False,False,True,Dethiobacterales,Natranaerobiales,False,False,True,Dethiobacteria,Clostridia,False,False,True,Firmicutes,Bacillota,True,True,True
377137e62970b518f66505eab179329e,377,0.999,0.0,midas_g_641,,False,False,False,midas_f_641,,False,False,False,IMCC26256,,False,False,True,Acidimicrobiia,Acidimicrobiia,True,True,True,Actinobacteriota,Actinomycetota,False,False,True
52b604057878bf8752f3a1b04785376f,374,0.9966,0.0,midas_g_38442,,False,False,False,midas_f_38442,,False,False,False,Clostridia_vadinBB60_group,,False,False,True,Clostridia,Clostridia,True,True,True,Firmicutes,Bacillota,True,True,True
e1a9800482df461df81429b3b8f859a1,371,1.0,0.0,Mogibacterium,Mogibacterium,True,True,True,Anaerovoracaceae,Anaerovoracaceae,True,True,True,Peptostreptococcales-Tissierellales,Peptostreptococcales,False,False,True,Clostridia,Clostridia,True,True,True,Firmicutes,Bacillota,True,True,True
86648abd0094f1568a386360dcba7034,373,0.9893,0.0,midas_g_3187,,False,False,False,midas_f_3187,,False,False,False,midas_o_147,,False,False,False,Gammaproteobacteria,Gammaproteobacteria,True,True,True,Proteobacteria,Pseudomonadota,True,True,True
2dbf2a077fcce4d00fd8aa9472955ceb,374,0.9985,0.0,midas_g_2178,,False,False,False,midas_f_1469,,False,False,False,SBR1031,Bryobacterales,False,False,True,Anaerolineae,Terriglobia,False,True,True,Chloroflexi,Acidobacteriota,False,True,True
d892477defe0f9cdd8909406acda6427,374,0.9971,0.0,midas_g_110563,,False,False,False,Christensenellaceae,,False,True,True,Christensenellales,,False,True,True,Clostridia,Clostridia,True,True,True,Firmicutes,Bacillota,True,True,True
117d3b82912eec34fc2dd0e5e32afe1f,374,0.998,0.0,Syntrophomonas,Proteiniphilum,False,True,True,Syntrophomonadaceae,Dysgonomonadaceae,False,True,True,Syntrophomonadales,Bacteroidales,False,False,True,Syntrophomonadia,Bacteroidia,False,False,True,Firmicutes,Bacteroidota,False,True,True
9d4a17911618ba9db170b62ca50ac4a3,374,0.9932,0.0,midas_g_93238,,False,False,False,Anaerolineaceae,,False,True,True,Anaerolineales,,False,True,True,Anaerolineae,Chloroflexia,False,True,True,Chloroflexi,Chloroflexota,True,True,True
88d9d7a5f4454e47ced69c6c7391068b,378,0.9971,0.0,midas_g_93310,Methanospirillum,False,False,False,Methanospirillaceae,Methanospirillaceae,True,True,True,Methanomicrobiales,Methanomicrobiales,True,True,True,Methanomicrobia,Methanomicrobia,True,True,True,Halobacterota,Methanobacteriota,False,False,True
4e54424feaf302b38dacbb7da4c883dd,374,0.998,0.0,nan,Anaerocolumna,False,False,False,Lachnospiraceae,Lachnospiraceae,True,True,True,Lachnospirales,Lachnospirales,True,True,True,Clostridia,Clostridia,True,True,True,Firmicutes,Bacillota,True,True,True
3cf1742119ed5fa9647b23f85b3f9af1,373,1.0,0.0,Blautia,Blautia,True,True,True,Lachnospiraceae,Lachnospiraceae,True,True,True,Lachnospirales,Lachnospirales,True,True,True,Clostridia,Clostridia,True,True,True,Firmicutes,Bacillota,True,True,True
9816db47f2611a30597851d70a0e62fd,374,0.999,0.0,midas_g_2898,,False,False,False,Pirellulaceae,Planctomycetaceae,False,True,True,Pirellulales,Planctomycetales,False,True,True,Planctomycetes,Planctomycetia,False,False,True,Planctomycetota,Planctomycetota,True,True,True
9c96f5d8a39fc651dd1265522f6dab70,374,0.9956,0.0,midas_g_1183,,False,False,False,Christensenellaceae,,False,False,True,Christensenellales,Christensenellales,True,True,True,Clostridia,Clostridia,True,True,True,Firmicutes,Bacillota,True,True,True
56db17221a9724cad62ae9a36c453a81,374,0.998,0.0,Longilinea,Leptolinea,False,False,True,Anaerolineaceae,Anaerolineaceae,True,True,True,Anaerolineales,Anaerolineales,True,True,True,Anaerolineae,Anaerolineae,True,True,True,Chloroflexi,Chloroflexota,True,True,True
c601bfcd6b08e128ae6dfdcdb48400ed,374,0.998,0.0,midas_g_37494,,False,False,False,midas_f_222,,False,False,False,midas_o_4,,False,False,False,midas_c_4,,False,False,False,Firmicutes,Bacillota,True,True,True
0ca4dd10576aed42007187bfd0cb11c5,374,0.9941,0.0,midas_g_3315,,False,False,False,midas_f_3187,,False,False,False,midas_o_147,,False,False,False,Gammaproteobacteria,Gammaproteobacteria,True,True,True,Proteobacteria,Pseudomonadota,True,True,True
f70e093acf38a2d3d8f0e88980b0293d,374,0.9985,0.0,nan,Saccharofermentans,False,False,False,Hungateiclostridiaceae,Oscillospiraceae,False,False,True,Oscillospirales,Eubacteriales,False,False,True,Clostridia,Clostridia,True,True,True,Firmicutes,Bacillota,True,True,True
49196b1aebe801d08aeafc3c6ee37b63,372,0.998,0.0,nan,Clostridium,False,False,False,Clostridiaceae,Clostridiaceae,True,True,True,Clostridiales,Eubacteriales,False,False,True,Clostridia,Clostridia,True,True,True,Firmicutes,Bacillota,True,True,True
9f113facb493f17c8499fb47ff434602,377,0.999,0.0,midas_g_90791,,False,False,False,midas_f_90791,,False,False,False,midas_o_90791,,False,False,False,Bathyarchaeia,,False,False,True,Crenarchaeota,,False,False,True
513be4a37b7f822529b6bc15793afd03,370,0.999,0.0,nan,,False,False,False,Chitinophagaceae,Chitinophagaceae,True,True,True,Chitinophagales,Chitinophagales,True,True,True,Bacteroidia,Chitinophagia,False,False,True,Bacteroidota,Bacteroidota,True,True,True
227b3993622857f90f1b3be1adaf17cd,375,0.998,0.0,Propionicicella,,False,False,True,Propionibacteriaceae,Propionibacteriaceae,True,True,True,Propionibacteriales,Propionibacteriales,True,True,True,Actinobacteria,Actinomycetes,False,False,True,Actinobacteriota,Actinomycetota,False,False,True
398b644c70b3a3b47d64e696f8b639fc,378,1.0,0.0,Methanolinea,,False,True,True,Methanoregulaceae,Methanoregulaceae,True,True,True,Methanomicrobiales,Methanomicrobiales,True,True,True,Methanomicrobia,Methanomicrobia,True,True,True,Halobacterota,Methanobacteriota,False,False,True
074479d786da002e8256e36bc49904fa,372,0.9966,0.0,Christensenella,,False,False,True,Christensenellaceae,,False,False,True,Christensenellales,,False,False,True,Clostridia,Actinomycetes,False,True,True,Firmicutes,Actinomycetota,False,True,True
4d14fe12857973bd0d0470a41c6e1a5a,373,0.999,0.0,midas_g_3252,,False,False,False,Sporomusaceae,,False,True,True,Veillonellales-Selenomonadales,,False,False,True,Negativicutes,Negativicutes,True,True,True,Firmicutes,Bacillota,True,True,True
a3cb77034e3171f38574be30d580d64e,372,0.998,0.0,Defluviimonas,,False,False,True,Rhodobacteraceae,,False,False,True,Rhodobacterales,,False,True,True,Alphaproteobacteria,Alphaproteobacteria,True,True,True,Proteobacteria,Pseudomonadota,True,True,True
a743ded8ab3e004a1671552ecbb9bb5b,372,0.998,0.0,Defluviitalea,Defluviitalea,True,True,True,Defluviitaleaceae,Defluviitaleaceae,True,True,True,Lachnospirales,Lachnospirales,True,True,True,Clostridia,Clostridia,True,True,True,Firmicutes,Bacillota,True,True,True
248422358abb94560c1fc2271904e71f,374,0.9971,0.0,Legionella,,False,True,True,Legionellaceae,,False,True,True,Legionellales,,False,True,True,Gammaproteobacteria,Gammaproteobacteria,True,True,True,Proteobacteria,Pseudomonadota,True,True,True
d565cc730adacf032359b0bbd5840ed3,372,1.0,0.0,Defluviitalea,Defluviitalea,True,True,True,Defluviitaleaceae,Defluviitaleaceae,True,True,True,Lachnospirales,Lachnospirales,True,True,True,Clostridia,Clostridia,True,True,True,Firmicutes,Bacillota,True,True,True
115fd3d829ca9fb45630f07981cbcb73,373,0.999,0.0,midas_g_3252,,False,False,False,Sporomusaceae,Veillonellaceae,False,True,True,Veillonellales-Selenomonadales,Veillonellales,False,False,True,Negativicutes,Negativicutes,True,True,True,Firmicutes,Bacillota,True,True,True
8f41bea56ea28ecfb10b1e83a77ff160,372,1.0,0.0,Clostridium_sensu_stricto_1,Clostridium,False,False,True,Clostridiaceae,Clostridiaceae,True,True,True,Clostridiales,Eubacteriales,False,False,True,Clostridia,Clostridia,True,True,True,Firmicutes,Bacillota,True,True,True
8933321e7dbdf47e55a1ec83a6517e09,372,1.0,0.0,Reyranella,Reyranella,True,True,True,Reyranellaceae,Reyranellaceae,True,True,True,Reyranellales,Hyphomicrobiales,False,False,True,Alphaproteobacteria,Alphaproteobacteria,True,True,True,Proteobacteria,Pseudomonadota,True,True,True
089e886fa6644f9380d46e458a8bf9d6,371,0.9985,0.0,Rikenellaceae_RC9_gut_group,,False,False,True,Rikenellaceae,,False,True,True,Bacteroidales,,False,True,True,Bacteroidia,,False,True,True,Bacteroidota,Bacteroidota,True,True,True
1533932a1509abc329353a9d98d3f519,373,0.998,0.0,Bauldia,,False,True,True,Rhodobacteraceae,,False,False,True,Rhodobacterales,,False,False,True,Alphaproteobacteria,Alphaproteobacteria,True,True,True,Proteobacteria,Pseudomonadota,True,True,True
49e3be6db5eee89cd85b7d6f4210ec90,374,0.9995,0.0,Desulforhabdus,Desulforhabdus,True,True,True,Syntrophobacteraceae,Syntrophobacteraceae,True,True,True,Syntrophobacterales,Syntrophobacterales,True,True,True,Syntrophobacteria,Syntrophobacteria,True,True,True,Desulfobacterota,Thermodesulfobacteriota,False,False,True
400fe0a1f19db5477c9e37d1f2efcef3,373,1.0,0.0,Brevibacillus,Brevibacillus,True,True,True,Brevibacillaceae,Paenibacillaceae,False,False,True,Brevibacillales,Caryophanales,False,False,True,Bacilli,Bacilli,True,True,True,Firmicutes,Bacillota,True,True,True
6904ffb97cd865af71cbb684f9892107,374,0.9966,0.0,midas_g_81158,,False,False,False,midas_f_1686,,False,False,False,mle1-8,,False,False,True,Phycisphaerae,Phycisphaerae,True,True,True,Planctomycetota,Planctomycetota,True,True,True
639e75a54d67c9dc93cfa31100bdc6d9,379,0.9883,0.0,midas_g_3695,Microcystis,False,False,False,midas_f_3695,Microcystaceae,False,False,False,Kapabacteriales,Chroococcales,False,False,True,Kapabacteria,Cyanophyceae,False,False,True,Bacteroidota,Cyanobacteriota,False,True,True
ea45bee86d1ee90365290e8bef727fe5,372,0.9971,0.0,midas_g_1799,Candidatus Darwinibacter,False,False,False,midas_f_1799,Candidatus Darwinibacteriaceae,False,False,False,Proteinivoracales,Candidatus Darwinibacteriales,False,False,True,Clostridia,Clostridia,True,True,True,Firmicutes,Bacillota,True,True,True
7e03bedb15626308fa00007db009033d,370,0.9956,0.0,Alcaligenes,Pusillimonas,False,True,True,Alcaligenaceae,Alcaligenaceae,True,True,True,Burkholderiales,Burkholderiales,True,True,True,Gammaproteobacteria,Betaproteobacteria,False,False,True,Proteobacteria,Pseudomonadota,True,True,True
54cf58358cfa82b7dc7956916adbaf7e,374,0.9971,0.0,nan,,False,False,False,Christensenellaceae,,False,True,True,Christensenellales,,False,True,True,Clostridia,,False,True,True,Firmicutes,,False,True,True
a7ce2e12db2ff3b5fbac2cc8276cee0a,373,1.0,,,Caproiciproducens,False,False,False,,Acutalibacteraceae,False,False,False,,Eubacteriales,False,False,False,,Clostridia,False,False,False,,Bacillota,False,False,False
bdb4a8177d34d5e7899e74940d5e8d4d,374,0.999,,,,False,False,False,,,False,False,False,,,False,False,False,,,False,False,False,,Bacillota,False,False,False
627660d80a5a9ff20c533d134d2f8489,373,1.0,,,,False,False,False,,,False,False,False,,,False,False,False,,,False,False,False,,Bacillota,False,False,False
62582dc1dc0a4de7a816d608c479fb4a,373,0.9985,,,,False,False,False,,,False,False,False,,,False,False,False,,,False,False,False,,Minisyncoccota,False,False,False
f28f33c94ad752ce04971fe370f2538e,374,1.0,,,Syntrophus,False,False,False,,Syntrophaceae,False,False,False,,Syntrophales,False,False,False,,Syntrophia,False,False,False,,Thermodesulfobacteriota,False,False,False
39cb04a51e62389c21d35e2d695d65ee,369,0.9995,,,,False,False,False,,,False,False,False,,,False,False,False,,,False,False,False,,Bacteroidota,False,False,False
b098523d1b3f58bbb80fe9308fb8912c,378,0.9956,,,,False,False,False,,,False,False,False,,,False,False,False,,Limnochordia,False,False,False,,Bacillota,False,False,False
d27891ec7eaa21b0099ce51c7b38bc5c,371,0.9966,,,,False,False,False,,Planctomycetaceae,False,False,False,,Planctomycetales,False,False,False,,Planctomycetia,False,False,False,,Planctomycetota,False,False,False
d61279a4131ed846136cac9c8c7c99ef,373,0.9976,,,,False,False,False,,Oscillospiraceae,False,False,False,,Eubacteriales,False,False,False,,Clostridia,False,False,False,,Bacillota,False,False,False
bc85938f61bfb977747f0b4d8a86f2b9,372,0.9995,,,Phenylobacterium,False,False,False,,Caulobacteraceae,False,False,False,,Caulobacterales,False,False,False,,Alphaproteobacteria,False,False,False,,Pseudomonadota,False,False,False
cd25c45d1fcdc21024720b3b199d9e51,374,0.9971,,,,False,False,False,,,False,False,False,,,False,False,False,,Phycisphaerae,False,False,False,,Planctomycetota,False,False,False
3ffbac564ae83148bbb18197b7093464,370,1.0,,,,False,False,False,,,False,False,False,,,False,False,False,,,False,False,False,,Bacteroidota,False,False,False
f1ebffdf71f712f477b8ede6c75a5a98,374,0.9888,0.0,Methanosarcina,Methanosarcina,True,True,True,Methanosarcinaceae,Methanosarcinaceae,True,True,True,Methanosarciniales,Methanosarcinales,False,False,True,Methanosarcinia,Methanomicrobia,False,False,True,Halobacterota,Methanobacteriota,False,False,True
d2a7242dccc3b9a6c09d989ebfef37f4,374,0.999,0.0,midas_g_98124,Clostridium,False,False,False,Hungateiclostridiaceae,Clostridiaceae,False,False,True,Oscillospirales,Eubacteriales,False,False,True,Clostridia,Clostridia,True,True,True,Firmicutes,Bacillota,True,True,True
463921baaa4efa55a2dd33663c3a3e27,372,1.0,0.0,Christensenellaceae_R-7_group,,False,False,True,Christensenellaceae,Christensenellaceae,True,True,True,Christensenellales,Christensenellales,True,True,True,Clostridia,Clostridia,True,True,True,Firmicutes,Bacillota,True,True,True
7cb6fb83dfd9725a45a012db687900e1,374,0.999,0.0,Syntrophomonas,Cronobacter,False,True,True,Syntrophomonadaceae,Enterobacteriaceae,False,True,True,Syntrophomonadales,Enterobacterales,False,False,True,Syntrophomonadia,Gammaproteobacteria,False,False,True,Firmicutes,Pseudomonadota,False,True,True
41378c0d1422c99fe376b37f5e1eb290,370,1.0,0.0,nan,Sediminibacterium,False,False,False,Chitinophagaceae,Chitinophagaceae,True,True,True,Chitinophagales,Chitinophagales,True,True,True,Bacteroidia,Chitinophagia,False,False,True,Bacteroidota,Bacteroidota,True,True,True
b8787a09e2e26dcf154557d3ad66ea8d,374,0.9995,0.0,midas_g_2178,,False,False,False,midas_f_1469,,False,False,False,SBR1031,Bryobacterales,False,False,True,Anaerolineae,Terriglobia,False,True,True,Chloroflexi,Acidobacteriota,False,True,True
ac9f1e4b2c16d2889fff6d797650d869,372,0.9951,0.0,midas_g_114155,,False,False,False,midas_f_84699,,False,False,False,Clostridia_vadinBB60_group,,False,False,True,Clostridia,,False,True,True,Firmicutes,Bacillota,True,True,True
ab6115f8667efbf773336f71d2ab8f62,378,0.9966,0.0,Methanobacterium,Methanobacterium,True,True,True,Methanobacteriaceae,Methanobacteriaceae,True,True,True,Methanobacteriales,Methanobacteriales,True,True,True,Methanobacteria,Methanobacteria,True,True,True,Euryarchaeota,Methanobacteriota,True,True,True
e8a175a7e2f98b4c540ba8c39c2e16dc,373,0.9941,0.0,nan,,False,False,False,Christensenellaceae,Christensenellaceae,True,True,True,Christensenellales,Christensenellales,True,True,True,Clostridia,Clostridia,True,True,True,Firmicutes,Bacillota,True,True,True
f5f66763f2f22b0c3e7c6196abf30135,374,1.0,0.0,HN-HF0106,,False,False,True,Hungateiclostridiaceae,,False,False,True,Oscillospirales,,False,False,True,Clostridia,,False,True,True,Firmicutes,Bacillota,True,True,True
ed2d2e8b1f87bc9682f5032af247e55d,390,0.9834,0.0,LNR_A2-18,Pseudomonas,False,False,True,Cloacimonadaceae,Pseudomonadaceae,False,False,True,Cloacimonadales,Pseudomonadales,False,False,True,Cloacimonadia,Gammaproteobacteria,False,False,True,Cloacimonadota,Pseudomonadota,False,False,True
2a259a83523139e7d1a7dbd894e2ae4d,374,0.9985,0.0,nan,,False,False,False,Christensenellaceae,Christensenellaceae,True,True,True,Christensenellales,Christensenellales,True,True,True,Clostridia,Clostridia,True,True,True,Firmicutes,Bacillota,True,True,True
742bfc36f3a40d87bc080ab54fdf0b05,374,0.9976,0.0,Christensenellaceae_R-7_group,,False,False,True,Christensenellaceae,,False,True,True,Christensenellales,,False,True,True,Clostridia,,False,True,True,Firmicutes,,False,True,True
eae2b2f16935541e065a7e45ce95ff17,374,0.999,0.0,midas_g_3406,,False,False,False,midas_f_2701,,False,False,False,Hydrogenispora,,False,False,True,Limnochordia,,False,True,True,Firmicutes,Chloroflexota,False,True,True
7a777474146ffbe89e17716b8660dcfb,373,1.0,0.0,Pseudomonas,Pseudomonas,True,True,True,Pseudomonadaceae,Pseudomonadaceae,True,True,True,Pseudomonadales,Pseudomonadales,True,True,True,Gammaproteobacteria,Gammaproteobacteria,True,True,True,Proteobacteria,Pseudomonadota,True,True,True
689ea6538e35d0bf0beff8b8ef7ae765,375,1.0,0.0,Gordonia,Gordonia,True,True,True,Nocardiaceae,Gordoniaceae,False,False,True,Corynebacteriales,Mycobacteriales,False,False,True,Actinobacteria,Actinomycetes,False,False,True,Actinobacteriota,Actinomycetota,False,False,True
7a40f4cd070ab0fbebfa8749c02f9a24,372,1.0,0.0,midas_g_1341,,False,False,False,SC-I-84,,False,False,True,Burkholderiales,,False,True,True,Gammaproteobacteria,Betaproteobacteria,False,False,True,Proteobacteria,Pseudomonadota,True,True,True
5088bc096c191a333932a605b066096f,373,1.0,0.0,Thermoactinomyces,Thermoactinomyces,True,True,True,Thermoactinomycetaceae,Thermoactinomycetaceae,True,True,True,Thermoactinomycetales,Caryophanales,False,False,True,Bacilli,Bacilli,True,True,True,Firmicutes,Bacillota,True,True,True
6b34b89a4a40e33a8f93fef4209c4a96,373,0.998,0.0,Sandaracinobacter,Sandaracinobacter,True,True,True,Sphingomonadaceae,Sphingosinicellaceae,False,True,True,Sphingomonadales,Sphingomonadales,True,True,True,Alphaproteobacteria,Alphaproteobacteria,True,True,True,Proteobacteria,Pseudomonadota,True,True,True
084437b858d3fa8724b6da08a434b92f,372,0.9985,0.0,midas_g_249,,False,False,False,Synergistaceae,Synergistaceae,True,True,True,Synergistales,Synergistales,True,True,True,Synergistia,Synergistia,True,True,True,Synergistota,Synergistota,True,True,True
38fdea0374be9c2a3549ac2be7678d6d,374,0.9956,0.0,midas_g_46217,,False,False,False,midas_f_5792,,False,False,False,RBG-13-54-9,,False,False,True,Anaerolineae,Anaerolineae,True,True,True,Chloroflexi,Chloroflexota,True,True,True
c21569e136028113fff8cb7f4f825cd4,372,0.9971,0.0,Ancalomicrobium,,False,False,True,Ancalomicrobiaceae,,False,False,True,Rhizobiales,,False,False,True,Alphaproteobacteria,,False,True,True,Proteobacteria,,False,True,True
a9639627b1b6650686b3f6a401ed7fb0,374,0.9961,0.0,midas_g_3046,,False,False,False,Peptococcaceae,,False,True,True,Peptococcales,Eubacteriales,False,False,True,Clostridia,Clostridia,True,True,True,Firmicutes,Bacillota,True,True,True
00c193a1d13306dc0a3fa7b7b19327a9,375,0.9961,0.0,midas_g_13327,,False,False,False,Vermiphilaceae,,False,False,True,Babeliales,,False,False,True,Babeliae,Alphaproteobacteria,False,False,True,Dependentiae,Pseudomonadota,False,False,True
0092fa9cfbb787e7d34b4a3417ab24e3,374,0.9976,0.0,Bdellovibrio,Bdellovibrio,True,True,True,Bdellovibrionaceae,Pseudobdellovibrionaceae,False,False,True,Bdellovibrionales,Bdellovibrionales,True,True,True,Bdellovibrionia,Bdellovibrionia,True,True,True,Bdellovibrionota,Bdellovibrionota,True,True,True
1a2aa45c0c2bca3b49679b7f3f4f465d,370,0.9995,0.0,midas_g_1138,,False,False,False,Bacteroidales_UCG-001,Bacteroidaceae,False,False,True,Bacteroidales,Bacteroidales,True,True,True,Bacteroidia,Bacteroidia,True,True,True,Bacteroidota,Bacteroidota,True,True,True
3e2d1a7be6fbbcbc12428a01c86b7b8b,375,1.0,0.0,midas_g_4488,,False,False,False,Fimbriimonadaceae,Fimbriimonadaceae,True,True,True,Fimbriimonadales,Fimbriimonadales,True,True,True,Fimbriimonadia,Fimbriimonadia,True,True,True,Armatimonadota,Armatimonadota,True,True,True
a873a33b303c266754138e274bcb835f,373,0.9985,0.0,Planifilum,Planifilum,True,True,True,Thermoactinomycetaceae,Thermoactinomycetaceae,True,True,True,Thermoactinomycetales,Caryophanales,False,False,True,Bacilli,Bacilli,True,True,True,Firmicutes,Bacillota,True,True,True
70deeba9f4974d134dbc64d97bd2fff7,370,0.9966,0.0,midas_g_6234,,False,False,False,midas_f_944,,False,False,False,SBR1031,,False,False,True,Anaerolineae,Anaerolineae,True,True,True,Chloroflexi,Chloroflexota,True,True,True
414b68c54905f4ec8ee50d51e536ff97,374,0.9951,0.0,nan,Caldicoprobacter,False,False,False,nan,Caldicoprobacteraceae,False,False,False,nan,Caldicoprobacterales,False,False,False,Clostridia,Clostridia,True,True,True,Firmicutes,Bacillota,True,True,True
0c141cc6426851c4478ff79ed68247f5,375,0.9995,0.0,Propionicicella,,False,False,True,Propionibacteriaceae,,False,True,True,Propionibacteriales,,False,True,True,Actinobacteria,Actinomycetes,False,False,True,Actinobacteriota,Actinomycetota,False,False,True
e9bddfa0fc6471131e3412f81bdc6b6d,375,1.0,0.0,Georgenia,,False,True,True,Bogoriellaceae,Actinomycetaceae,False,False,True,Micrococcales,Actinomycetales,False,True,True,Actinobacteria,Actinomycetes,False,False,True,Actinobacteriota,Actinomycetota,False,False,True
e35f22c3fc20c83f43ae3892a6f974b2,365,0.9912,0.0,midas_g_34660,,False,False,False,midas_f_34660,,False,False,False,Rickettsiales,Rickettsiales,True,True,True,Alphaproteobacteria,Alphaproteobacteria,True,True,True,Proteobacteria,Pseudomonadota,True,True,True
ce11bce162fe02427116266824ce6892,374,0.9961,0.0,midas_g_38442,,False,False,False,midas_f_38442,Christensenellaceae,False,False,False,Clostridia_vadinBB60_group,Christensenellales,False,False,True,Clostridia,Clostridia,True,True,True,Firmicutes,Bacillota,True,True,True
1cc1768ef69206b14a737c7b1e93c3d3,374,0.9985,0.0,midas_g_98124,Anaerobacterium,False,False,False,Hungateiclostridiaceae,Oscillospiraceae,False,False,True,Oscillospirales,Eubacteriales,False,False,True,Clostridia,Clostridia,True,True,True,Firmicutes,Bacillota,True,True,True
547b0919a99ed883fc7e366881d70e30,375,1.0,0.0,Kocuria,Kocuria,True,True,True,Micrococcaceae,Micrococcaceae,True,True,True,Micrococcales,Micrococcales,True,True,True,Actinobacteria,Actinomycetes,False,False,True,Actinobacteriota,Actinomycetota,False,False,True
5e959d819d617ba5c3bb460168df485d,374,0.9966,0.0,nan,Halothermothrix,False,False,False,midas_f_112,Halothermotrichaceae,False,False,False,MBA03,Halanaerobiales,False,False,True,Limnochordia,Clostridia,False,False,True,Firmicutes,Bacillota,True,True,True
ca01d9551d2460af70778e62f280ab8a,371,0.998,0.0,Mogibacterium,Mogibacterium,True,True,True,Anaerovoracaceae,Anaerovoracaceae,True,True,True,Peptostreptococcales-Tissierellales,Peptostreptococcales,False,False,True,Clostridia,Clostridia,True,True,True,Firmicutes,Bacillota,True,True,True
7a7bc8160be971cd4073affbe56358c7,373,0.9961,0.0,NK4A214_group,,False,False,True,Oscillospiraceae,Oscillospiraceae,True,True,True,Oscillospirales,Eubacteriales,False,False,True,Clostridia,Clostridia,True,True,True,Firmicutes,Bacillota,True,True,True
a038f6f43c43cea3001e6db131286ab7,372,0.999,0.0,Haematobacter,Phaeovulum,False,False,True,Rhodobacteraceae,Paracoccaceae,False,False,True,Rhodobacterales,Rhodobacterales,True,True,True,Alphaproteobacteria,Alphaproteobacteria,True,True,True,Proteobacteria,Pseudomonadota,True,True,True
e469b851eb487386da166f1f8b20a40f,374,0.9985,0.0,Dethiobacter,,False,True,True,Dethiobacteraceae,,False,True,True,Dethiobacterales,,False,True,True,Dethiobacteria,Dehalococcoidia,False,True,True,Firmicutes,Chloroflexota,False,True,True
3f8e2d5b849dc28defc6406bd5304ffc,374,1.0,0.0,midas_g_5725,,False,False,False,Hydrogenedensaceae,,False,False,True,Hydrogenedentiales,,False,False,True,Hydrogenedentia,,False,False,True,Hydrogenedentes,Candidatus Hydrogenedentota,False,False,True
ae815c4df4c6f21bff23c4999800dfeb,371,0.9976,0.0,midas_g_3530,,False,False,False,Bacteroidetes_vadinHA17,,False,False,True,Bacteroidales,Bacteroidales,True,True,True,Bacteroidia,Bacteroidia,True,True,True,Bacteroidota,Bacteroidota,True,True,True
6175323e639f0195d56844920014159a,374,0.9971,0.0,midas_g_62395,,False,False,False,JG30-KF-CM45,,False,False,True,Thermomicrobiales,,False,True,True,Chloroflexia,Chloroflexia,True,True,True,Chloroflexi,Chloroflexota,True,True,True
06e148ad8b35489ea97e51ef733e9550,370,1.0,0.0,Macellibacteroides,Macellibacteroides,True,True,True,Tannerellaceae,Porphyromonadaceae,False,True,True,Bacteroidales,Bacteroidales,True,True,True,Bacteroidia,Bacteroidia,True,True,True,Bacteroidota,Bacteroidota,True,True,True
bcf2fe85a3275fa10a9f66d32e565fa4,374,0.9956,0.0,nan,,False,False,False,midas_f_92281,,False,False,False,Desulfitobacteriales,,False,False,True,Desulfitobacteriia,Dehalococcoidia,False,False,True,Firmicutes,Chloroflexota,False,True,True
cd2e5cd5a48d09ea23594e5f99ad27ae,374,0.9951,0.0,midas_g_115815,,False,False,False,Limnochordaceae,,False,False,True,Limnochordales,,False,False,True,Limnochordia,Clostridia,False,False,True,Firmicutes,Bacillota,True,True,True
78123af13d385db4ee6a9342283a042b,374,0.999,0.0,midas_g_134,,False,False,False,midas_f_134,,False,False,False,Syntrophales,,False,True,True,Syntrophia,Myxococcia,False,True,True,Desulfobacterota,Myxococcota,False,False,True
a216822e223bbb6baf68503a21bc5d0a,375,0.9966,0.0,midas_g_116083,,False,False,False,midas_f_765,,False,False,False,midas_o_765,,False,False,False,WCHB1-81,,False,False,True,Actinobacteriota,,False,False,True
5f9e31928bbbb226bcdc275a060efc44,374,0.9951,0.0,nan,,False,False,False,midas_f_222,,False,False,False,midas_o_4,,False,False,False,midas_c_4,,False,False,False,Firmicutes,Bacillota,True,True,True
577b654e3e1b48fbee0cbfa7a210cbfa,372,1.0,0.0,Afipia,,False,True,True,Xanthobacteraceae,,False,False,True,Rhizobiales,,False,False,True,Alphaproteobacteria,Alphaproteobacteria,True,True,True,Proteobacteria,Pseudomonadota,True,True,True
870ed496f1d2c0a854ad1f59b3df7224,374,0.9971,0.0,Christensenellaceae_R-7_group,,False,False,True,Christensenellaceae,,False,True,True,Christensenellales,Christensenellales,True,True,True,Clostridia,Clostridia,True,True,True,Firmicutes,Bacillota,True,True,True
d93e8e8eb65bc1de981f3ef962af0956,395,0.9844,0.0,Azoarcus,Zoogloea,False,False,True,Rhodocyclaceae,Zoogloeaceae,False,True,True,Burkholderiales,Rhodocyclales,False,True,True,Gammaproteobacteria,Betaproteobacteria,False,True,True,Proteobacteria,Pseudomonadota,True,True,True
51177a17fe0a032b15ab14a0e9135569,372,0.9976,0.0,midas_g_2477,,False,False,False,Rubinisphaeraceae,,False,False,True,Planctomycetales,,False,True,True,Planctomycetes,Alphaproteobacteria,False,False,True,Planctomycetota,Pseudomonadota,False,True,True
a5c52feec93b3b84b1295044997eec5e,375,0.9966,0.0,Paludisphaera,Kueselia,False,True,True,Isosphaeraceae,Isosphaeraceae,True,True,True,Isosphaerales,Isosphaerales,True,True,True,Planctomycetes,Planctomycetia,False,False,True,Planctomycetota,Planctomycetota,True,True,True
39cac4a36166865b44a1420c2bd4569a,374,0.9966,0.0,Thermosyntropha,Methanosarcina,False,True,True,Syntrophomonadaceae,Methanosarcinaceae,False,True,True,Syntrophomonadales,Methanosarcinales,False,False,True,Syntrophomonadia,Methanomicrobia,False,False,True,Firmicutes,Methanobacteriota,False,True,True
b61c32f858381149fccfdf2f413f8f5b,372,0.999,0.0,Noviherbaspirillum,Noviherbaspirillum,True,True,True,Oxalobacteraceae,Oxalobacteraceae,True,True,True,Burkholderiales,Burkholderiales,True,True,True,Gammaproteobacteria,Betaproteobacteria,False,False,True,Proteobacteria,Pseudomonadota,True,True,True
b75416c48f46e93a9e3622080cde9b06,372,0.9941,0.0,midas_g_4975,,False,False,False,midas_f_1792,Planctomycetaceae,False,False,False,Planctomycetales,Planctomycetales,True,True,True,Planctomycetes,Planctomycetia,False,False,True,Planctomycetota,Planctomycetota,True,True,True
2750b310e92cd153994e7af71d6851e0,370,1.0,0.0,midas_g_2126,,False,False,False,AKYH767,,False,False,True,Sphingobacteriales,,False,False,True,Bacteroidia,Bacteroidia,True,True,True,Bacteroidota,Bacteroidota,True,True,True
022ced45e53557d101111cdb41f49f4e,372,1.0,0.0,midas_g_2685,,False,False,False,midas_f_2685,,False,False,False,Kapabacteriales,,False,False,True,Kapabacteria,Ignavibacteria,False,False,True,Bacteroidota,Ignavibacteriota,False,True,True
f39790ad4b1a813000323022eb1e9567,374,0.9976,0.0,midas_g_44382,,False,False,False,midas_f_44382,,False,False,False,Chloroplast,,False,False,True,Cyanobacteriia,Gammaproteobacteria,False,False,True,Cyanobacteria,Pseudomonadota,False,False,True
3e0420c192ee113f95af0dafffa3c3d7,370,0.9902,0.0,midas_g_2229,Anaerobiospirillum,False,False,False,Eubacteriaceae,Succinivibrionaceae,False,False,True,Eubacteriales,Aeromonadales,False,True,True,Clostridia,Gammaproteobacteria,False,True,True,Firmicutes,Pseudomonadota,False,True,True
5c92a1870d7469268123d143f0a95910,372,1.0,0.0,midas_g_664,,False,False,False,midas_f_13,,False,False,False,midas_o_13,,False,False,False,D8A-2,,False,False,True,Firmicutes,Bacillota,True,True,True
f8cdd28c7e5f4328a9275dc52a6f0920,374,0.9966,0.0,Christensenellaceae_R-7_group,,False,False,True,Christensenellaceae,,False,False,True,Christensenellales,,False,True,True,Clostridia,,False,True,True,Firmicutes,Bacillota,True,True,True
592ba0f920b7fbd354e218aaf08930ab,375,0.9976,0.0,midas_g_8523,,False,False,False,midas_f_765,,False,False,False,midas_o_765,,False,False,False,WCHB1-81,,False,False,True,Actinobacteriota,Actinomycetota,False,False,True
5ceabb76ec2975d9498f124fe62a81e6,373,0.9951,0.0,midas_g_94744,,False,False,False,Eubacterium_coprostanoligenes_group,Acutalibacteraceae,False,False,True,Oscillospirales,Eubacteriales,False,False,True,Clostridia,Clostridia,True,True,True,Firmicutes,Bacillota,True,True,True
92fb114641e27921122496428e2ef0dd,375,1.0,0.0,Cutibacterium,Mycobacterium,False,True,True,Propionibacteriaceae,Mycobacteriaceae,False,True,True,Propionibacteriales,Mycobacteriales,False,True,True,Actinobacteria,Actinomycetes,False,False,True,Actinobacteriota,Actinomycetota,False,False,True
cb796d5e697b4835a8402bb23c894c15,372,0.9995,0.0,nan,Roseibium,False,False,False,Stappiaceae,Stappiaceae,True,True,True,Rhizobiales,Hyphomicrobiales,False,False,True,Alphaproteobacteria,Alphaproteobacteria,True,True,True,Proteobacteria,Pseudomonadota,True,True,True
9b7c1f4112c3dcad4bcd9ac9caa5caf8,391,0.9951,0.0,nan,Staphylococcus,False,False,False,nan,Staphylococcaceae,False,False,False,nan,Caryophanales,False,False,False,Bacilli,Bacilli,True,True,True,Firmicutes,Bacillota,True,True,True
bf10b39238d339bb1e6a6d6749c9b046,370,0.9927,0.0,Petrimonas,Cronobacter,False,True,True,Dysgonomonadaceae,Enterobacteriaceae,False,True,True,Bacteroidales,Enterobacterales,False,True,True,Bacteroidia,Gammaproteobacteria,False,True,True,Bacteroidota,Pseudomonadota,False,True,True
5168bf777455dc70f1c34ec41bad296e,372,0.999,0.0,Afipia,Afipia,True,True,True,Xanthobacteraceae,Nitrobacteraceae,False,False,True,Rhizobiales,Hyphomicrobiales,False,False,True,Alphaproteobacteria,Alphaproteobacteria,True,True,True,Proteobacteria,Pseudomonadota,True,True,True
b2b0ccf79dad51a2141c691d0bc6f942,373,0.9976,0.0,midas_g_69272,Neglectibacter,False,False,False,Ruminococcaceae,Oscillospiraceae,False,False,True,Oscillospirales,Eubacteriales,False,False,True,Clostridia,Clostridia,True,True,True,Firmicutes,Bacillota,True,True,True
ae66759ccf678b4ae827b1af4a54ac9d,373,0.9971,0.0,nan,Dehalobacter,False,False,False,Syntrophobotulaceae,Desulfitobacteriaceae,False,False,True,Desulfitobacteriales,Eubacteriales,False,False,True,Desulfitobacteriia,Clostridia,False,False,True,Firmicutes,Bacillota,True,True,True
146831035f6d594ce9fc023d9cea9bf2,373,0.9966,0.0,nan,,False,False,False,Oscillospiraceae,,False,True,True,Oscillospirales,,False,False,True,Clostridia,,False,True,True,Firmicutes,Bacillota,True,True,True
2f6bf9b76f83ec07580d82dc564de99d,373,0.9927,,,,False,False,False,,,False,False,False,,,False,False,False,,,False,False,False,,Acidobacteriota,False,False,False
5bf368734532c9983d05d3a115ea4595,370,1.0,,,,False,False,False,,,False,False,False,,,False,False,False,,,False,False,False,,Chloroflexota,False,False,False
3e0e16864cf81719dbcaf7c5a411d935,374,0.998,,,,False,False,False,,Nitrospiraceae,False,False,False,,Nitrospirales,False,False,False,,Nitrospiria,False,False,False,,Nitrospirota,False,False,False
44092f8672409f8ec669976f0ba3f624,376,0.999,,,,False,False,False,,,False,False,False,,,False,False,False,,Actinomycetes,False,False,False,,Actinomycetota,False,False,False
f28694e7921bddff0027e6ce67b8ffc1,372,1.0,,,,False,False,False,,,False,False,False,,,False,False,False,,,False,False,False,,,False,False,False
45338bb6feec3aca942618bba0a40ca5,372,0.9951,,,,False,False,False,,,False,False,False,,,False,False,False,,Alphaproteobacteria,False,False,False,,Pseudomonadota,False,False,False
e326d478a5071865940145ec43bf362f,373,0.9966,,,,False,False,False,,Oscillospiraceae,False,False,False,,Eubacteriales,False,False,False,,Clostridia,False,False,False,,Bacillota,False,False,False
e483374dd89381965dff8470a89a4e50,370,1.0,,,,False,False,False,,,False,False,False,,Bacteroidales,False,False,False,,Bacteroidia,False,False,False,,Bacteroidota,False,False,False
cc82883a0181d59006673d082401a42c,373,0.999,,,,False,False,False,,,False,False,False,,,False,False,False,,,False,False,False,,Candidatus Cloacimonadota,False,False,False
5e8cb8936e86bcb9e20967ca9886dde2,370,1.0,,,,False,False,False,,,False,False,False,,,False,False,False,,,False,False,False,,Bacteroidota,False,False,False
d1d1e67424dd673fa61dc56b9c60bf9c,370,0.9995,,,,False,False,False,,,False,False,False,,,False,False,False,,,False,False,False,,Spirochaetota,False,False,False
606cc5b65f868c03389a5cde84fee5d5,370,0.9951,,,,False,False,False,,,False,False,False,,,False,False,False,,,False,False,False,,,False,False,False
4dfa016cab7a5e01764efc33698696da,376,1.0,,,,False,False,False,,Microthrixaceae,False,False,False,,Acidimicrobiales,False,False,False,,Acidimicrobiia,False,False,False,,Actinomycetota,False,False,False
36b82f7fb6bdcaa65e306b9207786c52,374,0.9985,,,Syntrophomonas,False,False,False,,Syntrophomonadaceae,False,False,False,,Eubacteriales,False,False,False,,Clostridia,False,False,False,,Bacillota,False,False,False
71a34966c95ea58d9a56666883f441dc,389,0.9961,0.0,Bacteroides,Bacteroides,True,True,True,Bacteroidaceae,Bacteroidaceae,True,True,True,Bacteroidales,Bacteroidales,True,True,True,Bacteroidia,Bacteroidia,True,True,True,Bacteroidota,Bacteroidota,True,True,True
f75acea1715106e549e8ad841fd17ed9,373,0.999,0.0,Caproiciproducens,Caproiciproducens,True,True,True,Ruminococcaceae,Acutalibacteraceae,False,False,True,Oscillospirales,Eubacteriales,False,False,True,Clostridia,Clostridia,True,True,True,Firmicutes,Bacillota,True,True,True
24ed4714d5b19f89c5dd402b506efa21,373,0.9897,0.0,Methanosarcina,Methanosarcina,True,True,True,Methanosarcinaceae,Methanosarcinaceae,True,True,True,Methanosarciniales,Methanosarcinales,False,False,True,Methanosarcinia,Methanomicrobia,False,False,True,Halobacterota,Methanobacteriota,False,False,True
e1dfc1945a6b78a701192ebd002e974c,389,0.9966,0.0,Romboutsia,Clostridium,False,True,True,Peptostreptococcaceae,Clostridiaceae,False,True,True,Peptostreptococcales-Tissierellales,Eubacteriales,False,False,True,Clostridia,Clostridia,True,True,True,Firmicutes,Bacillota,True,True,True
56f41554384fc19d9ef0161b6f0e6791,373,0.9868,0.0,Methanobacterium,Methanobacterium,True,True,True,Methanobacteriaceae,Methanobacteriaceae,True,True,True,Methanobacteriales,Methanobacteriales,True,True,True,Methanobacteria,Methanobacteria,True,True,True,Euryarchaeota,Methanobacteriota,True,True,True
b8819fef35b3fd387f12387e884e6ae5,375,0.9907,0.0,Methanobacterium,Methanobrevibacter,False,True,True,Methanobacteriaceae,Methanobacteriaceae,True,True,True,Methanobacteriales,Methanobacteriales,True,True,True,Methanobacteria,Methanobacteria,True,True,True,Euryarchaeota,Methanobacteriota,True,True,True
e351ff2570360ae0b6c68b9b864b0870,389,0.9951,0.0,EBM-39,,False,False,True,Synergistaceae,,False,True,True,Synergistales,,False,True,True,Synergistia,,False,True,True,Synergistota,Candidatus Cloacimonadota,False,True,True
46220d9e9e76e37d38ea38554c453179,373,0.998,0.0,nan,Muricomes,False,False,False,Lachnospiraceae,Lachnospiraceae,True,True,True,Lachnospirales,Lachnospirales,True,True,True,Clostridia,Clostridia,True,True,True,Firmicutes,Bacillota,True,True,True
1eac8ec4812f4ed7bfd8387a38bdba1f,373,0.9985,0.0,Novosphingobium,Novosphingobium,True,True,True,Sphingomonadaceae,Sphingomonadaceae,True,True,True,Sphingomonadales,Sphingomonadales,True,True,True,Alphaproteobacteria,Alphaproteobacteria,True,True,True,Proteobacteria,Pseudomonadota,True,True,True
734ceaf61779c85297c95adf8ddc6ad3,373,0.9985,0.0,Colidextribacter,Intestinimonas,False,False,True,Oscillospiraceae,,False,True,True,Oscillospirales,Eubacteriales,False,False,True,Clostridia,Clostridia,True,True,True,Firmicutes,Bacillota,True,True,True
0ea9d87b8a7848918b64da425e91999a,374,0.9995,0.0,UCG-009,,False,False,True,Butyricicoccaceae,,False,True,True,Oscillospirales,,False,False,True,Clostridia,Clostridia,True,True,True,Firmicutes,Bacillota,True,True,True
349da55900cd296d52fd154bfb27343b,374,0.9902,0.0,Methanobacterium,Methanobacterium,True,True,True,Methanobacteriaceae,Methanobacteriaceae,True,True,True,Methanobacteriales,Methanobacteriales,True,True,True,Methanobacteria,Methanobacteria,True,True,True,Euryarchaeota,Methanobacteriota,True,True,True
5613f4a6a9df36d05e0e24570423fed1,390,0.9922,0.0,Aminivibrio,,False,False,True,Synergistaceae,Lachnospiraceae,False,False,True,Synergistales,Lachnospirales,False,False,True,Synergistia,Clostridia,False,False,True,Synergistota,Bacillota,False,False,True
4b802f02d58290e6ec0ab509d13074b6,375,0.9917,0.0,Methanobacterium,Methanobrevibacter,False,True,True,Methanobacteriaceae,Methanobacteriaceae,True,True,True,Methanobacteriales,Methanobacteriales,True,True,True,Methanobacteria,Methanobacteria,True,True,True,Euryarchaeota,Methanobacteriota,True,True,True
824e4de27fdfadaea64e6f954c1448c6,370,1.0,0.0,Treponema,,False,True,True,Spirochaetaceae,Treponemataceae,False,True,True,Spirochaetales,Treponematales,False,True,True,Spirochaetia,Spirochaetia,True,True,True,Spirochaetota,Spirochaetota,True,True,True
0ca6969eac50942ccc0687eb855a0d79,374,0.9951,0.0,midas_g_114992,Hydrogenispora,False,False,False,Dethiobacteraceae,,False,True,True,Dethiobacterales,,False,True,True,Dethiobacteria,,False,True,True,Firmicutes,Bacillota,True,True,True
f91fb95263a6d30aad8042fa60f3d62e,357,0.9922,0.0,nan,,False,False,False,nan,,False,False,False,nan,,False,False,False,nan,,False,False,False,nan,,False,False,False
a3e5fd03d92b987205cf4bf9b1678aa4,372,0.9995,0.0,midas_g_21520,Pseudorhodoplanes,False,False,False,Xanthobacteraceae,,False,False,True,Rhizobiales,Hyphomicrobiales,False,False,True,Alphaproteobacteria,Alphaproteobacteria,True,True,True,Proteobacteria,Pseudomonadota,True,True,True
caea068037af31671eecefe94eca01ca,372,0.9976,0.0,Hyphomicrobium,,False,True,True,Hyphomicrobiaceae,,False,True,True,Rhizobiales,,False,False,True,Alphaproteobacteria,,False,True,True,Proteobacteria,Pseudomonadota,True,True,True
3d7b139f39141ba112868fcf7236158e,373,1.0,0.0,Streptococcus,Streptococcus,True,True,True,Streptococcaceae,Streptococcaceae,True,True,True,Lactobacillales,Lactobacillales,True,True,True,Bacilli,Bacilli,True,True,True,Firmicutes,Bacillota,True,True,True
9a326ae5ed3864dcaaf79bc7b1c0a8e7,373,0.9961,0.0,midas_g_554,,False,False,False,midas_f_13,,False,False,False,midas_o_13,,False,False,False,D8A-2,,False,False,True,Firmicutes,Bacillota,True,True,True
32ae6575d9d3e427dc9f898f16f33087,373,0.9995,0.0,nan,Mycobacterium,False,False,False,nan,Mycobacteriaceae,False,False,False,nan,Mycobacteriales,False,False,False,Bacilli,Actinomycetes,False,True,True,Firmicutes,Actinomycetota,False,True,True
7377692c0967c99c56f749e092acb30a,374,0.998,0.0,midas_g_269,,False,False,False,midas_f_269,,False,False,False,Gaiellales,,False,False,True,Thermoleophilia,Thermoleophilia,True,True,True,Actinobacteriota,Actinomycetota,False,False,True
48a7ab8e593ebe5f41034be027c6be7e,374,0.998,0.0,Syntrophomonas,Cronobacter,False,True,True,Syntrophomonadaceae,Enterobacteriaceae,False,True,True,Syntrophomonadales,Enterobacterales,False,False,True,Syntrophomonadia,Gammaproteobacteria,False,False,True,Firmicutes,Pseudomonadota,False,True,True
c91a769593898d20a017b58093f62ea8,374,0.9961,0.0,midas_g_92035,,False,False,False,Ruminococcaceae,Oscillospiraceae,False,False,True,Oscillospirales,Eubacteriales,False,False,True,Clostridia,Clostridia,True,True,True,Firmicutes,Bacillota,True,True,True
4ef65f8d7f7fe58651a459fc49390ba8,373,1.0,0.0,Sphingobium,Sphingomonas,False,False,True,Sphingomonadaceae,Sphingomonadaceae,True,True,True,Sphingomonadales,Sphingomonadales,True,True,True,Alphaproteobacteria,Alphaproteobacteria,True,True,True,Proteobacteria,Pseudomonadota,True,True,True
ebd4d8e08540f7586c3a30987c6ef7b0,370,0.9995,0.0,midas_g_385,,False,False,False,NS9_marine_group,,False,False,True,Flavobacteriales,Flavobacteriales,True,True,True,Bacteroidia,Flavobacteriia,False,False,True,Bacteroidota,Bacteroidota,True,True,True
d2a551b8b71579fa1fd9e5d22100b8ee,372,0.9961,0.0,Defluviicoccus,,False,False,True,Defluviicoccaceae,Pyrinomonadaceae,False,False,True,Defluviicoccales,Blastocatellales,False,False,True,Alphaproteobacteria,Blastocatellia,False,True,True,Proteobacteria,Acidobacteriota,False,True,True
5d8d4162e9b3958c6bc4b820eac278dc,374,0.9946,0.0,midas_g_859,,False,False,False,JG30-KF-CM45,,False,False,True,Thermomicrobiales,,False,True,True,Chloroflexia,,False,True,True,Chloroflexi,Armatimonadota,False,True,True
38907b8ef0546ef8dd587afd52a16f9c,374,1.0,0.0,Syntrophus,,False,True,True,Syntrophaceae,,False,True,True,Syntrophales,,False,True,True,Syntrophia,,False,True,True,Desulfobacterota,Candidatus Omnitrophota,False,False,True
db0c288182530edd5066c0881c9665c7,375,1.0,0.0,Kocuria,Kocuria,True,True,True,Micrococcaceae,Micrococcaceae,True,True,True,Micrococcales,Micrococcales,True,True,True,Actinobacteria,Actinomycetes,False,False,True,Actinobacteriota,Actinomycetota,False,False,True
cc6afef9ee630eedd003d07f22d62140,373,0.9946,0.0,midas_g_53985,,False,False,False,Lachnospiraceae,Lachnospiraceae,True,True,True,Lachnospirales,Lachnospirales,True,True,True,Clostridia,Clostridia,True,True,True,Firmicutes,Bacillota,True,True,True
3e06f2d2b9d0ba13808adb5c1dd498de,374,0.9956,0.0,Neochlamydia,,False,False,True,Parachlamydiaceae,Parachlamydiaceae,True,True,True,Chlamydiales,Parachlamydiales,False,True,True,Chlamydiae,Chlamydiia,False,False,True,Verrucomicrobiota,Chlamydiota,False,True,True
961f6d44b23ea979c84941c71bf7da7c,373,0.998,0.0,Rhodovastum,Limobrevibacterium,False,False,True,Acetobacteraceae,Acetobacteraceae,True,True,True,Acetobacterales,Acetobacterales,True,True,True,Alphaproteobacteria,Alphaproteobacteria,True,True,True,Proteobacteria,Pseudomonadota,True,True,True
3be7e939ae2116634ae31372ce9f460d,374,0.9961,0.0,Neochlamydia,,False,False,True,Parachlamydiaceae,,False,True,True,Chlamydiales,,False,True,True,Chlamydiae,Verrucomicrobiia,False,False,True,Verrucomicrobiota,Verrucomicrobiota,True,True,True
8913bd6e6eb2b354098d2f01d9b65391,370,0.9995,0.0,JGI-0000079-D21,,False,False,True,Synergistaceae,Synergistaceae,True,True,True,Synergistales,Synergistales,True,True,True,Synergistia,Synergistia,True,True,True,Synergistota,Synergistota,True,True,True
52c544d6ecca1fc0e2adc52b33f7a35b,372,1.0,0.0,Hyphomicrobium,,False,True,True,Hyphomicrobiaceae,,False,True,True,Rhizobiales,,False,False,True,Alphaproteobacteria,Alphaproteobacteria,True,True,True,Proteobacteria,Pseudomonadota,True,True,True
3a1e48f3d9f9c151cd121f1d5d2f3261,374,0.9976,0.0,nan,,False,False,False,Caldicoprobacteraceae,,False,False,True,Caldicoprobacterales,Eubacteriales,False,False,True,Clostridia,Clostridia,True,True,True,Firmicutes,Bacillota,True,True,True
f7f87d90b1d55c8ef8d7ea8f99e72018,391,0.9907,0.0,Soehngenia,Clostridioides,False,False,True,Family_XI,Peptostreptococcaceae,False,False,True,Peptostreptococcales-Tissierellales,Peptostreptococcales,False,False,True,Clostridia,Clostridia,True,True,True,Firmicutes,Bacillota,True,True,True
fe5ba29df5b7470530baf59c3368072e,373,1.0,0.0,midas_g_25603,,False,False,False,midas_f_4482,,False,False,False,Clostridia_UCG-014,,False,False,True,Clostridia,Clostridia,True,True,True,Firmicutes,Bacillota,True,True,True
744dbcf4af334c630605fa9000c112ce,374,1.0,0.0,nan,Streptosporangium,False,False,False,nan,Streptosporangiaceae,False,False,False,nan,Streptosporangiales,False,False,False,Actinobacteria,Actinomycetes,False,False,True,Actinobacteriota,Actinomycetota,False,False,True
57e13b307e96897f55540c6759029343,374,0.999,0.0,midas_g_1099,,False,False,False,Vermiphilaceae,,False,False,True,Babeliales,,False,False,True,Babeliae,,False,False,True,Dependentiae,,False,False,True
2bb677211b22ba770fffa14899f1b01f,374,0.9995,0.0,Pir4_lineage,,False,False,True,Pirellulaceae,Thermoguttaceae,False,True,True,Pirellulales,Pirellulales,True,True,True,Planctomycetes,Planctomycetia,False,False,True,Planctomycetota,Planctomycetota,True,True,True
f128d6b0c4c7f8c41b4969168eaea276,375,0.9932,0.0,nan,,False,False,False,Isosphaeraceae,,False,True,True,Isosphaerales,,False,True,True,Planctomycetes,,False,False,True,Planctomycetota,Planctomycetota,True,True,True
a5c80d4415d8b64a85a2b498d22ad570,375,1.0,0.0,Tsukamurella,Tsukamurella,True,True,True,Tsukamurellaceae,Tsukamurellaceae,True,True,True,Corynebacteriales,Mycobacteriales,False,False,True,Actinobacteria,Actinomycetes,False,False,True,Actinobacteriota,Actinomycetota,False,False,True
58d6ed632edb304a2a033c46c7a62d0a,374,0.998,0.0,nan,,False,False,False,Hungateiclostridiaceae,,False,False,True,Oscillospirales,Victivallales,False,False,True,Clostridia,Lentisphaeria,False,True,True,Firmicutes,Lentisphaerota,False,True,True
639ec09a97e00f6cd8d780f549ca17af,373,0.9951,0.0,Coxiella,,False,False,True,Coxiellaceae,,False,False,True,Coxiellales,,False,False,True,Gammaproteobacteria,Gammaproteobacteria,True,True,True,Proteobacteria,Pseudomonadota,True,True,True
9cc5b63b74154fc7bcdf7e8796e5d2de,374,0.9976,0.0,midas_g_7694,,False,False,False,Anaerolineaceae,,False,True,True,Anaerolineales,,False,True,True,Anaerolineae,Chloroflexia,False,True,True,Chloroflexi,Chloroflexota,True,True,True
8bf2d32646e2f8940a7204828fdeb654,374,1.0,0.0,Rummeliibacillus,Rummeliibacillus,True,True,True,Planococcaceae,Caryophanaceae,False,False,True,Bacillales,Caryophanales,False,False,True,Bacilli,Bacilli,True,True,True,Firmicutes,Bacillota,True,True,True
721bd76a3ab9dec41984c4ec32be845a,374,0.9985,0.0,midas_g_15089,,False,False,False,midas_f_2390,,False,False,False,0319-6G20,,False,False,True,Oligoflexia,,False,False,True,Bdellovibrionota,Pseudomonadota,False,True,True
c01cd527066a9018d69ede5801841298,375,0.9971,0.0,nan,,False,False,False,Isosphaeraceae,,False,True,True,Isosphaerales,,False,True,True,Planctomycetes,,False,False,True,Planctomycetota,,False,True,True
d8f2eba07489316f7c8a27d0e18fed13,391,0.9976,0.0,Azoarcus,Uliginosibacterium,False,True,True,Rhodocyclaceae,Zoogloeaceae,False,True,True,Burkholderiales,Rhodocyclales,False,False,True,Gammaproteobacteria,Betaproteobacteria,False,False,True,Proteobacteria,Pseudomonadota,True,True,True
e8ebb25bac25954fb7adbde26e956cb6,374,1.0,0.0,Bacillus,Mycobacterium,False,True,True,Bacillaceae,Mycobacteriaceae,False,True,True,Bacillales,Mycobacteriales,False,False,True,Bacilli,Actinomycetes,False,True,True,Firmicutes,Actinomycetota,False,True,True
748512e38095cce946336f055623773b,375,0.999,0.0,Georgenia,Georgenia,True,True,True,Bogoriellaceae,Allobogoriellaceae,False,False,True,Micrococcales,Allobogoriellales,False,True,True,Actinobacteria,Actinomycetes,False,False,True,Actinobacteriota,Actinomycetota,False,False,True
935d8a963dc7baf559b479ba9f5a82b3,372,0.9985,0.0,Comamonas,Hydrogenophaga,False,True,True,Comamonadaceae,Comamonadaceae,True,True,True,Burkholderiales,Burkholderiales,True,True,True,Gammaproteobacteria,Betaproteobacteria,False,False,True,Proteobacteria,Pseudomonadota,True,True,True
520d89ef4ce2ba808eed3e2d9a310649,374,0.998,0.0,midas_g_5900,,False,False,False,midas_f_5900,Nitrospiraceae,False,False,False,midas_o_731,Nitrospirales,False,False,False,OLB14,Nitrospiria,False,False,True,Chloroflexi,Nitrospirota,False,True,True
17b1f04511323cb27b539f309522bf6c,374,0.999,0.0,Thermogutta,Thermogutta,True,True,True,Pirellulaceae,Thermoguttaceae,False,True,True,Pirellulales,Pirellulales,True,True,True,Planctomycetes,Planctomycetia,False,False,True,Planctomycetota,Planctomycetota,True,True,True
2bef39c50999d97de887d34b376fbd38,374,0.9966,0.0,midas_g_26712,,False,False,False,midas_f_3187,,False,False,False,midas_o_147,,False,False,False,Gammaproteobacteria,Gammaproteobacteria,True,True,True,Proteobacteria,Pseudomonadota,True,True,True
450292bf5b89b2f473bab4a6233d8682,378,0.9985,0.0,Methanobacterium,,False,True,True,Methanobacteriaceae,Methanobacteriaceae,True,True,True,Methanobacteriales,Methanobacteriales,True,True,True,Methanobacteria,Methanobacteria,True,True,True,Euryarchaeota,Methanobacteriota,True,True,True
d4967db74f90dc58ab34ae78957b3f4c,373,0.9922,0.0,Sulfurovum,,False,True,True,Sulfurovaceae,Sulfurovaceae,True,True,True,Campylobacterales,Campylobacterales,True,True,True,Campylobacteria,Epsilonproteobacteria,False,False,True,Campylobacterota,Campylobacterota,True,True,True
7d1bda054163467e1cf195ab330ba64f,374,0.9966,0.0,Neochlamydia,,False,False,True,Parachlamydiaceae,,False,True,True,Chlamydiales,,False,True,True,Chlamydiae,Chlamydiia,False,False,True,Verrucomicrobiota,Chlamydiota,False,True,True
67df1ba56f33792e8b9f614d5c2ccec0,374,0.998,0.0,midas_g_93820,,False,False,False,Peptococcaceae,,False,True,True,Peptococcales,,False,False,True,Clostridia,,False,True,True,Firmicutes,Bacillota,True,True,True
d7fb1f4207f140fa88ee72eda98f8f29,372,1.0,0.0,Xanthobacter,Xanthobacter,True,True,True,Xanthobacteraceae,Xanthobacteraceae,True,True,True,Rhizobiales,Hyphomicrobiales,False,False,True,Alphaproteobacteria,Alphaproteobacteria,True,True,True,Proteobacteria,Pseudomonadota,True,True,True
9dbf6f8ac7171f579caa23498080e7ea,374,0.9966,0.0,midas_g_95399,Zhaonella,False,False,False,Desulfitibacteraceae,Zhaonellaceae,False,False,True,Desulfitibacterales,Neomoorellales,False,False,True,Moorellia,Clostridia,False,False,True,Firmicutes,Bacillota,True,True,True
288e6faee45091ff103a59abecc43dbc,374,0.9985,0.0,Pirellula,,False,False,True,Pirellulaceae,Pirellulaceae,True,True,True,Pirellulales,Pirellulales,True,True,True,Planctomycetes,Planctomycetia,False,False,True,Planctomycetota,Planctomycetota,True,True,True
5f516ea92e902ab41bec75b07a1d28a5,373,0.9961,0.0,midas_g_1792,,False,False,False,midas_f_1792,,False,False,False,Planctomycetales,Planctomycetales,True,True,True,Planctomycetes,Planctomycetia,False,False,True,Planctomycetota,Planctomycetota,True,True,True
8ac5f54f27077cc06871ba150e3e8ba6,374,0.9971,0.0,midas_g_113780,Lutispora,False,False,False,Caldicoprobacteraceae,Lutisporaceae,False,False,True,Caldicoprobacterales,Lutisporales,False,False,True,Clostridia,Clostridia,True,True,True,Firmicutes,Bacillota,True,True,True
858b85aa56bbce1359f8be897360a774,369,0.998,0.0,midas_g_75908,Andreesenella,False,False,False,Serpentinicella,Natronincolaceae,False,False,True,Peptostreptococcales-Tissierellales,Peptostreptococcales,False,False,True,Clostridia,Clostridia,True,True,True,Firmicutes,Bacillota,True,True,True
9533095cafb0040f79ea6b6d43fbcc82,372,0.9946,,,Clostridioides,False,False,False,,Peptostreptococcaceae,False,False,False,,Peptostreptococcales,False,False,False,,Clostridia,False,False,False,,Bacillota,False,False,False
7fc9d702ba352d52e7931c790a577f39,372,0.9995,0.0,Aquabacterium,Aquabacterium,True,True,True,Comamonadaceae,,False,True,True,Burkholderiales,Burkholderiales,True,True,True,Gammaproteobacteria,Betaproteobacteria,False,False,True,Proteobacteria,Pseudomonadota,True,True,True
345f44227d68af279027ac77b412b579,374,0.998,0.0,HN-HF0106,,False,False,True,Hungateiclostridiaceae,Clostridiaceae,False,False,True,Oscillospirales,Eubacteriales,False,False,True,Clostridia,Clostridia,True,True,True,Firmicutes,Bacillota,True,True,True
326978fa13d506c8782d0075f5613b59,373,0.9951,0.0,Colidextribacter,Evtepia,False,False,True,Oscillospiraceae,,False,True,True,Oscillospirales,Eubacteriales,False,False,True,Clostridia,Clostridia,True,True,True,Firmicutes,Bacillota,True,True,True
eb974a0919fa333be89d0a34096385d3,375,0.999,,,Candidatus Humimicrobium,False,False,False,,Candidatus Humimicrobiaceae,False,False,False,,Candidatus Humimicrobiales,False,False,False,,Candidatus Humimicrobiia,False,False,False,,Actinomycetota,False,False,False
ad9e6759575ce82501bff0de8eec90d8,374,0.9951,,,,False,False,False,,,False,False,False,,,False,False,False,,,False,False,False,,Candidatus Hydrogenedentota,False,False,False
16e2e2408cedf8f9faae33004fb5eaa2,373,1.0,,,Aeromonas,False,False,False,,Aeromonadaceae,False,False,False,,Aeromonadales,False,False,False,,Gammaproteobacteria,False,False,False,,Pseudomonadota,False,False,False
70695a2dd2306734e7c9ea68f7ce51b0,370,0.9966,,,,False,False,False,,Rikenellaceae,False,False,False,,Bacteroidales,False,False,False,,Bacteroidia,False,False,False,,Bacteroidota,False,False,False
a3d121638f6761b89b40dbd71e131004,370,0.9971,,,Brucepastera,False,False,False,,Treponemataceae,False,False,False,,Treponematales,False,False,False,,Spirochaetia,False,False,False,,Spirochaetota,False,False,False
8eeb24cc0539f1c2f97606dfb0b0f7a2,370,0.9966,,,,False,False,False,,,False,False,False,,,False,False,False,,Bacteroidia,False,False,False,,Bacteroidota,False,False,False
2b10a074b0f59b702c22aff7e6b39787,373,0.999,,,,False,False,False,,,False,False,False,,,False,False,False,,Anaerolineae,False,False,False,,Chloroflexota,False,False,False
064e7947486f134d07b9324e84d0c253,370,0.9966,,,,False,False,False,,,False,False,False,,,False,False,False,,,False,False,False,,Bacteroidota,False,False,False
9f67c0589a1d419db561e7ffd50f95fd,370,0.9941,,,Lentimicrobium,False,False,False,,Lentimicrobiaceae,False,False,False,,Bacteroidales,False,False,False,,Bacteroidia,False,False,False,,Bacteroidota,False,False,False
81385a8925798c49b489c89d07813225,374,0.9966,0.0,midas_g_96346,,False,False,False,Peptococcaceae,,False,False,True,Peptococcales,Victivallales,False,False,True,Clostridia,Lentisphaeria,False,True,True,Firmicutes,Lentisphaerota,False,True,True
f8c8cdc38f175e31f80c5dfa248268a3,388,0.999,0.0,Bacteroides,Bacteroides,True,True,True,Bacteroidaceae,Bacteroidaceae,True,True,True,Bacteroidales,Bacteroidales,True,True,True,Bacteroidia,Bacteroidia,True,True,True,Bacteroidota,Bacteroidota,True,True,True
f67d93be029c2787875047487bb04e94,373,0.9961,0.0,nan,Bacillus,False,False,False,Syntrophobotulaceae,Bacillaceae,False,False,True,Desulfitobacteriales,Caryophanales,False,False,True,Desulfitobacteriia,Bacilli,False,False,True,Firmicutes,Bacillota,True,True,True
86ea29b42288be56c5aadc5b0f322728,373,0.9961,0.0,NK4A214_group,Candidatus Scatomorpha,False,False,True,Oscillospiraceae,,False,True,True,Oscillospirales,Eubacteriales,False,False,True,Clostridia,Clostridia,True,True,True,Firmicutes,Bacillota,True,True,True
047ab7f37ccc35c6144cc1896bc32a69,390,0.9976,0.0,nan,Escherichia,False,False,False,Enterobacteriaceae,Enterobacteriaceae,True,True,True,Enterobacterales,Enterobacterales,True,True,True,Gammaproteobacteria,Gammaproteobacteria,True,True,True,Proteobacteria,Pseudomonadota,True,True,True
74733b3a404e0fd05016159ab938bbc7,388,0.9976,0.0,Lentimicrobium,Lentimicrobium,True,True,True,Lentimicrobiaceae,Lentimicrobiaceae,True,True,True,Sphingobacteriales,Bacteroidales,False,False,True,Bacteroidia,Bacteroidia,True,True,True,Bacteroidota,Bacteroidota,True,True,True
f160f53c13a357273642507af54b4941,374,0.9966,0.0,Christensenellaceae_R-7_group,,False,False,True,Christensenellaceae,,False,False,True,Christensenellales,,False,True,True,Clostridia,,False,True,True,Firmicutes,Candidatus Saccharimonadota,False,True,True
3b57ddd9849252e883213b71bb3c2f17,373,0.9961,0.0,midas_g_25039,Micavibrio,False,False,False,midas_f_25039,Pseudobdellovibrionaceae,False,False,False,Micavibrionales,Bdellovibrionales,False,False,True,Alphaproteobacteria,Bdellovibrionia,False,True,True,Proteobacteria,Bdellovibrionota,False,True,True
e0f5ac0f18cc28b90be53aa781a75e97,375,0.998,0.0,midas_g_6328,,False,False,False,midas_f_5391,,False,False,False,Saccharimonadales,,False,False,True,Saccharimonadia,,False,False,True,Patescibacteria,Candidatus Saccharimonadota,False,False,True
6d04a8df8207e9542e849378a1bcf43c,370,0.9976,0.0,midas_g_51845,,False,False,False,UCG-010,,False,False,True,Oscillospirales,Eubacteriales,False,False,True,Clostridia,Clostridia,True,True,True,Firmicutes,Bacillota,True,True,True
92392a51132c9a52e6656c5819c880c1,373,0.9995,0.0,BD1-7_clade,,False,False,True,Spongiibacteraceae,,False,False,True,Pseudomonadales,,False,True,True,Gammaproteobacteria,Gammaproteobacteria,True,True,True,Proteobacteria,Pseudomonadota,True,True,True
bbbec58ac7c2e7c7ce1734a34aec1ae8,373,0.9951,0.0,Butyrivibrio,Mediterraneibacter,False,False,True,Lachnospiraceae,Lachnospiraceae,True,True,True,Lachnospirales,Lachnospirales,True,True,True,Clostridia,Clostridia,True,True,True,Firmicutes,Bacillota,True,True,True
ea4691b2289c15a1b9cb1a8fd5e77902,374,0.9995,0.0,Desulfosporosinus,Granulicella,False,True,True,Desulfitobacteriaceae,Acidobacteriaceae,False,True,True,Desulfitobacteriales,Terriglobales,False,False,True,Desulfitobacteriia,Terriglobia,False,False,True,Firmicutes,Acidobacteriota,False,True,True
57df148d69af94192dae9ab2a045e1c2,374,0.9966,0.0,midas_g_5900,,False,False,False,midas_f_5900,Gemmatimonadaceae,False,False,False,midas_o_731,Gemmatimonadales,False,False,False,OLB14,Gemmatimonadia,False,False,True,Chloroflexi,Gemmatimonadota,False,True,True
e357713de529ed95dc5d315656f58df9,374,0.999,0.0,nan,,False,False,False,Lachnospiraceae,,False,True,True,Lachnospirales,,False,True,True,Clostridia,,False,True,True,Firmicutes,,False,True,True
cfccd37229affa4484527db6a12d9caf,374,0.9976,0.0,nan,,False,False,False,midas_f_222,,False,False,False,midas_o_4,Dehalococcoidales,False,False,False,midas_c_4,Dehalococcoidia,False,False,False,Firmicutes,Chloroflexota,False,True,True
ddd4b60fc546f62f90bcf9ae38f1a723,370,1.0,0.0,Paludibacter,,False,True,True,Paludibacteraceae,,False,True,True,Bacteroidales,,False,True,True,Bacteroidia,,False,True,True,Bacteroidota,Bacteroidota,True,True,True
01fa3a0ebc9793d48821043d2713ecfc,374,0.999,0.0,Christensenellaceae_R-7_group,,False,False,True,Christensenellaceae,,False,False,True,Christensenellales,,False,True,True,Clostridia,Clostridia,True,True,True,Firmicutes,Bacillota,True,True,True
fd52abdc1862787fdca2f0d9cab6999e,374,0.9971,0.0,midas_g_2860,Halothermothrix,False,False,False,Moorella_glycerini,Halothermotrichaceae,False,False,True,M55-D21,Halanaerobiales,False,False,True,Limnochordia,Clostridia,False,False,True,Firmicutes,Bacillota,True,True,True
50d25efdb17b59f3ba7b1ad0c5db8989,374,0.9927,0.0,midas_g_109686,,False,False,False,midas_f_92558,,False,False,False,MSB-5E12,,False,False,True,Anaerolineae,Anaerolineae,True,True,True,Chloroflexi,Chloroflexota,True,True,True
23504ce886d58d2a61607ff263c8d494,373,0.9932,0.0,Ca_Berkiella,,False,False,True,midas_f_2362,Legionellaceae,False,False,False,midas_o_147,Legionellales,False,False,False,Gammaproteobacteria,Gammaproteobacteria,True,True,True,Proteobacteria,Pseudomonadota,True,True,True
14f013032d3d55ac24bde620c2d8f945,370,0.9995,0.0,Ferruginibacter,,False,True,True,Chitinophagaceae,,False,True,True,Chitinophagales,Chitinophagales,True,True,True,Bacteroidia,Chitinophagia,False,False,True,Bacteroidota,Bacteroidota,True,True,True
964a2b2f2580973e2dc2039796a8eb37,373,0.9966,0.0,midas_g_106156,Duncaniella,False,False,False,Oscillospiraceae,Muribaculaceae,False,True,True,Oscillospirales,Bacteroidales,False,False,True,Clostridia,Bacteroidia,False,True,True,Firmicutes,Bacteroidota,False,True,True
89078346e4907efe681d45f299ac15a4,372,0.9976,0.0,Ca_Competibacter,,False,False,True,Competibacteraceae,,False,False,True,Competibacterales,,False,False,True,Gammaproteobacteria,Gammaproteobacteria,True,True,True,Proteobacteria,Pseudomonadota,True,True,True
0b898d4961772ab53a086c8154bac568,374,0.9951,0.0,midas_g_13327,,False,False,False,Vermiphilaceae,,False,False,True,Babeliales,,False,False,True,Babeliae,,False,False,True,Dependentiae,,False,False,True
9a842084688427ba067307eb8662eecd,369,0.9995,0.0,Ca_Amoebophilus,Candidatus Amoebophilus,False,False,True,Amoebophilaceae,Amoebophilaceae,True,True,True,Cytophagales,Cytophagales,True,True,True,Bacteroidia,Cytophagia,False,True,True,Bacteroidota,Bacteroidota,True,True,True
6f7d070bd4cfaa09a69bba0e1d046a44,366,0.999,0.0,Anaerofustis,,False,True,True,Anaerofustaceae,,False,False,True,Eubacteriales,Eubacteriales,True,True,True,Clostridia,Clostridia,True,True,True,Firmicutes,Bacillota,True,True,True
a5e4214d6e45488b57daf5cc70b89f40,374,1.0,0.0,Azoarcus,,False,True,True,Rhodocyclaceae,,False,True,True,Burkholderiales,,False,False,True,Gammaproteobacteria,,False,False,True,Proteobacteria,Pseudomonadota,True,True,True
c7710bd03585ff9fb13a73ad718dd629,374,0.9961,0.0,midas_g_12624,,False,False,False,Anaerolineaceae,,False,True,True,Anaerolineales,,False,True,True,Anaerolineae,Chloroflexia,False,True,True,Chloroflexi,Chloroflexota,True,True,True
d014102205e1a5fa0830e8f27b93270f,393,0.9917,0.0,nan,Paenibacillus,False,False,False,Dethiobacteraceae,Paenibacillaceae,False,False,True,Dethiobacterales,Caryophanales,False,False,True,Dethiobacteria,Bacilli,False,False,True,Firmicutes,Bacillota,True,True,True
4494286141014de25140c094cc5626ec,373,0.999,0.0,nan,Roseicella,False,False,False,Acetobacteraceae,Roseomonadaceae,False,True,True,Acetobacterales,Acetobacterales,True,True,True,Alphaproteobacteria,Alphaproteobacteria,True,True,True,Proteobacteria,Pseudomonadota,True,True,True
e3b6d7ad6ee740d0b7d343c2c2ce53a0,375,0.9995,0.0,nan,Rubrobacter,False,False,False,nan,Rubrobacteraceae,False,False,False,nan,Rubrobacterales,False,False,False,nan,Rubrobacteria,False,False,False,Actinobacteriota,Actinomycetota,False,False,True
25077ffdd305e287a33697d70d484327,374,0.9912,0.0,midas_g_1862,,False,False,False,midas_f_184,Caldilineaceae,False,False,False,SBR1031,Caldilineales,False,False,True,Anaerolineae,Caldilineae,False,True,True,Chloroflexi,Chloroflexota,True,True,True
dac9df4edca47d4aefa5e8b6eb75543a,371,1.0,0.0,midas_g_762,,False,False,False,Synergistaceae,Synergistaceae,True,True,True,Synergistales,Synergistales,True,True,True,Synergistia,Synergistia,True,True,True,Synergistota,Synergistota,True,True,True
d628016102970528d40c260b4400c593,374,1.0,0.0,midas_g_7133,,False,False,False,midas_f_2772,,False,False,False,RBG-13-54-9,,False,False,True,Anaerolineae,Anaerolineae,True,True,True,Chloroflexi,Chloroflexota,True,True,True
f89c5ae84b1033d896333c5ae7acb309,374,0.9946,0.0,midas_g_114999,,False,False,False,midas_f_43544,,False,False,False,midas_o_1194,,False,False,False,midas_c_55,,False,False,False,WPS-2,,False,False,True
02304f5597c8b1982e18acf4d3756043,372,0.9927,0.0,nan,Magnetospirillum,False,False,False,nan,Rhodospirillaceae,False,False,False,nan,Rhodospirillales,False,False,False,Alphaproteobacteria,Alphaproteobacteria,True,True,True,Proteobacteria,Pseudomonadota,True,True,True
9c7db0d5022a938bf5ea950826d34437,374,0.9956,0.0,nan,,False,False,False,Pedosphaeraceae,,False,False,True,Pedosphaerales,,False,False,True,Verrucomicrobiae,,False,False,True,Verrucomicrobiota,Verrucomicrobiota,True,True,True
accdbd296b05fdc99bac47d0e4349aa9,373,0.999,0.0,midas_g_268,,False,False,False,midas_f_98,,False,False,False,midas_o_26,,False,False,False,Gammaproteobacteria,Gammaproteobacteria,True,True,True,Proteobacteria,Pseudomonadota,True,True,True
52be19846e0f0c7f419cde01b6e10585,370,1.0,0.0,Ferruginibacter,Ferruginibacter,True,True,True,Chitinophagaceae,Chitinophagaceae,True,True,True,Chitinophagales,Chitinophagales,True,True,True,Bacteroidia,Chitinophagia,False,False,True,Bacteroidota,Bacteroidota,True,True,True
3d69ca950aaaf9f351e4139369d78236,373,1.0,0.0,nan,Calditerricola,False,False,False,Desulfurisporaceae,Bacillaceae,False,False,True,Desulfotomaculales,Caryophanales,False,False,True,Desulfotomaculia,Bacilli,False,False,True,Firmicutes,Bacillota,True,True,True
dc6c7b33d252a7891fd83a442747c837,370,0.9961,0.0,midas_g_15828,,False,False,False,Chitinophagaceae,Chitinophagaceae,True,True,True,Chitinophagales,Chitinophagales,True,True,True,Bacteroidia,Chitinophagia,False,False,True,Bacteroidota,Bacteroidota,True,True,True
599d7cf9f263b0f86ad741ce6f9f7619,372,1.0,0.0,Mesorhizobium,,False,True,True,Rhizobiaceae,Rhizobiaceae,True,True,True,Rhizobiales,Hyphomicrobiales,False,False,True,Alphaproteobacteria,Alphaproteobacteria,True,True,True,Proteobacteria,Pseudomonadota,True,True,True
e8895eca419d323d988e5bdcf681d140,374,0.9985,0.0,midas_g_2138,,False,False,False,Caldilineaceae,,False,True,True,Caldilineales,,False,True,True,Anaerolineae,Chloroflexia,False,True,True,Chloroflexi,Chloroflexota,True,True,True
3e3764ae6674e989f040377aa61069b5,378,1.0,0.0,Methanolinea,Methanolinea,True,True,True,Methanoregulaceae,Methanoregulaceae,True,True,True,Methanomicrobiales,Methanomicrobiales,True,True,True,Methanomicrobia,Methanomicrobia,True,True,True,Halobacterota,Methanobacteriota,False,False,True
d4478251439a62fedcc7f87519fdd32a,374,0.9956,0.0,Neochlamydia,,False,False,True,Parachlamydiaceae,,False,True,True,Chlamydiales,,False,False,True,Chlamydiae,Gammaproteobacteria,False,False,True,Verrucomicrobiota,Pseudomonadota,False,True,True
66cca1bc3b202fdae68d02d5f859b53f,373,0.9961,0.0,midas_g_85064,Sporobacter,False,False,False,UCG-010,Oscillospiraceae,False,False,True,Oscillospirales,Eubacteriales,False,False,True,Clostridia,Clostridia,True,True,True,Firmicutes,Bacillota,True,True,True
522ab1474c600e24c4f7e20404fa648c,372,1.0,0.0,Geminicoccus,Geminicoccus,True,True,True,Geminicoccaceae,Geminicoccaceae,True,True,True,Tistrellales,Geminicoccales,False,False,True,Alphaproteobacteria,Alphaproteobacteria,True,True,True,Proteobacteria,Pseudomonadota,True,True,True
d00d97e1374e175183b294e067ec1cfb,374,0.9976,0.0,Caldicoprobacter,,False,False,True,Caldicoprobacteraceae,,False,False,True,Caldicoprobacterales,Eubacteriales,False,False,True,Clostridia,Clostridia,True,True,True,Firmicutes,Bacillota,True,True,True
dfb17fab2e208979590db3600ba675d7,374,0.9985,0.0,midas_g_940,,False,False,False,Gemmataceae,,False,True,True,Gemmatales,Gemmatales,True,True,True,Planctomycetes,Planctomycetia,False,False,True,Planctomycetota,Planctomycetota,True,True,True
1ed95763454163d1938e3d2d3c082d23,374,0.998,0.0,midas_g_2413,,False,False,False,midas_f_1432,,False,False,False,mle1-27,Myxococcales,False,False,True,Polyangia,Myxococcia,False,False,True,Myxococcota,Myxococcota,True,True,True
a8aafb51e2d0f2e6d62cf2c4393df334,374,0.9912,0.0,midas_g_41814,,False,False,False,midas_f_41814,,False,False,False,midas_o_147,,False,False,False,Gammaproteobacteria,Gammaproteobacteria,True,True,True,Proteobacteria,Pseudomonadota,True,True,True
f9ceb4443de3c6d51433fa57c3ade975,396,0.9961,0.0,LNR_A2-18,,False,False,True,Cloacimonadaceae,,False,False,True,Cloacimonadales,Sulfolobales,False,False,True,Cloacimonadia,Thermoprotei,False,False,True,Cloacimonadota,Thermoproteota,False,False,True
a8a9d607d1fd5c585c10030c8d307947,373,0.9941,0.0,nan,,False,False,False,Acetobacteraceae,,False,True,True,Acetobacterales,,False,True,True,Alphaproteobacteria,,False,True,True,Proteobacteria,Pseudomonadota,True,True,True
aaa707342b1a12423de93e29ef0fb102,369,0.9985,0.0,midas_g_75908,Serpentinicella,False,False,False,Serpentinicella,Natronincolaceae,False,False,True,Peptostreptococcales-Tissierellales,Peptostreptococcales,False,False,True,Clostridia,Clostridia,True,True,True,Firmicutes,Bacillota,True,True,True
b4ba6792b3fa30ceb7375dc41eb1d65c,375,0.9985,0.0,midas_g_6975,Candidatus Saccharimonas,False,False,False,midas_f_67,Candidatus Saccharimonadaceae,False,False,False,Saccharimonadales,Candidatus Saccharimonadales,False,False,True,Saccharimonadia,Candidatus Saccharimonadia,False,False,True,Patescibacteria,Candidatus Saccharimonadota,False,False,True
a8a559b16166ead544ccc5288860baca,375,0.9888,0.0,Anaerolinea,,False,False,True,Anaerolineaceae,,False,False,True,Anaerolineales,,False,False,True,Anaerolineae,Chloroflexia,False,False,True,Chloroflexi,Chloroflexota,True,True,True
ff6a63aa3a8877a90e31ca73fa5fbdd7,369,1.0,0.0,AUTHM297,,False,False,True,Petrotogaceae,,False,True,True,Petrotogales,Bacteroidales,False,True,True,Thermotogae,Bacteroidia,False,True,True,Thermotogota,Bacteroidota,False,True,True
0da3781f136fe864a45b19c6fdc57fde,378,0.9985,0.0,Methanobacterium,Methanobacterium,True,True,True,Methanobacteriaceae,Methanobacteriaceae,True,True,True,Methanobacteriales,Methanobacteriales,True,True,True,Methanobacteria,Methanobacteria,True,True,True,Euryarchaeota,Methanobacteriota,True,True,True
bfeb406eac391881a6599911d4643acb,390,0.9976,0.0,Bacillus,Massilibacterium,False,True,True,Bacillaceae,Bacillaceae,True,True,True,Bacillales,Caryophanales,False,False,True,Bacilli,Bacilli,True,True,True,Firmicutes,Bacillota,True,True,True
840e058fa20744d5348c023c25e7d232,391,0.9985,0.0,Enterococcus,Enterococcus,True,True,True,Enterococcaceae,Enterococcaceae,True,True,True,Lactobacillales,Lactobacillales,True,True,True,Bacilli,Bacilli,True,True,True,Firmicutes,Bacillota,True,True,True
8e5082651856dbc9ff0f821a8b2132fb,391,0.9834,0.0,EBM-39,,False,False,True,Synergistaceae,,False,False,True,Synergistales,,False,False,True,Synergistia,,False,False,True,Synergistota,Candidatus Freyarchaeota,False,False,True
b7e687b746695f305710ce46786a7573,373,0.9985,0.0,nan,,False,False,False,Oscillospiraceae,Lachnospiraceae,False,True,True,Oscillospirales,Lachnospirales,False,False,True,Clostridia,Clostridia,True,True,True,Firmicutes,Bacillota,True,True,True
f0edde70fa1e568fe1079e75617d91cc,394,0.9976,0.0,nan,Delftia,False,False,False,Comamonadaceae,Comamonadaceae,True,True,True,Burkholderiales,Burkholderiales,True,True,True,Gammaproteobacteria,Betaproteobacteria,False,True,True,Proteobacteria,Pseudomonadota,True,True,True
8e0cade50e928f5f73e013c6321bc04c,374,0.9985,,,Proteiniphilum,False,False,False,,Dysgonomonadaceae,False,False,False,,Bacteroidales,False,False,False,,Bacteroidia,False,False,False,,Bacteroidota,False,False,False
85dbf4fc6f45d7715479fc3c5cb4f1ff,370,0.9995,,,,False,False,False,,,False,False,False,,,False,False,False,,,False,False,False,,Bacteroidota,False,False,False
6ec0be7c85b5b47c579ebdb9c3cba2b3,374,0.9951,,,,False,False,False,,,False,False,False,,,False,False,False,,,False,False,False,,Candidatus Cloacimonadota,False,False,False
7fac8337427d00be93052bce23925621,372,0.9951,,,Aestuariivirga,False,False,False,,Aestuariivirgaceae,False,False,False,,Hyphomicrobiales,False,False,False,,Alphaproteobacteria,False,False,False,,Pseudomonadota,False,False,False
2e7754c7a78cb145c7bd423549590978,374,0.9985,,,,False,False,False,,Anaerolineaceae,False,False,False,,Anaerolineales,False,False,False,,Anaerolineae,False,False,False,,Chloroflexota,False,False,False
f271fba51b646916050b15860477c92b,374,0.9966,,,,False,False,False,,,False,False,False,,Sedimentisphaerales,False,False,False,,Phycisphaerae,False,False,False,,Planctomycetota,False,False,False
f5e6f6570d4b64e72a67be50cd411508,376,0.9995,,,,False,False,False,,,False,False,False,,,False,False,False,,Acidimicrobiia,False,False,False,,Actinomycetota,False,False,False
3d01292536c84811794d53dbc82dea25,379,0.9995,,,,False,False,False,,Burkholderiaceae,False,False,False,,Burkholderiales,False,False,False,,Betaproteobacteria,False,False,False,,Pseudomonadota,False,False,False
2cc5b2b8bce723252e69475548cd8e57,373,0.9917,,,,False,False,False,,Lachnospiraceae,False,False,False,,Lachnospirales,False,False,False,,Clostridia,False,False,False,,Bacillota,False,False,False
4920fa802d38be7393416667f565bb4a,376,0.9956,,,,False,False,False,,,False,False,False,,,False,False,False,,Acidimicrobiia,False,False,False,,Actinomycetota,False,False,False
a06dc300e94af80f18cdbc41795c4aa5,374,0.998,,,,False,False,False,,,False,False,False,,Eubacteriales,False,False,False,,Clostridia,False,False,False,,Bacillota,False,False,False
cab39ec57bab4d0e6ea98f181ec4eae1,374,0.9941,,,,False,False,False,,,False,False,False,,,False,False,False,,Clostridia,False,False,False,,Bacillota,False,False,False
46423ee425d08764624f28b7140cc759,372,0.9956,,,,False,False,False,,,False,False,False,,,False,False,False,,,False,False,False,,Pseudomonadota,False,False,False
af1c0fc82127e2f2ccd3473cfa7555e6,372,0.9937,,,,False,False,False,,,False,False,False,,,False,False,False,,,False,False,False,,Synergistota,False,False,False
04749d839f517a8461ff731c4a0a4b60,388,0.9966,0.0,Petrimonas,,False,True,True,Dysgonomonadaceae,,False,True,True,Bacteroidales,,False,True,True,Bacteroidia,,False,True,True,Bacteroidota,Bacillota,False,True,True
3a3ec4d864ef71a4f7170d7d7610bfb4,370,0.9971,,,,False,False,False,,,False,False,False,,Bacteroidales,False,False,False,,Bacteroidia,False,False,False,,Bacteroidota,False,False,False
9eb4774910ed8d676248e0040ca10a83,373,0.9961,0.0,nan,,False,False,False,nan,Oscillospiraceae,False,False,False,Oscillospirales,Eubacteriales,False,False,True,Clostridia,Clostridia,True,True,True,Firmicutes,Bacillota,True,True,True
799b0bb65eb8c35ce7d0cef4aec5004a,372,0.9995,,,Methylorubrum,False,False,False,,Methylobacteriaceae,False,False,False,,Hyphomicrobiales,False,False,False,,Alphaproteobacteria,False,False,False,,Pseudomonadota,False,False,False
efef0fd59127f1abb17a8e0847606057,377,0.9956,0.0,Petrimonas,Fermentimonas,False,False,True,Dysgonomonadaceae,Dysgonomonadaceae,True,True,True,Bacteroidales,Bacteroidales,True,True,True,Bacteroidia,Bacteroidia,True,True,True,Bacteroidota,Bacteroidota,True,True,True
1c4d0577b5aae60dfa88bb9fa2dc36d6,377,0.9907,0.0,Mesotoga,Mesotoga,True,True,True,Kosmotogaceae,Kosmotogaceae,True,True,True,Kosmotogales,Kosmotogales,True,True,True,Thermotogae,Thermotogae,True,True,True,Thermotogota,Thermotogota,True,True,True
b9572caf5beca64d204f56f150f96a8d,392,0.9937,,,Cronobacter,False,False,False,,Enterobacteriaceae,False,False,False,,Enterobacterales,False,False,False,,Gammaproteobacteria,False,False,False,,Pseudomonadota,False,False,False
00a1a32589b4628bbc46f04b83b89d22,373,0.9985,0.0,Pseudomonas,Pseudomonas,True,True,True,Pseudomonadaceae,Pseudomonadaceae,True,True,True,Pseudomonadales,Pseudomonadales,True,True,True,Gammaproteobacteria,Gammaproteobacteria,True,True,True,Proteobacteria,Pseudomonadota,True,True,True
fbc7e405b4d16da23a87995ad9f0c945,370,0.9937,0.0,nan,Burkholderia,False,False,False,Rhodocyclaceae,Burkholderiaceae,False,True,True,Burkholderiales,Burkholderiales,True,True,True,Gammaproteobacteria,Betaproteobacteria,False,True,True,Proteobacteria,Pseudomonadota,True,True,True
565ebeeb62bec205e9a34b25e0a728dd,374,0.9995,0.0,Desulfosporosinus,Desulfitobacterium,False,True,True,Desulfitobacteriaceae,Desulfitobacteriaceae,True,True,True,Desulfitobacteriales,Eubacteriales,False,False,True,Desulfitobacteriia,Clostridia,False,False,True,Firmicutes,Bacillota,True,True,True
261f84006c5eb28858f3f27bbaadc045,372,0.9995,0.0,Hydrogenophaga,Hydrogenophaga,True,True,True,Comamonadaceae,Comamonadaceae,True,True,True,Burkholderiales,Burkholderiales,True,True,True,Gammaproteobacteria,Betaproteobacteria,False,False,True,Proteobacteria,Pseudomonadota,True,True,True
1bb528201a9ce27b647d4d0f9c6d01fb,373,0.999,0.0,nan,Rubeoparvulum,False,False,False,nan,Bacillaceae,False,False,False,nan,Caryophanales,False,False,False,nan,Bacilli,False,False,False,Firmicutes,Bacillota,True,True,True
1f09f246b167ceaa862b68be6e9f3442,370,0.9941,0.0,nan,Vallitalea,False,False,False,nan,Vallitaleaceae,False,False,False,nan,Lachnospirales,False,False,False,Clostridia,Clostridia,True,True,True,Firmicutes,Bacillota,True,True,True
adf5bb1e5c1f167d69175bf8a8e04fb3,378,0.9971,0.0,Methanobrevibacter,Methanobrevibacter,True,True,True,Methanobacteriaceae,Methanobacteriaceae,True,True,True,Methanobacteriales,Methanobacteriales,True,True,True,Methanobacteria,Methanobacteria,True,True,True,Euryarchaeota,Methanobacteriota,True,True,True
d564201f83026fda70407d0f859d04bd,372,0.9946,0.0,Pirellula,Anatilimnocola,False,False,True,Pirellulaceae,Pirellulaceae,True,True,True,Pirellulales,Pirellulales,True,True,True,Planctomycetes,Planctomycetia,False,False,True,Planctomycetota,Planctomycetota,True,True,True
eda24e48b8b611eab82f254d58d1148d,374,0.9985,0.0,nan,,False,False,False,Hungateiclostridiaceae,Clostridiaceae,False,False,True,Oscillospirales,Eubacteriales,False,False,True,Clostridia,Clostridia,True,True,True,Firmicutes,Bacillota,True,True,True
26bcb031ea5e9e32c511c17dd4ce8c44,374,0.999,0.0,midas_g_5463,,False,False,False,Caldilineaceae,,False,True,True,Caldilineales,,False,True,True,Anaerolineae,Chloroflexia,False,True,True,Chloroflexi,Chloroflexota,True,True,True
cea48cb9e85cce1a4c9d90bff8f6ded5,375,0.9995,0.0,nan,,False,False,False,nan,Terrimicrobiaceae,False,False,False,Chthoniobacterales,Terrimicrobiales,False,True,True,Verrucomicrobiae,Terrimicrobiia,False,False,True,Verrucomicrobiota,Verrucomicrobiota,True,True,True
3d002319a68cb81e39764750ce844423,370,0.999,0.0,midas_g_101607,,False,False,False,midas_f_8637,Sphingobacteriaceae,False,False,False,Bacteroidetes_VC2.1_Bac22,Sphingobacteriales,False,False,True,Bacteroidia,Sphingobacteriia,False,False,True,Bacteroidota,Bacteroidota,True,True,True
c4867d600b0a9097a72003891fa4b874,376,1.0,0.0,midas_g_8294,,False,False,False,midas_f_3344,,False,False,False,IMCC26256,,False,False,True,Acidimicrobiia,Actinomycetes,False,True,True,Actinobacteriota,Actinomycetota,False,False,True
55d6f196845f6c46a8c04acebb14b7b9,374,0.9985,0.0,midas_g_3277,,False,False,False,midas_f_3277,,False,False,False,midas_o_3277,,False,False,False,KD4-96,Chloroflexia,False,False,True,Chloroflexi,Chloroflexota,True,True,True
2c2a5e52f212bdc4fe6cfe32717f2a01,375,1.0,0.0,Skermania,Skermania,True,True,True,Nocardiaceae,Gordoniaceae,False,True,True,Corynebacteriales,Mycobacteriales,False,False,True,Actinobacteria,Actinomycetes,False,False,True,Actinobacteriota,Actinomycetota,False,False,True
5e1fc58ad48ef339ba354f5166b6a82f,374,0.9961,0.0,midas_g_98790,,False,False,False,midas_f_38442,Christensenellaceae,False,False,False,Clostridia_vadinBB60_group,Christensenellales,False,False,True,Clostridia,Clostridia,True,True,True,Firmicutes,Bacillota,True,True,True
97f1dfd76250227f4fa9736d1ec5d108,374,0.9946,0.0,nan,Petroclostridium,False,False,False,nan,Oscillospiraceae,False,False,False,nan,Eubacteriales,False,False,False,Clostridia,Clostridia,True,True,True,Firmicutes,Bacillota,True,True,True
609d275502076a9f8c77313c88d5cabd,374,0.9956,0.0,Neochlamydia,,False,False,True,Parachlamydiaceae,,False,True,True,Chlamydiales,,False,True,True,Chlamydiae,,False,False,True,Verrucomicrobiota,Minisyncoccota,False,True,True
77da7e24d4e417e8a4fd692db80d26e1,374,0.9946,0.0,Levilinea,,False,False,True,Anaerolineaceae,,False,True,True,Anaerolineales,,False,True,True,Anaerolineae,Chloroflexia,False,True,True,Chloroflexi,Chloroflexota,True,True,True
8dd05d46c0b97113078aba2427454051,374,0.9976,0.0,Leptolinea,,False,False,True,Anaerolineaceae,,False,True,True,Anaerolineales,,False,True,True,Anaerolineae,Chloroflexia,False,True,True,Chloroflexi,Chloroflexota,True,True,True
0c383d815fd10fc34608bc3c3415bd28,373,1.0,0.0,Lachnospiraceae_ND3007_group,,False,False,True,Lachnospiraceae,Lachnospiraceae,True,True,True,Lachnospirales,Lachnospirales,True,True,True,Clostridia,Clostridia,True,True,True,Firmicutes,Bacillota,True,True,True
a6fbc7a35cdc513c4aae607786ee2a51,370,0.9883,0.0,midas_g_6164,,False,False,False,Spirochaetaceae,,False,True,True,Spirochaetales,Rhodothermales,False,True,True,Spirochaetia,Rhodothermia,False,True,True,Spirochaetota,Rhodothermota,False,True,True
549656e5dca3b5e4918c59545d94e8b0,374,0.9966,0.0,nan,,False,False,False,midas_f_216,,False,False,False,midas_o_216,,False,False,False,midas_c_216,,False,False,False,Armatimonadota,Armatimonadota,True,True,True
b083efba34da97dfc1a6fa6864721978,374,0.9966,0.0,nan,,False,False,False,midas_f_112,,False,False,False,MBA03,,False,False,True,Limnochordia,,False,False,True,Firmicutes,Bacillota,True,True,True
6c69b67bc429532ce3461ea6f3dc7c82,374,0.9956,0.0,Rhodopirellula,Candidatus Laterigemmans,False,False,True,Pirellulaceae,Pirellulaceae,True,True,True,Pirellulales,Pirellulales,True,True,True,Planctomycetes,Planctomycetia,False,False,True,Planctomycetota,Planctomycetota,True,True,True
170083f87321cde2efee1b7332711ec9,374,0.9922,0.0,midas_g_113967,,False,False,False,midas_f_113967,,False,False,False,midas_o_5025,,False,False,False,D8A-2,,False,False,True,Firmicutes,Pseudomonadota,False,True,True
461e1d892b167a7eef900fa723462f09,374,0.9932,0.0,nan,Acidaminobacterium,False,False,False,nan,Oscillospiraceae,False,False,False,nan,Eubacteriales,False,False,False,Clostridia,Clostridia,True,True,True,Firmicutes,Bacillota,True,True,True
c50549bb796bf96acbaec9906668844d,374,0.9976,0.0,Christensenellaceae_R-7_group,,False,False,True,Christensenellaceae,,False,False,True,Christensenellales,Christensenellales,True,True,True,Clostridia,Clostridia,True,True,True,Firmicutes,Bacillota,True,True,True
4f6902842e157d5e737fa919e5d89f4a,374,0.998,0.0,Legionella,Legionella,True,True,True,Legionellaceae,Legionellaceae,True,True,True,Legionellales,Legionellales,True,True,True,Gammaproteobacteria,Gammaproteobacteria,True,True,True,Proteobacteria,Pseudomonadota,True,True,True
edb2c105974cb9358cbb2a34fb4b93d8,373,1.0,0.0,Paenibacillus,Paenibacillus,True,True,True,Paenibacillaceae,Paenibacillaceae,True,True,True,Paenibacillales,Caryophanales,False,False,True,Bacilli,Bacilli,True,True,True,Firmicutes,Bacillota,True,True,True
f6b24a6816c87c1642b0b3ef07bfee78,374,0.998,0.0,midas_g_97311,,False,False,False,midas_f_222,,False,False,False,midas_o_4,Dehalococcoidales,False,False,False,midas_c_4,Dehalococcoidia,False,False,False,Firmicutes,Chloroflexota,False,True,True
80017052479e0a7748dc385488c63536,374,1.0,0.0,midas_g_50482,,False,False,False,midas_f_269,,False,False,False,Gaiellales,,False,True,True,Thermoleophilia,Actinomycetes,False,True,True,Actinobacteriota,Actinomycetota,False,False,True
f02dc9c964b8985575a3f2838bf1fbd8,374,0.999,0.0,midas_g_1246,,False,False,False,Hydrogenedensaceae,,False,False,True,Hydrogenedentiales,,False,False,True,Hydrogenedentia,,False,False,True,Hydrogenedentes,Candidatus Hydrogenedentota,False,False,True
6ba0ef08127bd8337916b772638d3744,374,0.9927,0.0,midas_g_5025,,False,False,False,midas_f_5025,,False,False,False,midas_o_5025,,False,False,False,D8A-2,,False,False,True,Firmicutes,Candidatus Methylomirabilota,False,True,True
c24ddb60bb99f2f3faf3f86c7141b3dc,375,0.9897,0.0,midas_g_35314,,False,False,False,midas_f_13912,,False,False,False,midas_o_147,,False,False,False,Gammaproteobacteria,Actinomycetes,False,True,True,Proteobacteria,Actinomycetota,False,True,True
3c2d4903b3df0132b4a1d9a9b20ea45d,372,1.0,0.0,Mesorhizobium,Mesorhizobium,True,True,True,Rhizobiaceae,Phyllobacteriaceae,False,True,True,Rhizobiales,Hyphomicrobiales,False,False,True,Alphaproteobacteria,Alphaproteobacteria,True,True,True,Proteobacteria,Pseudomonadota,True,True,True
78d38ebcda61982cfb9d7fccb6a94cf2,374,0.9966,0.0,midas_g_110354,,False,False,False,Anaerolineaceae,,False,True,True,Anaerolineales,,False,True,True,Anaerolineae,Anaerolineae,True,True,True,Chloroflexi,Chloroflexota,True,True,True
4a116f83e81e1519640492c5bf55a3bf,374,0.9941,0.0,Chthoniobacter,,False,True,True,Chthoniobacteraceae,,False,True,True,Chthoniobacterales,,False,True,True,Verrucomicrobiae,Spartobacteria,False,False,True,Verrucomicrobiota,Verrucomicrobiota,True,True,True
7095c313e9e1c5136c8dfaf1ccf4e5d5,374,0.9917,0.0,midas_g_108212,,False,False,False,Anaerolineaceae,,False,True,True,Anaerolineales,,False,True,True,Anaerolineae,Dehalococcoidia,False,True,True,Chloroflexi,Chloroflexota,True,True,True
d4b8f75d0e42420455e41ded33426aae,374,0.9956,0.0,Gemmatimonas,Gemmatimonas,True,True,True,Gemmatimonadaceae,Gemmatimonadaceae,True,True,True,Gemmatimonadales,Gemmatimonadales,True,True,True,Gemmatimonadetes,Gemmatimonadia,False,False,True,Gemmatimonadota,Gemmatimonadota,True,True,True
5e05ab394eb8af522fe62a10d8c28445,372,1.0,0.0,nan,Aneurinibacillus,False,False,False,nan,Paenibacillaceae,False,False,False,nan,Caryophanales,False,False,False,Bacilli,Bacilli,True,True,True,Firmicutes,Bacillota,True,True,True
df718da3c7d5615d6f30a415de90fea7,371,0.9951,0.0,Fonticella,Caloramator,False,False,True,Caloramatoraceae,Clostridiaceae,False,False,True,Clostridiales,Eubacteriales,False,False,True,Clostridia,Clostridia,True,True,True,Firmicutes,Bacillota,True,True,True
c883771c490f92035a893a246adf9767,373,0.9941,0.0,midas_g_76761,,False,False,False,midas_f_8814,,False,False,False,SJA-15,,False,False,True,Anaerolineae,Chloroflexia,False,True,True,Chloroflexi,Chloroflexota,True,True,True
8cc2a5a7c712bb71836060897190bb02,374,0.9976,0.0,midas_g_2423,,False,False,False,midas_f_54,,False,False,False,Clostridia_vadinBB60_group,,False,False,True,Clostridia,Clostridia,True,True,True,Firmicutes,Bacillota,True,True,True
bab56c548143c05f1bd021822bf7aa19,374,0.9985,0.0,nan,,False,False,False,Lachnospiraceae,Lachnospiraceae,True,True,True,Lachnospirales,Lachnospirales,True,True,True,Clostridia,Clostridia,True,True,True,Firmicutes,Bacillota,True,True,True
cfdff1e1afc0bb96435226f40e8031fa,374,0.9985,0.0,nan,Thermanaerosceptrum,False,False,False,midas_f_222,Peptococcaceae,False,False,False,midas_o_4,Eubacteriales,False,False,False,midas_c_4,Clostridia,False,False,False,Firmicutes,Bacillota,True,True,True
fd570e30645c57d049c83863880fd312,377,1.0,0.0,midas_g_90473,,False,False,False,Methanomassiliicoccaceae,,False,True,True,Methanomassiliicoccales,Methanomassiliicoccales,True,True,True,Thermoplasmata,Thermoplasmata,True,True,True,Thermoplasmatota,Thermoplasmatota,True,True,True
38e01c452b469921cbeedecef774390c,373,0.9985,0.0,nan,,False,False,False,Oscillospiraceae,,False,True,True,Oscillospirales,,False,False,True,Clostridia,,False,True,True,Firmicutes,,False,True,True
5eea14d9885768eafe3cd046a6e975a7,372,1.0,0.0,nan,Fictibacillus,False,False,False,Bacillaceae,Fictibacillaceae,False,True,True,Bacillales,Caryophanales,False,False,True,Bacilli,Bacilli,True,True,True,Firmicutes,Bacillota,True,True,True
d2fd495f50fd9ee1bb779066a74086d7,376,1.0,0.0,midas_g_46393,,False,False,False,midas_f_46393,,False,False,False,Ca_Pacebacteria,Pseudomonadales,False,False,True,Microgenomatia,Gammaproteobacteria,False,False,True,Patescibacteria,Pseudomonadota,False,False,True
2fc4dfc7b010149d63567c2ee818550a,374,0.9956,0.0,midas_g_110619,Hahella,False,False,False,midas_f_29377,Hahellaceae,False,False,False,midas_o_147,Oceanospirillales,False,False,False,Gammaproteobacteria,Gammaproteobacteria,True,True,True,Proteobacteria,Pseudomonadota,True,True,True
f961e1550d2126dce30199dd80a47c66,374,0.9956,0.0,Neochlamydia,,False,False,True,Parachlamydiaceae,,False,True,True,Chlamydiales,,False,True,True,Chlamydiae,,False,False,True,Verrucomicrobiota,Chlamydiota,False,True,True
04a4d49b919c98986235493c3e4105f2,374,0.9985,,,,False,False,False,,Clostridiaceae,False,False,False,,Eubacteriales,False,False,False,,Clostridia,False,False,False,,Bacillota,False,False,False
b488a23a21137febe962e32b948e87a9,374,0.9902,0.0,midas_g_42644,,False,False,False,midas_f_5245,,False,False,False,midas_o_5245,,False,False,False,Berkelbacteria,,False,False,True,Patescibacteria,Candidatus Falkowiibacteriota,False,False,True
172049e46605909f99651e4d0efb8578,374,1.0,0.0,Monoglobus,,False,False,True,Monoglobaceae,,False,False,True,Monoglobales,,False,False,True,Clostridia,,False,True,True,Firmicutes,Bacillota,True,True,True
714fee5937db0a72ffa76f655649cd60,374,0.9961,0.0,midas_g_29434,,False,False,False,Pirellulaceae,,False,True,True,Pirellulales,Pirellulales,True,True,True,Planctomycetes,Planctomycetia,False,False,True,Planctomycetota,Planctomycetota,True,True,True
1f003e944f4c451188139f78a4dbead3,370,1.0,0.0,Blvii28_wastewater-sludge_group,,False,False,True,Williamwhitmaniaceae,Tenuifilaceae,False,False,True,Bacteroidales,Bacteroidales,True,True,True,Bacteroidia,Bacteroidia,True,True,True,Bacteroidota,Bacteroidota,True,True,True
7598baa4df34dca336e545f5477e2bdd,373,0.9976,0.0,Sphingomonas,Rhizorhabdus,False,True,True,Sphingomonadaceae,Rhizorhabdaceae,False,True,True,Sphingomonadales,Sphingomonadales,True,True,True,Alphaproteobacteria,Alphaproteobacteria,True,True,True,Proteobacteria,Pseudomonadota,True,True,True
373d9c7b19e02b42024ac7d4b55dd1a8,372,0.9976,0.0,Clostridium_sensu_stricto_7,Clostridium,False,False,True,Clostridiaceae,Clostridiaceae,True,True,True,Clostridiales,Eubacteriales,False,False,True,Clostridia,Clostridia,True,True,True,Firmicutes,Bacillota,True,True,True
4d4be4592350230ffffb8321fc1688fa,377,1.0,0.0,midas_g_97217,,False,False,False,midas_f_90791,,False,False,False,midas_o_90791,,False,False,False,Bathyarchaeia,,False,False,True,Crenarchaeota,Candidatus Bathyarchaeota,False,False,True
a07f3b457d225ac97e915f62126f9051,373,0.9966,0.0,nan,Paenibacillus,False,False,False,nan,Paenibacillaceae,False,False,False,nan,Caryophanales,False,False,False,Bacilli,Bacilli,True,True,True,Firmicutes,Bacillota,True,True,True
f036998f7c6ae9f7b01b50adfca811a3,374,0.9966,0.0,midas_g_336,,False,False,False,midas_f_80,,False,False,False,DTU014,,False,False,True,midas_c_4,Clostridia,False,False,False,Firmicutes,Bacillota,True,True,True
c6c062c6e4918cff367f7b7327090845,374,0.998,0.0,Legionella,,False,True,True,Legionellaceae,,False,True,True,Legionellales,Methylococcales,False,True,True,Gammaproteobacteria,Gammaproteobacteria,True,True,True,Proteobacteria,Pseudomonadota,True,True,True
94826025b9642351b6818715fb42c3a5,370,1.0,0.0,midas_g_14041,,False,False,False,Spirochaetaceae,,False,False,True,Spirochaetales,Spirochaetales,True,True,True,Spirochaetia,Spirochaetia,True,True,True,Spirochaetota,Spirochaetota,True,True,True
88a9a64b37ae0a1b25e1f700e445ab77,374,0.9956,0.0,midas_g_100021,,False,False,False,AKAU3564_sediment_group,,False,False,True,Phycisphaerales,,False,True,True,Phycisphaerae,Actinomycetes,False,True,True,Planctomycetota,Actinomycetota,False,True,True
4f4dc6bfd6d1b43335fe96fd6eb3e297,372,1.0,0.0,Clostridium_sensu_stricto_5,Clostridium,False,False,True,Clostridiaceae,Clostridiaceae,True,True,True,Clostridiales,Eubacteriales,False,False,True,Clostridia,Clostridia,True,True,True,Firmicutes,Bacillota,True,True,True
b9ca0e9ca6ba197607c2653e75d15261,374,0.9976,0.0,HN-HF0106,Thermoclostridium,False,False,True,Hungateiclostridiaceae,Oscillospiraceae,False,False,True,Oscillospirales,Eubacteriales,False,False,True,Clostridia,Clostridia,True,True,True,Firmicutes,Bacillota,True,True,True
9f320ec9d312f6f94fd8e600383871e2,372,0.999,0.0,Hyphomicrobium,,False,False,True,Hyphomicrobiaceae,,False,False,True,Rhizobiales,,False,False,True,Alphaproteobacteria,Alphaproteobacteria,True,True,True,Proteobacteria,Pseudomonadota,True,True,True
126253aad6ce532558563354e8c229f3,374,0.9917,0.0,midas_g_95021,,False,False,False,midas_f_6867,,False,False,False,midas_o_3277,,False,False,False,KD4-96,,False,False,True,Chloroflexi,Chloroflexota,True,True,True
737ec3fec82dbe6919a55d6f88890343,393,0.9941,0.0,Aquamicrobium,,False,False,True,Rhizobiaceae,,False,True,True,Rhizobiales,Hyphomicrobiales,False,False,True,Alphaproteobacteria,Alphaproteobacteria,True,True,True,Proteobacteria,Pseudomonadota,True,True,True
b369899a050f5bdde428c77540050c80,375,0.9985,0.0,Jatrophihabitans,,False,True,True,Frankiaceae,,False,False,True,Frankiales,,False,False,True,Actinobacteria,,False,False,True,Actinobacteriota,Actinomycetota,False,False,True
1f19176efd7a39631a702b95a9d4b247,374,0.9956,0.0,midas_g_93815,,False,False,False,Limnochordaceae,Beutenbergiaceae,False,False,True,Limnochordales,Micrococcales,False,False,True,Limnochordia,Actinomycetes,False,False,True,Firmicutes,Actinomycetota,False,True,True
b7e9487c90de08851f8c120abc9ac7f8,373,1.0,0.0,midas_g_523,,False,False,False,midas_f_98,Steroidobacteraceae,False,False,False,midas_o_26,Steroidobacterales,False,False,False,Gammaproteobacteria,Gammaproteobacteria,True,True,True,Proteobacteria,Pseudomonadota,True,True,True
8eb15ec6f1ac1ddc6a0ded81065b9e3d,372,0.9961,0.0,midas_g_3529,,False,False,False,Reyranellaceae,,False,False,True,Reyranellales,,False,False,True,Alphaproteobacteria,Alphaproteobacteria,True,True,True,Proteobacteria,Pseudomonadota,True,True,True
7c1cbe86390c16afdf54fac5ab2ba556,375,0.9961,0.0,nan,Paludisphaera,False,False,False,Isosphaeraceae,Isosphaeraceae,True,True,True,Isosphaerales,Isosphaerales,True,True,True,Planctomycetes,Planctomycetia,False,False,True,Planctomycetota,Planctomycetota,True,True,True
717060b0d8c767aa2b031af9d99619dc,372,1.0,0.0,Pseudolabrys,Pseudolabrys,True,True,True,Xanthobacteraceae,Xanthobacteraceae,True,True,True,Rhizobiales,Hyphomicrobiales,False,False,True,Alphaproteobacteria,Alphaproteobacteria,True,True,True,Proteobacteria,Pseudomonadota,True,True,True
b0c56ead300fe6c57f4fc02a1a2f03bd,373,0.999,0.0,nan,Ammoniphilus,False,False,False,nan,Paenibacillaceae,False,False,False,Bacillales,Caryophanales,False,False,True,Bacilli,Bacilli,True,True,True,Firmicutes,Bacillota,True,True,True
317bf3e8560b9ad24f7cb75c8fe0cd3e,373,0.998,0.0,Sphingomonas,Sphingomonas,True,True,True,Sphingomonadaceae,Sphingomonadaceae,True,True,True,Sphingomonadales,Sphingomonadales,True,True,True,Alphaproteobacteria,Alphaproteobacteria,True,True,True,Proteobacteria,Pseudomonadota,True,True,True
8adc12dac7b8b4b0e4408ebdf6aab780,375,0.998,0.0,midas_g_4774,,False,False,False,midas_f_4774,,False,False,False,Saccharimonadales,,False,False,True,Saccharimonadia,,False,False,True,Patescibacteria,Candidatus Saccharimonadota,False,False,True
4a861d22b54efb0cebe9bfc1f9e23cc0,374,0.9922,0.0,midas_g_100693,,False,False,False,midas_f_813,,False,False,False,midas_o_1,,False,False,False,Anaerolineae,Anaerolineae,True,True,True,Chloroflexi,Chloroflexota,True,True,True
8027ffc215349056379fe132f318a66a,373,0.9985,0.0,Bauldia,,False,True,True,Rhodobacteraceae,,False,False,True,Rhodobacterales,,False,False,True,Alphaproteobacteria,Alphaproteobacteria,True,True,True,Proteobacteria,Pseudomonadota,True,True,True
e52eb9b81be103823dae2b735dafea6f,366,0.9932,0.0,midas_g_110657,Clostridium,False,False,False,Haloplasmataceae,Clostridiaceae,False,True,True,Haloplasmatales,Eubacteriales,False,True,True,Bacilli,Clostridia,False,True,True,Firmicutes,Bacillota,True,True,True
8b024b5e9fd085be8d302e0fe7eb1da6,374,0.9927,0.0,Neochlamydia,,False,False,True,Parachlamydiaceae,Simkaniaceae,False,True,True,Chlamydiales,Parachlamydiales,False,True,True,Chlamydiae,Chlamydiia,False,False,True,Verrucomicrobiota,Chlamydiota,False,True,True
5991e2c541e0896df6ced29abbf2edf2,374,0.9961,0.0,Symbiobacterium,Symbiobacterium,True,True,True,Symbiobacteraceae,Symbiobacteriaceae,False,False,True,Symbiobacteriales,Eubacteriales,False,False,True,Symbiobacteriia,Clostridia,False,False,True,Firmicutes,Bacillota,True,True,True
353d319546f0e234f4b2e8d876cfc7e0,372,0.9937,0.0,nan,,False,False,False,Hungateiclostridiaceae,Oscillospiraceae,False,False,True,Oscillospirales,Eubacteriales,False,False,True,Clostridia,Clostridia,True,True,True,Firmicutes,Bacillota,True,True,True
68df70d4bee099629f704201f7295b5d,384,0.999,0.0,Acetobacterium,Acetobacterium,True,True,True,Eubacteriaceae,Eubacteriaceae,True,True,True,Eubacteriales,Eubacteriales,True,True,True,Clostridia,Clostridia,True,True,True,Firmicutes,Bacillota,True,True,True
87f7d4bd46de8532433f5041d4803e7d,370,0.9917,0.0,midas_g_2229,Succinatimonas,False,False,False,Eubacteriaceae,Succinivibrionaceae,False,False,True,Eubacteriales,Aeromonadales,False,True,True,Clostridia,Gammaproteobacteria,False,True,True,Firmicutes,Pseudomonadota,False,True,True
3c177efebf59a3bd5000040f101bb1bf,374,0.9985,,,Desulfosporosinus,False,False,False,,Desulfitobacteriaceae,False,False,False,,Eubacteriales,False,False,False,,Clostridia,False,False,False,,Bacillota,False,False,False
816049bb0d04d104e9bc79d797b7b2e9,387,0.999,0.0,Petrimonas,Petrimonas,True,True,True,Dysgonomonadaceae,Dysgonomonadaceae,True,True,True,Bacteroidales,Bacteroidales,True,True,True,Bacteroidia,Bacteroidia,True,True,True,Bacteroidota,Bacteroidota,True,True,True
e01570517d009e1f5e5443a9dd58a231,372,1.0,0.0,nan,Clostridium,False,False,False,Clostridiaceae,Clostridiaceae,True,True,True,Clostridiales,Eubacteriales,False,False,True,Clostridia,Clostridia,True,True,True,Firmicutes,Bacillota,True,True,True
aa61e61d77b1c5238145c9b2cabdb9d5,391,0.9814,0.0,EBM-39,,False,False,True,Synergistaceae,,False,False,True,Synergistales,,False,False,True,Synergistia,,False,False,True,Synergistota,Actinomycetota,False,False,True
999c957beee975a83be3857c1d8051a5,391,0.9966,0.0,EBM-39,,False,False,True,Synergistaceae,,False,True,True,Synergistales,,False,True,True,Synergistia,,False,True,True,Synergistota,Candidatus Cloacimonadota,False,True,True
c6d1c8a43afe01b7401a3595ad0a5640,374,0.999,,,,False,False,False,,,False,False,False,,,False,False,False,,Chloroflexia,False,False,False,,Chloroflexota,False,False,False
cb1e3bce988edfd40e886c602d0acd01,373,0.9951,,,,False,False,False,,,False,False,False,,,False,False,False,,,False,False,False,,Bacillota,False,False,False
1829dfc4952cc934524cf1d9b83df1fd,370,0.9961,,,,False,False,False,,Oscillospiraceae,False,False,False,,Eubacteriales,False,False,False,,Clostridia,False,False,False,,Bacillota,False,False,False
9105a12672d63787cb130b8396b7aa49,374,0.998,,,,False,False,False,,,False,False,False,,,False,False,False,,,False,False,False,,Candidatus Berkelbacteria,False,False,False
d03ed14bb4de457c674f898a173d7a62,374,0.9995,,,,False,False,False,,,False,False,False,,,False,False,False,,,False,False,False,,Candidatus Hydrogenedentota,False,False,False
aee2ddec1683cea5bb29ee17e5f48146,369,0.9985,,,,False,False,False,,,False,False,False,,,False,False,False,,,False,False,False,,Bacillota,False,False,False
0a348490a85ea594e34f9fa851e6f2bf,374,0.9961,,,,False,False,False,,Syntrophomonadaceae,False,False,False,,Eubacteriales,False,False,False,,Clostridia,False,False,False,,Bacillota,False,False,False
322e95dcad281978b9f9a97b4bf2b743,373,0.999,,,Novosphingobium,False,False,False,,Sphingomonadaceae,False,False,False,,Sphingomonadales,False,False,False,,Alphaproteobacteria,False,False,False,,Pseudomonadota,False,False,False
09f97db7adedc038758fca116724698f,370,1.0,,,,False,False,False,,Bacteroidaceae,False,False,False,,Bacteroidales,False,False,False,,Bacteroidia,False,False,False,,Bacteroidota,False,False,False
a5430f5f1cd228c78aa55db13ff1fa92,370,1.0,,,Nanosynbacter,False,False,False,,Nanosynbacteraceae,False,False,False,,Nanosynbacterales,False,False,False,,Nanosynbacteria,False,False,False,,Minisyncoccota,False,False,False
140e40cb48f1dfbda216a1267bb28fc5,374,1.0,,,,False,False,False,,Lysobacteraceae,False,False,False,,Lysobacterales,False,False,False,,Gammaproteobacteria,False,False,False,,Pseudomonadota,False,False,False
792040cc8d230edf3da4ec44c575fe75,370,0.9985,,,,False,False,False,,Anaerolineaceae,False,False,False,,Anaerolineales,False,False,False,,Anaerolineae,False,False,False,,Chloroflexota,False,False,False
01d2438fd05e3e4b8f94143439665583,374,0.9966,0.0,nan,,False,False,False,midas_f_112,Christensenellaceae,False,False,False,MBA03,Christensenellales,False,False,True,Limnochordia,Clostridia,False,False,True,Firmicutes,Bacillota,True,True,True
b4551c091eadcf47d15aad6921457f76,371,0.9961,0.0,Syner-01,,False,False,True,Synergistaceae,,False,True,True,Synergistales,,False,True,True,Synergistia,Spirochaetia,False,True,True,Synergistota,Spirochaetota,False,True,True
aee6434397d2afe4adc1c9d2ba8927a4,392,0.9858,0.0,Bacteroides,Chryseobacterium,False,True,True,Bacteroidaceae,Weeksellaceae,False,True,True,Bacteroidales,Flavobacteriales,False,True,True,Bacteroidia,Flavobacteriia,False,True,True,Bacteroidota,Bacteroidota,True,True,True
295de38d6dd13acd267eae051374671f,370,0.9922,0.0,Desulfovibrio,Desulfolutivibrio,False,False,True,Desulfovibrionaceae,Desulfovibrionaceae,True,True,True,Desulfovibrionales,Desulfovibrionales,True,True,True,Desulfovibrionia,Desulfovibrionia,True,True,True,Desulfobacterota,Thermodesulfobacteriota,False,False,True
3eca9c3ddfcd1664d37b708370ae7a05,373,0.9961,,,Clostridium,False,False,False,,Clostridiaceae,False,False,False,,Eubacteriales,False,False,False,,Clostridia,False,False,False,,Bacillota,False,False,False
ba6bc4c3f11394ddeb20d0be26876b26,389,0.9941,0.0,EBM-39,,False,False,True,Synergistaceae,,False,False,True,Synergistales,,False,True,True,Synergistia,,False,True,True,Synergistota,Synergistota,True,True,True
24dce07cef9924ddcdee5af002e38965,371,0.998,0.0,Syner-01,,False,False,True,Synergistaceae,,False,True,True,Synergistales,Synergistales,True,True,True,Synergistia,Synergistia,True,True,True,Synergistota,Synergistota,True,True,True
242a3a783392eec5c227518358c4dc88,371,0.9976,0.0,Desulfovibrio,Nitratidesulfovibrio,False,True,True,Desulfovibrionaceae,Desulfovibrionaceae,True,True,True,Desulfovibrionales,Desulfovibrionales,True,True,True,Desulfovibrionia,Desulfovibrionia,True,True,True,Desulfobacterota,Thermodesulfobacteriota,False,False,True
601d70854057d4d8e94070f73350d797,369,0.9951,0.0,Syner-01,,False,False,True,Synergistaceae,,False,True,True,Synergistales,,False,True,True,Synergistia,,False,True,True,Synergistota,,False,True,True
68961d428c4c1a26c72ee58ffe940b99,373,0.9971,0.0,UCG-009,Acidaminobacterium,False,False,True,Butyricicoccaceae,Oscillospiraceae,False,False,True,Oscillospirales,Eubacteriales,False,False,True,Clostridia,Clostridia,True,True,True,Firmicutes,Bacillota,True,True,True
96081852258501d40fba8d2ddf0541ac,374,0.9985,,,,False,False,False,,,False,False,False,,,False,False,False,,,False,False,False,,,False,False,False
fe53e16940fd4ac540adc0d7c5d73841,374,1.0,0.0,Enterococcus,Enterococcus,True,True,True,Enterococcaceae,Enterococcaceae,True,True,True,Lactobacillales,Lactobacillales,True,True,True,Bacilli,Bacilli,True,True,True,Firmicutes,Bacillota,True,True,True
25f1616a67bfdd13341e589345005a90,390,0.9888,0.0,Mesotoga,,False,True,True,Kosmotogaceae,Veillonellaceae,False,True,True,Kosmotogales,Veillonellales,False,True,True,Thermotogae,Negativicutes,False,True,True,Thermotogota,Bacillota,False,True,True
6ccc148642fc55d9ec07d0d348c37148,372,0.9946,0.0,midas_g_36215,,False,False,False,Rikenellaceae,,False,True,True,Bacteroidales,,False,True,True,Bacteroidia,,False,True,True,Bacteroidota,candidate division WWE3,False,True,True
43304902c7de62a1f0749eba6553c3cd,374,0.9971,0.0,Dehalobacterium,Dehalobacterium,True,True,True,Peptococcaceae,Peptococcaceae,True,True,True,Peptococcales,Eubacteriales,False,False,True,Clostridia,Clostridia,True,True,True,Firmicutes,Bacillota,True,True,True
abe0e2740f8459c2e33550945597567d,371,0.9927,0.0,midas_g_19829,Caloramator,False,False,False,Caloramatoraceae,Clostridiaceae,False,False,True,Clostridiales,Eubacteriales,False,False,True,Clostridia,Clostridia,True,True,True,Firmicutes,Bacillota,True,True,True
c54b395391b209a66c6f285b4c84bb60,374,0.9985,0.0,Christensenellaceae_R-7_group,,False,False,True,Christensenellaceae,,False,False,True,Christensenellales,Christensenellales,True,True,True,Clostridia,Clostridia,True,True,True,Firmicutes,Bacillota,True,True,True
391d30262cc3dea9747cbbc8eddf9f07,374,0.9995,0.0,midas_g_2178,,False,False,False,midas_f_1469,,False,False,False,SBR1031,Bryobacterales,False,False,True,Anaerolineae,Terriglobia,False,True,True,Chloroflexi,Acidobacteriota,False,True,True
e55e48fe52d8325396d7b7a722adba80,372,0.9946,0.0,Proteiniphilum,Fermentimonas,False,True,True,Dysgonomonadaceae,Dysgonomonadaceae,True,True,True,Bacteroidales,Bacteroidales,True,True,True,Bacteroidia,Bacteroidia,True,True,True,Bacteroidota,Bacteroidota,True,True,True
794d1f76593fbe8de481cb6027cffe80,375,0.9907,0.0,Lentimicrobium,,False,True,True,Lentimicrobiaceae,,False,True,True,Sphingobacteriales,,False,False,True,Bacteroidia,Actinomycetes,False,True,True,Bacteroidota,Actinomycetota,False,True,True
f8eaa371a95b49c4c6842bbec4b4da5f,374,0.9985,0.0,nan,,False,False,False,Hungateiclostridiaceae,,False,False,True,Oscillospirales,Victivallales,False,False,True,Clostridia,Lentisphaeria,False,True,True,Firmicutes,Lentisphaerota,False,True,True
817de57245c782e0e938fdb195cd7aa1,391,0.9819,0.0,Petrimonas,Alistipes,False,False,True,Dysgonomonadaceae,Rikenellaceae,False,False,True,Bacteroidales,Bacteroidales,True,True,True,Bacteroidia,Bacteroidia,True,True,True,Bacteroidota,Bacteroidota,True,True,True
ee983542287b2fabba9e4ee88472a44a,389,0.9951,0.0,midas_g_9269,,False,False,False,Paludibacteraceae,,False,False,True,Bacteroidales,,False,True,True,Bacteroidia,,False,True,True,Bacteroidota,Bacteroidota,True,True,True
f5ec59d59b201d9d82b91bbfb69dc2fc,370,0.998,0.0,nan,Sediminibacterium,False,False,False,Chitinophagaceae,Chitinophagaceae,True,True,True,Chitinophagales,Chitinophagales,True,True,True,Bacteroidia,Chitinophagia,False,False,True,Bacteroidota,Bacteroidota,True,True,True
0c3fbf81fa504f4fc2603e504474a1bf,374,0.998,0.0,Christensenellaceae_R-7_group,,False,False,True,Christensenellaceae,Christensenellaceae,True,True,True,Christensenellales,Christensenellales,True,True,True,Clostridia,Clostridia,True,True,True,Firmicutes,Bacillota,True,True,True
71f4b4a0a56c9a9b81c740f6e3a18596,391,0.9966,0.0,LNR_A2-18,,False,False,True,Cloacimonadaceae,,False,False,True,Cloacimonadales,,False,False,True,Cloacimonadia,,False,False,True,Cloacimonadota,Candidatus Cloacimonadota,False,False,True
af4077b83626bed3fca2dfbdf7cb9f90,371,0.998,0.0,Proteiniborus,Proteiniborus,True,True,True,Proteiniboraceae,,False,False,True,Peptostreptococcales-Tissierellales,Eubacteriales,False,False,True,Clostridia,Clostridia,True,True,True,Firmicutes,Bacillota,True,True,True
d27b2ff4d26d2899600e9921c2e925f6,373,0.9971,0.0,midas_g_118620,Mycobacterium,False,False,False,Sporomusaceae,Mycobacteriaceae,False,True,True,Veillonellales-Selenomonadales,Mycobacteriales,False,False,True,Negativicutes,Actinomycetes,False,True,True,Firmicutes,Actinomycetota,False,True,True
b6659ef305819aabacf82fa333d503b6,366,0.9937,0.0,midas_g_25511,,False,False,False,Prototheca_moriformis,,False,False,True,Chloroplast,,False,False,True,Cyanobacteriia,,False,False,True,Cyanobacteria,Bacteroidota,False,False,True
d580dfb68684d8bcb4505d85be36a809,374,0.999,0.0,Syntrophomonas,,False,True,True,Syntrophomonadaceae,Syntrophomonadaceae,True,True,True,Syntrophomonadales,Eubacteriales,False,False,True,Syntrophomonadia,Clostridia,False,False,True,Firmicutes,Bacillota,True,True,True
50420826a4434507209193c117f54130,375,0.9995,0.0,midas_g_8983,,False,False,False,midas_f_67,,False,False,False,Saccharimonadales,,False,False,True,Saccharimonadia,,False,False,True,Patescibacteria,Candidatus Nomuraibacteriota,False,False,True
82fc6e36dd2370048db2e2b7f02fd189,374,0.998,0.0,Dethiobacter,Dethiobacter,True,True,True,Dethiobacteraceae,Dethiobacteraceae,True,True,True,Dethiobacterales,Dethiobacterales,True,True,True,Dethiobacteria,Dethiobacteria,True,True,True,Firmicutes,Bacillota,True,True,True
bc7d170b9edc9c345a358fc773c260e7,372,1.0,0.0,midas_g_92634,,False,False,False,midas_f_83150,,False,False,False,Bacillales,,False,False,True,Bacilli,,False,True,True,Firmicutes,Bacteroidota,False,True,True
2b21fc8c9a472bcf2441c9c063baaf0a,374,0.9985,0.0,Pelolinea,,False,False,True,Anaerolineaceae,,False,True,True,Anaerolineales,,False,True,True,Anaerolineae,,False,True,True,Chloroflexi,Chloroflexota,True,True,True
fe243279a53940656a0d4289ddc3ea66,374,0.9976,0.0,Caldicoprobacter,Gracilibacter,False,False,True,Caldicoprobacteraceae,Gracilibacteraceae,False,False,True,Caldicoprobacterales,Eubacteriales,False,False,True,Clostridia,Clostridia,True,True,True,Firmicutes,Bacillota,True,True,True
cb21ad21e6f1b6e4e388eec09350d8dc,376,0.9893,0.0,midas_g_4677,,False,False,False,midas_f_1071,Isosphaeraceae,False,False,False,midas_o_1071,Isosphaerales,False,False,False,Planctomycetes,Planctomycetia,False,False,True,Planctomycetota,Planctomycetota,True,True,True
40862b63dd0defe1fb1cbc9991f5f089,375,1.0,0.0,midas_g_50127,,False,False,False,midas_f_50127,,False,False,False,midas_o_46506,,False,False,False,Berkelbacteria,,False,False,True,Patescibacteria,,False,False,True
6a4bca8a699c143a04caf781f0c1763c,374,0.9976,0.0,Rubrobacter,Rubrobacter,True,True,True,Rubrobacteriaceae,Rubrobacteraceae,False,False,True,Rubrobacterales,Rubrobacterales,True,True,True,Rubrobacteria,Rubrobacteria,True,True,True,Actinobacteriota,Actinomycetota,False,False,True
64726048843aad3c93d620cd9e0479ad,366,0.9961,0.0,Nannochloropsis_limnetica,,False,False,True,Mitochondria,,False,False,True,Rickettsiales,Nitrosopumilales,False,False,True,Alphaproteobacteria,Nitrososphaeria,False,True,True,Proteobacteria,Nitrososphaerota,False,True,True
b2fb53987643b4f865fb0a5912ee1071,366,0.9829,0.0,nan,Mesoflavibacter,False,False,False,nan,Flavobacteriaceae,False,False,False,nan,Flavobacteriales,False,False,False,nan,Flavobacteriia,False,False,False,nan,Bacteroidota,False,False,False
d01bebdf4a5ff05dd53dc30d65556f60,373,0.9985,0.0,Roseomonas,Roseomonas,True,True,True,Acetobacteraceae,Roseomonadaceae,False,True,True,Acetobacterales,Acetobacterales,True,True,True,Alphaproteobacteria,Alphaproteobacteria,True,True,True,Proteobacteria,Pseudomonadota,True,True,True
cb0675920de285932e554b08f1db3466,370,0.9932,0.0,midas_g_7542,,False,False,False,midas_f_944,,False,False,False,SBR1031,,False,False,True,Anaerolineae,,False,True,True,Chloroflexi,Chloroflexota,True,True,True
28e3c3f751b7e166668665449ef80ec9,374,1.0,0.0,midas_g_67928,Phormidium,False,False,False,midas_f_29625,Oscillatoriaceae,False,False,False,Chloroplast,Oscillatoriales,False,False,True,Cyanobacteriia,Cyanophyceae,False,False,True,Cyanobacteria,Cyanobacteriota,False,False,True
76612bcedbaf761367a3d047ebafd7b6,375,0.9961,0.0,midas_g_59024,,False,False,False,Auxenochlorella_protothecoides,,False,False,True,Chloroplast,,False,False,True,Cyanobacteriia,Gammaproteobacteria,False,False,True,Cyanobacteria,Pseudomonadota,False,False,True
d232fae99923ef2ca92f6afbc004f379,374,0.9956,0.0,midas_g_41560,,False,False,False,Oligoflexaceae,,False,True,True,Oligoflexales,,False,True,True,Oligoflexia,Oligoflexia,True,True,True,Bdellovibrionota,Bdellovibrionota,True,True,True
1149a5d0986a0fc3bf7a7a9057b0e033,374,0.9956,0.0,HN-HF0106,Ruminiclostridium,False,False,True,Hungateiclostridiaceae,Oscillospiraceae,False,False,True,Oscillospirales,Eubacteriales,False,False,True,Clostridia,Clostridia,True,True,True,Firmicutes,Bacillota,True,True,True
a42640f848385634aa76ce36a39e3707,375,0.9971,0.0,midas_g_1936,,False,False,False,Fimbriimonadaceae,Fimbriimonadaceae,True,True,True,Fimbriimonadales,Fimbriimonadales,True,True,True,Fimbriimonadia,Fimbriimonadia,True,True,True,Armatimonadota,Armatimonadota,True,True,True
84983b37bd3b85c6b96d3a4ea0ff2bbd,373,1.0,0.0,Ruminococcus,Ruminococcus,True,True,True,Ruminococcaceae,Oscillospiraceae,False,False,True,Oscillospirales,Eubacteriales,False,False,True,Clostridia,Clostridia,True,True,True,Firmicutes,Bacillota,True,True,True
79f4b4c69c43f9fc726deee40b36d3f3,376,0.9976,0.0,midas_g_2842,,False,False,False,Flexifilaceae,,False,False,True,SBR1031,,False,False,True,Anaerolineae,,False,True,True,Chloroflexi,Chloroflexota,True,True,True
b3848fcb6cb7ac786f17897a46e4a681,373,0.9961,0.0,midas_g_40543,,False,False,False,Christensenellaceae,,False,True,True,Christensenellales,Christensenellales,True,True,True,Clostridia,Clostridia,True,True,True,Firmicutes,Bacillota,True,True,True
dd0416fffbca05a27400d18805e182d9,374,0.9961,0.0,midas_g_95534,,False,False,False,Peptococcaceae,,False,False,True,Peptococcales,,False,False,True,Clostridia,,False,True,True,Firmicutes,Bacillota,True,True,True
2481a293c5dffa73e03136fa6efdff28,374,0.9937,0.0,midas_g_26258,,False,False,False,midas_f_3092,,False,False,False,0319-6G20,,False,False,True,Oligoflexia,Oligoflexia,True,True,True,Bdellovibrionota,Bdellovibrionota,True,True,True
3aa84206bcf663e8de0f75e1bb5b2ba6,376,0.9956,0.0,midas_g_49392,,False,False,False,Prototheca_wickerhamii,,False,False,True,Chloroplast,,False,False,True,Cyanobacteriia,,False,False,True,Cyanobacteria,Bacteroidota,False,False,True
0a9e32a90e0c0e68cfe004e73a2ac7dd,374,0.9932,0.0,nan,,False,False,False,nan,,False,False,False,nan,,False,False,False,nan,,False,False,False,nan,Thermodesulfobacteriota,False,False,False
a681fb02342fb54c83839d35541047fd,374,0.9966,0.0,midas_g_19557,,False,False,False,midas_f_14137,,False,False,False,midas_o_14137,,False,False,False,midas_c_14137,,False,False,False,Patescibacteria,,False,False,True
eb39035aa8ec3916e81ca8fc6b2cbc00,372,0.9956,0.0,Phaselicystis,,False,False,True,Phaselicystidaceae,,False,False,True,Polyangiales,,False,False,True,Polyangia,,False,False,True,Myxococcota,Myxococcota,True,True,True
9fb275ed81ecc69dd2c2cf775d20f252,373,0.9971,0.0,midas_g_667,,False,False,False,Amarolineaceae,,False,False,True,C10-SB1A,,False,False,True,Anaerolineae,Chloroflexia,False,True,True,Chloroflexi,Chloroflexota,True,True,True
f9592d197b4e8b201673245f0501b6b3,374,0.9951,0.0,Symbiobacterium,Symbiobacterium,True,True,True,Symbiobacteraceae,Symbiobacteriaceae,False,False,True,Symbiobacteriales,Eubacteriales,False,False,True,Symbiobacteriia,Clostridia,False,False,True,Firmicutes,Bacillota,True,True,True
fbea683698f9faa406733b0ef72a45b8,372,0.9951,0.0,midas_g_4464,,False,False,False,TC1,,False,False,True,Desulfitobacteriales,,False,False,True,Desulfitobacteriia,,False,False,True,Firmicutes,Bacillota,True,True,True
2d7ac92616f87949dfaf73e74e7d61ef,370,1.0,0.0,Paludibacter,Paludibacter,True,True,True,Paludibacteraceae,Paludibacteraceae,True,True,True,Bacteroidales,Bacteroidales,True,True,True,Bacteroidia,Bacteroidia,True,True,True,Bacteroidota,Bacteroidota,True,True,True
dfba8e8bfc169f25150d154a466d4477,372,0.999,0.0,Aminomonas,Aminomonas,True,True,True,Synergistaceae,Synergistaceae,True,True,True,Synergistales,Synergistales,True,True,True,Synergistia,Synergistia,True,True,True,Synergistota,Synergistota,True,True,True
b35b4cb81d7c54205db79368125f511b,374,0.999,,,,False,False,False,,,False,False,False,,,False,False,False,,Clostridia,False,False,False,,Bacillota,False,False,False
d0282de15fd06b64876273663703c3b5,373,0.998,0.0,midas_g_6090,,False,False,False,Acetobacteraceae,,False,True,True,Acetobacterales,,False,True,True,Alphaproteobacteria,Alphaproteobacteria,True,True,True,Proteobacteria,Pseudomonadota,True,True,True
4f3686ad1491f35d467e4d518b1a239a,375,0.9995,0.0,midas_g_12984,,False,False,False,Vermiphilaceae,,False,False,True,Babeliales,,False,False,True,Babeliae,,False,False,True,Dependentiae,Pseudomonadota,False,False,True
dc960b31bf96a79c812f9e13fe5b26aa,374,0.9971,0.0,Monoglobus,,False,False,True,Monoglobaceae,,False,False,True,Monoglobales,,False,False,True,Clostridia,Clostridia,True,True,True,Firmicutes,Bacillota,True,True,True
e0ef60d7b52825a7bb99db1975db2d1b,370,1.0,0.0,Gordonibacter,Gordonibacter,True,True,True,Eggerthellaceae,Eggerthellaceae,True,True,True,Coriobacteriales,Eggerthellales,False,True,True,Coriobacteriia,Coriobacteriia,True,True,True,Actinobacteriota,Actinomycetota,False,False,True
0f6ba75546154e59b7668ab1ac86514b,377,0.9888,0.0,midas_g_114284,,False,False,False,midas_f_796,,False,False,False,midas_o_796,Acidimicrobiales,False,False,False,midas_c_796,Acidimicrobiia,False,False,False,WS1,Actinomycetota,False,False,True
4d36e0d0050d301d2a3d040d04521b20,374,0.999,0.0,midas_g_84525,,False,False,False,midas_f_5245,,False,False,False,midas_o_5245,,False,False,False,Berkelbacteria,,False,False,True,Patescibacteria,,False,False,True
20ec21b915216e00b9af8785dba05efd,374,0.9966,0.0,Pir4_lineage,,False,False,True,Pirellulaceae,Thermoguttaceae,False,True,True,Pirellulales,Pirellulales,True,True,True,Planctomycetes,Planctomycetia,False,False,True,Planctomycetota,Planctomycetota,True,True,True
92fdfef3564a875350627fe95d5fa6e2,374,0.9985,0.0,Syntrophobacter,,False,True,True,Syntrophobacteraceae,Syntrophobacteraceae,True,True,True,Syntrophobacterales,Syntrophobacterales,True,True,True,Syntrophobacteria,Syntrophobacteria,True,True,True,Desulfobacterota,Thermodesulfobacteriota,False,False,True
731b491457472e36422564468f57fa8c,373,1.0,0.0,Klebsiella,Klebsiella,True,True,True,Enterobacteriaceae,Enterobacteriaceae,True,True,True,Enterobacterales,Enterobacterales,True,True,True,Gammaproteobacteria,Gammaproteobacteria,True,True,True,Proteobacteria,Pseudomonadota,True,True,True
d21206f5365da44b1152796d3281ae34,370,0.9951,0.0,midas_g_26284,,False,False,False,Prolixibacteraceae,Prolixibacteraceae,True,True,True,Bacteroidales,Marinilabiliales,False,True,True,Bacteroidia,Bacteroidia,True,True,True,Bacteroidota,Bacteroidota,True,True,True
17dea85edcc6610a7d772d73ea780461,374,0.9966,0.0,midas_g_25114,Cronobacter,False,False,False,WD2101_soil_group,Enterobacteriaceae,False,False,True,Tepidisphaerales,Enterobacterales,False,True,True,Phycisphaerae,Gammaproteobacteria,False,True,True,Planctomycetota,Pseudomonadota,False,True,True
0e4fb8a4429348304afe0d042e3cb39a,372,1.0,0.0,midas_g_40289,,False,False,False,Rhodobacteraceae,Aestuariivirgaceae,False,False,True,Rhodobacterales,Hyphomicrobiales,False,False,True,Alphaproteobacteria,Alphaproteobacteria,True,True,True,Proteobacteria,Pseudomonadota,True,True,True
46955cdee4a523b064ae2ab0d337deb8,372,0.9995,0.0,Paracoccus,Paracoccus,True,True,True,Rhodobacteraceae,Paracoccaceae,False,False,True,Rhodobacterales,Rhodobacterales,True,True,True,Alphaproteobacteria,Alphaproteobacteria,True,True,True,Proteobacteria,Pseudomonadota,True,True,True
46a7a599e8da21433062d78516158149,373,0.9946,0.0,Legionella,Legionella,True,True,True,Legionellaceae,Legionellaceae,True,True,True,Legionellales,Legionellales,True,True,True,Gammaproteobacteria,Gammaproteobacteria,True,True,True,Proteobacteria,Pseudomonadota,True,True,True
7adc00fdff504740098679e91cb6844d,375,0.9961,0.0,midas_g_102589,,False,False,False,midas_f_1092,,False,False,False,midas_o_1092,,False,False,False,RBG-16-55-12,,False,False,True,Actinobacteriota,,False,False,True
a9135a4ec3c5575c45a925bfaa528201,370,0.9941,0.0,midas_g_98823,,False,False,False,Brevinemataceae,,False,False,True,Brevinematales,Brevinematales,True,True,True,Brevinematia,Spirochaetia,False,False,True,Spirochaetota,Spirochaetota,True,True,True
ac3f05517b1b612528747e13dde51f63,373,1.0,0.0,Eubacterium_ruminantium_group,,False,False,True,Lachnospiraceae,Lachnospiraceae,True,True,True,Lachnospirales,Lachnospirales,True,True,True,Clostridia,Clostridia,True,True,True,Firmicutes,Bacillota,True,True,True
2496952100a88c88466683710edf34ba,374,0.998,0.0,Herbinix,,False,True,True,Lachnospiraceae,Lachnospiraceae,True,True,True,Lachnospirales,Lachnospirales,True,True,True,Clostridia,Clostridia,True,True,True,Firmicutes,Bacillota,True,True,True
dba7c05b3998a0053a7ebd17f124a3c0,393,0.9922,0.0,Stappia,,False,False,True,Stappiaceae,,False,False,True,Rhizobiales,Hyphomicrobiales,False,False,True,Alphaproteobacteria,Alphaproteobacteria,True,True,True,Proteobacteria,Pseudomonadota,True,True,True
e9e94fc2ed8a07e91e51f4bac68316c2,374,0.9995,0.0,Desulfobacca,,False,False,True,Desulfobaccaceae,,False,False,True,Desulfobaccales,,False,True,True,Desulfobaccia,Deltaproteobacteria,False,True,True,Desulfobacterota,,False,False,True
14a2bb3f27bd325f767bee3f35dec36e,374,0.9951,0.0,nan,,False,False,False,nan,,False,False,False,nan,,False,False,False,Gammaproteobacteria,Gammaproteobacteria,True,True,True,Proteobacteria,Pseudomonadota,True,True,True
668b888b470fb300314dd012a056e5ea,374,0.9995,0.0,Sporosarcina,Hymenobacter,False,True,True,Planococcaceae,Hymenobacteraceae,False,False,True,Bacillales,Cytophagales,False,False,True,Bacilli,Cytophagia,False,True,True,Firmicutes,Bacteroidota,False,True,True
cefc5e0aafd4478065e1ffd5c5ad5f28,373,0.9951,0.0,Arcobacter,Arcobacter,True,True,True,Arcobacteraceae,Arcobacteraceae,True,True,True,Campylobacterales,Campylobacterales,True,True,True,Campylobacteria,Epsilonproteobacteria,False,False,True,Campylobacterota,Campylobacterota,True,True,True
e0242f522a0ad486d4a1822dc29289ca,375,0.9971,0.0,Jatrophihabitans,,False,False,True,Frankiaceae,,False,False,True,Frankiales,,False,False,True,Actinobacteria,,False,False,True,Actinobacteriota,Actinomycetota,False,False,True
7f649b584c7c54e647d5e552eb59cb76,393,0.9937,0.0,Desulfosporosinus,,False,False,True,Desulfitobacteriaceae,,False,False,True,Desulfitobacteriales,,False,False,True,Desulfitobacteriia,Clostridia,False,False,True,Firmicutes,Bacillota,True,True,True
feec8d91c6be13d10b577e62ebd689e9,389,0.9976,0.0,Romboutsia,,False,True,True,Peptostreptococcaceae,,False,True,True,Peptostreptococcales-Tissierellales,,False,False,True,Clostridia,Clostridia,True,True,True,Firmicutes,Bacillota,True,True,True
7ad290ae94d2ece8c7e76f06f4c89d34,372,0.999,0.0,Pannonibacter,Pannonibacter,True,True,True,Stappiaceae,Stappiaceae,True,True,True,Rhizobiales,Hyphomicrobiales,False,False,True,Alphaproteobacteria,Alphaproteobacteria,True,True,True,Proteobacteria,Pseudomonadota,True,True,True
a65a5fa6d26c4133ed7fb665dbaba532,373,1.0,0.0,Sphingomonas,Sphingomonas,True,True,True,Sphingomonadaceae,Sphingomonadaceae,True,True,True,Sphingomonadales,Sphingomonadales,True,True,True,Alphaproteobacteria,Alphaproteobacteria,True,True,True,Proteobacteria,Pseudomonadota,True,True,True
3a0635f007892aed36fc53868d002162,388,0.9927,0.0,Sporanaerobacter,Bacillus,False,False,True,Family_XI,Bacillaceae,False,False,True,Peptostreptococcales-Tissierellales,Caryophanales,False,False,True,Clostridia,Bacilli,False,True,True,Firmicutes,Bacillota,True,True,True
9c245301ea193d71d9c453f4e53f8f6d,375,0.9961,0.0,nan,Pelotomaculum,False,False,False,Pelotomaculaceae,Desulfotomaculaceae,False,False,True,Desulfotomaculales,Eubacteriales,False,False,True,Desulfotomaculia,Clostridia,False,False,True,Firmicutes,Bacillota,True,True,True
290c53e2ab49cb54ec8f1c237184556f,374,0.9961,0.0,nan,Dehalobacterium,False,False,False,Peptococcaceae,Peptococcaceae,True,True,True,Peptococcales,Eubacteriales,False,False,True,Clostridia,Clostridia,True,True,True,Firmicutes,Bacillota,True,True,True
b3a9e61964951469555c029385db09e2,389,0.9971,0.0,Brevundimonas,Brevundimonas,True,True,True,Caulobacteraceae,Caulobacteraceae,True,True,True,Caulobacterales,Caulobacterales,True,True,True,Alphaproteobacteria,Alphaproteobacteria,True,True,True,Proteobacteria,Pseudomonadota,True,True,True
b6b5e5891c1c9819c1c42c0699647fdc,371,0.9956,0.0,Alcaligenes,Allopusillimonas,False,False,True,Alcaligenaceae,Alcaligenaceae,True,True,True,Burkholderiales,Burkholderiales,True,True,True,Gammaproteobacteria,Betaproteobacteria,False,False,True,Proteobacteria,Pseudomonadota,True,True,True
946e45651fe55c77bfec78b5f0c9ac09,386,0.9917,0.0,Sedimentibacter,Clostridioides,False,False,True,Sedimentibacteraceae,Peptostreptococcaceae,False,False,True,Peptostreptococcales-Tissierellales,Peptostreptococcales,False,False,True,Clostridia,Clostridia,True,True,True,Firmicutes,Bacillota,True,True,True
9eee0b1e1482a3ec332f11704051bccb,372,0.9946,0.0,midas_g_94288,Lutispora,False,False,False,Lutispora,Lutisporaceae,False,False,True,Gracilibacteraceae,Lutisporales,False,False,True,Clostridia,Clostridia,True,True,True,Firmicutes,Bacillota,True,True,True
a0f6c74268278bbabab6228c59ca7f29,372,0.9946,0.0,nan,Salmonella,False,False,False,Enterobacteriaceae,Enterobacteriaceae,True,True,True,Enterobacterales,Enterobacterales,True,True,True,Gammaproteobacteria,Gammaproteobacteria,True,True,True,Proteobacteria,Pseudomonadota,True,True,True
228e919dd14ad58c598f5233e5a757cf,373,0.9976,,,Sporobacter,False,False,False,,Oscillospiraceae,False,False,False,,Eubacteriales,False,False,False,,Clostridia,False,False,False,,Bacillota,False,False,False
8a26d456ae3c3bae3168beac9c58f723,367,0.9971,,,,False,False,False,,,False,False,False,,,False,False,False,,,False,False,False,,Bacillota,False,False,False
223a97d643f3bf7a15933041059405f2,373,0.9917,,,,False,False,False,,Lachnospiraceae,False,False,False,,Lachnospirales,False,False,False,,Clostridia,False,False,False,,Bacillota,False,False,False
8e9ba9236465c21499bc3f40d74cc796,374,0.9995,,,,False,False,False,,,False,False,False,,,False,False,False,,,False,False,False,,Acidobacteriota,False,False,False
b0e58cfa126744dd348459cfe85bb1eb,369,1.0,,,Ignavibacterium,False,False,False,,Ignavibacteriaceae,False,False,False,,Ignavibacteriales,False,False,False,,Ignavibacteria,False,False,False,,Ignavibacteriota,False,False,False
ab3f4972f2d36d75c060ccd1bf1c534c,372,0.9995,,,Prosthecomicrobium,False,False,False,,Kaistiaceae,False,False,False,,Hyphomicrobiales,False,False,False,,Alphaproteobacteria,False,False,False,,Pseudomonadota,False,False,False
16530de0912f9d1b84d979205b00a1a2,373,1.0,,,Pseudomonas,False,False,False,,Pseudomonadaceae,False,False,False,,Pseudomonadales,False,False,False,,Gammaproteobacteria,False,False,False,,Pseudomonadota,False,False,False
cdf9c0d20f5126703fb280903f147bf1,370,0.9976,,,,False,False,False,,,False,False,False,,,False,False,False,,,False,False,False,,Bacteroidota,False,False,False
ec0e92aa742633fb5445587841b0d4ae,374,0.9946,,,Sphingobium,False,False,False,,Sphingobiaceae,False,False,False,,Sphingomonadales,False,False,False,,Alphaproteobacteria,False,False,False,,Pseudomonadota,False,False,False
a8344a3e067f4d413618e226f05fa43b,370,1.0,,,Cloacibacterium,False,False,False,,Weeksellaceae,False,False,False,,Flavobacteriales,False,False,False,,Flavobacteriia,False,False,False,,Bacteroidota,False,False,False
1581160c6777728d48e08fa9b5537a7f,368,1.0,,,Flavobacterium,False,False,False,,Flavobacteriaceae,False,False,False,,Flavobacteriales,False,False,False,,Flavobacteriia,False,False,False,,Bacteroidota,False,False,False
94979f1f99a94f739e3e4f3b449026c2,374,0.9956,,,,False,False,False,,Syntrophorhabdaceae,False,False,False,,Syntrophorhabdales,False,False,False,,Syntrophorhabdia,False,False,False,,Thermodesulfobacteriota,False,False,False
95d2aecfcf6ba465767aadd660dfaa23,374,0.9941,,,Cronobacter,False,False,False,,Enterobacteriaceae,False,False,False,,Enterobacterales,False,False,False,,Gammaproteobacteria,False,False,False,,Pseudomonadota,False,False,False
f22079a8db2be735754c3be1f019c806,370,1.0,,,,False,False,False,,,False,False,False,,Aggregatilineales,False,False,False,,Anaerolineae,False,False,False,,Chloroflexota,False,False,False
c9d950f94a43988a7a62630fcbb17f09,374,0.9937,0.0,nan,Acidaminobacterium,False,False,False,nan,Oscillospiraceae,False,False,False,nan,Eubacteriales,False,False,False,Clostridia,Clostridia,True,True,True,Firmicutes,Bacillota,True,True,True
41ce94f4a11ec070e9cc2b4aa6bd4586,371,0.999,0.0,Proteiniborus,Proteiniborus,True,True,True,Proteiniboraceae,,False,False,True,Peptostreptococcales-Tissierellales,Eubacteriales,False,False,True,Clostridia,Clostridia,True,True,True,Firmicutes,Bacillota,True,True,True
c505e41b90e3118dfaa54d8f1a81366a,372,0.9946,0.0,Proteiniphilum,,False,True,True,Dysgonomonadaceae,,False,True,True,Bacteroidales,,False,True,True,Bacteroidia,,False,True,True,Bacteroidota,,False,True,True
4a5aca254f681087750ca99527486cde,370,0.9946,0.0,nan,Nitratidesulfovibrio,False,False,False,Desulfovibrionaceae,Desulfovibrionaceae,True,True,True,Desulfovibrionales,Desulfovibrionales,True,True,True,Desulfovibrionia,Desulfovibrionia,True,True,True,Desulfobacterota,Thermodesulfobacteriota,False,False,True
c023b0699cefd63b6adc4f10e07249a5,371,0.9946,0.0,midas_g_35108,Atopobium,False,False,False,midas_f_20645,Atopobiaceae,False,False,False,RBG-13-54-9,Coriobacteriales,False,False,True,Anaerolineae,Coriobacteriia,False,True,True,Chloroflexi,Actinomycetota,False,True,True
dddc690438f5f26b73ce5b4b7366c9ba,375,0.9927,0.0,Methanobacterium,Methanobacterium,True,True,True,Methanobacteriaceae,Methanobacteriaceae,True,True,True,Methanobacteriales,Methanobacteriales,True,True,True,Methanobacteria,Methanobacteria,True,True,True,Euryarchaeota,Methanobacteriota,True,True,True
29883fe16dfa7fad85b04c037bb05601,395,0.9902,0.0,Methanobacterium,Methanobacterium,True,True,True,Methanobacteriaceae,Methanobacteriaceae,True,True,True,Methanobacteriales,Methanobacteriales,True,True,True,Methanobacteria,Methanobacteria,True,True,True,Euryarchaeota,Methanobacteriota,True,True,True
1b6a74219c50e2431e29f79c7759fe5c,387,0.999,0.0,Petrimonas,Petrimonas,True,True,True,Dysgonomonadaceae,Dysgonomonadaceae,True,True,True,Bacteroidales,Bacteroidales,True,True,True,Bacteroidia,Bacteroidia,True,True,True,Bacteroidota,Bacteroidota,True,True,True
78d8d3ec2ebd5e2a83e44647db0ce1a9,372,0.9971,0.0,Alcaligenes,,False,True,True,Alcaligenaceae,Alcaligenaceae,True,True,True,Burkholderiales,Burkholderiales,True,True,True,Gammaproteobacteria,Betaproteobacteria,False,False,True,Proteobacteria,Pseudomonadota,True,True,True
f8a7dfd610756eae88194f6b418f8083,391,0.9961,0.0,Colidextribacter,Flavonifractor,False,False,True,Oscillospiraceae,Oscillospiraceae,True,True,True,Oscillospirales,Eubacteriales,False,False,True,Clostridia,Clostridia,True,True,True,Firmicutes,Bacillota,True,True,True
0a4b2edd9bb1a0133befd0b4be2ae359,375,0.999,,,Leucobacter,False,False,False,,Microbacteriaceae,False,False,False,,Micrococcales,False,False,False,,Actinomycetes,False,False,False,,Actinomycetota,False,False,False
660f40fb879895aaa77f5058a5a1ddc5,374,0.998,,,,False,False,False,,,False,False,False,,,False,False,False,,,False,False,False,,Bacillota,False,False,False
004df64542e790b66bddce5295c5f9f2,374,0.9956,0.0,midas_g_91387,Tepidanaerobacter,False,False,False,Tepidanaerobacter,Tepidanaerobacteraceae,False,False,True,Thermovenabulales,Thermosediminibacterales,False,False,True,Thermovenabulia,Clostridia,False,False,True,Firmicutes,Bacillota,True,True,True
9ca522266700affe72ba707b3e043cd5,391,0.9966,,,Lutispora,False,False,False,,Lutisporaceae,False,False,False,,Lutisporales,False,False,False,,Clostridia,False,False,False,,Bacillota,False,False,False
342c9bed5ce5e945deb98ec33fe023b6,375,0.9995,0.0,midas_g_164,Brooklawnia,False,False,False,Propionibacteriaceae,Propionibacteriaceae,True,True,True,Propionibacteriales,Propionibacteriales,True,True,True,Actinobacteria,Actinomycetes,False,False,True,Actinobacteriota,Actinomycetota,False,False,True
35642394927b4d894a1ac8d30f690a93,372,0.9951,0.0,Syner-01,Cronobacter,False,False,True,Synergistaceae,Enterobacteriaceae,False,False,True,Synergistales,Enterobacterales,False,False,True,Synergistia,Gammaproteobacteria,False,False,True,Synergistota,Pseudomonadota,False,False,True
cbd22a346325bb16a23d31a6d4ba799e,374,0.9951,0.0,midas_g_6187,Clostridium,False,False,False,midas_f_6187,Clostridiaceae,False,False,False,Chthonomonadales,Eubacteriales,False,True,True,Chthonomonadetes,Clostridia,False,False,True,Armatimonadota,Bacillota,False,True,True
7cfaaff60469cc024becf6bcb47a479e,374,0.9985,0.0,midas_g_2178,,False,False,False,midas_f_1469,,False,False,False,SBR1031,Bryobacterales,False,False,True,Anaerolineae,Terriglobia,False,True,True,Chloroflexi,Acidobacteriota,False,True,True
45f9a7bf1f33e80fe813979280cdbfa3,377,0.999,,,,False,False,False,,,False,False,False,,Methanomassiliicoccales,False,False,False,,Thermoplasmata,False,False,False,,Thermoplasmatota,False,False,False
08bd59c0dd2f1976f90f4d752e6d414b,374,0.998,0.0,Ercella,,False,False,True,Hungateiclostridiaceae,,False,False,True,Oscillospirales,,False,False,True,Clostridia,Clostridia,True,True,True,Firmicutes,Bacillota,True,True,True
76bfb4e09e6ad08f8a206e9a5debe694,373,0.9961,0.0,NK4A214_group,,False,False,True,Oscillospiraceae,,False,True,True,Oscillospirales,Eubacteriales,False,False,True,Clostridia,Clostridia,True,True,True,Firmicutes,Bacillota,True,True,True
cad52ca14fa05a300867ec1db2173600,373,0.999,,,Sphingosinicella,False,False,False,,Sphingosinicellaceae,False,False,False,,Sphingomonadales,False,False,False,,Alphaproteobacteria,False,False,False,,Pseudomonadota,False,False,False
0bd4e9e692a18c6de4c1679291a3595a,374,0.999,0.0,midas_g_1312,,False,False,False,Syntrophomonadaceae,,False,True,True,Syntrophomonadales,,False,False,True,Syntrophomonadia,Clostridia,False,False,True,Firmicutes,Bacillota,True,True,True
393ff3cc732c5e98dfc18b434623f9e9,374,0.9995,,,Denitratimonas,False,False,False,,Lysobacteraceae,False,False,False,,Lysobacterales,False,False,False,,Gammaproteobacteria,False,False,False,,Pseudomonadota,False,False,False
e598afcbd515415253ea79ca19ae57d7,373,0.9961,0.0,Acinetobacter,Priestia,False,True,True,Moraxellaceae,Bacillaceae,False,True,True,Pseudomonadales,Caryophanales,False,False,True,Gammaproteobacteria,Bacilli,False,True,True,Proteobacteria,Bacillota,False,True,True
199c31b0eaa3d5012bbd210ced3e402f,372,0.9971,0.0,nan,,False,False,False,Christensenellaceae,,False,True,True,Christensenellales,Christensenellales,True,True,True,Clostridia,Clostridia,True,True,True,Firmicutes,Bacillota,True,True,True
0e81a770249139559c5cb218c03695f9,388,0.9971,0.0,Desulfovibrio,,False,True,True,Desulfovibrionaceae,,False,True,True,Desulfovibrionales,,False,True,True,Desulfovibrionia,,False,True,True,Desulfobacterota,,False,False,True
91bb0084d37461aa2ed60cba5a003fc4,395,0.9961,0.0,nan,Klebsiella,False,False,False,Enterobacteriaceae,Enterobacteriaceae,True,True,True,Enterobacterales,Enterobacterales,True,True,True,Gammaproteobacteria,Gammaproteobacteria,True,True,True,Proteobacteria,Pseudomonadota,True,True,True
57f1eccafbbc205af5c052d2942967e6,372,0.9971,0.0,nan,Pandoraea,False,False,False,nan,Burkholderiaceae,False,False,False,Burkholderiales,Burkholderiales,True,True,True,Gammaproteobacteria,Betaproteobacteria,False,True,True,Proteobacteria,Pseudomonadota,True,True,True
84f15f87dd256dbeaf017a4e75dd5cad,375,0.9946,0.0,Petrimonas,Petrimonas,True,True,True,Dysgonomonadaceae,Dysgonomonadaceae,True,True,True,Bacteroidales,Bacteroidales,True,True,True,Bacteroidia,Bacteroidia,True,True,True,Bacteroidota,Bacteroidota,True,True,True
248cd8f8ef49066c9ede7752a044b0ee,392,0.9829,0.0,Desulfovibrio,,False,False,True,Desulfovibrionaceae,,False,False,True,Desulfovibrionales,,False,False,True,Desulfovibrionia,,False,False,True,Desulfobacterota,Acidobacteriota,False,False,True
54e2ac902f306ae27ca844f44be5b425,365,0.9912,0.0,nan,Clostridium,False,False,False,nan,Clostridiaceae,False,False,False,nan,Eubacteriales,False,False,False,nan,Clostridia,False,False,False,nan,Bacillota,False,False,False
712e76a5d7842a97a23eda9641c3d251,373,0.9902,0.0,Methanobacterium,,False,True,True,Methanobacteriaceae,Methanobacteriaceae,True,True,True,Methanobacteriales,Methanobacteriales,True,True,True,Methanobacteria,Methanobacteria,True,True,True,Euryarchaeota,Methanobacteriota,True,True,True
0fada6a77d06dfe158c61acabd5851a8,374,0.9966,0.0,nan,,False,False,False,Peptococcaceae,,False,False,True,Peptococcales,,False,False,True,Clostridia,,False,True,True,Firmicutes,Bacillota,True,True,True
bd0dd34948cdbece22dc78b4556aa529,374,0.9932,0.0,nan,,False,False,False,midas_f_6226,,False,False,False,midas_o_6226,,False,False,False,midas_c_216,,False,False,False,Armatimonadota,,False,True,True
5bd290b8145c47c97f4b53595839a743,374,0.9917,0.0,nan,,False,False,False,AKAU3564_sediment_group,,False,False,True,Phycisphaerales,Phycisphaerales,True,True,True,Phycisphaerae,Phycisphaerae,True,True,True,Planctomycetota,Planctomycetota,True,True,True
8b15a3b964e89068f45a7b48912eb1b1,374,0.9956,0.0,midas_g_90254,,False,False,False,midas_f_112,,False,False,False,MBA03,,False,False,True,Limnochordia,,False,False,True,Firmicutes,Bacillota,True,True,True
9b9174d78b183d58e02083b8044f64af,374,0.9976,0.0,nan,,False,False,False,nan,,False,False,False,nan,Parachlamydiales,False,False,False,nan,Chlamydiia,False,False,False,nan,Chlamydiota,False,False,False
c5e8440cde07de1b358a2744fa0626e9,374,0.9932,,,,False,False,False,,,False,False,False,,,False,False,False,,Anaerolineae,False,False,False,,Chloroflexota,False,False,False
8f9f1230951b3b3b3d3fb12aa4ed0e8e,369,0.9897,0.0,nan,Flavobacterium,False,False,False,midas_f_43884,Flavobacteriaceae,False,False,False,midas_o_43884,Flavobacteriales,False,False,False,midas_c_43884,Flavobacteriia,False,False,False,midas_p_43884,Bacteroidota,False,False,False
1352933b973ba3c6f76d090c4d0a422e,372,0.998,0.0,Bryobacter,,False,True,True,Bryobacteraceae,,False,True,True,Bryobacterales,,False,True,True,Acidobacteriae,,False,False,True,Acidobacteriota,Acidobacteriota,True,True,True
954395a75bf6cfc5ecda85aea2a4570b,373,1.0,0.0,midas_g_3711,Anaeromusa,False,False,False,Acidaminococcaceae,Sporomusaceae,False,True,True,Acidaminococcales,Selenomonadales,False,True,True,Negativicutes,Negativicutes,True,True,True,Firmicutes,Bacillota,True,True,True
9f4c3d76158212d20d1239263d545546,363,0.9863,0.0,nan,,False,False,False,nan,,False,False,False,nan,,False,False,False,nan,,False,False,False,nan,,False,False,False
9a38fac836b824fbd5c99165b543ca0a,375,0.998,0.0,SH3-11,,False,False,True,Pedosphaeraceae,,False,False,True,Pedosphaerales,,False,False,True,Verrucomicrobiae,,False,False,True,Verrucomicrobiota,Verrucomicrobiota,True,True,True
40435e518fea30a9f66dd28ace97dcd0,374,0.9932,0.0,Verruc-01,,False,False,True,Puniceicoccaceae,,False,True,True,Opitutales,,False,True,True,Verrucomicrobiae,,False,False,True,Verrucomicrobiota,Verrucomicrobiota,True,True,True
5f012e60ebbd77b52bfe4a68ac5643da,374,0.9932,0.0,midas_g_62006,,False,False,False,Phycisphaeraceae,,False,True,True,Phycisphaerales,,False,True,True,Phycisphaerae,,False,True,True,Planctomycetota,Planctomycetota,True,True,True
3ad87bba1f2057ec3f2d3dfb1faa6e4c,373,0.9985,0.0,Blautia,Ruminococcus,False,True,True,Lachnospiraceae,Oscillospiraceae,False,True,True,Lachnospirales,Eubacteriales,False,True,True,Clostridia,Clostridia,True,True,True,Firmicutes,Bacillota,True,True,True
83ac555e466ac754139554eca9aec78b,372,0.9956,0.0,nan,,False,False,False,Holosporaceae,,False,False,True,Holosporales,,False,False,True,Alphaproteobacteria,Alphaproteobacteria,True,True,True,Proteobacteria,Pseudomonadota,True,True,True
d75d2dcd4fa20c295e2b228aaab734d6,370,0.9971,0.0,midas_g_15441,,False,False,False,Bacteroidetes_vadinHA17,,False,False,True,Bacteroidales,,False,True,True,Bacteroidia,,False,True,True,Bacteroidota,Bacteroidota,True,True,True
991143d1b16b7f958f686b23f0d983e9,375,0.9976,0.0,nan,,False,False,False,Fimbriimonadaceae,,False,True,True,Fimbriimonadales,Fimbriimonadales,True,True,True,Fimbriimonadia,Fimbriimonadia,True,True,True,Armatimonadota,Armatimonadota,True,True,True
e7a13ec86ee02e4891bd50da7bb8f534,368,0.9995,0.0,Flavobacterium,Microcystis,False,True,True,Flavobacteriaceae,Microcystaceae,False,True,True,Flavobacteriales,Chroococcales,False,True,True,Bacteroidia,Cyanophyceae,False,False,True,Bacteroidota,Cyanobacteriota,False,True,True
6014a554d33d3beabc7d7c46cfdcd41f,370,0.9951,0.0,midas_g_89556,Rectinema,False,False,False,Spirochaetaceae,Rectinemataceae,False,False,True,Spirochaetales,Treponematales,False,True,True,Spirochaetia,Spirochaetia,True,True,True,Spirochaetota,Spirochaetota,True,True,True
dcc1b2524bf00a7d6decf739df2f1f19,373,0.9893,0.0,midas_g_34763,,False,False,False,Diplorickettsiaceae,,False,False,True,Diplorickettsiales,,False,False,True,Gammaproteobacteria,Gammaproteobacteria,True,True,True,Proteobacteria,Pseudomonadota,True,True,True
81f8883a0b290b6dc7652309040b6ad2,374,1.0,0.0,nan,Thermaerobacter,False,False,False,nan,Clostridiales Family XVII. Incertae Sedis,False,False,False,nan,Eubacteriales,False,False,False,nan,Clostridia,False,False,False,Firmicutes,Bacillota,True,True,True
b820d1c08e8e80b6e461af1ec76a9723,374,0.998,0.0,nan,,False,False,False,Hungateiclostridiaceae,Clostridiaceae,False,False,True,Oscillospirales,Eubacteriales,False,False,True,Clostridia,Clostridia,True,True,True,Firmicutes,Bacillota,True,True,True
50a8367445f13689d1032ccff7c8db55,374,1.0,0.0,SM1A02,,False,False,True,Phycisphaeraceae,,False,True,True,Phycisphaerales,Phycisphaerales,True,True,True,Phycisphaerae,Phycisphaerae,True,True,True,Planctomycetota,Planctomycetota,True,True,True
5629f0846c3c982970fcbd37fe2bdb8b,374,0.9946,0.0,midas_g_102519,,False,False,False,midas_f_2701,,False,False,False,Hydrogenispora,,False,False,True,Limnochordia,,False,False,True,Firmicutes,Bacillota,True,True,True
7460da842ed9a123301b3bdff0597d0a,374,0.9937,0.0,midas_g_8099,,False,False,False,midas_f_7837,,False,False,False,midas_o_4245,,False,False,False,Anaerolineae,,False,True,True,Chloroflexi,Chloroflexota,True,True,True
7fe3fc46ddecc806d5fc5e4b8f3ddfce,374,1.0,0.0,midas_g_2983,,False,False,False,SG8-4,,False,False,True,MSBL9,,False,False,True,Phycisphaerae,Phycisphaerae,True,True,True,Planctomycetota,Planctomycetota,True,True,True
803eb52cfe3d77bdf9fe14c011e425fb,370,1.0,0.0,Eggerthella,Eggerthella,True,True,True,Eggerthellaceae,Eggerthellaceae,True,True,True,Coriobacteriales,Eggerthellales,False,True,True,Coriobacteriia,Coriobacteriia,True,True,True,Actinobacteriota,Actinomycetota,False,False,True
eb806bb1dd30405c489b4706cacd2d26,371,1.0,0.0,Ca_Opimibacter,,False,False,True,Saprospiraceae,Saprospiraceae,True,True,True,Chitinophagales,Saprospirales,False,False,True,Bacteroidia,Saprospiria,False,True,True,Bacteroidota,Bacteroidota,True,True,True
3e3e95a36c06e6967322d92057d2f4f7,366,1.0,0.0,midas_g_35291,,False,False,False,Mychonastes_jurisii,,False,False,True,Chloroplast,,False,False,True,Cyanobacteriia,Cyanophyceae,False,False,True,Cyanobacteria,Cyanobacteriota,False,False,True
f34375ad68967fbbb5c6ca6b32bea110,370,0.9995,0.0,Chryseobacterium,Chryseobacterium,True,True,True,Weeksellaceae,Weeksellaceae,True,True,True,Flavobacteriales,Flavobacteriales,True,True,True,Bacteroidia,Flavobacteriia,False,False,True,Bacteroidota,Bacteroidota,True,True,True
db2655d106ea7194a3982bfbe1ef11c4,374,0.9951,0.0,Neochlamydia,,False,False,True,Parachlamydiaceae,,False,True,True,Chlamydiales,,False,True,True,Chlamydiae,,False,False,True,Verrucomicrobiota,Chlamydiota,False,True,True
118cef48f6a595357192f8fe289c2df2,372,0.9976,0.0,nan,Pasteuria,False,False,False,nan,Pasteuriaceae,False,False,False,nan,Caryophanales,False,False,False,nan,Bacilli,False,False,False,Firmicutes,Bacillota,True,True,True
d760d5214a39254043ef78c083b92a9e,372,1.0,0.0,midas_g_1465,,False,False,False,T34,,False,False,True,Burkholderiales,Burkholderiales,True,True,True,Gammaproteobacteria,Betaproteobacteria,False,True,True,Proteobacteria,Pseudomonadota,True,True,True
f2126d67d457c75787258130f49ef2e0,371,0.9922,0.0,midas_g_90568,,False,False,False,midas_f_90568,,False,False,False,midas_o_3554,,False,False,False,V2072-189E03,,False,False,True,Spirochaetota,Spirochaetota,True,True,True
7cdebc400e62034e50c2a3b6db84a0d3,366,0.9922,,,Eubacterium,False,False,False,,Eubacteriaceae,False,False,False,,Eubacteriales,False,False,False,,Clostridia,False,False,False,,Bacillota,False,False,False
24b8bcda6b1b2ab72e632df74c10c98c,374,0.9961,0.0,nan,,False,False,False,nan,,False,False,False,nan,,False,False,False,nan,Alphaproteobacteria,False,False,False,nan,Pseudomonadota,False,False,False
da040f4409259c781d2e44bd12938078,375,0.9829,0.0,midas_g_18027,,False,False,False,midas_f_18027,,False,False,False,SBR1031,,False,False,True,Anaerolineae,,False,False,True,Chloroflexi,Chloroflexota,True,True,True
0d37046c1c20f102fc585c696c80e53c,375,0.9941,0.0,Methanobacterium,Methanobacterium,True,True,True,Methanobacteriaceae,Methanobacteriaceae,True,True,True,Methanobacteriales,Methanobacteriales,True,True,True,Methanobacteria,Methanobacteria,True,True,True,Euryarchaeota,Methanobacteriota,True,True,True
ae704d1c88be49728d2e2bd87af45c54,372,0.9985,0.0,Cellulosilyticum,Cellulosilyticum,True,True,True,Lachnospiraceae,Cellulosilyticaceae,False,True,True,Lachnospirales,Lachnospirales,True,True,True,Clostridia,Clostridia,True,True,True,Firmicutes,Bacillota,True,True,True
6e6058d4bc7844a5a6e5a8bddd480300,374,0.999,0.0,Anaeromyxobacter,Anaeromyxobacter,True,True,True,Anaeromyxobacteraceae,Anaeromyxobacteraceae,True,True,True,Myxococcales,Myxococcales,True,True,True,Myxococcia,Myxococcia,True,True,True,Myxococcota,Myxococcota,True,True,True
435c6084c75f643fca4a52a243e279ae,374,0.9912,0.0,nan,,False,False,False,nan,,False,False,False,nan,,False,False,False,nan,,False,False,False,nan,Acidobacteriota,False,False,False
02e4c50e67865e5275d1bb983d11988c,376,0.999,0.0,midas_g_3140,,False,False,False,midas_f_2,,False,False,False,IMCC26256,,False,False,True,Acidimicrobiia,Actinomycetes,False,True,True,Actinobacteriota,Actinomycetota,False,False,True
44d199fe6af5278159ea5f9943993fd3,371,0.9795,0.0,midas_g_84329,,False,False,False,midas_f_84329,,False,False,False,midas_o_84329,,False,False,False,midas_c_84329,Gammaproteobacteria,False,False,False,midas_p_84329,Pseudomonadota,False,False,False
8c99e30986e776bbc067425690109213,371,0.9976,0.0,Family_XIII_AD3011_group,Candidatus Allocopromorpha,False,False,True,Anaerovoracaceae,Eubacteriaceae,False,True,True,Peptostreptococcales-Tissierellales,Eubacteriales,False,False,True,Clostridia,Clostridia,True,True,True,Firmicutes,Bacillota,True,True,True
c6171a3d89596153e525e7c455919126,374,0.9985,0.0,nan,Clostridium,False,False,False,Lachnospiraceae,Clostridiaceae,False,True,True,Lachnospirales,Eubacteriales,False,True,True,Clostridia,Clostridia,True,True,True,Firmicutes,Bacillota,True,True,True
f5bab5c7d812c2d3a64a5dcf3d257e8a,376,0.9976,0.0,midas_g_3140,,False,False,False,midas_f_2,,False,False,False,IMCC26256,,False,False,True,Acidimicrobiia,Actinomycetes,False,True,True,Actinobacteriota,Actinomycetota,False,False,True
ebe4386302d56ad91632ab04d8e4f2a0,372,0.9932,0.0,nan,,False,False,False,Christensenellaceae,,False,True,True,Christensenellales,,False,True,True,Clostridia,,False,True,True,Firmicutes,Bacillota,True,True,True
306362657db7872818a69eab489f7c76,374,0.9995,0.0,Nannocystis,Nannocystis,True,True,True,Nannocystaceae,Nannocystaceae,True,True,True,Nannocystales,Nannocystales,True,True,True,Polyangia,,False,False,True,Myxococcota,Myxococcota,True,True,True
600bb60d1fe6ae569792e6293dc1551d,374,0.9917,0.0,nan,,False,False,False,nan,,False,False,False,nan,,False,False,False,nan,,False,False,False,Firmicutes,,False,True,True
4a19bdfb366f7b08e08a1e91c6074b30,396,0.9937,0.0,midas_g_119953,Gemmatimonas,False,False,False,midas_f_1708,Gemmatimonadaceae,False,False,False,midas_o_395,Gemmatimonadales,False,False,False,midas_c_206,Gemmatimonadia,False,False,False,WPS-2,Gemmatimonadota,False,False,True
3f5533292a655d0f54a64560d65e823b,371,1.0,0.0,Collinsella,Collinsella,True,True,True,Coriobacteriaceae,Coriobacteriaceae,True,True,True,Coriobacteriales,Coriobacteriales,True,True,True,Coriobacteriia,Coriobacteriia,True,True,True,Actinobacteriota,Actinomycetota,False,False,True
55b1e088790638cb0f33b74d1d5bf921,373,0.9966,0.0,midas_g_76603,,False,False,False,Sporomusaceae,,False,True,True,Veillonellales-Selenomonadales,,False,False,True,Negativicutes,,False,True,True,Firmicutes,Bacteroidota,False,True,True
690ef1f68aa77e7be7d8be58f2815e17,370,0.9937,0.0,midas_g_120191,Mangrovibacterium,False,False,False,Prolixibacteraceae,Prolixibacteraceae,True,True,True,Bacteroidales,Marinilabiliales,False,True,True,Bacteroidia,Bacteroidia,True,True,True,Bacteroidota,Bacteroidota,True,True,True
c992cbee5926e44bc397f0234e0c255c,374,0.9946,0.0,nan,,False,False,False,midas_f_813,,False,False,False,midas_o_1,,False,False,False,Anaerolineae,Anaerolineae,True,True,True,Chloroflexi,Chloroflexota,True,True,True
6c533cace9e76e9de67e31e528bafa29,374,0.9951,0.0,midas_g_99992,Candidatus Heteroclostridium,False,False,False,midas_f_99808,,False,False,False,Clostridia_vadinBB60_group,,False,False,True,Clostridia,Clostridia,True,True,True,Firmicutes,Bacillota,True,True,True
f0f0fbd8b8b3465070051618d1426d2c,374,0.999,0.0,nan,Mesorhizobium,False,False,False,Pirellulaceae,Phyllobacteriaceae,False,True,True,Pirellulales,Hyphomicrobiales,False,True,True,Planctomycetes,Alphaproteobacteria,False,False,True,Planctomycetota,Pseudomonadota,False,True,True
c1596a5db2591882d02a381ba7a01960,370,0.9937,0.0,midas_g_99028,Treponema,False,False,False,Spirochaetaceae,Treponemataceae,False,False,True,Spirochaetales,Treponematales,False,False,True,Spirochaetia,Spirochaetia,True,True,True,Spirochaetota,Spirochaetota,True,True,True
8a7a133e5daf52fb66404c67a0c7dc48,374,0.9985,0.0,Coxiella,,False,False,True,Coxiellaceae,,False,True,True,Coxiellales,,False,False,True,Gammaproteobacteria,,False,True,True,Proteobacteria,Pseudomonadota,True,True,True
04d3fb492116659a0de3a6a9d16f50b1,374,0.9951,0.0,midas_g_109815,,False,False,False,midas_f_5792,,False,False,False,RBG-13-54-9,,False,False,True,Anaerolineae,Anaerolineae,True,True,True,Chloroflexi,Chloroflexota,True,True,True
a5ed688dfc70ccd795b56425b56b2865,374,0.9951,0.0,midas_g_1770,,False,False,False,midas_f_1770,,False,False,False,midas_o_1194,,False,False,False,midas_c_55,,False,False,False,WPS-2,,False,False,True
0a57a465cfa8639424b461d0dbc7ed66,374,0.9985,0.0,Proteiniclasticum,Proteiniclasticum,True,True,True,Clostridiaceae,Clostridiaceae,True,True,True,Clostridiales,Eubacteriales,False,False,True,Clostridia,Clostridia,True,True,True,Firmicutes,Bacillota,True,True,True
65f9a101f8ffe7049bd3d0baa83520c2,375,0.9937,0.0,midas_g_53820,,False,False,False,Babeliaceae,,False,False,True,Babeliales,,False,False,True,Babeliae,,False,False,True,Dependentiae,,False,False,True
e3a2d60faa8d0d3ec2805ea4a4f69cc5,373,1.0,0.0,midas_g_1161,,False,False,False,Steroidobacteraceae,Steroidobacteraceae,True,True,True,Steroidobacterales,Steroidobacterales,True,True,True,Gammaproteobacteria,Gammaproteobacteria,True,True,True,Proteobacteria,Pseudomonadota,True,True,True
c232a779470ac2c086cf118bc1aa821d,374,0.9951,0.0,Neochlamydia,,False,True,True,Parachlamydiaceae,Parachlamydiaceae,True,True,True,Chlamydiales,Parachlamydiales,False,True,True,Chlamydiae,Chlamydiia,False,False,True,Verrucomicrobiota,Chlamydiota,False,True,True
c18be20cca10d6ead4ed3561cf3dfca0,374,0.9995,0.0,midas_g_5529,,False,False,False,midas_f_5529,,False,False,False,midas_o_3847,,False,False,False,Subgroup_21,Terriglobia,False,False,True,Acidobacteriota,Acidobacteriota,True,True,True
01e6c47ea1eccbd286858fc97fa25654,374,0.998,0.0,Legionella,Legionella,True,True,True,Legionellaceae,Legionellaceae,True,True,True,Legionellales,Legionellales,True,True,True,Gammaproteobacteria,Gammaproteobacteria,True,True,True,Proteobacteria,Pseudomonadota,True,True,True
b6eff50a2aefce9119d1eeb59b28bbed,374,0.9951,0.0,midas_g_115815,,False,False,False,Limnochordaceae,,False,False,True,Limnochordales,,False,False,True,Limnochordia,Clostridia,False,False,True,Firmicutes,Bacillota,True,True,True
1e2270e7a0c8c2e951edc6813b58451a,376,1.0,0.0,Actinomyces,Actinomyces,True,True,True,Actinomycetaceae,Actinomycetaceae,True,True,True,Actinomycetales,Actinomycetales,True,True,True,Actinobacteria,Actinomycetes,False,False,True,Actinobacteriota,Actinomycetota,False,False,True
9e50dfdd487c628307774026eb126fb2,373,0.9995,0.0,Mesotoga,,False,True,True,Kosmotogaceae,Synergistaceae,False,True,True,Kosmotogales,Synergistales,False,True,True,Thermotogae,Synergistia,False,True,True,Thermotogota,Synergistota,False,True,True
9cc0bdcb1fb3a25451cc888c896d434b,373,0.9995,0.0,Ca_Caldatribacterium,Atribacter,False,False,True,Caldatribacteriaceae,Atribacteraceae,False,False,True,Caldatribacteriales,Atribacterales,False,False,True,Caldatribacteriia,Atribacteria,False,False,True,Caldatribacteriota,Atribacterota,False,False,True
9764c052d988e3b900a8df7208a2a245,372,0.9985,0.0,Amaricoccus,,False,True,True,Rhodobacteraceae,Chitinophagaceae,False,False,True,Rhodobacterales,Chitinophagales,False,True,True,Alphaproteobacteria,Chitinophagia,False,True,True,Proteobacteria,Bacteroidota,False,True,True
124cf22125895521b8cfe8d7d8d56d8a,388,0.998,0.0,Anaerovorax,,False,False,True,Anaerovoracaceae,Anaerovoracaceae,True,True,True,Peptostreptococcales-Tissierellales,Peptostreptococcales,False,False,True,Clostridia,Clostridia,True,True,True,Firmicutes,Bacillota,True,True,True
e5fff5f0be6594cb84ed47a5b16ee2bd,372,0.999,0.0,midas_g_75,,False,False,False,Rhodobacteraceae,,False,False,True,Rhodobacterales,Hyphomicrobiales,False,False,True,Alphaproteobacteria,Alphaproteobacteria,True,True,True,Proteobacteria,Pseudomonadota,True,True,True
8af31eef438d38bbb57e4b47d308116d,375,0.999,0.0,Gordonia,Gordonia,True,True,True,Nocardiaceae,Gordoniaceae,False,True,True,Corynebacteriales,Mycobacteriales,False,False,True,Actinobacteria,Actinomycetes,False,False,True,Actinobacteriota,Actinomycetota,False,False,True
951daa4c85bba9e3a72b4bb15749adda,373,0.9917,0.0,midas_g_91387,,False,False,False,Tepidanaerobacter,,False,False,True,Thermovenabulales,Selenomonadales,False,False,True,Thermovenabulia,Negativicutes,False,False,True,Firmicutes,Bacillota,True,True,True
6195e799c734a9a8f419aed004b7cf86,371,0.9941,0.0,Enterococcus,Enterococcus,True,True,True,Enterococcaceae,Enterococcaceae,True,True,True,Lactobacillales,Lactobacillales,True,True,True,Bacilli,Bacilli,True,True,True,Firmicutes,Bacillota,True,True,True
9a7f74e3ff43dde97ce79af735aa528c,374,0.9995,0.0,midas_g_34283,,False,False,False,midas_f_5792,,False,False,False,RBG-13-54-9,,False,False,True,Anaerolineae,Anaerolineae,True,True,True,Chloroflexi,Chloroflexota,True,True,True
68c0d62cad841fbf52eb5c92f9f2f0ff,388,0.9966,0.0,Syner-01,,False,False,True,Synergistaceae,Aminobacteriaceae,False,True,True,Synergistales,Synergistales,True,True,True,Synergistia,Synergistia,True,True,True,Synergistota,Synergistota,True,True,True
02f995222d6154a9ec64914f39f11fda,372,0.9932,0.0,nan,Rubrivivax,False,False,False,Comamonadaceae,Sphaerotilaceae,False,False,True,Burkholderiales,Burkholderiales,True,True,True,Gammaproteobacteria,Betaproteobacteria,False,True,True,Proteobacteria,Pseudomonadota,True,True,True
b7fc3794868f7f88d0e074c92eff9e93,373,0.9932,0.0,Christensenellaceae_R-7_group,,False,False,True,Christensenellaceae,Lachnospiraceae,False,False,True,Christensenellales,Lachnospirales,False,True,True,Clostridia,Clostridia,True,True,True,Firmicutes,Bacillota,True,True,True
b63447503e05ba796eaeccc7f36cd857,374,1.0,,,,False,False,False,,,False,False,False,,,False,False,False,,,False,False,False,,,False,False,False
7b1b71e60ae0bb9f6a96df4e5b041edf,381,0.9966,,,,False,False,False,,Anaerolineaceae,False,False,False,,Anaerolineales,False,False,False,,Anaerolineae,False,False,False,,Chloroflexota,False,False,False
7141921d9117df050c7e3d64516ff8c7,375,0.9834,,,,False,False,False,,,False,False,False,,,False,False,False,,,False,False,False,,Chloroflexota,False,False,False
169d803cc0a2a89e75f8e82c2efae93a,371,0.9985,,,,False,False,False,,,False,False,False,,,False,False,False,,,False,False,False,,Chloroflexota,False,False,False
7aa00055f8c11d371a80cb12ffeb42ef,374,0.9907,,,,False,False,False,,,False,False,False,,,False,False,False,,,False,False,False,,Armatimonadota,False,False,False
2c4a6ac5c683c0ac2ff669e92f2b02f2,374,1.0,,,,False,False,False,,,False,False,False,,,False,False,False,,,False,False,False,,Minisyncoccota,False,False,False
e86d1d75253191d79a618ca4d38aca68,374,0.9937,,,,False,False,False,,,False,False,False,,,False,False,False,,,False,False,False,,,False,False,False
11ae08abc7f0e3333042f323fef11f46,374,0.9976,,,,False,False,False,,,False,False,False,,Chlamydiales,False,False,False,,Chlamydiia,False,False,False,,Chlamydiota,False,False,False
eb03cc81c19a706d309616c7bc005cf6,375,1.0,,,Bifidobacterium,False,False,False,,Bifidobacteriaceae,False,False,False,,Bifidobacteriales,False,False,False,,Actinomycetes,False,False,False,,Actinomycetota,False,False,False
2bb4936212530cde65ba75ca2eeb811a,373,0.998,,,,False,False,False,,,False,False,False,,,False,False,False,,,False,False,False,,,False,False,False
7363aac88b5325ac49cb469e284e10dd,372,1.0,,,Lactococcus,False,False,False,,Streptococcaceae,False,False,False,,Lactobacillales,False,False,False,,Bacilli,False,False,False,,Bacillota,False,False,False
74ad32bd8ebc2ee155bfcbb63332ff66,372,0.9966,,,,False,False,False,,,False,False,False,,Bryobacterales,False,False,False,,Terriglobia,False,False,False,,Acidobacteriota,False,False,False
5d022d2abb20ba3874d08d23862090fd,373,0.9961,,,,False,False,False,,,False,False,False,,Solirubrobacterales,False,False,False,,Thermoleophilia,False,False,False,,Actinomycetota,False,False,False
ae5409ee7901af22321eee08a4cbda3e,370,0.9995,,,Desulfovibrio,False,False,False,,Desulfovibrionaceae,False,False,False,,Desulfovibrionales,False,False,False,,Desulfovibrionia,False,False,False,,Thermodesulfobacteriota,False,False,False
df1a52d3ac671303d845fa6963c4bed1,370,1.0,,,Candidatus Saccharimonas,False,False,False,,Candidatus Saccharimonadaceae,False,False,False,,Candidatus Saccharimonadales,False,False,False,,Candidatus Saccharimonadia,False,False,False,,Candidatus Saccharimonadota,False,False,False
9f96ba0239a56945df3d725759d37f26,366,0.9946,0.0,EBM-39,Mycobacterium,False,False,True,Synergistaceae,Mycobacteriaceae,False,False,True,Synergistales,Mycobacteriales,False,False,True,Synergistia,Actinomycetes,False,False,True,Synergistota,Actinomycetota,False,False,True
f0d7520dbce45f569febe00205e8e9f7,372,0.9995,0.0,Camelimonas,Camelimonas,True,True,True,Beijerinckiaceae,Chelatococcaceae,False,False,True,Rhizobiales,Hyphomicrobiales,False,False,True,Alphaproteobacteria,Alphaproteobacteria,True,True,True,Proteobacteria,Pseudomonadota,True,True,True
f4eb19fb222b9761a2b3e01340472691,373,0.9995,0.0,Sulfurospirillum,Cronobacter,False,False,True,Sulfurospirillaceae,Enterobacteriaceae,False,False,True,Campylobacterales,Enterobacterales,False,True,True,Campylobacteria,Gammaproteobacteria,False,False,True,Campylobacterota,Pseudomonadota,False,True,True
864e7cae8a55031eca03d9e08dc49553,374,0.9932,0.0,Mesotoga,Mesotoga,True,True,True,Kosmotogaceae,Kosmotogaceae,True,True,True,Kosmotogales,Kosmotogales,True,True,True,Thermotogae,Thermotogae,True,True,True,Thermotogota,Thermotogota,True,True,True
5c76e0d46321fda9cf0d46f3a598b74f,374,0.9966,0.0,nan,Enterococcus,False,False,False,Enterococcaceae,Enterococcaceae,True,True,True,Lactobacillales,Lactobacillales,True,True,True,Bacilli,Bacilli,True,True,True,Firmicutes,Bacillota,True,True,True
668b3a3c495b62d0a11eee027108aeb5,374,0.9946,0.0,UCG-009,,False,False,True,Butyricicoccaceae,Clostridiaceae,False,True,True,Oscillospirales,Eubacteriales,False,False,True,Clostridia,Clostridia,True,True,True,Firmicutes,Bacillota,True,True,True
c3e968a0946cfc5f9704691f47655570,371,0.998,0.0,Paraclostridium,Paraclostridium,True,True,True,Peptostreptococcaceae,Peptostreptococcaceae,True,True,True,Peptostreptococcales-Tissierellales,Peptostreptococcales,False,False,True,Clostridia,Clostridia,True,True,True,Firmicutes,Bacillota,True,True,True
bc58a5b84bfddc7b8ab70cc704b483ab,374,0.9907,0.0,UCG-009,,False,False,True,Butyricicoccaceae,,False,False,True,Oscillospirales,,False,False,True,Clostridia,Clostridia,True,True,True,Firmicutes,Bacillota,True,True,True
18a092b014b6de80593f7d47d2d9d923,376,0.9888,,,Cronobacter,False,False,False,,Enterobacteriaceae,False,False,False,,Enterobacterales,False,False,False,,Gammaproteobacteria,False,False,False,,Pseudomonadota,False,False,False
00aaf73685f0406f32767bc9c43fde5b,395,0.9912,0.0,Intestinimonas,Intestinimonas,True,True,True,Oscillospiraceae,,False,True,True,Oscillospirales,Eubacteriales,False,False,True,Clostridia,Clostridia,True,True,True,Firmicutes,Bacillota,True,True,True
07c0a289796d7465a2f69093ebf4a33a,372,0.9893,0.0,nan,Ruminococcus,False,False,False,Ruminococcaceae,Oscillospiraceae,False,False,True,Oscillospirales,Eubacteriales,False,False,True,Clostridia,Clostridia,True,True,True,Firmicutes,Bacillota,True,True,True
bbb8763717da88ebc18aff53f9de028f,372,0.9956,0.0,Syner-01,Ruminococcus,False,False,True,Synergistaceae,Oscillospiraceae,False,False,True,Synergistales,Eubacteriales,False,False,True,Synergistia,Clostridia,False,False,True,Synergistota,Bacillota,False,False,True
aa78d734b59dc8f035c1e136275e7923,370,0.9951,0.0,Petrimonas,Petrimonas,True,True,True,Dysgonomonadaceae,Dysgonomonadaceae,True,True,True,Bacteroidales,Bacteroidales,True,True,True,Bacteroidia,Bacteroidia,True,True,True,Bacteroidota,Bacteroidota,True,True,True
385ff5afa4e19e68ba06f7912908b170,374,0.9985,0.0,Dehalobacter,Desulfitobacterium,False,False,True,Syntrophobotulaceae,Desulfitobacteriaceae,False,False,True,Desulfitobacteriales,Eubacteriales,False,False,True,Desulfitobacteriia,Clostridia,False,False,True,Firmicutes,Bacillota,True,True,True
88d2e157e9592b9dd02289ff66b8e7a4,373,0.9941,0.0,Methanobacterium,Methanobacterium,True,True,True,Methanobacteriaceae,Methanobacteriaceae,True,True,True,Methanobacteriales,Methanobacteriales,True,True,True,Methanobacteria,Methanobacteria,True,True,True,Euryarchaeota,Methanobacteriota,True,True,True
c62ec451cad772ced1b4f73e447dfe58,370,0.9932,0.0,Acetobacterium,Acetobacterium,True,True,True,Eubacteriaceae,Eubacteriaceae,True,True,True,Eubacteriales,Eubacteriales,True,True,True,Clostridia,Clostridia,True,True,True,Firmicutes,Bacillota,True,True,True
dedaa658c067ddab6be08769c9d8b5ec,369,0.999,0.0,Alkaliphilus_oremlandii_OhILAs,,False,False,True,Alkaliphilus,,False,False,True,Peptostreptococcales-Tissierellales,,False,False,True,Clostridia,,False,True,True,Firmicutes,Pseudomonadota,False,True,True
6d500b30af1a9a8e0b1e52b662808599,374,0.9995,,,,False,False,False,,,False,False,False,,,False,False,False,,,False,False,False,,Nitrospirota,False,False,False
613419874443169bf5144b900aec08b4,374,0.9976,0.0,midas_g_77185,,False,False,False,midas_f_26893,,False,False,False,midas_o_1393,,False,False,False,Sericytochromatia,,False,False,True,Cyanobacteria,,False,False,True
00b31ea747aed535c930a3fb84d039e0,364,0.9966,,,,False,False,False,,,False,False,False,,,False,False,False,,,False,False,False,,Bacillota,False,False,False
6e252cae9e8ff5755e0cfa5c52a78beb,369,0.9893,0.0,nan,,False,False,False,nan,,False,False,False,nan,,False,False,False,nan,,False,False,False,nan,Candidatus Saccharimonadota,False,False,False
0e2e50ea2d7a3366dcca1f3262040bb0,395,0.9971,0.0,Methanobacterium,Methanobacterium,True,True,True,Methanobacteriaceae,Methanobacteriaceae,True,True,True,Methanobacteriales,Methanobacteriales,True,True,True,Methanobacteria,Methanobacteria,True,True,True,Euryarchaeota,Methanobacteriota,True,True,True
fd0ef899d0206dcd4a78995587f93375,394,0.9902,0.0,nan,Burkholderia,False,False,False,nan,Burkholderiaceae,False,False,False,Burkholderiales,Burkholderiales,True,True,True,Gammaproteobacteria,Betaproteobacteria,False,True,True,Proteobacteria,Pseudomonadota,True,True,True
e8a86642422a282bb8095b927d653eaf,374,1.0,0.0,Rummeliibacillus,Rummeliibacillus,True,True,True,Planococcaceae,Caryophanaceae,False,False,True,Bacillales,Caryophanales,False,False,True,Bacilli,Bacilli,True,True,True,Firmicutes,Bacillota,True,True,True
a6651a449b279b248edf929c8333a191,374,0.9912,0.0,Methanobacterium,Methanobacterium,True,True,True,Methanobacteriaceae,Methanobacteriaceae,True,True,True,Methanobacteriales,Methanobacteriales,True,True,True,Methanobacteria,Methanobacteria,True,True,True,Euryarchaeota,Methanobacteriota,True,True,True
f2503a995bd8c1a94ce5d1e49159c7d1,387,0.998,0.0,Lentimicrobium,Lentimicrobium,True,True,True,Lentimicrobiaceae,Lentimicrobiaceae,True,True,True,Sphingobacteriales,Bacteroidales,False,False,True,Bacteroidia,Bacteroidia,True,True,True,Bacteroidota,Bacteroidota,True,True,True
1bfb8e6cb930a8c9ef5d52ea4ba2fd40,370,0.9932,0.0,EBM-39,Alkalispirillum,False,False,True,Synergistaceae,Ectothiorhodospiraceae,False,False,True,Synergistales,Chromatiales,False,False,True,Synergistia,Gammaproteobacteria,False,False,True,Synergistota,Pseudomonadota,False,False,True
e207e8f65f4dcf2a29cf07ae8ee8fd7e,377,0.9937,0.0,Sphaerochaeta,Sphaerochaeta,True,True,True,Spirochaetaceae,Sphaerochaetaceae,False,True,True,Spirochaetales,Spirochaetales,True,True,True,Spirochaetia,Spirochaetia,True,True,True,Spirochaetota,Spirochaetota,True,True,True
922a7f47672abd882604d821f25fb3ad,370,0.9971,0.0,midas_g_9269,,False,False,False,Paludibacteraceae,,False,True,True,Bacteroidales,,False,True,True,Bacteroidia,,False,True,True,Bacteroidota,candidate division WWE3,False,True,True
4da01f6a9301d3de80e048625f9d352a,374,0.9956,0.0,nan,Zhaonella,False,False,False,nan,Zhaonellaceae,False,False,False,nan,Neomoorellales,False,False,False,nan,Clostridia,False,False,False,Firmicutes,Bacillota,True,True,True
a69686fca845cb2a7dc332e3232d3b85,372,0.9971,,,Burkholderia,False,False,False,,Burkholderiaceae,False,False,False,,Burkholderiales,False,False,False,,Betaproteobacteria,False,False,False,,Pseudomonadota,False,False,False
a5f80c6cfc12861f45f935186dc8a472,392,0.9863,0.0,midas_g_36215,,False,False,False,Rikenellaceae,,False,False,True,Bacteroidales,,False,True,True,Bacteroidia,,False,True,True,Bacteroidota,Bacteroidota,True,True,True
3876f8d3b46ac99f7e99345288e684b5,392,0.9897,0.0,Mesotoga,,False,False,True,Kosmotogaceae,,False,False,True,Kosmotogales,,False,False,True,Thermotogae,,False,False,True,Thermotogota,Actinomycetota,False,False,True
b5bf6ec98f96b1d92a5739d745b87ec8,370,0.9956,0.0,nan,,False,False,False,Rhodocyclaceae,,False,True,True,Burkholderiales,,False,True,True,Gammaproteobacteria,Betaproteobacteria,False,True,True,Proteobacteria,Pseudomonadota,True,True,True
607a06d9faf3f514074b5a4908b55a82,372,0.9956,0.0,Syner-01,Petrimonas,False,False,True,Synergistaceae,Dysgonomonadaceae,False,False,True,Synergistales,Bacteroidales,False,False,True,Synergistia,Bacteroidia,False,False,True,Synergistota,Bacteroidota,False,False,True
cd26adf889179ccd2d1b553ce33b5276,370,0.9966,0.0,midas_g_36215,Paludibacter,False,False,False,Rikenellaceae,Paludibacteraceae,False,False,True,Bacteroidales,Bacteroidales,True,True,True,Bacteroidia,Bacteroidia,True,True,True,Bacteroidota,Bacteroidota,True,True,True
62d932ca73039e553c5cd4450ffec6eb,372,0.9927,0.0,Lentimicrobium,Lentimicrobium,True,True,True,Lentimicrobiaceae,Lentimicrobiaceae,True,True,True,Sphingobacteriales,Bacteroidales,False,False,True,Bacteroidia,Bacteroidia,True,True,True,Bacteroidota,Bacteroidota,True,True,True
21fcd2fcaa0378a40f3a9db0b3bd948c,393,0.9927,0.0,midas_g_3409,,False,False,False,midas_f_2296,,False,False,False,midas_o_796,,False,False,False,midas_c_796,Armatimonadia,False,False,False,WS1,Armatimonadota,False,False,True
d10ef1cc3876e7ca96d49bab29ceec47,387,0.998,0.0,midas_g_9269,,False,False,False,Paludibacteraceae,,False,True,True,Bacteroidales,,False,True,True,Bacteroidia,,False,True,True,Bacteroidota,candidate division WWE3,False,True,True
949479e3fb297c277f93012cef3a75ac,370,0.9951,0.0,Lentimicrobium,,False,True,True,Lentimicrobiaceae,,False,True,True,Sphingobacteriales,Methylococcales,False,False,True,Bacteroidia,Gammaproteobacteria,False,True,True,Bacteroidota,Pseudomonadota,False,True,True
1ec84bb16e1a78a4d73faef5bc502c2c,375,0.9922,0.0,Methanobacterium,Methanobrevibacter,False,True,True,Methanobacteriaceae,Methanobacteriaceae,True,True,True,Methanobacteriales,Methanobacteriales,True,True,True,Methanobacteria,Methanobacteria,True,True,True,Euryarchaeota,Methanobacteriota,True,True,True
582cd22fb94ea0fd36f9915ef32c1333,382,0.9995,0.0,Rickettsiella,Rickettsiella,True,True,True,Diplorickettsiaceae,Coxiellaceae,False,False,True,Diplorickettsiales,Legionellales,False,False,True,Gammaproteobacteria,Gammaproteobacteria,True,True,True,Proteobacteria,Pseudomonadota,True,True,True
a1fc4f2226c42bb7298da8c51ceea5a0,370,0.9951,0.0,Pedobacter,Pseudoxanthomonas,False,True,True,Sphingobacteriaceae,Lysobacteraceae,False,True,True,Sphingobacteriales,Lysobacterales,False,True,True,Bacteroidia,Gammaproteobacteria,False,False,True,Bacteroidota,Pseudomonadota,False,True,True
a1f67bd15d480d23ca73f40a62f815bb,388,0.9951,0.0,nan,Demequina,False,False,False,midas_f_6325,Demequinaceae,False,False,False,OPB41,Micrococcales,False,False,True,Coriobacteriia,Actinomycetes,False,False,True,Actinobacteriota,Actinomycetota,False,False,True
f5a0cba713d42e29e41a6df93519572a,382,0.9995,0.0,midas_g_5033,,False,False,False,midas_f_5033,,False,False,False,Ca_Falkowbacteria,,False,False,True,ABY1,Gammaproteobacteria,False,False,True,Patescibacteria,Pseudomonadota,False,False,True
41b51f59463027a20d946656003a5f11,373,0.9976,0.0,midas_g_94400,,False,False,False,midas_f_3498,,False,False,False,B55-F-B-G02,,False,False,True,Limnochordia,,False,False,True,Firmicutes,Bacillota,True,True,True
ec6941975f4e1863852cf87b9af738b2,374,0.9971,0.0,midas_g_113780,Lutispora,False,False,False,Caldicoprobacteraceae,Lutisporaceae,False,False,True,Caldicoprobacterales,Lutisporales,False,False,True,Clostridia,Clostridia,True,True,True,Firmicutes,Bacillota,True,True,True
ee21cf356777ae26fe7089d75452abd7,403,0.9844,0.0,midas_g_114389,Enterococcus,False,False,False,Prototheca_stagnorum,Enterococcaceae,False,False,True,Chloroplast,Lactobacillales,False,False,True,Cyanobacteriia,Bacilli,False,False,True,Cyanobacteria,Bacillota,False,False,True
957bec6b470f89f1cc58693a77364ea7,373,0.9912,0.0,nan,Exilibacterium,False,False,False,nan,Cellvibrionaceae,False,False,False,nan,Cellvibrionales,False,False,False,Gammaproteobacteria,Gammaproteobacteria,True,True,True,Proteobacteria,Pseudomonadota,True,True,True
021829170463632e041095dab11c0e95,370,1.0,0.0,Alistipes,Alistipes,True,True,True,Rikenellaceae,Rikenellaceae,True,True,True,Bacteroidales,Bacteroidales,True,True,True,Bacteroidia,Bacteroidia,True,True,True,Bacteroidota,Bacteroidota,True,True,True
5810b6e2d5b4ab3fd92892dccf084271,374,0.9961,0.0,midas_g_114632,,False,False,False,AKAU3564_sediment_group,,False,False,True,Phycisphaerales,,False,True,True,Phycisphaerae,,False,True,True,Planctomycetota,Planctomycetota,True,True,True
31a83f111b57e09b08ffb58917c511c9,372,0.998,0.0,SH-PL14,Caulifigura,False,False,True,Rubinisphaeraceae,Planctomycetaceae,False,False,True,Planctomycetales,Planctomycetales,True,True,True,Planctomycetes,Planctomycetia,False,False,True,Planctomycetota,Planctomycetota,True,True,True
bfc04a7e7b744ab56306075ef236d753,364,0.9849,0.0,nan,Candidatus Carsonella,False,False,False,nan,Halomonadaceae,False,False,False,nan,Oceanospirillales,False,False,False,nan,Gammaproteobacteria,False,False,False,nan,Pseudomonadota,False,False,False
2eedd8aa9855d2e9d4361aa9321ad4e2,374,0.9893,0.0,midas_g_1168,,False,False,False,midas_f_1168,,False,False,False,midas_o_1168,,False,False,False,midas_c_216,Candidatus Binatia,False,False,False,Armatimonadota,Candidatus Binatota,False,True,True
bf3cf03e93fd3eb39a0ee44a895a1e2d,373,0.998,0.0,Lachnospiraceae_FCS020_group,Ruminococcus,False,False,True,Lachnospiraceae,Oscillospiraceae,False,True,True,Lachnospirales,Eubacteriales,False,True,True,Clostridia,Clostridia,True,True,True,Firmicutes,Bacillota,True,True,True
494ab4a0ec6f00ad0cbf201f2f607b05,373,0.9912,0.0,midas_g_73510,,False,False,False,UCG-010,,False,False,True,Oscillospirales,,False,False,True,Clostridia,Gammaproteobacteria,False,True,True,Firmicutes,Pseudomonadota,False,True,True
9b07d0a34ae911d20d9f7d8d4f7ee676,355,0.9824,0.0,nan,,False,False,False,nan,,False,False,False,nan,,False,False,False,nan,,False,False,False,nan,Bacteroidota,False,False,False
f7d85e5a89d2a972052c5ff23f52397a,369,0.9834,0.0,midas_g_110485,,False,False,False,Folsomia_candida,,False,False,True,Chloroplast,,False,False,True,Cyanobacteriia,,False,False,True,Cyanobacteria,,False,False,True
d74db335012437dbfb4c54fd9049d46f,374,0.998,0.0,Desulfosporosinus,Desulfitobacterium,False,True,True,Desulfitobacteriaceae,Desulfitobacteriaceae,True,True,True,Desulfitobacteriales,Eubacteriales,False,False,True,Desulfitobacteriia,Clostridia,False,False,True,Firmicutes,Bacillota,True,True,True
4552de4017ada34de916b0caaaf5ea54,374,0.9961,0.0,nan,,False,False,False,AKAU3564_sediment_group,,False,False,True,Phycisphaerales,,False,True,True,Phycisphaerae,Phycisphaerae,True,True,True,Planctomycetota,Planctomycetota,True,True,True
fa1752718a40da1c6c32371773653272,370,0.9907,,,,False,False,False,,,False,False,False,,,False,False,False,,,False,False,False,,Bacillota,False,False,False
03f29c495b783a3de09c6c8780605449,374,0.9961,0.0,Blastopirellula,,False,True,True,Pirellulaceae,,False,True,True,Pirellulales,,False,True,True,Planctomycetes,,False,False,True,Planctomycetota,Planctomycetota,True,True,True
626ceecfac444a7e053d5ae2c76833df,392,0.9985,0.0,midas_g_765,Candidatus Humimicrobium,False,False,False,midas_f_765,Candidatus Humimicrobiaceae,False,False,False,midas_o_765,Candidatus Humimicrobiales,False,False,False,WCHB1-81,Candidatus Humimicrobiia,False,False,True,Actinobacteriota,Actinomycetota,False,False,True
22216e3e181ee694bf4c8daa987ac8ab,361,0.9863,0.0,nan,,False,False,False,nan,,False,False,False,nan,Phycisphaerales,False,False,False,nan,Phycisphaerae,False,False,False,nan,Planctomycetota,False,False,False
5a6b977c954ab18d6904d6b9d48b871f,373,0.9985,0.0,midas_g_18476,,False,False,False,midas_f_5670,,False,False,False,midas_o_406,,False,False,False,Alphaproteobacteria,,False,True,True,Proteobacteria,Candidatus Zixiibacteriota,False,True,True
00e6614407462b417669175bc85184ad,374,0.9956,0.0,midas_g_113111,,False,False,False,midas_f_74309,,False,False,False,midas_o_46506,,False,False,False,Berkelbacteria,,False,False,True,Patescibacteria,Candidatus Berkelbacteria,False,False,True
0916b03c8a001547e1909d8a2fe6178e,371,0.9966,0.0,nan,Maledivibacter,False,False,False,nan,Caminicellaceae,False,False,False,Peptostreptococcales-Tissierellales,Peptostreptococcales,False,False,True,Clostridia,Clostridia,True,True,True,Firmicutes,Bacillota,True,True,True
cc53782126bff6f2648754f297c70cff,375,0.9951,0.0,midas_g_32256,,False,False,False,Castanea_mollissima_Chinese_chestnut,,False,False,True,Chloroplast,,False,False,True,Cyanobacteriia,,False,False,True,Cyanobacteria,,False,False,True
30b92827daeee78c39eefccd5bfca43d,370,0.9971,0.0,Sphingobacterium,Mucilaginibacter,False,True,True,Sphingobacteriaceae,Sphingobacteriaceae,True,True,True,Sphingobacteriales,Sphingobacteriales,True,True,True,Bacteroidia,Sphingobacteriia,False,False,True,Bacteroidota,Bacteroidota,True,True,True
a5723c72b7103b8c043b31cab7252af4,372,0.9932,0.0,midas_g_36215,,False,False,False,Rikenellaceae,Rikenellaceae,True,True,True,Bacteroidales,Bacteroidales,True,True,True,Bacteroidia,Bacteroidia,True,True,True,Bacteroidota,Bacteroidota,True,True,True
831363ded99c851c80f32aff0c59c9a2,352,0.9824,0.0,nan,,False,False,False,nan,,False,False,False,nan,,False,False,False,nan,Alphaproteobacteria,False,False,False,nan,Pseudomonadota,False,False,False
94fc0eb5f4d613c2766734c28a5f1a9f,354,0.9868,0.0,nan,Candidatus Hodgkinia,False,False,False,nan,,False,False,False,nan,Hyphomicrobiales,False,False,False,nan,Alphaproteobacteria,False,False,False,nan,Pseudomonadota,False,False,False
2c90f641e92fddc8307a57cb745be2a3,391,0.9927,0.0,Christensenellaceae_R-7_group,Candidatus Limiplasma,False,False,True,Christensenellaceae,,False,False,True,Christensenellales,Eubacteriales,False,True,True,Clostridia,Clostridia,True,True,True,Firmicutes,Bacillota,True,True,True
b9315058e389547041d01efa1048d9f0,372,0.9927,0.0,midas_g_18645,,False,False,False,midas_f_1792,Nitrospiraceae,False,False,False,Planctomycetales,Nitrospirales,False,True,True,Planctomycetes,Nitrospiria,False,False,True,Planctomycetota,Nitrospirota,False,True,True
bf5493457f0a16552a432f4bbf9330f3,381,0.9893,0.0,nan,Rickettsiella,False,False,False,nan,Coxiellaceae,False,False,False,nan,Legionellales,False,False,False,nan,Gammaproteobacteria,False,False,False,nan,Pseudomonadota,False,False,False
ad94607116582c89c6eb5001f5150f80,374,0.9932,0.0,nan,,False,False,False,AKAU3564_sediment_group,,False,False,True,Phycisphaerales,,False,True,True,Phycisphaerae,Phycisphaerae,True,True,True,Planctomycetota,Planctomycetota,True,True,True
28f13b8e13ea61aafe5bc46d20dc15bf,374,0.9951,0.0,nan,,False,False,False,nan,,False,False,False,nan,,False,False,False,nan,,False,False,False,nan,Chlamydiota,False,False,False
6aa82af5289e004d50046c31ef22b2ae,391,0.9985,0.0,Denitromonas,Limnospira,False,False,True,Rhodocyclaceae,Sirenicapillariaceae,False,True,True,Burkholderiales,Oscillatoriales,False,True,True,Gammaproteobacteria,Cyanophyceae,False,True,True,Proteobacteria,Cyanobacteriota,False,True,True
dc9abde9045aad6d17421519c6db9ca4,372,0.9883,0.0,midas_g_3943,Sneathiella,False,False,False,midas_f_2010,Sneathiellaceae,False,False,False,Rhodospirillales,Sneathiellales,False,True,True,Alphaproteobacteria,Alphaproteobacteria,True,True,True,Proteobacteria,Pseudomonadota,True,True,True
87ca798d18d4f98d6e899ac8e8b8daa2,373,0.9946,0.0,Brooklawnia,Corynebacterium,False,True,True,Propionibacteriaceae,Corynebacteriaceae,False,True,True,Propionibacteriales,Mycobacteriales,False,True,True,Actinobacteria,Actinomycetes,False,False,True,Actinobacteriota,Actinomycetota,False,False,True
516a6da55fdb8df7ed2cdc84291dbca2,374,1.0,0.0,midas_g_94372,,False,False,False,midas_f_94372,,False,False,False,Dehalococcoidales,Dehalococcoidales,True,True,True,Dehalococcoidia,Dehalococcoidia,True,True,True,Chloroflexi,Chloroflexota,True,True,True
ab07f8f9d60701b64f9d82751d8be248,374,0.9985,0.0,midas_g_8033,,False,False,False,Caldilineaceae,,False,True,True,Caldilineales,,False,True,True,Anaerolineae,Chloroflexia,False,True,True,Chloroflexi,Chloroflexota,True,True,True
e8f301ad6c8b07835edee784bcb81d17,373,0.998,0.0,nan,,False,False,False,Lachnospiraceae,Lachnospiraceae,True,True,True,Lachnospirales,Lachnospirales,True,True,True,Clostridia,Clostridia,True,True,True,Firmicutes,Bacillota,True,True,True
83fe43c957bc1d62cad075e35f2b3e77,374,0.9971,0.0,midas_g_113752,,False,False,False,midas_f_113752,,False,False,False,FS117-23B-02,,False,False,True,Dehalococcoidia,,False,True,True,Chloroflexi,Chloroflexota,True,True,True
ad871c6d75b2fb982388dfc27e0032c7,374,0.9941,0.0,midas_g_52005,,False,False,False,Anaerolineaceae,,False,True,True,Anaerolineales,,False,True,True,Anaerolineae,Chloroflexia,False,True,True,Chloroflexi,Chloroflexota,True,True,True
32b01957f98cbf2079bd6bdbb6342751,371,0.9932,0.0,nan,,False,False,False,nan,,False,False,False,nan,Rickettsiales,False,False,False,nan,Alphaproteobacteria,False,False,False,nan,Pseudomonadota,False,False,False
fca33d821d9ddce59d2b26b63bf7c4a1,372,0.9912,0.0,nan,,False,False,False,nan,,False,False,False,EC3,Pseudomonadales,False,False,True,Gammaproteobacteria,Gammaproteobacteria,True,True,True,Proteobacteria,Pseudomonadota,True,True,True
18ca89dadf6219af5e55c04d2e77d221,346,0.9927,0.0,nan,,False,False,False,Desulfovibrionaceae,Desulfovibrionaceae,True,True,True,Desulfovibrionales,Desulfovibrionales,True,True,True,Desulfovibrionia,Desulfovibrionia,True,True,True,Desulfobacterota,Thermodesulfobacteriota,False,False,True
8298bcdb584afbb1bdb72e7abb796243,397,0.9956,0.0,Propionicicella,Micropruina,False,False,True,Propionibacteriaceae,Nocardioidaceae,False,True,True,Propionibacteriales,Propionibacteriales,True,True,True,Actinobacteria,Actinomycetes,False,False,True,Actinobacteriota,Actinomycetota,False,False,True
84062ea22d23db6a01c565ec5523d81e,369,0.9829,0.0,nan,Flavobacterium,False,False,False,nan,Flavobacteriaceae,False,False,False,nan,Flavobacteriales,False,False,False,nan,Flavobacteriia,False,False,False,nan,Bacteroidota,False,False,False
be1d4c6accdb6c0d6ca7a1e0db1c63fb,393,0.9854,0.0,midas_g_96353,,False,False,False,midas_f_5792,Fimbriimonadaceae,False,False,False,RBG-13-54-9,Fimbriimonadales,False,False,True,Anaerolineae,Fimbriimonadia,False,False,True,Chloroflexi,Armatimonadota,False,True,True
8489763884add5fd5b86c463d80a278d,374,0.9961,0.0,nan,,False,False,False,Propionibacteriaceae,Propionibacteriaceae,True,True,True,Propionibacteriales,Propionibacteriales,True,True,True,Actinobacteria,Actinomycetes,False,False,True,Actinobacteriota,Actinomycetota,False,False,True
2ee31d39fe1412553e3cbaea7c8a4d67,371,0.9946,0.0,nan,,False,False,False,Alcaligenaceae,,False,True,True,Burkholderiales,,False,True,True,Gammaproteobacteria,Betaproteobacteria,False,True,True,Proteobacteria,Pseudomonadota,True,True,True
e46b80ea322121d9038890cc3410f1b9,395,0.9956,0.0,Anaerocolumna,Mediterraneibacter,False,False,True,Lachnospiraceae,Lachnospiraceae,True,True,True,Lachnospirales,Lachnospirales,True,True,True,Clostridia,Clostridia,True,True,True,Firmicutes,Bacillota,True,True,True
82ea83511804f1d0a5b3fe28fe350f2c,377,0.9917,0.0,Acetobacterium,Acetobacterium,True,True,True,Eubacteriaceae,Eubacteriaceae,True,True,True,Eubacteriales,Eubacteriales,True,True,True,Clostridia,Clostridia,True,True,True,Firmicutes,Bacillota,True,True,True
2e629a245a33dc88d99de2c8d9e0b216,387,0.9985,0.0,Sedimentibacter,,False,True,True,Sedimentibacteraceae,Pseudomonadaceae,False,False,True,Peptostreptococcales-Tissierellales,Pseudomonadales,False,False,True,Clostridia,Gammaproteobacteria,False,True,True,Firmicutes,Pseudomonadota,False,True,True
34718f0afd4e47caea8aae283c0f5406,368,0.9976,0.0,nan,,False,False,False,nan,Acutalibacteraceae,False,False,False,Izemoplasmatales,Eubacteriales,False,False,True,Bacilli,Clostridia,False,True,True,Firmicutes,Bacillota,True,True,True
3a498beaed6b9c03eb1ecf8e82c1d4a4,372,0.9932,,,Listeria,False,False,False,,Listeriaceae,False,False,False,,Caryophanales,False,False,False,,Bacilli,False,False,False,,Bacillota,False,False,False
c04c09c53250784807c31aa13f822fe1,370,0.9873,0.0,nan,,False,False,False,Hungateiclostridiaceae,Leptospiraceae,False,False,True,Oscillospirales,Leptospirales,False,False,True,Clostridia,Leptospiria,False,True,True,Firmicutes,Spirochaetota,False,True,True
dfbbce19b1bc5453bfb444e3f568a5ec,377,0.9893,0.0,Methanobacterium,Methanobacterium,True,True,True,Methanobacteriaceae,Methanobacteriaceae,True,True,True,Methanobacteriales,Methanobacteriales,True,True,True,Methanobacteria,Methanobacteria,True,True,True,Euryarchaeota,Methanobacteriota,True,True,True
7737a66fdaa3850b656f45f9cc17fb93,395,0.9966,0.0,nan,Methanobrevibacter,False,False,False,Methanobacteriaceae,Methanobacteriaceae,True,True,True,Methanobacteriales,Methanobacteriales,True,True,True,Methanobacteria,Methanobacteria,True,True,True,Euryarchaeota,Methanobacteriota,True,True,True
59c3ac9deb1ea4fa232648b8f4b28a36,372,0.9902,0.0,Bacillus,Pueribacillus,False,True,True,Bacillaceae,Bacillaceae,True,True,True,Bacillales,Caryophanales,False,False,True,Bacilli,Bacilli,True,True,True,Firmicutes,Bacillota,True,True,True
dadee534fc569a6d56bf35dd37119e02,370,0.9946,0.0,Lentimicrobium,,False,True,True,Lentimicrobiaceae,,False,True,True,Sphingobacteriales,,False,False,True,Bacteroidia,,False,True,True,Bacteroidota,,False,True,True
07127b6c8fc6a9dc81dd0e8c7671be80,374,0.9995,0.0,midas_g_531,,False,False,False,midas_f_269,,False,False,False,Gaiellales,,False,False,True,Thermoleophilia,Thermoleophilia,True,True,True,Actinobacteriota,Actinomycetota,False,False,True
d507739f21b50e7da4bcbf7a7a2ea121,370,0.9956,0.0,Lentimicrobium,Lentimicrobium,True,True,True,Lentimicrobiaceae,Lentimicrobiaceae,True,True,True,Sphingobacteriales,Bacteroidales,False,False,True,Bacteroidia,Bacteroidia,True,True,True,Bacteroidota,Bacteroidota,True,True,True
d173baa99a72cc768d97c17cf7f2424c,389,0.9946,0.0,Aquamicrobium,Aquamicrobium,True,True,True,Rhizobiaceae,Phyllobacteriaceae,False,True,True,Rhizobiales,Hyphomicrobiales,False,False,True,Alphaproteobacteria,Alphaproteobacteria,True,True,True,Proteobacteria,Pseudomonadota,True,True,True
0076646b67a05bdb4dd624ec0945e62c,372,0.9917,0.0,Lentimicrobium,Lentimicrobium,True,True,True,Lentimicrobiaceae,Lentimicrobiaceae,True,True,True,Sphingobacteriales,Bacteroidales,False,False,True,Bacteroidia,Bacteroidia,True,True,True,Bacteroidota,Bacteroidota,True,True,True
27f9f2f9ea4b00c85219ad536764faa1,372,0.9932,0.0,Bacillus,Massilibacterium,False,True,True,Bacillaceae,Bacillaceae,True,True,True,Bacillales,Caryophanales,False,False,True,Bacilli,Bacilli,True,True,True,Firmicutes,Bacillota,True,True,True
b6c19406cbfb8b024ef8d24181b1b819,370,0.9941,0.0,Aquamicrobium,Cohaesibacter,False,True,True,Rhizobiaceae,Cohaesibacteraceae,False,True,True,Rhizobiales,Hyphomicrobiales,False,False,True,Alphaproteobacteria,Alphaproteobacteria,True,True,True,Proteobacteria,Pseudomonadota,True,True,True
6d895cdfe89d25dc579a9c3905c1ad68,395,0.9946,0.0,midas_g_9269,Helicobacter,False,False,False,Paludibacteraceae,Helicobacteraceae,False,False,True,Bacteroidales,Campylobacterales,False,True,True,Bacteroidia,Epsilonproteobacteria,False,True,True,Bacteroidota,Campylobacterota,False,True,True
9560e4972e8046c341e33c5455f39420,387,0.998,0.0,Anaerosalibacter,Anaerosalibacter,True,True,True,Family_XI,Sporanaerobacteraceae,False,False,True,Peptostreptococcales-Tissierellales,Tissierellales,False,False,True,Clostridia,Tissierellia,False,True,True,Firmicutes,Bacillota,True,True,True
7df1941b2f205401a1e303c18dfcb5e4,371,0.9966,0.0,Proteiniborus,Proteiniborus,True,True,True,Proteiniboraceae,,False,False,True,Peptostreptococcales-Tissierellales,Eubacteriales,False,False,True,Clostridia,Clostridia,True,True,True,Firmicutes,Bacillota,True,True,True
95c748a8d89d2bfe4aafcbd6070422a9,374,0.9976,0.0,nan,,False,False,False,midas_f_222,,False,False,False,midas_o_4,Dehalococcoidales,False,False,False,midas_c_4,Dehalococcoidia,False,False,False,Firmicutes,Chloroflexota,False,True,True
c07944d9bc5b69d80662d68f09d8fbb4,374,0.9951,0.0,Oxobacter,Mycobacterium,False,False,True,Oxobacteraceae,Mycobacteriaceae,False,False,True,Clostridiales,Mycobacteriales,False,False,True,Clostridia,Actinomycetes,False,True,True,Firmicutes,Actinomycetota,False,True,True
3abb91a6f1d0a10fef3873be9c7c7149,374,0.9971,0.0,nan,,False,False,False,Lutispora,Christensenellaceae,False,False,True,Gracilibacteraceae,Christensenellales,False,False,True,Clostridia,Clostridia,True,True,True,Firmicutes,Bacillota,True,True,True
bf65217930e4318bf77921b3c64a98d5,369,0.9946,0.0,Bacteroides,,False,True,True,Bacteroidaceae,,False,True,True,Bacteroidales,,False,True,True,Bacteroidia,,False,True,True,Bacteroidota,,False,True,True
7ef48c57ac7c347721cf8cf9449df2b6,373,0.9971,,,,False,False,False,,,False,False,False,,,False,False,False,,,False,False,False,,,False,False,False
f31d3d601977f7db5eb65548662c4499,371,0.998,,,,False,False,False,,,False,False,False,,,False,False,False,,,False,False,False,,Bacillota,False,False,False
8b38bd6899a343b0bfa0c810e124a2c4,374,1.0,,,,False,False,False,,,False,False,False,,,False,False,False,,Myxococcia,False,False,False,,Myxococcota,False,False,False
155c3beaf016d8468eb0b83983071b6d,371,0.9985,,,,False,False,False,,Anaerovoracaceae,False,False,False,,Peptostreptococcales,False,False,False,,Clostridia,False,False,False,,Bacillota,False,False,False
f0564317c39cac4721af4653f44d1e07,373,0.9878,,,Kineothrix,False,False,False,,Lachnospiraceae,False,False,False,,Lachnospirales,False,False,False,,Clostridia,False,False,False,,Bacillota,False,False,False
994cbca745448d2e1f61a6dbf89815e1,374,0.998,,,Candidatus Brocadia,False,False,False,,Candidatus Brocadiaceae,False,False,False,,Candidatus Brocadiales,False,False,False,,Candidatus Brocadiia,False,False,False,,Planctomycetota,False,False,False
77068cd389b8838d8071084c1fcbd2a7,374,0.999,,,,False,False,False,,,False,False,False,,Myxococcales,False,False,False,,Myxococcia,False,False,False,,Myxococcota,False,False,False
9364df2e1c464248c4210efd2a5a939e,372,0.9995,,,Mesorhizobium,False,False,False,,Phyllobacteriaceae,False,False,False,,Hyphomicrobiales,False,False,False,,Alphaproteobacteria,False,False,False,,Pseudomonadota,False,False,False
59c5995d732f22fe559c04802246529b,375,1.0,,,,False,False,False,,,False,False,False,,,False,False,False,,,False,False,False,,Verrucomicrobiota,False,False,False
8d5944568187ed9a8816af5b209b8838,370,1.0,,,Xiashengella,False,False,False,,Marinilabiliaceae,False,False,False,,Marinilabiliales,False,False,False,,Bacteroidia,False,False,False,,Bacteroidota,False,False,False
32ad39f13701d9fccab262c56594eb4f,374,0.9985,,,Herbinix,False,False,False,,Lachnospiraceae,False,False,False,,Lachnospirales,False,False,False,,Clostridia,False,False,False,,Bacillota,False,False,False
9da4ea500796da41c5f69150f7e881cd,369,0.9995,,,,False,False,False,,,False,False,False,,,False,False,False,,Bacteroidia,False,False,False,,Bacteroidota,False,False,False
0eb9f7f362a0865f879c1fd8ba284def,376,0.9868,,,,False,False,False,,,False,False,False,,,False,False,False,,,False,False,False,,Myxococcota,False,False,False
7305b5dca9437b8fcb91780e932ab5b9,374,0.9961,,,Candidatus Brocadia,False,False,False,,Candidatus Brocadiaceae,False,False,False,,Candidatus Brocadiales,False,False,False,,Candidatus Brocadiia,False,False,False,,Planctomycetota,False,False,False
d2c4d0b9b096e695d6d16b4f00ac4eea,371,0.9937,,,Alistipes,False,False,False,,Rikenellaceae,False,False,False,,Bacteroidales,False,False,False,,Bacteroidia,False,False,False,,Bacteroidota,False,False,False
035beae42c3fa186f05aff0ad8fedb94,373,0.9937,,,,False,False,False,,,False,False,False,,Eubacteriales,False,False,False,,Clostridia,False,False,False,,Bacillota,False,False,False
0ead63cfa74c098675a1a5bb1d79a563,374,0.9941,,,,False,False,False,,,False,False,False,,,False,False,False,,Kiritimatiellia,False,False,False,,Kiritimatiellota,False,False,False
37539bece60e7ab8fe9d9a76c9fe48e5,373,0.9946,,,Intestinimonas,False,False,False,,,False,False,False,,Eubacteriales,False,False,False,,Clostridia,False,False,False,,Bacillota,False,False,False
3cd04bebad888421034b2ae9c2a071ec,371,0.9971,,,Anaerococcus,False,False,False,,Peptoniphilaceae,False,False,False,,Tissierellales,False,False,False,,Tissierellia,False,False,False,,Bacillota,False,False,False
72b9eebc7c1ea9214a61f6a785f39b8a,373,0.9937,,,,False,False,False,,,False,False,False,,,False,False,False,,,False,False,False,,Candidatus Ratteibacteria,False,False,False
5d2e53f69d1eed6f936e0e907907c765,375,0.9956,,,,False,False,False,,,False,False,False,,,False,False,False,,,False,False,False,,Candidatus Saccharimonadota,False,False,False
cdb23b7aebc1f36f89ca70f3efa5d18f,370,0.998,,,,False,False,False,,,False,False,False,,,False,False,False,,,False,False,False,,,False,False,False
069542283eb54c7a749da63bb4204831,391,0.9902,0.0,Aminivibrio,Enterococcus,False,False,True,Synergistaceae,Enterococcaceae,False,False,True,Synergistales,Lactobacillales,False,False,True,Synergistia,Bacilli,False,False,True,Synergistota,Bacillota,False,False,True
fd8b9f0334e7dc4b6c8df23989d0338e,392,0.9985,0.0,Enterococcus,Enterococcus,True,True,True,Enterococcaceae,Enterococcaceae,True,True,True,Lactobacillales,Lactobacillales,True,True,True,Bacilli,Bacilli,True,True,True,Firmicutes,Bacillota,True,True,True
43d67e1ce7eecf7458f714c110d161d5,396,0.998,0.0,Romboutsia,Romboutsia,True,True,True,Peptostreptococcaceae,Peptostreptococcaceae,True,True,True,Peptostreptococcales-Tissierellales,Peptostreptococcales,False,False,True,Clostridia,Clostridia,True,True,True,Firmicutes,Bacillota,True,True,True
096a35b50fcf7f2a0a2024a4dad55bab,372,0.9937,0.0,Syner-01,,False,False,True,Synergistaceae,Aminobacteriaceae,False,True,True,Synergistales,Synergistales,True,True,True,Synergistia,Synergistia,True,True,True,Synergistota,Synergistota,True,True,True
78532b4618bfea368dfe10951ddbf5fe,377,0.9878,0.0,Methanobacterium,,False,False,True,Methanobacteriaceae,,False,False,True,Methanobacteriales,,False,False,True,Methanobacteria,Actinomycetes,False,False,True,Euryarchaeota,Actinomycetota,False,True,True
5b471f2048077b60e75a72008f312bff,372,0.9951,0.0,Proteiniphilum,Lascolabacillus,False,True,True,Dysgonomonadaceae,Porphyromonadaceae,False,True,True,Bacteroidales,Bacteroidales,True,True,True,Bacteroidia,Bacteroidia,True,True,True,Bacteroidota,Bacteroidota,True,True,True
bfe8d502e380071034a7aa7c9e56de56,393,0.9858,0.0,midas_g_8129,,False,False,False,Flexifilaceae,,False,False,True,SBR1031,,False,False,True,Anaerolineae,Anaerolineae,True,True,True,Chloroflexi,Chloroflexota,True,True,True
edb3a254eb3f2e858f60f8ccbd76cadc,371,0.999,0.0,Tuzzerella,,False,False,True,Lachnospiraceae,Lachnospiraceae,True,True,True,Lachnospirales,Lachnospirales,True,True,True,Clostridia,Clostridia,True,True,True,Firmicutes,Bacillota,True,True,True
6b6ab36584c143c9ee24a4aa735f0e53,373,0.9946,0.0,EBM-39,,False,False,True,Synergistaceae,Lachnospiraceae,False,False,True,Synergistales,Lachnospirales,False,False,True,Synergistia,Clostridia,False,False,True,Synergistota,Bacillota,False,False,True
c1780feec5ab45ac27fab43e831dc384,373,0.9932,0.0,Petrimonas,Cronobacter,False,True,True,Dysgonomonadaceae,Enterobacteriaceae,False,True,True,Bacteroidales,Enterobacterales,False,True,True,Bacteroidia,Gammaproteobacteria,False,True,True,Bacteroidota,Pseudomonadota,False,True,True
66e3776391b519ba25ba547c36135f4e,370,0.9946,0.0,Stenotrophomonas,Streptomyces,False,True,True,Xanthomonadaceae,Streptomycetaceae,False,False,True,Xanthomonadales,Kitasatosporales,False,False,True,Gammaproteobacteria,Actinomycetes,False,True,True,Proteobacteria,Actinomycetota,False,True,True
5bbc3c6bf73384abdd1b82fd59da71f6,392,0.9971,0.0,Christensenellaceae_R-7_group,Candidatus Limiplasma,False,False,True,Christensenellaceae,,False,False,True,Christensenellales,Eubacteriales,False,True,True,Clostridia,Clostridia,True,True,True,Firmicutes,Bacillota,True,True,True
55e55fef9eb6e14a254537eba4947311,373,0.9917,0.0,nan,,False,False,False,Dysgonomonadaceae,Anaerolineaceae,False,True,True,Bacteroidales,Anaerolineales,False,True,True,Bacteroidia,Anaerolineae,False,True,True,Bacteroidota,Chloroflexota,False,True,True
4052ad7208717391c9277f1041875b5e,372,0.9917,0.0,Syner-01,Rubeoparvulum,False,False,True,Synergistaceae,Bacillaceae,False,False,True,Synergistales,Caryophanales,False,True,True,Synergistia,Bacilli,False,True,True,Synergistota,Bacillota,False,True,True
3521140a9abbfb1ed8d6be3ce25fa48b,392,0.9951,0.0,Pelotomaculum,,False,True,True,Pelotomaculaceae,,False,False,True,Desulfotomaculales,Dehalococcoidales,False,False,True,Desulfotomaculia,Dehalococcoidia,False,False,True,Firmicutes,Chloroflexota,False,True,True
235cecb983088e1e7e515d60ffa5241b,392,0.999,0.0,Clostridium_sensu_stricto_13,Stenotrophomonas,False,False,True,Clostridiaceae,Lysobacteraceae,False,True,True,Clostridiales,Lysobacterales,False,False,True,Clostridia,Gammaproteobacteria,False,True,True,Firmicutes,Pseudomonadota,False,True,True
373b24ca711a549a9a098219879c0d47,371,0.9956,0.0,Methanobacterium,Methanobacterium,True,True,True,Methanobacteriaceae,Methanobacteriaceae,True,True,True,Methanobacteriales,Methanobacteriales,True,True,True,Methanobacteria,Methanobacteria,True,True,True,Euryarchaeota,Methanobacteriota,True,True,True
5dc72706c08b5bf19c3eb0bc92e23362,371,0.9927,0.0,Methanobacterium,Methanobrevibacter,False,True,True,Methanobacteriaceae,Methanobacteriaceae,True,True,True,Methanobacteriales,Methanobacteriales,True,True,True,Methanobacteria,Methanobacteria,True,True,True,Euryarchaeota,Methanobacteriota,True,True,True
e5e19986a4acee87091482f691a1396f,372,0.9927,0.0,EBM-39,,False,False,True,Synergistaceae,,False,False,True,Synergistales,,False,True,True,Synergistia,,False,True,True,Synergistota,Candidatus Cloacimonadota,False,True,True
3fafff6e120eb323ee7a135e6bff6a5d,388,0.9966,0.0,Erysipelothrix,,False,False,True,Erysipelotrichaceae,Erysipelotrichaceae,True,True,True,Erysipelotrichales,Erysipelotrichales,True,True,True,Bacilli,Erysipelotrichia,False,False,True,Firmicutes,Bacillota,True,True,True
661abca79e265b3ee6a7c8d22090737d,376,0.9951,0.0,nan,Paraclostridium,False,False,False,Peptostreptococcaceae,Peptostreptococcaceae,True,True,True,Peptostreptococcales-Tissierellales,Peptostreptococcales,False,False,True,Clostridia,Clostridia,True,True,True,Firmicutes,Bacillota,True,True,True
72950b26cbd1bf74be7b6605ca95ec34,398,0.9966,0.0,Desulfovibrio,Nitratidesulfovibrio,False,True,True,Desulfovibrionaceae,Desulfovibrionaceae,True,True,True,Desulfovibrionales,Desulfovibrionales,True,True,True,Desulfovibrionia,Desulfovibrionia,True,True,True,Desulfobacterota,Thermodesulfobacteriota,False,False,True
8d9e04bcb72dc816e2a95089bcea61eb,373,0.9995,0.0,Christensenellaceae_R-7_group,Christensenella,False,False,True,Christensenellaceae,Christensenellaceae,True,True,True,Christensenellales,Christensenellales,True,True,True,Clostridia,Clostridia,True,True,True,Firmicutes,Bacillota,True,True,True
41f99c44465eb2939503fc0371a28a63,391,0.9888,0.0,Brevundimonas,,False,False,True,Caulobacteraceae,,False,False,True,Caulobacterales,,False,False,True,Alphaproteobacteria,Alphaproteobacteria,True,True,True,Proteobacteria,Pseudomonadota,True,True,True
a56e9b9fb128fed11f629c8a133ea087,387,0.9946,,,Bacteroides,False,False,False,,Bacteroidaceae,False,False,False,,Bacteroidales,False,False,False,,Bacteroidia,False,False,False,,Bacteroidota,False,False,False
6485c37d83d17b68e3abb2d6c2749df5,374,0.9956,0.0,midas_g_2178,,False,False,False,midas_f_1469,,False,False,False,SBR1031,Bryobacterales,False,False,True,Anaerolineae,Terriglobia,False,True,True,Chloroflexi,Acidobacteriota,False,True,True
6f740d9776105d08cb826e9c2e6db049,372,1.0,0.0,Paenibacillus,Cohnella,False,False,True,Paenibacillaceae,Paenibacillaceae,True,True,True,Paenibacillales,Caryophanales,False,False,True,Bacilli,Bacilli,True,True,True,Firmicutes,Bacillota,True,True,True
f78abd34d9f99dfc6481d847ff918abb,395,0.9966,0.0,Gordonia,Gordonia,True,True,True,Nocardiaceae,Gordoniaceae,False,False,True,Corynebacteriales,Mycobacteriales,False,False,True,Actinobacteria,Actinomycetes,False,False,True,Actinobacteriota,Actinomycetota,False,False,True
132a867d0cff8733fee3f3f6603f7dc6,390,0.999,0.0,Achromobacter,Achromobacter,True,True,True,Alcaligenaceae,Alcaligenaceae,True,True,True,Burkholderiales,Burkholderiales,True,True,True,Gammaproteobacteria,Betaproteobacteria,False,True,True,Proteobacteria,Pseudomonadota,True,True,True
57568ab86419e6655ce098557e7735c9,389,0.998,0.0,Desulfovibrio,Nitratidesulfovibrio,False,True,True,Desulfovibrionaceae,Desulfovibrionaceae,True,True,True,Desulfovibrionales,Desulfovibrionales,True,True,True,Desulfovibrionia,Desulfovibrionia,True,True,True,Desulfobacterota,Thermodesulfobacteriota,False,False,True
4ca427ab336fc6142916043c5e209596,372,0.9961,0.0,nan,Candidatus Wallacebacter,False,False,False,midas_f_112,Candidatus Wallacebacteriaceae,False,False,False,MBA03,Candidatus Darwinibacteriales,False,False,True,Limnochordia,Clostridia,False,False,True,Firmicutes,Bacillota,True,True,True
e56ff94be490db15f612984e45450ce3,372,0.9937,0.0,Lentimicrobium,Lentimicrobium,True,True,True,Lentimicrobiaceae,Lentimicrobiaceae,True,True,True,Sphingobacteriales,Bacteroidales,False,False,True,Bacteroidia,Bacteroidia,True,True,True,Bacteroidota,Bacteroidota,True,True,True
333f32bb3f9df5675182ceda88bba911,389,0.9971,0.0,Bosea,Allobosea,False,False,True,Beijerinckiaceae,Alloboseaceae,False,False,True,Rhizobiales,Hyphomicrobiales,False,False,True,Alphaproteobacteria,Alphaproteobacteria,True,True,True,Proteobacteria,Pseudomonadota,True,True,True
c6f278d31a988e901dc047ef3153fbb1,370,0.9951,0.0,Acetobacterium,,False,True,True,Eubacteriaceae,Bacteroidaceae,False,True,True,Eubacteriales,Bacteroidales,False,True,True,Clostridia,Bacteroidia,False,True,True,Firmicutes,Bacteroidota,False,True,True
fce23542da16aacb812dcdafbecf051c,373,0.9966,0.0,Citrobacter,Enterobacter,False,True,True,Enterobacteriaceae,Enterobacteriaceae,True,True,True,Enterobacterales,Enterobacterales,True,True,True,Gammaproteobacteria,Gammaproteobacteria,True,True,True,Proteobacteria,Pseudomonadota,True,True,True
646c600381d6a1b866b50959f3dba7b2,396,0.9868,0.0,Christensenellaceae_R-7_group,Neobacillus,False,False,True,Christensenellaceae,Bacillaceae,False,False,True,Christensenellales,Caryophanales,False,False,True,Clostridia,Bacilli,False,True,True,Firmicutes,Bacillota,True,True,True
fc71dd6489bc96ddac257967a984ed99,372,0.9995,,,Microcoleus,False,False,False,,Microcoleaceae,False,False,False,,Oscillatoriales,False,False,False,,Cyanophyceae,False,False,False,,Cyanobacteriota,False,False,False
9ab99324a368b3af929987cc1e2bb956,372,0.9966,0.0,nan,Burkholderia,False,False,False,nan,Burkholderiaceae,False,False,False,Burkholderiales,Burkholderiales,True,True,True,Gammaproteobacteria,Betaproteobacteria,False,False,True,Proteobacteria,Pseudomonadota,True,True,True
5fc9bb027baf249cda2d48b9d5bcee2c,375,0.9897,0.0,Methanobacterium,Methanobrevibacter,False,True,True,Methanobacteriaceae,Methanobacteriaceae,True,True,True,Methanobacteriales,Methanobacteriales,True,True,True,Methanobacteria,Methanobacteria,True,True,True,Euryarchaeota,Methanobacteriota,True,True,True
f0334c3272bbee3d861fa082350b5374,370,0.9976,0.0,Petrimonas,,False,True,True,Dysgonomonadaceae,,False,True,True,Bacteroidales,,False,True,True,Bacteroidia,,False,True,True,Bacteroidota,Bacteroidota,True,True,True
43dffb075674335d54d49850882a7c5e,372,0.9971,0.0,nan,Caballeronia,False,False,False,nan,Burkholderiaceae,False,False,False,Burkholderiales,Burkholderiales,True,True,True,Gammaproteobacteria,Betaproteobacteria,False,False,True,Proteobacteria,Pseudomonadota,True,True,True
201b998d07e1a35d39e59a0c3447f1e4,372,0.9961,0.0,Acinetobacter,Acinetobacter,True,True,True,Moraxellaceae,Moraxellaceae,True,True,True,Pseudomonadales,Moraxellales,False,False,True,Gammaproteobacteria,Gammaproteobacteria,True,True,True,Proteobacteria,Pseudomonadota,True,True,True
05925c1c63113425269afd1340361c52,375,0.9932,0.0,Mesotoga,Mesotoga,True,True,True,Kosmotogaceae,Kosmotogaceae,True,True,True,Kosmotogales,Kosmotogales,True,True,True,Thermotogae,Thermotogae,True,True,True,Thermotogota,Thermotogota,True,True,True
7e07d92eab06d89b09f0c89c8e30de6b,393,0.9976,0.0,Dysgonomonas,Dysgonomonas,True,True,True,Dysgonomonadaceae,Dysgonomonadaceae,True,True,True,Bacteroidales,Bacteroidales,True,True,True,Bacteroidia,Bacteroidia,True,True,True,Bacteroidota,Bacteroidota,True,True,True
7e3579bed6d01cac3f73b2e45ee36852,395,0.9912,0.0,Thermovirga,Aminiphilus,False,False,True,Synergistaceae,Aminiphilaceae,False,True,True,Synergistales,Synergistales,True,True,True,Synergistia,Synergistia,True,True,True,Synergistota,Synergistota,True,True,True
12198ade971f92bb157e2a699be09bc8,391,0.9961,0.0,Monoglobus,Clostridium,False,False,True,Monoglobaceae,Clostridiaceae,False,False,True,Monoglobales,Eubacteriales,False,False,True,Clostridia,Clostridia,True,True,True,Firmicutes,Bacillota,True,True,True
487184f5513359baac0176c9a150e1ea,373,0.9976,0.0,Acinetobacter,Mycobacterium,False,True,True,Moraxellaceae,Mycobacteriaceae,False,True,True,Pseudomonadales,Mycobacteriales,False,False,True,Gammaproteobacteria,Actinomycetes,False,True,True,Proteobacteria,Actinomycetota,False,True,True
197e3a5e450911182da7403a01b477d5,373,0.9941,0.0,nan,Cronobacter,False,False,False,Enterobacteriaceae,Enterobacteriaceae,True,True,True,Enterobacterales,Enterobacterales,True,True,True,Gammaproteobacteria,Gammaproteobacteria,True,True,True,Proteobacteria,Pseudomonadota,True,True,True
7b6ecabe8f3fae795ee25df066ea90fe,378,0.9932,0.0,Methanobacterium,Methanobacterium,True,True,True,Methanobacteriaceae,Methanobacteriaceae,True,True,True,Methanobacteriales,Methanobacteriales,True,True,True,Methanobacteria,Methanobacteria,True,True,True,Euryarchaeota,Methanobacteriota,True,True,True
9cb41b1fe78219846cde88d8c68f0dbe,372,1.0,0.0,Ca_Competibacter,,False,False,True,Competibacteraceae,,False,False,True,Competibacterales,,False,False,True,Gammaproteobacteria,Gammaproteobacteria,True,True,True,Proteobacteria,Pseudomonadota,True,True,True
4d8b87bb1c80a21e5d80851c8f8c1a91,374,1.0,0.0,Ca_Flexifilum,,False,False,True,Flexifilaceae,,False,False,True,SBR1031,,False,False,True,Anaerolineae,,False,True,True,Chloroflexi,Chloroflexota,True,True,True
8a2c442a314a7a38b0dd2f26401b5bbb,368,0.9995,0.0,midas_g_171,,False,False,False,midas_f_31,,False,False,False,SJA-28,,False,False,True,Ignavibacteria,,False,True,True,Bacteroidota,Verrucomicrobiota,False,False,True
87671eb172dd57036886a3c5e0c4da8d,391,0.9971,0.0,nan,Citrobacter,False,False,False,Enterobacteriaceae,Enterobacteriaceae,True,True,True,Enterobacterales,Enterobacterales,True,True,True,Gammaproteobacteria,Gammaproteobacteria,True,True,True,Proteobacteria,Pseudomonadota,True,True,True
01b7b2f1ca2a80d06d14877e3b3a0182,373,0.9922,0.0,Ochrobactrum,Atlantibacter,False,False,True,Rhizobiaceae,Enterobacteriaceae,False,False,True,Rhizobiales,Enterobacterales,False,False,True,Alphaproteobacteria,Gammaproteobacteria,False,True,True,Proteobacteria,Pseudomonadota,True,True,True
478fa149d72ab4d5a1c35d4fd7c3f6d8,388,0.9985,0.0,Anaerovorax,Sinanaerobacter,False,False,True,Anaerovoracaceae,Anaerovoracaceae,True,True,True,Peptostreptococcales-Tissierellales,Peptostreptococcales,False,False,True,Clostridia,Clostridia,True,True,True,Firmicutes,Bacillota,True,True,True
2386e7f0ed5d187b06bed4a743e7db83,370,0.9937,0.0,midas_g_9269,,False,False,False,Paludibacteraceae,,False,True,True,Bacteroidales,,False,True,True,Bacteroidia,,False,True,True,Bacteroidota,candidate division WWE3,False,True,True
eccd8d734ee6af96b42328e6e5a1d507,371,0.9985,0.0,Alkaliphilus_oremlandii_OhILAs,,False,False,True,Alkaliphilus,,False,False,True,Peptostreptococcales-Tissierellales,,False,False,True,Clostridia,,False,True,True,Firmicutes,Pseudomonadota,False,True,True
2919ca12aa75e54dc25b4e3750d8712c,390,0.9951,0.0,Thermovirga,,False,False,True,Synergistaceae,,False,True,True,Synergistales,Synergistales,True,True,True,Synergistia,Synergistia,True,True,True,Synergistota,Synergistota,True,True,True
08f0179cb02459891d87167ee734be6a,370,0.9946,0.0,midas_g_9269,,False,False,False,Paludibacteraceae,,False,True,True,Bacteroidales,,False,True,True,Bacteroidia,,False,True,True,Bacteroidota,candidate division WWE3,False,True,True
fc342d5f1833e1ea778160c892d7a5f3,372,0.9932,,,Phocaeicola,False,False,False,,Bacteroidaceae,False,False,False,,Bacteroidales,False,False,False,,Bacteroidia,False,False,False,,Bacteroidota,False,False,False
ca260e01990acd1b27aa3f46c03d1814,377,0.9941,0.0,Petrimonas,,False,True,True,Dysgonomonadaceae,,False,True,True,Bacteroidales,,False,True,True,Bacteroidia,,False,True,True,Bacteroidota,Bacteroidota,True,True,True
0ed43372f2f3ba933197e54d759f7dfa,401,0.9971,0.0,Ochrobactrum,Ochrobactrum,True,True,True,Rhizobiaceae,Brucellaceae,False,False,True,Rhizobiales,Hyphomicrobiales,False,False,True,Alphaproteobacteria,Alphaproteobacteria,True,True,True,Proteobacteria,Pseudomonadota,True,True,True
9c958ede3f88bbd0ae42120738cebe7d,371,0.9937,0.0,Methanobacterium,Methanobacterium,True,True,True,Methanobacteriaceae,Methanobacteriaceae,True,True,True,Methanobacteriales,Methanobacteriales,True,True,True,Methanobacteria,Methanobacteria,True,True,True,Euryarchaeota,Methanobacteriota,True,True,True
b34dc27e49d5139cf1011ee1e6032115,375,0.9985,0.0,Nocardioides,Nocardioides,True,True,True,Nocardioidaceae,Nocardioidaceae,True,True,True,Propionibacteriales,Propionibacteriales,True,True,True,Actinobacteria,Actinomycetes,False,False,True,Actinobacteriota,Actinomycetota,False,False,True
38f1741fa5bc42ca4fda255fde5fde58,374,0.9971,0.0,Legionella,Legionella,True,True,True,Legionellaceae,Legionellaceae,True,True,True,Legionellales,Legionellales,True,True,True,Gammaproteobacteria,Gammaproteobacteria,True,True,True,Proteobacteria,Pseudomonadota,True,True,True
f942e5771e9c0960bcb688baaa716f30,374,0.9995,0.0,midas_g_1097,,False,False,False,Pirellulaceae,,False,False,True,Pirellulales,Pirellulales,True,True,True,Planctomycetes,Planctomycetia,False,False,True,Planctomycetota,Planctomycetota,True,True,True
ca3a67eb199d56c1472b1d1ae03a1060,374,0.9966,0.0,nan,Dehalobacterium,False,False,False,Peptococcaceae,Peptococcaceae,True,True,True,Peptococcales,Eubacteriales,False,False,True,Clostridia,Clostridia,True,True,True,Firmicutes,Bacillota,True,True,True
3cabb3834aa4f8f1c38942df4a372056,372,0.9956,0.0,midas_g_7501,Christensenella,False,False,False,Christensenellaceae,Christensenellaceae,True,True,True,Christensenellales,Christensenellales,True,True,True,Clostridia,Clostridia,True,True,True,Firmicutes,Bacillota,True,True,True
f254d2cc030e8a1ed05861537c4dfe86,374,0.9976,0.0,midas_g_2147,,False,False,False,midas_f_858,,False,False,False,Hydrogenispora,Christensenellales,False,False,True,Limnochordia,Clostridia,False,False,True,Firmicutes,Bacillota,True,True,True
2e380222b4128117ac8a61f1e8c13ada,372,0.998,0.0,Aminobacter,,False,False,True,Rhizobiaceae,Rhizobiaceae,True,True,True,Rhizobiales,Hyphomicrobiales,False,False,True,Alphaproteobacteria,Alphaproteobacteria,True,True,True,Proteobacteria,Pseudomonadota,True,True,True
5a462824de896daa8561fc9f99347b0f,374,0.9985,0.0,Fastidiosipila,,False,True,True,Hungateiclostridiaceae,,False,False,True,Oscillospirales,,False,False,True,Clostridia,,False,True,True,Firmicutes,Bacillota,True,True,True
6016284cfbfb502783dfcad77e50e749,374,0.9976,0.0,Caldicoprobacter,,False,False,True,Caldicoprobacteraceae,,False,False,True,Caldicoprobacterales,Eubacteriales,False,False,True,Clostridia,Clostridia,True,True,True,Firmicutes,Bacillota,True,True,True
2f875d64a9be007be12b9063c5704bbc,374,0.9976,,,Acetivibrio,False,False,False,,Acetivibrionaceae,False,False,False,,Acetivibrionales,False,False,False,,Clostridia,False,False,False,,Bacillota,False,False,False
818bf774013469de4ea8f71bc2c537b9,372,0.999,,,Ideonella,False,False,False,,Sphaerotilaceae,False,False,False,,Burkholderiales,False,False,False,,Betaproteobacteria,False,False,False,,Pseudomonadota,False,False,False
37ad584f8cdaf8a4bfd5dd1dd01f3312,372,0.9971,,,,False,False,False,,,False,False,False,,,False,False,False,,,False,False,False,,Bacillota,False,False,False
ab5cf39b2e9868170c9294e681805b5c,373,0.9956,,,,False,False,False,,Christensenellaceae,False,False,False,,Christensenellales,False,False,False,,Clostridia,False,False,False,,Bacillota,False,False,False
1290a35b898a6ddebd15a90b490ad36a,373,0.9966,,,,False,False,False,,Christensenellaceae,False,False,False,,Christensenellales,False,False,False,,Clostridia,False,False,False,,Bacillota,False,False,False
2e5eb7ce3fc3d7278b91a62ae2e9c825,372,0.9961,,,,False,False,False,,,False,False,False,,,False,False,False,,,False,False,False,,Bacillota,False,False,False
f7ad1b48418b30313d797a631bea1ba2,374,0.998,,,Longilinea,False,False,False,,Anaerolineaceae,False,False,False,,Anaerolineales,False,False,False,,Anaerolineae,False,False,False,,Chloroflexota,False,False,False
5c31471f389b8248e70e5bd95713a74c,374,0.9976,,,,False,False,False,,Christensenellaceae,False,False,False,,Christensenellales,False,False,False,,Clostridia,False,False,False,,Bacillota,False,False,False
1f78df0d7b75ab87466e66a9d9acf2cb,373,0.9961,0.0,nan,,False,False,False,Oscillospiraceae,Lachnospiraceae,False,True,True,Oscillospirales,Lachnospirales,False,False,True,Clostridia,Clostridia,True,True,True,Firmicutes,Bacillota,True,True,True
a1813ce3f72d96fb9f4263ed38be432f,373,0.9966,0.0,nan,Sporobacter,False,False,False,Oscillospiraceae,Oscillospiraceae,True,True,True,Oscillospirales,Eubacteriales,False,False,True,Clostridia,Clostridia,True,True,True,Firmicutes,Bacillota,True,True,True
e70ce5e53ecded4a5d878b0f3e0eb2d2,374,0.999,0.0,Clostridium_sensu_stricto_18,Clostridium,False,False,True,Clostridiaceae,Clostridiaceae,True,True,True,Clostridiales,Eubacteriales,False,False,True,Clostridia,Clostridia,True,True,True,Firmicutes,Bacillota,True,True,True
55f98706d860ce102b8bd44690feb79d,372,0.9966,0.0,nan,,False,False,False,Christensenellaceae,,False,True,True,Christensenellales,Christensenellales,True,True,True,Clostridia,Clostridia,True,True,True,Firmicutes,Bacillota,True,True,True
648e7c40b893d19a0a37273a6e507e90,372,0.9985,0.0,Clostridium_sensu_stricto_5,Clostridium,False,False,True,Clostridiaceae,Clostridiaceae,True,True,True,Clostridiales,Eubacteriales,False,False,True,Clostridia,Clostridia,True,True,True,Firmicutes,Bacillota,True,True,True
705d47705664e0e9d6dd0e670d8c2081,374,0.999,0.0,Syntrophomonas,Syntrophomonas,True,True,True,Syntrophomonadaceae,Syntrophomonadaceae,True,True,True,Syntrophomonadales,Eubacteriales,False,False,True,Syntrophomonadia,Clostridia,False,False,True,Firmicutes,Bacillota,True,True,True
f3082c2e28d3436ef615bb6541defb48,374,0.9966,0.0,nan,,False,False,False,Butyricicoccaceae,,False,True,True,Oscillospirales,,False,False,True,Clostridia,Clostridia,True,True,True,Firmicutes,Bacillota,True,True,True
2fab6fd26dd55de5095ef7e45c45017b,374,0.9985,0.0,Clostridium_sensu_stricto_4,Clostridium,False,False,True,Clostridiaceae,Clostridiaceae,True,True,True,Clostridiales,Eubacteriales,False,False,True,Clostridia,Clostridia,True,True,True,Firmicutes,Bacillota,True,True,True
4c41a7fd62f9ed9348949825d0bd354c,374,0.9995,0.0,Clostridium_sensu_stricto_13,Clostridium,False,False,True,Clostridiaceae,Clostridiaceae,True,True,True,Clostridiales,Eubacteriales,False,False,True,Clostridia,Clostridia,True,True,True,Firmicutes,Bacillota,True,True,True
07aff16bdfb251a445d0583df066658e,374,0.9985,,,,False,False,False,,,False,False,False,,,False,False,False,,,False,False,False,,,False,False,False
