asv,tier,gpu_n,edlib_n,gpu_reps,edlib_reps,gpu_anchor,gpu_anchor_species,edlib_anchor,edlib_anchor_species,gpu_anchor_edlib_rank,gpu_reps_in_edlib_top20,gpu_reps_total,gpu_rep_edlib_ranks,genome_set_identical,species_set_identical,anchor_genome_match,anchor_species_match,jaccard_genome
0fec351445f84bd482075ceda6123f46,species,1,1,3412034.3,3412034.3,3412034.3,Methanobacterium sp. MBAC-LM,3412034.3,Methanobacterium sp. MBAC-LM,1,1,1,1,True,True,True,True,1.0
63f37ee4b481fccdffca10160ed5b944,species,1,1,39441.6,39441.6,39441.6,Methanobrevibacter arboriphilus,39441.6,Methanobrevibacter arboriphilus,1,1,1,1,True,True,True,True,1.0
7f78afb7e1d45cd528fe9cd909c93fb5,species,1,1,2841655.3,2841655.3,2841655.3,Methanobacterium sp. YSL,2841655.3,Methanobacterium sp. YSL,1,1,1,1,True,True,True,True,1.0
b64cf0e9dea8cef6b9500b364c179b98,species,2,2,28450.4538|60550.81,28450.4538|60550.81,28450.4538,Burkholderia pseudomallei,28450.4538,Burkholderia pseudomallei,1,2,2,1|2,True,True,True,True,1.0
c55a8101fb6c187736f0af61f720cb92,species,1,1,1678841.5,1678841.5,1678841.5,Lentimicrobium saccharophilum,1678841.5,Lentimicrobium saccharophilum,1,1,1,1,True,True,True,True,1.0
8466f2635d9fbf9c51a04877474f3d09,species,2,2,1367435.3|2991054.4,1367435.3|2991054.4,1367435.3,Alcaligenes sp. DN25,1367435.3,Alcaligenes sp. DN25,1,2,2,1|11,True,True,True,True,1.0
35dbde30af820a2c3bcd85216229ad6a,species,2,2,1298606.3|213585.10,1298606.3|213585.10,1298606.3,Methanosarcina barkeri,1298606.3,Methanosarcina barkeri,1,2,2,1|2,True,True,True,True,1.0
83adaf3a09d08c93f2abea6a4c815592,species,1,1,1978337.3,1978337.3,1978337.3,Petrimonas sp. IBARAKI,1978337.3,Petrimonas sp. IBARAKI,1,1,1,1,True,True,True,True,1.0
04869be25e3dc4d526ce3824d407aedf,species,1,1,1005740.3,1005740.3,1005740.3,Aminivibrio pyruvatiphilus,1005740.3,Aminivibrio pyruvatiphilus,1,1,1,1,True,True,True,True,1.0
25c54c57b4a4283237b33fdae82003c0,genus,5,5,1869227.4076|2053615.69|2030808.223|1918497.3|2268201.13,1869227.4076|2053615.69|2030808.223|1918497.3|2268201.13,1869227.4076,bacterium,1869227.4076,bacterium,3,5,5,3|4|5|6|8,True,True,True,True,1.0
a039c1ac15b3f4bc5cf1db8a5f1cc0fd,species,1,1,1460447.11,1460447.11,1460447.11,Terrisporobacter petrolearius,1460447.11,Terrisporobacter petrolearius,1,1,1,1,True,True,True,True,1.0
38b371de3be6ddef03bea94294e9830d,species,1,1,493461.3,493461.3,493461.3,Methanobacterium movens,493461.3,Methanobacterium movens,1,1,1,1,True,True,True,True,1.0
37a9f9625f201b6e61c29ac09ec54683,genus,1,1,1122184.3,1122184.3,1122184.3,Lutispora thermophila,1122184.3,Lutispora thermophila,1,1,1,1,True,True,True,True,1.0
d3cf08daefed96f494257ceff63a6cf8,species,2,2,1236046.7|2268202.19,1236046.7|2268202.19,1236046.7,Mesotoga infera,1236046.7,Mesotoga infera,2,2,2,2|7,True,True,True,True,1.0
a5b2537343a26f4daf0379a8b46eb2ef,species,2,2,1869227.3111|1674906.4,1869227.3111|1674906.4,1869227.3111,bacterium,1869227.3111,bacterium,1,2,2,1|2,True,True,True,True,1.0
b3d8bf326297fb9b18ea4fef1ce8d4a6,species,1,1,2872636.3,2872636.3,2872636.3,Nitratidesulfovibrio sp. SRB-5,2872636.3,Nitratidesulfovibrio sp. SRB-5,1,1,1,1,True,True,True,True,1.0
c571cb007a7d9e2dfc56e8c0b4e24104,species,2,2,57706.365|546.1947,57706.365|546.1947,57706.365,Citrobacter braakii,57706.365,Citrobacter braakii,1,2,2,1|2,True,True,True,True,1.0
e6485d233ed2b8b9a2f3f50f0747b9d2,species,1,1,1855399.3,1855399.3,1855399.3,Porphyromonadaceae bacterium NLAE-zl-C104,1855399.3,Porphyromonadaceae bacterium NLAE-zl-C104,1,1,1,1,True,True,True,True,1.0
4c31c3e198534eab45b6d92b61f75b10,species,2,2,1629550.38|1490.87,1629550.38|1490.87,1629550.38,Paraclostridium benzoelyticum,1629550.38,Paraclostridium benzoelyticum,1,2,2,1|2,True,True,True,True,1.0
e75fd72fb216d3d4c964602d8c338f65,species,2,2,332949.8|417368.65,332949.8|417368.65,332949.8,Enterococcus silesiacus,332949.8,Enterococcus silesiacus,1,2,2,1|2,True,True,True,True,1.0
09ee5eb3e6c726c7c8242f6e97453fc2,species,1,1,2162.9,2162.9,2162.9,Methanobacterium formicicum,2162.9,Methanobacterium formicicum,1,1,1,1,True,True,True,True,1.0
be9dcf562f0ab066c0b252d527a42d19,species,1,1,1537.8,1537.8,1537.8,Romboutsia lituseburensis,1537.8,Romboutsia lituseburensis,1,1,1,1,True,True,True,True,1.0
6aa300d5323cbf75dc53cec3e6acb87c,genus,1,1,1734398.4,1734398.4,1734398.4,Gracilibacter sp. BRH_c7a,1734398.4,Gracilibacter sp. BRH_c7a,3,1,1,3,True,True,True,True,1.0
e29f9ab1342fe7d53d4f1e2d03bb5969,species,2,2,3034609.7|1869227.3111,3034609.7|1869227.3111,3034609.7,Aminobacteriaceae bacterium,3034609.7,Aminobacteriaceae bacterium,2,2,2,2|5,True,True,True,True,1.0
430c875622713c0d7662add2d8e7db60,species,1,1,296842.5,296842.5,296842.5,Solidesulfovibrio carbinolicus,296842.5,Solidesulfovibrio carbinolicus,1,1,1,1,True,True,True,True,1.0
e144d237c973d831d708cac2c17df968,species,2,2,52694.18|1068975.15,52694.18|1068975.15,52694.18,Acetobacterium wieringae,52694.18,Acetobacterium wieringae,2,2,2,2|3,True,True,True,True,1.0
ec92f6331d8ecb50e3f0dee8fbf3bcb0,species,1,1,2049048.197,2049048.197,2049048.197,Rikenellaceae bacterium,2049048.197,Rikenellaceae bacterium,1,1,1,1,True,True,True,True,1.0
8e6faab8acc1bdcba46f098a739aec14,species,1,1,1632858.6,1632858.6,1632858.6,Massilibacterium senegalense,1632858.6,Massilibacterium senegalense,1,1,1,1,True,True,True,True,1.0
160417c8184691818a991a146e5402d7,species,1,1,1632858.6,1632858.6,1632858.6,Massilibacterium senegalense,1632858.6,Massilibacterium senegalense,1,1,1,1,True,True,True,True,1.0
d42912a22b570ab99938b745999ae2cc,species,1,1,162156.240,162156.240,162156.240,uncultured Bacteroides sp.,162156.240,uncultured Bacteroides sp.,1,1,1,1,True,True,True,True,1.0
b7806c4f83108800a9c32dc83c148d95,species,2,2,2053634.216|2022749.209,2053634.216|2022749.209,2053634.216,Candidatus Uhrbacteria bacterium,2053634.216,Candidatus Uhrbacteria bacterium,1,2,2,1|2,True,True,True,True,1.0
93fadef301b62aa732e42bf1142b3afa,species,1,1,422285.13,422285.13,422285.13,uncultured candidate division WWE3 bacterium,422285.13,uncultured candidate division WWE3 bacterium,1,1,1,1,True,True,True,True,1.0
4bea53b2aad77f2569a0182f6b84255e,species,2,2,3039494.5|163665.19,3039494.5|163665.19,3039494.5,Dysgonomonas sp. Marseille-Q5470,3039494.5,Dysgonomonas sp. Marseille-Q5470,1,2,2,1|2,True,True,True,True,1.0
472fdc0687378563f0c9da6da7638e1a,species,2,2,318464.76|1550.8,318464.76|1550.8,318464.76,Clostridium sulfidigenes,318464.76,Clostridium sulfidigenes,1,2,2,1|6,True,True,True,True,1.0
765b69d9c4313cc8630769db523cc54c,species,2,2,1263547.8|1945593.2603,1263547.8|1945593.2603,1263547.8,Oscillibacter ruminantium,1263547.8,Oscillibacter ruminantium,2,2,2,2|7,True,True,True,True,1.0
29b313a5262947210e3e9de415abaead,species,2,2,2920940.4|3381346.3,2920940.4|3381346.3,2920940.4,Ochrobactrum sp. A-1,2920940.4,Ochrobactrum sp. A-1,1,2,2,1|2,True,True,True,True,1.0
e9e060e5e0e46911cad92b8292aeefd7,species,2,2,398199.6|3374101.3,398199.6|3374101.3,398199.6,Proteiniclasticum ruminis,398199.6,Proteiniclasticum ruminis,1,2,2,1|2,True,True,True,True,1.0
ea156f972cd3802c3fac147e4200ba7a,species,1,1,1674822.4,1674822.4,1674822.4,Bacteroidales bacterium Bact_08,1674822.4,Bacteroidales bacterium Bact_08,1,1,1,1,True,True,True,True,1.0
da47a34fd036b068ca0c5eaf185e2082,genus,3,3,2268201.27|1977087.4365|3041276.11,2268201.27|1977087.4365|3041276.11,2268201.27,Synergistales bacterium,2268201.27,Synergistales bacterium,1,3,3,1|4|5,True,True,True,True,1.0
01bc6f144e0f577c7a5364ebafdb3509,species,2,2,2023866.16|1926877.79,2023866.16|1926877.79,2023866.16,Petrimonas sp.,2023866.16,Petrimonas sp.,1,2,2,1|2,True,True,True,True,1.0
3343d19c0bc1759a66023cbc86c92592,species,1,1,3064664.35,3064664.35,3064664.35,Candidatus Cloacimonadaceae bacterium,3064664.35,Candidatus Cloacimonadaceae bacterium,1,1,1,1,True,True,True,True,1.0
a061d8883eca2028db1d268500722130,species,1,1,3064664.35,3064664.35,3064664.35,Candidatus Cloacimonadaceae bacterium,3064664.35,Candidatus Cloacimonadaceae bacterium,1,1,1,1,True,True,True,True,1.0
0709277372b3816e3986842fb10c8e96,species,2,2,1926877.74|1642646.7,1926877.74|1642646.7,1926877.74,Proteiniphilum sp.,1926877.74,Proteiniphilum sp.,1,2,2,1|3,True,True,True,True,1.0
a82691ab5fd4e8d3d3b23b7958c8e764,family,2,2,2030927.2649|320502.3,2030927.2649|320502.3,2030927.2649,Bacteroidales bacterium,2030927.2649,Bacteroidales bacterium,2,2,2,2|3,True,True,True,True,1.0
181a2b6fbc1d5f5de022772f08fb875c,genus,1,1,1871015.3,1871015.3,1871015.3,Pseudoflavonifractor sp. Marseille-P3106,1871015.3,Pseudoflavonifractor sp. Marseille-P3106,1,1,1,1,True,True,True,True,1.0
28f1a500a5a6ebd1cede9322b50bcaad,species,1,1,1879010.7447,1879010.7447,1879010.7447,Bacillota bacterium,1879010.7447,Bacillota bacterium,1,1,1,1,True,True,True,True,1.0
5976a56adfe903f7348b5eb5689e3c55,genus,1,1,2030927.4484,2030927.4484,2030927.4484,Bacteroidales bacterium,2030927.4484,Bacteroidales bacterium,1,1,1,1,True,True,True,True,1.0
4b50be28c2cc7c6a4dbc6300155c5218,species,2,2,588932.13|1978230.135,588932.13|1978230.135,588932.13,Brevundimonas naejangsanensis,588932.13,Brevundimonas naejangsanensis,1,2,2,1|2,True,True,True,True,1.0
19463e5fe824700110e4a4ec8afe0512,species,1,1,1915619.3,1915619.3,1915619.3,Methanobacteriaceae archaeon UBA117,1915619.3,Methanobacteriaceae archaeon UBA117,2,1,1,2,True,True,True,True,1.0
499a635c6e7dcd5c8ef518302aa50011,species,2,2,1918497.3|2023870.9,1918497.3|2023870.9,1918497.3,Proteiniphilum sp. EBM-39,1918497.3,Proteiniphilum sp. EBM-39,2,2,2,2|4,True,True,True,True,1.0
ff6f97ce50ea01298f8e58b53b97d489,species,2,2,472.424|40215.169,472.424|40215.169,472.424,Acinetobacter sp.,472.424,Acinetobacter sp.,1,2,2,1|2,True,True,True,True,1.0
c7553191e309cfc2e28aea2507e7afdf,species,1,1,3030912.177,3030912.177,3030912.177,Anaerovoracaceae bacterium,3030912.177,Anaerovoracaceae bacterium,1,1,1,1,True,True,True,True,1.0
9feda0d620fa50b57ce3f848e1b48975,species,1,1,180282.80,180282.80,180282.80,Delftia tsuruhatensis,180282.80,Delftia tsuruhatensis,1,1,1,1,True,True,True,True,1.0
07e00e1bcc9d9a3c50591f721785e591,genus,1,1,310093.17,310093.17,310093.17,uncultured Syntrophomonadaceae bacterium,310093.17,uncultured Syntrophomonadaceae bacterium,1,1,1,1,True,True,True,True,1.0
cd05a4b1cda569ae366c6980823f4c72,genus,4,4,2569850.20|2570191.3|2795389.3|1898103.523,2569850.20|2570191.3|2795389.3|1898103.523,2569850.20,Zoogloeaceae bacterium,2569850.20,Zoogloeaceae bacterium,3,4,4,3|4|5|8,True,True,True,True,1.0
28b5f35cfb5f0516e5e5f896428abdcd,species,1,1,89772.4,89772.4,89772.4,Aquamicrobium lusatiense,89772.4,Aquamicrobium lusatiense,1,1,1,1,True,True,True,True,1.0
113b0d8ebf97fc5aba85fa06ecfdbb1a,genus,1,1,1926877.41,1926877.41,1926877.41,Proteiniphilum sp.,1926877.41,Proteiniphilum sp.,1,1,1,1,True,True,True,True,1.0
cd1f95189b8375347f827f4a8b08dcf7,species,2,2,2692384.7|3385990.4,2692384.7|3385990.4,2692384.7,Gudongella sp.,2692384.7,Gudongella sp.,1,2,2,1|2,True,True,True,True,1.0
a402fc6f0fd057decbe746f48bf12862,species,1,1,1978337.3,1978337.3,1978337.3,Petrimonas sp. IBARAKI,1978337.3,Petrimonas sp. IBARAKI,1,1,1,1,True,True,True,True,1.0
1f4fb4bfdca6c9d13106ed533362a62e,species,2,2,49338.10|1121395.3,49338.10|1121395.3,49338.10,Desulfitobacterium hafniense,49338.10,Desulfitobacterium hafniense,1,2,2,1|2,True,True,True,True,1.0
e8e82cf023a3abd684fe7e817acc9bf0,species,1,1,3083246.44,3083246.44,3083246.44,Christensenellales bacterium,3083246.44,Christensenellales bacterium,1,1,1,1,True,True,True,True,1.0
793ecb5ed65cd96425a35698e8ab9e78,species,1,1,2954076.8,2954076.8,2954076.8,,2954076.8,,1,1,1,1,True,True,True,False,1.0
58b2cf308363fb35b932620518786116,species,1,1,415015.4,415015.4,415015.4,Proteiniborus ethanoligenes,415015.4,Proteiniborus ethanoligenes,1,1,1,1,True,True,True,True,1.0
a353b92733af5260a57dd1a0ba3001e1,species,1,1,493461.3,493461.3,493461.3,Methanobacterium movens,493461.3,Methanobacterium movens,1,1,1,1,True,True,True,True,1.0
deb262fd92af4fdcd3b6240303048b2a,species,1,1,90426.50,90426.50,90426.50,Methanothrix sp.,90426.50,Methanothrix sp.,1,1,1,1,True,True,True,True,1.0
abaecd8b82d14efc7ccc4dcb7f864cba,species,1,1,1914538.113,1914538.113,1914538.113,Pseudomonadaceae bacterium,1914538.113,Pseudomonadaceae bacterium,1,1,1,1,True,True,True,True,1.0
5631fe818e588992529f6071afc9cda5,genus,4,4,3083246.34|3097447.3|33025.771|2831996.379,3083246.34|3097447.3|33025.771|2831996.379,3083246.34,Christensenellales bacterium,3083246.34,Christensenellales bacterium,5,4,4,5|2|3|4,True,True,True,True,1.0
4adbf4beb8d2b17f63b543e4d9aa39b6,species,1,1,422285.13,422285.13,422285.13,uncultured candidate division WWE3 bacterium,422285.13,uncultured candidate division WWE3 bacterium,1,1,1,1,True,True,True,True,1.0
43a52ec4605b37f3671b33e61ff6fedd,genus,1,1,2030927.4484,2030927.4484,2030927.4484,Bacteroidales bacterium,2030927.4484,Bacteroidales bacterium,1,1,1,1,True,True,True,True,1.0
b4eac52cfa36ce63f24be2fc530ad204,species,2,2,1898104.1542|1642647.4,1898104.1542|1642647.4,1898104.1542,Bacteroidota bacterium,1898104.1542,Bacteroidota bacterium,1,2,2,1|2,True,True,True,True,1.0
f63e76a4ce2cd0f7f39e8195d8302dcf,species,2,2,1352.23145|53346.225,1352.23145|53346.225,1352.23145,Enterococcus faecium,1352.23145,Enterococcus faecium,1,2,2,1|3,True,True,True,True,1.0
206069e5a5041e6c7f39a4141aefdc19,genus,2,2,820.7372|172733.3472,820.7372|172733.3472,820.7372,Bacteroides uniformis,820.7372,Bacteroides uniformis,3,2,2,3|1,True,True,True,True,1.0
d863bc6a2fa6a8a93787e45a6abe3304,species,2,2,868597.17|2871169.3,868597.17|2871169.3,868597.17,Stenotrophomonas maltophilia,868597.17,Stenotrophomonas maltophilia,1,2,2,1|5,True,True,True,True,1.0
89d1d4064aa11fd1f3efb8e1345c813f,family,1,1,2030927.2649,2030927.2649,2030927.2649,Bacteroidales bacterium,2030927.2649,Bacteroidales bacterium,1,1,1,1,True,True,True,True,1.0
52708c2cfa926ba9b2f69878c97cee2c,species,2,2,538381.39|3046693.3,538381.39|3046693.3,538381.39,Stappia indica,538381.39,Stappia indica,1,2,2,1|3,True,True,True,True,1.0
bb617d32673d5f60d6216a07ad7a42bc,species,2,2,415242.3|2718620.5,415242.3|2718620.5,415242.3,Desulfovibrio psychrotolerans,415242.3,Desulfovibrio psychrotolerans,1,2,2,1|2,True,True,True,True,1.0
d02e8e093df5064814273f652473189e,genus,2,2,2881257.8|1689270.3,2881257.8|1689270.3,2881257.8,Intestinimonas aquisgranensis,2881257.8,Intestinimonas aquisgranensis,1,2,2,1|2,True,True,True,True,1.0
d48429274cd09a4257ad8b24c009e8fd,genus,1,1,413497.13,413497.13,413497.13,Cronobacter dublinensis,413497.13,Cronobacter dublinensis,1,1,1,1,True,True,True,True,1.0
efbade8cc54695abfc5c07f21eecb6e7,species,2,2,202956.47|2799601.5,202956.47|2799601.5,202956.47,Acinetobacter towneri,202956.47,Acinetobacter towneri,2,2,2,2|5,True,True,True,True,1.0
0b736ddea36ed16291fa058fe28061f8,genus,1,1,1879010.6660,1879010.6660,1879010.6660,Bacillota bacterium,1879010.6660,Bacillota bacterium,1,1,1,1,True,True,True,True,1.0
7d537f12eaa3231c2c2b58b74901051c,genus,1,1,1879010.10371,1879010.10371,1879010.10371,Bacillota bacterium,1879010.10371,Bacillota bacterium,1,1,1,1,True,True,True,True,1.0
a43c475502b54cdee1385dcca3109bfe,species,2,2,1286362.3|1297793.6,1286362.3|1297793.6,1286362.3,Lacrimispora celerecrescens,1286362.3,Lacrimispora celerecrescens,1,2,2,1|2,True,True,True,True,1.0
e1382120e151d51cb3b3b6900845f1c8,species,2,2,2952228.3|52561.3,2952228.3|52561.3,2952228.3,Desulfomicrobium sp. ZS1,2952228.3,Desulfomicrobium sp. ZS1,1,2,2,1|2,True,True,True,True,1.0
659d1fe872c9b31a9e0b81eef5ca6218,genus,1,1,78350.3,78350.3,78350.3,Pelotomaculum schinkii,78350.3,Pelotomaculum schinkii,1,1,1,1,True,True,True,True,1.0
dc9b83b9dbf521d0d0b0e1576e44d06a,genus,1,1,1926877.82,1926877.82,1926877.82,Proteiniphilum sp.,1926877.82,Proteiniphilum sp.,1,1,1,1,True,True,True,True,1.0
868a2dd217365ddd6d6ab64d48aeed4a,family,1,1,2044939.1136,2044939.1136,2044939.1136,Clostridia bacterium,2044939.1136,Clostridia bacterium,1,1,1,1,True,True,True,True,1.0
a49becf5a5dbcb201f091757c62fc6bb,species,2,2,873191.9|913109.7,873191.9|913109.7,873191.9,Arcobacter defluvii,873191.9,Arcobacter defluvii,1,2,2,1|6,True,True,True,True,1.0
19083703874fec5c0e976f6ca4fa6bc9,species,2,2,2854796.6|2907624.6,2854796.6|2907624.6,2854796.6,Rhodococcus sp. 11-3,2854796.6,Rhodococcus sp. 11-3,2,2,2,2|3,True,True,True,True,1.0
5cb2b4186e2e95521540e2ccbafcb4c9,species,1,1,3084053.3,3084053.3,3084053.3,Nitratidesulfovibrio sp. 1201_IL3209,3084053.3,Nitratidesulfovibrio sp. 1201_IL3209,1,1,1,1,True,True,True,True,1.0
fa0525ece71fa3362210e904b24a9b62,species,1,1,1879010.7447,1879010.7447,1879010.7447,Bacillota bacterium,1879010.7447,Bacillota bacterium,1,1,1,1,True,True,True,True,1.0
21ceeb224e15175f0c85797abce40d0a,species,2,2,32002.40|85698.295,32002.40|85698.295,32002.40,Achromobacter denitrificans,32002.40,Achromobacter denitrificans,1,2,2,1|2,True,True,True,True,1.0
de329304e57f0e32da3a08e64625a2e1,genus,2,2,3142770.3|2485925.1393,3142770.3|2485925.1393,3142770.3,Oscillospiraceae bacterium 38-13,3142770.3,Oscillospiraceae bacterium 38-13,1,2,2,1|2,True,True,True,True,1.0
04e715f54c06e9ccf25afba02b343b5c,family,1,1,2093811.4,2093811.4,2093811.4,Syntrophomonadaceae bacterium,2093811.4,Syntrophomonadaceae bacterium,1,1,1,1,True,True,True,True,1.0
09383f3babfd32418e7ba07634680e12,species,1,1,2003582.3,2003582.3,2003582.3,Pannonibacter sp. P2PFMT1,2003582.3,Pannonibacter sp. P2PFMT1,1,1,1,1,True,True,True,True,1.0
df94cb7c1f51d6e7df4a969d561b0a4d,species,2,2,2900548.68|1978231.1291,2900548.68|1978231.1291,2900548.68,Actinomycetota bacterium,2900548.68,Actinomycetota bacterium,1,2,2,1|2,True,True,True,True,1.0
ac9e79a82beb3b70c0c7193fff0a8524,genus,1,1,413497.13,413497.13,413497.13,Cronobacter dublinensis,413497.13,Cronobacter dublinensis,1,1,1,1,True,True,True,True,1.0
cb08126894ac0c8eeddc7b86d1ab1eb9,genus,1,1,3072787.4,3072787.4,3072787.4,Bacillota bacterium LX-D,3072787.4,Bacillota bacterium LX-D,1,1,1,1,True,True,True,True,1.0
b47908de018aea1744738eba767e1034,genus,1,1,1871005.3,1871005.3,1871005.3,Anaerosalibacter sp. Marseille-P3206,1871005.3,Anaerosalibacter sp. Marseille-P3206,1,1,1,1,True,True,True,True,1.0
0eff2f70a09cbdfd1a1684adcb990931,species,1,1,1841868.3,1841868.3,1841868.3,Provencibacterium massiliense,1841868.3,Provencibacterium massiliense,1,1,1,1,True,True,True,True,1.0
6e50cfec46931f3d8e0af8e75af55b43,genus,1,1,1297617.207,1297617.207,1297617.207,Intestinimonas butyriciproducens,1297617.207,Intestinimonas butyriciproducens,1,1,1,1,True,True,True,True,1.0
ec716420b2bb28ff5cfc5b19edbe2dfa,species,2,2,85698.438|32002.71,85698.438|32002.71,85698.438,Achromobacter xylosoxidans,85698.438,Achromobacter xylosoxidans,1,2,2,1|5,True,True,True,True,1.0
b180a2455b236c103cf0bfe620095736,species,2,2,2724150.3|1115758.5,2724150.3|1115758.5,2724150.3,Romboutsia sp. CE17,2724150.3,Romboutsia sp. CE17,1,2,2,1|2,True,True,True,True,1.0
3badde1c4760a921d723409ee05fead0,species,1,1,2544872.3,2544872.3,2544872.3,,2544872.3,,1,1,1,1,True,True,True,False,1.0
dcc552ee0bfe584a9f79fd3d7893047f,genus,2,2,521720.6|2604941.3,521720.6|2604941.3,521720.6,Denitrificimonas caeni,521720.6,Denitrificimonas caeni,1,2,2,1|2,True,True,True,True,1.0
3679eb1918d142d7e468ea32c2f42595,species,2,2,1909294.490|2015316.3,1909294.490|2015316.3,1909294.490,Hyphomicrobiales bacterium,1909294.490,Hyphomicrobiales bacterium,1,2,2,1|3,True,True,True,True,1.0
66575db7635d648549a9eb5a4eafb710,genus,1,1,2033014.110,2033014.110,2033014.110,Armatimonadota bacterium,2033014.110,Armatimonadota bacterium,1,1,1,1,True,True,True,True,1.0
f876e4d5cbaa6ac5f3c225bcaf146791,genus,2,2,2026791.202|2202153.108,2026791.202|2202153.108,2026791.202,Bryobacterales bacterium,2026791.202,Bryobacterales bacterium,1,2,2,1|2,True,True,True,True,1.0
5040d210b906c738569bf1c3505ad558,species,1,1,1506.548,1506.548,1506.548,Clostridium sp.,1506.548,Clostridium sp.,1,1,1,1,True,True,True,True,1.0
c05932b0e9b0bcf5f076c8971c6bab60,species,1,1,1120989.3,1120989.3,1120989.3,Anaerobranca californiensis,1120989.3,Anaerobranca californiensis,1,1,1,1,True,True,True,True,1.0
42655605abb4cc7bd5f1be954adf23b0,genus,1,1,2172549.5,2172549.5,2172549.5,Candidatus Brocadia sp.,2172549.5,Candidatus Brocadia sp.,1,1,1,1,True,True,True,True,1.0
212e304679f170a464d2616b3f94a250,species,1,1,3070655.6,3070655.6,3070655.6,Oscillospiraceae bacterium MB24-C1,3070655.6,Oscillospiraceae bacterium MB24-C1,1,1,1,1,True,True,True,True,1.0
6322c84c5ee6585bf9973a931d8f279d,species,1,1,2831996.379,2831996.379,2831996.379,Eubacteriales bacterium,2831996.379,Eubacteriales bacterium,1,1,1,1,True,True,True,True,1.0
e357ec372ce3fdd9cc473b8f57edc002,species,1,1,2044939.530,2044939.530,2044939.530,Clostridia bacterium,2044939.530,Clostridia bacterium,1,1,1,1,True,True,True,True,1.0
89dfaf0aa4a8af8e27a826ba8dd97044,species,2,2,2010183.3|165813.31,2010183.3|165813.31,2010183.3,Sporanaerobacter sp.,2010183.3,Sporanaerobacter sp.,1,2,2,1|3,True,True,True,True,1.0
a5ea8c2ae0dc9882cf9358924dd4f453,species,1,1,413497.13,413497.13,413497.13,Cronobacter dublinensis,413497.13,Cronobacter dublinensis,1,1,1,1,True,True,True,True,1.0
3487ee381e9bba57861b67ac3936d665,species,1,1,1931241.6,1931241.6,1931241.6,Halopseudomonas phragmitis,1931241.6,Halopseudomonas phragmitis,1,1,1,1,True,True,True,True,1.0
8ebc39e79a930b5db089420489c40543,species,2,2,1129264.8|158189.10,1129264.8|158189.10,1129264.8,Sphaerochaeta associata,1129264.8,Sphaerochaeta associata,1,2,2,1|2,True,True,True,True,1.0
7281c911136ba2bdcafebb9c71729dea,species,1,1,1915619.3,1915619.3,1915619.3,Methanobacteriaceae archaeon UBA117,1915619.3,Methanobacteriaceae archaeon UBA117,2,1,1,2,True,True,True,True,1.0
acb819d2b09f090ba6c3112028bbc54b,species,2,2,1978231.1289|2026888.232,1978231.1289|2026888.232,1978231.1289,Acidobacteriota bacterium,1978231.1289,Acidobacteriota bacterium,1,2,2,1|3,True,True,True,True,1.0
9711e5e56376fe411f8d9ca9e739c6f1,genus,1,1,1869227.3092,1869227.3092,1869227.3092,bacterium,1869227.3092,bacterium,1,1,1,1,True,True,True,True,1.0
492422c8881f2e782fccb0225f1c68ab,species,1,1,2713607.4,2713607.4,2713607.4,bacterium SGD-2,2713607.4,bacterium SGD-2,1,1,1,1,True,True,True,True,1.0
2f5695c1563063d2b821ab2eecfa3bd3,species,2,2,521720.6|2604941.3,521720.6|2604941.3,521720.6,Denitrificimonas caeni,521720.6,Denitrificimonas caeni,1,2,2,1|2,True,True,True,True,1.0
8db3a14ae839a3bee50b9a192c59f8f9,genus,1,1,2485925.2156,2485925.2156,2485925.2156,Oscillospiraceae bacterium,2485925.2156,Oscillospiraceae bacterium,1,1,1,1,True,True,True,True,1.0
01a7c19fe64d4300e6e5a8a7280a10bb,species,2,2,1194168.15|225991.76,1194168.15|225991.76,1194168.15,Comamonas jiangduensis,1194168.15,Comamonas jiangduensis,1,2,2,1|2,True,True,True,True,1.0
e1c573f885ed4c9191a32116f583d78a,family,1,1,2033014.354,2033014.354,2033014.354,Armatimonadota bacterium,2033014.354,Armatimonadota bacterium,1,1,1,1,True,True,True,True,1.0
6075255b58efbd350ad34112f80f970a,genus,1,1,338645.5,338645.5,338645.5,Candidatus Contubernalis alkaliaceticus,338645.5,Candidatus Contubernalis alkaliaceticus,1,1,1,1,True,True,True,True,1.0
db5aaacffe4ca31116f5b0e292074588,genus,1,1,2163554.3,2163554.3,2163554.3,Sporomusaceae bacterium FL31,2163554.3,Sporomusaceae bacterium FL31,1,1,1,1,True,True,True,True,1.0
894d5f2608f2a0e9e3bf2499f1cc6130,species,1,1,2847780.12,2847780.12,2847780.12,Atribacter sp.,2847780.12,Atribacter sp.,1,1,1,1,True,True,True,True,1.0
fc7dec198c007a0622c9acba71b1edb1,species,2,2,1129264.8|158189.10,1129264.8|158189.10,1129264.8,Sphaerochaeta associata,1129264.8,Sphaerochaeta associata,1,2,2,1|2,True,True,True,True,1.0
bdc8f8a67a910d09965f2c9975bb00c8,genus,1,1,2172549.5,2172549.5,2172549.5,Candidatus Brocadia sp.,2172549.5,Candidatus Brocadia sp.,1,1,1,1,True,True,True,True,1.0
afd6038f44400cf165c3d637f88be98a,species,1,1,2818044.3,2818044.3,2818044.3,Sinanaerobacter chloroacetimidivorans,2818044.3,Sinanaerobacter chloroacetimidivorans,1,1,1,1,True,True,True,True,1.0
496ed1835247fa310353bd53160fad4a,genus,1,1,2052159.264,2052159.264,2052159.264,Coriobacteriia bacterium,2052159.264,Coriobacteriia bacterium,1,1,1,1,True,True,True,True,1.0
0e9cc4c909306f5a9562d84888902e09,family,2,2,2033014.708|2282152.4,2033014.708|2282152.4,2033014.708,Armatimonadota bacterium,2033014.708,Armatimonadota bacterium,1,2,2,1|5,True,True,True,True,1.0
6dfb10e6d92b2c7ec87175ad560bed2e,species,2,2,212765.9|39691.8,212765.9|39691.8,212765.9,Mycolicibacterium madagascariense,212765.9,Mycolicibacterium madagascariense,5,2,2,5|17,True,True,True,True,1.0
5a6520a634bb27352c524ba237fd0d64,genus,2,2,2093368.7|2049044.344,2093368.7|2049044.344,2093368.7,Desulforudis sp.,2093368.7,Desulforudis sp.,1,2,2,1|2,True,True,True,True,1.0
d96a2ea1b09f080f66ce79b9ddfa768e,species,1,1,1909294.1293,1909294.1293,1909294.1293,Hyphomicrobiales bacterium,1909294.1293,Hyphomicrobiales bacterium,1,1,1,1,True,True,True,True,1.0
f59f09ec54e73f740708fa68eeb78a8c,species,2,2,2034841.34|1898104.2290,2034841.34|1898104.2290,2034841.34,Lentimicrobium sp.,2034841.34,Lentimicrobium sp.,1,2,2,1|2,True,True,True,True,1.0
08ea1c9b9d368cd6d9bfeb8857e90315,species,1,1,3122438.3,3122438.3,3122438.3,Limnospira platensis,3122438.3,Limnospira platensis,1,1,1,1,True,True,True,True,1.0
0f312394fc32d16cfdca183b11aad4ad,species,2,2,2719315.84|208479.12,2719315.84|208479.12,2719315.84,Enterocloster sp.,2719315.84,Enterocloster sp.,1,2,2,1|2,True,True,True,True,1.0
c39f594d9d2493b66260c1f7503e5ea1,species,1,1,1915431.3,1915431.3,1915431.3,Methanobacterium sp. UBA299,1915431.3,Methanobacterium sp. UBA299,1,1,1,1,True,True,True,True,1.0
b26eb5a5ca6820d220d5433b1cffa5e6,species,2,2,1892848.3|1219058.3,1892848.3|1219058.3,1892848.3,Sphingopyxis sp. P1IMeth2,1892848.3,Sphingopyxis sp. P1IMeth2,1,2,2,1|3,True,True,True,True,1.0
7f1023e871bcd3a4f7ac96f3a40c9a8d,species,2,2,1879010.9588|36847.4,1879010.9588|36847.4,1879010.9588,Bacillota bacterium,1879010.9588,Bacillota bacterium,1,2,2,1|2,True,True,True,True,1.0
0c488eee4c6d02abb4e34df3ec16a09b,species,1,1,1871063.7,1871063.7,1871063.7,Aeromicrobium sp.,1871063.7,Aeromicrobium sp.,1,1,1,1,True,True,True,True,1.0
e6141036b0768b50c8079ce8ba7222f9,species,1,1,418702.5,418702.5,418702.5,Azonexus hydrophilus,418702.5,Azonexus hydrophilus,1,1,1,1,True,True,True,True,1.0
e4486fa2f00016fa6078468bfe73bb89,species,2,2,1123404.4|2607614.9,1123404.4|2607614.9,1123404.4,Tissierella praeacuta,1123404.4,Tissierella praeacuta,1,2,2,1|3,True,True,True,True,1.0
02809af9a001c44a58624822e0e44569,genus,1,1,348580.5,348580.5,348580.5,uncultured Sedimentibacter sp.,348580.5,uncultured Sedimentibacter sp.,1,1,1,1,True,True,True,True,1.0
acfe0924c0f9c6ca3720854b5b458d54,species,2,2,128780.161|1913989.4714,128780.161|1913989.4714,128780.161,Stenotrophomonas acidaminiphila,128780.161,Stenotrophomonas acidaminiphila,1,2,2,1|3,True,True,True,True,1.0
1d4b9f3ddf33afdf5308213897846090,species,2,2,2026724.1783|2024896.239,2026724.1783|2024896.239,2026724.1783,Chloroflexota bacterium,2026724.1783,Chloroflexota bacterium,1,2,2,1|3,True,True,True,True,1.0
4ced6b735a53af484d0cf4f620846dcd,genus,1,1,2030808.226,2030808.226,2030808.226,Candidatus Cloacimonadota bacterium,2030808.226,Candidatus Cloacimonadota bacterium,1,1,1,1,True,True,True,True,1.0
69dee006368ff49af541d111152b40c6,species,1,1,2791017.33,2791017.33,2791017.33,Sphaerochaetaceae bacterium,2791017.33,Sphaerochaetaceae bacterium,2,1,1,2,True,True,True,True,1.0
e79a45f432d0ccc86adbf9bbe7cef2a7,species,2,2,3110231.4|1977087.1914,3110231.4|1977087.1914,3110231.4,Thiobacillus sedimenti,3110231.4,Thiobacillus sedimenti,1,2,2,1|3,True,True,True,True,1.0
a84e1039f9b157a2085d23b4114bc888,family,2,2,2033014.708|2282152.4,2033014.708|2282152.4,2033014.708,Armatimonadota bacterium,2033014.708,Armatimonadota bacterium,1,2,2,1|5,True,True,True,True,1.0
d3156233792852376762d588f607ac71,genus,1,1,2320868.3,2320868.3,2320868.3,Clostridium manihotivorum,2320868.3,Clostridium manihotivorum,1,1,1,1,True,True,True,True,1.0
ab2050607cb3fe172ea918d5a17a46c7,species,1,1,69279.8,69279.8,69279.8,Aquamicrobium defluvii,69279.8,Aquamicrobium defluvii,1,1,1,1,True,True,True,True,1.0
4c7b0d554a1103b7872deded4bccb4ea,family,1,1,2044939.4534,2044939.4534,2044939.4534,Clostridia bacterium,2044939.4534,Clostridia bacterium,1,1,1,1,True,True,True,True,1.0
92f305372628ccbd74b7b28b933d306b,species,1,1,422285.13,422285.13,422285.13,uncultured candidate division WWE3 bacterium,422285.13,uncultured candidate division WWE3 bacterium,1,1,1,1,True,True,True,True,1.0
4f3989d95e7611bb6b5307454d75d3ce,genus,1,1,1926877.43,1926877.43,1926877.43,Proteiniphilum sp.,1926877.43,Proteiniphilum sp.,1,1,1,1,True,True,True,True,1.0
1d33e98c9d94c262ab0d8b56d0936eb4,species,1,1,1904254.183,1904254.183,1904254.183,Hydrogenophaga sp.,1904254.183,Hydrogenophaga sp.,1,1,1,1,True,True,True,True,1.0
a27f37aae2a34101f8a61c6f0b1cd246,species,2,2,84022.6|1497.4,84022.6|1497.4,84022.6,Andreesenella acetica,84022.6,Andreesenella acetica,1,2,2,1|6,True,True,True,True,1.0
179e72f0ecdfeb920df685432f3f2d1a,species,1,1,2601698.8,2601698.8,2601698.8,Edaphocola sp.,2601698.8,Edaphocola sp.,1,1,1,1,True,True,True,True,1.0
00e66df34e257e501593d8fab7b76b0d,species,2,2,1512.167|1697782.4,1512.167|1697782.4,1512.167,[Clostridium] symbiosum,1512.167,[Clostridium] symbiosum,1,2,2,1|19,True,True,True,True,1.0
8c86a02bd0f2c7a90bb40b735577a623,genus,2,2,2049044.565|1951746.3,2049044.565|1951746.3,2049044.565,Erysipelotrichaceae bacterium,2049044.565,Erysipelotrichaceae bacterium,1,2,2,1|2,True,True,True,True,1.0
0d1f62d4f2f7227766a17f0340567129,genus,2,2,863.9|1671630.22,863.9|1671630.22,863.9,Syntrophomonas wolfei,863.9,Syntrophomonas wolfei,1,2,2,1|2,True,True,True,True,1.0
8c740d5ca21893b47c7619df1247c75d,genus,1,1,3083246.37,3083246.37,3083246.37,Christensenellales bacterium,3083246.37,Christensenellales bacterium,1,1,1,1,True,True,True,True,1.0
99daab1404e1c027be5dce96473d53ab,species,1,1,2963704.5,2963704.5,2963704.5,Flavonifractor sp. DFI.6.63,2963704.5,Flavonifractor sp. DFI.6.63,1,1,1,1,True,True,True,True,1.0
945e47119242497c2e0bc5b3c6b6ba8e,species,1,1,1304874.5,1304874.5,1304874.5,Aminiphilus circumscriptus,1304874.5,Aminiphilus circumscriptus,1,1,1,1,True,True,True,True,1.0
e1abbababbc410f2f1faa24f6ccbc7f9,species,2,2,2980103.3|427920.3,2980103.3|427920.3,2980103.3,Alkalihalobacterium chitinilyticum,2980103.3,Alkalihalobacterium chitinilyticum,1,2,2,1|2,True,True,True,True,1.0
3d34374d81a96ce4972b93ef5dae9b82,species,1,1,3041622.5,3041622.5,3041622.5,Thiopseudomonas acetoxidans,3041622.5,Thiopseudomonas acetoxidans,1,1,1,1,True,True,True,True,1.0
405dff4269ebcff0dbc2d5c0c63a1ee3,genus,1,1,2172549.5,2172549.5,2172549.5,Candidatus Brocadia sp.,2172549.5,Candidatus Brocadia sp.,1,1,1,1,True,True,True,True,1.0
b24e75b90cb37f9b407738a392646776,species,1,1,2164.140,2164.140,2164.140,Methanobacterium sp.,2164.140,Methanobacterium sp.,1,1,1,1,True,True,True,True,1.0
4835c874610f20a02421b283dbe2f2b6,genus,1,1,3083246.45,3083246.45,3083246.45,Christensenellales bacterium,3083246.45,Christensenellales bacterium,1,1,1,1,True,True,True,True,1.0
0f4c04cefd226f6854ad0fbc2a2de226,species,2,2,659006.3|1576911.3,659006.3|1576911.3,659006.3,Camelimonas lactis,659006.3,Camelimonas lactis,1,2,2,1|4,True,True,True,True,1.0
9adabf530b49244e64c1142cf42a502a,genus,1,1,2485925.2066,2485925.2066,2485925.2066,Oscillospiraceae bacterium,2485925.2066,Oscillospiraceae bacterium,3,1,1,3,True,True,True,True,1.0
1ad05a58bf23396d80f11695ad750b75,species,1,1,1340425.12,1340425.12,1340425.12,Geobacter anodireducens,1340425.12,Geobacter anodireducens,1,1,1,1,True,True,True,True,1.0
15c0fe41b25c6504b8dbe48ae72283d0,species,2,2,1898206.173|2807629.3,1898206.173|2807629.3,1898206.173,Spirochaetaceae bacterium,1898206.173,Spirochaetaceae bacterium,1,2,2,1|3,True,True,True,True,1.0
60da7a21ae2997bc70a9730fd8151a29,species,2,2,100174.3|2003589.3,100174.3|2003589.3,100174.3,Clostridium peptidivorans,100174.3,Clostridium peptidivorans,1,2,2,1|2,True,True,True,True,1.0
ee14afe4571845779465f8dc9646c7b4,genus,1,1,244328.7181,244328.7181,244328.7181,uncultured Clostridia bacterium,244328.7181,uncultured Clostridia bacterium,1,1,1,1,True,True,True,True,1.0
0138936a169c4a0914606cedbcd38fa6,genus,2,2,3039803.760|2518612.350,3039803.760|2518612.350,3039803.760,uncultured Actinomycetota bacterium,3039803.760,uncultured Actinomycetota bacterium,1,2,2,1|2,True,True,True,True,1.0
b64f2cd0b47a6548ebe2077c728b213f,species,2,2,1898104.1542|1642647.4,1898104.1542|1642647.4,1898104.1542,Bacteroidota bacterium,1898104.1542,Bacteroidota bacterium,1,2,2,1|2,True,True,True,True,1.0
dbbd92eb5552c552aab4544c331ac6e2,species,1,1,474960.3,474960.3,474960.3,Hydrogenoanaerobacterium saccharovorans,474960.3,Hydrogenoanaerobacterium saccharovorans,1,1,1,1,True,True,True,True,1.0
09304de7bcdde93714df6d4800a79b4d,species,2,2,2282142.84|3096110.3,2282142.84|3096110.3,2282142.84,Terriglobales bacterium,2282142.84,Terriglobales bacterium,1,2,2,1|2,True,True,True,True,1.0
b65ddb808f41ed58f0a87829f790124c,species,2,2,1891238.1086|2030808.345,1891238.1086|2030808.345,1891238.1086,Burkholderiales bacterium,1891238.1086,Burkholderiales bacterium,1,2,2,1|6,True,True,True,True,1.0
aa9c5ae2ec6da55f30edd92e3de37eff,species,2,2,49338.10|1121395.3,49338.10|1121395.3,49338.10,Desulfitobacterium hafniense,49338.10,Desulfitobacterium hafniense,1,2,2,1|3,True,True,True,True,1.0
1da23dee00520d2c9e0e21bac4a70bca,species,1,1,3122438.3,3122438.3,3122438.3,Limnospira platensis,3122438.3,Limnospira platensis,1,1,1,1,True,True,True,True,1.0
a01649ff3a222398d49af46d04781535,species,1,1,3114290.3,3114290.3,3114290.3,Actinomycetaceae bacterium L2_0104,3114290.3,Actinomycetaceae bacterium L2_0104,1,1,1,1,True,True,True,True,1.0
f3c13bc899928e8043766ca73a046487,species,2,2,49338.10|1121395.3,49338.10|1121395.3,49338.10,Desulfitobacterium hafniense,49338.10,Desulfitobacterium hafniense,2,2,2,2|3,True,True,True,True,1.0
0e487ab2d5669f87e21a4c0c09d8d952,genus,1,1,1935177.86,1935177.86,1935177.86,Angelakisella sp.,1935177.86,Angelakisella sp.,1,1,1,1,True,True,True,True,1.0
c88944b6267ea10d43d5ee264d29ae94,species,2,2,3111540.5|2773458.3,3111540.5|2773458.3,3111540.5,Sinanaerobacter sp. ZZT-01,3111540.5,Sinanaerobacter sp. ZZT-01,1,2,2,1|4,True,True,True,True,1.0
f61f4c9b8258738ad3ee7663e43e7907,genus,3,3,1870988.12|2965279.7|1650661.69,1870988.12|2965279.7|1650661.69,1870988.12,Pseudoflavonifractor phocaeensis,1870988.12,Pseudoflavonifractor phocaeensis,1,3,3,1|2|3,True,True,True,True,1.0
a53b7a494838590a5600a018277e55ea,species,2,2,3388659.3|410332.12,3388659.3|410332.12,3388659.3,Gordonia sp. SND2,3388659.3,Gordonia sp. SND2,1,2,2,1|3,True,True,True,True,1.0
20823322077cf511c8eff4f0840466fd,species,2,2,3051123.6|40324.139,3051123.6|40324.139,3051123.6,Stenotrophomonas sp. 17(2023),3051123.6,Stenotrophomonas sp. 17(2023),1,2,2,1|3,True,True,True,True,1.0
fd28148d0cd2eca274f8a3bb38944793,genus,1,1,1520827.4,1520827.4,1520827.4,Lachnospiraceae bacterium XBB1006,1520827.4,Lachnospiraceae bacterium XBB1006,1,1,1,1,True,True,True,True,1.0
3ade0fa13e56aac194bb3373200d6def,species,1,1,2030808.334,2030808.334,2030808.334,Candidatus Cloacimonadota bacterium,2030808.334,Candidatus Cloacimonadota bacterium,1,1,1,1,True,True,True,True,1.0
f42aeaf1c13130f1fdfc8bafa43ded29,species,2,2,3060154.5|2792224.3,3060154.5|2792224.3,3060154.5,Diaphorobacter sp. C33,3060154.5,Diaphorobacter sp. C33,1,2,2,1|2,True,True,True,True,1.0
924ba8e00fb9f76de6bf217aac8ca9d4,family,2,2,2044939.1136|2107588.80,2044939.1136|2107588.80,2044939.1136,Clostridia bacterium,2044939.1136,Clostridia bacterium,1,2,2,1|5,True,True,True,True,1.0
f23be2076b7f3e2088503d4841c51f06,genus,2,2,2030808.361|2026724.2411,2030808.361|2026724.2411,2030808.361,Candidatus Cloacimonadota bacterium,2030808.361,Candidatus Cloacimonadota bacterium,1,2,2,1|2,True,True,True,True,1.0
a19152d55f42fc72a3a0f985d2615aab,species,1,1,38815.3,38815.3,38815.3,Trichloromonas acetexigens,38815.3,Trichloromonas acetexigens,1,1,1,1,True,True,True,True,1.0
76ef356d895e6434580f18ab74a63e6c,below,0,0,,,,,,,,0,0,,,,,,
80b0dd7e363e6128b4335d08d57b5618,species,1,1,2044939.3592,2044939.3592,2044939.3592,Clostridia bacterium,2044939.3592,Clostridia bacterium,1,1,1,1,True,True,True,True,1.0
22a4e0f758de753ed7e9463edeed304c,species,1,1,3381350.3,3381350.3,3381350.3,Acidaminobacterium chupaoyuni,3381350.3,Acidaminobacterium chupaoyuni,1,1,1,1,True,True,True,True,1.0
4e4ca97fadb8b8e92470ccce2ff91460,genus,1,1,51515.8,51515.8,51515.8,Dehalobacterium formicoaceticum,51515.8,Dehalobacterium formicoaceticum,1,1,1,1,True,True,True,True,1.0
5ab9c9baf340ca93a35be10b4a5b294a,species,1,1,1879010.9708,1879010.9708,1879010.9708,Bacillota bacterium,1879010.9708,Bacillota bacterium,1,1,1,1,True,True,True,True,1.0
d081020b6bdf3bf279b93bd42598e1e1,species,1,1,1945593.2602,1945593.2602,1945593.2602,Oscillibacter sp.,1945593.2602,Oscillibacter sp.,1,1,1,1,True,True,True,True,1.0
2c452b25c7f3c62be462d8f47ed179e3,species,1,1,1898104.639,1898104.639,1898104.639,Bacteroidota bacterium,1898104.639,Bacteroidota bacterium,1,1,1,1,True,True,True,True,1.0
ebef4f7d86a3b71b870100599f233ff8,genus,2,2,2930996.3|2054177.138,2930996.3|2054177.138,2930996.3,Christensenellaceae bacterium OttesenSCG-928-L17,2930996.3,Christensenellaceae bacterium OttesenSCG-928-L17,1,2,2,1|2,True,True,True,True,1.0
fe74d2e267ad3ebb8fbfe24bbb464049,family,1,1,1903720.85,1903720.85,1903720.85,Bacilli bacterium,1903720.85,Bacilli bacterium,1,1,1,1,True,True,True,True,1.0
9afd475513b0a626050fef80f7d864d4,species,1,1,493461.3,493461.3,493461.3,Methanobacterium movens,493461.3,Methanobacterium movens,1,1,1,1,True,True,True,True,1.0
1f1ff56fd37c5c9b1a9ac7b1d99e10b0,species,1,1,1909295.556,1909295.556,1909295.556,Solirubrobacterales bacterium,1909295.556,Solirubrobacterales bacterium,2,1,1,2,True,True,True,True,1.0
fbb4d97e016a3fae74e1e3b81805e48e,genus,2,2,820.7372|172733.3472,820.7372|172733.3472,820.7372,Bacteroides uniformis,820.7372,Bacteroides uniformis,3,2,2,3|1,True,True,True,True,1.0
619ac3ad257e70633292af469a960d56,species,1,1,1582259.3,1582259.3,1582259.3,Gudongella oleilytica,1582259.3,Gudongella oleilytica,1,1,1,1,True,True,True,True,1.0
2e707ae206fd30644537a8329e2b9476,genus,1,1,2823377.3,2823377.3,2823377.3,Desulfobotulus pelophilus,2823377.3,Desulfobotulus pelophilus,1,1,1,1,True,True,True,True,1.0
49d8ed77132802ef1ad7036f31e0117a,genus,1,1,2053624.170,2053624.170,2053624.170,Synergistaceae bacterium,2053624.170,Synergistaceae bacterium,1,1,1,1,True,True,True,True,1.0
cfa7e5524c99aac7db9399503a7e846a,genus,1,1,348580.5,348580.5,348580.5,uncultured Sedimentibacter sp.,348580.5,uncultured Sedimentibacter sp.,1,1,1,1,True,True,True,True,1.0
678452b1266654469afd6625a7ec25f5,genus,1,1,2172549.5,2172549.5,2172549.5,Candidatus Brocadia sp.,2172549.5,Candidatus Brocadia sp.,1,1,1,1,True,True,True,True,1.0
61d14f45268668061628d7a7990641b2,genus,1,1,1297424.3,1297424.3,1297424.3,Anaerobacterium chartisolvens,1297424.3,Anaerobacterium chartisolvens,1,1,1,1,True,True,True,True,1.0
a6efdb52a04e05a2a1be52f5516784fa,species,2,2,3142262.4|1134435.5,3142262.4|1134435.5,3142262.4,Thauera sp. JM12B12,3142262.4,Thauera sp. JM12B12,1,2,2,1|2,True,True,True,True,1.0
2b7dca9f823dab555a368d87f194804f,species,1,1,2382159.4,2382159.4,2382159.4,Proteiniphilum sp. X52,2382159.4,Proteiniphilum sp. X52,1,1,1,1,True,True,True,True,1.0
070ad707f633c0df5a19f11bcfa699c1,species,2,2,1898104.1542|1642647.4,1898104.1542|1642647.4,1898104.1542,Bacteroidota bacterium,1898104.1542,Bacteroidota bacterium,1,2,2,1|2,True,True,True,True,1.0
b49bff6b867f0818155aa2ee1b77e93a,species,2,2,1898104.1542|1642647.4,1898104.1542|1642647.4,1898104.1542,Bacteroidota bacterium,1898104.1542,Bacteroidota bacterium,1,2,2,1|2,True,True,True,True,1.0
5ec4e02584b8c58b33bde92395188ffa,species,2,2,683042.3|55969.10,683042.3|55969.10,683042.3,Leucobacter denitrificans,683042.3,Leucobacter denitrificans,1,2,2,1|2,True,True,True,True,1.0
22958f01426d8f1fe3f4922e13710669,species,2,2,1883427.3113|2518612.209,1883427.3113|2518612.209,1883427.3113,Actinomycetes bacterium,1883427.3113,Actinomycetes bacterium,1,2,2,1|3,True,True,True,True,1.0
826b2dad200d99cccec78d01acb38da4,species,2,2,1629550.38|1490.87,1629550.38|1490.87,1629550.38,Paraclostridium benzoelyticum,1629550.38,Paraclostridium benzoelyticum,1,2,2,1|2,True,True,True,True,1.0
916d15ab17794198ea4c5ad1e3fb6258,species,1,1,1898651.5,1898651.5,1898651.5,Desulfocucumis palustris,1898651.5,Desulfocucumis palustris,2,1,1,2,True,True,True,True,1.0
10ba1c6a051a49b25b443bebd244b71c,species,2,2,1123003.3|2093812.12,1123003.3|2093812.12,1123003.3,Propionispora hippei,1123003.3,Propionispora hippei,1,2,2,1|2,True,True,True,True,1.0
3fb688a9024c5d9e0c97cf7a6859063a,family,1,1,2953763.18,2953763.18,2953763.18,Hydrogenoanaerobacterium sp.,2953763.18,Hydrogenoanaerobacterium sp.,1,1,1,1,True,True,True,True,1.0
779e393e6ff91129f826c691a0d16db3,family,1,1,2044939.4534,2044939.4534,2044939.4534,Clostridia bacterium,2044939.4534,Clostridia bacterium,1,1,1,1,True,True,True,True,1.0
e561c5c5f92aa66e6b1befb81385d1fc,species,1,1,2053624.176,2053624.176,2053624.176,Synergistaceae bacterium,2053624.176,Synergistaceae bacterium,1,1,1,1,True,True,True,True,1.0
3e524f0bf09623c8530930bb8b27045c,species,1,1,2053624.147,2053624.147,2053624.147,Synergistaceae bacterium,2053624.147,Synergistaceae bacterium,1,1,1,1,True,True,True,True,1.0
d4cf4bfef77541da66524a9292252fa2,species,2,2,1898104.1542|1642647.4,1898104.1542|1642647.4,1898104.1542,Bacteroidota bacterium,1898104.1542,Bacteroidota bacterium,1,2,2,1|2,True,True,True,True,1.0
8bc8eb4392eecf9f922bfb55df2c4144,species,1,1,1537.8,1537.8,1537.8,Romboutsia lituseburensis,1537.8,Romboutsia lituseburensis,1,1,1,1,True,True,True,True,1.0
613cd0ab8ed46a361940e06efaecdb6d,genus,3,3,2268201.27|1977087.4365|3041276.11,2268201.27|1977087.4365|3041276.11,2268201.27,Synergistales bacterium,2268201.27,Synergistales bacterium,1,3,3,1|4|5,True,True,True,True,1.0
07246a1fc2c2fed9e54374f5ee46c333,species,2,2,622664.3|2030808.360,622664.3|2030808.360,622664.3,Ornithinibacter aureus,622664.3,Ornithinibacter aureus,1,2,2,1|2,True,True,True,True,1.0
3e09043820433588bf896d8e55bc1423,genus,1,1,2268201.94,2268201.94,2268201.94,Synergistales bacterium,2268201.94,Synergistales bacterium,1,1,1,1,True,True,True,True,1.0
dcb31c0c036636a36840c1f3341898d9,species,1,1,1122184.3,1122184.3,1122184.3,Lutispora thermophila,1122184.3,Lutispora thermophila,1,1,1,1,True,True,True,True,1.0
2b335f368deba69c6c95c18da31dc5f4,species,2,2,1506.1129|2030927.256,1506.1129|2030927.256,1506.1129,Clostridium sp.,1506.1129,Clostridium sp.,1,2,2,1|2,True,True,True,True,1.0
d693c275c376753e40770f95ba69a9f9,genus,1,1,78350.3,78350.3,78350.3,Pelotomaculum schinkii,78350.3,Pelotomaculum schinkii,1,1,1,1,True,True,True,True,1.0
495cc889a2e82868482b1feb2f71fbd0,species,1,1,3039803.519,3039803.519,3039803.519,uncultured Actinomycetota bacterium,3039803.519,uncultured Actinomycetota bacterium,1,1,1,1,True,True,True,True,1.0
aa15b94e77f3955a73a15e15187b6482,species,1,1,3082383.25,3082383.25,3082383.25,Candidatus Darwinibacter acetoxidans,3082383.25,Candidatus Darwinibacter acetoxidans,1,1,1,1,True,True,True,True,1.0
6e21064675bd1626771d39886cc9d88b,genus,2,2,2223.16|2044939.4948,2223.16|2044939.4948,2223.16,Methanothrix soehngenii,2223.16,Methanothrix soehngenii,1,2,2,1|2,True,True,True,True,1.0
7b43b24e8c817bba9f0008696985ae06,family,1,1,2026770.468,2026770.468,2026770.468,Nitrospiraceae bacterium,2026770.468,Nitrospiraceae bacterium,3,1,1,3,True,True,True,True,1.0
baa4a4f4c8d40a784e35ff0313bf0ccb,genus,4,4,2569850.20|2570191.3|2795389.3|1898103.523,2569850.20|2570191.3|2795389.3|1898103.523,2569850.20,Zoogloeaceae bacterium,2569850.20,Zoogloeaceae bacterium,3,4,4,3|4|5|8,True,True,True,True,1.0
f847d5bbe9c5a3555db3988cfa1b838f,genus,1,1,51515.8,51515.8,51515.8,Dehalobacterium formicoaceticum,51515.8,Dehalobacterium formicoaceticum,1,1,1,1,True,True,True,True,1.0
33e423de05448134722fcf4bd6a224d7,genus,4,4,2881257.8|2485925.2068|1689270.3|2997294.140,2881257.8|2485925.2068|1689270.3|2997294.140,2881257.8,Intestinimonas aquisgranensis,2881257.8,Intestinimonas aquisgranensis,1,4,4,1|2|3|18,True,True,True,True,1.0
fde5fbd4507f68a2eabc92fb449d9965,genus,1,1,348580.5,348580.5,348580.5,uncultured Sedimentibacter sp.,348580.5,uncultured Sedimentibacter sp.,1,1,1,1,True,True,True,True,1.0
8a4c692c01077fa5a93913725097b3bc,species,2,2,281.12|3119911.3,281.12|3119911.3,281.12,Xanthobacter flavus,281.12,Xanthobacter flavus,1,2,2,1|5,True,True,True,True,1.0
6a00993959cfffcd3e54203b0cb659a2,species,2,2,3235037.3|55583.12,3235037.3|55583.12,3235037.3,Dehalobacter sp. TBBPA1,3235037.3,Dehalobacter sp. TBBPA1,1,2,2,1|6,True,True,True,True,1.0
05771e0f1c5425fc486934e2beb87956,genus,1,1,3083246.49,3083246.49,3083246.49,Christensenellales bacterium,3083246.49,Christensenellales bacterium,1,1,1,1,True,True,True,True,1.0
8a1c973b6094cbd560f363581ce1beba,genus,2,2,2223.16|2044939.4948,2223.16|2044939.4948,2223.16,Methanothrix soehngenii,2223.16,Methanothrix soehngenii,1,2,2,1|2,True,True,True,True,1.0
b757c414a3bc227758c09624ca177986,genus,1,1,690567.9,690567.9,690567.9,Syntrophomonas zehnderi,690567.9,Syntrophomonas zehnderi,1,1,1,1,True,True,True,True,1.0
fd4dc2d3654041c497b3d8e6cee4d18b,species,2,2,2053689.131|2026887.768,2053689.131|2026887.768,2053689.131,Thermotogota bacterium,2053689.131,Thermotogota bacterium,1,2,2,1|2,True,True,True,True,1.0
62e1d1dac671aff6e6dc206418fd79c6,species,1,1,1631346.8,1631346.8,1631346.8,Rubeoparvulum massiliense,1631346.8,Rubeoparvulum massiliense,1,1,1,1,True,True,True,True,1.0
8b05c693d167b0c68f1316963744f122,species,1,1,78350.3,78350.3,78350.3,Pelotomaculum schinkii,78350.3,Pelotomaculum schinkii,1,1,1,1,True,True,True,True,1.0
058f50a8bccf06f41d115822bdfe37fb,genus,1,1,3083246.49,3083246.49,3083246.49,Christensenellales bacterium,3083246.49,Christensenellales bacterium,1,1,1,1,True,True,True,True,1.0
b78bdac2d66434f67db2a71b6f893639,genus,2,2,2054177.130|2930996.3,2054177.130|2930996.3,2054177.130,Christensenellaceae bacterium,2054177.130,Christensenellaceae bacterium,3,2,2,3|5,True,True,True,True,1.0
87db021bd3fb687eba7b420338158435,species,1,1,1898207.5522,1898207.5522,1898207.5522,Clostridiales bacterium,1898207.5522,Clostridiales bacterium,1,1,1,1,True,True,True,True,1.0
34bd302b38c473a6dc69875818ebfb23,family,1,1,3082383.27,3082383.27,3082383.27,Candidatus Darwinibacter acetoxidans,3082383.27,Candidatus Darwinibacter acetoxidans,1,1,1,1,True,True,True,True,1.0
54e41d7748bdb8fe71a73a47ad58423e,species,1,1,1482730.5,1482730.5,1482730.5,Alkaliphilus hydrothermalis,1482730.5,Alkaliphilus hydrothermalis,1,1,1,1,True,True,True,True,1.0
50bef0776b442d38fe4de5a83b9187a8,species,2,2,1465809.3|1676991.3,1465809.3|1676991.3,1465809.3,Clostridium senegalense,1465809.3,Clostridium senegalense,1,2,2,1|3,True,True,True,True,1.0
94ef08db649a5339b6de95109a8bad0f,species,2,2,2587845.4|316.762,2587845.4|316.762,2587845.4,,2587845.4,,1,2,2,1|2,True,True,True,False,1.0
201a9f507c9b354eb162adf1f311c607,species,2,2,2053689.131|2202144.254,2053689.131|2202144.254,2053689.131,Thermotogota bacterium,2053689.131,Thermotogota bacterium,1,2,2,1|2,True,True,True,True,1.0
7b35a5b1674bbaefc9af01283da529c1,species,1,1,1121318.3,1121318.3,1121318.3,Clostridium homopropionicum,1121318.3,Clostridium homopropionicum,1,1,1,1,True,True,True,True,1.0
33ee5a4f23a0bf945ce5b4ffa11feef5,species,1,1,1306154.7,1306154.7,1306154.7,Rummeliibacillus suwonensis,1306154.7,Rummeliibacillus suwonensis,1,1,1,1,True,True,True,True,1.0
ed583664a71759ab4da92119efb0df87,species,1,1,1122184.3,1122184.3,1122184.3,Lutispora thermophila,1122184.3,Lutispora thermophila,1,1,1,1,True,True,True,True,1.0
31b772f3e0f36755cdb6cd584a8a105f,species,2,2,1898207.3492|1193534.7,1898207.3492|1193534.7,1898207.3492,Clostridiales bacterium,1898207.3492,Clostridiales bacterium,1,2,2,1|2,True,True,True,True,1.0
9d169a06854ffc97e3fa36d6dad78813,species,1,1,1674822.4,1674822.4,1674822.4,Bacteroidales bacterium Bact_08,1674822.4,Bacteroidales bacterium Bact_08,1,1,1,1,True,True,True,True,1.0
669b72740b8bed1bcedbdbaa4b8be1e7,genus,1,1,2030809.56,2030809.56,2030809.56,Candidatus Hydrogenedentota bacterium,2030809.56,Candidatus Hydrogenedentota bacterium,1,1,1,1,True,True,True,True,1.0
9cef27fb5c42d04a7e949300061958c1,species,1,1,2518612.353,2518612.353,2518612.353,Candidatus Nanopelagicales bacterium,2518612.353,Candidatus Nanopelagicales bacterium,1,1,1,1,True,True,True,True,1.0
387fd7acb95a1f0053edacb08ca9384d,species,1,1,2818044.3,2818044.3,2818044.3,Sinanaerobacter chloroacetimidivorans,2818044.3,Sinanaerobacter chloroacetimidivorans,1,1,1,1,True,True,True,True,1.0
93b2f6310a4ce172502298f06cf628cf,genus,2,2,820.7372|172733.3472,820.7372|172733.3472,820.7372,Bacteroides uniformis,820.7372,Bacteroides uniformis,3,2,2,3|1,True,True,True,True,1.0
817555c3b5d93664c38e8fbec64eba2e,genus,3,3,2268201.27|1977087.4365|3041276.11,2268201.27|1977087.4365|3041276.11,2268201.27,Synergistales bacterium,2268201.27,Synergistales bacterium,1,3,3,1|4|5,True,True,True,True,1.0
05728a4572e292df51f34610249d4fa9,genus,1,1,1122184.3,1122184.3,1122184.3,Lutispora thermophila,1122184.3,Lutispora thermophila,1,1,1,1,True,True,True,True,1.0
405648482a348320fe4470fddebb64c6,species,1,1,1538103.3,1538103.3,1538103.3,Pseudochelatococcus contaminans,1538103.3,Pseudochelatococcus contaminans,1,1,1,1,True,True,True,True,1.0
5837405da6036e7481240160de143774,family,1,1,244328.141,244328.141,244328.141,uncultured Clostridia bacterium,244328.141,uncultured Clostridia bacterium,1,1,1,1,True,True,True,True,1.0
9c90a0c962c8b6283f7a71b644fce90c,species,2,2,1977087.4266|1674908.5,1977087.4266|1674908.5,1977087.4266,Pseudomonadota bacterium,1977087.4266,Pseudomonadota bacterium,1,2,2,1|2,True,True,True,True,1.0
34bc76cd76ea83cf74430a3bbb56ac82,genus,2,2,1883427.505|1685.929,1883427.505|1685.929,1883427.505,Actinomycetes bacterium,1883427.505,Actinomycetes bacterium,2,2,2,2|3,True,True,True,True,1.0
b5b93f7fc3d0a88dff0ced83eb0bb5ab,genus,1,1,1879010.11595,1879010.11595,1879010.11595,Bacillota bacterium,1879010.11595,Bacillota bacterium,1,1,1,1,True,True,True,True,1.0
6868203f42c3571c5d284d6fd8077b84,family,1,1,2033014.110,2033014.110,2033014.110,Armatimonadota bacterium,2033014.110,Armatimonadota bacterium,1,1,1,1,True,True,True,True,1.0
9b6a7459b2c92cee0abfc36d503488b7,species,2,2,172043.6|2795107.3,172043.6|2795107.3,172043.6,Brevundimonas nasdae,172043.6,Brevundimonas nasdae,2,2,2,2|3,True,True,True,True,1.0
9413dd54243692b250670640c660758d,genus,2,2,2026791.202|2202153.108,2026791.202|2202153.108,2026791.202,Bryobacterales bacterium,2026791.202,Bryobacterales bacterium,1,2,2,1|2,True,True,True,True,1.0
9ab23c4d99ca81eaa9c30826e3201dd4,species,2,2,312168.3|84022.6,312168.3|84022.6,312168.3,Anaerovirgula multivorans,312168.3,Anaerovirgula multivorans,1,2,2,1|2,True,True,True,True,1.0
44f513ba8d222b088ba2ad6e7ab85b8c,species,1,1,2021380.30,2021380.30,2021380.30,Propionibacteriaceae bacterium,2021380.30,Propionibacteriaceae bacterium,1,1,1,1,True,True,True,True,1.0
cead0ca51f97bc24bf11b1d1d12aee6e,genus,2,2,3097447.3|3083246.37,3097447.3|3083246.37,3097447.3,Candidatus Pullichristensenella sp.,3097447.3,Candidatus Pullichristensenella sp.,1,2,2,1|2,True,True,True,True,1.0
7b29e948451d2fdcce6d39ddc6c25520,species,2,2,429001.8|1892848.3,429001.8|1892848.3,429001.8,Sphingopyxis terrae,429001.8,Sphingopyxis terrae,1,2,2,1|2,True,True,True,True,1.0
197c1736a92b42d2671a7ea927a9d7d8,species,2,2,2024848.108|291828.7,2024848.108|291828.7,2024848.108,Parvibaculum sp.,2024848.108,Parvibaculum sp.,2,2,2,2|8,True,True,True,True,1.0
5ab25dcdb272bc212f8833c23f30c16e,species,2,2,1367435.3|2991054.4,1367435.3|2991054.4,1367435.3,Alcaligenes sp. DN25,1367435.3,Alcaligenes sp. DN25,1,2,2,1|11,True,True,True,True,1.0
e94618b44f9856c9a2151cab1800a460,species,1,1,1903597.3,1903597.3,1903597.3,Oceanibaculum sp.,1903597.3,Oceanibaculum sp.,1,1,1,1,True,True,True,True,1.0
daac17ca54538cbc9aada8497262da96,genus,2,2,1898104.1534|2184052.35,1898104.1534|2184052.35,1898104.1534,Bacteroidota bacterium,1898104.1534,Bacteroidota bacterium,1,2,2,1|2,True,True,True,True,1.0
cbe80782cb7eff2eb8427fae47b49d1a,genus,1,1,1879010.6660,1879010.6660,1879010.6660,Bacillota bacterium,1879010.6660,Bacillota bacterium,1,1,1,1,True,True,True,True,1.0
1351e87aa6c89a114e5104be8fe7c817,species,2,2,1491.2231|2949969.5,1491.2231|2949969.5,1491.2231,Clostridium botulinum,1491.2231,Clostridium botulinum,1,2,2,1|4,True,True,True,True,1.0
9795a55dde06c4761698039cf60bd637,genus,1,1,1527.9,1527.9,1527.9,Anaerocolumna aminovalerica,1527.9,Anaerocolumna aminovalerica,1,1,1,1,True,True,True,True,1.0
164212c0910ca9770a6bd13bcb2c5d05,species,2,2,1970392.3|87.54,1970392.3|87.54,1970392.3,Hyphomonas sp. 34-62-18,1970392.3,Hyphomonas sp. 34-62-18,1,2,2,1|4,True,True,True,True,1.0
e27928b6f9a580b0d7f95feeb01ba523,species,2,2,1123003.3|2093812.12,1123003.3|2093812.12,1123003.3,Propionispora hippei,1123003.3,Propionispora hippei,1,2,2,1|2,True,True,True,True,1.0
bc15f0e20879b79188fa5ea9e191428c,species,2,2,3390204.3|1869227.3118,3390204.3|1869227.3118,3390204.3,Aphanothece microscopica,3390204.3,Aphanothece microscopica,1,2,2,1|2,True,True,True,True,1.0
9e54e8d50785a84f97b38e3eb665dda0,genus,1,1,34034.269,34034.269,34034.269,uncultured delta proteobacterium,34034.269,uncultured delta proteobacterium,1,1,1,1,True,True,True,True,1.0
d5e86e0fe7c13c5751606c96f3788345,genus,2,2,1926877.74|1642646.7,1926877.74|1642646.7,1926877.74,Proteiniphilum sp.,1926877.74,Proteiniphilum sp.,1,2,2,1|3,True,True,True,True,1.0
0baae4d70749907f3e1f9be33a159e80,genus,3,3,1544.4|2914165.4|1918608.9,1544.4|2914165.4|1918608.9,1544.4,Faecalicatena orotica,1544.4,Faecalicatena orotica,1,3,3,1|4|7,True,True,True,True,1.0
f12686b1d3e4d79217d2b79924ed502d,species,2,2,1629550.38|1490.87,1629550.38|1490.87,1629550.38,Paraclostridium benzoelyticum,1629550.38,Paraclostridium benzoelyticum,1,2,2,1|2,True,True,True,True,1.0
f0f5fe3a3ccc66ce7e67e82294654107,species,1,1,654838.4,654838.4,654838.4,Fontibacter flavus,654838.4,Fontibacter flavus,1,1,1,1,True,True,True,True,1.0
aa20c972229ba580ad2044118ab67181,species,1,1,3079930.3,3079930.3,3079930.3,Scrofimicrobium appendicitidis,3079930.3,Scrofimicrobium appendicitidis,1,1,1,1,True,True,True,True,1.0
14cf2dc39880985bc2129f16b8f963f5,species,2,2,1123404.4|2607614.9,1123404.4|2607614.9,1123404.4,Tissierella praeacuta,1123404.4,Tissierella praeacuta,1,2,2,1|3,True,True,True,True,1.0
50285c59a58cda2d889cb954c022a93a,species,1,1,1892845.3,1892845.3,1892845.3,Hyphomicrobium sp. CS1GBMeth3,1892845.3,Hyphomicrobium sp. CS1GBMeth3,1,1,1,1,True,True,True,True,1.0
1d837cc6d80881adecbb106f01c1b042,genus,1,1,1879010.11554,1879010.11554,1879010.11554,Bacillota bacterium,1879010.11554,Bacillota bacterium,1,1,1,1,True,True,True,True,1.0
f0547f74dbcfeca9eef70572311914b5,family,1,1,2053624.147,2053624.147,2053624.147,Synergistaceae bacterium,2053624.147,Synergistaceae bacterium,1,1,1,1,True,True,True,True,1.0
c4f3196c3b0c08f6f808e3ee3465b781,species,1,1,474960.3,474960.3,474960.3,Hydrogenoanaerobacterium saccharovorans,474960.3,Hydrogenoanaerobacterium saccharovorans,1,1,1,1,True,True,True,True,1.0
e1809c067af83a3dc4623ce28f35fe79,species,2,2,2030927.4911|2952975.4,2030927.4911|2952975.4,2030927.4911,Bacteroidales bacterium,2030927.4911,Bacteroidales bacterium,1,2,2,1|2,True,True,True,True,1.0
b7bc2902499297dc5de20e8748a42d33,species,1,1,427926.8,427926.8,427926.8,Dethiobacter alkaliphilus,427926.8,Dethiobacter alkaliphilus,1,1,1,1,True,True,True,True,1.0
dc21153823efbfe6f4e092f110775cde,species,1,1,3070655.6,3070655.6,3070655.6,Oscillospiraceae bacterium MB24-C1,3070655.6,Oscillospiraceae bacterium MB24-C1,1,1,1,1,True,True,True,True,1.0
6178807a00a64843e5bb9f31f0a5f42c,genus,1,1,2485925.4117,2485925.4117,2485925.4117,Oscillospiraceae bacterium,2485925.4117,Oscillospiraceae bacterium,1,1,1,1,True,True,True,True,1.0
0a1ad45b3f804b63062c39bed1fc1132,species,2,2,318464.76|1550.8,318464.76|1550.8,318464.76,Clostridium sulfidigenes,318464.76,Clostridium sulfidigenes,1,2,2,1|6,True,True,True,True,1.0
0ef7e12e6eb35a8fd9fac7badac0c381,genus,1,1,444458.137,444458.137,444458.137,uncultured Anaerolineales bacterium,444458.137,uncultured Anaerolineales bacterium,1,1,1,1,True,True,True,True,1.0
d801b2110a503327da848c95357ca4a5,species,1,1,38815.3,38815.3,38815.3,Trichloromonas acetexigens,38815.3,Trichloromonas acetexigens,1,1,1,1,True,True,True,True,1.0
48ca5b4f7cb58d4a146837de341a2604,species,2,2,3055406.3|2026735.190,3055406.3|2026735.190,3055406.3,Microcoleus sp. Pol1C5,3055406.3,Microcoleus sp. Pol1C5,1,2,2,1|2,True,True,True,True,1.0
637ec5730f0da83790b96ca6708f5309,genus,1,1,3109366.5,3109366.5,3109366.5,Sedimentibacter sp. MB31-C6,3109366.5,Sedimentibacter sp. MB31-C6,1,1,1,1,True,True,True,True,1.0
b022522a963a8f8fa28d9d2fc3344e87,genus,1,1,427926.8,427926.8,427926.8,Dethiobacter alkaliphilus,427926.8,Dethiobacter alkaliphilus,1,1,1,1,True,True,True,True,1.0
da28c80a7a1b2838789eb2ad598db9a0,family,1,1,1734398.4,1734398.4,1734398.4,Gracilibacter sp. BRH_c7a,1734398.4,Gracilibacter sp. BRH_c7a,1,1,1,1,True,True,True,True,1.0
7c4029c77a50ad0582c758eabe8c1410,genus,2,2,1671647.4|1879010.10602,1671647.4|1879010.10602,1671647.4,Clostridiales bacterium DTU012,1671647.4,Clostridiales bacterium DTU012,2,2,2,2|1,True,True,True,True,1.0
dc22433569281cc665fba3df53e3f566,species,1,1,1121328.3,1121328.3,1121328.3,Alkalithermobacter thermoalcaliphilus,1121328.3,Alkalithermobacter thermoalcaliphilus,1,1,1,1,True,True,True,True,1.0
8fabb679415fe6a9969015076873e211,species,2,2,2735723.6|154288.93,2735723.6|154288.93,2735723.6,Turicibacter bilis,2735723.6,Turicibacter bilis,1,2,2,1|12,True,True,True,True,1.0
2d4f702bfdf848fddbfe1e84a30c73b1,family,2,2,1879010.10751|1671647.4,1879010.10751|1671647.4,1879010.10751,Bacillota bacterium,1879010.10751,Bacillota bacterium,1,2,2,1|3,True,True,True,True,1.0
ec0ca50d7a1c6ee56a7ed9d776d9c0d1,family,1,1,36849.5,36849.5,36849.5,Oxobacter pfennigii,36849.5,Oxobacter pfennigii,1,1,1,1,True,True,True,True,1.0
085c382879bb22ae25c77dca748d1387,species,1,1,2934315.3,2934315.3,2934315.3,Anaeropeptidivorans aminofermentans,2934315.3,Anaeropeptidivorans aminofermentans,1,1,1,1,True,True,True,True,1.0
b24d3443426aac9dca3451d65ba14d55,genus,1,1,1948110.3,1948110.3,1948110.3,Firmicutes bacterium UBA994,1948110.3,Firmicutes bacterium UBA994,1,1,1,1,True,True,True,True,1.0
477487d12077a9fbaf195faaf466d827,genus,1,1,1948110.3,1948110.3,1948110.3,Firmicutes bacterium UBA994,1948110.3,Firmicutes bacterium UBA994,1,1,1,1,True,True,True,True,1.0
a0ccae889b93969deefa92b4da7cb2f7,species,1,1,642589.3,642589.3,642589.3,Caproiciproducens galactitolivorans,642589.3,Caproiciproducens galactitolivorans,3,1,1,3,True,True,True,True,1.0
6148c6e49d72c0f24a187a979ba7a5aa,species,1,1,2021380.30,2021380.30,2021380.30,Propionibacteriaceae bacterium,2021380.30,Propionibacteriaceae bacterium,1,1,1,1,True,True,True,True,1.0
9f86297104372f6378c6bf3dc1a8e8ec,genus,2,2,1664347.22|2482790.201,1664347.22|2482790.201,1664347.22,uncultured Candidatus Berkelbacteria bacterium,1664347.22,uncultured Candidatus Berkelbacteria bacterium,1,2,2,1|3,True,True,True,True,1.0
7a7c96429cd038c333985399c9eb963c,species,1,1,100233.416,100233.416,100233.416,uncultured Planctomycetaceae bacterium,100233.416,uncultured Planctomycetaceae bacterium,1,1,1,1,True,True,True,True,1.0
7e2246947e40512267840e3645e8c570,genus,1,1,3109366.5,3109366.5,3109366.5,Sedimentibacter sp. MB31-C6,3109366.5,Sedimentibacter sp. MB31-C6,1,1,1,1,True,True,True,True,1.0
7f0b196864a7620b20920d9883da587e,species,1,1,642589.3,642589.3,642589.3,Caproiciproducens galactitolivorans,642589.3,Caproiciproducens galactitolivorans,3,1,1,3,True,True,True,True,1.0
c9a5de56046a818a6f69569090af6d1c,species,1,1,1879010.9430,1879010.9430,1879010.9430,Bacillota bacterium,1879010.9430,Bacillota bacterium,1,1,1,1,True,True,True,True,1.0
919c50490dbc9552a946f26b32c4ae12,species,1,1,2870721.5,2870721.5,2870721.5,Falsiroseomonas sp.,2870721.5,Falsiroseomonas sp.,1,1,1,1,True,True,True,True,1.0
308aa3982d3c398eaae8efce7b0803f2,species,2,2,2030808.361|2026724.2411,2030808.361|2026724.2411,2030808.361,Candidatus Cloacimonadota bacterium,2030808.361,Candidatus Cloacimonadota bacterium,1,2,2,1|2,True,True,True,True,1.0
2c1453fb27de0eb5e19ae61028df3294,species,1,1,3412034.3,3412034.3,3412034.3,Methanobacterium sp. MBAC-LM,3412034.3,Methanobacterium sp. MBAC-LM,1,1,1,1,True,True,True,True,1.0
702860fda44c0d44ddacb5bd79fd5d24,species,2,2,2223.12|1915557.3,2223.12|1915557.3,2223.12,Methanothrix soehngenii,2223.12,Methanothrix soehngenii,1,2,2,1|8,True,True,True,True,1.0
7bc28b86485f80b7996a6a115aa31176,species,2,2,2023870.9|1918497.3,2023870.9|1918497.3,2023870.9,Fermentimonas sp.,2023870.9,Fermentimonas sp.,1,2,2,1|3,True,True,True,True,1.0
c668608bc7be0382064b57d5505c7e23,species,1,1,2024896.398,2024896.398,2024896.398,Anaerolineaceae bacterium,2024896.398,Anaerolineaceae bacterium,1,1,1,1,True,True,True,True,1.0
18ec5da6c765ede0c426af393f8ce656,species,1,1,2026888.228,2026888.228,2026888.228,Thermoleophilia bacterium,2026888.228,Thermoleophilia bacterium,1,1,1,1,True,True,True,True,1.0
8f5c4dec742c9287a0f71ebe671bdc16,species,1,1,1871015.3,1871015.3,1871015.3,Pseudoflavonifractor sp. Marseille-P3106,1871015.3,Pseudoflavonifractor sp. Marseille-P3106,1,1,1,1,True,True,True,True,1.0
06246fa4c1b00ea76b5539442f32c012,species,2,2,2052159.310|1883427.2376,2052159.310|1883427.2376,2052159.310,Coriobacteriia bacterium,2052159.310,Coriobacteriia bacterium,1,2,2,1|4,True,True,True,True,1.0
26ef86afa44dbbdebbae8f35e590f52e,species,1,1,1869212.1069,1869212.1069,1869212.1069,Chitinophagaceae bacterium,1869212.1069,Chitinophagaceae bacterium,1,1,1,1,True,True,True,True,1.0
87ec65202e592d81d47b66d1484732df,species,2,2,1833.90|2890836.3,1833.90|2890836.3,1833.90,Rhodococcus erythropolis,1833.90,Rhodococcus erythropolis,1,2,2,1|13,True,True,True,True,1.0
56eed20694eeebce9a5a6bc4626aca89,genus,1,1,179883.1205,179883.1205,179883.1205,uncultured Candidatus Saccharibacteria bacterium,179883.1205,uncultured Candidatus Saccharibacteria bacterium,1,1,1,1,True,True,True,True,1.0
f8ec439cb9f26e97be2793df3c52b03d,species,2,2,1004901.3|1733.3944,1004901.3|1733.3944,1004901.3,Gordonia iterans,1004901.3,Gordonia iterans,1,2,2,1|4,True,True,True,True,1.0
a67c7071b283c3513d9aa4cf63879d6e,genus,1,1,1977087.1016,1977087.1016,1977087.1016,Pseudomonadota bacterium,1977087.1016,Pseudomonadota bacterium,1,1,1,1,True,True,True,True,1.0
999031908a04b1e2fca9b265ee4e0aba,genus,1,1,2030808.326,2030808.326,2030808.326,Candidatus Cloacimonadota bacterium,2030808.326,Candidatus Cloacimonadota bacterium,1,1,1,1,True,True,True,True,1.0
4bcf2ed3c27ef7222d2bf177640edef4,family,1,1,1898204.477,1898204.477,1898204.477,Clostridiaceae bacterium,1898204.477,Clostridiaceae bacterium,2,1,1,2,True,True,True,True,1.0
e2c63d5718cf9ea95828084c3b843443,genus,1,1,3083246.38,3083246.38,3083246.38,Christensenellales bacterium,3083246.38,Christensenellales bacterium,1,1,1,1,True,True,True,True,1.0
49c907377454c6980ff0a520fe40abe2,genus,1,1,3082386.6,3082386.6,3082386.6,Candidatus Wallacebacter cryptica,3082386.6,Candidatus Wallacebacter cryptica,1,1,1,1,True,True,True,True,1.0
213ec0ef843de45b3db9302876229bed,species,2,2,2502187.3|1349791.3,2502187.3|1349791.3,2502187.3,Hydrogenophaga sp. 2FB,2502187.3,Hydrogenophaga sp. 2FB,2,2,2,2|3,True,True,True,True,1.0
40870adeb00d39b72fbca1d2be29ab07,genus,1,1,1879010.11554,1879010.11554,1879010.11554,Bacillota bacterium,1879010.11554,Bacillota bacterium,1,1,1,1,True,True,True,True,1.0
19cfc988be2bc698e4e8e24f3c017dad,species,1,1,1879010.10638,1879010.10638,1879010.10638,Bacillota bacterium,1879010.10638,Bacillota bacterium,1,1,1,1,True,True,True,True,1.0
65c689dc4b8772012494d43535fd1102,genus,1,1,2044944.12,2044944.12,2044944.12,Sphingobacteriales bacterium,2044944.12,Sphingobacteriales bacterium,1,1,1,1,True,True,True,True,1.0
5346417a16a786a9003aaee8d9cf6253,genus,1,1,1852816.3,1852816.3,1852816.3,Bacteroidetes bacterium ADurb.BinA104,1852816.3,Bacteroidetes bacterium ADurb.BinA104,1,1,1,1,True,True,True,True,1.0
2da3ff46bfa58a914368731cfd699785,species,1,1,3039803.856,3039803.856,3039803.856,uncultured Actinomycetota bacterium,3039803.856,uncultured Actinomycetota bacterium,1,1,1,1,True,True,True,True,1.0
d23e07dc0f848e8921532df36254ce29,species,2,2,1118451.5|391.37,1118451.5|391.37,1118451.5,Paenirhizobium naphthalenivorans,1118451.5,Paenirhizobium naphthalenivorans,2,2,2,2|3,True,True,True,True,1.0
ecff8099a19480a2264b0e2dfbd1f968,genus,1,1,1582259.3,1582259.3,1582259.3,Gudongella oleilytica,1582259.3,Gudongella oleilytica,1,1,1,1,True,True,True,True,1.0
b61513eef1a69690c5d43ca0cb8f5c1b,species,2,2,582702.7|1945855.3,582702.7|1945855.3,582702.7,Rhodanobacter glycinis,582702.7,Rhodanobacter glycinis,1,2,2,1|3,True,True,True,True,1.0
522fc29c9966a380a17ce86687cc600b,genus,3,3,1872489.11|2268201.48|3034609.9,1872489.11|2268201.48|3034609.9,1872489.11,Aminivibrio sp.,1872489.11,Aminivibrio sp.,1,3,3,1|2|5,True,True,True,True,1.0
f2cd13764c9588bd921f3a53138830da,species,2,2,1506.1047|1879010.10484,1506.1047|1879010.10484,1506.1047,Clostridium sp.,1506.1047,Clostridium sp.,1,2,2,1|3,True,True,True,True,1.0
29d5a1f45c97760080e874715394bcfe,family,2,2,1913989.1018|991135.8,1913989.1018|991135.8,1913989.1018,Gammaproteobacteria bacterium,1913989.1018,Gammaproteobacteria bacterium,2,2,2,2|3,True,True,True,True,1.0
9418ffbc4dee96cca486adf8b5f5493d,genus,1,1,1122184.3,1122184.3,1122184.3,Lutispora thermophila,1122184.3,Lutispora thermophila,1,1,1,1,True,True,True,True,1.0
01b5383db868117f04bfd197603f736b,family,1,1,2528593.8,2528593.8,2528593.8,Zhaonella formicivorans,2528593.8,Zhaonella formicivorans,1,1,1,1,True,True,True,True,1.0
534d7b1bce2cf035866320576094f81e,species,1,1,3412034.3,3412034.3,3412034.3,Methanobacterium sp. MBAC-LM,3412034.3,Methanobacterium sp. MBAC-LM,1,1,1,1,True,True,True,True,1.0
7560406411c714b613d36584ec43158e,genus,1,1,1520815.4,1520815.4,1520815.4,Ruminococcaceae bacterium D5,1520815.4,Ruminococcaceae bacterium D5,2,1,1,2,True,True,True,True,1.0
a85ae3de6b2dd626049270444199438e,species,1,1,1872520.7,1872520.7,1872520.7,Anaeromusa sp.,1872520.7,Anaeromusa sp.,1,1,1,1,True,True,True,True,1.0
f1ebac6585a1d66aeb6238227f0db6be,genus,2,2,3097447.3|3083246.37,3097447.3|3083246.37,3097447.3,Candidatus Pullichristensenella sp.,3097447.3,Candidatus Pullichristensenella sp.,1,2,2,1|2,True,True,True,True,1.0
e8c1e783e60161fe039cc419a3717b1f,species,1,1,2755587.5,2755587.5,2755587.5,Alishewanella sp. BS5-314,2755587.5,Alishewanella sp. BS5-314,1,1,1,1,True,True,True,True,1.0
ef48b24d461ead26b22d8e442656ccc0,species,1,1,2093812.11,2093812.11,2093812.11,Thermotogales bacterium,2093812.11,Thermotogales bacterium,1,1,1,1,True,True,True,True,1.0
0c9da253a23c96e308df82e07408f9f0,species,1,1,1122184.3,1122184.3,1122184.3,Lutispora thermophila,1122184.3,Lutispora thermophila,1,1,1,1,True,True,True,True,1.0
051d14c7d7e9a5358e8da8a52b48bca3,genus,1,1,1965019.3,1965019.3,1965019.3,Geofilum rhodophaeum,1965019.3,Geofilum rhodophaeum,1,1,1,1,True,True,True,True,1.0
00fb4699f8a2077aa4225851ec609f82,genus,2,2,1898104.2275|1678841.5,1898104.2275|1678841.5,1898104.2275,Bacteroidota bacterium,1898104.2275,Bacteroidota bacterium,1,2,2,1|2,True,True,True,True,1.0
0a25bdc3567a1af9c215a6efaf816439,genus,1,1,1294023.3,1294023.3,1294023.3,Syntrophomonas palmitatica,1294023.3,Syntrophomonas palmitatica,1,1,1,1,True,True,True,True,1.0
d6fd8cc30f52c997d8a550fdb5b27dfd,species,2,2,2053634.216|2022749.209,2053634.216|2022749.209,2053634.216,Candidatus Uhrbacteria bacterium,2053634.216,Candidatus Uhrbacteria bacterium,1,2,2,1|2,True,True,True,True,1.0
efc6541354a63e71f60f085f48f73909,species,1,1,49981.5,49981.5,49981.5,Desulfitobacterium sp.,49981.5,Desulfitobacterium sp.,1,1,1,1,True,True,True,True,1.0
ae2245c2d637b8badfb1037f95ffd4f7,genus,1,1,3083246.49,3083246.49,3083246.49,Christensenellales bacterium,3083246.49,Christensenellales bacterium,1,1,1,1,True,True,True,True,1.0
b0c74390aa5ac540757eb2256575019e,genus,1,1,1294023.3,1294023.3,1294023.3,Syntrophomonas palmitatica,1294023.3,Syntrophomonas palmitatica,1,1,1,1,True,True,True,True,1.0
664e1ee046659d47ded4a40ad1133a33,genus,1,1,3062804.8,3062804.8,3062804.8,uncultured Leptospirales bacterium,3062804.8,uncultured Leptospirales bacterium,1,1,1,1,True,True,True,True,1.0
aca43babf06d3410ce71cad5778ff102,genus,1,1,1734398.4,1734398.4,1734398.4,Gracilibacter sp. BRH_c7a,1734398.4,Gracilibacter sp. BRH_c7a,1,1,1,1,True,True,True,True,1.0
75dd0ee2682cb0bf3146f334b0c41c93,species,2,2,1121298.3|1325933.10,1121298.3|1325933.10,1121298.3,Clostridium amylolyticum,1121298.3,Clostridium amylolyticum,1,2,2,1|2,True,True,True,True,1.0
48d3df1c8c87428a5ef19a3ea0a4c6d1,species,2,2,154288.93|2806443.3,154288.93|2806443.3,154288.93,Turicibacter sanguinis,154288.93,Turicibacter sanguinis,1,2,2,1|4,True,True,True,True,1.0
c412c4daad0adeb07fedba1aed394245,genus,1,1,3083246.38,3083246.38,3083246.38,Christensenellales bacterium,3083246.38,Christensenellales bacterium,1,1,1,1,True,True,True,True,1.0
e4197eeb4aaad91a8a4a38678c3b073e,family,1,1,2816908.3,2816908.3,2816908.3,Sedimentibacter sp. zth1,2816908.3,Sedimentibacter sp. zth1,1,1,1,1,True,True,True,True,1.0
cb6e61a6c468d63ca89dc4f8c67e8554,species,2,2,2093811.156|2030927.4911,2093811.156|2030927.4911,2093811.156,Syntrophomonadaceae bacterium,2093811.156,Syntrophomonadaceae bacterium,7,2,2,7|8,True,True,True,True,1.0
cf9d6956cc5e9b057171f8ba480e6fbf,genus,1,1,2054177.128,2054177.128,2054177.128,Christensenellaceae bacterium,2054177.128,Christensenellaceae bacterium,1,1,1,1,True,True,True,True,1.0
6eeec78da7ff573c0bb7f7ddc3eefa8a,species,1,1,3030912.177,3030912.177,3030912.177,Anaerovoracaceae bacterium,3030912.177,Anaerovoracaceae bacterium,1,1,1,1,True,True,True,True,1.0
344b8fcfc08a17bb7443c1ad11ea3151,species,1,1,2053589.824,2053589.824,2053589.824,Minisyncoccota bacterium,2053589.824,Minisyncoccota bacterium,1,1,1,1,True,True,True,True,1.0
021d1583edfe105a9c99264ea9f3d2d6,species,1,1,2065189.20,2065189.20,2065189.20,Dysgonamonadaceae bacterium,2065189.20,Dysgonamonadaceae bacterium,1,1,1,1,True,True,True,True,1.0
0b291123c105140e6524bb2a3cf8e278,species,1,1,2052184.111,2052184.111,2052184.111,Syntrophaceae bacterium,2052184.111,Syntrophaceae bacterium,1,1,1,1,True,True,True,True,1.0
2096bed8d8d3c009cd128c5f66954ed4,species,2,2,1852804.3|2030927.4968,1852804.3|2030927.4968,1852804.3,Bacteroidetes bacterium ADurb.Bin123,1852804.3,Bacteroidetes bacterium ADurb.Bin123,1,2,2,1|3,True,True,True,True,1.0
eca00dcc9a01255b6cb66fbd5b3bd285,genus,1,1,1977087.8053,1977087.8053,1977087.8053,Pseudomonadota bacterium,1977087.8053,Pseudomonadota bacterium,1,1,1,1,True,True,True,True,1.0
70775be7835f6d6a6ecb0d7039b355e3,species,1,1,2044939.4952,2044939.4952,2044939.4952,Clostridia bacterium,2044939.4952,Clostridia bacterium,1,1,1,1,True,True,True,True,1.0
c99dd2353697161faecee673e0eda7b2,species,2,2,2052185.22|220496.11,2052185.22|220496.11,2052185.22,Syntrophobacteraceae bacterium,2052185.22,Syntrophobacteraceae bacterium,1,2,2,1|3,True,True,True,True,1.0
24b5476371dc34ef4f12b359d6ea6fe4,family,2,2,320502.3|1515.11,320502.3|1515.11,320502.3,Acetivibrio alkalicellulosi,320502.3,Acetivibrio alkalicellulosi,1,2,2,1|2,True,True,True,True,1.0
482bb3761a6b11b4cfb4e1b618231157,species,1,1,34028.127,34028.127,34028.127,Comamonas sp.,34028.127,Comamonas sp.,1,1,1,1,True,True,True,True,1.0
5db694edf839eff28cb6a47bb5b50693,species,1,1,2528024.3,2528024.3,2528024.3,Lacipirellula limnantheis,2528024.3,Lacipirellula limnantheis,1,1,1,1,True,True,True,True,1.0
9335b7a207b486ae9975e735cd30a814,genus,1,1,91750.4498,91750.4498,91750.4498,uncultured Alphaproteobacteria bacterium,91750.4498,uncultured Alphaproteobacteria bacterium,1,1,1,1,True,True,True,True,1.0
380c64674875dbcea485ba8f1ce26a6c,genus,1,1,84032.5,84032.5,84032.5,Clostridium thermosuccinogenes,84032.5,Clostridium thermosuccinogenes,1,1,1,1,True,True,True,True,1.0
ea5eeef4adcd29b79e56e455f9025517,species,2,2,2986940.3|2737536.23,2986940.3|2737536.23,2986940.3,Micropruina sonneratiae,2986940.3,Micropruina sonneratiae,1,2,2,1|3,True,True,True,True,1.0
de794e5f913a822d437c41f82c49a80e,species,2,2,1873462.248|3050384.6,1873462.248|3050384.6,1873462.248,Microbacteriaceae bacterium,1873462.248,Microbacteriaceae bacterium,1,2,2,1|2,True,True,True,True,1.0
687530ef97a8574b08b65e6100ed1f16,genus,2,2,2044939.4952|707003.5499,2044939.4952|707003.5499,2044939.4952,Clostridia bacterium,2044939.4952,Clostridia bacterium,2,2,2,2|1,True,True,True,True,1.0
eaa1d57a577a4aa93aceab1782827ea8,genus,1,1,1926877.42,1926877.42,1926877.42,Proteiniphilum sp.,1926877.42,Proteiniphilum sp.,1,1,1,1,True,True,True,True,1.0
95d0db82a69ee10f3b5ed0f06ba96949,genus,1,1,3082386.11,3082386.11,3082386.11,Candidatus Wallacebacter cryptica,3082386.11,Candidatus Wallacebacter cryptica,1,1,1,1,True,True,True,True,1.0
07bb3ab197992af0b741d1b71fc16c74,species,1,1,1879010.11004,1879010.11004,1879010.11004,Bacillota bacterium,1879010.11004,Bacillota bacterium,1,1,1,1,True,True,True,True,1.0
1cbf580d763d0eb5497ff2d6468e7668,family,2,2,3045146.4|2044939.4531,3045146.4|2044939.4531,3045146.4,Petroclostridium sp. X23,3045146.4,Petroclostridium sp. X23,6,2,2,6|2,True,True,True,True,1.0
36e38981bc99d5d7fdd5959ca41f6313,species,2,2,2490941.3|2860336.3,2490941.3|2860336.3,2490941.3,Devosia equisanguinis,2490941.3,Devosia equisanguinis,1,2,2,1|3,True,True,True,True,1.0
43c8008fb032a5ed2cb06dafa83e23ec,genus,2,2,2485925.2969|867686.5,2485925.2969|867686.5,2485925.2969,Oscillospiraceae bacterium,2485925.2969,Oscillospiraceae bacterium,1,2,2,1|2,True,True,True,True,1.0
cd991e2f230049eb76c8e3b3fcece79f,species,1,1,2041042.9,2041042.9,2041042.9,Chiayiivirga sp.,2041042.9,Chiayiivirga sp.,1,1,1,1,True,True,True,True,1.0
caafd6d1ef718ac1a2b7473f47d9340b,species,2,2,290.4|1768760.3,290.4|1768760.3,290.4,Afipia carboxydohydrogena,290.4,Afipia carboxydohydrogena,1,2,2,1|2,True,True,True,True,1.0
b62a0f483de49257919f98dd32320443,species,2,2,1947478.3|1947474.3,1947478.3|1947474.3,1947478.3,Sphaerochaeta sp. UBA6095,1947478.3,Sphaerochaeta sp. UBA6095,1,2,2,1|2,True,True,True,True,1.0
85b80813a3be5e162f462e085b709b85,genus,2,2,2885217.3|2054177.131,2885217.3|2054177.131,2885217.3,Eubacteriales bacterium OttesenSCG-928-K08,2885217.3,Eubacteriales bacterium OttesenSCG-928-K08,2,2,2,2|1,True,True,True,True,1.0
bffbf44642d65b943681a01244ca6c0b,species,2,2,49338.10|1121395.3,49338.10|1121395.3,49338.10,Desulfitobacterium hafniense,49338.10,Desulfitobacterium hafniense,2,2,2,2|3,True,True,True,True,1.0
41f01f3e3cbf6beb908ae1ebb553208e,species,2,2,40324.2389|3050414.3,40324.2389|3050414.3,40324.2389,Stenotrophomonas maltophilia,40324.2389,Stenotrophomonas maltophilia,1,2,2,1|7,True,True,True,True,1.0
dd07e924156039f8e953d5ea58ab5023,species,1,1,2026735.871,2026735.871,2026735.871,Deltaproteobacteria bacterium,2026735.871,Deltaproteobacteria bacterium,1,1,1,1,True,True,True,True,1.0
62925abc081ef537aea1336e58a4548a,species,2,2,2030927.3457|2026724.2403,2030927.3457|2026724.2403,2030927.3457,Bacteroidales bacterium,2030927.3457,Bacteroidales bacterium,1,2,2,1|3,True,True,True,True,1.0
a7d0101041a4ff2c176cc0616423387a,species,1,1,179636.6,179636.6,179636.6,Alicycliphilus denitrificans,179636.6,Alicycliphilus denitrificans,1,1,1,1,True,True,True,True,1.0
af62b8aa99dba188ac2f26d05dff89d1,genus,3,3,398199.5|3374101.3|2804028.3,398199.5|3374101.3|2804028.3,398199.5,Proteiniclasticum ruminis,398199.5,Proteiniclasticum ruminis,1,3,3,1|3|4,True,True,True,True,1.0
708def8fa07ef5fd728004ace6c578d0,species,1,1,1870988.12,1870988.12,1870988.12,Pseudoflavonifractor phocaeensis,1870988.12,Pseudoflavonifractor phocaeensis,1,1,1,1,True,True,True,True,1.0
758b8307071957eb86c89a180b187482,species,2,2,2024896.349|2818507.174,2024896.349|2818507.174,2024896.349,Anaerolineaceae bacterium,2024896.349,Anaerolineaceae bacterium,2,2,2,2|3,True,True,True,True,1.0
96968f641dd4ea2ff01bfbd9ff3a838a,species,2,2,1869227.4423|77133.6771,1869227.4423|77133.6771,1869227.4423,bacterium,1869227.4423,bacterium,1,2,2,1|2,True,True,True,True,1.0
6dbf54dfd0a3207126af074af10be296,species,2,2,1904861.5|1869227.259,1904861.5|1869227.259,1904861.5,Peptostreptococcaceae bacterium,1904861.5,Peptostreptococcaceae bacterium,1,2,2,1|4,True,True,True,True,1.0
ff2a3877c5cf4808816900f51bc130ba,family,2,2,1671647.4|1879010.10602,1671647.4|1879010.10602,1671647.4,Clostridiales bacterium DTU012,1671647.4,Clostridiales bacterium DTU012,2,2,2,2|1,True,True,True,True,1.0
79ba36cfcb1bdd16bc3aad97c47a1e6b,genus,1,1,13690.142,13690.142,13690.142,Sphingobium yanoikuyae,13690.142,Sphingobium yanoikuyae,1,1,1,1,True,True,True,True,1.0
923d1e7b6ceac97721615d80cf869780,genus,2,2,1879010.10588|3083246.38,1879010.10588|3083246.38,1879010.10588,Bacillota bacterium,1879010.10588,Bacillota bacterium,1,2,2,1|2,True,True,True,True,1.0
5e833ded530b3d037092d0691ec3589f,genus,1,1,1122184.3,1122184.3,1122184.3,Lutispora thermophila,1122184.3,Lutispora thermophila,1,1,1,1,True,True,True,True,1.0
16e7c551b44e75be84ce23f95da7cb8d,genus,1,1,2831996.343,2831996.343,2831996.343,Eubacteriales bacterium,2831996.343,Eubacteriales bacterium,1,1,1,1,True,True,True,True,1.0
49eb7db9bbd667a245fcb40e7be64a28,family,1,1,422285.13,422285.13,422285.13,uncultured candidate division WWE3 bacterium,422285.13,uncultured candidate division WWE3 bacterium,1,1,1,1,True,True,True,True,1.0
55c520d7fe25c3a704fca36f36fde991,species,2,2,1121298.3|1325933.10,1121298.3|1325933.10,1121298.3,Clostridium amylolyticum,1121298.3,Clostridium amylolyticum,1,2,2,1|2,True,True,True,True,1.0
7aaece58fc746f9480457f6056857dfe,genus,1,1,1674862.5,1674862.5,1674862.5,Spirochaetales bacterium Spiro_06,1674862.5,Spirochaetales bacterium Spiro_06,1,1,1,1,True,True,True,True,1.0
6de274487e1c875df3c574ec3fcd05d0,genus,1,1,413497.13,413497.13,413497.13,Cronobacter dublinensis,413497.13,Cronobacter dublinensis,1,1,1,1,True,True,True,True,1.0
18b7af5d1e7696bb8cd541bdde042b51,genus,1,1,2054177.118,2054177.118,2054177.118,Christensenellaceae bacterium,2054177.118,Christensenellaceae bacterium,2,1,1,2,True,True,True,True,1.0
b4ac0621ed68fda2b501520e951949e1,species,1,1,3412034.3,3412034.3,3412034.3,Methanobacterium sp. MBAC-LM,3412034.3,Methanobacterium sp. MBAC-LM,1,1,1,1,True,True,True,True,1.0
71c170ae2a1a4f99b40b9fb4850c55fb,species,1,1,2949658.3,2949658.3,2949658.3,Faecalicatena sp. BF-R-105,2949658.3,Faecalicatena sp. BF-R-105,1,1,1,1,True,True,True,True,1.0
9026ee9ce58d36be3646689861848080,species,1,1,1909294.897,1909294.897,1909294.897,Hyphomicrobiales bacterium,1909294.897,Hyphomicrobiales bacterium,1,1,1,1,True,True,True,True,1.0
ef9fddde19882aba901f1b0419ec09d8,species,2,2,2030808.156|2053534.61,2030808.156|2053534.61,2030808.156,Candidatus Cloacimonadota bacterium,2030808.156,Candidatus Cloacimonadota bacterium,1,2,2,1|4,True,True,True,True,1.0
6f14a88c7074fb3b48a9f8be3f7852c8,genus,1,1,2890832.3,2890832.3,2890832.3,Calditrichales bacterium MX18-03,2890832.3,Calditrichales bacterium MX18-03,1,1,1,1,True,True,True,True,1.0
65db89cb7753aa9ae2885315cf5ffe04,species,2,2,1891238.1086|2030808.345,1891238.1086|2030808.345,1891238.1086,Burkholderiales bacterium,1891238.1086,Burkholderiales bacterium,1,2,2,1|6,True,True,True,True,1.0
9b38c83e9f4e2a1c9ccca312a8701603,species,1,1,3064664.21,3064664.21,3064664.21,Candidatus Cloacimonadaceae bacterium,3064664.21,Candidatus Cloacimonadaceae bacterium,1,1,1,1,True,True,True,True,1.0
8b35589e4e1ef82328d78d533f5fa1a1,species,2,2,380911.3|3073241.3,380911.3|3073241.3,380911.3,Parapusillimonas granuli,380911.3,Parapusillimonas granuli,1,2,2,1|3,True,True,True,True,1.0
f028df8f84e6a5ff0a4512a509e23477,genus,1,1,39480.4,39480.4,39480.4,Andreesenia angusta,39480.4,Andreesenia angusta,1,1,1,1,True,True,True,True,1.0
9bc997e8ebea77d717faea18a7bf4708,species,1,1,2518612.207,2518612.207,2518612.207,Candidatus Nanopelagicales bacterium,2518612.207,Candidatus Nanopelagicales bacterium,1,1,1,1,True,True,True,True,1.0
07c98191a29a6be9185f213be81a429f,species,1,1,1674822.4,1674822.4,1674822.4,Bacteroidales bacterium Bact_08,1674822.4,Bacteroidales bacterium Bact_08,1,1,1,1,True,True,True,True,1.0
8855fec4062970bb235780d6469a1d6d,species,2,2,1937017.56|2030927.5038,1937017.56|2030927.5038,1937017.56,Rectinema sp.,1937017.56,Rectinema sp.,1,2,2,1|5,True,True,True,True,1.0
07d5f956dc0652fbd2d22ea90b1bb136,genus,2,2,2093811.236|690567.9,2093811.236|690567.9,2093811.236,Syntrophomonadaceae bacterium,2093811.236,Syntrophomonadaceae bacterium,1,2,2,1|6,True,True,True,True,1.0
c4118088ab2644671a1d9d540c060b19,family,1,1,244328.9105,244328.9105,244328.9105,uncultured Clostridia bacterium,244328.9105,uncultured Clostridia bacterium,1,1,1,1,True,True,True,True,1.0
0dda2781d785ae2fff6a81eabdeb9143,species,1,1,2870721.5,2870721.5,2870721.5,Falsiroseomonas sp.,2870721.5,Falsiroseomonas sp.,1,1,1,1,True,True,True,True,1.0
25e038c681656412cc697571c2d30118,genus,3,3,2881257.8|1689270.3|1297617.207,2881257.8|1689270.3|1297617.207,2881257.8,Intestinimonas aquisgranensis,2881257.8,Intestinimonas aquisgranensis,1,3,3,1|2|3,True,True,True,True,1.0
e21f14506da976def600538a8f860f0b,species,1,1,2026734.314,2026734.314,2026734.314,Dehalococcoidia bacterium,2026734.314,Dehalococcoidia bacterium,1,1,1,1,True,True,True,True,1.0
66d9eb13f3c8549ed0ac95f646c23ead,species,2,2,2731219.3|2841507.3,2731219.3|2841507.3,2731219.3,Alkaliphilus sp. B6464,2731219.3,Alkaliphilus sp. B6464,1,2,2,1|7,True,True,True,True,1.0
f15d9912ad67ff3efb5f911bac709f3b,genus,1,1,348580.5,348580.5,348580.5,uncultured Sedimentibacter sp.,348580.5,uncultured Sedimentibacter sp.,1,1,1,1,True,True,True,True,1.0
ce21e0d8c29a8e91b8f8ed03fb21d296,species,2,2,2023870.9|1918497.3,2023870.9|1918497.3,2023870.9,Fermentimonas sp.,2023870.9,Fermentimonas sp.,1,2,2,1|3,True,True,True,True,1.0
4a18801bf3179876e3e063abc1fa1b5c,species,2,2,1898104.1542|1642647.4,1898104.1542|1642647.4,1898104.1542,Bacteroidota bacterium,1898104.1542,Bacteroidota bacterium,1,2,2,1|2,True,True,True,True,1.0
7ba3402ab86ac791941e0dc862234ee8,species,1,1,2268202.80,2268202.80,2268202.80,Synergistota bacterium,2268202.80,Synergistota bacterium,1,1,1,1,True,True,True,True,1.0
4bac007f22152b0afd81f2d32ec400c5,genus,1,1,1879010.6660,1879010.6660,1879010.6660,Bacillota bacterium,1879010.6660,Bacillota bacterium,1,1,1,1,True,True,True,True,1.0
af9554a6cc07a34c1cb6004e3dbb865a,species,2,2,2023866.29|2065189.155,2023866.29|2065189.155,2023866.29,Petrimonas sp.,2023866.29,Petrimonas sp.,1,2,2,1|7,True,True,True,True,1.0
e72dd431023ad44a88305647a224790d,genus,3,3,3381350.3|1965293.8|2485925.2156,3381350.3|1965293.8|2485925.2156,3381350.3,Acidaminobacterium chupaoyuni,3381350.3,Acidaminobacterium chupaoyuni,10,3,3,10|12|14,True,True,True,True,1.0
42bdb37eaf4585993d2dadc410341bfc,genus,1,1,2054177.138,2054177.138,2054177.138,Christensenellaceae bacterium,2054177.138,Christensenellaceae bacterium,1,1,1,1,True,True,True,True,1.0
b5a22689fdda6393715cd10a326927d3,species,2,2,1899350.3|1349790.3,1899350.3|1349790.3,1899350.3,Hydrogenophaga sp. PML113,1899350.3,Hydrogenophaga sp. PML113,1,2,2,1|3,True,True,True,True,1.0
ae53fe95ad7f469e3187a126d6098100,species,2,2,2024896.417|3041274.16,2024896.417|3041274.16,2024896.417,Anaerolineaceae bacterium,2024896.417,Anaerolineaceae bacterium,1,2,2,1|2,True,True,True,True,1.0
23a68909643e167f508a7baac78d7026,species,2,2,3381661.3|3381662.3,3381661.3|3381662.3,3381661.3,Candidatus Clostridium stratigraminis,3381661.3,Candidatus Clostridium stratigraminis,1,2,2,1|2,True,True,True,True,1.0
4ce8113a40dc776a5daa50784544c8b8,species,1,1,312089.3,312089.3,312089.3,Clostridium ganghwense,312089.3,Clostridium ganghwense,1,1,1,1,True,True,True,True,1.0
f397a6809dc09fd4f5cc5f425c5eb0ba,species,1,1,2024896.380,2024896.380,2024896.380,Anaerolineaceae bacterium,2024896.380,Anaerolineaceae bacterium,1,1,1,1,True,True,True,True,1.0
0a052939cf0cfd20acc22c826676e32c,genus,2,2,1962289.10|2907827.4,1962289.10|2907827.4,1962289.10,Dehalobacter sp.,1962289.10,Dehalobacter sp.,1,2,2,1|4,True,True,True,True,1.0
ac2b4531feeeea309e70b76c5033f7e4,species,1,1,2268202.80,2268202.80,2268202.80,Synergistota bacterium,2268202.80,Synergistota bacterium,1,1,1,1,True,True,True,True,1.0
e438545696891f9da484c32c04332871,genus,2,2,1898207.3492|1193534.7,1898207.3492|1193534.7,1898207.3492,Clostridiales bacterium,1898207.3492,Clostridiales bacterium,1,2,2,1|2,True,True,True,True,1.0
8d422552eb2392c7c2d4743727d1ff33,genus,1,1,1123282.4,1123282.4,1123282.4,Sporobacter termitidis,1123282.4,Sporobacter termitidis,2,1,1,2,True,True,True,True,1.0
6533ef83a51929f69e6f95d7a59a421c,genus,3,3,2268201.27|1977087.4365|3041276.11,2268201.27|1977087.4365|3041276.11,2268201.27,Synergistales bacterium,2268201.27,Synergistales bacterium,1,3,3,1|4|5,True,True,True,True,1.0
e95282c3197d4315d84f31d177642c58,species,1,1,2731377.3,2731377.3,2731377.3,Alkalicella caledoniensis,2731377.3,Alkalicella caledoniensis,1,1,1,1,True,True,True,True,1.0
eb8d145285d4d18dd0c43c75115adbf9,genus,1,1,2163554.3,2163554.3,2163554.3,Sporomusaceae bacterium FL31,2163554.3,Sporomusaceae bacterium FL31,1,1,1,1,True,True,True,True,1.0
b23666d941d0a07a15cb33ba4ffb1f5f,genus,1,1,1122184.3,1122184.3,1122184.3,Lutispora thermophila,1122184.3,Lutispora thermophila,1,1,1,1,True,True,True,True,1.0
3bb8c91a23a86c8601f5dead53c7b241,genus,1,1,172733.7490,172733.7490,172733.7490,uncultured Eubacteriales bacterium,172733.7490,uncultured Eubacteriales bacterium,2,1,1,2,True,True,True,True,1.0
ad922999ec6a8228be4358e848e86bc2,species,0,0,,,,,,,,0,0,,,,,,
535887d75db6f21831a65b42a9d5752f,genus,1,1,2049432.22,2049432.22,2049432.22,Chromatiaceae bacterium,2049432.22,Chromatiaceae bacterium,2,1,1,2,True,True,True,True,1.0
3d34df899c737d07c37a5141fecdc373,genus,1,1,1926877.42,1926877.42,1926877.42,Proteiniphilum sp.,1926877.42,Proteiniphilum sp.,1,1,1,1,True,True,True,True,1.0
0944c80185fbba7f13e44329a3276e65,family,1,1,2044939.990,2044939.990,2044939.990,Clostridia bacterium,2044939.990,Clostridia bacterium,1,1,1,1,True,True,True,True,1.0
b8be4a864e591a2801a0b9194efc1060,species,1,1,261299.113,261299.113,261299.113,Intestinibacter bartlettii,261299.113,Intestinibacter bartlettii,1,1,1,1,True,True,True,True,1.0
2df9e7b11fe11f679f52c25fe8d3c27f,species,2,2,1872491.12|2024896.417,1872491.12|2024896.417,1872491.12,Aminobacterium sp.,1872491.12,Aminobacterium sp.,1,2,2,1|2,True,True,True,True,1.0
53b91ed8941d63dc6bdcf622f25e3b10,species,1,1,3097447.3,3097447.3,3097447.3,Candidatus Pullichristensenella sp.,3097447.3,Candidatus Pullichristensenella sp.,1,1,1,1,True,True,True,True,1.0
61f3d4479c517d056179e27ae91cd284,genus,1,1,2093812.11,2093812.11,2093812.11,Thermotogales bacterium,2093812.11,Thermotogales bacterium,1,1,1,1,True,True,True,True,1.0
b6e342d9f4e409f24eea3859aa76e82a,family,1,1,1712410.4,1712410.4,1712410.4,Thermanaerosceptrum fracticalcis,1712410.4,Thermanaerosceptrum fracticalcis,1,1,1,1,True,True,True,True,1.0
3038f96d4805d0546256c1e7766247e0,genus,1,1,3381350.3,3381350.3,3381350.3,Acidaminobacterium chupaoyuni,3381350.3,Acidaminobacterium chupaoyuni,1,1,1,1,True,True,True,True,1.0
87e2bfb52174f1764d735f93e86017d3,species,1,1,53463.8,53463.8,53463.8,Paracoccus solventivorans,53463.8,Paracoccus solventivorans,1,1,1,1,True,True,True,True,1.0
82864a780f7d57947ef3451dd7539740,species,1,1,253256.4,253256.4,253256.4,Soehngenia saccharolytica,253256.4,Soehngenia saccharolytica,2,1,1,2,True,True,True,True,1.0
a489f58a63d2317f6ff094edb3fbd55d,genus,1,1,690567.9,690567.9,690567.9,Syntrophomonas zehnderi,690567.9,Syntrophomonas zehnderi,1,1,1,1,True,True,True,True,1.0
8aa84c2bb23089b38845d45b2f4742a7,genus,2,2,51515.8|2022806.4,51515.8|2022806.4,51515.8,Dehalobacterium formicoaceticum,51515.8,Dehalobacterium formicoaceticum,1,2,2,1|4,True,True,True,True,1.0
7767ca8c82d1d254c5d3228f43b2b213,genus,1,1,1734049.4,1734049.4,1734049.4,Serpentinicella alkaliphila,1734049.4,Serpentinicella alkaliphila,1,1,1,1,True,True,True,True,1.0
bd1731c0114c40d5784dd170ea5f3422,genus,1,1,1879010.6660,1879010.6660,1879010.6660,Bacillota bacterium,1879010.6660,Bacillota bacterium,1,1,1,1,True,True,True,True,1.0
8aa21df13e2d324fd17fe7d44bc77099,genus,1,1,1434378.4,1434378.4,1434378.4,uncultured Saccharofermentans sp.,1434378.4,uncultured Saccharofermentans sp.,1,1,1,1,True,True,True,True,1.0
40f33a63b1b706f8fee517f9f6f6d367,genus,1,1,427926.8,427926.8,427926.8,Dethiobacter alkaliphilus,427926.8,Dethiobacter alkaliphilus,1,1,1,1,True,True,True,True,1.0
da131e54714432d2efe40ba671d42f55,genus,2,2,2053634.216|2022749.209,2053634.216|2022749.209,2053634.216,Candidatus Uhrbacteria bacterium,2053634.216,Candidatus Uhrbacteria bacterium,1,2,2,1|2,True,True,True,True,1.0
4277458ff73b444855fb03eaf11e4ab5,genus,1,1,1879010.10747,1879010.10747,1879010.10747,Bacillota bacterium,1879010.10747,Bacillota bacterium,1,1,1,1,True,True,True,True,1.0
520e1fc076185aa3704e9367026eabde,genus,1,1,1671647.4,1671647.4,1671647.4,Clostridiales bacterium DTU012,1671647.4,Clostridiales bacterium DTU012,1,1,1,1,True,True,True,True,1.0
911ddc4e1da558630158fa05fba14992,genus,1,1,2231116.13,2231116.13,2231116.13,Mycoplasmatota bacterium,2231116.13,Mycoplasmatota bacterium,1,1,1,1,True,True,True,True,1.0
3273539459d13e139159461e38ba3987,genus,1,1,3097447.3,3097447.3,3097447.3,Candidatus Pullichristensenella sp.,3097447.3,Candidatus Pullichristensenella sp.,1,1,1,1,True,True,True,True,1.0
6d866900ddd4436c1634c5209005c604,genus,1,1,1948110.3,1948110.3,1948110.3,Firmicutes bacterium UBA994,1948110.3,Firmicutes bacterium UBA994,1,1,1,1,True,True,True,True,1.0
eea1a23b6354f47190568b72cf235aa2,genus,2,2,1671647.4|3082386.6,1671647.4|3082386.6,1671647.4,Clostridiales bacterium DTU012,1671647.4,Clostridiales bacterium DTU012,1,2,2,1|2,True,True,True,True,1.0
c99bcc4ed3b2887c914e9faf48d63e3f,species,2,2,1934341.19|153809.1433,1934341.19|153809.1433,1934341.19,Pseudorhodoplanes sp.,1934341.19,Pseudorhodoplanes sp.,1,2,2,1|2,True,True,True,True,1.0
7e614d8925e124b39916f22fdeb64c3f,species,2,2,202956.78|2908637.6,202956.78|2908637.6,202956.78,Acinetobacter towneri,202956.78,Acinetobacter towneri,1,2,2,1|11,True,True,True,True,1.0
0ac09c35a4ef5356c779c2c282c506a1,species,2,2,427920.3|2980103.3,427920.3|2980103.3,427920.3,Alkalihalobacterium alkalinitrilicum,427920.3,Alkalihalobacterium alkalinitrilicum,1,2,2,1|16,True,True,True,True,1.0
c3764288be8ac8815185c4ee6d913e81,species,1,1,1852800.3,1852800.3,1852800.3,Bacteroidetes bacterium ADurb.Bin037,1852800.3,Bacteroidetes bacterium ADurb.Bin037,1,1,1,1,True,True,True,True,1.0
99a197229849c15140fc329cff0ccb90,genus,1,1,13690.142,13690.142,13690.142,Sphingobium yanoikuyae,13690.142,Sphingobium yanoikuyae,1,1,1,1,True,True,True,True,1.0
b73b1ef694c71eec29bf86c697f26b20,genus,1,1,1434378.4,1434378.4,1434378.4,uncultured Saccharofermentans sp.,1434378.4,uncultured Saccharofermentans sp.,1,1,1,1,True,True,True,True,1.0
c6d0e484e529a485ffc0b1f08f1fb158,species,1,1,3412034.3,3412034.3,3412034.3,Methanobacterium sp. MBAC-LM,3412034.3,Methanobacterium sp. MBAC-LM,1,1,1,1,True,True,True,True,1.0
af1a97638ae7817e6dc243cfe90ba23b,species,2,2,34007.24|82367.37,34007.24|82367.37,34007.24,Paracoccus versutus,34007.24,Paracoccus versutus,1,2,2,1|2,True,True,True,True,1.0
58a5d06b791283b4270f688e0b7408c9,genus,1,1,2517205.168,2517205.168,2517205.168,Candidatus Methanomethylophilaceae archaeon,2517205.168,Candidatus Methanomethylophilaceae archaeon,1,1,1,1,True,True,True,True,1.0
f816f5de71e4c19785cd5dfa8ee073db,genus,3,3,2021368.28|1348472.3|645616.3,2021368.28|1348472.3|645616.3,2021368.28,Alcaligenaceae bacterium,2021368.28,Alcaligenaceae bacterium,1,3,3,1|2|3,True,True,True,True,1.0
9579787280965385b425a1d323e3c6d3,genus,2,2,2485925.3511|2840708.5,2485925.3511|2840708.5,2485925.3511,Oscillospiraceae bacterium,2485925.3511,Oscillospiraceae bacterium,1,2,2,1|2,True,True,True,True,1.0
b50c901a9773cf8216278d2bb4e70644,genus,1,1,1898204.323,1898204.323,1898204.323,Clostridiaceae bacterium,1898204.323,Clostridiaceae bacterium,1,1,1,1,True,True,True,True,1.0
93d1b2dac4133553194837dd9fc38d46,species,1,1,1872520.7,1872520.7,1872520.7,Anaeromusa sp.,1872520.7,Anaeromusa sp.,1,1,1,1,True,True,True,True,1.0
f8e946bdec673e40686c9ab157a63ac0,genus,1,1,244328.141,244328.141,244328.141,uncultured Clostridia bacterium,244328.141,uncultured Clostridia bacterium,1,1,1,1,True,True,True,True,1.0
39514d7e0d952fb5735d67b878688bc8,species,1,1,3041175.8,3041175.8,3041175.8,Brooklawnia propionicigenes,3041175.8,Brooklawnia propionicigenes,1,1,1,1,True,True,True,True,1.0
61bffb5ed48deb86adad74d3d45df340,species,2,2,98513.3|256318.76,98513.3|256318.76,98513.3,Phenylobacterium haematophilum,98513.3,Phenylobacterium haematophilum,1,2,2,1|2,True,True,True,True,1.0
68c7aa8355d0b7c6e75c67d5df51d569,species,2,2,53422.5|3023090.10,53422.5|3023090.10,53422.5,Thermobrachium celere,53422.5,Thermobrachium celere,1,2,2,1|2,True,True,True,True,1.0
f95801513925a658f6f017e67e77e9a0,genus,1,1,1734398.4,1734398.4,1734398.4,Gracilibacter sp. BRH_c7a,1734398.4,Gracilibacter sp. BRH_c7a,1,1,1,1,True,True,True,True,1.0
3e7c933c821c9f18e53e1dda439951cf,genus,1,1,2052143.1141,2052143.1141,2052143.1141,Anaerolineae bacterium,2052143.1141,Anaerolineae bacterium,1,1,1,1,True,True,True,True,1.0
212a34f4dcb9f9a8c0941fcf86f0e6bc,genus,5,5,320502.3|1515.11|253314.5|288965.3|1869227.4377,320502.3|1515.11|253314.5|288965.3|1869227.4377,320502.3,Acetivibrio alkalicellulosi,320502.3,Acetivibrio alkalicellulosi,1,5,5,1|2|4|5|14,True,True,True,True,1.0
82520638c5842f94b7203788b78b3b92,genus,1,1,2785930.35,2785930.35,2785930.35,Tannerellaceae bacterium,2785930.35,Tannerellaceae bacterium,2,1,1,2,True,True,True,True,1.0
e5632edb0fd267dbaf571c758b91be2a,genus,2,2,1951746.3|2049044.565,1951746.3|2049044.565,1951746.3,Erysipelotrichaceae bacterium UBA4808,1951746.3,Erysipelotrichaceae bacterium UBA4808,1,2,2,1|2,True,True,True,True,1.0
941c985cd594eddbaa7ba0e614bdf30f,species,1,1,2593684.35,2593684.35,2593684.35,Ancrocorticia sp.,2593684.35,Ancrocorticia sp.,1,1,1,1,True,True,True,True,1.0
b1dd093a530c4f323e45823253ee9e15,species,2,2,1121337.3|2488810.3,1121337.3|2488810.3,1121337.3,Ruminiclostridium sufflavum,1121337.3,Ruminiclostridium sufflavum,1,2,2,1|2,True,True,True,True,1.0
283755ba25c1e02155384ef6f268c2ae,species,1,1,1502.4024,1502.4024,1502.4024,Clostridium perfringens,1502.4024,Clostridium perfringens,1,1,1,1,True,True,True,True,1.0
025ef58ad4c94b135c69cb93c2320909,species,2,2,3030017.7|1879010.6648,3030017.7|1879010.6648,3030017.7,Caproiciproducens sp. CPB-2,3030017.7,Caproiciproducens sp. CPB-2,1,2,2,1|4,True,True,True,True,1.0
8b0ebd33e66653c42aa292e40bf6291c,family,1,1,1871330.8,1871330.8,1871330.8,Caloramator sp.,1871330.8,Caloramator sp.,1,1,1,1,True,True,True,True,1.0
47515cfa358287ae00ead27b78b2285b,species,1,1,2023866.22,2023866.22,2023866.22,Petrimonas sp.,2023866.22,Petrimonas sp.,1,1,1,1,True,True,True,True,1.0
cbbd3fd672febff085d5ca40c28282da,genus,1,1,348580.5,348580.5,348580.5,uncultured Sedimentibacter sp.,348580.5,uncultured Sedimentibacter sp.,1,1,1,1,True,True,True,True,1.0
efe6fa9e73779825320958490553322f,family,1,1,51515.8,51515.8,51515.8,Dehalobacterium formicoaceticum,51515.8,Dehalobacterium formicoaceticum,1,1,1,1,True,True,True,True,1.0
ce8d585abe69c46ac0fba61726d046c5,genus,3,3,1121337.3|2488810.3|48256.3,1121337.3|2488810.3|48256.3,1121337.3,Ruminiclostridium sufflavum,1121337.3,Ruminiclostridium sufflavum,2,3,3,2|3|4,True,True,True,True,1.0
e843b0e0535e8033ed7c08faf28016ca,species,2,2,2482790.201|1664347.22,2482790.201|1664347.22,2482790.201,Thermomicrobiales bacterium,2482790.201,Thermomicrobiales bacterium,1,2,2,1|3,True,True,True,True,1.0
6c7a1a940865cb8fc19e17d404be6951,species,2,2,2857060.6|2817899.3,2857060.6|2817899.3,2857060.6,Mycobacterium sp. SMC-8,2857060.6,Mycobacterium sp. SMC-8,1,2,2,1|2,True,True,True,True,1.0
80ec5ef8c3af388c768221021941877e,genus,1,1,2044939.4531,2044939.4531,2044939.4531,Clostridia bacterium,2044939.4531,Clostridia bacterium,1,1,1,1,True,True,True,True,1.0
556209f2b9e893a0e4b6559c1528e596,genus,5,5,1297617.207|2773933.27|2881257.8|1689270.3|2997294.140,1297617.207|2773933.27|2881257.8|1689270.3|2997294.140,1297617.207,Intestinimonas butyriciproducens,1297617.207,Intestinimonas butyriciproducens,1,5,5,1|3|5|14|16,True,True,True,True,1.0
fb9d8df11e01ae4c33acac6db5a518b8,genus,1,1,91750.3719,91750.3719,91750.3719,uncultured Alphaproteobacteria bacterium,91750.3719,uncultured Alphaproteobacteria bacterium,1,1,1,1,True,True,True,True,1.0
123c678eddb7c7e2b7393ca738c84596,genus,1,1,3082383.25,3082383.25,3082383.25,Candidatus Darwinibacter acetoxidans,3082383.25,Candidatus Darwinibacter acetoxidans,1,1,1,1,True,True,True,True,1.0
0c0dcadbd501e2c17ca71995ed0b7ee1,species,1,1,2715253.82,2715253.82,2715253.82,Pirellulales bacterium,2715253.82,Pirellulales bacterium,1,1,1,1,True,True,True,True,1.0
6beaf7c505778021c6d149ffc3a6d02d,species,1,1,1871330.8,1871330.8,1871330.8,Caloramator sp.,1871330.8,Caloramator sp.,1,1,1,1,True,True,True,True,1.0
ffb24eab9531da0542b30ff802e34b65,genus,1,1,1434378.4,1434378.4,1434378.4,uncultured Saccharofermentans sp.,1434378.4,uncultured Saccharofermentans sp.,1,1,1,1,True,True,True,True,1.0
717e65e6ba1d91587e9c1fc36b2b0c44,species,2,2,76761.47|219574.19,76761.47|219574.19,76761.47,Pseudomonas veronii,76761.47,Pseudomonas veronii,2,2,2,2|4,True,True,True,True,1.0
9e3e461620d3bc6fb82b614f65a5a69b,species,2,2,2977531.4|162426.8,2977531.4|162426.8,2977531.4,Microbacterium festucae,2977531.4,Microbacterium festucae,1,2,2,1|2,True,True,True,True,1.0
5e2e0a4cfc3ab5f1a074ef61d2d6f68b,species,1,1,1926877.43,1926877.43,1926877.43,Proteiniphilum sp.,1926877.43,Proteiniphilum sp.,1,1,1,1,True,True,True,True,1.0
e1d678e0c2f5463421eec27874b0fab3,species,2,2,3083255.3|1163409.7,3083255.3|1163409.7,3083255.3,Rhodanobacter sp. KK11,3083255.3,Rhodanobacter sp. KK11,1,2,2,1|2,True,True,True,True,1.0
564dff3148781f436e49ebbfb2590a6a,genus,4,4,2744523.3|2912854.5|3074855.4|2663828.3,2744523.3|2912854.5|3074855.4|2663828.3,2744523.3,Mesorhizobium sp. L-8-10,2744523.3,Mesorhizobium sp. L-8-10,1,4,4,1|2|12|7,True,True,True,True,1.0
edb1b7dc98830cdfb83ef9466ad4aaaa,species,2,2,1852856.3|1986204.4,1852856.3|1986204.4,1852856.3,Chloroflexi bacterium ADurb.Bin120,1852856.3,Chloroflexi bacterium ADurb.Bin120,1,2,2,1|2,True,True,True,True,1.0
7bfcdea57cc8e4bab6f3f3505b0dd682,genus,1,1,244328.7429,244328.7429,244328.7429,uncultured Clostridia bacterium,244328.7429,uncultured Clostridia bacterium,1,1,1,1,True,True,True,True,1.0
39e228b03b2c3090589f7da2c5ae6038,genus,1,1,3070655.6,3070655.6,3070655.6,Oscillospiraceae bacterium MB24-C1,3070655.6,Oscillospiraceae bacterium MB24-C1,1,1,1,1,True,True,True,True,1.0
63adbcb1936348ae36887abcd1e4af55,genus,5,5,2488810.3|588581.10|1121337.3|48256.3|1291050.6,2488810.3|588581.10|1121337.3|48256.3|1291050.6,2488810.3,Ruminiclostridium herbifermentans,2488810.3,Ruminiclostridium herbifermentans,1,5,5,1|2|4|13|14,True,True,True,True,1.0
f4acc40b7b61bf7126ad84af26e93ed9,species,2,2,3016522.4|1785.630,3016522.4|1785.630,3016522.4,Mycobacterium sp. RTGN5,3016522.4,Mycobacterium sp. RTGN5,1,2,2,1|2,True,True,True,True,1.0
0b9c934012caa8a6606599ddcb49c15b,family,1,1,2751313.3,2751313.3,2751313.3,Koleobacter methoxysyntrophicus,2751313.3,Koleobacter methoxysyntrophicus,1,1,1,1,True,True,True,True,1.0
8fa90e60ddaccabffcd68f6a481318a2,genus,1,1,2024896.394,2024896.394,2024896.394,Anaerolineaceae bacterium,2024896.394,Anaerolineaceae bacterium,1,1,1,1,True,True,True,True,1.0
a954a29c70499c3c72ee396f69b71c51,species,1,1,657642.3,657642.3,657642.3,Brevundimonas olei,657642.3,Brevundimonas olei,1,1,1,1,True,True,True,True,1.0
47bb78bbb9b7eab1a487de7f1521ddd6,genus,1,1,2054177.120,2054177.120,2054177.120,Christensenellaceae bacterium,2054177.120,Christensenellaceae bacterium,1,1,1,1,True,True,True,True,1.0
72d63057d6e53e6e72b1af409c9ed0fb,species,1,1,172733.224,172733.224,172733.224,uncultured Eubacteriales bacterium,172733.224,uncultured Eubacteriales bacterium,1,1,1,1,True,True,True,True,1.0
5ccde7f0ad35d7a47123478dd67b2774,species,1,1,3083246.37,3083246.37,3083246.37,Christensenellales bacterium,3083246.37,Christensenellales bacterium,1,1,1,1,True,True,True,True,1.0
33bf7c73050395fa47eea57f63c0f87f,genus,1,1,3030912.180,3030912.180,3030912.180,Anaerovoracaceae bacterium,3030912.180,Anaerovoracaceae bacterium,2,1,1,2,True,True,True,True,1.0
4a76bdc5b45d149d7aa31d04b9f46dbe,species,1,1,1937017.18,1937017.18,1937017.18,Rectinema sp.,1937017.18,Rectinema sp.,1,1,1,1,True,True,True,True,1.0
b7a2f949d87f6ce14145811c2d2974af,species,2,2,82803.45|2094020.5,82803.45|2094020.5,82803.45,Trichococcus flocculiformis,82803.45,Trichococcus flocculiformis,2,2,2,2|6,True,True,True,True,1.0
26410d712017c834dccf638a040f9002,species,1,1,1946596.3,1946596.3,1946596.3,Hungatella sp. UBA4396,1946596.3,Hungatella sp. UBA4396,1,1,1,1,True,True,True,True,1.0
39e25be575139fbcbcacc15a872bdbad,species,1,1,1702285.3,1702285.3,1702285.3,Intestinimonas gabonensis,1702285.3,Intestinimonas gabonensis,1,1,1,1,True,True,True,True,1.0
90a5e55fa876aa0bf69ffe16087cd920,species,2,2,2482790.201|1664347.22,2482790.201|1664347.22,2482790.201,Thermomicrobiales bacterium,2482790.201,Thermomicrobiales bacterium,1,2,2,1|3,True,True,True,True,1.0
543dc760699879a2b12cd2e2525e6729,species,2,2,2877941.4|352475.22,2877941.4|352475.22,2877941.4,Shinella sp. XGS7,2877941.4,Shinella sp. XGS7,1,2,2,1|2,True,True,True,True,1.0
c9e59947328c667e941ac56abed5c99f,genus,1,1,1879010.11554,1879010.11554,1879010.11554,Bacillota bacterium,1879010.11554,Bacillota bacterium,1,1,1,1,True,True,True,True,1.0
95efcfc5bf54e543b76173209e6ecfd9,species,1,1,3083246.37,3083246.37,3083246.37,Christensenellales bacterium,3083246.37,Christensenellales bacterium,1,1,1,1,True,True,True,True,1.0
d5004573c96ec6eedcc4348d1145db37,genus,2,2,113574.3|82.231,113574.3|82.231,113574.3,Hyphomicrobium sp. GJ21,113574.3,Hyphomicrobium sp. GJ21,6,2,2,6|4,True,True,True,True,1.0
b9d27d1dc44fea66778479161f6ed7c6,genus,1,1,1852886.3,1852886.3,1852886.3,Firmicutes bacterium ADurb.Bin248,1852886.3,Firmicutes bacterium ADurb.Bin248,1,1,1,1,True,True,True,True,1.0
194253bf7725522741f6f5467928510d,family,1,1,1898207.4661,1898207.4661,1898207.4661,Clostridiales bacterium,1898207.4661,Clostridiales bacterium,1,1,1,1,True,True,True,True,1.0
432a02504adb954775f641117e6d7b14,species,1,1,1898104.1494,1898104.1494,1898104.1494,Bacteroidota bacterium,1898104.1494,Bacteroidota bacterium,1,1,1,1,True,True,True,True,1.0
ac535b64f804c2eee5084adc741f7839,genus,1,1,2840931.5,2840931.5,2840931.5,Candidatus Scatomorpha stercorigallinarum,2840931.5,Candidatus Scatomorpha stercorigallinarum,1,1,1,1,True,True,True,True,1.0
caddc7c3f8e30f2e74778fca73689c4b,species,1,1,339861.3,339861.3,339861.3,Clostridium aciditolerans,339861.3,Clostridium aciditolerans,11,1,1,11,True,True,True,True,1.0
c2d746ce5aed150d6696eed8143ec2c7,genus,1,1,2054177.130,2054177.130,2054177.130,Christensenellaceae bacterium,2054177.130,Christensenellaceae bacterium,1,1,1,1,True,True,True,True,1.0
2c4fdd0845cdde26dc7d98f576bb10e7,genus,1,1,3082383.3,3082383.3,3082383.3,Candidatus Darwinibacter acetoxidans,3082383.3,Candidatus Darwinibacter acetoxidans,1,1,1,1,True,True,True,True,1.0
134153c893d92731f1779897c269f055,species,1,1,2223.15,2223.15,2223.15,Methanothrix soehngenii,2223.15,Methanothrix soehngenii,1,1,1,1,True,True,True,True,1.0
7cdf5d7931b4f4bcf64b7de23217f933,species,1,1,2044939.3592,2044939.3592,2044939.3592,Clostridia bacterium,2044939.3592,Clostridia bacterium,1,1,1,1,True,True,True,True,1.0
2e8ba4a2f665cc3ad88530fc739b1f9c,genus,1,1,258475.3,258475.3,258475.3,Pelotomaculum propionicicum,258475.3,Pelotomaculum propionicicum,1,1,1,1,True,True,True,True,1.0
76822eb34ea3cf76c00fb31b39d43b12,species,2,2,3064286.6|1792835.11,3064286.6|1792835.11,3064286.6,[Mycobacterium] burgundiense,3064286.6,[Mycobacterium] burgundiense,1,2,2,1|2,True,True,True,True,1.0
6786956e5d741de3549e1c89e3a608b0,family,1,1,1898206.155,1898206.155,1898206.155,Spirochaetaceae bacterium,1898206.155,Spirochaetaceae bacterium,1,1,1,1,True,True,True,True,1.0
9895ece38025393ef9ccafafea501d77,species,1,1,180332.21,180332.21,180332.21,Robinsoniella peoriensis,180332.21,Robinsoniella peoriensis,1,1,1,1,True,True,True,True,1.0
40e233849dcafd1ca1e5dd020826ec04,species,1,1,1497501.53,1497501.53,1497501.53,uncultured Thermoleophilia bacterium,1497501.53,uncultured Thermoleophilia bacterium,1,1,1,1,True,True,True,True,1.0
ba17ca70d77eba42e5aef9d3fcc1adf3,species,2,2,1123003.3|2093812.12,1123003.3|2093812.12,1123003.3,Propionispora hippei,1123003.3,Propionispora hippei,1,2,2,1|2,True,True,True,True,1.0
6ba96f5208b35a9fa58a1e50271ece5c,family,2,2,2485925.1702|3083246.109,2485925.1702|3083246.109,2485925.1702,Oscillospiraceae bacterium,2485925.1702,Oscillospiraceae bacterium,1,2,2,1|2,True,True,True,True,1.0
5cf9be63b0ce8289c8ac73ac5162ad0b,genus,4,4,1515.11|253314.5|288965.3|1869227.4377,1515.11|253314.5|288965.3|1869227.4377,1515.11,Acetivibrio thermocellus,1515.11,Acetivibrio thermocellus,1,4,4,1|3|4|12,True,True,True,True,1.0
18c8a1caa02afa9f20b6974f6da7568c,species,1,1,2268202.74,2268202.74,2268202.74,Synergistota bacterium,2268202.74,Synergistota bacterium,1,1,1,1,True,True,True,True,1.0
c5f63d06bc0e136c998bf43f719776c3,genus,2,2,682526.5|989.7,682526.5|989.7,682526.5,Natronoflexus pectinivorans,682526.5,Natronoflexus pectinivorans,1,2,2,1|2,True,True,True,True,1.0
f0b4d6d49281190556a6cc4d5286dfb6,species,2,2,3050072.8|1889883.3,3050072.8|1889883.3,3050072.8,Proteiniborus sp. MB09-C3,3050072.8,Proteiniborus sp. MB09-C3,1,2,2,1|7,True,True,True,True,1.0
5f50c109f3a9cdf90470d389e4797c67,species,2,2,3025189.3|2492438.3,3025189.3|2492438.3,3025189.3,Mycobacterium polyniensis,3025189.3,Mycobacterium polyniensis,2,2,2,2|5,True,True,True,True,1.0
c1795fae23a34030462cf6e6267b85b3,species,1,1,3412034.3,3412034.3,3412034.3,Methanobacterium sp. MBAC-LM,3412034.3,Methanobacterium sp. MBAC-LM,1,1,1,1,True,True,True,True,1.0
22b437d42a93adf1a1f4912a2f2bc487,species,2,2,1871071.45|1768795.3,1871071.45|1768795.3,1871071.45,Comamonadaceae bacterium,1871071.45,Comamonadaceae bacterium,1,2,2,1|5,True,True,True,True,1.0
8b2843ccdbc3d39c6d758b7f91388341,species,1,1,2026724.2478,2026724.2478,2026724.2478,Chloroflexota bacterium,2026724.2478,Chloroflexota bacterium,1,1,1,1,True,True,True,True,1.0
2b574134383a97ed6d824d208c869f5f,species,2,2,1879010.10735|433330.4,1879010.10735|433330.4,1879010.10735,Bacillota bacterium,1879010.10735,Bacillota bacterium,1,2,2,1|3,True,True,True,True,1.0
8a7df6e8751646d9927c0f0ed34cbf5b,species,1,1,2831996.71,2831996.71,2831996.71,Eubacteriales bacterium,2831996.71,Eubacteriales bacterium,1,1,1,1,True,True,True,True,1.0
b9894ecd47f62b16d09553eba88c3e8d,genus,1,1,348580.5,348580.5,348580.5,uncultured Sedimentibacter sp.,348580.5,uncultured Sedimentibacter sp.,1,1,1,1,True,True,True,True,1.0
ba7e734314ca58b585509a99c1dc8f97,genus,1,1,2841512.3,2841512.3,2841512.3,Clostridium mobile,2841512.3,Clostridium mobile,1,1,1,1,True,True,True,True,1.0
5b2a2d09315ded235146cac2e767e89a,genus,1,1,2763677.3,2763677.3,2763677.3,Zongyangia hominis,2763677.3,Zongyangia hominis,1,1,1,1,True,True,True,True,1.0
d2f6165d08abe7fc34cde6d0173b9a8a,genus,1,1,3097447.3,3097447.3,3097447.3,Candidatus Pullichristensenella sp.,3097447.3,Candidatus Pullichristensenella sp.,1,1,1,1,True,True,True,True,1.0
2548f61c3083181969197199a1a27bf5,species,1,1,2485925.2156,2485925.2156,2485925.2156,Oscillospiraceae bacterium,2485925.2156,Oscillospiraceae bacterium,1,1,1,1,True,True,True,True,1.0
b4900060b15cd3eab0697bdc00bfc33a,species,2,2,408.47|3364168.3,408.47|3364168.3,408.47,Methylorubrum extorquens,408.47,Methylorubrum extorquens,1,2,2,1|3,True,True,True,True,1.0
ce94860005cb569777791022ac3014af,species,1,1,2841655.3,2841655.3,2841655.3,Methanobacterium sp. YSL,2841655.3,Methanobacterium sp. YSL,1,1,1,1,True,True,True,True,1.0
5c8ca1fddc8497f2db7a63141e5cdc7f,species,1,1,1582259.3,1582259.3,1582259.3,Gudongella oleilytica,1582259.3,Gudongella oleilytica,1,1,1,1,True,True,True,True,1.0
a214ccee6e9a8749c048daa053ae51dc,species,1,1,3412034.3,3412034.3,3412034.3,Methanobacterium sp. MBAC-LM,3412034.3,Methanobacterium sp. MBAC-LM,1,1,1,1,True,True,True,True,1.0
966a27b7648de7ac63f5c15a8be0d10a,genus,1,1,2873829.38,2873829.38,2873829.38,Anaerohalosphaeraceae bacterium,2873829.38,Anaerohalosphaeraceae bacterium,1,1,1,1,True,True,True,True,1.0
bab16dfe7bab8f56e30de9733e5a5964,species,1,1,293303.30,293303.30,293303.30,uncultured Syntrophaceae bacterium,293303.30,uncultured Syntrophaceae bacterium,1,1,1,1,True,True,True,True,1.0
2b7920f905d876304aa83fc776cd91a4,species,1,1,320502.3,320502.3,320502.3,Acetivibrio alkalicellulosi,320502.3,Acetivibrio alkalicellulosi,1,1,1,1,True,True,True,True,1.0
fa29a08838db72d944922cbf3ca72b38,species,1,1,1879010.9840,1879010.9840,1879010.9840,Bacillota bacterium,1879010.9840,Bacillota bacterium,1,1,1,1,True,True,True,True,1.0
d8c78611226dae60111f022dc0a9f947,genus,1,1,2014074.3,2014074.3,2014074.3,Bacillus solitudinis,2014074.3,Bacillus solitudinis,1,1,1,1,True,True,True,True,1.0
a78a93326d787b79c22198acbce80e81,species,1,1,2030808.326,2030808.326,2030808.326,Candidatus Cloacimonadota bacterium,2030808.326,Candidatus Cloacimonadota bacterium,1,1,1,1,True,True,True,True,1.0
5a68a3cca9a0816f321222936d3c0cb8,genus,1,1,3082386.6,3082386.6,3082386.6,Candidatus Wallacebacter cryptica,3082386.6,Candidatus Wallacebacter cryptica,1,1,1,1,True,True,True,True,1.0
d5ba4ee44ca72bb2c78ee918d3d0707d,species,1,1,472963.14,472963.14,472963.14,Anaerobacillus alkalidiazotrophicus,472963.14,Anaerobacillus alkalidiazotrophicus,1,1,1,1,True,True,True,True,1.0
4cec2826da45c90930f69ae290165f1d,species,2,2,2699756.5|1852867.3,2699756.5|1852867.3,2699756.5,Syntrophorhabdus sp.,2699756.5,Syntrophorhabdus sp.,1,2,2,1|2,True,True,True,True,1.0
cae75e1117d316c3a8f12909f766135b,species,2,2,1883427.2926|2699740.6,1883427.2926|2699740.6,1883427.2926,Actinomycetes bacterium,1883427.2926,Actinomycetes bacterium,2,2,2,2|3,True,True,True,True,1.0
5adea97be7d61a174324b19e19ba1dea,species,2,2,1883427.1792|1870902.15,1883427.1792|1870902.15,1883427.1792,Actinomycetes bacterium,1883427.1792,Actinomycetes bacterium,2,2,2,2|3,True,True,True,True,1.0
aa4b8fb0330c049740437e03fc90a40e,genus,2,2,1286698.7|3039679.4,1286698.7|3039679.4,1286698.7,Crassaminicella profunda,1286698.7,Crassaminicella profunda,2,2,2,2|7,True,True,True,True,1.0
78655baa8fe07fac3df14b89c91be2bb,family,2,2,1525.23|2138101.3,1525.23|2138101.3,1525.23,Neomoorella thermoacetica,1525.23,Neomoorella thermoacetica,4,2,2,4|6,True,True,True,True,1.0
0e50bf3eae192d3ce32f00a74ffb97e3,genus,1,1,1879010.11554,1879010.11554,1879010.11554,Bacillota bacterium,1879010.11554,Bacillota bacterium,1,1,1,1,True,True,True,True,1.0
55f0a15d367f1f98823a8accf53c1ab4,species,2,2,179636.18|343013.3,179636.18|343013.3,179636.18,Alicycliphilus denitrificans,179636.18,Alicycliphilus denitrificans,1,2,2,1|2,True,True,True,True,1.0
70d288ad69e9db19c1dac3bf211eaeb9,species,2,2,2011014.3|2980103.3,2011014.3|2980103.3,2011014.3,Bacillus sp. FJAT-45350,2011014.3,Bacillus sp. FJAT-45350,1,2,2,1|4,True,True,True,True,1.0
800e0527da5f9218e61c70f7d0ec8715,genus,2,2,2986839.3|706185.3,2986839.3|706185.3,2986839.3,Flavobacterium sp. N503310,2986839.3,Flavobacterium sp. N503310,1,2,2,1|2,True,True,True,True,1.0
9fd90ca5d6775c90e4e6e46e09b38313,genus,1,1,3083246.49,3083246.49,3083246.49,Christensenellales bacterium,3083246.49,Christensenellales bacterium,1,1,1,1,True,True,True,True,1.0
caeb52da9a42b79671c85be97e7e6a89,species,1,1,1879010.9708,1879010.9708,1879010.9708,Bacillota bacterium,1879010.9708,Bacillota bacterium,1,1,1,1,True,True,True,True,1.0
d98dabbea4fe10de13ec5310782324e8,species,2,2,3119935.3|3119912.3,3119935.3|3119912.3,3119935.3,Xanthobacter lutulentifluminis,3119935.3,Xanthobacter lutulentifluminis,1,2,2,1|2,True,True,True,True,1.0
4ff2d0f9ff5860f0d61f045ebb308e0d,species,2,2,1773.6089|444597.11,1773.6089|444597.11,1773.6089,Mycobacterium tuberculosis,1773.6089,Mycobacterium tuberculosis,1,2,2,1|2,True,True,True,True,1.0
60aded12db04cbb8ba0091f3bb63d0a6,genus,3,3,1289170.3|1983706.3|2932247.5,1289170.3|1983706.3|2932247.5,1289170.3,Leucobacter ruminantium,1289170.3,Leucobacter ruminantium,1,3,3,1|5|2,True,True,True,True,1.0
0e94ac060981402de47bbf85360fea8b,species,1,1,2841655.3,2841655.3,2841655.3,Methanobacterium sp. YSL,2841655.3,Methanobacterium sp. YSL,1,1,1,1,True,True,True,True,1.0
2ac77d9e71c04c362eb0b22647bc57f5,species,1,1,2026734.314,2026734.314,2026734.314,Dehalococcoidia bacterium,2026734.314,Dehalococcoidia bacterium,1,1,1,1,True,True,True,True,1.0
a8c0192a45a12e2f86fe50245c36917d,genus,1,1,3039678.3,3039678.3,3039678.3,Eubacteriales bacterium mix99,3039678.3,Eubacteriales bacterium mix99,1,1,1,1,True,True,True,True,1.0
e111f26c316c8b919015c64090c7cdef,species,2,2,84022.6|1497.4,84022.6|1497.4,84022.6,Andreesenella acetica,84022.6,Andreesenella acetica,1,2,2,1|6,True,True,True,True,1.0
aad81ac0351dcd619b00c97e690dfa5f,species,1,1,2052143.1144,2052143.1144,2052143.1144,Anaerolineae bacterium,2052143.1144,Anaerolineae bacterium,1,1,1,1,True,True,True,True,1.0
fa83652d0f1eca666000903a370b6e14,species,2,2,1421.98|2921718.3,1421.98|2921718.3,1421.98,Lysinibacillus sphaericus,1421.98,Lysinibacillus sphaericus,1,2,2,1|7,True,True,True,True,1.0
b0d25a3bc288f3c5ac8b993c6e4504dd,genus,2,2,3085305.3|3085304.3,3085305.3|3085304.3,3085305.3,Oscillospiraceae bacterium CM18GR_63,3085305.3,Oscillospiraceae bacterium CM18GR_63,1,2,2,1|2,True,True,True,True,1.0
351fdba7f02fbaff27a231855c689a8a,species,1,1,77133.6354,77133.6354,77133.6354,uncultured bacterium,77133.6354,uncultured bacterium,1,1,1,1,True,True,True,True,1.0
4e39e7f278e094156ebfcc28868dd7dd,species,1,1,3412034.3,3412034.3,3412034.3,Methanobacterium sp. MBAC-LM,3412034.3,Methanobacterium sp. MBAC-LM,1,1,1,1,True,True,True,True,1.0
f2fbdc2b912ea775653691981335232f,family,1,1,2026724.939,2026724.939,2026724.939,Chloroflexota bacterium,2026724.939,Chloroflexota bacterium,1,1,1,1,True,True,True,True,1.0
6b68ebbc9e9e8d26fa7018cf163d4848,species,1,1,1909294.1090,1909294.1090,1909294.1090,Hyphomicrobiales bacterium,1909294.1090,Hyphomicrobiales bacterium,1,1,1,1,True,True,True,True,1.0
c4112b995ef6cd2f05559f6a3057bc7c,species,1,1,2164.139,2164.139,2164.139,Methanobacterium sp.,2164.139,Methanobacterium sp.,1,1,1,1,True,True,True,True,1.0
371f00ae446e2e0a412ac4e6dcdacf85,family,1,1,3012325.6,3012325.6,3012325.6,Beutenbergiaceae bacterium,3012325.6,Beutenbergiaceae bacterium,1,1,1,1,True,True,True,True,1.0
c2cac7d762781f38d91567c99eba157e,genus,4,4,3381350.3|1297617.207|707003.4174|2485925.2156,3381350.3|1297617.207|707003.4174|2485925.2156,3381350.3,Acidaminobacterium chupaoyuni,3381350.3,Acidaminobacterium chupaoyuni,9,4,4,9|1|13|15,True,True,True,True,1.0
ee4ac6545a6964811ec188369b533ff7,species,2,2,48256.3|1121337.3,48256.3|1121337.3,48256.3,Ruminiclostridium hungatei,48256.3,Ruminiclostridium hungatei,1,2,2,1|2,True,True,True,True,1.0
faea8df7b37bdc2fd653a1c156baf7db,genus,1,1,310093.17,310093.17,310093.17,uncultured Syntrophomonadaceae bacterium,310093.17,uncultured Syntrophomonadaceae bacterium,1,1,1,1,True,True,True,True,1.0
d22ab0227295d4646e98ca484b96c239,species,2,2,2184719.3|2987703.3,2184719.3|2987703.3,2184719.3,Clostridium bovifaecis,2184719.3,Clostridium bovifaecis,1,2,2,1|4,True,True,True,True,1.0
6d9f5e802552ba002b8efdef2f9bbfec,genus,1,1,427926.8,427926.8,427926.8,Dethiobacter alkaliphilus,427926.8,Dethiobacter alkaliphilus,1,1,1,1,True,True,True,True,1.0
cadb4455b724f027fc10968f3b93c4f5,species,1,1,121290.4,121290.4,121290.4,Hyphomicrobium sulfonivorans,121290.4,Hyphomicrobium sulfonivorans,1,1,1,1,True,True,True,True,1.0
fff6f2b1de224120c999dde9f25fcd0a,species,2,2,134375.104|2697024.3,134375.104|2697024.3,134375.104,Achromobacter sp.,134375.104,Achromobacter sp.,1,2,2,1|2,True,True,True,True,1.0
326834f69c357dad79f31e792597dd1d,species,2,2,2485498.52|2026739.836,2485498.52|2026739.836,2485498.52,Methanoregulaceae archaeon,2485498.52,Methanoregulaceae archaeon,1,2,2,1|3,True,True,True,True,1.0
b0d26647a7f6153005ecd3ce5683ef89,genus,1,1,13690.142,13690.142,13690.142,Sphingobium yanoikuyae,13690.142,Sphingobium yanoikuyae,1,1,1,1,True,True,True,True,1.0
b4675aefcee3975954467e51b228d6f2,species,2,2,1879010.6648|2820301.3,1879010.6648|2820301.3,1879010.6648,Bacillota bacterium,1879010.6648,Bacillota bacterium,3,2,2,3|4,True,True,True,True,1.0
3b04ef795d02d4d5ddc42f2c2598e1d7,species,1,1,924.19,924.19,924.19,Thiobacillus sp.,924.19,Thiobacillus sp.,1,1,1,1,True,True,True,True,1.0
5c331188779be5bb65a2e80544aa8dea,species,1,1,360411.10,360411.10,360411.10,Bellilinea caldifistulae,360411.10,Bellilinea caldifistulae,1,1,1,1,True,True,True,True,1.0
9e91972e602f744d92a27f9585c4a19d,species,2,2,1629550.38|1490.87,1629550.38|1490.87,1629550.38,Paraclostridium benzoelyticum,1629550.38,Paraclostridium benzoelyticum,1,2,2,1|2,True,True,True,True,1.0
65f35a04bab9de1b0fa33126b4db52e7,species,2,2,134375.104|2697024.3,134375.104|2697024.3,134375.104,Achromobacter sp.,134375.104,Achromobacter sp.,1,2,2,1|2,True,True,True,True,1.0
b7533224f1ef2f4739006dd83c6bf4d2,genus,1,1,1879010.11554,1879010.11554,1879010.11554,Bacillota bacterium,1879010.11554,Bacillota bacterium,1,1,1,1,True,True,True,True,1.0
b9a98bd6fcede4fa31c9da7f86747666,species,2,2,52694.18|1068975.15,52694.18|1068975.15,52694.18,Acetobacterium wieringae,52694.18,Acetobacterium wieringae,2,2,2,2|3,True,True,True,True,1.0
eefd58e34806834774cf090051744fd6,species,1,1,2024896.380,2024896.380,2024896.380,Anaerolineaceae bacterium,2024896.380,Anaerolineaceae bacterium,1,1,1,1,True,True,True,True,1.0
bea331330a1f00d2ccef18e7b8d75a4b,species,2,2,1629550.38|1490.87,1629550.38|1490.87,1629550.38,Paraclostridium benzoelyticum,1629550.38,Paraclostridium benzoelyticum,1,2,2,1|2,True,True,True,True,1.0
043c5bc3b765f90981eb6625127663ef,species,1,1,1005740.3,1005740.3,1005740.3,Aminivibrio pyruvatiphilus,1005740.3,Aminivibrio pyruvatiphilus,1,1,1,1,True,True,True,True,1.0
82eeb8631b1f7982fd141bbf2ed2f4dc,species,1,1,2013842.3,2013842.3,2013842.3,Synergistetes bacterium HGW-Synergistetes-1,2013842.3,Synergistetes bacterium HGW-Synergistetes-1,2,1,1,2,True,True,True,True,1.0
899bfc3202ef1effff6e234fa8517ff3,genus,2,2,1898105.143|2748031.293,1898105.143|2748031.293,1898105.143,Paludibacter sp.,1898105.143,Paludibacter sp.,1,2,2,1|2,True,True,True,True,1.0
c4c43c34cccdf1faffcd3c478db50fee,genus,3,3,1121337.3|2488810.3|48256.3,1121337.3|2488810.3|48256.3,1121337.3,Ruminiclostridium sufflavum,1121337.3,Ruminiclostridium sufflavum,1,3,3,1|2|3,True,True,True,True,1.0
44292adaa0ea18b1b38d7e38695a72b1,species,1,1,3083246.38,3083246.38,3083246.38,Christensenellales bacterium,3083246.38,Christensenellales bacterium,1,1,1,1,True,True,True,True,1.0
3133e9e795b0c90e4bcd8791956042d1,species,1,1,1120989.3,1120989.3,1120989.3,Anaerobranca californiensis,1120989.3,Anaerobranca californiensis,1,1,1,1,True,True,True,True,1.0
873b71b30dcfcdbdf2e7080dd9db241f,species,1,1,1672391.534,1672391.534,1672391.534,uncultured Chloroflexia bacterium,1672391.534,uncultured Chloroflexia bacterium,1,1,1,1,True,True,True,True,1.0
299ccc8e8ff39974e43c21db8583539d,species,2,2,1776391.203|2724150.3,1776391.203|2724150.3,1776391.203,Romboutsia timonensis,1776391.203,Romboutsia timonensis,1,2,2,1|2,True,True,True,True,1.0
d7df91c0a9354c5b73ddf9b28799ae43,species,2,2,859655.9|190721.36,859655.9|190721.36,859655.9,Ralstonia solanacearum,859655.9,Ralstonia solanacearum,1,2,2,1|2,True,True,True,True,1.0
d049fee266c4b987284237c65812bd8b,genus,2,2,2049044.565|1951746.3,2049044.565|1951746.3,2049044.565,Erysipelotrichaceae bacterium,2049044.565,Erysipelotrichaceae bacterium,1,2,2,1|2,True,True,True,True,1.0
e04d49b3a01d91878d1c27f4e22b074e,species,1,1,3412034.3,3412034.3,3412034.3,Methanobacterium sp. MBAC-LM,3412034.3,Methanobacterium sp. MBAC-LM,1,1,1,1,True,True,True,True,1.0
e8b184a091b069447aaa71429105e326,species,2,2,267128.12|462372.3,267128.12|462372.3,267128.12,Sphingopyxis granuli,267128.12,Sphingopyxis granuli,1,2,2,1|2,True,True,True,True,1.0
29cd0f756cdd319b032b1b1eb1be4c8f,genus,2,2,3121680.3|3076472.5,3121680.3|3076472.5,3121680.3,Anaerotignaceae bacterium,3121680.3,Anaerotignaceae bacterium,1,2,2,1|4,True,True,True,True,1.0
3756db37fff5d61b7ec84aad15fa4c44,family,1,1,2316383.3,2316383.3,2316383.3,Biomaibacter acetigenes,2316383.3,Biomaibacter acetigenes,1,1,1,1,True,True,True,True,1.0
8bf3a15fcb9d5db4fd6f5f1e60dbdd2f,genus,1,1,2172549.5,2172549.5,2172549.5,Candidatus Brocadia sp.,2172549.5,Candidatus Brocadia sp.,1,1,1,1,True,True,True,True,1.0
704d9e2c5c3cea3c4683fe56146b043e,genus,2,2,3034609.9|1869227.3111,3034609.9|1869227.3111,3034609.9,Aminobacteriaceae bacterium,3034609.9,Aminobacteriaceae bacterium,1,2,2,1|5,True,True,True,True,1.0
a017db3bfdae612d959f9edcc112104c,species,2,2,1970413.3|158751.121,1970413.3|158751.121,1970413.3,Polaromonas sp. 17-63-33,1970413.3,Polaromonas sp. 17-63-33,1,2,2,1|2,True,True,True,True,1.0
b1b1498a8ac17d5a79c894f70b0ff7c3,genus,1,1,1879010.9600,1879010.9600,1879010.9600,Bacillota bacterium,1879010.9600,Bacillota bacterium,1,1,1,1,True,True,True,True,1.0
f988ea53dbaa37384a49d4315240db30,species,1,1,3018271.10,3018271.10,3018271.10,Desulfitobacteriaceae bacterium,3018271.10,Desulfitobacteriaceae bacterium,2,1,1,2,True,True,True,True,1.0
1449d53a8ab97ad249f2332b5bd012b9,genus,1,1,1926877.12,1926877.12,1926877.12,Proteiniphilum sp.,1926877.12,Proteiniphilum sp.,1,1,1,1,True,True,True,True,1.0
64fc10f0a6641c24f1fc81c23d55d3b7,species,2,2,84022.6|1497.4,84022.6|1497.4,84022.6,Andreesenella acetica,84022.6,Andreesenella acetica,1,2,2,1|6,True,True,True,True,1.0
a73d6b4ed74fd4af4a3c77ef62e48ec5,family,1,1,338645.5,338645.5,338645.5,Candidatus Contubernalis alkaliaceticus,338645.5,Candidatus Contubernalis alkaliaceticus,2,1,1,2,True,True,True,True,1.0
99b459540b7b4682716095be1962981e,species,2,2,2030808.327|1872491.7,2030808.327|1872491.7,2030808.327,Candidatus Cloacimonadota bacterium,2030808.327,Candidatus Cloacimonadota bacterium,1,2,2,1|2,True,True,True,True,1.0
e49e2d1740b2969d15197f16c4681997,genus,1,1,1879010.7447,1879010.7447,1879010.7447,Bacillota bacterium,1879010.7447,Bacillota bacterium,1,1,1,1,True,True,True,True,1.0
494686a85ca80380a18f37e6e723f6ff,genus,1,1,86473.2039,86473.2039,86473.2039,uncultured Gammaproteobacteria bacterium,86473.2039,uncultured Gammaproteobacteria bacterium,1,1,1,1,True,True,True,True,1.0
3f621680f877f8755d3bf38982001f7b,family,1,1,2793042.11,2793042.11,2793042.11,Victivallaceae bacterium,2793042.11,Victivallaceae bacterium,1,1,1,1,True,True,True,True,1.0
475e27bf3e60bc624563dd2d438e0a64,species,2,2,3025677.4|935616.5,3025677.4|935616.5,3025677.4,,3025677.4,,1,2,2,1|3,True,True,True,False,1.0
19dccdcbb0a9ad59e58d289bcdb09295,genus,1,1,1944642.3,1944642.3,1944642.3,Marasmitruncus massiliensis,1944642.3,Marasmitruncus massiliensis,1,1,1,1,True,True,True,True,1.0
82027df46b4cddd4d7136ccfaa25a19f,genus,1,1,1734398.4,1734398.4,1734398.4,Gracilibacter sp. BRH_c7a,1734398.4,Gracilibacter sp. BRH_c7a,1,1,1,1,True,True,True,True,1.0
fa7c27da02160cd4642de54d236e78fc,species,2,2,1301100.11|2651171.643,1301100.11|2651171.643,1301100.11,Faecalimicrobium dakarense,1301100.11,Faecalimicrobium dakarense,4,2,2,4|5,True,True,True,True,1.0
bc3c95276ce632909affc67f9294bde6,genus,1,1,1879010.6660,1879010.6660,1879010.6660,Bacillota bacterium,1879010.6660,Bacillota bacterium,1,1,1,1,True,True,True,True,1.0
9c4d55fa490cfb3be28c93ed90a4859d,genus,1,1,2026714.613,2026714.613,2026714.613,Candidatus Bathyarchaeota archaeon,2026714.613,Candidatus Bathyarchaeota archaeon,1,1,1,1,True,True,True,True,1.0
deac35bb9d47f67965b800fa6c414dea,family,1,1,1926877.12,1926877.12,1926877.12,Proteiniphilum sp.,1926877.12,Proteiniphilum sp.,1,1,1,1,True,True,True,True,1.0
b97547037e6bed020583b930bd3684cc,species,1,1,2964540.60,2964540.60,2964540.60,Smithellaceae bacterium,2964540.60,Smithellaceae bacterium,1,1,1,1,True,True,True,True,1.0
bcfc5d3c9a3586094059acfae2f253f4,species,2,2,2518612.352|2900548.1188,2518612.352|2900548.1188,2518612.352,Candidatus Nanopelagicales bacterium,2518612.352,Candidatus Nanopelagicales bacterium,1,2,2,1|2,True,True,True,True,1.0
281228d4a8faf2330f12bda44eeeb6af,species,2,2,1872519.87|3240103.3,1872519.87|3240103.3,1872519.87,Anaerolinea sp.,1872519.87,Anaerolinea sp.,1,2,2,1|2,True,True,True,True,1.0
69b20cc817bea5dcb9b42ccea6416abb,species,1,1,2148.5,2148.5,2148.5,Acholeplasma laidlawii,2148.5,Acholeplasma laidlawii,1,1,1,1,True,True,True,True,1.0
a6e69a1d97c797ccefc9a46e1e9d59b9,species,2,2,1852902.3|430695.46,1852902.3|430695.46,1852902.3,Planctomycetes bacterium ADurb.Bin069,1852902.3,Planctomycetes bacterium ADurb.Bin069,1,2,2,1|2,True,True,True,True,1.0
f898c7a8c566d0beb46d5448dde2387c,species,2,2,2782641.4|3341829.3,2782641.4|3341829.3,2782641.4,Bradyrhizobium sp. 170,2782641.4,Bradyrhizobium sp. 170,1,2,2,1|2,True,True,True,True,1.0
d5c1df7b4eb6d1dad40cfc965a64dc91,genus,1,1,338645.5,338645.5,338645.5,Candidatus Contubernalis alkaliaceticus,338645.5,Candidatus Contubernalis alkaliaceticus,1,1,1,1,True,True,True,True,1.0
4cbb5aa3c9c081eb194c9ef48904828d,species,2,2,3030912.181|2818044.3,3030912.181|2818044.3,3030912.181,Anaerovoracaceae bacterium,3030912.181,Anaerovoracaceae bacterium,1,2,2,1|2,True,True,True,True,1.0
50f6937d35cf193c1881b6fb7c273225,species,1,1,3412034.3,3412034.3,3412034.3,Methanobacterium sp. MBAC-LM,3412034.3,Methanobacterium sp. MBAC-LM,1,1,1,1,True,True,True,True,1.0
f07216e3758674127b729897fc2945ba,genus,1,1,1497501.127,1497501.127,1497501.127,uncultured Thermoleophilia bacterium,1497501.127,uncultured Thermoleophilia bacterium,1,1,1,1,True,True,True,True,1.0
6239566d7bda185bbc00c6475202b675,genus,1,1,1233398.14,1233398.14,1233398.14,uncultured Acholeplasmataceae bacterium,1233398.14,uncultured Acholeplasmataceae bacterium,1,1,1,1,True,True,True,True,1.0
462e7271eadc14fcbbd7f4fda8ca193a,genus,1,1,2044939.1136,2044939.1136,2044939.1136,Clostridia bacterium,2044939.1136,Clostridia bacterium,1,1,1,1,True,True,True,True,1.0
0d01943ed06ec0c8998ac39665f5452a,family,1,1,3082383.25,3082383.25,3082383.25,Candidatus Darwinibacter acetoxidans,3082383.25,Candidatus Darwinibacter acetoxidans,3,1,1,3,True,True,True,True,1.0
88399278e67a6f27c1c493c39b174391,species,1,1,2998972.3,2998972.3,2998972.3,Methanothermobacter sp. DP,2998972.3,Methanothermobacter sp. DP,2,1,1,2,True,True,True,True,1.0
df20ccfbfc0741ee313d9e9433dbac01,genus,1,1,1962289.10,1962289.10,1962289.10,Dehalobacter sp.,1962289.10,Dehalobacter sp.,1,1,1,1,True,True,True,True,1.0
6c75ae436af6e5a1e5b5cdec03d1fd65,genus,2,2,863.9|1671630.22,863.9|1671630.22,863.9,Syntrophomonas wolfei,863.9,Syntrophomonas wolfei,1,2,2,1|2,True,True,True,True,1.0
57d80e7465d3924d85b75767855a3c4f,family,1,1,3045146.4,3045146.4,3045146.4,Petroclostridium sp. X23,3045146.4,Petroclostridium sp. X23,2,1,1,2,True,True,True,True,1.0
300fe288268b05ea9ab54feeaac5ac13,genus,1,1,543059.3,543059.3,543059.3,uncultured Halothermothrix sp.,543059.3,uncultured Halothermothrix sp.,2,1,1,2,True,True,True,True,1.0
32d1077d28b29a3f6b93e1c0cbad6fda,species,2,2,2026724.2411|1917966.15,2026724.2411|1917966.15,2026724.2411,Chloroflexota bacterium,2026724.2411,Chloroflexota bacterium,1,2,2,1|4,True,True,True,True,1.0
07a0a37967e31e9f4fe1683f99cc42b7,genus,1,1,3039678.4,3039678.4,3039678.4,Eubacteriales bacterium mix99,3039678.4,Eubacteriales bacterium mix99,1,1,1,1,True,True,True,True,1.0
9686ac0f1487906d7d6ebd3fd7dc8d2b,genus,2,2,2485925.2156|867686.5,2485925.2156|867686.5,2485925.2156,Oscillospiraceae bacterium,2485925.2156,Oscillospiraceae bacterium,5,2,2,5|1,True,True,True,True,1.0
9d172cf068d4eda0c6d68f5b9cc75a1e,genus,1,1,1879010.9600,1879010.9600,1879010.9600,Bacillota bacterium,1879010.9600,Bacillota bacterium,1,1,1,1,True,True,True,True,1.0
a049ac86c03db7991ef693a1bb025681,species,1,1,3412034.3,3412034.3,3412034.3,Methanobacterium sp. MBAC-LM,3412034.3,Methanobacterium sp. MBAC-LM,1,1,1,1,True,True,True,True,1.0
9351cccfbe9ec3b210cc47272367a7df,genus,2,2,1879010.10586|3030912.266,1879010.10586|3030912.266,1879010.10586,Bacillota bacterium,1879010.10586,Bacillota bacterium,1,2,2,1|3,True,True,True,True,1.0
1b928ac12dc87878c3c36113baa33d56,species,1,1,1062.290,1062.290,1062.290,Rhodobacter sp.,1062.290,Rhodobacter sp.,1,1,1,1,True,True,True,True,1.0
41d1c01fdc01041978b943ebfa386bdb,genus,1,1,3082383.25,3082383.25,3082383.25,Candidatus Darwinibacter acetoxidans,3082383.25,Candidatus Darwinibacter acetoxidans,1,1,1,1,True,True,True,True,1.0
7c02fc116dfd968c72ec176c6b121a3a,genus,1,1,3083246.38,3083246.38,3083246.38,Christensenellales bacterium,3083246.38,Christensenellales bacterium,1,1,1,1,True,True,True,True,1.0
ce835292dded53d610b8b1ca216711c5,genus,3,3,3030912.178|2818044.3|1879010.6995,3030912.178|2818044.3|1879010.6995,3030912.178,Anaerovoracaceae bacterium,3030912.178,Anaerovoracaceae bacterium,1,3,3,1|2|3,True,True,True,True,1.0
54c489de5ec8c0e9aa68974f8f39d713,species,1,1,1872579.14,1872579.14,1872579.14,Aquamicrobium sp.,1872579.14,Aquamicrobium sp.,1,1,1,1,True,True,True,True,1.0
fd7c9ad162f78a62dda5099c417becc6,species,2,2,2052143.1146|2026724.2421,2052143.1146|2026724.2421,2052143.1146,Anaerolineae bacterium,2052143.1146,Anaerolineae bacterium,1,2,2,1|2,True,True,True,True,1.0
f04ff31f64577aa1ffb8bae8e5bb7028,family,1,1,2831996.1037,2831996.1037,2831996.1037,Eubacteriales bacterium,2831996.1037,Eubacteriales bacterium,1,1,1,1,True,True,True,True,1.0
64303da63d4474d55a0486a7f379c2ba,genus,1,1,1674862.5,1674862.5,1674862.5,Spirochaetales bacterium Spiro_06,1674862.5,Spirochaetales bacterium Spiro_06,1,1,1,1,True,True,True,True,1.0
712f87f5d819a247fd620da2e5d1ba23,genus,1,1,2054177.138,2054177.138,2054177.138,Christensenellaceae bacterium,2054177.138,Christensenellaceae bacterium,1,1,1,1,True,True,True,True,1.0
cfd8b4faf14870a6bdb89a001e770060,species,1,1,34028.127,34028.127,34028.127,Comamonas sp.,34028.127,Comamonas sp.,1,1,1,1,True,True,True,True,1.0
527903fbf386db15505deed22209fe0a,genus,1,1,2044939.4948,2044939.4948,2044939.4948,Clostridia bacterium,2044939.4948,Clostridia bacterium,1,1,1,1,True,True,True,True,1.0
d2324169a6d55451e2666edc82665cba,genus,1,1,1879010.6660,1879010.6660,1879010.6660,Bacillota bacterium,1879010.6660,Bacillota bacterium,1,1,1,1,True,True,True,True,1.0
947e4a587725a525a54833c06fcbab42,genus,1,1,1879010.6660,1879010.6660,1879010.6660,Bacillota bacterium,1879010.6660,Bacillota bacterium,1,1,1,1,True,True,True,True,1.0
cac0146ef6e3485fd6a9f6cd8f6ccb06,species,1,1,3083246.38,3083246.38,3083246.38,Christensenellales bacterium,3083246.38,Christensenellales bacterium,1,1,1,1,True,True,True,True,1.0
b513381a51c3d1b0d7e568a804954430,species,1,1,3412034.3,3412034.3,3412034.3,Methanobacterium sp. MBAC-LM,3412034.3,Methanobacterium sp. MBAC-LM,1,1,1,1,True,True,True,True,1.0
713956008008d889ae4a6327cb4f1061,species,1,1,2053624.147,2053624.147,2053624.147,Synergistaceae bacterium,2053624.147,Synergistaceae bacterium,1,1,1,1,True,True,True,True,1.0
349d6e0ff74f02b6d2d55d29a6084ea2,species,1,1,1909296.55,1909296.55,1909296.55,Marmoricola sp.,1909296.55,Marmoricola sp.,1,1,1,1,True,True,True,True,1.0
26897509b56c5bcf18626b728a146bca,species,2,2,1898104.3557|1879010.10659,1898104.3557|1879010.10659,1898104.3557,Bacteroidota bacterium,1898104.3557,Bacteroidota bacterium,1,2,2,1|2,True,True,True,True,1.0
1be424347c91d4aef0664f5e7d157c32,species,1,1,2841518.3,2841518.3,2841518.3,Christensenella sp. MSJ-20,2841518.3,Christensenella sp. MSJ-20,1,1,1,1,True,True,True,True,1.0
6bb602f161cd434e740b0b0694a2fe7e,species,2,2,2801846.26|3031239.3,2801846.26|3031239.3,2801846.26,Arachnia sp.,2801846.26,Arachnia sp.,1,2,2,1|2,True,True,True,True,1.0
8fd7af3fd41ce627d8be20317e594132,genus,3,3,84022.6|1497.4|393762.4,84022.6|1497.4|393762.4,84022.6,Andreesenella acetica,84022.6,Andreesenella acetica,1,3,3,1|6|9,True,True,True,True,1.0
068318d9dda2d16e8aa77418261bd64b,species,1,1,3034609.7,3034609.7,3034609.7,Aminobacteriaceae bacterium,3034609.7,Aminobacteriaceae bacterium,3,1,1,3,True,True,True,True,1.0
67eb9981d1bfffccac7b787cebaaa01b,species,1,1,1674822.4,1674822.4,1674822.4,Bacteroidales bacterium Bact_08,1674822.4,Bacteroidales bacterium Bact_08,1,1,1,1,True,True,True,True,1.0
99f9b204f31c6690c17496f44394b974,species,2,2,1255613.3|340320.8,1255613.3|340320.8,1255613.3,Leucobacter sp. 7(1),1255613.3,Leucobacter sp. 7(1),1,2,2,1|2,True,True,True,True,1.0
dbb33c04baa39aa2036f66ac54d07dac,genus,1,1,690567.9,690567.9,690567.9,Syntrophomonas zehnderi,690567.9,Syntrophomonas zehnderi,1,1,1,1,True,True,True,True,1.0
94c501c5d59dddbd80effa77dbceebe0,family,1,1,1879010.10371,1879010.10371,1879010.10371,Bacillota bacterium,1879010.10371,Bacillota bacterium,1,1,1,1,True,True,True,True,1.0
c97b49b5849b709da91fb5f6f48cd9eb,species,2,2,335406.5|256318.66,335406.5|256318.66,335406.5,Sphingosinicella microcystinivorans,335406.5,Sphingosinicella microcystinivorans,1,2,2,1|2,True,True,True,True,1.0
cff8e2e801a0c5c478ebbe42363d2ee7,genus,1,1,195049.312,195049.312,195049.312,uncultured Clostridiaceae bacterium,195049.312,uncultured Clostridiaceae bacterium,1,1,1,1,True,True,True,True,1.0
203409814477d3107596c93e9ba7e5bc,genus,1,1,2831996.71,2831996.71,2831996.71,Eubacteriales bacterium,2831996.71,Eubacteriales bacterium,1,1,1,1,True,True,True,True,1.0
8e9415fb1edc2f6f3ccda52f97761c01,species,1,1,1086013.8,1086013.8,1086013.8,Gemmobacter megaterium,1086013.8,Gemmobacter megaterium,1,1,1,1,True,True,True,True,1.0
fb89ee34d5f2ddb3d1ce9da15080b792,genus,2,2,2231116.13|1233400.4,2231116.13|1233400.4,2231116.13,Mycoplasmatota bacterium,2231116.13,Mycoplasmatota bacterium,1,2,2,1|4,True,True,True,True,1.0
07e45dbcdbdf6f14162122517de780b0,species,2,2,261299.153|1496.35554,261299.153|1496.35554,261299.153,Intestinibacter bartlettii,261299.153,Intestinibacter bartlettii,1,2,2,1|4,True,True,True,True,1.0
10bb410cab85c3ad55c3e1b7a643ae2a,species,2,2,413497.13|1898104.773,413497.13|1898104.773,413497.13,Cronobacter dublinensis,413497.13,Cronobacter dublinensis,1,2,2,1|4,True,True,True,True,1.0
fa8e5e27d8fba25e37fc05340a105914,species,2,2,2052168.68|2528041.7,2052168.68|2528041.7,2052168.68,Methanomassiliicoccaceae archaeon,2052168.68,Methanomassiliicoccaceae archaeon,1,2,2,1|3,True,True,True,True,1.0
a5ad9574a1f8aea06b6dfaff6eddfff7,species,2,2,419596.9|2982694.3,419596.9|2982694.3,419596.9,,419596.9,,3,2,2,3|4,True,True,True,False,1.0
4e9f7176de6f2af840aa8a369a060705,species,2,2,1907408.3|3350165.3,1907408.3|3350165.3,1907408.3,Allobosea sp. TND4EK4,1907408.3,Allobosea sp. TND4EK4,1,2,2,1|2,True,True,True,True,1.0
74316f0e658505498c0bd04393736a67,species,2,2,1768800.4|2038386.3,1768800.4|2038386.3,1768800.4,Rhizobiales bacterium CCH8-D1,1768800.4,Rhizobiales bacterium CCH8-D1,2,2,2,2|3,True,True,True,True,1.0
ffc8f144edd6d82dce1b1b9056b59bef,genus,1,1,3232135.3,3232135.3,3232135.3,Tautonia sp. JC769,3232135.3,Tautonia sp. JC769,1,1,1,1,True,True,True,True,1.0
1ec11c735d1eb801372d246be26034d7,genus,1,1,1879010.9708,1879010.9708,1879010.9708,Bacillota bacterium,1879010.9708,Bacillota bacterium,1,1,1,1,True,True,True,True,1.0
3ab03e560dde34c45b0a4e71c809c190,species,1,1,3412034.3,3412034.3,3412034.3,Methanobacterium sp. MBAC-LM,3412034.3,Methanobacterium sp. MBAC-LM,1,1,1,1,True,True,True,True,1.0
88dc9b1bf64124875974e6e8ce1bb2e0,species,2,2,161920.6|139021.6,161920.6|139021.6,161920.6,Dietzia natronolimnaea,161920.6,Dietzia natronolimnaea,1,2,2,1|2,True,True,True,True,1.0
f20c6c1ebf09a1b98bf630fc9920e8b6,genus,1,1,2026714.613,2026714.613,2026714.613,Candidatus Bathyarchaeota archaeon,2026714.613,Candidatus Bathyarchaeota archaeon,1,1,1,1,True,True,True,True,1.0
c7b5ccd6001f20b113bf480efab552c9,genus,1,1,2052149.401,2052149.401,2052149.401,Candidatus Aminicenantota bacterium,2052149.401,Candidatus Aminicenantota bacterium,1,1,1,1,True,True,True,True,1.0
713e9dcfb8f87d843735061fd6bfe1e1,family,1,1,2033014.110,2033014.110,2033014.110,Armatimonadota bacterium,2033014.110,Armatimonadota bacterium,1,1,1,1,True,True,True,True,1.0
effac6ec8d11ae5d2d4f029c5f18e3be,species,1,1,77133.4205,77133.4205,77133.4205,uncultured bacterium,77133.4205,uncultured bacterium,1,1,1,1,True,True,True,True,1.0
b4ddae050e7f8cb4e050ab8c7595731c,genus,1,1,3083246.38,3083246.38,3083246.38,Christensenellales bacterium,3083246.38,Christensenellales bacterium,1,1,1,1,True,True,True,True,1.0
9ccaa8cf8d7eeb8aafaae75175346f12,genus,1,1,3083246.44,3083246.44,3083246.44,Christensenellales bacterium,3083246.44,Christensenellales bacterium,1,1,1,1,True,True,True,True,1.0
37d606d03d54c46da31b937d8f5b6b61,genus,2,2,1123003.3|2093812.12,1123003.3|2093812.12,1123003.3,Propionispora hippei,1123003.3,Propionispora hippei,1,2,2,1|2,True,True,True,True,1.0
85f6db727b9f9f28fa57d33177a6f386,species,2,2,2917991.6|2801335.3,2917991.6|2801335.3,2917991.6,Devosia lacusdianchii,2917991.6,Devosia lacusdianchii,2,2,2,2|3,True,True,True,True,1.0
3182f7f1481c062400961d614823e485,species,2,2,3111456.3|3151850.4,3111456.3|3151850.4,3111456.3,Lacrimispora sinapis,3111456.3,Lacrimispora sinapis,1,2,2,1|5,True,True,True,True,1.0
9ff60b1660430eecb3f6b31e6f3db189,family,1,1,2763656.3,2763656.3,2763656.3,Guopingia tenuis,2763656.3,Guopingia tenuis,1,1,1,1,True,True,True,True,1.0
c97244fcde2f912b5f515df2d4803f23,genus,1,1,1879010.11279,1879010.11279,1879010.11279,Bacillota bacterium,1879010.11279,Bacillota bacterium,1,1,1,1,True,True,True,True,1.0
3e0febfb4a6a1915ac7dbadd489360be,species,1,1,91750.4167,91750.4167,91750.4167,uncultured Alphaproteobacteria bacterium,91750.4167,uncultured Alphaproteobacteria bacterium,1,1,1,1,True,True,True,True,1.0
402e6b5b282305d18249bfd6887eee0a,species,2,2,3111456.3|3142762.3,3111456.3|3142762.3,3111456.3,Lacrimispora sinapis,3111456.3,Lacrimispora sinapis,1,2,2,1|5,True,True,True,True,1.0
057bcefe7d185d0daf7b610144b1fa59,species,2,2,2482790.55|1672391.683,2482790.55|1672391.683,2482790.55,Thermomicrobiales bacterium,2482790.55,Thermomicrobiales bacterium,1,2,2,1|3,True,True,True,True,1.0
026600da36b900cf6ff6ee481b90793a,species,1,1,1977087.4351,1977087.4351,1977087.4351,Pseudomonadota bacterium,1977087.4351,Pseudomonadota bacterium,2,1,1,2,True,True,True,True,1.0
6ebfd1a0916bd58f511567f732c9a115,family,2,2,2816908.3|1879010.9311,2816908.3|1879010.9311,2816908.3,Sedimentibacter sp. zth1,2816908.3,Sedimentibacter sp. zth1,1,2,2,1|6,True,True,True,True,1.0
48583aa878619934f2f6d8583cccae68,species,1,1,3412034.3,3412034.3,3412034.3,Methanobacterium sp. MBAC-LM,3412034.3,Methanobacterium sp. MBAC-LM,1,1,1,1,True,True,True,True,1.0
8d5c57433a03e4329c7e6b3aaf6668a1,genus,1,1,349920.35,349920.35,349920.35,uncultured Coriobacteriales bacterium,349920.35,uncultured Coriobacteriales bacterium,1,1,1,1,True,True,True,True,1.0
270c5d9a2223e0f5d99547e426bc19e4,species,1,1,3412034.3,3412034.3,3412034.3,Methanobacterium sp. MBAC-LM,3412034.3,Methanobacterium sp. MBAC-LM,1,1,1,1,True,True,True,True,1.0
da42156b748b0af3ebc3c6268720755e,genus,1,1,1672391.152,1672391.152,1672391.152,uncultured Chloroflexia bacterium,1672391.152,uncultured Chloroflexia bacterium,1,1,1,1,True,True,True,True,1.0
0530769e11e7f6b51e29aec47064b7cf,genus,2,2,2840708.5|1123282.4,2840708.5|1123282.4,2840708.5,Candidatus Avoscillospira stercorigallinarum,2840708.5,Candidatus Avoscillospira stercorigallinarum,1,2,2,1|5,True,True,True,True,1.0
bdd1ff0b7dda6da30f922fc86600543a,species,1,1,1964382.3,1964382.3,1964382.3,Hathewaya massiliensis,1964382.3,Hathewaya massiliensis,1,1,1,1,True,True,True,True,1.0
8d6e9c000ccfb1a2eb70d805990db95d,species,1,1,1898203.6596,1898203.6596,1898203.6596,Lachnospiraceae bacterium,1898203.6596,Lachnospiraceae bacterium,1,1,1,1,True,True,True,True,1.0
43c0b25b6784fa0e906d10eea57852c8,genus,1,1,1879010.10574,1879010.10574,1879010.10574,Bacillota bacterium,1879010.10574,Bacillota bacterium,1,1,1,1,True,True,True,True,1.0
353932b8f9bc8551107028bbc48b250c,genus,1,1,172733.10029,172733.10029,172733.10029,uncultured Eubacteriales bacterium,172733.10029,uncultured Eubacteriales bacterium,1,1,1,1,True,True,True,True,1.0
c1ed97b9675b1d0f08c9cd6e6ab9eb76,species,1,1,1879010.10564,1879010.10564,1879010.10564,Bacillota bacterium,1879010.10564,Bacillota bacterium,1,1,1,1,True,True,True,True,1.0
614e12aec73ab6030db3c1a7f5141bba,species,2,2,3064664.21|2030808.326,3064664.21|2030808.326,3064664.21,Candidatus Cloacimonadaceae bacterium,3064664.21,Candidatus Cloacimonadaceae bacterium,1,2,2,1|2,True,True,True,True,1.0
c54740e67850b527400a77af33bd3d89,species,1,1,2666341.16,2666341.16,2666341.16,Methanofastidiosum sp.,2666341.16,Methanofastidiosum sp.,1,1,1,1,True,True,True,True,1.0
6bbba65392a923662648a61d94002b30,family,2,2,3032002.6|2173034.3,3032002.6|2173034.3,3032002.6,Petrocella sp. FN5,3032002.6,Petrocella sp. FN5,2,2,2,2|3,True,True,True,True,1.0
7ca0aa981440578673a435c612592e0b,species,2,2,1872489.11|3034609.9,1872489.11|3034609.9,1872489.11,Aminivibrio sp.,1872489.11,Aminivibrio sp.,1,2,2,1|2,True,True,True,True,1.0
03a6a6d84a7be4b11b6467c91ca79d57,genus,1,1,1879010.9981,1879010.9981,1879010.9981,Bacillota bacterium,1879010.9981,Bacillota bacterium,1,1,1,1,True,True,True,True,1.0
0cdf6b354c008cd74c18af9f484f8bf7,species,2,2,1872519.87|3240103.3,1872519.87|3240103.3,1872519.87,Anaerolinea sp.,1872519.87,Anaerolinea sp.,1,2,2,1|2,True,True,True,True,1.0
1cb61b915d95b3ecc06c6a25f791670e,genus,3,3,989.7|682526.5|1236989.10,989.7|682526.5|1236989.10,989.7,Marinilabilia salmonicolor,989.7,Marinilabilia salmonicolor,1,3,3,1|4|5,True,True,True,True,1.0
7c6299b064794dfea9e563a4645d1bbf,species,1,1,3412034.3,3412034.3,3412034.3,Methanobacterium sp. MBAC-LM,3412034.3,Methanobacterium sp. MBAC-LM,1,1,1,1,True,True,True,True,1.0
ee84ea845fe5d8d3ed55ae230c5b7e62,family,1,1,1671647.4,1671647.4,1671647.4,Clostridiales bacterium DTU012,1671647.4,Clostridiales bacterium DTU012,1,1,1,1,True,True,True,True,1.0
49c2b5d0aaf2ac8b0ee6cae5b6c5a8f4,species,2,2,2292256.3|2562284.3,2292256.3|2562284.3,2292256.3,Undibacter mobilis,2292256.3,Undibacter mobilis,1,2,2,1|2,True,True,True,True,1.0
bab46dfd2ebedb1ecc30e955eb423156,genus,1,1,1898204.323,1898204.323,1898204.323,Clostridiaceae bacterium,1898204.323,Clostridiaceae bacterium,1,1,1,1,True,True,True,True,1.0
fdbf76a389e7e1045f64dcd50696b8e7,species,1,1,3097447.3,3097447.3,3097447.3,Candidatus Pullichristensenella sp.,3097447.3,Candidatus Pullichristensenella sp.,1,1,1,1,True,True,True,True,1.0
d7e616d63605ffd0d9129244621edbfc,species,1,1,3397570.3,3397570.3,3397570.3,Synergistaceae bacterium DZ-S5,3397570.3,Synergistaceae bacterium DZ-S5,1,1,1,1,True,True,True,True,1.0
1071b98661dd8853c0e46701d6b23af6,genus,1,1,3082386.11,3082386.11,3082386.11,Candidatus Wallacebacter cryptica,3082386.11,Candidatus Wallacebacter cryptica,1,1,1,1,True,True,True,True,1.0
6ba11aa98436328c7d53c0b5db9dd2b0,genus,1,1,2026715.69,2026715.69,2026715.69,Pseudobdellovibrionaceae bacterium,2026715.69,Pseudobdellovibrionaceae bacterium,1,1,1,1,True,True,True,True,1.0
592e037654532013ab7258e4ae16b0b5,genus,1,1,2033014.703,2033014.703,2033014.703,Armatimonadota bacterium,2033014.703,Armatimonadota bacterium,1,1,1,1,True,True,True,True,1.0
91ae0ed28c5142ecc8b8e9a5d5f707d5,species,2,2,1491.3088|1509.232,1491.3088|1509.232,1491.3088,Clostridium botulinum,1491.3088,Clostridium botulinum,1,2,2,1|3,True,True,True,True,1.0
d0d582d9d9b71467f236f9bace54eea5,species,1,1,343013.3,343013.3,343013.3,Paenacidovorax caeni,343013.3,Paenacidovorax caeni,1,1,1,1,True,True,True,True,1.0
440cf59737156116c2e42f84552562b8,species,2,2,2781738.3|1121003.3,2781738.3|1121003.3,2781738.3,Aquamicrobium zhengzhouense,2781738.3,Aquamicrobium zhengzhouense,1,2,2,1|2,True,True,True,True,1.0
4427597bcba686e28f83a29252ed6e17,genus,1,1,1678841.5,1678841.5,1678841.5,Lentimicrobium saccharophilum,1678841.5,Lentimicrobium saccharophilum,1,1,1,1,True,True,True,True,1.0
c0accb6471609a9265cb168064555980,genus,2,2,1879010.10586|2044939.4447,1879010.10586|2044939.4447,1879010.10586,Bacillota bacterium,1879010.10586,Bacillota bacterium,1,2,2,1|2,True,True,True,True,1.0
d8ed5ca0e05ed7e2c1fb30325a7f1e0f,genus,1,1,3121792.116,3121792.116,3121792.116,Filifactoraceae bacterium,3121792.116,Filifactoraceae bacterium,1,1,1,1,True,True,True,True,1.0
b659fcf2b17787c3e45bedfc42a89936,genus,2,2,2231116.13|1233400.4,2231116.13|1233400.4,2231116.13,Mycoplasmatota bacterium,2231116.13,Mycoplasmatota bacterium,1,2,2,1|4,True,True,True,True,1.0
d947bf2404132e0163f3c59d1bce36f7,species,2,2,1852816.3|1898104.1487,1852816.3|1898104.1487,1852816.3,Bacteroidetes bacterium ADurb.BinA104,1852816.3,Bacteroidetes bacterium ADurb.BinA104,1,2,2,1|2,True,True,True,True,1.0
e17dcd58f6ca08bacf65afcde751be53,genus,1,1,1879010.11554,1879010.11554,1879010.11554,Bacillota bacterium,1879010.11554,Bacillota bacterium,1,1,1,1,True,True,True,True,1.0
beb16d17921d9d616810cfda4d470651,species,2,2,340320.3|2796471.3,340320.3|2796471.3,340320.3,Leucobacter luti,340320.3,Leucobacter luti,1,2,2,1|2,True,True,True,True,1.0
c04f2aa72eb5915198cc74dedbb985ea,genus,2,2,3083246.38|1879010.10588,3083246.38|1879010.10588,3083246.38,Christensenellales bacterium,3083246.38,Christensenellales bacterium,1,2,2,1|2,True,True,True,True,1.0
0cfcb3be22238be1393c01bbede5d1d9,species,2,2,28450.4538|60550.81,28450.4538|60550.81,28450.4538,Burkholderia pseudomallei,28450.4538,Burkholderia pseudomallei,1,2,2,1|2,True,True,True,True,1.0
147f672fdb531def69cb4b3f1c5029da,species,2,2,2810534.3|2993565.3,2810534.3|2993565.3,2810534.3,Leucobacter sp. UCMA 4100,2810534.3,Leucobacter sp. UCMA 4100,1,2,2,1|2,True,True,True,True,1.0
5f41d216306c604d87ba8ffe56340e7f,genus,3,3,2722793.3|1879010.10766|224999.13,2722793.3|1879010.10766|224999.13,2722793.3,Tepidanaerobacter sp. GT38,2722793.3,Tepidanaerobacter sp. GT38,1,3,3,1|2|4,True,True,True,True,1.0
b59754bec2dc431ceec006fa8d612183,species,1,1,1734049.4,1734049.4,1734049.4,Serpentinicella alkaliphila,1734049.4,Serpentinicella alkaliphila,1,1,1,1,True,True,True,True,1.0
43c944338e9f3b7dbdf05108887a754a,species,2,2,413497.9|1951437.3,413497.9|1951437.3,413497.9,Cronobacter dublinensis,413497.9,Cronobacter dublinensis,1,2,2,1|2,True,True,True,True,1.0
4faa3699baba0e697f56b8f69a2a1f40,genus,1,1,422285.13,422285.13,422285.13,uncultured candidate division WWE3 bacterium,422285.13,uncultured candidate division WWE3 bacterium,1,1,1,1,True,True,True,True,1.0
133665f9942b3d081efe500725f373da,species,1,1,2093811.238,2093811.238,2093811.238,Syntrophomonadaceae bacterium,2093811.238,Syntrophomonadaceae bacterium,1,1,1,1,True,True,True,True,1.0
da066c0fbe0dcc118b4086184c3a4833,species,1,1,3083246.44,3083246.44,3083246.44,Christensenellales bacterium,3083246.44,Christensenellales bacterium,1,1,1,1,True,True,True,True,1.0
5c52186b7c44d5709af099adc5dea216,species,1,1,3412034.3,3412034.3,3412034.3,Methanobacterium sp. MBAC-LM,3412034.3,Methanobacterium sp. MBAC-LM,1,1,1,1,True,True,True,True,1.0
c287fac948d2152e5ef093dc4b9ea1c6,species,2,2,48256.3|1121337.3,48256.3|1121337.3,48256.3,Ruminiclostridium hungatei,48256.3,Ruminiclostridium hungatei,1,2,2,1|2,True,True,True,True,1.0
144e3876b7943b5474d329bec54856a4,species,1,1,2937282.4,2937282.4,2937282.4,Methanoculleus bovis,2937282.4,Methanoculleus bovis,1,1,1,1,True,True,True,True,1.0
f9e991f7932771f75b908089e6a3c5f0,species,2,2,2268201.48|1926877.12,2268201.48|1926877.12,2268201.48,Synergistales bacterium,2268201.48,Synergistales bacterium,1,2,2,1|2,True,True,True,True,1.0
471ee7e3392aa06c75547eca0d50fdec,genus,1,1,398512.9,398512.9,398512.9,Pseudobacteroides cellulosolvens,398512.9,Pseudobacteroides cellulosolvens,1,1,1,1,True,True,True,True,1.0
6e01e4385cee37baa2cba8e4af01c030,species,2,2,2030806.99|2026724.2402,2030806.99|2026724.2402,2030806.99,Burkholderiaceae bacterium,2030806.99,Burkholderiaceae bacterium,1,2,2,1|2,True,True,True,True,1.0
51f21ba905941f4cf5d9c5e0d6e00bd4,species,1,1,1944642.3,1944642.3,1944642.3,Marasmitruncus massiliensis,1944642.3,Marasmitruncus massiliensis,1,1,1,1,True,True,True,True,1.0
8e6aad6b74b9b6601b06801e804b3ab3,species,1,1,1387281.3,1387281.3,1387281.3,Plastorhodobacter daqingensis,1387281.3,Plastorhodobacter daqingensis,1,1,1,1,True,True,True,True,1.0
de6e665cc2a0ca6ca74b71b0581558e7,species,2,2,2528041.15|2052168.68,2528041.15|2052168.68,2528041.15,Methanomassiliicoccus sp.,2528041.15,Methanomassiliicoccus sp.,1,2,2,1|2,True,True,True,True,1.0
07751ebfb567d65db3f366d9c4037e68,species,2,2,1713724.6|1915538.3,1713724.6|1915538.3,1713724.6,Methanomassiliicoccales archaeon RumEn M1,1713724.6,Methanomassiliicoccales archaeon RumEn M1,1,2,2,1|2,True,True,True,True,1.0
451acf82a2350fce17f55d27708aa232,genus,2,2,1879010.10792|1898207.5522,1879010.10792|1898207.5522,1879010.10792,Bacillota bacterium,1879010.10792,Bacillota bacterium,1,2,2,1|3,True,True,True,True,1.0
14ce80de12b0526121a4d0f4058099d1,genus,1,1,3381350.3,3381350.3,3381350.3,Acidaminobacterium chupaoyuni,3381350.3,Acidaminobacterium chupaoyuni,1,1,1,1,True,True,True,True,1.0
76a43b01e1b397fed9d963f273f17a59,genus,1,1,3083246.44,3083246.44,3083246.44,Christensenellales bacterium,3083246.44,Christensenellales bacterium,1,1,1,1,True,True,True,True,1.0
b4047348b90c6f16b7fba7f7330bf87e,species,2,2,1898104.1511|2034841.11,1898104.1511|2034841.11,1898104.1511,Bacteroidota bacterium,1898104.1511,Bacteroidota bacterium,1,2,2,1|9,True,True,True,True,1.0
e7fedde48db99c6379c14aea36d0e5d2,family,2,2,3083246.117|1872421.348,3083246.117|1872421.348,3083246.117,Christensenellales bacterium,3083246.117,Christensenellales bacterium,2,2,2,2|4,True,True,True,True,1.0
8906a08ad08c20a3b13351fb1619866c,genus,1,1,1265.8,1265.8,1265.8,Ruminococcus flavefaciens,1265.8,Ruminococcus flavefaciens,2,1,1,2,True,True,True,True,1.0
f16e4c6266ddf5fc9dd22ebb744cb295,genus,1,1,2818044.3,2818044.3,2818044.3,Sinanaerobacter chloroacetimidivorans,2818044.3,Sinanaerobacter chloroacetimidivorans,1,1,1,1,True,True,True,True,1.0
1910bfda20570cb1978198cf2fa8e330,genus,1,1,422285.13,422285.13,422285.13,uncultured candidate division WWE3 bacterium,422285.13,uncultured candidate division WWE3 bacterium,1,1,1,1,True,True,True,True,1.0
ef7c28bb28866912b76003ee110bdf6b,species,2,2,128785.61|69284.5,128785.61|69284.5,128785.61,Pseudoxanthomonas mexicana,128785.61,Pseudoxanthomonas mexicana,1,2,2,1|2,True,True,True,True,1.0
ec32cc6605cedce13a2049357143079a,family,2,2,707003.5499|1946797.3,707003.5499|1946797.3,707003.5499,uncultured Oscillospiraceae bacterium,707003.5499,uncultured Oscillospiraceae bacterium,1,2,2,1|5,True,True,True,True,1.0
913e8b6ddca7947f95db836301d8e9cd,species,2,2,391.42|2775403.3,391.42|2775403.3,391.42,Rhizobium sp.,391.42,Rhizobium sp.,1,2,2,1|2,True,True,True,True,1.0
7229a1a874924db8456664b2a5985136,genus,1,1,1564487.7,1564487.7,1564487.7,Herbinix hemicellulosilytica,1564487.7,Herbinix hemicellulosilytica,1,1,1,1,True,True,True,True,1.0
18ad5983778a83a204dd34420be14f74,species,2,2,1907408.3|3350165.3,1907408.3|3350165.3,1907408.3,Allobosea sp. TND4EK4,1907408.3,Allobosea sp. TND4EK4,1,2,2,1|2,True,True,True,True,1.0
d883b22e464393102af5c3372d061397,family,1,1,1898206.155,1898206.155,1898206.155,Spirochaetaceae bacterium,1898206.155,Spirochaetaceae bacterium,1,1,1,1,True,True,True,True,1.0
0b9435a851d1e394bd12d008525a6197,species,1,1,1306154.7,1306154.7,1306154.7,Rummeliibacillus suwonensis,1306154.7,Rummeliibacillus suwonensis,1,1,1,1,True,True,True,True,1.0
eb689bb0db80cb3fc1f81366f262fd18,genus,1,1,1871037.1098,1871037.1098,1871037.1098,Flavobacteriaceae bacterium,1871037.1098,Flavobacteriaceae bacterium,1,1,1,1,True,True,True,True,1.0
c66eb033bf0d849bf345c2a07db3727e,genus,1,1,1879010.11554,1879010.11554,1879010.11554,Bacillota bacterium,1879010.11554,Bacillota bacterium,1,1,1,1,True,True,True,True,1.0
6504a13e2edb3328fffb344daf7b2ee3,species,1,1,2017390.58,2017390.58,2017390.58,Flexilinea sp.,2017390.58,Flexilinea sp.,1,1,1,1,True,True,True,True,1.0
d56e57f7a7e3a1b98778de802e7097d0,family,2,2,3083246.38|2763656.3,3083246.38|2763656.3,3083246.38,Christensenellales bacterium,3083246.38,Christensenellales bacterium,1,2,2,1|5,True,True,True,True,1.0
c2a63e5593cc5d91688af8f3abd60f16,species,1,1,1977087.938,1977087.938,1977087.938,Pseudomonadota bacterium,1977087.938,Pseudomonadota bacterium,1,1,1,1,True,True,True,True,1.0
2b62bf55e8226888eabfb4f4da82a02f,species,2,2,39770.6|2785914.3,39770.6|2785914.3,39770.6,Methylobacter whittenburyi,39770.6,Methylobacter whittenburyi,2,2,2,2|3,True,True,True,True,1.0
d0ee8cd5ce16c3dcf15fe70d87a7b4b5,species,2,2,2931922.3|2683910.4,2931922.3|2683910.4,2931922.3,Miniphocaeibacter halophilus,2931922.3,Miniphocaeibacter halophilus,1,2,2,1|5,True,True,True,True,1.0
519b05506b5c8269406e94701c3ff01a,genus,1,1,3083246.38,3083246.38,3083246.38,Christensenellales bacterium,3083246.38,Christensenellales bacterium,1,1,1,1,True,True,True,True,1.0
4c6fec9eef4f5c3e8e6b7fee60a68994,species,1,1,34028.127,34028.127,34028.127,Comamonas sp.,34028.127,Comamonas sp.,1,1,1,1,True,True,True,True,1.0
3f8f8630434452f6a8a5cd1693c5e5e3,family,1,1,1879010.10571,1879010.10571,1879010.10571,Bacillota bacterium,1879010.10571,Bacillota bacterium,2,1,1,2,True,True,True,True,1.0
25fd077b762513468941fbac535c9506,species,2,2,1664347.22|2482790.201,1664347.22|2482790.201,1664347.22,uncultured Candidatus Berkelbacteria bacterium,1664347.22,uncultured Candidatus Berkelbacteria bacterium,1,2,2,1|2,True,True,True,True,1.0
d2e29353b6ede10f1607456fa86e6300,species,2,2,449973.3|2692213.3,449973.3|2692213.3,449973.3,Chelativorans multitrophicus,449973.3,Chelativorans multitrophicus,1,2,2,1|2,True,True,True,True,1.0
01a80919b32734264f4c21669d8f2713,genus,4,4,1926877.74|1879010.9542|1642646.7|1918497.3,1926877.74|1879010.9542|1642646.7|1918497.3,1926877.74,Proteiniphilum sp.,1926877.74,Proteiniphilum sp.,1,4,4,1|2|5|9,True,True,True,True,1.0
ea4234d46b05a73fb2775aca82c702a2,genus,1,1,1712410.4,1712410.4,1712410.4,Thermanaerosceptrum fracticalcis,1712410.4,Thermanaerosceptrum fracticalcis,1,1,1,1,True,True,True,True,1.0
41394ade15d1e8762a8d0b3599068bf2,genus,4,4,1926877.74|1879010.9542|1642646.7|1918497.3,1926877.74|1879010.9542|1642646.7|1918497.3,1926877.74,Proteiniphilum sp.,1926877.74,Proteiniphilum sp.,1,4,4,1|2|5|9,True,True,True,True,1.0
58bcdde420158eabe69c67e4c9eb9245,species,2,2,3142262.4|1134435.5,3142262.4|1134435.5,3142262.4,Thauera sp. JM12B12,3142262.4,Thauera sp. JM12B12,1,2,2,1|2,True,True,True,True,1.0
de46181cbf8f5129eec604079cf07d1f,species,1,1,2831996.71,2831996.71,2831996.71,Eubacteriales bacterium,2831996.71,Eubacteriales bacterium,1,1,1,1,True,True,True,True,1.0
956d35dae808c86e4c2763cba7d609fa,species,1,1,384636.7,384636.7,384636.7,Lacrimispora xylanisolvens,384636.7,Lacrimispora xylanisolvens,1,1,1,1,True,True,True,True,1.0
839049ed2eabc492bfa76bca3e4f9075,species,1,1,1879010.10805,1879010.10805,1879010.10805,Bacillota bacterium,1879010.10805,Bacillota bacterium,1,1,1,1,True,True,True,True,1.0
f652e7d536f18c98ef07c023937cfdb7,genus,1,1,1671647.4,1671647.4,1671647.4,Clostridiales bacterium DTU012,1671647.4,Clostridiales bacterium DTU012,1,1,1,1,True,True,True,True,1.0
8207352f9586edf5c23e242fba24021c,species,1,1,1811518.3,1811518.3,1811518.3,Aquamicrobium soli,1811518.3,Aquamicrobium soli,1,1,1,1,True,True,True,True,1.0
45f57e55f2f3051645343e39b90396ec,genus,1,1,1671647.4,1671647.4,1671647.4,Clostridiales bacterium DTU012,1671647.4,Clostridiales bacterium DTU012,1,1,1,1,True,True,True,True,1.0
54b3f4205c019f5490d9dbe5af08955a,genus,1,1,1935177.86,1935177.86,1935177.86,Angelakisella sp.,1935177.86,Angelakisella sp.,1,1,1,1,True,True,True,True,1.0
136c27e1efa2b99fb71cdff938615daa,species,1,1,3412034.3,3412034.3,3412034.3,Methanobacterium sp. MBAC-LM,3412034.3,Methanobacterium sp. MBAC-LM,1,1,1,1,True,True,True,True,1.0
9e67f564a732feffc50f5fc690ec2e71,species,1,1,3412034.3,3412034.3,3412034.3,Methanobacterium sp. MBAC-LM,3412034.3,Methanobacterium sp. MBAC-LM,1,1,1,1,True,True,True,True,1.0
5b346ae9f12ee4f745413918a78c62cc,family,2,2,1898206.155|2831996.1037,1898206.155|2831996.1037,1898206.155,Spirochaetaceae bacterium,1898206.155,Spirochaetaceae bacterium,1,2,2,1|2,True,True,True,True,1.0
723bd8389de26603c3e8283a20c163c7,species,2,2,1664347.22|2482790.201,1664347.22|2482790.201,1664347.22,uncultured Candidatus Berkelbacteria bacterium,1664347.22,uncultured Candidatus Berkelbacteria bacterium,1,2,2,1|2,True,True,True,True,1.0
01a540c3219dcfac8683674bf53a3d63,genus,2,2,1879010.11279|1898104.3456,1879010.11279|1898104.3456,1879010.11279,Bacillota bacterium,1879010.11279,Bacillota bacterium,1,2,2,1|7,True,True,True,True,1.0
5f438bcb87bf9d011daee383cbf8268b,species,1,1,75385.8,75385.8,75385.8,Micropruina glycogenica,75385.8,Micropruina glycogenica,1,1,1,1,True,True,True,True,1.0
ca8aae833263295a5d0b4d66b8c06fdb,genus,1,1,1671647.4,1671647.4,1671647.4,Clostridiales bacterium DTU012,1671647.4,Clostridiales bacterium DTU012,1,1,1,1,True,True,True,True,1.0
3ab7c5dece6b62c7faf92b667d63b4a0,species,2,2,1945593.2603|1263547.8,1945593.2603|1263547.8,1945593.2603,Oscillibacter sp.,1945593.2603,Oscillibacter sp.,5,2,2,5|2,True,True,True,True,1.0
0eb81b066b350fa8fb0846020748be98,genus,2,2,1671647.4|3082386.6,1671647.4|3082386.6,1671647.4,Clostridiales bacterium DTU012,1671647.4,Clostridiales bacterium DTU012,1,2,2,1|2,True,True,True,True,1.0
a41371aa833164c1e707004fdfb16b36,family,1,1,229919.10,229919.10,229919.10,Anaerolinea thermolimosa,229919.10,Anaerolinea thermolimosa,1,1,1,1,True,True,True,True,1.0
be2d073abdb45af47fc76fa5752fb3f5,family,1,1,36849.5,36849.5,36849.5,Oxobacter pfennigii,36849.5,Oxobacter pfennigii,1,1,1,1,True,True,True,True,1.0
c4587a7b24a6c49f9de0882e32f519f5,species,1,1,1773.19464,1773.19464,1773.19464,Mycobacterium tuberculosis,1773.19464,Mycobacterium tuberculosis,1,1,1,1,True,True,True,True,1.0
955d34a1529b6fbcf425ced56e3b7fc1,species,1,1,2482790.54,2482790.54,2482790.54,Thermomicrobiales bacterium,2482790.54,Thermomicrobiales bacterium,1,1,1,1,True,True,True,True,1.0
0425278120412320bdcb2c4814278c6f,family,2,2,2052180.576|2030809.159,2052180.576|2030809.159,2052180.576,Phycisphaerales bacterium,2052180.576,Phycisphaerales bacterium,2,2,2,2|1,True,True,True,True,1.0
66c7b79c2f08d329223a3f4b048a6b10,species,2,2,253314.5|1869227.4377,253314.5|1869227.4377,253314.5,Acetivibrio straminisolvens,253314.5,Acetivibrio straminisolvens,1,2,2,1|3,True,True,True,True,1.0
86ce8e836244a989d26315bf84d75d99,genus,2,2,2838785.23|2026724.3338,2838785.23|2026724.3338,2838785.23,Bellilinea sp.,2838785.23,Bellilinea sp.,1,2,2,1|2,True,True,True,True,1.0
aa994f6ce33aa806c707bdc34ef908ef,species,2,2,1871048.28|1736675.3,1871048.28|1736675.3,1871048.28,Devosia sp.,1871048.28,Devosia sp.,1,2,2,1|3,True,True,True,True,1.0
2afb474b8a2ab64685b85624763d2186,family,1,1,2054177.140,2054177.140,2054177.140,Christensenellaceae bacterium,2054177.140,Christensenellaceae bacterium,2,1,1,2,True,True,True,True,1.0
933438389be903228499f1cd1abecd6e,species,1,1,2964540.53,2964540.53,2964540.53,Smithellaceae bacterium,2964540.53,Smithellaceae bacterium,1,1,1,1,True,True,True,True,1.0
9e679d7c299efc7140f026781b04d72c,species,1,1,1977087.3150,1977087.3150,1977087.3150,Pseudomonadota bacterium,1977087.3150,Pseudomonadota bacterium,1,1,1,1,True,True,True,True,1.0
beb160f1d174dc940a6dd9816c42ca01,species,2,2,1879010.10662|3039803.943,1879010.10662|3039803.943,1879010.10662,Bacillota bacterium,1879010.10662,Bacillota bacterium,1,2,2,1|2,True,True,True,True,1.0
ed2edabe2a0c276357f7f1f210bdeda7,species,1,1,2847780.12,2847780.12,2847780.12,Atribacter sp.,2847780.12,Atribacter sp.,1,1,1,1,True,True,True,True,1.0
bbb8d866124b76dccef1a07447e2e183,species,2,2,1004901.3|1733.3944,1004901.3|1733.3944,1004901.3,Gordonia iterans,1004901.3,Gordonia iterans,1,2,2,1|4,True,True,True,True,1.0
798933fd16ab772e1e547b6af3461e47,species,1,1,2052143.1139,2052143.1139,2052143.1139,Anaerolineae bacterium,2052143.1139,Anaerolineae bacterium,1,1,1,1,True,True,True,True,1.0
7dc6bc8a29e523ea6cd464f8db0a770d,species,2,2,100174.3|2003589.3,100174.3|2003589.3,100174.3,Clostridium peptidivorans,100174.3,Clostridium peptidivorans,1,2,2,1|2,True,True,True,True,1.0
135f3b8eaf65e4c59bcd692de4f6d6ae,species,1,1,1915619.3,1915619.3,1915619.3,Methanobacteriaceae archaeon UBA117,1915619.3,Methanobacteriaceae archaeon UBA117,2,1,1,2,True,True,True,True,1.0
2b33fe69214c39198384dc9686326117,genus,1,1,2026778.559,2026778.559,2026778.559,Phycisphaerae bacterium,2026778.559,Phycisphaerae bacterium,1,1,1,1,True,True,True,True,1.0
f829de4b8d089b0995e255f3335729a0,species,1,1,49981.5,49981.5,49981.5,Desulfitobacterium sp.,49981.5,Desulfitobacterium sp.,1,1,1,1,True,True,True,True,1.0
6575c99cec435a76668a7c45a05dd227,genus,2,2,2053634.216|2022749.209,2053634.216|2022749.209,2053634.216,Candidatus Uhrbacteria bacterium,2053634.216,Candidatus Uhrbacteria bacterium,1,2,2,1|2,True,True,True,True,1.0
46984bc1f36f8a8835a4a7914c2502b2,genus,2,2,3083246.38|1879010.10588,3083246.38|1879010.10588,3083246.38,Christensenellales bacterium,3083246.38,Christensenellales bacterium,1,2,2,1|2,True,True,True,True,1.0
0b1e8bf53bfe9e7b085b38ee902e1f4e,genus,1,1,244328.7429,244328.7429,244328.7429,uncultured Clostridia bacterium,244328.7429,uncultured Clostridia bacterium,1,1,1,1,True,True,True,True,1.0
85a27e670e0e57e67484195e26028b19,species,1,1,3412034.3,3412034.3,3412034.3,Methanobacterium sp. MBAC-LM,3412034.3,Methanobacterium sp. MBAC-LM,1,1,1,1,True,True,True,True,1.0
83d1208a372f046a842442d3a156c435,genus,1,1,2975056.3,2975056.3,2975056.3,Govanella unica,2975056.3,Govanella unica,1,1,1,1,True,True,True,True,1.0
3f9bbc037aa14387f62bff9e2cc84700,species,2,2,2807629.3|1898206.173,2807629.3|1898206.173,2807629.3,Desulfuromonas sp. CSMB_57,2807629.3,Desulfuromonas sp. CSMB_57,1,2,2,1|2,True,True,True,True,1.0
e5f056df23811f3fe0e48de4aafd0d9b,species,1,1,3031330.8,3031330.8,3031330.8,Rhodanobacter sp. AS-Z3,3031330.8,Rhodanobacter sp. AS-Z3,1,1,1,1,True,True,True,True,1.0
22fa460af93a84061844f0660d43797e,species,1,1,2026799.1265,2026799.1265,2026799.1265,Verrucomicrobiota bacterium,2026799.1265,Verrucomicrobiota bacterium,1,1,1,1,True,True,True,True,1.0
4659fa38e38fa03ccd272117c33e2d0f,species,2,2,1926877.79|2023866.16,1926877.79|2023866.16,1926877.79,Proteiniphilum sp.,1926877.79,Proteiniphilum sp.,1,2,2,1|2,True,True,True,True,1.0
c41c5795922c324df06444964515a11f,species,2,2,2512118.3|323761.5,2512118.3|323761.5,2512118.3,Microbacterium sp. BK668,2512118.3,Microbacterium sp. BK668,1,2,2,1|2,True,True,True,True,1.0
8afde037c611bdd1b53997b0f6b4dd7a,species,0,0,,,,,,,,0,0,,,,,,
6cd5cb3562f8ff28e2e21339a4fc55c1,genus,1,1,86473.2173,86473.2173,86473.2173,uncultured Gammaproteobacteria bacterium,86473.2173,uncultured Gammaproteobacteria bacterium,1,1,1,1,True,True,True,True,1.0
3f9749b4bbd55e95797da2d7e27eb072,species,1,1,2847780.12,2847780.12,2847780.12,Atribacter sp.,2847780.12,Atribacter sp.,1,1,1,1,True,True,True,True,1.0
568d3fd2ad10e30c40ebd6793f956aaa,species,1,1,693746.9,693746.9,693746.9,Oscillibacter valericigenes,693746.9,Oscillibacter valericigenes,1,1,1,1,True,True,True,True,1.0
aa64c95548409d1e294cd29e20473af0,genus,2,2,820.7372|172733.3472,820.7372|172733.3472,820.7372,Bacteroides uniformis,820.7372,Bacteroides uniformis,3,2,2,3|1,True,True,True,True,1.0
6589433bc08b7cdc5ea1e4928683ed00,species,2,2,3347101.3|134034.13,3347101.3|134034.13,3347101.3,Corynebacterium sp. NPDC060344,3347101.3,Corynebacterium sp. NPDC060344,1,2,2,1|2,True,True,True,True,1.0
892351141be327d407d7d063c3a74f59,genus,1,1,3039678.4,3039678.4,3039678.4,Eubacteriales bacterium mix99,3039678.4,Eubacteriales bacterium mix99,1,1,1,1,True,True,True,True,1.0
fd66678cf39f676cb57820da4a793b6f,species,1,1,91750.4229,91750.4229,91750.4229,uncultured Alphaproteobacteria bacterium,91750.4229,uncultured Alphaproteobacteria bacterium,1,1,1,1,True,True,True,True,1.0
937806dd600ece921faa49ac16d4cdb0,genus,1,1,1879010.10588,1879010.10588,1879010.10588,Bacillota bacterium,1879010.10588,Bacillota bacterium,1,1,1,1,True,True,True,True,1.0
27201d8b9c2a23edc5ee1b093c39fe46,species,1,1,2818044.3,2818044.3,2818044.3,Sinanaerobacter chloroacetimidivorans,2818044.3,Sinanaerobacter chloroacetimidivorans,1,1,1,1,True,True,True,True,1.0
87ced6667f7e72e893d3f02ac08066a2,genus,2,2,1935177.86|1935179.331,1935177.86|1935179.331,1935177.86,Angelakisella sp.,1935177.86,Angelakisella sp.,3,2,2,3|2,True,True,True,True,1.0
2e009092df813643f303457c87387ced,species,2,2,153809.1433|1934341.19,153809.1433|1934341.19,153809.1433,uncultured Pseudomonadota bacterium,153809.1433,uncultured Pseudomonadota bacterium,1,2,2,1|3,True,True,True,True,1.0
7762e0345755e644245415ce796d6cfa,species,1,1,1392423.20,1392423.20,1392423.20,uncultured Methanoregulaceae archaeon,1392423.20,uncultured Methanoregulaceae archaeon,1,1,1,1,True,True,True,True,1.0
67ab6a8c32dcb38e12415ef305a06ce6,genus,1,1,3107571.4,3107571.4,3107571.4,Saccharofermentanales bacterium,3107571.4,Saccharofermentanales bacterium,1,1,1,1,True,True,True,True,1.0
114bc1da00dea879e58c42626058bb7e,species,1,1,2021379.333,2021379.333,2021379.333,Xanthobacteraceae bacterium,2021379.333,Xanthobacteraceae bacterium,1,1,1,1,True,True,True,True,1.0
95d7089b4d7799ace0a9c5d9acd3b32f,species,1,1,1926877.42,1926877.42,1926877.42,Proteiniphilum sp.,1926877.42,Proteiniphilum sp.,1,1,1,1,True,True,True,True,1.0
61637c95fcfd388d16465d5d8ae30f0a,species,1,1,912801.4,912801.4,912801.4,Dietzia sp. DQ12-45-1b,912801.4,Dietzia sp. DQ12-45-1b,1,1,1,1,True,True,True,True,1.0
46636732082e8b359502809c48875633,species,2,2,1909294.1878|91750.3950,1909294.1878|91750.3950,1909294.1878,Hyphomicrobiales bacterium,1909294.1878,Hyphomicrobiales bacterium,2,2,2,2|1,True,True,True,True,1.0
df443df991086de26795466fa2bdd4f2,genus,2,2,699281.6|937334.3,699281.6|937334.3,699281.6,Caldicoprobacter algeriensis,699281.6,Caldicoprobacter algeriensis,1,2,2,1|2,True,True,True,True,1.0
77e5e44634d0afe9cd0385ef1e17f3ea,genus,1,1,2024896.394,2024896.394,2024896.394,Anaerolineaceae bacterium,2024896.394,Anaerolineaceae bacterium,1,1,1,1,True,True,True,True,1.0
dd365165667aed1d7e806ab8ded914dd,genus,2,2,1871029.43|2364792.3,1871029.43|2364792.3,1871029.43,Intestinibacillus massiliensis,1871029.43,Intestinibacillus massiliensis,1,2,2,1|3,True,True,True,True,1.0
61786e38b934cbe33d5850a578a7ee22,family,2,2,2052179.106|1898207.5729,2052179.106|1898207.5729,2052179.106,Peptococcaceae bacterium,2052179.106,Peptococcaceae bacterium,7,2,2,7|2,True,True,True,True,1.0
418ebbfcf9fe4c2ccea934ba2533ec35,genus,3,3,2023866.29|1926877.74|1642646.7,2023866.29|1926877.74|1642646.7,2023866.29,Petrimonas sp.,2023866.29,Petrimonas sp.,1,3,3,1|2|4,True,True,True,True,1.0
61b47b9e51cba36e07b09f783d91532d,species,2,2,2038686.9|2042655.3,2038686.9|2042655.3,2038686.9,Propioniciclava sp.,2038686.9,Propioniciclava sp.,1,2,2,1|3,True,True,True,True,1.0
90180ad539e48d0fd6f3161438f747b7,genus,1,1,2831996.90,2831996.90,2831996.90,Eubacteriales bacterium,2831996.90,Eubacteriales bacterium,1,1,1,1,True,True,True,True,1.0
6650a92f75285af3244da368e945c376,family,2,2,2053689.131|2202144.254,2053689.131|2202144.254,2053689.131,Thermotogota bacterium,2053689.131,Thermotogota bacterium,1,2,2,1|2,True,True,True,True,1.0
0ce454899698457894ff03330870f380,species,2,2,2934933.3|3388663.3,2934933.3|3388663.3,2934933.3,Phaeovulum molybdatiresistens,2934933.3,Phaeovulum molybdatiresistens,1,2,2,1|2,True,True,True,True,1.0
89be024198d6c2575cdec2fecfd9129a,genus,1,1,413497.13,413497.13,413497.13,Cronobacter dublinensis,413497.13,Cronobacter dublinensis,1,1,1,1,True,True,True,True,1.0
ab4d207ba005958298be140605c5a8fb,species,1,1,2024896.342,2024896.342,2024896.342,Anaerolineaceae bacterium,2024896.342,Anaerolineaceae bacterium,1,1,1,1,True,True,True,True,1.0
09eb7e9f361c0d842f96d14184871ffb,species,2,2,1946596.3|84030.22,1946596.3|84030.22,1946596.3,Hungatella sp. UBA4396,1946596.3,Hungatella sp. UBA4396,1,2,2,1|3,True,True,True,True,1.0
021debed55af14cc6451649e0fcd3ad0,species,2,2,1267.3|3141613.3,1267.3|3141613.3,1267.3,Sarcina ventriculi,1267.3,Sarcina ventriculi,1,2,2,1|2,True,True,True,True,1.0
89bd7c45f05c79d6fbb1fbda696d5bae,family,1,1,2484252.86,2484252.86,2484252.86,Myxococcaceae bacterium,2484252.86,Myxococcaceae bacterium,3,1,1,3,True,True,True,True,1.0
e98a78fb93f10ea212298a128d9cadc1,genus,1,1,1497501.127,1497501.127,1497501.127,uncultured Thermoleophilia bacterium,1497501.127,uncultured Thermoleophilia bacterium,1,1,1,1,True,True,True,True,1.0
c9209e2a22c08ecdf2762a15fb6e44e1,species,2,2,2024896.421|1951401.3,2024896.421|1951401.3,2024896.421,Anaerolineaceae bacterium,2024896.421,Anaerolineaceae bacterium,1,2,2,1|2,True,True,True,True,1.0
817505ccf93a252d80ac6191376cc419,species,2,2,2030809.142|1852847.3,2030809.142|1852847.3,2030809.142,Candidatus Hydrogenedentota bacterium,2030809.142,Candidatus Hydrogenedentota bacterium,1,2,2,1|3,True,True,True,True,1.0
1e2c02998bd1e6ff2aad5bd96b138e35,species,1,1,2052185.55,2052185.55,2052185.55,Syntrophobacteraceae bacterium,2052185.55,Syntrophobacteraceae bacterium,1,1,1,1,True,True,True,True,1.0
c80287fd598d09df08b50511b22020e5,species,1,1,2026888.226,2026888.226,2026888.226,Thermoleophilia bacterium,2026888.226,Thermoleophilia bacterium,1,1,1,1,True,True,True,True,1.0
48ba7ddef24819311ff90ffc578df02e,species,1,1,256318.73,256318.73,256318.73,metagenome,256318.73,metagenome,1,1,1,1,True,True,True,True,1.0
2e3414cd356e335e4f675efeb43938b3,species,1,1,53442.71,53442.71,53442.71,Eubacterium callanderi,53442.71,Eubacterium callanderi,1,1,1,1,True,True,True,True,1.0
234b81fb7fa91bcfef74c8511c07a219,species,1,1,3083246.49,3083246.49,3083246.49,Christensenellales bacterium,3083246.49,Christensenellales bacterium,1,1,1,1,True,True,True,True,1.0
1557e1ae96e182db04d667afa2262c8e,genus,2,2,3039678.4|3083246.38,3039678.4|3083246.38,3039678.4,Eubacteriales bacterium mix99,3039678.4,Eubacteriales bacterium mix99,1,2,2,1|5,True,True,True,True,1.0
17f8b49438a29eaf0a8f6cbcb54e1748,species,1,1,1898104.3589,1898104.3589,1898104.3589,Bacteroidota bacterium,1898104.3589,Bacteroidota bacterium,1,1,1,1,True,True,True,True,1.0
a5855fa4fbc240bfd25ccc70b1627be3,species,1,1,1898204.478,1898204.478,1898204.478,Clostridiaceae bacterium,1898204.478,Clostridiaceae bacterium,1,1,1,1,True,True,True,True,1.0
14714ae799409c7a3851511d8e0e2b63,species,2,2,28450.4538|60550.81,28450.4538|60550.81,28450.4538,Burkholderia pseudomallei,28450.4538,Burkholderia pseudomallei,1,2,2,1|2,True,True,True,True,1.0
3d89b82f7dc8f2f24e7c65124529a879,species,2,2,452922.10|2587027.3,452922.10|2587027.3,452922.10,Xenophilus aerolatus,452922.10,Xenophilus aerolatus,1,2,2,1|2,True,True,True,True,1.0
a6a4ec1b84af5b137949eecef0fa36f4,genus,2,2,2067960.3|666964.9,2067960.3|666964.9,2067960.3,Pseudazoarcus pumilus,2067960.3,Pseudazoarcus pumilus,1,2,2,1|3,True,True,True,True,1.0
676c29f329b29adbd48921804b86030e,species,1,1,1869212.194,1869212.194,1869212.194,Chitinophagaceae bacterium,1869212.194,Chitinophagaceae bacterium,2,1,1,2,True,True,True,True,1.0
c5fd2a45a5ac6f49a4089d35044de207,genus,1,1,244328.9104,244328.9104,244328.9104,uncultured Clostridia bacterium,244328.9104,uncultured Clostridia bacterium,1,1,1,1,True,True,True,True,1.0
0b359e0da05bbff15ce4ea980bfaa286,genus,3,3,1951437.3|1672391.266|2024896.398,1951437.3|1672391.266|2024896.398,1951437.3,Anaerolineaceae bacterium UBA6073,1951437.3,Anaerolineaceae bacterium UBA6073,2,3,3,2|1|3,True,True,True,True,1.0
6cd824d1e0974fbbf83448af65c0def7,species,1,1,2044939.4948,2044939.4948,2044939.4948,Clostridia bacterium,2044939.4948,Clostridia bacterium,1,1,1,1,True,True,True,True,1.0
ce264b1fd05f8dfc0dd2941a2b170a3a,genus,3,3,2052139.286|2052143.128|1756222.15,2052139.286|2052143.128|1756222.15,2052139.286,Patescibacteria group bacterium,2052139.286,Patescibacteria group bacterium,1,3,3,1|3|2,True,True,True,True,1.0
91fa6ee5c19d623255d7e4df9204f876,species,2,2,1367435.3|2991054.4,1367435.3|2991054.4,1367435.3,Alcaligenes sp. DN25,1367435.3,Alcaligenes sp. DN25,1,2,2,1|11,True,True,True,True,1.0
8e87f6187c3bff96717578fafac261ae,genus,1,1,2485925.3666,2485925.3666,2485925.3666,Oscillospiraceae bacterium,2485925.3666,Oscillospiraceae bacterium,1,1,1,1,True,True,True,True,1.0
89056b9f86a0886730db47a8c45825eb,species,2,2,2485498.69|2184052.29,2485498.69|2184052.29,2485498.69,Methanoregulaceae archaeon,2485498.69,Methanoregulaceae archaeon,1,2,2,1|4,True,True,True,True,1.0
a09579da0b2f87eae05c1c9886c4bfc7,family,1,1,1734398.4,1734398.4,1734398.4,Gracilibacter sp. BRH_c7a,1734398.4,Gracilibacter sp. BRH_c7a,1,1,1,1,True,True,True,True,1.0
21d26093efc917ced0c94fc534aa8bcc,genus,1,1,1872084.234,1872084.234,1872084.234,Nitratireductor sp.,1872084.234,Nitratireductor sp.,1,1,1,1,True,True,True,True,1.0
3b10b8599b3b2c56df4a64cf9ebf1e9e,species,2,2,75385.8|2737536.20,75385.8|2737536.20,75385.8,Micropruina glycogenica,75385.8,Micropruina glycogenica,2,2,2,2|4,True,True,True,True,1.0
65060a69d6f289e1ed088bae5510fc9f,species,2,2,1898104.3589|2030927.3153,1898104.3589|2030927.3153,1898104.3589,Bacteroidota bacterium,1898104.3589,Bacteroidota bacterium,1,2,2,1|2,True,True,True,True,1.0
618e77ab00abd20cfb2694d45fe07df1,species,1,1,34028.127,34028.127,34028.127,Comamonas sp.,34028.127,Comamonas sp.,1,1,1,1,True,True,True,True,1.0
a90eba220f100c5da89e40e34598c4c7,genus,1,1,3030912.178,3030912.178,3030912.178,Anaerovoracaceae bacterium,3030912.178,Anaerovoracaceae bacterium,1,1,1,1,True,True,True,True,1.0
1db7fb888012089960006f42143c48af,species,1,1,3032367.6,3032367.6,3032367.6,Terripilifer ovatus,3032367.6,Terripilifer ovatus,1,1,1,1,True,True,True,True,1.0
5009ec83dc7d2e70acc5d0426d8abceb,family,1,1,2499141.113,2499141.113,2499141.113,Verrucomicrobiia bacterium,2499141.113,Verrucomicrobiia bacterium,1,1,1,1,True,True,True,True,1.0
3c03432eaf221246493e3a132da50df9,genus,1,1,2485925.4117,2485925.4117,2485925.4117,Oscillospiraceae bacterium,2485925.4117,Oscillospiraceae bacterium,1,1,1,1,True,True,True,True,1.0
40fca1aa386161b3788c78a2ea46b746,genus,1,1,2024896.394,2024896.394,2024896.394,Anaerolineaceae bacterium,2024896.394,Anaerolineaceae bacterium,1,1,1,1,True,True,True,True,1.0
f095ea0711dbffa2a1c48745983b9c5f,genus,1,1,2763656.3,2763656.3,2763656.3,Guopingia tenuis,2763656.3,Guopingia tenuis,1,1,1,1,True,True,True,True,1.0
e8844a58e856442c10b5075b197b3f74,species,2,2,1286362.3|1297793.6,1286362.3|1297793.6,1286362.3,Lacrimispora celerecrescens,1286362.3,Lacrimispora celerecrescens,1,2,2,1|2,True,True,True,True,1.0
cb886014283a43df6af104cecc83cfc9,family,1,1,86473.2173,86473.2173,86473.2173,uncultured Gammaproteobacteria bacterium,86473.2173,uncultured Gammaproteobacteria bacterium,1,1,1,1,True,True,True,True,1.0
af7a5c90aaa1a98d17616ee1ce8cbd96,family,2,2,2223.16|2044939.4948,2223.16|2044939.4948,2223.16,Methanothrix soehngenii,2223.16,Methanothrix soehngenii,1,2,2,1|2,True,True,True,True,1.0
3ef47d732a719a9c649132016afeb5e2,family,1,1,132932.5,132932.5,132932.5,Acetobacterium tundrae,132932.5,Acetobacterium tundrae,1,1,1,1,True,True,True,True,1.0
c86ca8792c7be96d7699dead5edccd91,species,1,1,1978231.1761,1978231.1761,1978231.1761,Acidobacteriota bacterium,1978231.1761,Acidobacteriota bacterium,1,1,1,1,True,True,True,True,1.0
fef34e7fa03c36381857511c7755324d,species,2,2,1977087.3137|1892844.3,1977087.3137|1892844.3,1977087.3137,Pseudomonadota bacterium,1977087.3137,Pseudomonadota bacterium,2,2,2,2|3,True,True,True,True,1.0
dbecddfdb4c39e60616c3958d43cfc8e,species,2,2,989370.12|1619232.5,989370.12|1619232.5,989370.12,Bradyrhizobium manausense,989370.12,Bradyrhizobium manausense,1,2,2,1|2,True,True,True,True,1.0
29b981c98faa891c7e4d3ed2e5ff9aab,genus,4,4,1937017.56|1852907.3|2030927.5038|77133.3042,1937017.56|1852907.3|2030927.5038|77133.3042,1937017.56,Rectinema sp.,1937017.56,Rectinema sp.,1,4,4,1|6|7|4,True,True,True,True,1.0
16bc6160df59f42ec2c49c8ee41d95fc,genus,3,3,3081984.4|2488560.3|2779529.3,3081984.4|2488560.3|2779529.3,3081984.4,Pigmentiphaga sp. CHJ604,3081984.4,Pigmentiphaga sp. CHJ604,1,3,3,1|4|6,True,True,True,True,1.0
fac97a83c02393096a49a357cb0e0f28,genus,1,1,1879010.6660,1879010.6660,1879010.6660,Bacillota bacterium,1879010.6660,Bacillota bacterium,1,1,1,1,True,True,True,True,1.0
645dd8b575c7e7c0952933bbe90b4bb9,species,1,1,287.49278,287.49278,287.49278,Pseudomonas aeruginosa,287.49278,Pseudomonas aeruginosa,1,1,1,1,True,True,True,True,1.0
9a48d66f52c47289df8517641c188d9b,genus,1,1,1972642.80,1972642.80,1972642.80,Sphaerochaeta sp.,1972642.80,Sphaerochaeta sp.,1,1,1,1,True,True,True,True,1.0
3f82999a4623343cbba40859d44329b0,species,1,1,2650926.39,2650926.39,2650926.39,Aestuariivirga sp.,2650926.39,Aestuariivirga sp.,2,1,1,2,True,True,True,True,1.0
de1f954072ef273959e798b81a39a1f1,genus,3,3,45072.5|1750561.3|1122169.6,45072.5|1750561.3|1122169.6,45072.5,Legionella quateirensis,45072.5,Legionella quateirensis,1,3,3,1|2|3,True,True,True,True,1.0
0c293c4324023e0fc942ba2a40ef7f59,species,2,2,153809.1433|1934341.19,153809.1433|1934341.19,153809.1433,uncultured Pseudomonadota bacterium,153809.1433,uncultured Pseudomonadota bacterium,1,2,2,1|3,True,True,True,True,1.0
f04944690d5cdfed3a6e59cfaa04ce13,genus,1,1,1674862.5,1674862.5,1674862.5,Spirochaetales bacterium Spiro_06,1674862.5,Spirochaetales bacterium Spiro_06,1,1,1,1,True,True,True,True,1.0
38007bfc5e4b3c58b1d91a0bc9c4fdb2,genus,1,1,3077420.617,3077420.617,3077420.617,Acutalibacteraceae bacterium,3077420.617,Acutalibacteraceae bacterium,1,1,1,1,True,True,True,True,1.0
4597728556b60e620b133a6bac86bcfc,species,1,1,1121328.3,1121328.3,1121328.3,Alkalithermobacter thermoalcaliphilus,1121328.3,Alkalithermobacter thermoalcaliphilus,1,1,1,1,True,True,True,True,1.0
ad2e05a74003003b855aee86cdc921fd,genus,1,1,1120989.3,1120989.3,1120989.3,Anaerobranca californiensis,1120989.3,Anaerobranca californiensis,1,1,1,1,True,True,True,True,1.0
cb6ed263fa824af0ae08633dc7c0583e,species,2,2,3083255.3|1163409.7,3083255.3|1163409.7,3083255.3,Rhodanobacter sp. KK11,3083255.3,Rhodanobacter sp. KK11,1,2,2,1|2,True,True,True,True,1.0
78571689def5620061b622ab87a928ff,species,1,1,86027.1539,86027.1539,86027.1539,uncultured beta proteobacterium,86027.1539,uncultured beta proteobacterium,1,1,1,1,True,True,True,True,1.0
36d76dffedbcada31ceaa357ebb4456f,species,2,2,1367435.3|2991054.4,1367435.3|2991054.4,1367435.3,Alcaligenes sp. DN25,1367435.3,Alcaligenes sp. DN25,1,2,2,1|11,True,True,True,True,1.0
5e50cb741e9eab308f75b6cb95a3ec92,species,2,2,2030927.5533|1898104.3469,2030927.5533|1898104.3469,2030927.5533,Bacteroidales bacterium,2030927.5533,Bacteroidales bacterium,1,2,2,1|2,True,True,True,True,1.0
daec04577d1843ad73efa35de1d48151,species,1,1,1892845.3,1892845.3,1892845.3,Hyphomicrobium sp. CS1GBMeth3,1892845.3,Hyphomicrobium sp. CS1GBMeth3,1,1,1,1,True,True,True,True,1.0
a9d3a8d7e6ab34f69fa91fcce8bda39f,species,2,2,1908224.78|1736675.3,1908224.78|1736675.3,1908224.78,Sphingopyxis sp.,1908224.78,Sphingopyxis sp.,1,2,2,1|2,True,True,True,True,1.0
5dfc291183ca333ed56e93c1c38c393c,species,2,2,28450.4538|60550.81,28450.4538|60550.81,28450.4538,Burkholderia pseudomallei,28450.4538,Burkholderia pseudomallei,1,2,2,1|2,True,True,True,True,1.0
e46ddfb99131631f2f2bba8eb3297ca3,species,2,2,1129264.8|886478.20,1129264.8|886478.20,1129264.8,Sphaerochaeta associata,1129264.8,Sphaerochaeta associata,1,2,2,1|2,True,True,True,True,1.0
8cc30cd689a26a6e2a699449745a088e,genus,1,1,3082383.25,3082383.25,3082383.25,Candidatus Darwinibacter acetoxidans,3082383.25,Candidatus Darwinibacter acetoxidans,2,1,1,2,True,True,True,True,1.0
1b8a948ece330b43c14f1197c1813886,species,1,1,3083246.38,3083246.38,3083246.38,Christensenellales bacterium,3083246.38,Christensenellales bacterium,1,1,1,1,True,True,True,True,1.0
0ae59fc9a5ae0356656c682a2d34b696,genus,2,2,1605376.4|1926877.41,1605376.4|1926877.41,1605376.4,Clostridiales bacterium PH28_bin88,1605376.4,Clostridiales bacterium PH28_bin88,1,2,2,1|2,True,True,True,True,1.0
e0987c7b47c2fb3b4638ebd7a04f69a0,genus,1,1,3082383.3,3082383.3,3082383.3,Candidatus Darwinibacter acetoxidans,3082383.3,Candidatus Darwinibacter acetoxidans,1,1,1,1,True,True,True,True,1.0
f8451982c6df9c7c753b7c8a3ac6298b,genus,1,1,83655.286,83655.286,83655.286,Leclercia adecarboxylata,83655.286,Leclercia adecarboxylata,1,1,1,1,True,True,True,True,1.0
fa7b14c7182ca146fc0261039890966f,species,1,1,1685.1441,1685.1441,1685.1441,Bifidobacterium breve,1685.1441,Bifidobacterium breve,1,1,1,1,True,True,True,True,1.0
f2898c48280ac39868a2fa71eb0211f3,family,2,2,3045146.4|2840927.5,3045146.4|2840927.5,3045146.4,Petroclostridium sp. X23,3045146.4,Petroclostridium sp. X23,6,2,2,6|3,True,True,True,True,1.0
67551524f244fa1d912a5ae3dc5321ac,genus,2,2,349920.35|2052159.254,349920.35|2052159.254,349920.35,uncultured Coriobacteriales bacterium,349920.35,uncultured Coriobacteriales bacterium,1,2,2,1|2,True,True,True,True,1.0
5177bd1019c0a59f8762ecb3f683babd,family,1,1,2528593.8,2528593.8,2528593.8,Zhaonella formicivorans,2528593.8,Zhaonella formicivorans,2,1,1,2,True,True,True,True,1.0
6891aea14e9e48ed890aa10cc84e4d40,genus,2,2,699281.6|937334.3,699281.6|937334.3,699281.6,Caldicoprobacter algeriensis,699281.6,Caldicoprobacter algeriensis,1,2,2,1|2,True,True,True,True,1.0
908b89aa5bac523dd293e900d0677895,genus,1,1,1671647.4,1671647.4,1671647.4,Clostridiales bacterium DTU012,1671647.4,Clostridiales bacterium DTU012,1,1,1,1,True,True,True,True,1.0
17123c2e3b5a49f1a34d33c72878a37e,species,1,1,3034609.9,3034609.9,3034609.9,Aminobacteriaceae bacterium,3034609.9,Aminobacteriaceae bacterium,1,1,1,1,True,True,True,True,1.0
9cf1aa88a0fc0c5655a20cd94313b748,genus,1,1,3083246.49,3083246.49,3083246.49,Christensenellales bacterium,3083246.49,Christensenellales bacterium,1,1,1,1,True,True,True,True,1.0
8a652928ef13cc45fe6fad624a6fa1d2,species,1,1,2024896.402,2024896.402,2024896.402,Anaerolineaceae bacterium,2024896.402,Anaerolineaceae bacterium,1,1,1,1,True,True,True,True,1.0
720ef8366f0bd5fb2cb193ce02e53799,species,2,2,37915.44|2039808.3,37915.44|2039808.3,37915.44,Dietzia maris,37915.44,Dietzia maris,1,2,2,1|5,True,True,True,True,1.0
4d974c10bc3f6eb4c9f44f3dd9696401,genus,1,1,28141.528,28141.528,28141.528,Cronobacter sakazakii,28141.528,Cronobacter sakazakii,1,1,1,1,True,True,True,True,1.0
896d6a6108564a7d73a7114e2266891a,genus,2,2,2885217.3|1869227.3092,2885217.3|1869227.3092,2885217.3,Eubacteriales bacterium OttesenSCG-928-K08,2885217.3,Eubacteriales bacterium OttesenSCG-928-K08,1,2,2,1|2,True,True,True,True,1.0
7e19fffce24aab1692689a26dff5f328,genus,1,1,2054177.130,2054177.130,2054177.130,Christensenellaceae bacterium,2054177.130,Christensenellaceae bacterium,1,1,1,1,True,True,True,True,1.0
489ebda75c9174b8e7ad565ac0f52b97,genus,1,1,3039678.4,3039678.4,3039678.4,Eubacteriales bacterium mix99,3039678.4,Eubacteriales bacterium mix99,1,1,1,1,True,True,True,True,1.0
d672caef391233490da769c3f156fc0a,genus,2,2,3081984.4|2488560.3,3081984.4|2488560.3,3081984.4,Pigmentiphaga sp. CHJ604,3081984.4,Pigmentiphaga sp. CHJ604,1,2,2,1|4,True,True,True,True,1.0
75ae184615957ea74819e0710296a493,species,2,2,2728912.34|1883427.3091,2728912.34|1883427.3091,2728912.34,Dermatophilaceae bacterium,2728912.34,Dermatophilaceae bacterium,1,2,2,1|3,True,True,True,True,1.0
aded20d81ae85d32dc13bca7fbd3340d,species,1,1,39441.6,39441.6,39441.6,Methanobrevibacter arboriphilus,39441.6,Methanobrevibacter arboriphilus,1,1,1,1,True,True,True,True,1.0
be817fedc78d38052d17146829adb06d,genus,0,0,,,,,,,,0,0,,,,,,
118852b957010ee00ae4dbb8665ad57e,species,1,1,2575872.30,2575872.30,2575872.30,Bauldia sp.,2575872.30,Bauldia sp.,1,1,1,1,True,True,True,True,1.0
4b322ffec8bcd2c849beaeaaab778b16,genus,1,1,2052143.1070,2052143.1070,2052143.1070,Anaerolineae bacterium,2052143.1070,Anaerolineae bacterium,1,1,1,1,True,True,True,True,1.0
04bc2a095282907ef4df7a2a9447166f,species,2,2,2599941.90|2024896.83,2599941.90|2024896.83,2599941.90,Oligoflexia bacterium,2599941.90,Oligoflexia bacterium,1,2,2,1|2,True,True,True,True,1.0
a82d89679bc6017e06e5a11b255c5bf6,genus,1,1,2890832.3,2890832.3,2890832.3,Calditrichales bacterium MX18-03,2890832.3,Calditrichales bacterium MX18-03,1,1,1,1,True,True,True,True,1.0
201f8219b3baeb8ce71eb8de62e49ca7,genus,1,1,1898207.5729,1898207.5729,1898207.5729,Clostridiales bacterium,1898207.5729,Clostridiales bacterium,1,1,1,1,True,True,True,True,1.0
585e90bf1c66fcff8dcf4f2d24aba2cd,genus,1,1,1671647.4,1671647.4,1671647.4,Clostridiales bacterium DTU012,1671647.4,Clostridiales bacterium DTU012,1,1,1,1,True,True,True,True,1.0
36cf1853edbaec342c271909f87ca1b6,species,2,2,266125.4|1879010.10568,266125.4|1879010.10568,266125.4,Phenylobacterium koreense,266125.4,Phenylobacterium koreense,1,2,2,1|2,True,True,True,True,1.0
573471302da724edb5d0fa958385fb6d,species,1,1,1338420.3,1338420.3,1338420.3,Denitratimonas tolerans,1338420.3,Denitratimonas tolerans,1,1,1,1,True,True,True,True,1.0
af2f68999329d11971cc4eeb7d338c1c,genus,1,1,2044939.4410,2044939.4410,2044939.4410,Clostridia bacterium,2044939.4410,Clostridia bacterium,1,1,1,1,True,True,True,True,1.0
8a9c97139a7d864eda93a0dc3e73ecb9,species,2,2,49181.6|350.3,49181.6|350.3,49181.6,Zoogloea sp.,49181.6,Zoogloea sp.,1,2,2,1|6,True,True,True,True,1.0
923e86a70ad8194f9dab67ab8397371f,genus,1,1,1869227.1008,1869227.1008,1869227.1008,bacterium,1869227.1008,bacterium,1,1,1,1,True,True,True,True,1.0
229ef33e5647dc892321fedcbf36b7ff,genus,1,1,1903720.677,1903720.677,1903720.677,Bacilli bacterium,1903720.677,Bacilli bacterium,1,1,1,1,True,True,True,True,1.0
4c61879ca2f0594335aa69f539fa89c3,species,2,2,1913989.708|1946755.3,1913989.708|1946755.3,1913989.708,Gammaproteobacteria bacterium,1913989.708,Gammaproteobacteria bacterium,1,2,2,1|2,True,True,True,True,1.0
4c65953d2d9c04292134fc5013f3a21e,genus,1,1,3041276.15,3041276.15,3041276.15,Thermovirgaceae bacterium,3041276.15,Thermovirgaceae bacterium,1,1,1,1,True,True,True,True,1.0
e61e6021af25969dd347b921fc6389a4,below,0,0,,,,,,,,0,0,,,,,,
155e05f619ce3d99d02490b7cf22ffb5,species,1,1,2030927.4611,2030927.4611,2030927.4611,Bacteroidales bacterium,2030927.4611,Bacteroidales bacterium,1,1,1,1,True,True,True,True,1.0
af2d8d803a1e0df98789044e20c2646a,species,1,1,39441.6,39441.6,39441.6,Methanobrevibacter arboriphilus,39441.6,Methanobrevibacter arboriphilus,1,1,1,1,True,True,True,True,1.0
b5db33c8e764e787ba1a51f46cfa1db8,family,1,1,1734398.4,1734398.4,1734398.4,Gracilibacter sp. BRH_c7a,1734398.4,Gracilibacter sp. BRH_c7a,1,1,1,1,True,True,True,True,1.0
f213ec50ee3f0c0c4a7b47b321d081a9,species,2,2,582702.7|1945855.3,582702.7|1945855.3,582702.7,Rhodanobacter glycinis,582702.7,Rhodanobacter glycinis,1,2,2,1|3,True,True,True,True,1.0
4293552e270e9654178ff729c07282fd,genus,1,1,13690.142,13690.142,13690.142,Sphingobium yanoikuyae,13690.142,Sphingobium yanoikuyae,1,1,1,1,True,True,True,True,1.0
71b89747d9e5f39535d7cd2ac1005789,genus,2,2,2231116.13|1233400.4,2231116.13|1233400.4,2231116.13,Mycoplasmatota bacterium,2231116.13,Mycoplasmatota bacterium,1,2,2,1|4,True,True,True,True,1.0
8dba5d94c21557246f8c48418b0f3bda,species,1,1,2026773.124,2026773.124,2026773.124,Candidatus Pacearchaeota archaeon,2026773.124,Candidatus Pacearchaeota archaeon,1,1,1,1,True,True,True,True,1.0
f47e716aa12f00e50b727000440e1256,species,2,2,1367435.3|2991054.4,1367435.3|2991054.4,1367435.3,Alcaligenes sp. DN25,1367435.3,Alcaligenes sp. DN25,1,2,2,1|11,True,True,True,True,1.0
5b02c8639023ea8693ddee6bf1597c70,species,1,1,3412034.3,3412034.3,3412034.3,Methanobacterium sp. MBAC-LM,3412034.3,Methanobacterium sp. MBAC-LM,1,1,1,1,True,True,True,True,1.0
be437fdb39ff4822fcaf0522cbd7c1e0,species,1,1,3412034.3,3412034.3,3412034.3,Methanobacterium sp. MBAC-LM,3412034.3,Methanobacterium sp. MBAC-LM,1,1,1,1,True,True,True,True,1.0
ced3d95a776f5047eb0ab75ebeaa0555,genus,1,1,2044939.5225,2044939.5225,2044939.5225,Clostridia bacterium,2044939.5225,Clostridia bacterium,1,1,1,1,True,True,True,True,1.0
51d1bc05cfe3f4f9fd53eb552e293c01,genus,1,1,1734049.4,1734049.4,1734049.4,Serpentinicella alkaliphila,1734049.4,Serpentinicella alkaliphila,1,1,1,1,True,True,True,True,1.0
204059649d5553ccc15a44ccd09de89c,genus,3,3,288965.3|1515.11|320502.3,288965.3|1515.11|320502.3,288965.3,Acetivibrio clariflavus,288965.3,Acetivibrio clariflavus,1,3,3,1|7|12,True,True,True,True,1.0
de81a26ccacc05d41aeda73937929a7e,species,1,1,3083246.39,3083246.39,3083246.39,Christensenellales bacterium,3083246.39,Christensenellales bacterium,1,1,1,1,True,True,True,True,1.0
335d0b23ffa0a12a5048771a0c89e3b1,genus,1,1,1582259.3,1582259.3,1582259.3,Gudongella oleilytica,1582259.3,Gudongella oleilytica,1,1,1,1,True,True,True,True,1.0
ce96aba4d82cdb5ffa5b76128cfbb917,genus,1,1,1879010.9295,1879010.9295,1879010.9295,Bacillota bacterium,1879010.9295,Bacillota bacterium,1,1,1,1,True,True,True,True,1.0
e9930334cceb400c8d1aba7848ccc83f,species,1,1,39441.6,39441.6,39441.6,Methanobrevibacter arboriphilus,39441.6,Methanobrevibacter arboriphilus,1,1,1,1,True,True,True,True,1.0
db74361e1059284f58f7b72bfb21758c,genus,1,1,3077420.617,3077420.617,3077420.617,Acutalibacteraceae bacterium,3077420.617,Acutalibacteraceae bacterium,1,1,1,1,True,True,True,True,1.0
06894625cc4725640c9c1bba0d9aefc8,species,1,1,2499141.287,2499141.287,2499141.287,Verrucomicrobiia bacterium,2499141.287,Verrucomicrobiia bacterium,1,1,1,1,True,True,True,True,1.0
4b847baea94497568fe03f94a68afb3c,species,2,2,2829499.3|1285901.4,2829499.3|1285901.4,2829499.3,Tessaracoccus palaemonis,2829499.3,Tessaracoccus palaemonis,1,2,2,1|4,True,True,True,True,1.0
02541e05438ebd6cd913200972ef5e4b,below,0,0,,,,,,,,0,0,,,,,,
37e4420bd53e9fdbe33fa465e829f030,species,2,2,2877528.9|33035.104,2877528.9|33035.104,2877528.9,Blautia sp. RD014232,2877528.9,Blautia sp. RD014232,1,2,2,1|2,True,True,True,True,1.0
40da09c73f84b20e7a882a02f485f1f3,genus,1,1,3082383.3,3082383.3,3082383.3,Candidatus Darwinibacter acetoxidans,3082383.3,Candidatus Darwinibacter acetoxidans,1,1,1,1,True,True,True,True,1.0
fa6189d828a79eb80234db2985c10e19,species,2,2,3025938.3|1736675.3,3025938.3|1736675.3,3025938.3,Devosia sp. ZB163,3025938.3,Devosia sp. ZB163,2,2,2,2|3,True,True,True,True,1.0
9a0ea06f99eb653b4104f7809547dc61,species,2,2,2781738.3|1121003.3,2781738.3|1121003.3,2781738.3,Aquamicrobium zhengzhouense,2781738.3,Aquamicrobium zhengzhouense,1,2,2,1|2,True,True,True,True,1.0
ad093ee4a3c24932837db32cf7007813,species,2,2,2811411.21|1904441.237,2811411.21|1904441.237,2811411.21,Cypionkella sp.,2811411.21,Cypionkella sp.,1,2,2,1|5,True,True,True,True,1.0
d70d68ad9dc93090cde7d27dd19cbd6c,species,2,2,1977087.593|1463158.4,1977087.593|1463158.4,1977087.593,Pseudomonadota bacterium,1977087.593,Pseudomonadota bacterium,1,2,2,1|2,True,True,True,True,1.0
64c88f89738e90b17e368e96690366e4,species,1,1,3412034.3,3412034.3,3412034.3,Methanobacterium sp. MBAC-LM,3412034.3,Methanobacterium sp. MBAC-LM,1,1,1,1,True,True,True,True,1.0
2c76f558846fa9aa57c59ddacefeacb2,below,0,0,,,,,,,,0,0,,,,,,
f1aa0ea145fc7098b3403eb2badbe65b,species,2,2,1907725.60|86027.1334,1907725.60|86027.1334,1907725.60,Limnohabitans sp.,1907725.60,Limnohabitans sp.,3,2,2,3|1,True,True,True,True,1.0
55e1b429253da6e1fed80ef04d052eeb,genus,0,0,,,,,,,,0,0,,,,,,
3ec71ebbc127b83786bd4d26c123ef7d,species,1,1,2841655.3,2841655.3,2841655.3,Methanobacterium sp. YSL,2841655.3,Methanobacterium sp. YSL,1,1,1,1,True,True,True,True,1.0
aca75c6d71a8933275a447e83269faba,genus,1,1,2026734.314,2026734.314,2026734.314,Dehalococcoidia bacterium,2026734.314,Dehalococcoidia bacterium,1,1,1,1,True,True,True,True,1.0
52ecb4b1abf93593276cb066f1446900,genus,1,1,77133.4122,77133.4122,77133.4122,uncultured bacterium,77133.4122,uncultured bacterium,1,1,1,1,True,True,True,True,1.0
551f70cf3f951806a9b28706825acfeb,genus,1,1,471827.5,471827.5,471827.5,Desulforudis audaxviator,471827.5,Desulforudis audaxviator,1,1,1,1,True,True,True,True,1.0
6c75b6547a775bd435d6121ea181a298,genus,2,2,1671647.4|3082386.11,1671647.4|3082386.11,1671647.4,Clostridiales bacterium DTU012,1671647.4,Clostridiales bacterium DTU012,1,2,2,1|2,True,True,True,True,1.0
64b0ba388dd3728a36854c2f014b3129,species,2,2,2030927.4920|2202144.143,2030927.4920|2202144.143,2030927.4920,Bacteroidales bacterium,2030927.4920,Bacteroidales bacterium,1,2,2,1|2,True,True,True,True,1.0
fae223fac07c33613d2f851500010fdb,species,1,1,2841655.3,2841655.3,2841655.3,Methanobacterium sp. YSL,2841655.3,Methanobacterium sp. YSL,1,1,1,1,True,True,True,True,1.0
ad38e923c9aca989b782888445b843f9,genus,1,1,2172549.5,2172549.5,2172549.5,Candidatus Brocadia sp.,2172549.5,Candidatus Brocadia sp.,1,1,1,1,True,True,True,True,1.0
4d472a0025391001536abf639f86372b,species,2,2,2900548.2999|2952967.32,2900548.2999|2952967.32,2900548.2999,Actinomycetota bacterium,2900548.2999,Actinomycetota bacterium,1,2,2,1|2,True,True,True,True,1.0
fcf151e90a9e26826087929c8e6cf412,genus,1,1,1120989.3,1120989.3,1120989.3,Anaerobranca californiensis,1120989.3,Anaerobranca californiensis,1,1,1,1,True,True,True,True,1.0
3f0bc3f2b8d9b380ec319501754eca38,species,1,1,2015799.164,2015799.164,2015799.164,Hyphomicrobiaceae bacterium,2015799.164,Hyphomicrobiaceae bacterium,1,1,1,1,True,True,True,True,1.0
1a33b954694a3eddcd95ead6c562cfb2,genus,1,1,768556.461,768556.461,768556.461,uncultured Solirubrobacterales bacterium,768556.461,uncultured Solirubrobacterales bacterium,1,1,1,1,True,True,True,True,1.0
2adce772c19bf78aca62501a10d63509,genus,2,2,1898104.1534|2184052.35,1898104.1534|2184052.35,1898104.1534,Bacteroidota bacterium,1898104.1534,Bacteroidota bacterium,1,2,2,1|2,True,True,True,True,1.0
77b0fc3d2cdfed133689d19939bd753c,species,2,2,3155817.3|637392.3,3155817.3|637392.3,3155817.3,Microbacterium sp. NPDC064584,3155817.3,Microbacterium sp. NPDC064584,3,2,2,3|5,True,True,True,True,1.0
424c5645f91f0d2c1ddce0523e2e5481,genus,1,1,1871015.3,1871015.3,1871015.3,Pseudoflavonifractor sp. Marseille-P3106,1871015.3,Pseudoflavonifractor sp. Marseille-P3106,2,1,1,2,True,True,True,True,1.0
08c5a92f42b9bd6cf258a65dc845fd17,species,1,1,1121328.3,1121328.3,1121328.3,Alkalithermobacter thermoalcaliphilus,1121328.3,Alkalithermobacter thermoalcaliphilus,1,1,1,1,True,True,True,True,1.0
372e53abd78532e75f0b7c98fa758cc1,genus,1,1,1576369.4,1576369.4,1576369.4,Planctomicrobium piriforme,1576369.4,Planctomicrobium piriforme,1,1,1,1,True,True,True,True,1.0
4c62fcc88574e3048ef99a712966bec2,genus,2,2,690567.9|2093811.237,690567.9|2093811.237,690567.9,Syntrophomonas zehnderi,690567.9,Syntrophomonas zehnderi,1,2,2,1|2,True,True,True,True,1.0
38bf20edfc69975afa1d93d5f2c8598a,genus,1,1,1120989.3,1120989.3,1120989.3,Anaerobranca californiensis,1120989.3,Anaerobranca californiensis,1,1,1,1,True,True,True,True,1.0
f538d22fdb4f50b77253747c9f18ed18,genus,1,1,2485925.1702,2485925.1702,2485925.1702,Oscillospiraceae bacterium,2485925.1702,Oscillospiraceae bacterium,1,1,1,1,True,True,True,True,1.0
c667b7a7367b1dbad8a24df3fef9441a,species,2,2,704125.5|1520.272,704125.5|1520.272,704125.5,Clostridium gelidum,704125.5,Clostridium gelidum,1,2,2,1|4,True,True,True,True,1.0
c8e5908cbbf128920eb03bfbe95f95a9,species,2,2,2052143.1146|2026724.2421,2052143.1146|2026724.2421,2052143.1146,Anaerolineae bacterium,2052143.1146,Anaerolineae bacterium,1,2,2,1|2,True,True,True,True,1.0
65c647ffd0330aa88c24b8bf7674e6c7,genus,3,3,2026770.264|2593020.3|2562317.3,2026770.264|2593020.3|2562317.3,2026770.264,Nitrospiraceae bacterium,2026770.264,Nitrospiraceae bacterium,1,3,3,1|2|5,True,True,True,True,1.0
f3faa99f0acc0df8ae5f557d0ca39c08,species,1,1,2021368.29,2021368.29,2021368.29,Alcaligenaceae bacterium,2021368.29,Alcaligenaceae bacterium,1,1,1,1,True,True,True,True,1.0
95a05bf179625c68dbfdd8e357f791cf,species,2,2,41274.6|2562714.11,41274.6|2562714.11,41274.6,Tissierella sp.,41274.6,Tissierella sp.,1,2,2,1|2,True,True,True,True,1.0
5f69c3b4eaeff62fafe6366f19a2fab3,genus,1,1,1898203.6596,1898203.6596,1898203.6596,Lachnospiraceae bacterium,1898203.6596,Lachnospiraceae bacterium,1,1,1,1,True,True,True,True,1.0
357ad9f4f9251dd5f1a70dec188b23a3,species,2,2,2502187.3|1349791.3,2502187.3|1349791.3,2502187.3,Hydrogenophaga sp. 2FB,2502187.3,Hydrogenophaga sp. 2FB,2,2,2,2|3,True,True,True,True,1.0
cb13db7c2341f7fb498c476454c50a21,species,2,2,2748031.626|1926877.72,2748031.626|1926877.72,2748031.626,Paludibacteraceae bacterium,2748031.626,Paludibacteraceae bacterium,1,2,2,1|2,True,True,True,True,1.0
e8d0c712ad2ea5d27abd8b1e23eb6f7a,species,1,1,1671631.7,1671631.7,1671631.7,Syntrophothermus sp. DTU052,1671631.7,Syntrophothermus sp. DTU052,1,1,1,1,True,True,True,True,1.0
c147046b02be565ad186287629d4a843,genus,1,1,1879010.10588,1879010.10588,1879010.10588,Bacillota bacterium,1879010.10588,Bacillota bacterium,1,1,1,1,True,True,True,True,1.0
e808c9a57b23d000151dd0526336e8de,genus,1,1,2030806.468,2030806.468,2030806.468,Burkholderiaceae bacterium,2030806.468,Burkholderiaceae bacterium,3,1,1,3,True,True,True,True,1.0
1034f9305f9e8af991841f0741e8ce44,genus,2,2,312168.3|393762.4,312168.3|393762.4,312168.3,Anaerovirgula multivorans,312168.3,Anaerovirgula multivorans,1,2,2,1|2,True,True,True,True,1.0
a0ecf69202e62fe969206ad4b1445b61,species,1,1,2592070.3,2592070.3,2592070.3,Elioraea sp. Yellowstone,2592070.3,Elioraea sp. Yellowstone,1,1,1,1,True,True,True,True,1.0
643cecdf78d7a5f104fd135492479199,species,1,1,2817775.3,2817775.3,2817775.3,Mycoplana sp. BE70,2817775.3,Mycoplana sp. BE70,1,1,1,1,True,True,True,True,1.0
ff1bd8113a59e63cbb44713fe3645ed6,species,2,2,192843.24|50421.54,192843.24|50421.54,192843.24,Rhodoferax ferrireducens,192843.24,Rhodoferax ferrireducens,1,2,2,1|2,True,True,True,True,1.0
2c46a6bd519e153e57e33cbee296bb41,species,1,1,2507161.3,2507161.3,2507161.3,Acidilutibacter cellobiosedens,2507161.3,Acidilutibacter cellobiosedens,1,1,1,1,True,True,True,True,1.0
3d94d8b70e7c5bf96bbb6b29f432ec1b,genus,1,1,2026734.314,2026734.314,2026734.314,Dehalococcoidia bacterium,2026734.314,Dehalococcoidia bacterium,1,1,1,1,True,True,True,True,1.0
4ffb03b5c0bfc3fffc60057381aa071c,species,2,2,153809.1210|1934341.19,153809.1210|1934341.19,153809.1210,uncultured Pseudomonadota bacterium,153809.1210,uncultured Pseudomonadota bacterium,1,2,2,1|2,True,True,True,True,1.0
334b1d727a1edd0d17d589993ea3a1ab,genus,1,1,3082383.24,3082383.24,3082383.24,Candidatus Darwinibacter acetoxidans,3082383.24,Candidatus Darwinibacter acetoxidans,1,1,1,1,True,True,True,True,1.0
6e6136a51bc1d0612894175086e106cd,species,2,2,2026739.860|2053689.56,2026739.860|2053689.56,2026739.860,Methanobacteriota archaeon,2026739.860,Methanobacteriota archaeon,1,2,2,1|2,True,True,True,True,1.0
0a4dae6c36a924945c5ad8318aff7ecb,family,1,1,1879010.9295,1879010.9295,1879010.9295,Bacillota bacterium,1879010.9295,Bacillota bacterium,1,1,1,1,True,True,True,True,1.0
b78b814af10f7643be0ef223f80cb573,genus,1,1,2052143.1141,2052143.1141,2052143.1141,Anaerolineae bacterium,2052143.1141,Anaerolineae bacterium,1,1,1,1,True,True,True,True,1.0
4c301bbaaa0d8e3dc3356271c20fc5b5,species,1,1,90426.170,90426.170,90426.170,Methanothrix sp.,90426.170,Methanothrix sp.,1,1,1,1,True,True,True,True,1.0
9cf7d9633bfa9472ea4578871edcdd08,species,1,1,2023866.29,2023866.29,2023866.29,Petrimonas sp.,2023866.29,Petrimonas sp.,1,1,1,1,True,True,True,True,1.0
0e941c919146c9d562604083a4eeadc8,species,1,1,3412034.3,3412034.3,3412034.3,Methanobacterium sp. MBAC-LM,3412034.3,Methanobacterium sp. MBAC-LM,1,1,1,1,True,True,True,True,1.0
e64aa0d53a0727d6fb6d3fcd8667e49d,family,2,2,1947970.3|157472.46,1947970.3|157472.46,1947970.3,Firmicutes bacterium UBA3576,1947970.3,Firmicutes bacterium UBA3576,2,2,2,2|1,True,True,True,True,1.0
eed3ead2d719313207afd241a3e462ad,genus,3,3,2488810.3|1121337.3|48256.3,2488810.3|1121337.3|48256.3,2488810.3,Ruminiclostridium herbifermentans,2488810.3,Ruminiclostridium herbifermentans,1,3,3,1|2|4,True,True,True,True,1.0
421b4676c5bde303e399360e708db7fc,genus,1,1,2763667.4,2763667.4,2763667.4,Wansuia hejianensis,2763667.4,Wansuia hejianensis,1,1,1,1,True,True,True,True,1.0
4a1539d5c420d910c842f2dfd2531a6d,species,1,1,1497501.208,1497501.208,1497501.208,uncultured Thermoleophilia bacterium,1497501.208,uncultured Thermoleophilia bacterium,1,1,1,1,True,True,True,True,1.0
82f01cb6b84420e18f1f7aed8630c878,species,2,2,352475.17|2871820.5,352475.17|2871820.5,352475.17,Shinella zoogloeoides,352475.17,Shinella zoogloeoides,1,2,2,1|2,True,True,True,True,1.0
7e112350867950f176b414f5f71178fd,species,2,2,1427538.4|1993.11,1427538.4|1993.11,1427538.4,Actinomadura syzygii,1427538.4,Actinomadura syzygii,1,2,2,1|2,True,True,True,True,1.0
3ede9a0384a29cd63d3cebf0f09b96c1,species,2,2,511108.17|1977087.4411,511108.17|1977087.4411,511108.17,Ottowia pentelensis,511108.17,Ottowia pentelensis,1,2,2,1|2,True,True,True,True,1.0
9762cb79dea0ad8ac9b2c00da97ee1de,species,2,2,2900548.68|1978231.1291,2900548.68|1978231.1291,2900548.68,Actinomycetota bacterium,2900548.68,Actinomycetota bacterium,1,2,2,1|2,True,True,True,True,1.0
3ccbd454b224dc84efdde550255ca527,family,1,1,1879010.11285,1879010.11285,1879010.11285,Bacillota bacterium,1879010.11285,Bacillota bacterium,1,1,1,1,True,True,True,True,1.0
a8a3fd004219cc6476d68c8902fb52a3,family,2,2,2040293.3|1917889.3,2040293.3|1917889.3,2040293.3,Lentibacillus sp. Marseille-P4043,2040293.3,Lentibacillus sp. Marseille-P4043,4,2,2,4|5,True,True,True,True,1.0
b04a73565cfbfe585d234694b827d9d1,species,1,1,2881279.16,2881279.16,2881279.16,Hydrotalea sp.,2881279.16,Hydrotalea sp.,1,1,1,1,True,True,True,True,1.0
5f76a3b05585da3a513858cce5fa4aad,species,1,1,2026799.304,2026799.304,2026799.304,Verrucomicrobiota bacterium,2026799.304,Verrucomicrobiota bacterium,1,1,1,1,True,True,True,True,1.0
1289562118919e6f9a67cdf153688a18,species,1,1,460060.3,460060.3,460060.3,Mesorhizobium shangrilense,460060.3,Mesorhizobium shangrilense,1,1,1,1,True,True,True,True,1.0
5d31a7ba11fffdbcb915a4ba1aac75e6,species,1,1,77133.16853,77133.16853,77133.16853,uncultured bacterium,77133.16853,uncultured bacterium,1,1,1,1,True,True,True,True,1.0
b94b3e9177961551c08f311f8515f346,species,1,1,1111473.3,1111473.3,1111473.3,Flaviflexus huanghaiensis,1111473.3,Flaviflexus huanghaiensis,1,1,1,1,True,True,True,True,1.0
230f936bbde428b48c67b563c84f874a,species,1,1,2021380.29,2021380.29,2021380.29,Propionibacteriaceae bacterium,2021380.29,Propionibacteriaceae bacterium,1,1,1,1,True,True,True,True,1.0
ec3fc3f61c2e9c1a7f32bc622801ac2c,genus,1,1,2502183.3,2502183.3,2502183.3,Telmatospirillum sp. J64-1,2502183.3,Telmatospirillum sp. J64-1,1,1,1,1,True,True,True,True,1.0
27af05757211c4e22e274f6521c2b033,species,1,1,33885.20,33885.20,33885.20,Microbacterium lacticum,33885.20,Microbacterium lacticum,1,1,1,1,True,True,True,True,1.0
8b42e63e1fe8e14326fe559f8a2cce81,species,1,1,665126.8,665126.8,665126.8,Prosthecodimorpha hirschii,665126.8,Prosthecodimorpha hirschii,1,1,1,1,True,True,True,True,1.0
a759ddc94367592f2474e1de3acdb224,species,2,2,1559.96|3376682.3,1559.96|3376682.3,1559.96,Clostridium tertium,1559.96,Clostridium tertium,1,2,2,1|3,True,True,True,True,1.0
cae0d3b0980184e9483154fe9b393493,genus,1,1,1294023.3,1294023.3,1294023.3,Syntrophomonas palmitatica,1294023.3,Syntrophomonas palmitatica,1,1,1,1,True,True,True,True,1.0
d545914a091c15dc4913586bf390bfe6,genus,4,4,1515.11|253314.5|1869227.4377|288965.3,1515.11|253314.5|1869227.4377|288965.3,1515.11,Acetivibrio thermocellus,1515.11,Acetivibrio thermocellus,1,4,4,1|3|8|9,True,True,True,True,1.0
326f3a76100742d3ceb2bc49506997fc,genus,1,1,1879010.10588,1879010.10588,1879010.10588,Bacillota bacterium,1879010.10588,Bacillota bacterium,1,1,1,1,True,True,True,True,1.0
14d87a227e9cbf80d583db1f6eaf48b4,family,2,2,1549855.20|91750.8,1549855.20|91750.8,1549855.20,Haematospirillum jordaniae,1549855.20,Haematospirillum jordaniae,2,2,2,2|4,True,True,True,True,1.0
933c1a437592c012f7169968b9045854,genus,3,3,1898206.19|1977087.4365|2044940.237,1898206.19|1977087.4365|2044940.237,1898206.19,Spirochaetaceae bacterium,1898206.19,Spirochaetaceae bacterium,2,3,3,2|3|4,True,True,True,True,1.0
bb50ac888e677e82816ea70b2ab33eca,species,2,2,1562974.5|2502192.3,1562974.5|2502192.3,1562974.5,Comamonas piscis,1562974.5,Comamonas piscis,1,2,2,1|3,True,True,True,True,1.0
950c432d4df367cfd29389f23c4272f6,species,2,2,2173.772|1898205.4023,2173.772|1898205.4023,2173.772,Methanobrevibacter smithii,2173.772,Methanobrevibacter smithii,1,2,2,1|7,True,True,True,True,1.0
82243ab47000b0bb9500a7f65bf04630,species,1,1,2024848.56,2024848.56,2024848.56,Parvibaculum sp.,2024848.56,Parvibaculum sp.,1,1,1,1,True,True,True,True,1.0
9d93bbfc68509916e75cf218443f9b1b,family,2,2,1525.23|2138101.3,1525.23|2138101.3,1525.23,Neomoorella thermoacetica,1525.23,Neomoorella thermoacetica,4,2,2,4|6,True,True,True,True,1.0
3ab282a70cea4c1440512ab7820c4cad,family,1,1,2721137.3,2721137.3,2721137.3,Candidatus Neochristensenella gallicola,2721137.3,Candidatus Neochristensenella gallicola,2,1,1,2,True,True,True,True,1.0
4d9f444d7b7f1f6de3b53c732536296a,species,1,1,1460447.11,1460447.11,1460447.11,Terrisporobacter petrolearius,1460447.11,Terrisporobacter petrolearius,1,1,1,1,True,True,True,True,1.0
a0138f57c9f1b4f6a71bceb94b56572f,genus,1,1,413497.13,413497.13,413497.13,Cronobacter dublinensis,413497.13,Cronobacter dublinensis,1,1,1,1,True,True,True,True,1.0
27b310dd4ffe5fc8db8b41f66bdb3175,species,1,1,2024896.380,2024896.380,2024896.380,Anaerolineaceae bacterium,2024896.380,Anaerolineaceae bacterium,1,1,1,1,True,True,True,True,1.0
ee00e22b5b23fa6d7e2502177a8a70c7,family,2,2,3083246.38|676965.12,3083246.38|676965.12,3083246.38,Christensenellales bacterium,3083246.38,Christensenellales bacterium,1,2,2,1|2,True,True,True,True,1.0
2018829be0affbac011bf1b8e30981ad,species,1,1,2015799.164,2015799.164,2015799.164,Hyphomicrobiaceae bacterium,2015799.164,Hyphomicrobiaceae bacterium,1,1,1,1,True,True,True,True,1.0
534be7183f24b21ccc3a792f5c7e5169,genus,1,1,1674862.5,1674862.5,1674862.5,Spirochaetales bacterium Spiro_06,1674862.5,Spirochaetales bacterium Spiro_06,1,1,1,1,True,True,True,True,1.0
f687f9aecd37880d471fc69c13c4f256,genus,1,1,1122184.3,1122184.3,1122184.3,Lutispora thermophila,1122184.3,Lutispora thermophila,2,1,1,2,True,True,True,True,1.0
9f73559d08e3d2aebe9872ed20eb92cb,species,1,1,153947.3,153947.3,153947.3,Nitrosomonas sp. GH22,153947.3,Nitrosomonas sp. GH22,1,1,1,1,True,True,True,True,1.0
d57543b38df2129448b58807cb5965d0,genus,1,1,411917.37,411917.37,411917.37,uncultured Planctomycetia bacterium,411917.37,uncultured Planctomycetia bacterium,2,1,1,2,True,True,True,True,1.0
c5818942f7219725c098917e39a7e7bb,genus,2,2,39962.7|2708020.3,39962.7|2708020.3,39962.7,Legionella moravica,39962.7,Legionella moravica,1,2,2,1|7,True,True,True,True,1.0
fc91b1d6efa2d63ad830349556a06220,species,1,1,1335060.88,1335060.88,1335060.88,Rhizobium sp. Q54,1335060.88,Rhizobium sp. Q54,3,1,1,3,True,True,True,True,1.0
6c1758cff014a807d58bd737c76ec233,species,2,2,84024.73|1414720.92,84024.73|1414720.92,84024.73,Clostridium disporicum,84024.73,Clostridium disporicum,1,2,2,1|5,True,True,True,True,1.0
f7ac318fad126f8dc75f70e09fd5c4dd,genus,1,1,2751154.3,2751154.3,2751154.3,,2751154.3,,2,1,1,2,True,True,True,False,1.0
07ab589574a5adeae211c91efb58a71f,species,2,2,2026798.90|543739.20,2026798.90|543739.20,2026798.90,Trueperaceae bacterium,2026798.90,Trueperaceae bacterium,1,2,2,1|2,True,True,True,True,1.0
a890e281ef9de265199252d45d16a904,genus,3,3,2268201.27|1977087.4365|3041276.11,2268201.27|1977087.4365|3041276.11,2268201.27,Synergistales bacterium,2268201.27,Synergistales bacterium,1,3,3,1|4|5,True,True,True,True,1.0
a989e16b5beae59a0a6bc423abdd16e7,species,1,1,113574.3,113574.3,113574.3,Hyphomicrobium sp. GJ21,113574.3,Hyphomicrobium sp. GJ21,1,1,1,1,True,True,True,True,1.0
36b46a254875314bef7628b94ef8d7b6,genus,3,3,400774.3|1835606.3|2663797.3,400774.3|1835606.3|2663797.3,400774.3,Nocardioides panacihumi,400774.3,Nocardioides panacihumi,1,3,3,1|3|4,True,True,True,True,1.0
a52b829bf001efa256aeabe5472b2638,family,1,1,1879010.6940,1879010.6940,1879010.6940,Bacillota bacterium,1879010.6940,Bacillota bacterium,1,1,1,1,True,True,True,True,1.0
3c6c6b674785246a706fea426f2f4dd9,genus,1,1,2605990.3,2605990.3,2605990.3,Rhizobiales bacterium SYSU XM002,2605990.3,Rhizobiales bacterium SYSU XM002,1,1,1,1,True,True,True,True,1.0
5dfb2d1578133ad81a110967e7c71462,species,2,2,2030808.370|90426.195,2030808.370|90426.195,2030808.370,Candidatus Cloacimonadota bacterium,2030808.370,Candidatus Cloacimonadota bacterium,1,2,2,1|2,True,True,True,True,1.0
5dc7abaaf2ad90f62d784e23e9d558f2,species,1,1,2044939.4413,2044939.4413,2044939.4413,Clostridia bacterium,2044939.4413,Clostridia bacterium,1,1,1,1,True,True,True,True,1.0
4767afde4b029b318194cf99b257de2d,species,1,1,2493692.3,2493692.3,2493692.3,,2493692.3,,1,1,1,1,True,True,True,False,1.0
349e5c52e64bf4223e4b96bd1aa54075,genus,1,1,1879010.10588,1879010.10588,1879010.10588,Bacillota bacterium,1879010.10588,Bacillota bacterium,1,1,1,1,True,True,True,True,1.0
147c28a497af9f823da70571c88b5ebe,genus,2,2,3030912.178|2818044.3,3030912.178|2818044.3,3030912.178,Anaerovoracaceae bacterium,3030912.178,Anaerovoracaceae bacterium,2,2,2,2|4,True,True,True,True,1.0
943510d75dff81e8e8a61b414393ad22,genus,3,3,2682968.3|82.239|51670.3,2682968.3|82.239|51670.3,2682968.3,Hyphomicrobium sp. ghe19,2682968.3,Hyphomicrobium sp. ghe19,1,3,3,1|2|4,True,True,True,True,1.0
8c932073a2765a0e8639a784955bd290,family,1,1,1898104.466,1898104.466,1898104.466,Bacteroidota bacterium,1898104.466,Bacteroidota bacterium,1,1,1,1,True,True,True,True,1.0
503e3f397b970f03e626474b548327b4,genus,1,1,2736299.3,2736299.3,2736299.3,Syntrophothermus sp.,2736299.3,Syntrophothermus sp.,1,1,1,1,True,True,True,True,1.0
075005ef79b14f0787674852faab9e2e,species,2,2,49338.10|1121395.3,49338.10|1121395.3,49338.10,Desulfitobacterium hafniense,49338.10,Desulfitobacterium hafniense,2,2,2,2|3,True,True,True,True,1.0
5dd79bb2be6e24d95fcc33b497b078b5,genus,1,1,3030912.177,3030912.177,3030912.177,Anaerovoracaceae bacterium,3030912.177,Anaerovoracaceae bacterium,1,1,1,1,True,True,True,True,1.0
5eef1e65ed73d122236c933fe9327adb,genus,1,1,3041276.15,3041276.15,3041276.15,Thermovirgaceae bacterium,3041276.15,Thermovirgaceae bacterium,2,1,1,2,True,True,True,True,1.0
00f898781984ce51010f520e28aca483,species,2,2,179636.18|32013.6,179636.18|32013.6,179636.18,Alicycliphilus denitrificans,179636.18,Alicycliphilus denitrificans,1,2,2,1|3,True,True,True,True,1.0
b8299c90e4c775b18c1c5ff6d23ad616,below,0,0,,,,,,,,0,0,,,,,,
8466c6dfab56e8746ea47bc3c0e571e0,species,1,1,2304002.91,2304002.91,2304002.91,Methylococcales bacterium,2304002.91,Methylococcales bacterium,1,1,1,1,True,True,True,True,1.0
7a8d2549f0a2623a5f45a138e85aedd0,genus,1,1,2975056.3,2975056.3,2975056.3,Govanella unica,2975056.3,Govanella unica,1,1,1,1,True,True,True,True,1.0
e9610e4b261eb260ad4e507e8c1d634e,genus,1,1,2026734.380,2026734.380,2026734.380,Dehalococcoidia bacterium,2026734.380,Dehalococcoidia bacterium,1,1,1,1,True,True,True,True,1.0
fc7c6eed68d83b0078b51ba3581a953b,species,1,1,77133.16853,77133.16853,77133.16853,uncultured bacterium,77133.16853,uncultured bacterium,1,1,1,1,True,True,True,True,1.0
28e70a00b942f129979d73aacfbf7bcd,genus,5,5,320502.3|1515.11|253314.5|288965.3|1869227.4377,320502.3|1515.11|253314.5|288965.3|1869227.4377,320502.3,Acetivibrio alkalicellulosi,320502.3,Acetivibrio alkalicellulosi,1,5,5,1|2|4|5|14,True,True,True,True,1.0
9252a9854a55ae3605817df259632d05,family,2,2,1879010.10751|2054177.123,1879010.10751|2054177.123,1879010.10751,Bacillota bacterium,1879010.10751,Bacillota bacterium,1,2,2,1|3,True,True,True,True,1.0
e6bdf194852a3017f2294a9236f98dfc,genus,1,1,1898651.5,1898651.5,1898651.5,Desulfocucumis palustris,1898651.5,Desulfocucumis palustris,2,1,1,2,True,True,True,True,1.0
f1270b35cb1a572502eb1f6a417b4ce9,species,1,1,3412034.3,3412034.3,3412034.3,Methanobacterium sp. MBAC-LM,3412034.3,Methanobacterium sp. MBAC-LM,1,1,1,1,True,True,True,True,1.0
8bbcf048be9561d00c6ed8f597643925,species,1,1,1747.1366,1747.1366,1747.1366,Cutibacterium acnes,1747.1366,Cutibacterium acnes,1,1,1,1,True,True,True,True,1.0
c8b7afd58453fa7f61cb3486e65de8f0,species,1,1,153809.1226,153809.1226,153809.1226,uncultured Pseudomonadota bacterium,153809.1226,uncultured Pseudomonadota bacterium,1,1,1,1,True,True,True,True,1.0
4a6f9dd6166c1d7f2c4af6440718c03b,species,1,1,2053509.81,2053509.81,2053509.81,Candidatus Atribacteria bacterium,2053509.81,Candidatus Atribacteria bacterium,1,1,1,1,True,True,True,True,1.0
5a05b28cfb802977240bc925ee59d1fc,genus,2,2,3045146.4|165186.3737,3045146.4|165186.3737,3045146.4,Petroclostridium sp. X23,3045146.4,Petroclostridium sp. X23,1,2,2,1|5,True,True,True,True,1.0
09eb2ace0ecf6426286819c37b4010e0,genus,1,1,1773.18812,1773.18812,1773.18812,Mycobacterium tuberculosis,1773.18812,Mycobacterium tuberculosis,1,1,1,1,True,True,True,True,1.0
ad7b37d7259f65ae5d2d898c539a6297,family,1,1,2021370.124,2021370.124,2021370.124,Sphingobacteriaceae bacterium,2021370.124,Sphingobacteriaceae bacterium,1,1,1,1,True,True,True,True,1.0
f94941df072a2ce7df898dbbc4971c45,species,1,1,1852886.3,1852886.3,1852886.3,Firmicutes bacterium ADurb.Bin248,1852886.3,Firmicutes bacterium ADurb.Bin248,1,1,1,1,True,True,True,True,1.0
dd34ba859b98a1d6bb3897c876d3b92d,genus,4,4,1515.11|253314.5|288965.3|1869227.4377,1515.11|253314.5|288965.3|1869227.4377,1515.11,Acetivibrio thermocellus,1515.11,Acetivibrio thermocellus,1,4,4,1|3|4|12,True,True,True,True,1.0
07ebfd1673dbe181c7a499218a46ef80,species,1,1,1460447.11,1460447.11,1460447.11,Terrisporobacter petrolearius,1460447.11,Terrisporobacter petrolearius,1,1,1,1,True,True,True,True,1.0
8dde56a6b6263c9ff1d677c7a17456ec,genus,1,1,1879010.10760,1879010.10760,1879010.10760,Bacillota bacterium,1879010.10760,Bacillota bacterium,1,1,1,1,True,True,True,True,1.0
0bd4b1e42bd92aa97b0e3256b8b9f685,genus,3,3,1774216.4|2817377.3|3039803.934,1774216.4|2817377.3|3039803.934,1774216.4,Nocardioides rotundus,1774216.4,Nocardioides rotundus,5,3,3,5|8|3,True,True,True,True,1.0
60d23b6a7047719eb79dc09d360c62cc,species,2,2,39595.19|3039803.21,39595.19|3039803.21,39595.19,Microlunatus sp.,39595.19,Microlunatus sp.,2,2,2,2|1,True,True,True,True,1.0
8d94059665b326451d66d86b45255634,species,1,1,1879010.10751,1879010.10751,1879010.10751,Bacillota bacterium,1879010.10751,Bacillota bacterium,1,1,1,1,True,True,True,True,1.0
d0805d57a9a2267c7f9372624fa92147,species,2,2,36807.19|2977531.4,36807.19|2977531.4,36807.19,Microbacterium laevaniformans,36807.19,Microbacterium laevaniformans,1,2,2,1|8,True,True,True,True,1.0
92d6b69fbdf22335e1e29eb7ddea612a,genus,2,2,1869227.7684|1917865.114,1869227.7684|1917865.114,1869227.7684,bacterium,1869227.7684,bacterium,3,2,2,3|4,True,True,True,True,1.0
286e6b7f2a15a9ef97faca363e6a6800,genus,1,1,152507.1844,152507.1844,152507.1844,uncultured Actinomycetes bacterium,152507.1844,uncultured Actinomycetes bacterium,1,1,1,1,True,True,True,True,1.0
b923bc5d99ffa071df805bfb578547c4,species,2,2,2997340.3|2033435.3,2997340.3|2033435.3,2997340.3,Frigidibacter sp. RF13,2997340.3,Frigidibacter sp. RF13,2,2,2,2|3,True,True,True,True,1.0
5901c122dbe9545a6149416c6397f234,species,1,1,413497.9,413497.9,413497.9,Cronobacter dublinensis,413497.9,Cronobacter dublinensis,1,1,1,1,True,True,True,True,1.0
afadb45931725b52385058d29f76447e,genus,1,1,2026734.314,2026734.314,2026734.314,Dehalococcoidia bacterium,2026734.314,Dehalococcoidia bacterium,1,1,1,1,True,True,True,True,1.0
2b7ce440bd256b23d5e09f40e46698ad,genus,3,3,863.9|1671630.22|690567.9,863.9|1671630.22|690567.9,863.9,Syntrophomonas wolfei,863.9,Syntrophomonas wolfei,1,3,3,1|2|8,True,True,True,True,1.0
bbb066ff0d8c41323c27c93a1a3c35a7,species,1,1,2030806.1443,2030806.1443,2030806.1443,Burkholderiaceae bacterium,2030806.1443,Burkholderiaceae bacterium,1,1,1,1,True,True,True,True,1.0
7f95be53d89bc3a48bae7b78b974d701,species,2,2,2705082.3|413497.13,2705082.3|413497.13,2705082.3,Anaerolineae bacterium clx_SAG46,2705082.3,Anaerolineae bacterium clx_SAG46,1,2,2,1|2,True,True,True,True,1.0
78f289cd472d09e153e93361d0beeb2f,genus,2,2,1918627.11|1898203.1759,1918627.11|1898203.1759,1918627.11,Frisingicoccus sp.,1918627.11,Frisingicoccus sp.,1,2,2,1|2,True,True,True,True,1.0
80696a8e4c14013684c162880b99abc9,species,2,2,28450.4538|60550.81,28450.4538|60550.81,28450.4538,Burkholderia pseudomallei,28450.4538,Burkholderia pseudomallei,1,2,2,1|2,True,True,True,True,1.0
36a66f4e2ef60675b52417bd1ef5d23f,species,1,1,270350.5,270350.5,270350.5,Methylobacterium hispanicum,270350.5,Methylobacterium hispanicum,1,1,1,1,True,True,True,True,1.0
015be9e29980c3340bc973769ffd53c5,genus,1,1,2093811.236,2093811.236,2093811.236,Syntrophomonadaceae bacterium,2093811.236,Syntrophomonadaceae bacterium,1,1,1,1,True,True,True,True,1.0
0c9b81e16ab4e3c0b202044ce6d7ba57,genus,2,2,458.6|448.8,458.6|448.8,458.6,Legionella rubrilucens,458.6,Legionella rubrilucens,4,2,2,4|9,True,True,True,True,1.0
6068fd60909c15a33c7dd6f3cf41a189,species,1,1,1122184.3,1122184.3,1122184.3,Lutispora thermophila,1122184.3,Lutispora thermophila,1,1,1,1,True,True,True,True,1.0
16d7e7a57ee5a4d1019a0343f5008fd3,family,2,2,253314.5|1869227.4377,253314.5|1869227.4377,253314.5,Acetivibrio straminisolvens,253314.5,Acetivibrio straminisolvens,1,2,2,1|3,True,True,True,True,1.0
835bb682be3fa7b086047fefbc88efb8,species,1,1,2202144.438,2202144.438,2202144.438,Spirochaetota bacterium,2202144.438,Spirochaetota bacterium,1,1,1,1,True,True,True,True,1.0
be017454a0758945d4ec45fbf9ac6f48,species,1,1,3412034.3,3412034.3,3412034.3,Methanobacterium sp. MBAC-LM,3412034.3,Methanobacterium sp. MBAC-LM,1,1,1,1,True,True,True,True,1.0
7bdb643584d385bedc3578796b996258,genus,1,1,2172549.5,2172549.5,2172549.5,Candidatus Brocadia sp.,2172549.5,Candidatus Brocadia sp.,1,1,1,1,True,True,True,True,1.0
1541d3f52b75573d379c2d7efdd61f0e,species,1,1,1674833.4,1674833.4,1674833.4,Bacteroidales bacterium Bact_19,1674833.4,Bacteroidales bacterium Bact_19,1,1,1,1,True,True,True,True,1.0
ed09d7afbe54912303e1d4ad8b7b1d32,genus,1,1,413497.13,413497.13,413497.13,Cronobacter dublinensis,413497.13,Cronobacter dublinensis,1,1,1,1,True,True,True,True,1.0
21154dbe9d1fd27c98e5ee78bb11560c,genus,1,1,91750.3615,91750.3615,91750.3615,uncultured Alphaproteobacteria bacterium,91750.3615,uncultured Alphaproteobacteria bacterium,1,1,1,1,True,True,True,True,1.0
5b6d589e4b8374ae05953faf3e0ec415,species,1,1,1904441.236,1904441.236,1904441.236,Paracoccaceae bacterium,1904441.236,Paracoccaceae bacterium,1,1,1,1,True,True,True,True,1.0
30722c9b979a324b1a9e507436496b08,genus,2,2,312168.3|1734049.4,312168.3|1734049.4,312168.3,Anaerovirgula multivorans,312168.3,Anaerovirgula multivorans,1,2,2,1|2,True,True,True,True,1.0
be2708e1bdcddac994cdfd7ddf921d52,species,1,1,3039803.63,3039803.63,3039803.63,uncultured Actinomycetota bacterium,3039803.63,uncultured Actinomycetota bacterium,1,1,1,1,True,True,True,True,1.0
98e48e291e82614b662dd427ed669231,species,1,1,2052143.1154,2052143.1154,2052143.1154,Anaerolineae bacterium,2052143.1154,Anaerolineae bacterium,1,1,1,1,True,True,True,True,1.0
d23e031b9dfbdb8f41323c8c5c775f26,species,1,1,2952913.4,2952913.4,2952913.4,Candidatus Allocopromorpha sp.,2952913.4,Candidatus Allocopromorpha sp.,1,1,1,1,True,True,True,True,1.0
a2ea5245d83eba89a777bfc3af4e28a7,species,1,1,208549.109,208549.109,208549.109,uncultured Hyphomicrobiales bacterium,208549.109,uncultured Hyphomicrobiales bacterium,1,1,1,1,True,True,True,True,1.0
8fa174b717385600595ec8771240bfe8,genus,2,2,2763033.3|1851429.46,2763033.3|1851429.46,2763033.3,Christensenella tenuis,2763033.3,Christensenella tenuis,1,2,2,1|2,True,True,True,True,1.0
e685dc44525e8ec7783caa6ab7f5b4b8,species,1,1,2021380.151,2021380.151,2021380.151,Propionibacteriaceae bacterium,2021380.151,Propionibacteriaceae bacterium,1,1,1,1,True,True,True,True,1.0
4067001164170581ba105a05e975bbe3,species,1,1,1919279.3,1919279.3,1919279.3,Candidatus Sericytochromatia bacterium S15B-MN24 CBMW_12,1919279.3,Candidatus Sericytochromatia bacterium S15B-MN24 CBMW_12,1,1,1,1,True,True,True,True,1.0
1b93fe44c90e856e28e8586500b42103,family,2,2,1879010.11202|3082383.25,1879010.11202|3082383.25,1879010.11202,Bacillota bacterium,1879010.11202,Bacillota bacterium,1,2,2,1|7,True,True,True,True,1.0
29b2f8399229daa8138a86a37fa795f1,species,1,1,2053595.18,2053595.18,2053595.18,Proteiniclasticum sp.,2053595.18,Proteiniclasticum sp.,1,1,1,1,True,True,True,True,1.0
296a64ff9ac191c4f1c886ba988e1706,genus,5,5,2987757.3|2755562.3|96232.8|40335.7|1212491.3,2987757.3|2755562.3|96232.8|40335.7|1212491.3,2987757.3,Legionella sp. 515359,2987757.3,Legionella sp. 515359,5,5,5,5|6|1|4|10,True,True,True,True,1.0
eb6a99a43cef2237af9b344c4df7f907,species,2,2,1036778.3|506668.4,1036778.3|506668.4,1036778.3,Allobosea lathyri,1036778.3,Allobosea lathyri,1,2,2,1|2,True,True,True,True,1.0
6e72d85c5c29aaa1b7f043f60c8515fa,species,2,2,82.239|2682968.3,82.239|2682968.3,82.239,Hyphomicrobium sp.,82.239,Hyphomicrobium sp.,1,2,2,1|2,True,True,True,True,1.0
f486ad1bcca90a8bd9b68c76212312c3,species,1,1,1898104.1487,1898104.1487,1898104.1487,Bacteroidota bacterium,1898104.1487,Bacteroidota bacterium,1,1,1,1,True,True,True,True,1.0
fc4e948dc95060bb06f959f2e2ed0731,species,1,1,1460447.11,1460447.11,1460447.11,Terrisporobacter petrolearius,1460447.11,Terrisporobacter petrolearius,1,1,1,1,True,True,True,True,1.0
91203c4512e4b08f343fbec0de1a3b9e,family,2,2,1841868.3|707003.5492,1841868.3|707003.5492,1841868.3,Provencibacterium massiliense,1841868.3,Provencibacterium massiliense,3,2,2,3|7,True,True,True,True,1.0
28a57cdaa30629405422c8fde4881357,species,2,2,75385.8|2737536.20,75385.8|2737536.20,75385.8,Micropruina glycogenica,75385.8,Micropruina glycogenica,2,2,2,2|4,True,True,True,True,1.0
79f2b1b38f1fbd05cc7592334ee0803d,genus,1,1,1869212.194,1869212.194,1869212.194,Chitinophagaceae bacterium,1869212.194,Chitinophagaceae bacterium,2,1,1,2,True,True,True,True,1.0
1fd28ae75bb3ec630b2de2e3430c8f1e,genus,3,3,1121337.3|48256.3|2488810.3,1121337.3|48256.3|2488810.3,1121337.3,Ruminiclostridium sufflavum,1121337.3,Ruminiclostridium sufflavum,1,3,3,1|4|2,True,True,True,True,1.0
749376b5f9975100a175a587f222e10e,genus,2,2,3057384.3|44255.6,3057384.3|44255.6,3057384.3,Bradyrhizobium sp. SZCCHNR2032,3057384.3,Bradyrhizobium sp. SZCCHNR2032,1,2,2,1|2,True,True,True,True,1.0
e4e59d9f49c532675b55e61340b2179e,genus,1,1,84032.5,84032.5,84032.5,Clostridium thermosuccinogenes,84032.5,Clostridium thermosuccinogenes,1,1,1,1,True,True,True,True,1.0
26491960a83d9ec238fcf87efff319e2,genus,1,1,3083246.38,3083246.38,3083246.38,Christensenellales bacterium,3083246.38,Christensenellales bacterium,1,1,1,1,True,True,True,True,1.0
f88d741fc5f4fa1ec110a6aafc7393f2,genus,1,1,3082383.25,3082383.25,3082383.25,Candidatus Darwinibacter acetoxidans,3082383.25,Candidatus Darwinibacter acetoxidans,1,1,1,1,True,True,True,True,1.0
d16549567d9b503e05d935bd5ca038a6,family,2,2,2973478.4|120956.3,2973478.4|120956.3,2973478.4,Facklamia sp. 7083-14-GEN3,2973478.4,Facklamia sp. 7083-14-GEN3,1,2,2,1|2,True,True,True,True,1.0
626c469cde244cf9b780fe8a6e952018,species,1,1,2024848.53,2024848.53,2024848.53,Parvibaculum sp.,2024848.53,Parvibaculum sp.,1,1,1,1,True,True,True,True,1.0
81658f20c85c240a8529c9f65f993851,family,2,2,338645.5|3083246.38,338645.5|3083246.38,338645.5,Candidatus Contubernalis alkaliaceticus,338645.5,Candidatus Contubernalis alkaliaceticus,2,2,2,2|1,True,True,True,True,1.0
7bc40a9c22f90b2ce6c97edc8248f810,species,2,2,1872479.3|1891238.1269,1872479.3|1891238.1269,1872479.3,Alsobacter sp.,1872479.3,Alsobacter sp.,1,2,2,1|2,True,True,True,True,1.0
15d96e4d97ef38ceedf0ad18f07e0240,species,2,2,3390204.3|1869227.3118,3390204.3|1869227.3118,3390204.3,Aphanothece microscopica,3390204.3,Aphanothece microscopica,2,2,2,2|3,True,True,True,True,1.0
84fa9606a58e97506922f09083e7087a,species,2,2,2065189.8|2030808.326,2065189.8|2030808.326,2065189.8,Dysgonamonadaceae bacterium,2065189.8,Dysgonamonadaceae bacterium,1,2,2,1|5,True,True,True,True,1.0
426bda34df28a503259476e54950b730,genus,2,2,3083246.117|244328.7242,3083246.117|244328.7242,3083246.117,Christensenellales bacterium,3083246.117,Christensenellales bacterium,1,2,2,1|4,True,True,True,True,1.0
32fde07abf6b53007080027dbf4cf88f,species,2,2,1367435.3|2991054.4,1367435.3|2991054.4,1367435.3,Alcaligenes sp. DN25,1367435.3,Alcaligenes sp. DN25,1,2,2,1|11,True,True,True,True,1.0
064ea8c0c174b991b890a76af66da802,species,1,1,3030912.177,3030912.177,3030912.177,Anaerovoracaceae bacterium,3030912.177,Anaerovoracaceae bacterium,1,1,1,1,True,True,True,True,1.0
34646d0e803268c026a7c33066998a77,genus,1,1,1926877.41,1926877.41,1926877.41,Proteiniphilum sp.,1926877.41,Proteiniphilum sp.,1,1,1,1,True,True,True,True,1.0
bc71146ccc3a63837fc7d874a28a173c,species,1,1,1898204.478,1898204.478,1898204.478,Clostridiaceae bacterium,1898204.478,Clostridiaceae bacterium,1,1,1,1,True,True,True,True,1.0
bec033acf73d8b55fcee3b62a8a9429e,species,1,1,2818044.3,2818044.3,2818044.3,Sinanaerobacter chloroacetimidivorans,2818044.3,Sinanaerobacter chloroacetimidivorans,1,1,1,1,True,True,True,True,1.0
6fc9eb297f26be9914cfbb2e96bbc086,species,1,1,3412034.3,3412034.3,3412034.3,Methanobacterium sp. MBAC-LM,3412034.3,Methanobacterium sp. MBAC-LM,1,1,1,1,True,True,True,True,1.0
191627a5d4511a32856d4a033e4bf1cb,genus,1,1,543059.3,543059.3,543059.3,uncultured Halothermothrix sp.,543059.3,uncultured Halothermothrix sp.,3,1,1,3,True,True,True,True,1.0
469c376c54706d2a04589d78e87c8780,species,2,2,152507.2422|2518612.91,152507.2422|2518612.91,152507.2422,uncultured Actinomycetes bacterium,152507.2422,uncultured Actinomycetes bacterium,1,2,2,1|3,True,True,True,True,1.0
0f4a7eac09f580255faedbb1da343681,genus,1,1,1674862.5,1674862.5,1674862.5,Spirochaetales bacterium Spiro_06,1674862.5,Spirochaetales bacterium Spiro_06,1,1,1,1,True,True,True,True,1.0
d9d30d32406d0d1f7d847cdbbdda6137,family,1,1,2751313.3,2751313.3,2751313.3,Koleobacter methoxysyntrophicus,2751313.3,Koleobacter methoxysyntrophicus,1,1,1,1,True,True,True,True,1.0
ecb869631711bf81e94c27a768dfdd0b,species,2,2,1207057.7|511108.17,1207057.7|511108.17,1207057.7,Ottowia beijingensis,1207057.7,Ottowia beijingensis,1,2,2,1|2,True,True,True,True,1.0
cd74519f8627d952e9422b81ea695058,genus,1,1,2172549.5,2172549.5,2172549.5,Candidatus Brocadia sp.,2172549.5,Candidatus Brocadia sp.,1,1,1,1,True,True,True,True,1.0
116dc9851c69f16ec8c27a12ce358fa4,species,1,1,2052143.1141,2052143.1141,2052143.1141,Anaerolineae bacterium,2052143.1141,Anaerolineae bacterium,1,1,1,1,True,True,True,True,1.0
54211010aefd9707190f47101648a23c,species,2,2,3119935.3|3119912.3,3119935.3|3119912.3,3119935.3,Xanthobacter lutulentifluminis,3119935.3,Xanthobacter lutulentifluminis,1,2,2,1|2,True,True,True,True,1.0
3561691a3832d2ec98315c3412a98fa3,species,1,1,2815577.3,2815577.3,2815577.3,Alkalibacter rhizosphaerae,2815577.3,Alkalibacter rhizosphaerae,1,1,1,1,True,True,True,True,1.0
51aa4d9105ecfeb7a7d4f5afa1773cdc,species,2,2,1898207.3492|1193534.7,1898207.3492|1193534.7,1898207.3492,Clostridiales bacterium,1898207.3492,Clostridiales bacterium,1,2,2,1|2,True,True,True,True,1.0
9e188c20ff4d59650dfc2cb435a88512,species,2,2,28450.4538|60550.81,28450.4538|60550.81,28450.4538,Burkholderia pseudomallei,28450.4538,Burkholderia pseudomallei,1,2,2,1|2,True,True,True,True,1.0
dfa00f358503d3a79cb2c330ee60c1e2,species,1,1,39441.6,39441.6,39441.6,Methanobrevibacter arboriphilus,39441.6,Methanobrevibacter arboriphilus,1,1,1,1,True,True,True,True,1.0
6ed1f425cd7d234afdf0906b91293ae2,genus,1,1,2026724.2448,2026724.2448,2026724.2448,Chloroflexota bacterium,2026724.2448,Chloroflexota bacterium,1,1,1,1,True,True,True,True,1.0
d14450ec065af47ce09cf95309f24072,genus,1,1,2026778.92,2026778.92,2026778.92,Phycisphaerae bacterium,2026778.92,Phycisphaerae bacterium,1,1,1,1,True,True,True,True,1.0
99974302fcd8d2101cbc28c8141e0ee9,genus,1,1,3039803.835,3039803.835,3039803.835,uncultured Actinomycetota bacterium,3039803.835,uncultured Actinomycetota bacterium,1,1,1,1,True,True,True,True,1.0
7ede4b72fe5210d181d31d0161d8f153,genus,4,4,2995306.3|34034.194|2927945.17|2268199.16,2995306.3|34034.194|2927945.17|2268199.16,2995306.3,Polyangium mundeleinium,2995306.3,Polyangium mundeleinium,1,4,4,1|2|6|5,True,True,True,True,1.0
455b517d5e3be97a7c74805de5f26850,genus,1,1,91750.4498,91750.4498,91750.4498,uncultured Alphaproteobacteria bacterium,91750.4498,uncultured Alphaproteobacteria bacterium,1,1,1,1,True,True,True,True,1.0
d6ff6bbe079674401094c1a932da80ab,species,1,1,453582.5,453582.5,453582.5,Rhodobacter aestuarii,453582.5,Rhodobacter aestuarii,1,1,1,1,True,True,True,True,1.0
37a53b3aab9bc373c583f6be8ab1d858,genus,3,3,2268201.27|1977087.4365|3041276.11,2268201.27|1977087.4365|3041276.11,2268201.27,Synergistales bacterium,2268201.27,Synergistales bacterium,1,3,3,1|4|5,True,True,True,True,1.0
ae9418ce9d02c32999138b34c48512fb,species,1,1,413497.9,413497.9,413497.9,Cronobacter dublinensis,413497.9,Cronobacter dublinensis,1,1,1,1,True,True,True,True,1.0
37e77987f6db9eb8df82f8185f8440b7,genus,2,2,344338.1252|1879010.10638,344338.1252|1879010.10638,344338.1252,uncultured Bacillota bacterium,344338.1252,uncultured Bacillota bacterium,1,2,2,1|4,True,True,True,True,1.0
2d86655f5770d1ddf5947021a53b57cb,genus,1,1,2026780.1467,2026780.1467,2026780.1467,Planctomycetota bacterium,2026780.1467,Planctomycetota bacterium,1,1,1,1,True,True,True,True,1.0
43a837e225147b88f58a65ccc8412c7c,genus,1,1,2093811.34,2093811.34,2093811.34,Syntrophomonadaceae bacterium,2093811.34,Syntrophomonadaceae bacterium,1,1,1,1,True,True,True,True,1.0
70bc60bf6b649f62bb1ee7538331006f,genus,1,1,3039678.3,3039678.3,3039678.3,Eubacteriales bacterium mix99,3039678.3,Eubacteriales bacterium mix99,1,1,1,1,True,True,True,True,1.0
2f0e324704bd4ac738072c50d4eba0ea,genus,1,1,2711216.4,2711216.4,2711216.4,Paludisphaera rhizosphaerae,2711216.4,Paludisphaera rhizosphaerae,1,1,1,1,True,True,True,True,1.0
86d8b22d008c02c166ab930218a92e10,family,1,1,2052143.1070,2052143.1070,2052143.1070,Anaerolineae bacterium,2052143.1070,Anaerolineae bacterium,1,1,1,1,True,True,True,True,1.0
6332a8b08afb6aa3ef5901e06a2c287f,species,1,1,2841655.3,2841655.3,2841655.3,Methanobacterium sp. YSL,2841655.3,Methanobacterium sp. YSL,1,1,1,1,True,True,True,True,1.0
4561fef494acf771179203cc14f5d372,species,1,1,1578200.3,1578200.3,1578200.3,Luteimonas notoginsengisoli,1578200.3,Luteimonas notoginsengisoli,1,1,1,1,True,True,True,True,1.0
d5cecae93845498f6d38b6b144a7e330,genus,1,1,1879010.7447,1879010.7447,1879010.7447,Bacillota bacterium,1879010.7447,Bacillota bacterium,1,1,1,1,True,True,True,True,1.0
9874202de61384a91f48d042f2ccafbc,species,1,1,2053595.18,2053595.18,2053595.18,Proteiniclasticum sp.,2053595.18,Proteiniclasticum sp.,1,1,1,1,True,True,True,True,1.0
dcc3c223f6007f2b75ad31366a34a983,species,1,1,3374625.3,3374625.3,3374625.3,Kaistia sp. UC242_56,3374625.3,Kaistia sp. UC242_56,1,1,1,1,True,True,True,True,1.0
15bf273330928f57de2f3b24ca2a5135,family,1,1,2527975.3,2527975.3,2527975.3,Kolteria novifilia,2527975.3,Kolteria novifilia,1,1,1,1,True,True,True,True,1.0
2641fe1f99500e1a2d08cabe3073566b,genus,1,1,1879010.10568,1879010.10568,1879010.10568,Bacillota bacterium,1879010.10568,Bacillota bacterium,1,1,1,1,True,True,True,True,1.0
f877e829ece2e97efc2208f33e765ce3,species,1,1,2053570.150,2053570.150,2053570.150,Candidatus Latescibacterota bacterium,2053570.150,Candidatus Latescibacterota bacterium,1,1,1,1,True,True,True,True,1.0
1b7d9b83e481aeaf938729029a2a4c19,species,2,2,2030809.190|2202144.254,2030809.190|2202144.254,2030809.190,Candidatus Hydrogenedentota bacterium,2030809.190,Candidatus Hydrogenedentota bacterium,1,2,2,1|5,True,True,True,True,1.0
26cbd70e0eb0b0a14e93c0970b305ef1,species,2,2,1869227.4275|2053613.22,1869227.4275|2053613.22,1869227.4275,bacterium,1869227.4275,bacterium,1,2,2,1|2,True,True,True,True,1.0
7cd022d3e8231b6befc5e3e2259a6813,genus,1,1,2890832.3,2890832.3,2890832.3,Calditrichales bacterium MX18-03,2890832.3,Calditrichales bacterium MX18-03,1,1,1,1,True,True,True,True,1.0
6cdd8825591e67630201b81f5e8cc990,species,1,1,41950.17,41950.17,41950.17,Candidatus Neomicrothrix parvicella,41950.17,Candidatus Neomicrothrix parvicella,1,1,1,1,True,True,True,True,1.0
8602056eba9f104692f2ddf8938871c5,species,2,2,50259.290|1871071.61,50259.290|1871071.61,50259.290,Rubrivivax sp.,50259.290,Rubrivivax sp.,1,2,2,1|3,True,True,True,True,1.0
50addb775b43dc6766013d2b80081ce3,genus,2,2,1671647.4|3082386.11,1671647.4|3082386.11,1671647.4,Clostridiales bacterium DTU012,1671647.4,Clostridiales bacterium DTU012,1,2,2,1|2,True,True,True,True,1.0
8d8be8b2507c837431e2e91d5b78faa9,species,1,1,747076.3,747076.3,747076.3,Tepidamorphus gemmatus,747076.3,Tepidamorphus gemmatus,1,1,1,1,True,True,True,True,1.0
5645208dbd4272e443c0bfd58a60b9b9,genus,1,1,195049.312,195049.312,195049.312,uncultured Clostridiaceae bacterium,195049.312,uncultured Clostridiaceae bacterium,1,1,1,1,True,True,True,True,1.0
17cd9e80e0f41c506e23257e356ac923,genus,1,1,3039678.4,3039678.4,3039678.4,Eubacteriales bacterium mix99,3039678.4,Eubacteriales bacterium mix99,1,1,1,1,True,True,True,True,1.0
dd845f9a83e4214b3e9e1a1ead34f609,species,1,1,1506.1049,1506.1049,1506.1049,Clostridium sp.,1506.1049,Clostridium sp.,2,1,1,2,True,True,True,True,1.0
ddfc7fa44eb695c1a36fab946176dbdc,species,1,1,3039803.759,3039803.759,3039803.759,uncultured Actinomycetota bacterium,3039803.759,uncultured Actinomycetota bacterium,1,1,1,1,True,True,True,True,1.0
40dc5c18cc4351517876235855be9721,genus,1,1,2093811.34,2093811.34,2093811.34,Syntrophomonadaceae bacterium,2093811.34,Syntrophomonadaceae bacterium,2,1,1,2,True,True,True,True,1.0
d28d9cd054df9e29c622b1ec1944d013,species,1,1,1909294.1092,1909294.1092,1909294.1092,Hyphomicrobiales bacterium,1909294.1092,Hyphomicrobiales bacterium,1,1,1,1,True,True,True,True,1.0
ae6befdc531c744b9165106d3c3f6739,species,2,2,1367435.3|2991054.4,1367435.3|2991054.4,1367435.3,Alcaligenes sp. DN25,1367435.3,Alcaligenes sp. DN25,1,2,2,1|11,True,True,True,True,1.0
dc211776d6a734cf180f697b098c47d3,species,1,1,49981.5,49981.5,49981.5,Desulfitobacterium sp.,49981.5,Desulfitobacterium sp.,1,1,1,1,True,True,True,True,1.0
f437261ff1458ebf1aa7f6dc7bf69e58,species,1,1,642589.19,642589.19,642589.19,Caproiciproducens galactitolivorans,642589.19,Caproiciproducens galactitolivorans,1,1,1,1,True,True,True,True,1.0
9c426d26d1334efd88b234484348abbf,genus,5,5,2865838.3|2589953.3|1300272.5|3140366.3|2951085.3,2865838.3|2589953.3|1300272.5|3140366.3|2951085.3,2865838.3,Mesorhizobium sp. AR07,2865838.3,Mesorhizobium sp. AR07,1,5,5,1|2|3|7|11,True,True,True,True,1.0
f527a3626856c74b3bf1c926561baf11,species,1,1,120965.140,120965.140,120965.140,uncultured Planctomycetota bacterium,120965.140,uncultured Planctomycetota bacterium,1,1,1,1,True,True,True,True,1.0
3e5c0929aa7ec948ea82be82637549b1,genus,1,1,2033014.19,2033014.19,2033014.19,Armatimonadota bacterium,2033014.19,Armatimonadota bacterium,1,1,1,1,True,True,True,True,1.0
328120c708098f9f55e4b6945d8cf31d,genus,2,2,1872579.14|2267699.3,1872579.14|2267699.3,1872579.14,Aquamicrobium sp.,1872579.14,Aquamicrobium sp.,1,2,2,1|2,True,True,True,True,1.0
5db86c73cb3a69940374cd84e1457a2f,species,1,1,91750.3550,91750.3550,91750.3550,uncultured Alphaproteobacteria bacterium,91750.3550,uncultured Alphaproteobacteria bacterium,1,1,1,1,True,True,True,True,1.0
ce79d4435bd130dc3503269a9b397170,species,2,2,1873462.248|3050384.6,1873462.248|3050384.6,1873462.248,Microbacteriaceae bacterium,1873462.248,Microbacteriaceae bacterium,1,2,2,1|2,True,True,True,True,1.0
5842b861c82007643d496c3860a149f9,genus,1,1,84032.5,84032.5,84032.5,Clostridium thermosuccinogenes,84032.5,Clostridium thermosuccinogenes,1,1,1,1,True,True,True,True,1.0
0be5f4770658b90f11dc058c6006f780,genus,1,1,1879010.10588,1879010.10588,1879010.10588,Bacillota bacterium,1879010.10588,Bacillota bacterium,1,1,1,1,True,True,True,True,1.0
211c2bf941e5c4e05078cf20a194b0be,species,1,1,2026735.2895,2026735.2895,2026735.2895,Deltaproteobacteria bacterium,2026735.2895,Deltaproteobacteria bacterium,1,1,1,1,True,True,True,True,1.0
d4bbada602eb08d4609fe2fca3160d40,species,1,1,2706754.74,2706754.74,2706754.74,uncultured Pirellulaceae bacterium,2706754.74,uncultured Pirellulaceae bacterium,1,1,1,1,True,True,True,True,1.0
34e20439c680b4b5689f8355e1b87165,family,2,2,1509.313|1491.1337,1509.313|1491.1337,1509.313,Clostridium sporogenes,1509.313,Clostridium sporogenes,1,2,2,1|15,True,True,True,True,1.0
7056f0ca7e34feb91ddfdb617582fd12,genus,2,2,253314.5|1869227.4377,253314.5|1869227.4377,253314.5,Acetivibrio straminisolvens,253314.5,Acetivibrio straminisolvens,2,2,2,2|4,True,True,True,True,1.0
ad942c95632b90b7d01e5c5e77b99ebc,species,1,1,180332.21,180332.21,180332.21,Robinsoniella peoriensis,180332.21,Robinsoniella peoriensis,1,1,1,1,True,True,True,True,1.0
36932f198f0d72739c13f82998a6364d,genus,1,1,1869227.3092,1869227.3092,1869227.3092,bacterium,1869227.3092,bacterium,1,1,1,1,True,True,True,True,1.0
00822d53733c27d8119b5fc4ed19f687,species,1,1,39441.6,39441.6,39441.6,Methanobrevibacter arboriphilus,39441.6,Methanobrevibacter arboriphilus,1,1,1,1,True,True,True,True,1.0
ef29434876e20a83290e58de1f4e09c2,species,1,1,2722793.3,2722793.3,2722793.3,Tepidanaerobacter sp. GT38,2722793.3,Tepidanaerobacter sp. GT38,1,1,1,1,True,True,True,True,1.0
3f602caee36e03c625a1f30eb97314e2,species,2,2,2806034.6|2930256.20,2806034.6|2930256.20,2806034.6,Ginsengibacter sp.,2806034.6,Ginsengibacter sp.,1,2,2,1|2,True,True,True,True,1.0
865b36b85a2b2a8cdbd204a37e088b94,genus,1,1,3083246.38,3083246.38,3083246.38,Christensenellales bacterium,3083246.38,Christensenellales bacterium,1,1,1,1,True,True,True,True,1.0
703b123d3cbe4a7e8c02253f1f55d261,species,1,1,215690.3,215690.3,215690.3,Thermomonas fusca,215690.3,Thermomonas fusca,1,1,1,1,True,True,True,True,1.0
523a7e01fa5c47d91e959292759c7ac7,family,1,1,2051041.3,2051041.3,2051041.3,Ravibacter arvi,2051041.3,Ravibacter arvi,1,1,1,1,True,True,True,True,1.0
daa33b68bffced185af681590ffd372e,species,2,2,1737.12|1505.44,1737.12|1505.44,1737.12,Paraclostridium tenue,1737.12,Paraclostridium tenue,1,2,2,1|2,True,True,True,True,1.0
7fea81a0fb9031b1aa53e4dcc0334bf4,genus,1,1,1122184.3,1122184.3,1122184.3,Lutispora thermophila,1122184.3,Lutispora thermophila,1,1,1,1,True,True,True,True,1.0
76861e4fd720b21d96693697fa6b48fc,genus,1,1,1672391.470,1672391.470,1672391.470,uncultured Chloroflexia bacterium,1672391.470,uncultured Chloroflexia bacterium,1,1,1,1,True,True,True,True,1.0
8610085898359abd9388c49fcfbbcb2a,genus,2,2,3083246.44|2026720.101,3083246.44|2026720.101,3083246.44,Christensenellales bacterium,3083246.44,Christensenellales bacterium,1,2,2,1|2,True,True,True,True,1.0
a4f5e4b88460bc4713747b9e266d3144,species,1,1,2052143.1145,2052143.1145,2052143.1145,Anaerolineae bacterium,2052143.1145,Anaerolineae bacterium,1,1,1,1,True,True,True,True,1.0
d40238b6e6c47b51c94b10008b551af4,species,2,2,2821116.9|69367.3,2821116.9|69367.3,2821116.9,Microbacterium sp. Bi98,2821116.9,Microbacterium sp. Bi98,1,2,2,1|3,True,True,True,True,1.0
920fe236cb3d2ec76bfac976e7f3878f,species,1,1,2044939.4409,2044939.4409,2044939.4409,Clostridia bacterium,2044939.4409,Clostridia bacterium,1,1,1,1,True,True,True,True,1.0
d50903b75a954b0f707171e84a573a5f,genus,2,2,659006.3|1576911.3,659006.3|1576911.3,659006.3,Camelimonas lactis,659006.3,Camelimonas lactis,1,2,2,1|6,True,True,True,True,1.0
1c259c84edfd90c28f17c1875a7c9747,family,1,1,1879010.10613,1879010.10613,1879010.10613,Bacillota bacterium,1879010.10613,Bacillota bacterium,1,1,1,1,True,True,True,True,1.0
e4584b51fe909644e9845c5dc09526e9,species,1,1,2493692.3,2493692.3,2493692.3,,2493692.3,,1,1,1,1,True,True,True,False,1.0
41afcb39b8689b8b9b59ad8a8215958f,species,1,1,493461.3,493461.3,493461.3,Methanobacterium movens,493461.3,Methanobacterium movens,1,1,1,1,True,True,True,True,1.0
16a50c451d24ff31bdf03c837c1f2532,species,1,1,2030927.4601,2030927.4601,2030927.4601,Bacteroidales bacterium,2030927.4601,Bacteroidales bacterium,1,1,1,1,True,True,True,True,1.0
5784776f5c7488bbe777059e7f9d1c7c,genus,2,2,2212473.381|156588.590,2212473.381|156588.590,2212473.381,Kiritimatiellia bacterium,2212473.381,Kiritimatiellia bacterium,1,2,2,1|2,True,True,True,True,1.0
344057b4eb641fc142588238344a8918,species,1,1,1852859.3,1852859.3,1852859.3,Chloroflexi bacterium ADurb.Bin325,1852859.3,Chloroflexi bacterium ADurb.Bin325,1,1,1,1,True,True,True,True,1.0
8442bd30ea2bf39ad3c2136197a0b861,species,1,1,2030927.459,2030927.459,2030927.459,Bacteroidales bacterium,2030927.459,Bacteroidales bacterium,1,1,1,1,True,True,True,True,1.0
0920f329b65647d14740b55a5052624d,genus,1,1,1734398.4,1734398.4,1734398.4,Gracilibacter sp. BRH_c7a,1734398.4,Gracilibacter sp. BRH_c7a,1,1,1,1,True,True,True,True,1.0
89628653ce7d25046e81ec1e41c9122f,species,1,1,39441.6,39441.6,39441.6,Methanobrevibacter arboriphilus,39441.6,Methanobrevibacter arboriphilus,1,1,1,1,True,True,True,True,1.0
64cbb145bf7546cd909ccdfc390477a7,genus,1,1,444458.137,444458.137,444458.137,uncultured Anaerolineales bacterium,444458.137,uncultured Anaerolineales bacterium,1,1,1,1,True,True,True,True,1.0
8cc8b34be2f3cb1e12e390328759aaf7,species,2,2,360807.1496|536231.75,360807.1496|536231.75,360807.1496,Roseburia inulinivorans,360807.1496,Roseburia inulinivorans,1,2,2,1|2,True,True,True,True,1.0
1d8cbc23caf68cfc1c0505901772f517,genus,1,1,2840931.5,2840931.5,2840931.5,Candidatus Scatomorpha stercorigallinarum,2840931.5,Candidatus Scatomorpha stercorigallinarum,1,1,1,1,True,True,True,True,1.0
ce0b607406b1ba0603a5883aeab5bbcf,genus,1,1,2952907.8,2952907.8,2952907.8,Candidatus Avimonas sp.,2952907.8,Candidatus Avimonas sp.,1,1,1,1,True,True,True,True,1.0
26de1fff4ab68ef5ec24949c1a27d329,genus,1,1,1879010.9600,1879010.9600,1879010.9600,Bacillota bacterium,1879010.9600,Bacillota bacterium,1,1,1,1,True,True,True,True,1.0
4d145a769891543537f2c8681627eff6,genus,1,1,1926877.82,1926877.82,1926877.82,Proteiniphilum sp.,1926877.82,Proteiniphilum sp.,1,1,1,1,True,True,True,True,1.0
8ac7ad6e4b6501eb143d97f10bcc2b6d,species,2,2,3390204.3|1869227.3118,3390204.3|1869227.3118,3390204.3,Aphanothece microscopica,3390204.3,Aphanothece microscopica,3,2,2,3|4,True,True,True,True,1.0
f9d19abf0ac81bcc64d02d91350fce35,species,1,1,2099675.52,2099675.52,2099675.52,Cyclobacteriaceae bacterium,2099675.52,Cyclobacteriaceae bacterium,1,1,1,1,True,True,True,True,1.0
7bc4b6055f77dc4acb835bf59f37bba2,species,1,1,3082383.25,3082383.25,3082383.25,Candidatus Darwinibacter acetoxidans,3082383.25,Candidatus Darwinibacter acetoxidans,1,1,1,1,True,True,True,True,1.0
58775dbd44f0df19b94bc37ab4e4c579,species,2,2,2044936.33|2053624.293,2044936.33|2053624.293,2044936.33,Bacteroidia bacterium,2044936.33,Bacteroidia bacterium,1,2,2,1|2,True,True,True,True,1.0
3ba3a0a8948fba9b0c25ad37b41b3342,genus,3,3,3077420.1080|2030808.326|541003.135,3077420.1080|2030808.326|541003.135,3077420.1080,Acutalibacteraceae bacterium,3077420.1080,Acutalibacteraceae bacterium,3,3,3,3|1|12,True,True,True,True,1.0
a4d4e17dbb14f15384261ddd56409439,species,1,1,2925322.4,2925322.4,2925322.4,Candidatus Sumerlaeales bacterium,2925322.4,Candidatus Sumerlaeales bacterium,1,1,1,1,True,True,True,True,1.0
5a282585ef16397041df72979907593f,species,1,1,40335.7,40335.7,40335.7,Legionella tucsonensis,40335.7,Legionella tucsonensis,1,1,1,1,True,True,True,True,1.0
ebe6058ea1fbc7f77df40e51f0a20dca,genus,1,1,2044939.4410,2044939.4410,2044939.4410,Clostridia bacterium,2044939.4410,Clostridia bacterium,1,1,1,1,True,True,True,True,1.0
449442ea32d59c45c20f49095f206f1d,species,2,2,1671629.3|1879010.10766,1671629.3|1879010.10766,1671629.3,Syntrophomonas sp. DTU018,1671629.3,Syntrophomonas sp. DTU018,1,2,2,1|2,True,True,True,True,1.0
f58368d26234da28cbe5f17910c56a6c,genus,2,2,2053594.39|2014369.25,2053594.39|2014369.25,2053594.39,Prolixibacteraceae bacterium,2053594.39,Prolixibacteraceae bacterium,1,2,2,1|3,True,True,True,True,1.0
316c252396afd490a718db47b7e13385,genus,1,1,2052143.1139,2052143.1139,2052143.1139,Anaerolineae bacterium,2052143.1139,Anaerolineae bacterium,1,1,1,1,True,True,True,True,1.0
de791da3027f9e7f238061064604388f,family,2,2,3035694.8|1582259.3,3035694.8|1582259.3,3035694.8,Tissierella sp. Yu-01,3035694.8,Tissierella sp. Yu-01,5,2,2,5|12,True,True,True,True,1.0
5a66f8310ec63f2648ee84a8f03ed1d7,species,2,2,2053586.48|1978231.1716,2053586.48|1978231.1716,2053586.48,Candidatus Rifleibacteriota bacterium,2053586.48,Candidatus Rifleibacteriota bacterium,1,2,2,1|2,True,True,True,True,1.0
c9c58ce6cfd82ba2d1a35ed4588dc1db,species,2,2,1298606.3|213585.10,1298606.3|213585.10,1298606.3,Methanosarcina barkeri,1298606.3,Methanosarcina barkeri,1,2,2,1|2,True,True,True,True,1.0
b9daacd0e5fb8ea4e35fc84e8a40253e,species,1,1,3374625.3,3374625.3,3374625.3,Kaistia sp. UC242_56,3374625.3,Kaistia sp. UC242_56,1,1,1,1,True,True,True,True,1.0
8e411053229e1cc8814cc8c0d1989251,genus,1,1,2485925.1702,2485925.1702,2485925.1702,Oscillospiraceae bacterium,2485925.1702,Oscillospiraceae bacterium,1,1,1,1,True,True,True,True,1.0
60afbfee9ee6fb92816d66611d1ffb57,genus,1,1,2054177.130,2054177.130,2054177.130,Christensenellaceae bacterium,2054177.130,Christensenellaceae bacterium,1,1,1,1,True,True,True,True,1.0
cb300bfb8d8466c3f220d5f95c2a03c2,species,1,1,39441.6,39441.6,39441.6,Methanobrevibacter arboriphilus,39441.6,Methanobrevibacter arboriphilus,1,1,1,1,True,True,True,True,1.0
72c6706063e2325bd12c28ea8b23e872,below,0,0,,,,,,,,0,0,,,,,,
3fbd0537ef4f3242fb50a2ddb91061ad,species,2,2,1748367.3|3039803.416,1748367.3|3039803.416,1748367.3,Nakamurella endophytica,1748367.3,Nakamurella endophytica,7,2,2,7|6,True,True,True,True,1.0
350764427a7e15d2e95ee77951ea5c6c,family,2,2,1947970.3|157472.46,1947970.3|157472.46,1947970.3,Firmicutes bacterium UBA3576,1947970.3,Firmicutes bacterium UBA3576,4,2,2,4|3,True,True,True,True,1.0
9e1c950d882ef8c3e0f61aa7ec52060e,species,2,2,2030808.327|1872491.7,2030808.327|1872491.7,2030808.327,Candidatus Cloacimonadota bacterium,2030808.327,Candidatus Cloacimonadota bacterium,2,2,2,2|3,True,True,True,True,1.0
53cc13652f54147209456977b76cea50,species,1,1,1879010.11283,1879010.11283,1879010.11283,Bacillota bacterium,1879010.11283,Bacillota bacterium,1,1,1,1,True,True,True,True,1.0
99d2491ca9702e5053cb6e62d0349555,species,1,1,2026720.101,2026720.101,2026720.101,Candidatus Saccharimonadota bacterium,2026720.101,Candidatus Saccharimonadota bacterium,1,1,1,1,True,True,True,True,1.0
96a7203e72563b1502356df04aa19f42,genus,3,3,3057384.3|44255.6|3117029.4,3057384.3|44255.6|3117029.4,3057384.3,Bradyrhizobium sp. SZCCHNR2032,3057384.3,Bradyrhizobium sp. SZCCHNR2032,1,3,3,1|2|14,True,True,True,True,1.0
a4c97d72a3ac2b7c1435c56721a3aa1a,species,2,2,1903720.760|2212467.780,1903720.760|2212467.780,1903720.760,Bacilli bacterium,1903720.760,Bacilli bacterium,1,2,2,1|2,True,True,True,True,1.0
46106a1395497d731c64d8d5b56c3771,genus,1,1,36849.5,36849.5,36849.5,Oxobacter pfennigii,36849.5,Oxobacter pfennigii,1,1,1,1,True,True,True,True,1.0
a9ea2ae2f8893f91cf4ca523ea7d4cfe,genus,2,2,1871015.3|179883.1205,1871015.3|179883.1205,1871015.3,Pseudoflavonifractor sp. Marseille-P3106,1871015.3,Pseudoflavonifractor sp. Marseille-P3106,1,2,2,1|2,True,True,True,True,1.0
8bea27e05e23cdeacb4dda62cfb59aaa,species,1,1,2841655.3,2841655.3,2841655.3,Methanobacterium sp. YSL,2841655.3,Methanobacterium sp. YSL,1,1,1,1,True,True,True,True,1.0
c487c317433b2236a0872af25cb3b3de,genus,2,2,2030808.156|2053534.61,2030808.156|2053534.61,2030808.156,Candidatus Cloacimonadota bacterium,2030808.156,Candidatus Cloacimonadota bacterium,1,2,2,1|4,True,True,True,True,1.0
d2e381c85060771ec94f8f66bf491409,species,2,2,2030808.327|1872491.7,2030808.327|1872491.7,2030808.327,Candidatus Cloacimonadota bacterium,2030808.327,Candidatus Cloacimonadota bacterium,1,2,2,1|2,True,True,True,True,1.0
0717587ee3e819d58ad9801323db963c,genus,1,1,413497.9,413497.9,413497.9,Cronobacter dublinensis,413497.9,Cronobacter dublinensis,1,1,1,1,True,True,True,True,1.0
643242de6c8b6447dd4187d002a08beb,family,2,2,2528593.8|1879010.6940,2528593.8|1879010.6940,2528593.8,Zhaonella formicivorans,2528593.8,Zhaonella formicivorans,1,2,2,1|2,True,True,True,True,1.0
c2b43f5fc401b8ae942e9f83213eef32,species,1,1,2026720.453,2026720.453,2026720.453,Candidatus Saccharimonadota bacterium,2026720.453,Candidatus Saccharimonadota bacterium,1,1,1,1,True,True,True,True,1.0
ac96db42031919a640395a42626c4cfe,species,1,1,1671647.4,1671647.4,1671647.4,Clostridiales bacterium DTU012,1671647.4,Clostridiales bacterium DTU012,1,1,1,1,True,True,True,True,1.0
f99471f9f75bc3c8400f9611fa7ee14f,genus,1,1,2026724.1179,2026724.1179,2026724.1179,Chloroflexota bacterium,2026724.1179,Chloroflexota bacterium,1,1,1,1,True,True,True,True,1.0
0607c3ec24c886df3c9bac4259e1e910,family,2,2,2053689.131|2202144.254,2053689.131|2202144.254,2053689.131,Thermotogota bacterium,2053689.131,Thermotogota bacterium,1,2,2,1|2,True,True,True,True,1.0
c7dd46acb5a820a3c0db61d863812de8,species,1,1,1852816.3,1852816.3,1852816.3,Bacteroidetes bacterium ADurb.BinA104,1852816.3,Bacteroidetes bacterium ADurb.BinA104,1,1,1,1,True,True,True,True,1.0
cf94c789ff082528101c344b74e994c7,family,1,1,2874283.10,2874283.10,2874283.10,Schnuerera sp. xch1,2874283.10,Schnuerera sp. xch1,2,1,1,2,True,True,True,True,1.0
02e5aa8b2279bb6d9eef1591c1bd5c44,genus,1,1,1879010.9708,1879010.9708,1879010.9708,Bacillota bacterium,1879010.9708,Bacillota bacterium,1,1,1,1,True,True,True,True,1.0
6ff49eba1a73bddf6f1013fcc786e610,species,2,2,28450.4538|60550.81,28450.4538|60550.81,28450.4538,Burkholderia pseudomallei,28450.4538,Burkholderia pseudomallei,1,2,2,1|2,True,True,True,True,1.0
7de13a55503e90292b953209386e0b7b,genus,1,1,28264.26,28264.26,28264.26,Arcanobacterium haemolyticum,28264.26,Arcanobacterium haemolyticum,1,1,1,1,True,True,True,True,1.0
1343e87d3913871b8120eddf9b9aedc6,species,2,2,2812850.3|1946755.3,2812850.3|1946755.3,2812850.3,Leucobacter soli,2812850.3,Leucobacter soli,1,2,2,1|3,True,True,True,True,1.0
8a86fb52c58e6597a806872e474d6ac1,genus,1,1,1672391.679,1672391.679,1672391.679,uncultured Chloroflexia bacterium,1672391.679,uncultured Chloroflexia bacterium,1,1,1,1,True,True,True,True,1.0
6a639263c07c310881a6085392276536,below,0,0,,,,,,,,0,0,,,,,,
73fc872cf74b23112d674efd5f773616,species,1,1,1879010.10805,1879010.10805,1879010.10805,Bacillota bacterium,1879010.10805,Bacillota bacterium,1,1,1,1,True,True,True,True,1.0
2b03838ca7687263d84571109aa7de49,genus,1,1,2024896.394,2024896.394,2024896.394,Anaerolineaceae bacterium,2024896.394,Anaerolineaceae bacterium,1,1,1,1,True,True,True,True,1.0
e71d7fce3b720ea2b97354f4a94a19a7,species,1,1,1898204.323,1898204.323,1898204.323,Clostridiaceae bacterium,1898204.323,Clostridiaceae bacterium,1,1,1,1,True,True,True,True,1.0
4c4c77a6783079489f146bf3f51d11e6,species,2,2,2202144.145|2748031.578,2202144.145|2748031.578,2202144.145,Spirochaetota bacterium,2202144.145,Spirochaetota bacterium,1,2,2,1|3,True,True,True,True,1.0
f7e31d1689b9fa6e5639ba7fb856967a,genus,1,1,3077420.517,3077420.517,3077420.517,Acutalibacteraceae bacterium,3077420.517,Acutalibacteraceae bacterium,1,1,1,1,True,True,True,True,1.0
67d673cfb165578d52df1cfbd958a5c9,genus,1,1,413497.13,413497.13,413497.13,Cronobacter dublinensis,413497.13,Cronobacter dublinensis,1,1,1,1,True,True,True,True,1.0
fa7645eda32b4e6cfa5a7641e34be6b8,species,2,2,2026792.200|1937017.56,2026792.200|1937017.56,2026792.200,Spirochaetales bacterium,2026792.200,Spirochaetales bacterium,5,2,2,5|6,True,True,True,True,1.0
630dbfa8fbc034c9f8692f9d429ea57e,species,1,1,66852.198,66852.198,66852.198,Methanobrevibacter sp.,66852.198,Methanobrevibacter sp.,1,1,1,1,True,True,True,True,1.0
a565d5baee9e444ca1446d3cfb0a6ce5,genus,2,2,3085305.3|3085304.3,3085305.3|3085304.3,3085305.3,Oscillospiraceae bacterium CM18GR_63,3085305.3,Oscillospiraceae bacterium CM18GR_63,1,2,2,1|2,True,True,True,True,1.0
1d808a941e29c1b4f33534431001dd27,species,1,1,3412034.3,3412034.3,3412034.3,Methanobacterium sp. MBAC-LM,3412034.3,Methanobacterium sp. MBAC-LM,1,1,1,1,True,True,True,True,1.0
baeffa790bb6f528c4085a869a0d213e,species,2,2,28450.4538|60550.81,28450.4538|60550.81,28450.4538,Burkholderia pseudomallei,28450.4538,Burkholderia pseudomallei,1,2,2,1|2,True,True,True,True,1.0
c2ce31d453f856c02c1925a535ca7d46,species,1,1,3412034.3,3412034.3,3412034.3,Methanobacterium sp. MBAC-LM,3412034.3,Methanobacterium sp. MBAC-LM,1,1,1,1,True,True,True,True,1.0
829161d9eeb2bc71c936ceac625d9240,species,1,1,39441.6,39441.6,39441.6,Methanobrevibacter arboriphilus,39441.6,Methanobrevibacter arboriphilus,1,1,1,1,True,True,True,True,1.0
2a19b898afc817194e7a4996c2501bd5,species,1,1,493461.3,493461.3,493461.3,Methanobacterium movens,493461.3,Methanobacterium movens,1,1,1,1,True,True,True,True,1.0
c3f093ce4164155c9b0f097a9ae7de70,genus,3,3,1883427.505|1685.929|3039803.98,1883427.505|1685.929|3039803.98,1883427.505,Actinomycetes bacterium,1883427.505,Actinomycetes bacterium,1,3,3,1|2|7,True,True,True,True,1.0
cf80116cb789ecdda4cb662ab3fd1b4c,species,2,2,1855728.3|207745.9,1855728.3|207745.9,1855728.3,Variovorax sp. KK3,1855728.3,Variovorax sp. KK3,1,2,2,1|2,True,True,True,True,1.0
848451a3853d056f1b0b123b39ebf894,species,1,1,735512.15,735512.15,735512.15,uncultured Reyranella sp.,735512.15,uncultured Reyranella sp.,1,1,1,1,True,True,True,True,1.0
cddb01a0b240945aa6ebe58ae541cea2,genus,1,1,3082386.11,3082386.11,3082386.11,Candidatus Wallacebacter cryptica,3082386.11,Candidatus Wallacebacter cryptica,1,1,1,1,True,True,True,True,1.0
7578a180cda060d7cd1d0948563f9f6d,species,2,2,1367435.3|2991054.4,1367435.3|2991054.4,1367435.3,Alcaligenes sp. DN25,1367435.3,Alcaligenes sp. DN25,1,2,2,1|11,True,True,True,True,1.0
601f7b0d656ccfc24d722739825aef76,genus,1,1,3030912.180,3030912.180,3030912.180,Anaerovoracaceae bacterium,3030912.180,Anaerovoracaceae bacterium,2,1,1,2,True,True,True,True,1.0
fcd8078329db20068bbeac27ee0d9f62,species,2,2,2030808.361|2026724.2411,2030808.361|2026724.2411,2030808.361,Candidatus Cloacimonadota bacterium,2030808.361,Candidatus Cloacimonadota bacterium,1,2,2,1|2,True,True,True,True,1.0
c9a17300b01aca353abdbbc6283a4af0,species,2,2,3119825.4|1871052.43,3119825.4|1871052.43,3119825.4,Nitrobacteraceae bacterium AZCC 1564,3119825.4,Nitrobacteraceae bacterium AZCC 1564,1,2,2,1|2,True,True,True,True,1.0
7b1ad2f99dd41971e10e79aaeb45e994,species,1,1,3412034.3,3412034.3,3412034.3,Methanobacterium sp. MBAC-LM,3412034.3,Methanobacterium sp. MBAC-LM,1,1,1,1,True,True,True,True,1.0
84bee12f9a868308b8d822a4791ff8b1,genus,2,2,2026734.314|427926.8,2026734.314|427926.8,2026734.314,Dehalococcoidia bacterium,2026734.314,Dehalococcoidia bacterium,1,2,2,1|2,True,True,True,True,1.0
19f57e5afe22be9a7efe64bedb272f7d,genus,4,4,1532552.17|2755588.6|472963.14|2681972.3,1532552.17|2755588.6|472963.14|2681972.3,1532552.17,Anaerobacillus isosaccharinicus,1532552.17,Anaerobacillus isosaccharinicus,2,4,4,2|4|14|1,True,True,True,True,1.0
52b9510cbb34f48661b26bc88b568e98,species,2,2,2282155.12|2026735.2530,2282155.12|2026735.2530,2282155.12,Syntrophobacterales bacterium,2282155.12,Syntrophobacterales bacterium,1,2,2,1|2,True,True,True,True,1.0
dcc60ede2cc11c8503b4f31fab9233b8,genus,1,1,497637.3,497637.3,497637.3,uncultured Proteiniphilum sp.,497637.3,uncultured Proteiniphilum sp.,1,1,1,1,True,True,True,True,1.0
ad552f09200febf499158c052101079b,species,1,1,2478918.9,2478918.9,2478918.9,Longilinea sp.,2478918.9,Longilinea sp.,1,1,1,1,True,True,True,True,1.0
36822e5c96ad047bd5a4d78c9ebfe7f6,genus,1,1,2013842.3,2013842.3,2013842.3,Synergistetes bacterium HGW-Synergistetes-1,2013842.3,Synergistetes bacterium HGW-Synergistetes-1,2,1,1,2,True,True,True,True,1.0
e763da20f3043ecff1e6087da0de0512,genus,2,2,1898207.4658|2721153.3,1898207.4658|2721153.3,1898207.4658,Clostridiales bacterium,1898207.4658,Clostridiales bacterium,1,2,2,1|2,True,True,True,True,1.0
443d26a763fcf25a1b45a2fc51d1d322,species,1,1,1714359.5,1714359.5,1714359.5,Luteimonas padinae,1714359.5,Luteimonas padinae,1,1,1,1,True,True,True,True,1.0
1b2f4342857d36d36a40ca1bdeb10c3c,genus,2,2,138118.7|1872668.87,138118.7|1872668.87,138118.7,Quatrionicoccus australiensis,138118.7,Quatrionicoccus australiensis,1,2,2,1|5,True,True,True,True,1.0
e216c691c78eba226bba71e64872263a,genus,0,0,,,,,,,,0,0,,,,,,
c9b1d29de9ba6aaa6bd23b386b8c8331,species,1,1,3412034.3,3412034.3,3412034.3,Methanobacterium sp. MBAC-LM,3412034.3,Methanobacterium sp. MBAC-LM,1,1,1,1,True,True,True,True,1.0
c3331ee422228f2ad21a90ec87e18d35,species,1,1,1879010.7447,1879010.7447,1879010.7447,Bacillota bacterium,1879010.7447,Bacillota bacterium,1,1,1,1,True,True,True,True,1.0
a0cda4ca07d855686d23956f06d0d76e,species,1,1,2784387.3,2784387.3,2784387.3,Diaphorobacter caeni,2784387.3,Diaphorobacter caeni,2,1,1,2,True,True,True,True,1.0
fdb931f5c3f0b1f62bb2d613cb86001e,species,1,1,2017390.67,2017390.67,2017390.67,Flexilinea sp.,2017390.67,Flexilinea sp.,1,1,1,1,True,True,True,True,1.0
feb42a0dac8ff0d17d64cdea8f2fcf1e,species,1,1,2482790.55,2482790.55,2482790.55,Thermomicrobiales bacterium,2482790.55,Thermomicrobiales bacterium,1,1,1,1,True,True,True,True,1.0
915047629ceb2cfb1fb1d4ff467c9002,species,1,1,39060.15,39060.15,39060.15,Desulfoscipio geothermicus,39060.15,Desulfoscipio geothermicus,1,1,1,1,True,True,True,True,1.0
0ce72cb3f2222077b10a09aeab862462,species,2,2,374606.11|2979870.4,374606.11|2979870.4,374606.11,Aminobacter sp. MSH1,374606.11,Aminobacter sp. MSH1,1,2,2,1|2,True,True,True,True,1.0
2efff3ec5ec80431bec254de17da2fcd,species,1,1,2952881.10,2952881.10,2952881.10,Aggregatilineaceae bacterium,2952881.10,Aggregatilineaceae bacterium,1,1,1,1,True,True,True,True,1.0
5b3ae10206715c2976a983cb2eef902e,species,1,1,2024896.413,2024896.413,2024896.413,Anaerolineaceae bacterium,2024896.413,Anaerolineaceae bacterium,1,1,1,1,True,True,True,True,1.0
ac70da28b0eb596f2cb37af26b06d10b,genus,1,1,91750.3615,91750.3615,91750.3615,uncultured Alphaproteobacteria bacterium,91750.3615,uncultured Alphaproteobacteria bacterium,1,1,1,1,True,True,True,True,1.0
dbda74fb9d5fd3c12eaab78face02172,species,2,2,475957.3|3046205.3,475957.3|3046205.3,475957.3,Glaciibacter kafniensis,475957.3,Glaciibacter kafniensis,1,2,2,1|2,True,True,True,True,1.0
3768ce8adbe0d6b2fccade3b7750c7d6,genus,1,1,1576369.4,1576369.4,1576369.4,Planctomicrobium piriforme,1576369.4,Planctomicrobium piriforme,1,1,1,1,True,True,True,True,1.0
59a5570b657c148caf79a4d0bf8b4d0c,species,2,2,1871053.374|2665495.3,1871053.374|2665495.3,1871053.374,Phenylobacterium sp.,1871053.374,Phenylobacterium sp.,1,2,2,1|2,True,True,True,True,1.0
343639260e5a553a449c040a58953f9a,species,1,1,2497619.239,2497619.239,2497619.239,Ilumatobacteraceae bacterium,2497619.239,Ilumatobacteraceae bacterium,1,1,1,1,True,True,True,True,1.0
325b6281ee8480e4b22c882b8bc7041c,species,1,1,1460447.11,1460447.11,1460447.11,Terrisporobacter petrolearius,1460447.11,Terrisporobacter petrolearius,1,1,1,1,True,True,True,True,1.0
f8ba6a00faad1caa37ba09c412d78536,genus,1,1,258475.3,258475.3,258475.3,Pelotomaculum propionicicum,258475.3,Pelotomaculum propionicicum,1,1,1,1,True,True,True,True,1.0
7550f4d57ad58d7e6f3d407adb707fa3,species,1,1,1879010.11208,1879010.11208,1879010.11208,Bacillota bacterium,1879010.11208,Bacillota bacterium,1,1,1,1,True,True,True,True,1.0
21303e01cd67416ee96438f8033c47ec,species,1,1,2053589.824,2053589.824,2053589.824,Minisyncoccota bacterium,2053589.824,Minisyncoccota bacterium,1,1,1,1,True,True,True,True,1.0
768b30237305b76406c8c5c6a9fba498,genus,1,1,2024896.427,2024896.427,2024896.427,Anaerolineaceae bacterium,2024896.427,Anaerolineaceae bacterium,1,1,1,1,True,True,True,True,1.0
68685530ccb6cde5b49f2a277fda2b94,species,1,1,2841655.3,2841655.3,2841655.3,Methanobacterium sp. YSL,2841655.3,Methanobacterium sp. YSL,1,1,1,1,True,True,True,True,1.0
5826f38e9afadfa40023cdc15629fe20,species,1,1,3412034.3,3412034.3,3412034.3,Methanobacterium sp. MBAC-LM,3412034.3,Methanobacterium sp. MBAC-LM,1,1,1,1,True,True,True,True,1.0
ffb7f32b76b8aea19e3d810eef8cb779,genus,1,1,1879010.10751,1879010.10751,1879010.10751,Bacillota bacterium,1879010.10751,Bacillota bacterium,1,1,1,1,True,True,True,True,1.0
00cb63b6f629510ea7cf65e0530b4027,species,1,1,2952890.60,2952890.60,2952890.60,Atribacterota bacterium,2952890.60,Atribacterota bacterium,1,1,1,1,True,True,True,True,1.0
94f099e252b40a7a42a638b2c028b7db,species,1,1,157792.3,157792.3,157792.3,Halopseudomonas xiamenensis,157792.3,Halopseudomonas xiamenensis,1,1,1,1,True,True,True,True,1.0
46bd23bd0fd9dba10f345fa125cfcb81,below,0,0,,,,,,,,0,0,,,,,,
be49979e50fd98568304bc66173f624b,species,1,1,152507.1887,152507.1887,152507.1887,uncultured Actinomycetes bacterium,152507.1887,uncultured Actinomycetes bacterium,1,1,1,1,True,True,True,True,1.0
1dd4ae4f0ee4d2ccf2cf15e82ce65b7b,species,2,2,3140366.3|2951085.3,3140366.3|2951085.3,3140366.3,Mesorhizobium sp. CAU 1741,3140366.3,Mesorhizobium sp. CAU 1741,1,2,2,1|2,True,True,True,True,1.0
ade13a0239469e844de6acb3f220d4b2,genus,2,2,2024896.394|310067.12,2024896.394|310067.12,2024896.394,Anaerolineaceae bacterium,2024896.394,Anaerolineaceae bacterium,1,2,2,1|3,True,True,True,True,1.0
b11163a4c83a6ea84645bfb8a390cc5c,species,1,1,2172549.5,2172549.5,2172549.5,Candidatus Brocadia sp.,2172549.5,Candidatus Brocadia sp.,1,1,1,1,True,True,True,True,1.0
2ec1f8eb34a2ea797a6cbbdfb17fbfd2,species,1,1,3412034.3,3412034.3,3412034.3,Methanobacterium sp. MBAC-LM,3412034.3,Methanobacterium sp. MBAC-LM,1,1,1,1,True,True,True,True,1.0
ea8b36aa3ca7fa26f798e2c40a19c43e,species,1,1,3412034.3,3412034.3,3412034.3,Methanobacterium sp. MBAC-LM,3412034.3,Methanobacterium sp. MBAC-LM,1,1,1,1,True,True,True,True,1.0
d0c4b664b4d2be62c80268e30a098b50,species,2,2,1236046.7|2268202.19,1236046.7|2268202.19,1236046.7,Mesotoga infera,1236046.7,Mesotoga infera,1,2,2,1|6,True,True,True,True,1.0
584732b1ae36c8fd9cd78a3b94bfb4ba,species,2,2,3083246.141|46506.2692,3083246.141|46506.2692,3083246.141,Christensenellales bacterium,3083246.141,Christensenellales bacterium,1,2,2,1|2,True,True,True,True,1.0
1b350d18d59a97b3af2257944c908b17,species,1,1,1904254.183,1904254.183,1904254.183,Hydrogenophaga sp.,1904254.183,Hydrogenophaga sp.,1,1,1,1,True,True,True,True,1.0
c797aedcc1b7855b7af687d34a0998d7,genus,1,1,1879010.11554,1879010.11554,1879010.11554,Bacillota bacterium,1879010.11554,Bacillota bacterium,1,1,1,1,True,True,True,True,1.0
e1ad71679dace6d1d502a91df086f04b,species,2,2,1871053.332|2663810.3,1871053.332|2663810.3,1871053.332,Phenylobacterium sp.,1871053.332,Phenylobacterium sp.,3,2,2,3|4,True,True,True,True,1.0
90c4f2d984977adea41de3f42bd18ea1,species,1,1,1879010.10766,1879010.10766,1879010.10766,Bacillota bacterium,1879010.10766,Bacillota bacterium,1,1,1,1,True,True,True,True,1.0
f57128992ee22ab49d1a992eb1594104,family,1,1,86473.1747,86473.1747,86473.1747,uncultured Gammaproteobacteria bacterium,86473.1747,uncultured Gammaproteobacteria bacterium,1,1,1,1,True,True,True,True,1.0
7c6227f972ed1626eab4256030f39631,genus,1,1,1671647.4,1671647.4,1671647.4,Clostridiales bacterium DTU012,1671647.4,Clostridiales bacterium DTU012,1,1,1,1,True,True,True,True,1.0
fc05fae4c5692849b84f3411043e8344,genus,1,1,1672391.615,1672391.615,1672391.615,uncultured Chloroflexia bacterium,1672391.615,uncultured Chloroflexia bacterium,1,1,1,1,True,True,True,True,1.0
1124da2808084f121dfa80f2ff96ad56,genus,3,3,42353.225|153947.3|915.3,42353.225|153947.3|915.3,42353.225,Nitrosomonas sp.,42353.225,Nitrosomonas sp.,1,3,3,1|2|4,True,True,True,True,1.0
92cb26786c713a9a22e36dc8c8913a44,genus,1,1,39060.15,39060.15,39060.15,Desulfoscipio geothermicus,39060.15,Desulfoscipio geothermicus,1,1,1,1,True,True,True,True,1.0
90fa6c0bf60713bfb45126d0e322b04b,species,2,2,1289170.3|2932247.5,1289170.3|2932247.5,1289170.3,Leucobacter ruminantium,1289170.3,Leucobacter ruminantium,1,2,2,1|2,True,True,True,True,1.0
9cbf0954f06d3ad4ffa822ec80a7f4af,species,1,1,86473.2199,86473.2199,86473.2199,uncultured Gammaproteobacteria bacterium,86473.2199,uncultured Gammaproteobacteria bacterium,1,1,1,1,True,True,True,True,1.0
2579ccdb853bf0bbcbc589ee0badfa6b,species,2,2,2250594.4|3377377.3,2250594.4|3377377.3,2250594.4,Shinella pollutisoli,2250594.4,Shinella pollutisoli,1,2,2,1|2,True,True,True,True,1.0
d45aaeec9a07ee5bc7a02cbca9a84ee7,family,1,1,2831996.270,2831996.270,2831996.270,Eubacteriales bacterium,2831996.270,Eubacteriales bacterium,1,1,1,1,True,True,True,True,1.0
cf506e6252da1013261a93132ed38efe,genus,1,1,3109366.5,3109366.5,3109366.5,Sedimentibacter sp. MB31-C6,3109366.5,Sedimentibacter sp. MB31-C6,1,1,1,1,True,True,True,True,1.0
3ece3ba63c0d48e9af0bd3e473afb6cc,species,1,1,3412034.3,3412034.3,3412034.3,Methanobacterium sp. MBAC-LM,3412034.3,Methanobacterium sp. MBAC-LM,1,1,1,1,True,True,True,True,1.0
f1baa928afe50a32873c14a5a0e63f2d,genus,1,1,3082386.11,3082386.11,3082386.11,Candidatus Wallacebacter cryptica,3082386.11,Candidatus Wallacebacter cryptica,1,1,1,1,True,True,True,True,1.0
2990b08e6fdd30ce626c1f5d8d026587,species,2,2,492670.2086|1423.3866,492670.2086|1423.3866,492670.2086,Bacillus velezensis,492670.2086,Bacillus velezensis,1,2,2,1|3,True,True,True,True,1.0
58170f812d875827788d594fb6ddd4ce,species,1,1,1898104.1532,1898104.1532,1898104.1532,Bacteroidota bacterium,1898104.1532,Bacteroidota bacterium,1,1,1,1,True,True,True,True,1.0
04a65a3c8425eeeaa26b5be5e1f73ea6,species,2,2,340320.3|2796471.3,340320.3|2796471.3,340320.3,Leucobacter luti,340320.3,Leucobacter luti,1,2,2,1|2,True,True,True,True,1.0
2b9113180a7e1a8f4e25512f0191ff42,genus,1,1,1977087.4352,1977087.4352,1977087.4352,Pseudomonadota bacterium,1977087.4352,Pseudomonadota bacterium,1,1,1,1,True,True,True,True,1.0
421c4fde5e0b6d90aba4333ba1328d82,species,2,2,2962573.4|3039803.1016,2962573.4|3039803.1016,2962573.4,Nocardioides sp. AE5,2962573.4,Nocardioides sp. AE5,1,2,2,1|2,True,True,True,True,1.0
9b81b6e45f605a8664136716c1f36aa2,genus,1,1,2831996.483,2831996.483,2831996.483,Eubacteriales bacterium,2831996.483,Eubacteriales bacterium,1,1,1,1,True,True,True,True,1.0
b2f2f46a7ac98e69a9c672e3c11d4dc6,species,1,1,3121680.3,3121680.3,3121680.3,Anaerotignaceae bacterium,3121680.3,Anaerotignaceae bacterium,1,1,1,1,True,True,True,True,1.0
6281e84f5577a96d655059cf0de0540a,species,2,2,689904.5|3070999.5,689904.5|3070999.5,689904.5,Tissierella carlieri,689904.5,Tissierella carlieri,2,2,2,2|7,True,True,True,True,1.0
00adc7daa4b95b95372776a244ef7a2c,species,0,0,,,,,,,,0,0,,,,,,
1c4b816fb8f22fadba37d3f297f19730,species,1,1,1879010.10582,1879010.10582,1879010.10582,Bacillota bacterium,1879010.10582,Bacillota bacterium,1,1,1,1,True,True,True,True,1.0
4c3cb2bcc311be93500886bc584d4d2a,genus,1,1,1265.8,1265.8,1265.8,Ruminococcus flavefaciens,1265.8,Ruminococcus flavefaciens,2,1,1,2,True,True,True,True,1.0
10b3c2a776e4f9f16a4c80c2d43c9def,genus,1,1,1898651.5,1898651.5,1898651.5,Desulfocucumis palustris,1898651.5,Desulfocucumis palustris,2,1,1,2,True,True,True,True,1.0
e16f67ce9c9a6f842af7e459ca1d6239,genus,1,1,84032.5,84032.5,84032.5,Clostridium thermosuccinogenes,84032.5,Clostridium thermosuccinogenes,1,1,1,1,True,True,True,True,1.0
70414021f4b21e27cabdfe1be1ae296b,species,1,1,39441.6,39441.6,39441.6,Methanobrevibacter arboriphilus,39441.6,Methanobrevibacter arboriphilus,1,1,1,1,True,True,True,True,1.0
cabc3f75a6051be90646efa273cd5ad3,species,1,1,3412034.3,3412034.3,3412034.3,Methanobacterium sp. MBAC-LM,3412034.3,Methanobacterium sp. MBAC-LM,1,1,1,1,True,True,True,True,1.0
d0eac523b3ddde02c23078445c33dc3e,species,1,1,39441.6,39441.6,39441.6,Methanobrevibacter arboriphilus,39441.6,Methanobrevibacter arboriphilus,1,1,1,1,True,True,True,True,1.0
47c6142121fd5fbdd963a7a6fccb2c5e,species,1,1,120963.3,120963.3,120963.3,Methanobrevibacter acididurans,120963.3,Methanobrevibacter acididurans,1,1,1,1,True,True,True,True,1.0
455800da158eb1acad1d1e9657b345d2,family,1,1,244328.1742,244328.1742,244328.1742,uncultured Clostridia bacterium,244328.1742,uncultured Clostridia bacterium,1,1,1,1,True,True,True,True,1.0
4651f1e124ac9d94cff06304c700b593,family,2,2,398512.9|1871015.3,398512.9|1871015.3,398512.9,Pseudobacteroides cellulosolvens,398512.9,Pseudobacteroides cellulosolvens,1,2,2,1|4,True,True,True,True,1.0
a9aac800e685600e21278a2012556aa7,genus,1,1,2600305.22,2600305.22,2600305.22,Baekduia sp.,2600305.22,Baekduia sp.,1,1,1,1,True,True,True,True,1.0
f4993ea775e4b217485c9be1b55db40c,species,1,1,3030912.239,3030912.239,3030912.239,Anaerovoracaceae bacterium,3030912.239,Anaerovoracaceae bacterium,1,1,1,1,True,True,True,True,1.0
c4a4b8a9db0c109cc7146c7c64f10b79,family,1,1,2731377.3,2731377.3,2731377.3,Alkalicella caledoniensis,2731377.3,Alkalicella caledoniensis,1,1,1,1,True,True,True,True,1.0
71f6d6badec9a36484ea0f6bea464bc2,species,2,2,2183983.3|1947369.3,2183983.3|1947369.3,2183983.3,Pusillimonas sp. EA3,2183983.3,Pusillimonas sp. EA3,1,2,2,1|3,True,True,True,True,1.0
d68eb4b5245740e3dfbd0fb1133ed220,species,1,1,3083246.38,3083246.38,3083246.38,Christensenellales bacterium,3083246.38,Christensenellales bacterium,1,1,1,1,True,True,True,True,1.0
77e27d0665f7fb72b2b325641b3b95ea,genus,1,1,2721137.3,2721137.3,2721137.3,Candidatus Neochristensenella gallicola,2721137.3,Candidatus Neochristensenella gallicola,2,1,1,2,True,True,True,True,1.0
8967a8d6fe2dd175ae34bdac837af10a,genus,1,1,1672391.232,1672391.232,1672391.232,uncultured Chloroflexia bacterium,1672391.232,uncultured Chloroflexia bacterium,1,1,1,1,True,True,True,True,1.0
e9ad9694aa9baa8ef6805db44808b3ce,genus,1,1,77133.6408,77133.6408,77133.6408,uncultured bacterium,77133.6408,uncultured bacterium,1,1,1,1,True,True,True,True,1.0
5d2bad7a7fe74a8b6a564a94eb9f0050,family,2,2,2138101.3|1525.23,2138101.3|1525.23,2138101.3,Moorella sp. Hama-1,2138101.3,Moorella sp. Hama-1,10,2,2,10|1,True,True,True,True,1.0
6c5285812f71ed019e28402a38c1158a,family,1,1,3083246.38,3083246.38,3083246.38,Christensenellales bacterium,3083246.38,Christensenellales bacterium,1,1,1,1,True,True,True,True,1.0
5b1e1cf5993a1b5ab7467ae5ebe4d8a4,species,1,1,2033014.354,2033014.354,2033014.354,Armatimonadota bacterium,2033014.354,Armatimonadota bacterium,1,1,1,1,True,True,True,True,1.0
a5603389a441a68a8797aa8a3cf61af9,species,1,1,1460447.11,1460447.11,1460447.11,Terrisporobacter petrolearius,1460447.11,Terrisporobacter petrolearius,1,1,1,1,True,True,True,True,1.0
f961fc7bc93cdc2692d05871d6ef0296,family,1,1,1852363.3,1852363.3,1852363.3,Beduinella massiliensis,1852363.3,Beduinella massiliensis,4,1,1,4,True,True,True,True,1.0
96398d60ccf2d88da5d9684892c6a610,species,2,2,1898104.3558|1852798.3,1898104.3558|1852798.3,1898104.3558,Bacteroidota bacterium,1898104.3558,Bacteroidota bacterium,1,2,2,1|2,True,True,True,True,1.0
de26ab3cbf51cd977d97820b4d14f742,species,1,1,2049044.566,2049044.566,2049044.566,Erysipelotrichaceae bacterium,2049044.566,Erysipelotrichaceae bacterium,1,1,1,1,True,True,True,True,1.0
e33914420d19e3dcbaf511090df6d385,genus,5,5,1869227.4076|2053615.69|2030808.223|1918497.3|2268201.13,1869227.4076|2053615.69|2030808.223|1918497.3|2268201.13,1869227.4076,bacterium,1869227.4076,bacterium,3,5,5,3|4|5|6|8,True,True,True,True,1.0
451f992938efa5e0c6523168817f30f8,species,1,1,3412034.3,3412034.3,3412034.3,Methanobacterium sp. MBAC-LM,3412034.3,Methanobacterium sp. MBAC-LM,1,1,1,1,True,True,True,True,1.0
d92977f111486ad3a5d826adaf17b5ad,species,1,1,2841655.3,2841655.3,2841655.3,Methanobacterium sp. YSL,2841655.3,Methanobacterium sp. YSL,1,1,1,1,True,True,True,True,1.0
16d5a0178f3d79e81808ab413ec47dc9,species,2,2,2024896.349|2818507.174,2024896.349|2818507.174,2024896.349,Anaerolineaceae bacterium,2024896.349,Anaerolineaceae bacterium,1,2,2,1|2,True,True,True,True,1.0
70587a5848f80e8639f9bb824c9236fa,species,2,2,2026770.264|2593020.3,2026770.264|2593020.3,2026770.264,Nitrospiraceae bacterium,2026770.264,Nitrospiraceae bacterium,1,2,2,1|2,True,True,True,True,1.0
532ff193b68d71a9e2229dd125e1eeb1,species,2,2,176230.5|3439062.3,176230.5|3439062.3,176230.5,uncultured Methanosarcinaceae archaeon,176230.5,uncultured Methanosarcinaceae archaeon,1,2,2,1|2,True,True,True,True,1.0
85856de71cc20a58c1522fd9ba454442,species,1,1,261516.10,261516.10,261516.10,uncultured Sphingobacteriaceae bacterium,261516.10,uncultured Sphingobacteriaceae bacterium,1,1,1,1,True,True,True,True,1.0
99d585f7c8f524fa04880f847f0a31da,species,2,2,1926873.121|2303539.5,1926873.121|2303539.5,1926873.121,Lysobacteraceae bacterium,1926873.121,Lysobacteraceae bacterium,1,2,2,1|2,True,True,True,True,1.0
7935c8ea2b1b44460993759d6d1cd5da,species,1,1,2268202.68,2268202.68,2268202.68,Synergistota bacterium,2268202.68,Synergistota bacterium,1,1,1,1,True,True,True,True,1.0
92cb433f34320956950648a61a61e395,species,1,1,427926.8,427926.8,427926.8,Dethiobacter alkaliphilus,427926.8,Dethiobacter alkaliphilus,1,1,1,1,True,True,True,True,1.0
af652e408f0db93cc4846d6901a6ce37,genus,1,1,2052139.1280,2052139.1280,2052139.1280,Patescibacteria group bacterium,2052139.1280,Patescibacteria group bacterium,1,1,1,1,True,True,True,True,1.0
f8d30c1e3d25ad222894f3a1a7a3eb2a,genus,1,1,2033014.110,2033014.110,2033014.110,Armatimonadota bacterium,2033014.110,Armatimonadota bacterium,1,1,1,1,True,True,True,True,1.0
c995fd3a6bbed38454cd050bc331deaa,species,1,1,3045146.4,3045146.4,3045146.4,Petroclostridium sp. X23,3045146.4,Petroclostridium sp. X23,1,1,1,1,True,True,True,True,1.0
4563e1bc4155a08102e2a8f74d500106,genus,1,1,1811518.3,1811518.3,1811518.3,Aquamicrobium soli,1811518.3,Aquamicrobium soli,1,1,1,1,True,True,True,True,1.0
32d2ffd5aac26382d511eb7ab897fc06,genus,1,1,2026888.228,2026888.228,2026888.228,Thermoleophilia bacterium,2026888.228,Thermoleophilia bacterium,1,1,1,1,True,True,True,True,1.0
b1f59336f531943ed373eb155f8380ea,genus,1,1,665118.3,665118.3,665118.3,Devosia enhydra,665118.3,Devosia enhydra,1,1,1,1,True,True,True,True,1.0
ecc87bcfc432d272b961cd36e4246127,genus,4,4,45060.3|453.10|1034944.5|86473.1733,45060.3|453.10|1034944.5|86473.1733,45060.3,Legionella donaldsonii,45060.3,Legionella donaldsonii,1,4,4,1|2|5|6,True,True,True,True,1.0
73bb9b389101bfbeafe2f0663fd53b50,genus,2,2,267128.12|462372.3,267128.12|462372.3,267128.12,Sphingopyxis granuli,267128.12,Sphingopyxis granuli,1,2,2,1|2,True,True,True,True,1.0
9e4993b7e2e6e5d4b584c46aaac0bde5,species,2,2,2033014.112|1978231.1755,2033014.112|1978231.1755,2033014.112,Armatimonadota bacterium,2033014.112,Armatimonadota bacterium,1,2,2,1|2,True,True,True,True,1.0
638fc32ab42e9e47ae41e2aad6572cc9,genus,3,3,400770.3|2917991.6|1871048.68,400770.3|2917991.6|1871048.68,400770.3,Devosia ginsengisoli,400770.3,Devosia ginsengisoli,1,3,3,1|2|4,True,True,True,True,1.0
71759382cfc2547ea9f6f84a1c2bff86,genus,1,1,2044939.3898,2044939.3898,2044939.3898,Clostridia bacterium,2044939.3898,Clostridia bacterium,1,1,1,1,True,True,True,True,1.0
fe5a45686af6b4b7eaff28a4dcaef15b,genus,1,1,2030927.5536,2030927.5536,2030927.5536,Bacteroidales bacterium,2030927.5536,Bacteroidales bacterium,1,1,1,1,True,True,True,True,1.0
f9542fc2a825a5c41094173a4a95041a,genus,1,1,3041276.15,3041276.15,3041276.15,Thermovirgaceae bacterium,3041276.15,Thermovirgaceae bacterium,2,1,1,2,True,True,True,True,1.0
1f9a774f305c7b4db08dfe4db385aa4a,genus,1,1,1869227.3092,1869227.3092,1869227.3092,bacterium,1869227.3092,bacterium,1,1,1,1,True,True,True,True,1.0
138ba6e05643a696295fc4a8ee67406c,species,2,2,3070999.5|1123404.4,3070999.5|1123404.4,3070999.5,Tissierella sp. MB52-C2,3070999.5,Tissierella sp. MB52-C2,1,2,2,1|2,True,True,True,True,1.0
10378c24fd183ece5224eb4bb5980766,genus,1,1,86473.1733,86473.1733,86473.1733,uncultured Gammaproteobacteria bacterium,86473.1733,uncultured Gammaproteobacteria bacterium,1,1,1,1,True,True,True,True,1.0
8a5b1b1f58eaa67ae9c35c6521b3eb71,species,2,2,3014280.8|2593015.19,3014280.8|2593015.19,3014280.8,Candidatus Hydrothermia bacterium,3014280.8,Candidatus Hydrothermia bacterium,1,2,2,1|2,True,True,True,True,1.0
499282a32d639ab44b7dc14af1e71965,species,2,2,53463.8|2760307.4,53463.8|2760307.4,53463.8,Paracoccus solventivorans,53463.8,Paracoccus solventivorans,1,2,2,1|3,True,True,True,True,1.0
6007fe9f1b2db53b8b47650fa99e3f10,genus,1,1,2772560.4,2772560.4,2772560.4,Gracilibacter sp.,2772560.4,Gracilibacter sp.,1,1,1,1,True,True,True,True,1.0
11ec9f654a9c1c5dc45e40f82e7cb970,family,1,1,3082383.27,3082383.27,3082383.27,Candidatus Darwinibacter acetoxidans,3082383.27,Candidatus Darwinibacter acetoxidans,1,1,1,1,True,True,True,True,1.0
8658443ac48e043652445ada8a1b38e9,species,1,1,2033014.425,2033014.425,2033014.425,Armatimonadota bacterium,2033014.425,Armatimonadota bacterium,1,1,1,1,True,True,True,True,1.0
450e10636606887dd168542a6fc0df36,species,1,1,2015799.213,2015799.213,2015799.213,Hyphomicrobiaceae bacterium,2015799.213,Hyphomicrobiaceae bacterium,1,1,1,1,True,True,True,True,1.0
b9779a83e705307c6596e4741240726c,species,2,2,1396.3703|2026186.362,1396.3703|2026186.362,1396.3703,Bacillus cereus,1396.3703,Bacillus cereus,1,2,2,1|2,True,True,True,True,1.0
adae8a46239a2d87cf6b3187212b0c5d,species,2,2,2663828.3|1913961.67,2663828.3|1913961.67,2663828.3,Mesorhizobium sp. OAS926,2663828.3,Mesorhizobium sp. OAS926,2,2,2,2|3,True,True,True,True,1.0
46eaee59b82f8e55b9c35947a8c22824,genus,1,1,1879010.6660,1879010.6660,1879010.6660,Bacillota bacterium,1879010.6660,Bacillota bacterium,1,1,1,1,True,True,True,True,1.0
563814b59f2c0241d0cdec1b99b7f781,genus,1,1,2054177.130,2054177.130,2054177.130,Christensenellaceae bacterium,2054177.130,Christensenellaceae bacterium,1,1,1,1,True,True,True,True,1.0
b0b69224e197ce8061ddd3ea7ceff3d9,family,1,1,86473.1591,86473.1591,86473.1591,uncultured Gammaproteobacteria bacterium,86473.1591,uncultured Gammaproteobacteria bacterium,1,1,1,1,True,True,True,True,1.0
655bd7b8d2c8ee0e717f8d77d47693b7,genus,1,1,91750.3719,91750.3719,91750.3719,uncultured Alphaproteobacteria bacterium,91750.3719,uncultured Alphaproteobacteria bacterium,1,1,1,1,True,True,True,True,1.0
38296582075fc96045a4147fb746fe4b,species,2,2,1386092.3|2866571.11,1386092.3|2866571.11,1386092.3,Cellulomonas carbonis,1386092.3,Cellulomonas carbonis,1,2,2,1|2,True,True,True,True,1.0
ddc66d3a76d91f0f401087bf108cc42c,species,1,1,1306154.7,1306154.7,1306154.7,Rummeliibacillus suwonensis,1306154.7,Rummeliibacillus suwonensis,1,1,1,1,True,True,True,True,1.0
4be7e3af901821b478005592cf83e189,species,2,2,1926278.3|1816695.4,1926278.3|1816695.4,1926278.3,Robertmurraya dakarensis,1926278.3,Robertmurraya dakarensis,1,2,2,1|3,True,True,True,True,1.0
0b4ce1bf546f25f6976d10bd9c189687,genus,1,1,2870721.5,2870721.5,2870721.5,Falsiroseomonas sp.,2870721.5,Falsiroseomonas sp.,1,1,1,1,True,True,True,True,1.0
f2c297fc0b86c201864ff9fa84ff6d5d,family,1,1,1677857.3,1677857.3,1677857.3,Acetivibrio saccincola,1677857.3,Acetivibrio saccincola,1,1,1,1,True,True,True,True,1.0
456e90bd81f384fccd85730d1b5088e5,species,1,1,3412034.3,3412034.3,3412034.3,Methanobacterium sp. MBAC-LM,3412034.3,Methanobacterium sp. MBAC-LM,1,1,1,1,True,True,True,True,1.0
e38bae89caa9e6029e2bb575ecf1465a,species,2,2,84030.22|29370.3,84030.22|29370.3,84030.22,Lacrimispora saccharolytica,84030.22,Lacrimispora saccharolytica,1,2,2,1|2,True,True,True,True,1.0
a372cf10657d0756778992bacff2d706,family,2,2,820.7372|172733.3472,820.7372|172733.3472,820.7372,Bacteroides uniformis,820.7372,Bacteroides uniformis,4,2,2,4|2,True,True,True,True,1.0
fd363796f24ad824b1a025860c3acb40,family,1,1,1898207.4661,1898207.4661,1898207.4661,Clostridiales bacterium,1898207.4661,Clostridiales bacterium,1,1,1,1,True,True,True,True,1.0
c12f7e2e3fb92f37dd8a532d2710933e,species,1,1,2053509.81,2053509.81,2053509.81,Candidatus Atribacteria bacterium,2053509.81,Candidatus Atribacteria bacterium,1,1,1,1,True,True,True,True,1.0
7741e484f93c21c4e051f33fc7b64f88,genus,1,1,1522317.4,1522317.4,1522317.4,Nigerium massiliense,1522317.4,Nigerium massiliense,1,1,1,1,True,True,True,True,1.0
2af9958fd7f71a6e23c081bc5ea32141,species,2,2,2026734.87|2026733.120,2026734.87|2026733.120,2026734.87,Dehalococcoidia bacterium,2026734.87,Dehalococcoidia bacterium,1,2,2,1|2,True,True,True,True,1.0
01606679d848223557a0c8b91904ad43,species,2,2,1761806.3|1848691.3,1761806.3|1848691.3,1761806.3,Microbacterium sp. cl12a,1761806.3,Microbacterium sp. cl12a,1,2,2,1|2,True,True,True,True,1.0
d184ddaaff75a83d4d9ce5566685f125,species,2,2,375.323|255045.58,375.323|255045.58,375.323,Bradyrhizobium japonicum,375.323,Bradyrhizobium japonicum,1,2,2,1|2,True,True,True,True,1.0
a3d67e84fce8a7747f69e619a049f2b9,family,1,1,464461.4,464461.4,464461.4,uncultured Parachlamydiaceae bacterium,464461.4,uncultured Parachlamydiaceae bacterium,1,1,1,1,True,True,True,True,1.0
4eb5a964054cfd611f6281b13f89c0d3,species,1,1,2052143.1145,2052143.1145,2052143.1145,Anaerolineae bacterium,2052143.1145,Anaerolineae bacterium,1,1,1,1,True,True,True,True,1.0
87046e29904457e4619c87f36ff133f0,genus,1,1,244582.8,244582.8,244582.8,Candidatus Paracaedibacter symbiosus,244582.8,Candidatus Paracaedibacter symbiosus,1,1,1,1,True,True,True,True,1.0
eed6f7421ac20fcc38b04e2b10d5351a,genus,1,1,1122184.3,1122184.3,1122184.3,Lutispora thermophila,1122184.3,Lutispora thermophila,1,1,1,1,True,True,True,True,1.0
a87d7bdde6fa3f21a9cfecf2831f86ad,species,1,1,45200.8,45200.8,45200.8,Methanospirillum sp.,45200.8,Methanospirillum sp.,2,1,1,2,True,True,True,True,1.0
0fd87e3cf3f118361bcb5de6a4bf2a71,species,0,0,,,,,,,,0,0,,,,,,
46156799234f2a8e18eb868be7da1d1a,genus,1,1,1962289.10,1962289.10,1962289.10,Dehalobacter sp.,1962289.10,Dehalobacter sp.,1,1,1,1,True,True,True,True,1.0
e9a0960d7d02f3ef158eaad301890820,species,1,1,3412034.3,3412034.3,3412034.3,Methanobacterium sp. MBAC-LM,3412034.3,Methanobacterium sp. MBAC-LM,1,1,1,1,True,True,True,True,1.0
acf08b911fd8cbbc0d6ddfb595496383,species,2,2,2021368.26|3073241.3,2021368.26|3073241.3,2021368.26,Alcaligenaceae bacterium,2021368.26,Alcaligenaceae bacterium,1,2,2,1|2,True,True,True,True,1.0
efbf6366dde7be4e10d52c16b61604d2,genus,2,2,1720297.3|1631957.9,1720297.3|1631957.9,1720297.3,Pelistega sp. MC2,1720297.3,Pelistega sp. MC2,1,2,2,1|3,True,True,True,True,1.0
2092628b1364caea9caa8bb32e494b85,species,1,1,2737536.5,2737536.5,2737536.5,Micropruina sp.,2737536.5,Micropruina sp.,1,1,1,1,True,True,True,True,1.0
b0c57e0ed7d0bca22ad86fa554a57a0c,species,1,1,81409.3,81409.3,81409.3,Eubacterium aggregans,81409.3,Eubacterium aggregans,1,1,1,1,True,True,True,True,1.0
58ed3302b41e8d33d7b483d7c0d975f3,species,1,1,2268202.68,2268202.68,2268202.68,Synergistota bacterium,2268202.68,Synergistota bacterium,1,1,1,1,True,True,True,True,1.0
93d4e77c702d14bae2ff583e94565370,family,1,1,2033014.354,2033014.354,2033014.354,Armatimonadota bacterium,2033014.354,Armatimonadota bacterium,1,1,1,1,True,True,True,True,1.0
efee85b044faa2ad388a0ad03caa1ab0,genus,2,2,3050072.8|1889883.3,3050072.8|1889883.3,3050072.8,Proteiniborus sp. MB09-C3,3050072.8,Proteiniborus sp. MB09-C3,1,2,2,1|7,True,True,True,True,1.0
d16302bbd739ffc628c49803b25c8f6e,species,2,2,1807.24|3090602.3,1807.24|3090602.3,1807.24,Mycolicibacterium obuense,1807.24,Mycolicibacterium obuense,1,2,2,1|3,True,True,True,True,1.0
eade9ffca2019fd37ceeefa62349cee5,species,2,2,1879010.10735|433330.4,1879010.10735|433330.4,1879010.10735,Bacillota bacterium,1879010.10735,Bacillota bacterium,1,2,2,1|3,True,True,True,True,1.0
5bd95b851799d453c141b62c55e27ef4,species,1,1,2024896.402,2024896.402,2024896.402,Anaerolineaceae bacterium,2024896.402,Anaerolineaceae bacterium,1,1,1,1,True,True,True,True,1.0
381bd0335293264d60f0d35fab6b5887,species,1,1,2052143.1154,2052143.1154,2052143.1154,Anaerolineae bacterium,2052143.1154,Anaerolineae bacterium,1,1,1,1,True,True,True,True,1.0
d62995b61a683553373d223efcb7aeaf,genus,1,1,2054177.130,2054177.130,2054177.130,Christensenellaceae bacterium,2054177.130,Christensenellaceae bacterium,1,1,1,1,True,True,True,True,1.0
a8f1172cd5341236c5e2a3ced113b0b2,species,1,1,2026739.826,2026739.826,2026739.826,Methanobacteriota archaeon,2026739.826,Methanobacteriota archaeon,1,1,1,1,True,True,True,True,1.0
566e2121e9bd3188a5c29f9c55607760,species,1,1,1852808.3,1852808.3,1852808.3,Bacteroidetes bacterium ADurb.Bin174,1852808.3,Bacteroidetes bacterium ADurb.Bin174,1,1,1,1,True,True,True,True,1.0
73e316aef3faef6abf714c6a2802f409,species,2,2,2268202.100|1946039.3,2268202.100|1946039.3,2268202.100,Synergistota bacterium,2268202.100,Synergistota bacterium,2,2,2,2|5,True,True,True,True,1.0
f67bfc33bddfbd4d03ce7ae694c2dcdc,species,1,1,477666.28,477666.28,477666.28,Bacteroides graminisolvens,477666.28,Bacteroides graminisolvens,1,1,1,1,True,True,True,True,1.0
fcfaeb95003823a7ffde76ba3c4c790b,species,2,2,1122623.5|452922.10,1122623.5|452922.10,1122623.5,Ottowia thiooxydans,1122623.5,Ottowia thiooxydans,1,2,2,1|2,True,True,True,True,1.0
e7baf16c3258bdcf8af64b53aa373771,species,1,1,312168.3,312168.3,312168.3,Anaerovirgula multivorans,312168.3,Anaerovirgula multivorans,1,1,1,1,True,True,True,True,1.0
2e4e10f885aac2233d05e4b46571c20d,species,1,1,1889883.3,1889883.3,1889883.3,Proteiniborus sp. DW1,1889883.3,Proteiniborus sp. DW1,1,1,1,1,True,True,True,True,1.0
5efed3b185cd579740418a733b461740,species,1,1,2026720.1010,2026720.1010,2026720.1010,Candidatus Saccharimonadota bacterium,2026720.1010,Candidatus Saccharimonadota bacterium,1,1,1,1,True,True,True,True,1.0
b2df4752917d048ab824271c02ad68aa,genus,2,2,2093811.203|690567.9,2093811.203|690567.9,2093811.203,Syntrophomonadaceae bacterium,2093811.203,Syntrophomonadaceae bacterium,1,2,2,1|5,True,True,True,True,1.0
fd49dfe5a86c187e08a334fd7e25ff60,genus,1,1,1879010.10751,1879010.10751,1879010.10751,Bacillota bacterium,1879010.10751,Bacillota bacterium,1,1,1,1,True,True,True,True,1.0
86399b4152e937777cee90ee980e53c7,species,1,1,1340425.12,1340425.12,1340425.12,Geobacter anodireducens,1340425.12,Geobacter anodireducens,1,1,1,1,True,True,True,True,1.0
fa4cca3abe5e2f19f3d66fd3eafc8011,species,2,2,2865838.3|2589953.3,2865838.3|2589953.3,2865838.3,Mesorhizobium sp. AR07,2865838.3,Mesorhizobium sp. AR07,1,2,2,1|2,True,True,True,True,1.0
9a92a2c1cf0f15aa4804f00b70914004,genus,1,1,2711216.4,2711216.4,2711216.4,Paludisphaera rhizosphaerae,2711216.4,Paludisphaera rhizosphaerae,1,1,1,1,True,True,True,True,1.0
89da33616fecea01a2dd1f560e309cd0,species,1,1,3039803.331,3039803.331,3039803.331,uncultured Actinomycetota bacterium,3039803.331,uncultured Actinomycetota bacterium,1,1,1,1,True,True,True,True,1.0
b04b7cec6f00435b186177833dba9e0c,genus,2,2,1879010.10723|1350314.26,1879010.10723|1350314.26,1879010.10723,Bacillota bacterium,1879010.10723,Bacillota bacterium,1,2,2,1|2,True,True,True,True,1.0
4c9b3fff08afb1135eafe0f7c7438032,species,1,1,2952881.11,2952881.11,2952881.11,Aggregatilineaceae bacterium,2952881.11,Aggregatilineaceae bacterium,1,1,1,1,True,True,True,True,1.0
e0d953cdee5c868270edabd2f2937909,species,1,1,1672391.215,1672391.215,1672391.215,uncultured Chloroflexia bacterium,1672391.215,uncultured Chloroflexia bacterium,1,1,1,1,True,True,True,True,1.0
a40423754043874f0045e65d1035b1c5,genus,1,1,2949658.3,2949658.3,2949658.3,Faecalicatena sp. BF-R-105,2949658.3,Faecalicatena sp. BF-R-105,1,1,1,1,True,True,True,True,1.0
66d1691a5a4a3c86712b725c3dec36de,genus,2,2,253314.5|1869227.4377,253314.5|1869227.4377,253314.5,Acetivibrio straminisolvens,253314.5,Acetivibrio straminisolvens,1,2,2,1|3,True,True,True,True,1.0
335d9330fb71ae0d90dd21af0c78d794,genus,1,1,2998065.3,2998065.3,2998065.3,Rhizobiaceae bacterium AM104-69,2998065.3,Rhizobiaceae bacterium AM104-69,1,1,1,1,True,True,True,True,1.0
dc34e8512b788fb682511c00370ee4c7,species,1,1,2937913.10,2937913.10,2937913.10,Desulfotomaculaceae bacterium,2937913.10,Desulfotomaculaceae bacterium,1,1,1,1,True,True,True,True,1.0
6eca1e8c47d098b26976cba1c2bfdfb8,species,2,2,28450.4538|60550.81,28450.4538|60550.81,28450.4538,Burkholderia pseudomallei,28450.4538,Burkholderia pseudomallei,1,2,2,1|2,True,True,True,True,1.0
877caa2770bea94625b47a0efd4dd338,genus,1,1,1678841.5,1678841.5,1678841.5,Lentimicrobium saccharophilum,1678841.5,Lentimicrobium saccharophilum,1,1,1,1,True,True,True,True,1.0
9c1ee0993d66faee25a82385bd63bc0c,species,1,1,2841655.3,2841655.3,2841655.3,Methanobacterium sp. YSL,2841655.3,Methanobacterium sp. YSL,2,1,1,2,True,True,True,True,1.0
a0bbfb182e829dcd543eba20abe4bf13,species,2,2,2920941.4|84595.10,2920941.4|84595.10,2920941.4,Gordonia gummivorans,2920941.4,Gordonia gummivorans,1,2,2,1|2,True,True,True,True,1.0
da07a733c6038de701a8f72af131d730,genus,1,1,2052143.1144,2052143.1144,2052143.1144,Anaerolineae bacterium,2052143.1144,Anaerolineae bacterium,1,1,1,1,True,True,True,True,1.0
aca560400c046d00c063af6e4596f8d5,species,1,1,47671.367,47671.367,47671.367,Lautropia mirabilis,47671.367,Lautropia mirabilis,1,1,1,1,True,True,True,True,1.0
d7525471cb3f78ede0955ca2a32c1b66,genus,4,4,2030927.264|244328.5797|3083246.44|2044939.5132,2030927.264|244328.5797|3083246.44|2044939.5132,2030927.264,Bacteroidales bacterium,2030927.264,Bacteroidales bacterium,1,4,4,1|2|3|4,True,True,True,True,1.0
42ae4d6693b650ebbaac42e57113910e,genus,1,1,2024848.56,2024848.56,2024848.56,Parvibaculum sp.,2024848.56,Parvibaculum sp.,1,1,1,1,True,True,True,True,1.0
33a48735e8b1a35f14da8e944eb0d73a,genus,1,1,2026888.228,2026888.228,2026888.228,Thermoleophilia bacterium,2026888.228,Thermoleophilia bacterium,1,1,1,1,True,True,True,True,1.0
42de4e368cca3ff50954f82c12dd5315,species,2,2,41978.2018|3133176.3,41978.2018|3133176.3,41978.2018,Ruminococcus sp.,41978.2018,Ruminococcus sp.,1,2,2,1|16,True,True,True,True,1.0
f44234fea5a65dfa65edd4c8b6babf37,genus,4,4,1926877.74|1879010.9542|1642646.7|1918497.3,1926877.74|1879010.9542|1642646.7|1918497.3,1926877.74,Proteiniphilum sp.,1926877.74,Proteiniphilum sp.,1,4,4,1|2|5|9,True,True,True,True,1.0
d73a01cf4394c6ce1b6f91249a590671,family,2,2,86473.1747|2026725.200,86473.1747|2026725.200,86473.1747,uncultured Gammaproteobacteria bacterium,86473.1747,uncultured Gammaproteobacteria bacterium,1,2,2,1|4,True,True,True,True,1.0
9298ac3ee3ca7f2d3eb2fcd739324462,species,1,1,1492.755,1492.755,1492.755,Clostridium butyricum,1492.755,Clostridium butyricum,1,1,1,1,True,True,True,True,1.0
1f56ffc2734d7ef8efb20201a6700725,species,1,1,3039803.835,3039803.835,3039803.835,uncultured Actinomycetota bacterium,3039803.835,uncultured Actinomycetota bacterium,1,1,1,1,True,True,True,True,1.0
4f991b9a87b25e13c75f8eb888f9f7be,family,1,1,3082383.24,3082383.24,3082383.24,Candidatus Darwinibacter acetoxidans,3082383.24,Candidatus Darwinibacter acetoxidans,1,1,1,1,True,True,True,True,1.0
d2340f2964ea2cff3448b5ce82aa29af,genus,1,1,86473.2173,86473.2173,86473.2173,uncultured Gammaproteobacteria bacterium,86473.2173,uncultured Gammaproteobacteria bacterium,1,1,1,1,True,True,True,True,1.0
c09305c29479546a081817c3df4019cc,species,2,2,1633223.3|2962571.4,1633223.3|2962571.4,1633223.3,Gordonia sp. LAM0048,1633223.3,Gordonia sp. LAM0048,1,2,2,1|2,True,True,True,True,1.0
18e8b2bd0c2318ff13208d8febed727a,species,2,2,546114.18|75697.42,546114.18|75697.42,546114.18,Castellaniella ginsengisoli,546114.18,Castellaniella ginsengisoli,1,2,2,1|5,True,True,True,True,1.0
febbb96bc35744a5fc6936e547e3041c,species,2,2,1871053.332|2663810.3,1871053.332|2663810.3,1871053.332,Phenylobacterium sp.,1871053.332,Phenylobacterium sp.,3,2,2,3|4,True,True,True,True,1.0
fd29bda0b56df34282a38393c8fbcbca,genus,1,1,3156467.4,3156467.4,3156467.4,Constrictibacter sp. MBR-5,3156467.4,Constrictibacter sp. MBR-5,1,1,1,1,True,True,True,True,1.0
6c3396e9340561a2aa366046cad19f86,family,1,1,1879010.10568,1879010.10568,1879010.10568,Bacillota bacterium,1879010.10568,Bacillota bacterium,1,1,1,1,True,True,True,True,1.0
a50b9465cd3e7850eae2011497a4f41b,genus,2,2,2053614.8|2964540.103,2053614.8|2964540.103,2053614.8,Smithella sp.,2053614.8,Smithella sp.,1,2,2,1|2,True,True,True,True,1.0
c70fe7d64a90f53b96f959c4469709ac,family,1,1,3083246.38,3083246.38,3083246.38,Christensenellales bacterium,3083246.38,Christensenellales bacterium,1,1,1,1,True,True,True,True,1.0
16e2c25bdcba26035d7e90f7902d9aea,genus,2,2,2840931.5|2485925.2969,2840931.5|2485925.2969,2840931.5,Candidatus Scatomorpha stercorigallinarum,2840931.5,Candidatus Scatomorpha stercorigallinarum,2,2,2,2|1,True,True,True,True,1.0
3d38b9626585c206c30b9e38e025ac32,genus,1,1,1962289.10,1962289.10,1962289.10,Dehalobacter sp.,1962289.10,Dehalobacter sp.,2,1,1,2,True,True,True,True,1.0
e11faaea7fe3b63b13f607b41aea228a,genus,1,1,690567.9,690567.9,690567.9,Syntrophomonas zehnderi,690567.9,Syntrophomonas zehnderi,1,1,1,1,True,True,True,True,1.0
b42de67c23c492ca5f7c49025c6364a4,genus,2,2,2093811.236|690567.9,2093811.236|690567.9,2093811.236,Syntrophomonadaceae bacterium,2093811.236,Syntrophomonadaceae bacterium,1,2,2,1|6,True,True,True,True,1.0
49eabe5ac42dea1466d651d64825b6c6,genus,1,1,2961947.4,2961947.4,2961947.4,Clostridiaceae bacterium HFYG-1003,2961947.4,Clostridiaceae bacterium HFYG-1003,1,1,1,1,True,True,True,True,1.0
68d8ed7c8b41a1f6e461674c4d220b5a,species,2,2,3400424.3|1389713.12,3400424.3|1389713.12,3400424.3,Mycobacterium sp. 23,3400424.3,Mycobacterium sp. 23,1,2,2,1|3,True,True,True,True,1.0
52fc77f20545190663b74a1784361e4e,genus,3,3,3034609.9|2268201.48|1872489.11,3034609.9|2268201.48|1872489.11,3034609.9,Aminobacteriaceae bacterium,3034609.9,Aminobacteriaceae bacterium,1,3,3,1|2|4,True,True,True,True,1.0
08beb3b3788f0fb047aa7b0b035a64a6,species,1,1,2054177.129,2054177.129,2054177.129,Christensenellaceae bacterium,2054177.129,Christensenellaceae bacterium,1,1,1,1,True,True,True,True,1.0
4d5eeba41b7a507f54023d01ce1fb31a,genus,1,1,2053624.258,2053624.258,2053624.258,Synergistaceae bacterium,2053624.258,Synergistaceae bacterium,1,1,1,1,True,True,True,True,1.0
94acc4dffe893d4a1b62a868448573db,family,1,1,344338.1253,344338.1253,344338.1253,uncultured Bacillota bacterium,344338.1253,uncultured Bacillota bacterium,1,1,1,1,True,True,True,True,1.0
772c51fc3d0fb2e1bcaeda2b528c17cc,genus,3,3,3108223.3|2448052.93|91750.4277,3108223.3|2448052.93|91750.4277,3108223.3,Benzoatithermus flavus,3108223.3,Benzoatithermus flavus,4,3,3,4|5|7,True,True,True,True,1.0
15baec8488957bacb3136134000dc93a,species,1,1,3097462.3,3097462.3,3097462.3,Candidatus Humimicrobium sp.,3097462.3,Candidatus Humimicrobium sp.,1,1,1,1,True,True,True,True,1.0
0b242442423fe54f3e1fe7622100a61b,family,2,2,2488810.3|2030808.345,2488810.3|2030808.345,2488810.3,Ruminiclostridium herbifermentans,2488810.3,Ruminiclostridium herbifermentans,1,2,2,1|2,True,True,True,True,1.0
53d778933f79cf1ec135398e25b5e962,species,1,1,3036128.3,3036128.3,3036128.3,Diaphorobacter limosus,3036128.3,Diaphorobacter limosus,1,1,1,1,True,True,True,True,1.0
8cb7080de6341945037ef5d1e8e8593a,species,1,1,91750.3134,91750.3134,91750.3134,uncultured Alphaproteobacteria bacterium,91750.3134,uncultured Alphaproteobacteria bacterium,1,1,1,1,True,True,True,True,1.0
1e3f1ba7e9eb6d326f7f7ea4792b1680,genus,1,1,2052143.1144,2052143.1144,2052143.1144,Anaerolineae bacterium,2052143.1144,Anaerolineae bacterium,1,1,1,1,True,True,True,True,1.0
c574f4c451bc5662da17b3af8d5ebf44,genus,2,2,93369.5|1872579.14,93369.5|1872579.14,93369.5,Pseudaminobacter salicylatoxidans,93369.5,Pseudaminobacter salicylatoxidans,1,2,2,1|2,True,True,True,True,1.0
e7a9beba4bfa0731ea9d0fa90bb065e3,genus,2,2,451.14|91823.3,451.14|91823.3,451.14,Legionella micdadei,451.14,Legionella micdadei,4,2,2,4|5,True,True,True,True,1.0
c89a45b41422aafe60c0768f7c417017,genus,1,1,3082386.11,3082386.11,3082386.11,Candidatus Wallacebacter cryptica,3082386.11,Candidatus Wallacebacter cryptica,2,1,1,2,True,True,True,True,1.0
c2baae149e8c7b36f47fe4bf2356f1f7,below,0,0,,,,,,,,0,0,,,,,,
d42056f27a6c002a2241048c320f9aa8,genus,1,1,2054177.128,2054177.128,2054177.128,Christensenellaceae bacterium,2054177.128,Christensenellaceae bacterium,3,1,1,3,True,True,True,True,1.0
3746a611252a01f39ad4eba5428d1daa,genus,1,1,45072.5,45072.5,45072.5,Legionella quateirensis,45072.5,Legionella quateirensis,1,1,1,1,True,True,True,True,1.0
dcf22aafce62a2d9046206ed47c5479e,family,1,1,2026793.28,2026793.28,2026793.28,Spongiibacteraceae bacterium,2026793.28,Spongiibacteraceae bacterium,1,1,1,1,True,True,True,True,1.0
c040c750c7a9e9bdd14a5ee18b3c3b5b,species,1,1,2604147.6,2604147.6,2604147.6,Candidatus Methanoplasma sp.,2604147.6,Candidatus Methanoplasma sp.,1,1,1,1,True,True,True,True,1.0
121322a4bdcd6f088390c57de15de7ae,species,2,2,1874826.132|1176536.7,1874826.132|1176536.7,1874826.132,Novosphingobium sp.,1874826.132,Novosphingobium sp.,1,2,2,1|2,True,True,True,True,1.0
f344d4281112bb7cf5358c04fda869ee,species,2,2,2030927.4615|1852816.3,2030927.4615|1852816.3,2030927.4615,Bacteroidales bacterium,2030927.4615,Bacteroidales bacterium,1,2,2,1|3,True,True,True,True,1.0
04270fc1464453e2e7d9a43ae00168b6,species,2,2,1833.117|1219026.3,1833.117|1219026.3,1833.117,Rhodococcus erythropolis,1833.117,Rhodococcus erythropolis,1,2,2,1|2,True,True,True,True,1.0
c8cd270702fe338a1a9d8cba7c850177,species,1,1,348580.5,348580.5,348580.5,uncultured Sedimentibacter sp.,348580.5,uncultured Sedimentibacter sp.,1,1,1,1,True,True,True,True,1.0
27eca4697c28c0d2d71d89a89895ea98,genus,1,1,2044939.917,2044939.917,2044939.917,Clostridia bacterium,2044939.917,Clostridia bacterium,1,1,1,1,True,True,True,True,1.0
6d56db03597652c712579ef83511cad9,genus,4,4,2364082.122|2711154.5|3121628.8|2053589.824,2364082.122|2711154.5|3121628.8|2053589.824,2364082.122,Candidatus Obscuribacterales bacterium,2364082.122,Candidatus Obscuribacterales bacterium,2,4,4,2|3|4|5,True,True,True,True,1.0
cd259dd13e5a8f79134e1c102c1c80ef,species,1,1,2202734.54,2202734.54,2202734.54,Saprospiraceae bacterium,2202734.54,Saprospiraceae bacterium,1,1,1,1,True,True,True,True,1.0
33bd910369d558fc1d433d0cc22aabdc,species,2,2,2660714.5|1977087.4440,2660714.5|1977087.4440,2660714.5,Syntrophorhabdaceae bacterium,2660714.5,Syntrophorhabdaceae bacterium,1,2,2,1|5,True,True,True,True,1.0
a238153d3168c0f00aeb8fb5d90d7e0c,genus,1,1,1678841.5,1678841.5,1678841.5,Lentimicrobium saccharophilum,1678841.5,Lentimicrobium saccharophilum,1,1,1,1,True,True,True,True,1.0
8a6710c4c8b9696b21805aa0a6d72a46,genus,1,1,3083246.38,3083246.38,3083246.38,Christensenellales bacterium,3083246.38,Christensenellales bacterium,1,1,1,1,True,True,True,True,1.0
e7891537521872e90b0e0f41517de633,species,1,1,2026724.1364,2026724.1364,2026724.1364,Chloroflexota bacterium,2026724.1364,Chloroflexota bacterium,1,1,1,1,True,True,True,True,1.0
251d66e77274e5b7d1eaf61e407f04b8,genus,1,1,1879010.10760,1879010.10760,1879010.10760,Bacillota bacterium,1879010.10760,Bacillota bacterium,1,1,1,1,True,True,True,True,1.0
4343b6b7da6bae2055762dad082dd651,species,1,1,3039803.982,3039803.982,3039803.982,uncultured Actinomycetota bacterium,3039803.982,uncultured Actinomycetota bacterium,1,1,1,1,True,True,True,True,1.0
c62f274f92e56d9b16a9a143e797b5b3,family,1,1,1879010.10748,1879010.10748,1879010.10748,Bacillota bacterium,1879010.10748,Bacillota bacterium,1,1,1,1,True,True,True,True,1.0
91b0e901cfecbf218fbaa882071bc0ff,genus,5,5,2872701.3|2714945.3|344338.464|2925842.3|2991474.5,2872701.3|2714945.3|344338.464|2925842.3|2991474.5,2872701.3,Thermomonas beijingensis,2872701.3,Thermomonas beijingensis,1,5,5,1|5|2|17|20,True,True,True,True,1.0
ecd12a77d93a65ff85078c4d7ebb17e0,family,1,1,2033014.660,2033014.660,2033014.660,Armatimonadota bacterium,2033014.660,Armatimonadota bacterium,1,1,1,1,True,True,True,True,1.0
f84aa5ec0c6a8702f634b0fed4bb56e0,species,1,1,1205680.43,1205680.43,1205680.43,Reyranella massiliensis,1205680.43,Reyranella massiliensis,1,1,1,1,True,True,True,True,1.0
9a6b3fef0385b0cecd4738a2225f02b8,genus,2,2,2047757.7|91750.1724,2047757.7|91750.1724,2047757.7,Chlamydiales bacterium,2047757.7,Chlamydiales bacterium,1,2,2,1|2,True,True,True,True,1.0
5d5a00cbe740978e207ba76ea09857ce,genus,3,3,3083246.49|2044939.5132|2030927.264,3083246.49|2044939.5132|2030927.264,3083246.49,Christensenellales bacterium,3083246.49,Christensenellales bacterium,1,3,3,1|7|6,True,True,True,True,1.0
725fa7e245b8733a5fc9a4224886b669,species,2,2,287609.3|2026780.1466,287609.3|2026780.1466,287609.3,Neoroseomonas lacus,287609.3,Neoroseomonas lacus,1,2,2,1|2,True,True,True,True,1.0
5c9352f85a03deadbc046bcced83740a,species,1,1,2294114.3,2294114.3,2294114.3,Mesorhizobium denitrificans,2294114.3,Mesorhizobium denitrificans,1,1,1,1,True,True,True,True,1.0
a012a92141e089dd0e178bc46889f8bd,family,1,1,152509.1768,152509.1768,152509.1768,uncultured Bacteroidota bacterium,152509.1768,uncultured Bacteroidota bacterium,2,1,1,2,True,True,True,True,1.0
84e4f817f54ee2f5785d8caa8c371879,species,1,1,1909294.1101,1909294.1101,1909294.1101,Hyphomicrobiales bacterium,1909294.1101,Hyphomicrobiales bacterium,1,1,1,1,True,True,True,True,1.0
e4bf10681d4b03152f1aded69bd8e7ab,species,1,1,2900548.2446,2900548.2446,2900548.2446,Actinomycetota bacterium,2900548.2446,Actinomycetota bacterium,1,1,1,1,True,True,True,True,1.0
4876b86f5480b63093b5ed493010d622,genus,1,1,77133.6567,77133.6567,77133.6567,uncultured bacterium,77133.6567,uncultured bacterium,1,1,1,1,True,True,True,True,1.0
02e328ecac1fdf0f63bb40991465112b,below,0,0,,,,,,,,0,0,,,,,,
644c14744299b1aa46a195610c9f1a6f,species,2,2,1909295.252|1883427.2861,1909295.252|1883427.2861,1909295.252,Solirubrobacterales bacterium,1909295.252,Solirubrobacterales bacterium,2,2,2,2|4,True,True,True,True,1.0
a5101276605bf3210b0c5801215f4c48,genus,2,2,153947.3|915.9,153947.3|915.9,153947.3,Nitrosomonas sp. GH22,153947.3,Nitrosomonas sp. GH22,1,2,2,1|2,True,True,True,True,1.0
ae89ff1c2542cc18bae68e862b05609c,species,1,1,3073604.4,3073604.4,3073604.4,Ruixingdingia sedimenti,3073604.4,Ruixingdingia sedimenti,1,1,1,1,True,True,True,True,1.0
2214bdd7fed5c53d6959f3201478166e,genus,2,2,93369.5|1872579.14,93369.5|1872579.14,93369.5,Pseudaminobacter salicylatoxidans,93369.5,Pseudaminobacter salicylatoxidans,1,2,2,1|2,True,True,True,True,1.0
e12d0786351086c693d56af70d0e9234,species,1,1,2030806.415,2030806.415,2030806.415,Burkholderiaceae bacterium,2030806.415,Burkholderiaceae bacterium,1,1,1,1,True,True,True,True,1.0
518fef19dd285b8a7bfa02d31a2290a5,species,2,2,2811411.21|1904441.237,2811411.21|1904441.237,2811411.21,Cypionkella sp.,2811411.21,Cypionkella sp.,1,2,2,1|5,True,True,True,True,1.0
0789f0701b19d9a2a240b29e42e64d0d,species,2,2,179636.6|225992.54,179636.6|225992.54,179636.6,Alicycliphilus denitrificans,179636.6,Alicycliphilus denitrificans,1,2,2,1|2,True,True,True,True,1.0
493cc79d93c8003efb9369ab256e65f4,genus,2,2,2052176.11|464461.7,2052176.11|464461.7,2052176.11,Parachlamydiaceae bacterium,2052176.11,Parachlamydiaceae bacterium,1,2,2,1|2,True,True,True,True,1.0
58bd12d54ddade76b08e3fc252745a97,species,1,1,1898206.179,1898206.179,1898206.179,Spirochaetaceae bacterium,1898206.179,Spirochaetaceae bacterium,1,1,1,1,True,True,True,True,1.0
25345b8ad2ecd33d152d19f3c03992b4,genus,2,2,1898207.5729|344338.1176,1898207.5729|344338.1176,1898207.5729,Clostridiales bacterium,1898207.5729,Clostridiales bacterium,1,2,2,1|3,True,True,True,True,1.0
a1efc5abbff6d352054a4329b15a1abf,species,2,2,1629550.38|1490.87,1629550.38|1490.87,1629550.38,Paraclostridium benzoelyticum,1629550.38,Paraclostridium benzoelyticum,1,2,2,1|2,True,True,True,True,1.0
a9c824dcc1edf7518389d9eec8ed0ebb,species,2,2,2053689.116|1879010.10371,2053689.116|1879010.10371,2053689.116,Thermotogota bacterium,2053689.116,Thermotogota bacterium,1,2,2,1|2,True,True,True,True,1.0
46fee31d0f6a84fb0a222d0bfd33112c,genus,2,2,2053614.8|2964540.103,2053614.8|2964540.103,2053614.8,Smithella sp.,2053614.8,Smithella sp.,1,2,2,1|2,True,True,True,True,1.0
19613ecfc91f120baac60fa4fb5eba79,family,1,1,1879010.7008,1879010.7008,1879010.7008,Bacillota bacterium,1879010.7008,Bacillota bacterium,1,1,1,1,True,True,True,True,1.0
810035b7569c83b87fcb45b0c3fa51be,species,1,1,3412034.3,3412034.3,3412034.3,Methanobacterium sp. MBAC-LM,3412034.3,Methanobacterium sp. MBAC-LM,1,1,1,1,True,True,True,True,1.0
674620811839f7b3abae4475a2cbd1fd,species,1,1,2807656.3,2807656.3,2807656.3,Bradyrhizobium sp. U87765 SZCCT0109,2807656.3,Bradyrhizobium sp. U87765 SZCCT0109,1,1,1,1,True,True,True,True,1.0
eb0ccdfb925b4aa269b4e3d6848c7b32,family,1,1,1898207.5167,1898207.5167,1898207.5167,Clostridiales bacterium,1898207.5167,Clostridiales bacterium,1,1,1,1,True,True,True,True,1.0
0bc59e74450baf62ec83784e80a61aa5,genus,1,1,588581.10,588581.10,588581.10,Ruminiclostridium papyrosolvens,588581.10,Ruminiclostridium papyrosolvens,1,1,1,1,True,True,True,True,1.0
43b083f9636dbce1742a5107ad053584,species,1,1,1951417.3,1951417.3,1951417.3,Anaerolineaceae bacterium UBA4890,1951417.3,Anaerolineaceae bacterium UBA4890,1,1,1,1,True,True,True,True,1.0
1a73a1f0fd4682636a6566496ba342c6,species,1,1,51670.3,51670.3,51670.3,Hyphomicrobium facile,51670.3,Hyphomicrobium facile,1,1,1,1,True,True,True,True,1.0
e5092df44ebdb6698c9fde3cdfb19ceb,species,1,1,2497627.139,2497627.139,2497627.139,Microthrixaceae bacterium,2497627.139,Microthrixaceae bacterium,1,1,1,1,True,True,True,True,1.0
4a70dcab1da10b99743b8b5298cd2f6f,species,1,1,1883427.313,1883427.313,1883427.313,Actinomycetes bacterium,1883427.313,Actinomycetes bacterium,1,1,1,1,True,True,True,True,1.0
c3fb8f32d5ff76839b6ffcee6dd67328,genus,1,1,49981.8,49981.8,49981.8,Desulfitobacterium sp.,49981.8,Desulfitobacterium sp.,1,1,1,1,True,True,True,True,1.0
96a0d03e75930560abfccfea17f4410f,species,2,2,2268202.73|1898104.3456,2268202.73|1898104.3456,2268202.73,Synergistota bacterium,2268202.73,Synergistota bacterium,1,2,2,1|2,True,True,True,True,1.0
08d10673b70f3d8b078a149a25d94b19,species,1,1,1869212.530,1869212.530,1869212.530,Chitinophagaceae bacterium,1869212.530,Chitinophagaceae bacterium,2,1,1,2,True,True,True,True,1.0
8b07adb150b7469eafc89ddb46a9bef2,species,1,1,3157708.4,3157708.4,3157708.4,Mesorhizobium hunchu,3157708.4,Mesorhizobium hunchu,1,1,1,1,True,True,True,True,1.0
8d941eda8589ac6399b9a5eea473711c,species,1,1,176306.10,176306.10,176306.10,uncultured Methanobacterium sp.,176306.10,uncultured Methanobacterium sp.,1,1,1,1,True,True,True,True,1.0
4708a77110c6f82083fb0f0e64026556,species,2,2,68174.62|47716.283,68174.62|47716.283,68174.62,Streptomyces anthocyanicus,68174.62,Streptomyces anthocyanicus,1,2,2,1|6,True,True,True,True,1.0
f2a6e7637c20fbb79c069489fc527053,species,1,1,176233.40,176233.40,176233.40,uncultured Methanobacteriaceae archaeon,176233.40,uncultured Methanobacteriaceae archaeon,1,1,1,1,True,True,True,True,1.0
fcd440ee90ed7a838d67a52025c2c7d6,genus,1,1,1672391.467,1672391.467,1672391.467,uncultured Chloroflexia bacterium,1672391.467,uncultured Chloroflexia bacterium,1,1,1,1,True,True,True,True,1.0
e335570f65a3bc3a849f355ac1698181,species,2,2,1898104.3472|2052139.927,1898104.3472|2052139.927,1898104.3472,Bacteroidota bacterium,1898104.3472,Bacteroidota bacterium,1,2,2,1|2,True,True,True,True,1.0
49eeeeee727d06a37cada5eee00468b5,species,1,1,2030927.5536,2030927.5536,2030927.5536,Bacteroidales bacterium,2030927.5536,Bacteroidales bacterium,1,1,1,1,True,True,True,True,1.0
287ba0fdb084dd16e803afd5ad536460,species,2,2,1506.1236|1121318.3,1506.1236|1121318.3,1506.1236,Clostridium sp.,1506.1236,Clostridium sp.,1,2,2,1|5,True,True,True,True,1.0
da8011c670ba64a99498171a2ba72892,genus,2,2,1147123.4|1871330.8,1147123.4|1871330.8,1147123.4,Caloramator quimbayensis,1147123.4,Caloramator quimbayensis,1,2,2,1|2,True,True,True,True,1.0
0cbc4442a6e5bf5a92171dc5905f3124,genus,4,4,41274.6|1123404.4|2607614.9|2562714.11,41274.6|1123404.4|2607614.9|2562714.11,41274.6,Tissierella sp.,41274.6,Tissierella sp.,1,4,4,1|2|3|10,True,True,True,True,1.0
e93433e87baa0b69a6daa419d5c52acb,species,1,1,1632858.6,1632858.6,1632858.6,Massilibacterium senegalense,1632858.6,Massilibacterium senegalense,1,1,1,1,True,True,True,True,1.0
2871f7c0a608cd90fc35f64431456aa1,genus,1,1,1678841.5,1678841.5,1678841.5,Lentimicrobium saccharophilum,1678841.5,Lentimicrobium saccharophilum,1,1,1,1,True,True,True,True,1.0
a1f21db1df1536b5a1147e9ffb486b61,genus,1,1,1121919.3,1121919.3,1121919.3,Geosporobacter subterraneus,1121919.3,Geosporobacter subterraneus,2,1,1,2,True,True,True,True,1.0
be3beb705ba2502ce1c0a3ac0b24feb3,genus,1,1,1898205.3863,1898205.3863,1898205.3863,,1898205.3863,,1,1,1,1,True,True,True,False,1.0
c68beead78f4f3b46f10ea9998c1bff7,family,1,1,2484252.86,2484252.86,2484252.86,Myxococcaceae bacterium,2484252.86,Myxococcaceae bacterium,1,1,1,1,True,True,True,True,1.0
cea1ad1aac0bb510c18d3f96c1aec560,genus,2,2,3381350.3|1297617.207,3381350.3|1297617.207,3381350.3,Acidaminobacterium chupaoyuni,3381350.3,Acidaminobacterium chupaoyuni,9,2,2,9|1,True,True,True,True,1.0
60ec6b41425f294ba92e7b2f8cc23289,below,0,0,,,,,,,,0,0,,,,,,
495f0278f21e9c70f64f973cab973d03,genus,1,1,157466.57,157466.57,157466.57,uncultured Armatimonadota bacterium,157466.57,uncultured Armatimonadota bacterium,1,1,1,1,True,True,True,True,1.0
8f6a4548e8c753fccd437d31436c020d,genus,1,1,1671647.4,1671647.4,1671647.4,Clostridiales bacterium DTU012,1671647.4,Clostridiales bacterium DTU012,1,1,1,1,True,True,True,True,1.0
1d5bff435ad12cc1e038dc5444d157c0,genus,1,1,588581.10,588581.10,588581.10,Ruminiclostridium papyrosolvens,588581.10,Ruminiclostridium papyrosolvens,1,1,1,1,True,True,True,True,1.0
838197ea99c414fe3d5129775a734245,genus,1,1,1482730.5,1482730.5,1482730.5,Alkaliphilus hydrothermalis,1482730.5,Alkaliphilus hydrothermalis,1,1,1,1,True,True,True,True,1.0
0674e7934525d446c54c31dc9b8e33d5,below,0,0,,,,,,,,0,0,,,,,,
2d0678b27e5d621f7d924530fa929c26,genus,1,1,152507.2525,152507.2525,152507.2525,uncultured Actinomycetes bacterium,152507.2525,uncultured Actinomycetes bacterium,1,1,1,1,True,True,True,True,1.0
68a7e86d20300d64c5acb88a9021e2f4,species,1,1,1898103.80,1898103.80,1898103.80,Rhodocyclaceae bacterium,1898103.80,Rhodocyclaceae bacterium,1,1,1,1,True,True,True,True,1.0
1592babc98be7bdf1c3c62b4e1172c56,species,1,1,84032.5,84032.5,84032.5,Clostridium thermosuccinogenes,84032.5,Clostridium thermosuccinogenes,1,1,1,1,True,True,True,True,1.0
84dfcd7f87afea16bd5fe5b6d98babb9,species,2,2,2041042.9|2030806.175,2041042.9|2030806.175,2041042.9,Chiayiivirga sp.,2041042.9,Chiayiivirga sp.,1,2,2,1|2,True,True,True,True,1.0
b1a12be5e88edf77bfaef78dd01159eb,species,1,1,413497.13,413497.13,413497.13,Cronobacter dublinensis,413497.13,Cronobacter dublinensis,2,1,1,2,True,True,True,True,1.0
b87169030deed04dc4b504c53964ffbe,species,2,2,94.4|2499141.280,94.4|2499141.280,94.4,Allostella humosa,94.4,Allostella humosa,1,2,2,1|2,True,True,True,True,1.0
08dcb60f335137ed59ea5006a3ca7d20,genus,1,1,2202144.358,2202144.358,2202144.358,Spirochaetota bacterium,2202144.358,Spirochaetota bacterium,1,1,1,1,True,True,True,True,1.0
b3065350a824fd28f7678de276da8e24,species,1,1,2053614.61,2053614.61,2053614.61,Smithella sp.,2053614.61,Smithella sp.,1,1,1,1,True,True,True,True,1.0
3db5da918ad4c209aef4644be4ce75b0,species,1,1,3412034.3,3412034.3,3412034.3,Methanobacterium sp. MBAC-LM,3412034.3,Methanobacterium sp. MBAC-LM,1,1,1,1,True,True,True,True,1.0
065262b748557031f638872e76923c72,species,1,1,1977087.1560,1977087.1560,1977087.1560,Pseudomonadota bacterium,1977087.1560,Pseudomonadota bacterium,1,1,1,1,True,True,True,True,1.0
48b26cded54a8218c60048b74bfa5256,species,2,2,3102790.3|1971895.5,3102790.3|1971895.5,3102790.3,Thermomonas sp. LB-4,3102790.3,Thermomonas sp. LB-4,1,2,2,1|2,True,True,True,True,1.0
8ca8a2ee539e5a54b184bbf80e861033,family,2,2,338645.5|676965.12,338645.5|676965.12,338645.5,Candidatus Contubernalis alkaliaceticus,338645.5,Candidatus Contubernalis alkaliaceticus,1,2,2,1|7,True,True,True,True,1.0
930364fee1f4684984efec7eacc41f85,genus,3,3,728005.4|3156345.4|3152360.3,728005.4|3156345.4|3152360.3,728005.4,Devosia psychrophila,728005.4,Devosia psychrophila,1,3,3,1|2|3,True,True,True,True,1.0
bcfda59a5b9e3036c018e4bbde623d42,genus,2,2,2052185.56|281272.5,2052185.56|281272.5,2052185.56,Syntrophobacteraceae bacterium,2052185.56,Syntrophobacteraceae bacterium,3,2,2,3|1,True,True,True,True,1.0
99b446af7d82c16878fe433d7f2e23e7,family,1,1,427926.8,427926.8,427926.8,Dethiobacter alkaliphilus,427926.8,Dethiobacter alkaliphilus,1,1,1,1,True,True,True,True,1.0
4afdd249d06748b671d75d9cb109989d,genus,3,3,75697.41|546114.18|1349760.7,75697.41|546114.18|1349760.7,75697.41,Castellaniella defragrans,75697.41,Castellaniella defragrans,1,3,3,1|2|9,True,True,True,True,1.0
e8bb8d9f0ab19588ba970ec5b20a7319,species,2,2,1301082.4|1162706.267,1301082.4|1162706.267,1301082.4,Conexibacter sp. JCM 18997,1301082.4,Conexibacter sp. JCM 18997,2,2,2,2|3,True,True,True,True,1.0
36f3b6d6951a802a6906a07bed8168bb,below,0,0,,,,,,,,0,0,,,,,,
f824c242da3d47edd62495a6a144912c,family,1,1,2054177.126,2054177.126,2054177.126,Christensenellaceae bacterium,2054177.126,Christensenellaceae bacterium,4,1,1,4,True,True,True,True,1.0
bda11f81d4705f02ac8558b96bff4e28,family,1,1,1869227.4424,1869227.4424,1869227.4424,bacterium,1869227.4424,bacterium,1,1,1,1,True,True,True,True,1.0
37736c620442bdd78ddde3ea7451d314,family,1,1,1712410.4,1712410.4,1712410.4,Thermanaerosceptrum fracticalcis,1712410.4,Thermanaerosceptrum fracticalcis,1,1,1,1,True,True,True,True,1.0
7ff6af46744a4c8214812c77e54fd485,species,2,2,1129264.8|1972642.79,1129264.8|1972642.79,1129264.8,Sphaerochaeta associata,1129264.8,Sphaerochaeta associata,1,2,2,1|2,True,True,True,True,1.0
9fdc098a302d378b900fa3b00dea82a9,species,1,1,3083246.31,3083246.31,3083246.31,Christensenellales bacterium,3083246.31,Christensenellales bacterium,1,1,1,1,True,True,True,True,1.0
5c0ebed72151a6dd9f48df9af58de103,species,1,1,2164.140,2164.140,2164.140,Methanobacterium sp.,2164.140,Methanobacterium sp.,1,1,1,1,True,True,True,True,1.0
add6ee5276913213598665852c4b08fb,species,2,2,1727.69|1737425.3,1727.69|1737425.3,1727.69,Corynebacterium variabile,1727.69,Corynebacterium variabile,1,2,2,1|2,True,True,True,True,1.0
172df84126559d3703a3b6184b45a0ee,species,1,1,2758719.57,2758719.57,2758719.57,Caldisericia bacterium,2758719.57,Caldisericia bacterium,1,1,1,1,True,True,True,True,1.0
e973e792bb24983e1304d41a8ed0c375,species,2,2,1879010.10645|2030927.5665,1879010.10645|2030927.5665,1879010.10645,Bacillota bacterium,1879010.10645,Bacillota bacterium,1,2,2,1|6,True,True,True,True,1.0
bd137fdaee08bd7098ce68c5727aed74,genus,1,1,2763657.3,2763657.3,2763657.3,Congzhengia minquanensis,2763657.3,Congzhengia minquanensis,1,1,1,1,True,True,True,True,1.0
51d011ee11e98c4e3318da2c40c45a0a,genus,2,2,2044939.4447|2818044.3,2044939.4447|2818044.3,2044939.4447,Clostridia bacterium,2044939.4447,Clostridia bacterium,2,2,2,2|3,True,True,True,True,1.0
e36ac8cd7dc84d43bd2784fdc182f91a,species,1,1,39441.6,39441.6,39441.6,Methanobrevibacter arboriphilus,39441.6,Methanobrevibacter arboriphilus,1,1,1,1,True,True,True,True,1.0
77e62266f0403cceb7297e959f8c45ec,genus,2,2,2054177.118|3083246.38,2054177.118|3083246.38,2054177.118,Christensenellaceae bacterium,2054177.118,Christensenellaceae bacterium,1,2,2,1|2,True,True,True,True,1.0
5aed6ebc9b353e618d72d5595e755164,species,2,2,28450.4538|60550.81,28450.4538|60550.81,28450.4538,Burkholderia pseudomallei,28450.4538,Burkholderia pseudomallei,1,2,2,1|2,True,True,True,True,1.0
fce18edf79b54a689065dd7c2dcc5def,genus,2,2,820.7372|172733.3472,820.7372|172733.3472,820.7372,Bacteroides uniformis,820.7372,Bacteroides uniformis,3,2,2,3|1,True,True,True,True,1.0
f4e4eee188c4e5fb2a3b609a95f7036c,species,1,1,2052168.89,2052168.89,2052168.89,Methanomassiliicoccaceae archaeon,2052168.89,Methanomassiliicoccaceae archaeon,1,1,1,1,True,True,True,True,1.0
8e7bd1c2bef6cba75457c867bea7fec1,species,1,1,2006849.84,2006849.84,2006849.84,Lysobacterales bacterium,2006849.84,Lysobacterales bacterium,1,1,1,1,True,True,True,True,1.0
9a6c73fde0a30dc54868fac28b4fc86f,species,1,1,2518612.206,2518612.206,2518612.206,Candidatus Nanopelagicales bacterium,2518612.206,Candidatus Nanopelagicales bacterium,1,1,1,1,True,True,True,True,1.0
c19a1c0bb75e671f02df2cbb306949d9,genus,2,2,3098602.3|2762611.3,3098602.3|2762611.3,3098602.3,Novilysobacter viscosus,3098602.3,Novilysobacter viscosus,2,2,2,2|1,True,True,True,True,1.0
60ac965b34c1883a7fe6e2307252fd16,species,2,2,3064664.21|2030808.326,3064664.21|2030808.326,3064664.21,Candidatus Cloacimonadaceae bacterium,3064664.21,Candidatus Cloacimonadaceae bacterium,1,2,2,1|2,True,True,True,True,1.0
912c0c0d10313d835d3cd85636e51854,genus,1,1,2927945.17,2927945.17,2927945.17,Byssovorax sp.,2927945.17,Byssovorax sp.,2,1,1,2,True,True,True,True,1.0
8f9fe5d435f9b6b90c0bf2e7055bdb82,family,1,1,2052179.135,2052179.135,2052179.135,Peptococcaceae bacterium,2052179.135,Peptococcaceae bacterium,1,1,1,1,True,True,True,True,1.0
bdc8fef92da036b174e440badf20ae19,family,1,1,2484252.86,2484252.86,2484252.86,Myxococcaceae bacterium,2484252.86,Myxococcaceae bacterium,1,1,1,1,True,True,True,True,1.0
c17efdeaa645dec7b8f314690d1b9160,species,1,1,70125.466,70125.466,70125.466,Nitrospira sp.,70125.466,Nitrospira sp.,1,1,1,1,True,True,True,True,1.0
5ed692eda11eb0a2b9db26ccfdc1eee7,species,2,2,3072141.5|2663832.3,3072141.5|2663832.3,3072141.5,Bradyrhizobium sp. LHD-71,3072141.5,Bradyrhizobium sp. LHD-71,3,2,2,3|4,True,True,True,True,1.0
137dec98118422e728bd109bffafd4bb,family,1,1,1879010.10751,1879010.10751,1879010.10751,Bacillota bacterium,1879010.10751,Bacillota bacterium,1,1,1,1,True,True,True,True,1.0
eae7dab14a3fcdc218d112865f01940b,genus,1,1,310071.179,310071.179,310071.179,uncultured Acidimicrobiales bacterium,310071.179,uncultured Acidimicrobiales bacterium,1,1,1,1,True,True,True,True,1.0
ac88022abe88b69c50f8c064630c5ff2,genus,1,1,1879010.11595,1879010.11595,1879010.11595,Bacillota bacterium,1879010.11595,Bacillota bacterium,1,1,1,1,True,True,True,True,1.0
4f00beb51dfba2712cf36ef4f05da691,family,1,1,1879010.10044,1879010.10044,1879010.10044,Bacillota bacterium,1879010.10044,Bacillota bacterium,1,1,1,1,True,True,True,True,1.0
53355294f61e52a7101ac1349479e2c7,family,1,1,1797631.3,1797631.3,1797631.3,Chloroflexi bacterium RBG_13_54_9,1797631.3,Chloroflexi bacterium RBG_13_54_9,1,1,1,1,True,True,True,True,1.0
613a529206f7a8428ca4bb000c908d35,species,1,1,1898203.6672,1898203.6672,1898203.6672,Lachnospiraceae bacterium,1898203.6672,Lachnospiraceae bacterium,1,1,1,1,True,True,True,True,1.0
75d80c6719572b77733668a43dddaa60,genus,1,1,1504.79,1504.79,1504.79,Clostridium septicum,1504.79,Clostridium septicum,1,1,1,1,True,True,True,True,1.0
a777d4d917d8136a45eebcd830b6e5f4,species,2,2,2562714.5|2758717.13,2562714.5|2758717.13,2562714.5,Tissierellaceae bacterium,2562714.5,Tissierellaceae bacterium,1,2,2,1|2,True,True,True,True,1.0
0b54d74d2257842cdb59920d0557c940,genus,2,2,91823.3|91822.4,91823.3|91822.4,91823.3,Legionella gresilensis,91823.3,Legionella gresilensis,2,2,2,2|7,True,True,True,True,1.0
6552ab56103eaf5a3eb1e9b2f45e8ee7,species,2,2,350.3|1879010.10735,350.3|1879010.10735,350.3,Zoogloea ramigera,350.3,Zoogloea ramigera,1,2,2,1|2,True,True,True,True,1.0
d83c0d8fbc6ae1fe1c0dd12cbea1833a,genus,1,1,2026770.468,2026770.468,2026770.468,Nitrospiraceae bacterium,2026770.468,Nitrospiraceae bacterium,2,1,1,2,True,True,True,True,1.0
fd932f10265b9729b3972ed5cdce8a0d,species,2,2,41986.8|3372850.3,41986.8|3372850.3,41986.8,Agromyces mediolanus,41986.8,Agromyces mediolanus,1,2,2,1|4,True,True,True,True,1.0
bc073931df610b4c23a592ffb53b2238,species,2,2,31998.126|1733.8157,31998.126|1733.8157,31998.126,Methylobacterium radiotolerans,31998.126,Methylobacterium radiotolerans,1,2,2,1|2,True,True,True,True,1.0
6f6f54809f824a18f2aedc481825fb7b,species,2,2,1872668.42|337779.3,1872668.42|337779.3,1872668.42,Azonexus sp.,1872668.42,Azonexus sp.,1,2,2,1|2,True,True,True,True,1.0
9f6f938a15e4f288092b39efae6698de,genus,1,1,84032.5,84032.5,84032.5,Clostridium thermosuccinogenes,84032.5,Clostridium thermosuccinogenes,1,1,1,1,True,True,True,True,1.0
1955a5529e36dd42feff41354ac9ad73,genus,2,2,3083246.38|1879010.10588,3083246.38|1879010.10588,3083246.38,Christensenellales bacterium,3083246.38,Christensenellales bacterium,1,2,2,1|2,True,True,True,True,1.0
fc410ccd704831af6715f039dc5b4ad6,species,1,1,1978337.3,1978337.3,1978337.3,Petrimonas sp. IBARAKI,1978337.3,Petrimonas sp. IBARAKI,1,1,1,1,True,True,True,True,1.0
4bc93160ffc2b1df098c42d0b0ad5ebc,species,2,2,28450.4538|60550.81,28450.4538|60550.81,28450.4538,Burkholderia pseudomallei,28450.4538,Burkholderia pseudomallei,1,2,2,1|2,True,True,True,True,1.0
2be253ff64c2e3493d684bfe687d414a,species,1,1,413497.13,413497.13,413497.13,Cronobacter dublinensis,413497.13,Cronobacter dublinensis,2,1,1,2,True,True,True,True,1.0
b21e9a2a1e6186cdab5d075a2e3bdeba,family,1,1,1871330.8,1871330.8,1871330.8,Caloramator sp.,1871330.8,Caloramator sp.,3,1,1,3,True,True,True,True,1.0
554322da276d032be7d7a759762865b9,family,1,1,1712410.4,1712410.4,1712410.4,Thermanaerosceptrum fracticalcis,1712410.4,Thermanaerosceptrum fracticalcis,1,1,1,1,True,True,True,True,1.0
ae47cfe63095fcaf0afb228c7502cb66,species,1,1,2030806.320,2030806.320,2030806.320,Burkholderiaceae bacterium,2030806.320,Burkholderiaceae bacterium,1,1,1,1,True,True,True,True,1.0
b751d80405d63e383de7ea09a7e2dcfd,genus,1,1,34034.813,34034.813,34034.813,uncultured delta proteobacterium,34034.813,uncultured delta proteobacterium,1,1,1,1,True,True,True,True,1.0
a2bed1579fba6884369c1b3173330800,genus,1,1,1796619.3,1796619.3,1796619.3,Irregularibacter muris,1796619.3,Irregularibacter muris,1,1,1,1,True,True,True,True,1.0
e1859f895760d01bd129aad5091fa054,family,1,1,86473.2039,86473.2039,86473.2039,uncultured Gammaproteobacteria bacterium,86473.2039,uncultured Gammaproteobacteria bacterium,1,1,1,1,True,True,True,True,1.0
431f2ccf07657913dc86d93668a91e9c,genus,1,1,2026734.314,2026734.314,2026734.314,Dehalococcoidia bacterium,2026734.314,Dehalococcoidia bacterium,1,1,1,1,True,True,True,True,1.0
3c8c974e9e9f2247fedc8b66253b5774,species,1,1,1833852.3,1833852.3,1833852.3,Desulforamulus ferrireducens,1833852.3,Desulforamulus ferrireducens,1,1,1,1,True,True,True,True,1.0
6c1100199e34d8c526ed1a529ebd879f,species,1,1,320502.3,320502.3,320502.3,Acetivibrio alkalicellulosi,320502.3,Acetivibrio alkalicellulosi,1,1,1,1,True,True,True,True,1.0
2754a62a78999a65def9a46a8c805a18,family,2,2,2138101.3|1525.23,2138101.3|1525.23,2138101.3,Moorella sp. Hama-1,2138101.3,Moorella sp. Hama-1,5,2,2,5|8,True,True,True,True,1.0
647927aceecdb8d63c0647ad64f33531,species,2,2,1653478.3|53972.4,1653478.3|53972.4,1653478.3,Rhodococcus sp. PBTS 1,1653478.3,Rhodococcus sp. PBTS 1,1,2,2,1|2,True,True,True,True,1.0
bfc10ae6c8d6d83371b3bd138d881468,genus,1,1,2819277.38,2819277.38,2819277.38,Candidatus Syntrophosphaera sp.,2819277.38,Candidatus Syntrophosphaera sp.,1,1,1,1,True,True,True,True,1.0
eec9b8156043e0a6af0911723613a3da,genus,1,1,538949.103,538949.103,538949.103,uncultured Alistipes sp.,538949.103,uncultured Alistipes sp.,1,1,1,1,True,True,True,True,1.0
4139c4822f132d488656de979a812b96,genus,1,1,1671647.4,1671647.4,1671647.4,Clostridiales bacterium DTU012,1671647.4,Clostridiales bacterium DTU012,1,1,1,1,True,True,True,True,1.0
1209cd9553a668c3c0e9ea29050fd3a1,species,2,2,1617415.5|2026734.263,1617415.5|2026734.263,1617415.5,Chloroflexi bacterium OLB14,1617415.5,Chloroflexi bacterium OLB14,1,2,2,1|2,True,True,True,True,1.0
13c192d50cff7e65ab17657c4769d790,species,2,2,360422.40|198347.3,360422.40|198347.3,360422.40,Clostridium tagluense,360422.40,Clostridium tagluense,1,2,2,1|2,True,True,True,True,1.0
457eed011dd636fe1362bcb7e5bbe22d,genus,1,1,2172549.5,2172549.5,2172549.5,Candidatus Brocadia sp.,2172549.5,Candidatus Brocadia sp.,1,1,1,1,True,True,True,True,1.0
272d242be70431c313d5d6dae118135b,genus,2,2,1671647.4|3082386.6,1671647.4|3082386.6,1671647.4,Clostridiales bacterium DTU012,1671647.4,Clostridiales bacterium DTU012,1,2,2,1|2,True,True,True,True,1.0
b6bae6e1c31423a1dfd8b925ac173939,genus,2,2,75697.41|1144617.4,75697.41|1144617.4,75697.41,Castellaniella defragrans,75697.41,Castellaniella defragrans,1,2,2,1|2,True,True,True,True,1.0
f86e4e85aad39b874e531be8848dcb97,species,1,1,2054177.129,2054177.129,2054177.129,Christensenellaceae bacterium,2054177.129,Christensenellaceae bacterium,1,1,1,1,True,True,True,True,1.0
ccd295e3a04fb7bb78f97b49d1d76562,species,1,1,2030927.439,2030927.439,2030927.439,Bacteroidales bacterium,2030927.439,Bacteroidales bacterium,1,1,1,1,True,True,True,True,1.0
76706469a0a366adb9c84fc05de522f3,genus,1,1,1297424.3,1297424.3,1297424.3,Anaerobacterium chartisolvens,1297424.3,Anaerobacterium chartisolvens,1,1,1,1,True,True,True,True,1.0
44ed1a1eb3ed2fe963e32f2d9591f332,species,1,1,152507.2722,152507.2722,152507.2722,uncultured Actinomycetes bacterium,152507.2722,uncultured Actinomycetes bacterium,1,1,1,1,True,True,True,True,1.0
7ba75de333c5db029e78e068dde0fbe8,genus,1,1,3082383.24,3082383.24,3082383.24,Candidatus Darwinibacter acetoxidans,3082383.24,Candidatus Darwinibacter acetoxidans,1,1,1,1,True,True,True,True,1.0
caa8c5625990aa1feeb77274cbfd7ffa,genus,1,1,3082383.3,3082383.3,3082383.3,Candidatus Darwinibacter acetoxidans,3082383.3,Candidatus Darwinibacter acetoxidans,1,1,1,1,True,True,True,True,1.0
21cff8afa99fd812a66ca2e7c53e8fda,genus,1,1,3109366.5,3109366.5,3109366.5,Sedimentibacter sp. MB31-C6,3109366.5,Sedimentibacter sp. MB31-C6,1,1,1,1,True,True,True,True,1.0
47f95903f37498d9dd0eda1e5bcb3e28,genus,3,3,913107.7|2052139.286|1756222.15,913107.7|2052139.286|1756222.15,913107.7,Pelolinea submarina,913107.7,Pelolinea submarina,1,3,3,1|2|3,True,True,True,True,1.0
3e198207b81e382d6209c129373e9d60,genus,2,2,2900548.1116|3097462.3,2900548.1116|3097462.3,2900548.1116,Actinomycetota bacterium,2900548.1116,Actinomycetota bacterium,1,2,2,1|2,True,True,True,True,1.0
1a5546dc8d08ba22cbc75f508edd0828,species,2,2,267.50|1263728.4,267.50|1263728.4,267.50,Paracoccus sp. (in: a-proteobacteria),267.50,Paracoccus sp. (in: a-proteobacteria),1,2,2,1|2,True,True,True,True,1.0
7f9277d9d86c8f5634f47ff9ab0ce79d,species,1,1,3083246.37,3083246.37,3083246.37,Christensenellales bacterium,3083246.37,Christensenellales bacterium,1,1,1,1,True,True,True,True,1.0
090855acea46f97b916c33393736db71,genus,2,2,3030912.178|2818044.3,3030912.178|2818044.3,3030912.178,Anaerovoracaceae bacterium,3030912.178,Anaerovoracaceae bacterium,1,2,2,1|3,True,True,True,True,1.0
3f19effc21f49ca3bfe5e130ea113a75,genus,1,1,1879010.10586,1879010.10586,1879010.10586,Bacillota bacterium,1879010.10586,Bacillota bacterium,1,1,1,1,True,True,True,True,1.0
bfe46a9864ec737a588e92892776a12d,genus,1,1,3083246.31,3083246.31,3083246.31,Christensenellales bacterium,3083246.31,Christensenellales bacterium,1,1,1,1,True,True,True,True,1.0
b5025b678a3f3dfd092ec583dfd7f3d6,species,2,2,453162.3|2886963.7,453162.3|2886963.7,453162.3,Candidatus Nitrotoga arctica,453162.3,Candidatus Nitrotoga arctica,3,2,2,3|5,True,True,True,True,1.0
065a98742b20d730265fb45221fd34c4,species,2,2,1490030.4|1715645.3,1490030.4|1715645.3,1490030.4,Paracoccus lutimaris,1490030.4,Paracoccus lutimaris,1,2,2,1|2,True,True,True,True,1.0
7891e93dd8c7f251fd4a83d156f8369b,species,2,2,1961430.3|2964540.130,1961430.3|2964540.130,1961430.3,Syntrophaceae bacterium UBA4059,1961430.3,Syntrophaceae bacterium UBA4059,1,2,2,1|2,True,True,True,True,1.0
cf3e180e655c7a5654ae4ee643e35a6b,species,1,1,2497627.141,2497627.141,2497627.141,Microthrixaceae bacterium,2497627.141,Microthrixaceae bacterium,1,1,1,1,True,True,True,True,1.0
5488011e971aeee8cd31b52ca5d1af76,species,1,1,39441.6,39441.6,39441.6,Methanobrevibacter arboriphilus,39441.6,Methanobrevibacter arboriphilus,1,1,1,1,True,True,True,True,1.0
56c837ac82a080a7d67309e345c7069b,genus,3,3,1869227.3092|3022870.41|172733.3472,1869227.3092|3022870.41|172733.3472,1869227.3092,bacterium,1869227.3092,bacterium,1,3,3,1|6|2,True,True,True,True,1.0
4384fe206f8e57a3d02fc1eb2e0dc265,species,1,1,2841655.3,2841655.3,2841655.3,Methanobacterium sp. YSL,2841655.3,Methanobacterium sp. YSL,1,1,1,1,True,True,True,True,1.0
cca5f50c3116400e50fe7a3e7a0be852,genus,1,1,1104781.4,1104781.4,1104781.4,Agriterribacter humi,1104781.4,Agriterribacter humi,1,1,1,1,True,True,True,True,1.0
a36b617c346af9dc1b8b18938adc2fc9,species,0,0,,,,,,,,0,0,,,,,,
e8c47e7d73b07d777c7a56fc1318b432,family,1,1,229919.9,229919.9,229919.9,Anaerolinea thermolimosa,229919.9,Anaerolinea thermolimosa,1,1,1,1,True,True,True,True,1.0
f20eb21e67f757812108449fe407b3c0,genus,1,1,3082386.11,3082386.11,3082386.11,Candidatus Wallacebacter cryptica,3082386.11,Candidatus Wallacebacter cryptica,1,1,1,1,True,True,True,True,1.0
25f9dbd6c37925f1be38fa56d2908617,genus,2,2,2855394.3|1286698.7,2855394.3|1286698.7,2855394.3,Crassaminicella indica,2855394.3,Crassaminicella indica,2,2,2,2|8,True,True,True,True,1.0
dbecc9e8493f9f9f3816c44467a0b7d4,species,1,1,35761.152,35761.152,35761.152,Nocardioides sp.,35761.152,Nocardioides sp.,1,1,1,1,True,True,True,True,1.0
f4dd561d786dd46b9cb84eab6594d632,family,2,2,2768161.3|2918212.5,2768161.3|2918212.5,2768161.3,Roseomonas marmotae,2768161.3,Roseomonas marmotae,1,2,2,1|2,True,True,True,True,1.0
ce3debe377068d91443c07c23728742c,species,1,1,197516.44,197516.44,197516.44,uncultured Bacillaceae bacterium,197516.44,uncultured Bacillaceae bacterium,1,1,1,1,True,True,True,True,1.0
6f9a6eeef90b44801aebd3df2c42e61b,species,1,1,34034.269,34034.269,34034.269,uncultured delta proteobacterium,34034.269,uncultured delta proteobacterium,1,1,1,1,True,True,True,True,1.0
b544934712491c579a6fc0437ffdeeca,genus,1,1,2093811.236,2093811.236,2093811.236,Syntrophomonadaceae bacterium,2093811.236,Syntrophomonadaceae bacterium,1,1,1,1,True,True,True,True,1.0
3c30ef12ea30ff246e454f2cc7ee36a9,family,1,1,2751313.3,2751313.3,2751313.3,Koleobacter methoxysyntrophicus,2751313.3,Koleobacter methoxysyntrophicus,1,1,1,1,True,True,True,True,1.0
34b33ab6ae99c108b6016cac0502ea5c,family,2,2,2485925.1702|2763654.3,2485925.1702|2763654.3,2485925.1702,Oscillospiraceae bacterium,2485925.1702,Oscillospiraceae bacterium,1,2,2,1|4,True,True,True,True,1.0
4b609ca4250617d6e2827bb31e7fd2b0,species,2,2,2021368.28|3064283.4,2021368.28|3064283.4,2021368.28,Alcaligenaceae bacterium,2021368.28,Alcaligenaceae bacterium,1,2,2,1|3,True,True,True,True,1.0
666b0c3f75da615166898be90c200697,genus,2,2,3039678.5|3082383.24,3039678.5|3082383.24,3039678.5,Eubacteriales bacterium mix99,3039678.5,Eubacteriales bacterium mix99,3,2,2,3|5,True,True,True,True,1.0
1352ecafaa4f51b95bedc9b026136ba0,genus,2,2,41274.6|2562714.11,41274.6|2562714.11,41274.6,Tissierella sp.,41274.6,Tissierella sp.,1,2,2,1|2,True,True,True,True,1.0
6f5c69090502aa2182ea4a5a24b1cc94,family,1,1,213224.12,213224.12,213224.12,Geothermobacter ehrlichii,213224.12,Geothermobacter ehrlichii,2,1,1,2,True,True,True,True,1.0
4079dc43f1ee0b0433df1aaaafba110d,genus,1,1,2026780.1138,2026780.1138,2026780.1138,Planctomycetota bacterium,2026780.1138,Planctomycetota bacterium,1,1,1,1,True,True,True,True,1.0
84444bac9dbd64e8d26d1a9dcfc67902,genus,2,2,2030808.156|2053534.61,2030808.156|2053534.61,2030808.156,Candidatus Cloacimonadota bacterium,2030808.156,Candidatus Cloacimonadota bacterium,1,2,2,1|4,True,True,True,True,1.0
3d462e8ce030e0c5bbd7564663c5561b,species,2,2,1977087.3821|588932.15,1977087.3821|588932.15,1977087.3821,Pseudomonadota bacterium,1977087.3821,Pseudomonadota bacterium,2,2,2,2|3,True,True,True,True,1.0
808f5cd9975425a879bdc9f2084edbe5,genus,1,1,2715253.337,2715253.337,2715253.337,Pirellulales bacterium,2715253.337,Pirellulales bacterium,3,1,1,3,True,True,True,True,1.0
0afdd7eddb9a71ce53cf6487747ec98c,species,1,1,2026748.160,2026748.160,2026748.160,Hyphomonadaceae bacterium,2026748.160,Hyphomonadaceae bacterium,1,1,1,1,True,True,True,True,1.0
eb8cd45ae934604fba18984990c55691,species,1,1,1977087.4365,1977087.4365,1977087.4365,Pseudomonadota bacterium,1977087.4365,Pseudomonadota bacterium,1,1,1,1,True,True,True,True,1.0
6290092a789cefe170b21f8c022a1fda,species,2,2,2854022.33|2202144.341,2854022.33|2202144.341,2854022.33,Treponemataceae bacterium,2854022.33,Treponemataceae bacterium,1,2,2,1|2,True,True,True,True,1.0
53688d14dd7b6148f42ecab9e78035a6,genus,1,1,2485925.2969,2485925.2969,2485925.2969,Oscillospiraceae bacterium,2485925.2969,Oscillospiraceae bacterium,1,1,1,1,True,True,True,True,1.0
3336d4e5c84fbbfc0c6d027d05b1ad16,species,1,1,493461.3,493461.3,493461.3,Methanobacterium movens,493461.3,Methanobacterium movens,1,1,1,1,True,True,True,True,1.0
7a276d152ba39f364356c6dc26a0f630,species,2,2,1367435.3|2991054.4,1367435.3|2991054.4,1367435.3,Alcaligenes sp. DN25,1367435.3,Alcaligenes sp. DN25,1,2,2,1|11,True,True,True,True,1.0
2569f2295eca169e8eeb371a44002f30,genus,1,1,1564487.7,1564487.7,1564487.7,Herbinix hemicellulosilytica,1564487.7,Herbinix hemicellulosilytica,1,1,1,1,True,True,True,True,1.0
be51b6808df10f395e8b458d9508ac69,genus,5,5,2488810.3|588581.10|1121337.3|48256.3|1291050.6,2488810.3|588581.10|1121337.3|48256.3|1291050.6,2488810.3,Ruminiclostridium herbifermentans,2488810.3,Ruminiclostridium herbifermentans,1,5,5,1|2|4|14|18,True,True,True,True,1.0
f50399c55cdc712751dd87413e3ad96a,species,2,2,1879010.10735|433330.4,1879010.10735|433330.4,1879010.10735,Bacillota bacterium,1879010.10735,Bacillota bacterium,1,2,2,1|3,True,True,True,True,1.0
c343e0c3af2ce4246e8f16a366d9b244,species,1,1,1898104.3472,1898104.3472,1898104.3472,Bacteroidota bacterium,1898104.3472,Bacteroidota bacterium,1,1,1,1,True,True,True,True,1.0
8222e8db898fcc3282110b1e099bfdb5,genus,3,3,1898104.2275|2034841.34|2026792.199,1898104.2275|2034841.34|2026792.199,1898104.2275,Bacteroidota bacterium,1898104.2275,Bacteroidota bacterium,1,3,3,1|2|4,True,True,True,True,1.0
f18d4d1f32aca3b61c8d25703e43fea4,species,1,1,2049044.58,2049044.58,2049044.58,Erysipelotrichaceae bacterium,2049044.58,Erysipelotrichaceae bacterium,4,1,1,4,True,True,True,True,1.0
6dcd15bd555e89be1a5051024bf0c7e1,species,1,1,2021380.151,2021380.151,2021380.151,Propionibacteriaceae bacterium,2021380.151,Propionibacteriaceae bacterium,1,1,1,1,True,True,True,True,1.0
dd6407a912c6fe0b5bedd40ec79da041,species,1,1,76113.4,76113.4,76113.4,Thauera terpenica,76113.4,Thauera terpenica,1,1,1,1,True,True,True,True,1.0
f50dbd67a45eb3d4ad799c04f77b900d,species,2,2,2883268.4|649756.6,2883268.4|649756.6,2883268.4,Colidextribacter sp. 210702-DFI.3.9,2883268.4,Colidextribacter sp. 210702-DFI.3.9,1,2,2,1|2,True,True,True,True,1.0
d0c18274fc6047611de8d214ecd9c885,genus,2,2,253314.5|1869227.4377,253314.5|1869227.4377,253314.5,Acetivibrio straminisolvens,253314.5,Acetivibrio straminisolvens,2,2,2,2|4,True,True,True,True,1.0
e8279b17fcbd61e4b105b0a3d872b567,species,2,2,57706.365|546.1947,57706.365|546.1947,57706.365,Citrobacter braakii,57706.365,Citrobacter braakii,1,2,2,1|2,True,True,True,True,1.0
8d82d4342e7bd230b09dd20b8e775257,family,1,1,3039678.5,3039678.5,3039678.5,Eubacteriales bacterium mix99,3039678.5,Eubacteriales bacterium mix99,1,1,1,1,True,True,True,True,1.0
db4543063a7cc4847ca4914a1f3f4611,species,1,1,2831468.6,2831468.6,2831468.6,Pseudaminobacter soli (ex Zhang et al. 2022),2831468.6,Pseudaminobacter soli (ex Zhang et al. 2022),1,1,1,1,True,True,True,True,1.0
7d92b18666da2334d7051a3a9791dc97,species,1,1,2268143.5,2268143.5,2268143.5,Methanolinea sp.,2268143.5,Methanolinea sp.,1,1,1,1,True,True,True,True,1.0
e9300c9ad8d48efb516b90fddffeff2e,genus,1,1,1031710.4,1031710.4,1031710.4,Afipia carboxidovorans,1031710.4,Afipia carboxidovorans,1,1,1,1,True,True,True,True,1.0
e367941e1e567e6ca872d51930564433,species,1,1,413497.13,413497.13,413497.13,Cronobacter dublinensis,413497.13,Cronobacter dublinensis,1,1,1,1,True,True,True,True,1.0
306b5217fcb1f91aac0c7708bf674d98,family,1,1,3069298.5,3069298.5,3069298.5,Feifaniaceae bacterium,3069298.5,Feifaniaceae bacterium,1,1,1,1,True,True,True,True,1.0
8add17e8b7e219187fd9b6e3ef665609,genus,1,1,3039678.4,3039678.4,3039678.4,Eubacteriales bacterium mix99,3039678.4,Eubacteriales bacterium mix99,1,1,1,1,True,True,True,True,1.0
5b6a595a6fc20f9f06cf625ed712d163,species,1,1,1879010.11292,1879010.11292,1879010.11292,Bacillota bacterium,1879010.11292,Bacillota bacterium,1,1,1,1,True,True,True,True,1.0
9d39b90a86fcc29202f4775515a05146,genus,3,3,2172005.3|2866948.7|91750.3813,2172005.3|2866948.7|91750.3813,2172005.3,Methylosinus sp. Ce-a6,2172005.3,Methylosinus sp. Ce-a6,2,3,3,2|3|4,True,True,True,True,1.0
520df833871a8a531033d90f108d61a3,species,1,1,2755559.6,2755559.6,2755559.6,Actinomyces capricornis,2755559.6,Actinomyces capricornis,1,1,1,1,True,True,True,True,1.0
7dcd8f2c853c664b258593426d4590c3,species,1,1,2952930.23,2952930.23,2952930.23,Candidatus Limiplasma sp.,2952930.23,Candidatus Limiplasma sp.,1,1,1,1,True,True,True,True,1.0
c1e12e70c3095cd1b1091f534242abd3,species,1,1,91750.4328,91750.4328,91750.4328,uncultured Alphaproteobacteria bacterium,91750.4328,uncultured Alphaproteobacteria bacterium,1,1,1,1,True,True,True,True,1.0
ee4416ea3d6750d9a8586868330f1ff6,genus,1,1,2044939.990,2044939.990,2044939.990,Clostridia bacterium,2044939.990,Clostridia bacterium,1,1,1,1,True,True,True,True,1.0
e3455df1e42e2473c73aabd6238e9d44,species,1,1,2497627.140,2497627.140,2497627.140,Microthrixaceae bacterium,2497627.140,Microthrixaceae bacterium,1,1,1,1,True,True,True,True,1.0
76ceb1ce6517ef51bfc231b0a2084eba,genus,1,1,3083246.38,3083246.38,3083246.38,Christensenellales bacterium,3083246.38,Christensenellales bacterium,1,1,1,1,True,True,True,True,1.0
dbdb30396825379c82448fee2cbe497e,family,2,2,100233.342|2711216.4,100233.342|2711216.4,100233.342,uncultured Planctomycetaceae bacterium,100233.342,uncultured Planctomycetaceae bacterium,1,2,2,1|6,True,True,True,True,1.0
0f97c220b579e7f247036ed1adce5afc,species,1,1,1881030.3,1881030.3,1881030.3,Devosia sp. YR412,1881030.3,Devosia sp. YR412,1,1,1,1,True,True,True,True,1.0
d6ede5314f1108426fbd0e2612d334d0,genus,1,1,2699754.296,2699754.296,2699754.296,Pirellulaceae bacterium,2699754.296,Pirellulaceae bacterium,1,1,1,1,True,True,True,True,1.0
5d09f55ef260c01efb18315a666b6199,genus,1,1,689904.5,689904.5,689904.5,Tissierella carlieri,689904.5,Tissierella carlieri,3,1,1,3,True,True,True,True,1.0
0b5f1332724e9f07873bad86a8fbc029,genus,1,1,2811408.75,2811408.75,2811408.75,Chthoniobacteraceae bacterium,2811408.75,Chthoniobacteraceae bacterium,1,1,1,1,True,True,True,True,1.0
05ced7360de47d5d168d5e800766013b,species,1,1,1909294.1104,1909294.1104,1909294.1104,Hyphomicrobiales bacterium,1909294.1104,Hyphomicrobiales bacterium,1,1,1,1,True,True,True,True,1.0
dec21d55511b3673e457876cc2797df6,species,1,1,2717368.4,2717368.4,2717368.4,Ochrobactrum sp. SFR4,2717368.4,Ochrobactrum sp. SFR4,1,1,1,1,True,True,True,True,1.0
5bbe2a5a01c16cb8363953430baaea87,family,1,1,2026724.1150,2026724.1150,2026724.1150,Chloroflexota bacterium,2026724.1150,Chloroflexota bacterium,1,1,1,1,True,True,True,True,1.0
597e0e7e460f5d0be7030d9da9e27e58,genus,1,1,2024896.64,2024896.64,2024896.64,Anaerolineaceae bacterium,2024896.64,Anaerolineaceae bacterium,1,1,1,1,True,True,True,True,1.0
807e5c070ad04eee21adcd47683dda41,species,2,2,2223.16|2044939.4948,2223.16|2044939.4948,2223.16,Methanothrix soehngenii,2223.16,Methanothrix soehngenii,1,2,2,1|2,True,True,True,True,1.0
d4f7bcef485c713df58bef5a1ceac4b0,genus,1,1,1439888.6,1439888.6,1439888.6,Sandarakinorhabdus fusca,1439888.6,Sandarakinorhabdus fusca,1,1,1,1,True,True,True,True,1.0
32327bc1b2d1a223d9a447241f2cfb82,species,1,1,2026799.1067,2026799.1067,2026799.1067,Verrucomicrobiota bacterium,2026799.1067,Verrucomicrobiota bacterium,1,1,1,1,True,True,True,True,1.0
882e0de9056d8d06c0973aa7b116e09e,species,2,2,2836650.3|2817859.3,2836650.3|2817859.3,2836650.3,Methylobacterium sp. J-070,2836650.3,Methylobacterium sp. J-070,2,2,2,2|3,True,True,True,True,1.0
014f2ae2bd69cc0ab8e5ee1ca2963a01,genus,2,2,2093811.238|690567.9,2093811.238|690567.9,2093811.238,Syntrophomonadaceae bacterium,2093811.238,Syntrophomonadaceae bacterium,2,2,2,2|5,True,True,True,True,1.0
51eeae8786b6b3388d60ae581c58d45e,species,2,2,2708348.3|2053287.22,2708348.3|2053287.22,2708348.3,Acinetobacter sp. WY4,2708348.3,Acinetobacter sp. WY4,1,2,2,1|10,True,True,True,True,1.0
b8498affa9cf12cb08da6f51948f4a69,genus,1,1,1898207.5729,1898207.5729,1898207.5729,Clostridiales bacterium,1898207.5729,Clostridiales bacterium,1,1,1,1,True,True,True,True,1.0
e7ce63997dfabeeef0a57cf7324b9a38,family,1,1,1773.18812,1773.18812,1773.18812,Mycobacterium tuberculosis,1773.18812,Mycobacterium tuberculosis,1,1,1,1,True,True,True,True,1.0
6a56cedcd3fa868b531873970471fd54,species,2,2,1903720.923|658143.152,1903720.923|658143.152,1903720.923,Bacilli bacterium,1903720.923,Bacilli bacterium,2,2,2,2|1,True,True,True,True,1.0
951e9b0abcfa75745329f789c2130b9d,species,2,2,2030927.3153|1898104.3589,2030927.3153|1898104.3589,2030927.3153,Bacteroidales bacterium,2030927.3153,Bacteroidales bacterium,1,2,2,1|4,True,True,True,True,1.0
e7bd1f4dd4c53b791df0120ff747defe,genus,1,1,1734398.4,1734398.4,1734398.4,Gracilibacter sp. BRH_c7a,1734398.4,Gracilibacter sp. BRH_c7a,3,1,1,3,True,True,True,True,1.0
fc61be973c788fb9d6ed4f5f00e19a35,species,1,1,2748031.391,2748031.391,2748031.391,Paludibacteraceae bacterium,2748031.391,Paludibacteraceae bacterium,1,1,1,1,True,True,True,True,1.0
8b541735f380a800e25b1e0a7f433262,species,2,2,2211374.3|2823334.3,2211374.3|2823334.3,2211374.3,Candidatus Accumulibacter meliphilus,2211374.3,Candidatus Accumulibacter meliphilus,1,2,2,1|5,True,True,True,True,1.0
b800c963feb00fb8c515a42b85eb4ceb,species,1,1,2030927.2141,2030927.2141,2030927.2141,Bacteroidales bacterium,2030927.2141,Bacteroidales bacterium,1,1,1,1,True,True,True,True,1.0
dec17ecd030a71bf1867316e52e3532c,genus,1,1,1678841.5,1678841.5,1678841.5,Lentimicrobium saccharophilum,1678841.5,Lentimicrobium saccharophilum,1,1,1,1,True,True,True,True,1.0
5fc0bb2c46108fbe285aee7f247ecd5a,genus,1,1,1122184.3,1122184.3,1122184.3,Lutispora thermophila,1122184.3,Lutispora thermophila,1,1,1,1,True,True,True,True,1.0
fb282bece926443e2ce880ef4c696c6e,species,2,2,57706.365|546.1947,57706.365|546.1947,57706.365,Citrobacter braakii,57706.365,Citrobacter braakii,1,2,2,1|2,True,True,True,True,1.0
b488bf12e36de9f37c9b3da1febf2c3e,genus,2,2,77133.7548|1869227.3863,77133.7548|1869227.3863,77133.7548,uncultured bacterium,77133.7548,uncultured bacterium,1,2,2,1|2,True,True,True,True,1.0
e47e7a777e94141d9ca4d03a24c43c22,genus,3,3,2952907.8|1879010.10681|172733.9284,2952907.8|1879010.10681|172733.9284,2952907.8,Candidatus Avimonas sp.,2952907.8,Candidatus Avimonas sp.,1,3,3,1|2|3,True,True,True,True,1.0
331b2c7da556a639972cc9b2d8a31aa8,genus,1,1,86473.1653,86473.1653,86473.1653,uncultured Gammaproteobacteria bacterium,86473.1653,uncultured Gammaproteobacteria bacterium,1,1,1,1,True,True,True,True,1.0
89c962e2643e3c9af6fa5614a3e57003,species,2,2,1872668.42|337779.3,1872668.42|337779.3,1872668.42,Azonexus sp.,1872668.42,Azonexus sp.,1,2,2,1|2,True,True,True,True,1.0
2b810d05c55b0e9f8dda84a275803f71,genus,1,1,1898204.323,1898204.323,1898204.323,Clostridiaceae bacterium,1898204.323,Clostridiaceae bacterium,1,1,1,1,True,True,True,True,1.0
6cec0bfed5ae5027a2002e200c4f71eb,genus,4,4,3115820.3|2792784.3|2675060.4|686800.3,3115820.3|2792784.3|2675060.4|686800.3,3115820.3,Aquilutibacter rugosus,3115820.3,Aquilutibacter rugosus,3,4,4,3|1|2|4,True,True,True,True,1.0
3b54387c342aed1bbfc6586fdf74ffc6,species,1,1,1664347.22,1664347.22,1664347.22,uncultured Candidatus Berkelbacteria bacterium,1664347.22,uncultured Candidatus Berkelbacteria bacterium,1,1,1,1,True,True,True,True,1.0
66d2801e670d80e47a383b655213cf55,genus,2,2,2283092.296|91750.3813,2283092.296|91750.3813,2283092.296,Pyrinomonadaceae bacterium,2283092.296,Pyrinomonadaceae bacterium,1,2,2,1|2,True,True,True,True,1.0
4fdb441ce30cb8a04ddd4c7b24e39ae2,genus,2,2,1522310.5|2034349.4,1522310.5|2034349.4,1522310.5,Mobilicoccus massiliensis,1522310.5,Mobilicoccus massiliensis,1,2,2,1|2,True,True,True,True,1.0
94c987167d228d5d7c91fde448e1cb6f,genus,1,1,1005740.3,1005740.3,1005740.3,Aminivibrio pyruvatiphilus,1005740.3,Aminivibrio pyruvatiphilus,1,1,1,1,True,True,True,True,1.0
11504835fb7658d601b4ff78ac3173dc,genus,1,1,1121335.11,1121335.11,1121335.11,Thermoclostridium stercorarium,1121335.11,Thermoclostridium stercorarium,1,1,1,1,True,True,True,True,1.0
b06e7e4b55119e4733d40e44a8abf70e,family,1,1,676965.12,676965.12,676965.12,Neomoorella humiferrea,676965.12,Neomoorella humiferrea,1,1,1,1,True,True,True,True,1.0
4c377ed4a13484a07dffc1121a98a02c,species,2,2,1636188.3|1909294.359,1636188.3|1909294.359,1636188.3,Mycoplana azooxidifex,1636188.3,Mycoplana azooxidifex,2,2,2,2|3,True,True,True,True,1.0
67d143ab6e193466450c7a998b92092b,genus,1,1,2772560.4,2772560.4,2772560.4,Gracilibacter sp.,2772560.4,Gracilibacter sp.,1,1,1,1,True,True,True,True,1.0
cdfbfbaaeefc8ad48995e3953a7ed409,genus,2,2,2582848.3|3027807.3,2582848.3|3027807.3,2582848.3,Paenibacillus antri,2582848.3,Paenibacillus antri,1,2,2,1|2,True,True,True,True,1.0
cb3f42ad378ddeda014d895db355586b,species,2,2,3050224.3|1733.9181,3050224.3|1733.9181,3050224.3,Schaalia dentiphila,3050224.3,Schaalia dentiphila,3,2,2,3|4,True,True,True,True,1.0
a8615f5ca1d297895cc840a75212b907,species,1,1,2964540.20,2964540.20,2964540.20,Smithellaceae bacterium,2964540.20,Smithellaceae bacterium,1,1,1,1,True,True,True,True,1.0
c93a843b39949238201808402b1961af,species,1,1,1898204.343,1898204.343,1898204.343,Clostridiaceae bacterium,1898204.343,Clostridiaceae bacterium,1,1,1,1,True,True,True,True,1.0
1fe612d44adcd7a6a0efbc7ad770fb38,genus,1,1,1672391.865,1672391.865,1672391.865,uncultured Chloroflexia bacterium,1672391.865,uncultured Chloroflexia bacterium,1,1,1,1,True,True,True,True,1.0
79e2b6d098bc24e051a82e3d618d416f,species,2,2,947033.5|45071.8,947033.5|45071.8,947033.5,Legionella steelei,947033.5,Legionella steelei,1,2,2,1|2,True,True,True,True,1.0
968d645ed5e3c0c4d5aca134f0a331c6,family,1,1,1898206.155,1898206.155,1898206.155,Spirochaetaceae bacterium,1898206.155,Spirochaetaceae bacterium,1,1,1,1,True,True,True,True,1.0
e99169633801b8aba8a6ae89e0ee2a26,species,2,2,1629550.38|1490.87,1629550.38|1490.87,1629550.38,Paraclostridium benzoelyticum,1629550.38,Paraclostridium benzoelyticum,1,2,2,1|2,True,True,True,True,1.0
27bf144e99719b4fc317b863187fbb02,species,1,1,2049048.197,2049048.197,2049048.197,Rikenellaceae bacterium,2049048.197,Rikenellaceae bacterium,1,1,1,1,True,True,True,True,1.0
0b3409f24cff7c6aaaf882bfd4dff493,species,1,1,2282155.13,2282155.13,2282155.13,Syntrophobacterales bacterium,2282155.13,Syntrophobacterales bacterium,1,1,1,1,True,True,True,True,1.0
d3f5664e0b0ff1d9e8c033e68287b955,species,1,1,2093811.236,2093811.236,2093811.236,Syntrophomonadaceae bacterium,2093811.236,Syntrophomonadaceae bacterium,1,1,1,1,True,True,True,True,1.0
4eb5104c00849c7945edc8157a171dc6,species,2,2,2364082.122|3121628.8,2364082.122|3121628.8,2364082.122,Candidatus Obscuribacterales bacterium,2364082.122,Candidatus Obscuribacterales bacterium,2,2,2,2|3,True,True,True,True,1.0
7b93ff9b2b7ff23722305deb2a9ef5a6,species,2,2,1298606.3|213585.10,1298606.3|213585.10,1298606.3,Methanosarcina barkeri,1298606.3,Methanosarcina barkeri,1,2,2,1|2,True,True,True,True,1.0
5123dd9ee5dd0ff1f650715fceb6a18b,genus,1,1,1734398.4,1734398.4,1734398.4,Gracilibacter sp. BRH_c7a,1734398.4,Gracilibacter sp. BRH_c7a,1,1,1,1,True,True,True,True,1.0
5b7a288e8ea092f67f03a49612946d43,genus,1,1,39441.6,39441.6,39441.6,Methanobrevibacter arboriphilus,39441.6,Methanobrevibacter arboriphilus,1,1,1,1,True,True,True,True,1.0
03d388b8f22b5b0c867f9fd46a649622,genus,1,1,1879010.10588,1879010.10588,1879010.10588,Bacillota bacterium,1879010.10588,Bacillota bacterium,1,1,1,1,True,True,True,True,1.0
506750e38fe1cebfe10a707f61a69479,species,2,2,28450.4538|60550.81,28450.4538|60550.81,28450.4538,Burkholderia pseudomallei,28450.4538,Burkholderia pseudomallei,1,2,2,1|2,True,True,True,True,1.0
25668c0238f943ae425391ec3054a4d0,species,2,2,1855285.3|50421.193,1855285.3|50421.193,1855285.3,Rhodoferax sp. OV413,1855285.3,Rhodoferax sp. OV413,1,2,2,1|5,True,True,True,True,1.0
3ec5ac546f36cb0a6d6b41ea94437fd6,species,2,2,220688.4|1404.269,220688.4|1404.269,220688.4,Neobacillus soli,220688.4,Neobacillus soli,1,2,2,1|2,True,True,True,True,1.0
1191fe2ebce22f74b6596d9d91475abf,genus,2,2,3039678.3|3082383.24,3039678.3|3082383.24,3039678.3,Eubacteriales bacterium mix99,3039678.3,Eubacteriales bacterium mix99,4,2,2,4|8,True,True,True,True,1.0
58a2d5b3e1ddfcaf493f61028578cc92,genus,1,1,1852931.3,1852931.3,1852931.3,Verrucomicrobia bacterium ADurb.Bin474,1852931.3,Verrucomicrobia bacterium ADurb.Bin474,1,1,1,1,True,True,True,True,1.0
7380f2dbd0ed772394d1ec7413371fd5,genus,1,1,2026779.820,2026779.820,2026779.820,Planctomycetaceae bacterium,2026779.820,Planctomycetaceae bacterium,1,1,1,1,True,True,True,True,1.0
8f6e77dd37d82d5d60ee21867f52f9e4,species,1,1,1879010.10792,1879010.10792,1879010.10792,Bacillota bacterium,1879010.10792,Bacillota bacterium,1,1,1,1,True,True,True,True,1.0
b7b7b13db34b15898a31873237c7932a,species,1,1,2052185.55,2052185.55,2052185.55,Syntrophobacteraceae bacterium,2052185.55,Syntrophobacteraceae bacterium,1,1,1,1,True,True,True,True,1.0
88811f3c000a695490dfaba4702345a6,family,1,1,1879010.10751,1879010.10751,1879010.10751,Bacillota bacterium,1879010.10751,Bacillota bacterium,1,1,1,1,True,True,True,True,1.0
46fcb071239921902d1df130f863599c,genus,1,1,1879010.10574,1879010.10574,1879010.10574,Bacillota bacterium,1879010.10574,Bacillota bacterium,1,1,1,1,True,True,True,True,1.0
29ffed0e67cdfb55f16960a8f8428cb5,species,2,2,904933.3|60912.5,904933.3|60912.5,904933.3,Pseudonocardia hispaniensis,904933.3,Pseudonocardia hispaniensis,8,2,2,8|9,True,True,True,True,1.0
a5a1519fb2b6c41d9cbc7937a35a9e32,species,2,2,3079861.3|2571749.3,3079861.3|2571749.3,3079861.3,Novosphingobium sp. ZN18A2,3079861.3,Novosphingobium sp. ZN18A2,1,2,2,1|2,True,True,True,True,1.0
e8a98ce984ee0d66515ea055e525930b,genus,1,1,785.51,785.51,785.51,Rickettsia typhi,785.51,Rickettsia typhi,1,1,1,1,True,True,True,True,1.0
a81cdbf7c63d89c325cb7ef0766f27f1,family,2,2,2831996.580|905011.467,2831996.580|905011.467,2831996.580,Eubacteriales bacterium,2831996.580,Eubacteriales bacterium,4,2,2,4|5,True,True,True,True,1.0
0d0ce1c9fb76a8c707691b0f3a9f7a71,genus,1,1,2026720.101,2026720.101,2026720.101,Candidatus Saccharimonadota bacterium,2026720.101,Candidatus Saccharimonadota bacterium,1,1,1,1,True,True,True,True,1.0
44c8b9c58c1fcec63fc77db189334c81,species,1,1,91750.3117,91750.3117,91750.3117,uncultured Alphaproteobacteria bacterium,91750.3117,uncultured Alphaproteobacteria bacterium,1,1,1,1,True,True,True,True,1.0
df24931eef177828ec0d0b347ec6cf02,below,0,0,,,,,,,,0,0,,,,,,
7fc016100eca426d7fdf7f8abd29a67c,family,1,1,3069298.5,3069298.5,3069298.5,Feifaniaceae bacterium,3069298.5,Feifaniaceae bacterium,1,1,1,1,True,True,True,True,1.0
ffa712fb62fa7468337cc7e0f0c527c3,species,1,1,129848.4,129848.4,129848.4,Methanobacterium curvum,129848.4,Methanobacterium curvum,1,1,1,1,True,True,True,True,1.0
b6b373e4adb9c081da6a2499547960c7,species,2,2,1978231.1729|3090891.5,1978231.1729|3090891.5,1978231.1729,Acidobacteriota bacterium,1978231.1729,Acidobacteriota bacterium,1,2,2,1|3,True,True,True,True,1.0
b8b153dc28937eced2dad92fa7f542cb,genus,1,1,3082386.11,3082386.11,3082386.11,Candidatus Wallacebacter cryptica,3082386.11,Candidatus Wallacebacter cryptica,2,1,1,2,True,True,True,True,1.0
7f26e242060257e98029fcaad8b88db9,genus,1,1,1294025.4,1294025.4,1294025.4,Cellulosilyticum ruminicola,1294025.4,Cellulosilyticum ruminicola,1,1,1,1,True,True,True,True,1.0
8067fd3f7aedca5f755d76ba6d001ecc,species,2,2,2892404.39|2485925.3816,2892404.39|2485925.3816,2892404.39,Vescimonas sp.,2892404.39,Vescimonas sp.,1,2,2,1|4,True,True,True,True,1.0
341ffe203147e821ef8fc61a221e53eb,species,1,1,2448052.95,2448052.95,2448052.95,Geminicoccaceae bacterium,2448052.95,Geminicoccaceae bacterium,1,1,1,1,True,True,True,True,1.0
da9b9d254bc05bd32ff186a046fedf37,genus,1,1,2715253.315,2715253.315,2715253.315,Pirellulales bacterium,2715253.315,Pirellulales bacterium,1,1,1,1,True,True,True,True,1.0
f453adbb26cf3d1efef5c3629bbf654d,species,2,2,2782641.4|3341829.3,2782641.4|3341829.3,2782641.4,Bradyrhizobium sp. 170,2782641.4,Bradyrhizobium sp. 170,1,2,2,1|2,True,True,True,True,1.0
02ea17d797fcd9ffbf9d5e3644039b1c,genus,1,1,2044939.4948,2044939.4948,2044939.4948,Clostridia bacterium,2044939.4948,Clostridia bacterium,1,1,1,1,True,True,True,True,1.0
1dd54482446cd8882dfd4fc7d128da40,genus,1,1,2900548.1116,2900548.1116,2900548.1116,Actinomycetota bacterium,2900548.1116,Actinomycetota bacterium,1,1,1,1,True,True,True,True,1.0
52ac87abfa970ee890f4bfb7ce0f1337,genus,1,1,2053624.170,2053624.170,2053624.170,Synergistaceae bacterium,2053624.170,Synergistaceae bacterium,1,1,1,1,True,True,True,True,1.0
346f4cf3bc35393efe4260b2f0b1966d,genus,2,2,240016.10|2499141.172,240016.10|2499141.172,240016.10,Verrucomicrobium spinosum,240016.10,Verrucomicrobium spinosum,1,2,2,1|2,True,True,True,True,1.0
05cd3e6e3d718a12823c6bbb39645689,species,1,1,1978337.3,1978337.3,1978337.3,Petrimonas sp. IBARAKI,1978337.3,Petrimonas sp. IBARAKI,1,1,1,1,True,True,True,True,1.0
4e73d26557436d233aea34f6a5371895,genus,2,2,2044939.530|2773933.31,2044939.530|2773933.31,2044939.530,Clostridia bacterium,2044939.530,Clostridia bacterium,1,2,2,1|2,True,True,True,True,1.0
44e8289188f3e0139151462805c84f90,genus,1,1,2054177.131,2054177.131,2054177.131,Christensenellaceae bacterium,2054177.131,Christensenellaceae bacterium,1,1,1,1,True,True,True,True,1.0
66a4777d24bf1ea8d458266ff7f08cfd,genus,1,1,3083246.37,3083246.37,3083246.37,Christensenellales bacterium,3083246.37,Christensenellales bacterium,1,1,1,1,True,True,True,True,1.0
37376f3bdaca3bbd8c0eabde3b65c9a8,species,1,1,1509.110,1509.110,1509.110,Clostridium sporogenes,1509.110,Clostridium sporogenes,1,1,1,1,True,True,True,True,1.0
7c8a44a5a37e7afc0e7ccfddef0dbba5,genus,2,2,2763679.3|1582259.3,2763679.3|1582259.3,2763679.3,Paratissierella segnis,2763679.3,Paratissierella segnis,1,2,2,1|2,True,True,True,True,1.0
114cdf597c818ff8382b6dc6075483ee,family,1,1,707003.1350,707003.1350,707003.1350,uncultured Oscillospiraceae bacterium,707003.1350,uncultured Oscillospiraceae bacterium,2,1,1,2,True,True,True,True,1.0
52fb28de37b20bccb60112277a3b7c8b,species,1,1,2497627.148,2497627.148,2497627.148,Microthrixaceae bacterium,2497627.148,Microthrixaceae bacterium,2,1,1,2,True,True,True,True,1.0
43bd75d8b401c403c3a5e8bd8c343540,family,1,1,2052143.1070,2052143.1070,2052143.1070,Anaerolineae bacterium,2052143.1070,Anaerolineae bacterium,1,1,1,1,True,True,True,True,1.0
4b99ad27979703cf85b4166c91bfa04d,genus,1,1,1678841.5,1678841.5,1678841.5,Lentimicrobium saccharophilum,1678841.5,Lentimicrobium saccharophilum,1,1,1,1,True,True,True,True,1.0
84f0bed445af5694e5b98998ffde30a8,species,2,2,3385969.3|1782.20,3385969.3|1782.20,3385969.3,Mycobacterium sp. SMC-11,3385969.3,Mycobacterium sp. SMC-11,1,2,2,1|4,True,True,True,True,1.0
bcebf60c83721eb2fd57f1ddb53c6058,species,2,2,28082.25|3367288.3,28082.25|3367288.3,28082.25,Legionella anisa,28082.25,Legionella anisa,1,2,2,1|5,True,True,True,True,1.0
c94e801a01830b859c8402d61787965f,species,1,1,2841655.3,2841655.3,2841655.3,Methanobacterium sp. YSL,2841655.3,Methanobacterium sp. YSL,1,1,1,1,True,True,True,True,1.0
9b0365b5a27348e323235f03eb91b153,species,1,1,2518612.350,2518612.350,2518612.350,Candidatus Nanopelagicales bacterium,2518612.350,Candidatus Nanopelagicales bacterium,1,1,1,1,True,True,True,True,1.0
fab2c4c54cd5034675223cf06e3eb8c2,genus,1,1,1447062.4,1447062.4,1447062.4,Paradevosia tibetensis,1447062.4,Paradevosia tibetensis,1,1,1,1,True,True,True,True,1.0
5921e25af2acb3d6f297ce40e0373ecd,genus,1,1,2758719.21,2758719.21,2758719.21,Caldisericia bacterium,2758719.21,Caldisericia bacterium,1,1,1,1,True,True,True,True,1.0
390239bf01b14308adb01f1634c4b99c,species,1,1,120963.3,120963.3,120963.3,Methanobrevibacter acididurans,120963.3,Methanobrevibacter acididurans,1,1,1,1,True,True,True,True,1.0
60c0c1f05c6aa0881583afbe565c5323,genus,1,1,2033014.110,2033014.110,2033014.110,Armatimonadota bacterium,2033014.110,Armatimonadota bacterium,1,1,1,1,True,True,True,True,1.0
26d527b73ea4ab711c0bf740b69fbfeb,family,2,2,2052143.1070|1797631.3,2052143.1070|1797631.3,2052143.1070,Anaerolineae bacterium,2052143.1070,Anaerolineae bacterium,1,2,2,1|2,True,True,True,True,1.0
c4a386b001291fa4bda56b6eb40173b6,below,0,0,,,,,,,,0,0,,,,,,
4ceda7391cbf9cebcf0484faad59687b,family,2,2,676965.12|3083246.45,676965.12|3083246.45,676965.12,Neomoorella humiferrea,676965.12,Neomoorella humiferrea,4,2,2,4|1,True,True,True,True,1.0
110f5c1e92f18f2cdc7af78a035555a7,species,2,2,1913988.939|2053589.824,1913988.939|2053589.824,1913988.939,Alphaproteobacteria bacterium,1913988.939,Alphaproteobacteria bacterium,1,2,2,1|2,True,True,True,True,1.0
0c4b95d668645a2a85addfe2f084b6f2,species,2,2,1775.8|3027808.8,1775.8|3027808.8,1775.8,Mycobacterium cookii,1775.8,Mycobacterium cookii,3,2,2,3|4,True,True,True,True,1.0
3890b069eb54ede0917072f32a071c12,species,1,1,2054177.131,2054177.131,2054177.131,Christensenellaceae bacterium,2054177.131,Christensenellaceae bacterium,1,1,1,1,True,True,True,True,1.0
7eea950c837e9a07539bc8deadb18ccd,family,1,1,2763656.3,2763656.3,2763656.3,Guopingia tenuis,2763656.3,Guopingia tenuis,1,1,1,1,True,True,True,True,1.0
d940283de678b9ef93da553438afcd90,species,1,1,91750.5237,91750.5237,91750.5237,uncultured Alphaproteobacteria bacterium,91750.5237,uncultured Alphaproteobacteria bacterium,1,1,1,1,True,True,True,True,1.0
554686cea3283b156638818673bd7f53,species,1,1,1889883.3,1889883.3,1889883.3,Proteiniborus sp. DW1,1889883.3,Proteiniborus sp. DW1,1,1,1,1,True,True,True,True,1.0
7f52ee67403fedcc4a7ddae34cd0e7a4,species,2,2,43057.14|2528036.3,43057.14|2528036.3,43057.14,Cereibacter azotoformans,43057.14,Cereibacter azotoformans,2,2,2,2|3,True,True,True,True,1.0
50af975bdb69f3f8359160d177493dc6,genus,2,2,1898205.3571|2840927.5,1898205.3571|2840927.5,1898205.3571,,1898205.3571,,1,2,2,1|2,True,True,True,False,1.0
a5f0eb48a3a77f5fe2faa3b9571dc6b6,genus,2,2,2682968.3|51670.3,2682968.3|51670.3,2682968.3,Hyphomicrobium sp. ghe19,2682968.3,Hyphomicrobium sp. ghe19,1,2,2,1|3,True,True,True,True,1.0
3e8c3a8b8d144e5a10adb57a7cc517da,genus,1,1,91750.4517,91750.4517,91750.4517,uncultured Alphaproteobacteria bacterium,91750.4517,uncultured Alphaproteobacteria bacterium,1,1,1,1,True,True,True,True,1.0
96e13bb8e776c83458e2b282cd3e44e0,species,2,2,3057384.3|44255.6,3057384.3|44255.6,3057384.3,Bradyrhizobium sp. SZCCHNR2032,3057384.3,Bradyrhizobium sp. SZCCHNR2032,1,2,2,1|2,True,True,True,True,1.0
245b33b8928a2d472035cfcc336caddb,genus,1,1,2024896.238,2024896.238,2024896.238,Anaerolineaceae bacterium,2024896.238,Anaerolineaceae bacterium,1,1,1,1,True,True,True,True,1.0
e587cd60e62e6c08ac653bef4e935304,genus,1,1,2024896.411,2024896.411,2024896.411,Anaerolineaceae bacterium,2024896.411,Anaerolineaceae bacterium,1,1,1,1,True,True,True,True,1.0
781af70eed8b17d285d44f49d836a48e,genus,3,3,2866581.4|3346652.3|363840.6,2866581.4|3346652.3|363840.6,2866581.4,Inquilinus sp. Marseille-Q2685,2866581.4,Inquilinus sp. Marseille-Q2685,1,3,3,1|2|9,True,True,True,True,1.0
1fe5ac555eb14e8844d872f1061c429f,species,2,2,2979862.3|2250594.4,2979862.3|2250594.4,2979862.3,Rhizobium sp. TRM95796,2979862.3,Rhizobium sp. TRM95796,1,2,2,1|2,True,True,True,True,1.0
8d1e64ee4aa50278de70ddd89e5c3665,species,1,1,2030927.2985,2030927.2985,2030927.2985,Bacteroidales bacterium,2030927.2985,Bacteroidales bacterium,1,1,1,1,True,True,True,True,1.0
92862fbe6ff344c8964156b2a0b424cc,species,0,0,,,,,,,,0,0,,,,,,
076f9a4680cc7c0f8cee8a887ae40f4a,species,2,2,3373869.3|1820333.3,3373869.3|1820333.3,3373869.3,Paracoccus broussonetiae,3373869.3,Paracoccus broussonetiae,1,2,2,1|2,True,True,True,True,1.0
5ef194c523178b714e804757a3218c3a,species,1,1,1898206.193,1898206.193,1898206.193,Spirochaetaceae bacterium,1898206.193,Spirochaetaceae bacterium,1,1,1,1,True,True,True,True,1.0
4b3f93408aee639f8a0d3499050b9ff3,genus,1,1,1289519.3,1289519.3,1289519.3,Clostridium liquoris,1289519.3,Clostridium liquoris,1,1,1,1,True,True,True,True,1.0
b5a4aad370e78b9f833c9424031c44ec,species,1,1,1874737.25,1874737.25,1874737.25,Methanolobus sp.,1874737.25,Methanolobus sp.,1,1,1,1,True,True,True,True,1.0
090b23760e2b4c99732ad0ce04fa8ac2,genus,1,1,1672391.679,1672391.679,1672391.679,uncultured Chloroflexia bacterium,1672391.679,uncultured Chloroflexia bacterium,1,1,1,1,True,True,True,True,1.0
3196bc82f5a5ddf5efff5dfd48579b60,species,1,1,3064265.5,3064265.5,3064265.5,Planctellipticum variicoloris,3064265.5,Planctellipticum variicoloris,1,1,1,1,True,True,True,True,1.0
1e37d3623e8679bea135824898326438,family,1,1,3036772.5,3036772.5,3036772.5,Candidatus Xenobia bacterium,3036772.5,Candidatus Xenobia bacterium,1,1,1,1,True,True,True,True,1.0
de1e619dc7f15e1df4639581d8f08666,species,1,1,1879010.11001,1879010.11001,1879010.11001,Bacillota bacterium,1879010.11001,Bacillota bacterium,1,1,1,1,True,True,True,True,1.0
261ea1a5459096d6d6d7a6c03a0800ef,genus,1,1,2172549.5,2172549.5,2172549.5,Candidatus Brocadia sp.,2172549.5,Candidatus Brocadia sp.,1,1,1,1,True,True,True,True,1.0
2f94ec758afccdb570dcc9fd5080e5c4,species,2,2,2956936.3|2956978.3,2956936.3|2956978.3,2956936.3,Mesorhizobium sp. M0320,2956936.3,Mesorhizobium sp. M0320,1,2,2,1|2,True,True,True,True,1.0
9e2b122adf540f378ae4674b70ffa70d,genus,2,2,1913989.6114|86473.1699,1913989.6114|86473.1699,1913989.6114,Gammaproteobacteria bacterium,1913989.6114,Gammaproteobacteria bacterium,1,2,2,1|2,True,True,True,True,1.0
97d46cb66b426e54414d29f5c60c740a,species,1,1,1162965.3,1162965.3,1162965.3,Angustibacter aerolatus,1162965.3,Angustibacter aerolatus,1,1,1,1,True,True,True,True,1.0
87c488a6467b31c46a8e05912b6a0d09,genus,1,1,1122184.3,1122184.3,1122184.3,Lutispora thermophila,1122184.3,Lutispora thermophila,1,1,1,1,True,True,True,True,1.0
fc9125c17dc8e3db85b070f0c8457f7b,genus,1,1,2831996.379,2831996.379,2831996.379,Eubacteriales bacterium,2831996.379,Eubacteriales bacterium,1,1,1,1,True,True,True,True,1.0
831cff0214f7446fab90ddfedf7bfcee,species,2,2,2735553.3|1683161.3,2735553.3|1683161.3,2735553.3,Chthonobacter rhizosphaerae,2735553.3,Chthonobacter rhizosphaerae,1,2,2,1|3,True,True,True,True,1.0
8fbc49c6f3ec10b319e77d0a2ed2204f,genus,2,2,2044939.4951|1434378.4,2044939.4951|1434378.4,2044939.4951,Clostridia bacterium,2044939.4951,Clostridia bacterium,2,2,2,2|1,True,True,True,True,1.0
17e2d5f6e5fc504e01e29c78e545e138,species,2,2,176233.15|2099680.25,176233.15|2099680.25,176233.15,uncultured Methanobacteriaceae archaeon,176233.15,uncultured Methanobacteriaceae archaeon,1,2,2,1|7,True,True,True,True,1.0
c983ca27c4dffb6920f6059c696adbc2,family,1,1,2054177.135,2054177.135,2054177.135,Christensenellaceae bacterium,2054177.135,Christensenellaceae bacterium,2,1,1,2,True,True,True,True,1.0
53303fb50c16833ed95f7bd85950456e,species,1,1,2030808.361,2030808.361,2030808.361,Candidatus Cloacimonadota bacterium,2030808.361,Candidatus Cloacimonadota bacterium,1,1,1,1,True,True,True,True,1.0
4caeeec76b63970fd73a62f3d9c522ef,genus,1,1,2054177.120,2054177.120,2054177.120,Christensenellaceae bacterium,2054177.120,Christensenellaceae bacterium,1,1,1,1,True,True,True,True,1.0
df16556a6b657130b148c9926e0247a1,genus,3,3,1883427.1869|1955623.6|3157620.3,1883427.1869|1955623.6|3157620.3,1883427.1869,Actinomycetes bacterium,1883427.1869,Actinomycetes bacterium,3,3,3,3|4|6,True,True,True,True,1.0
b777295e241883a56ab55b6d0fab2f76,species,1,1,1926877.42,1926877.42,1926877.42,Proteiniphilum sp.,1926877.42,Proteiniphilum sp.,1,1,1,1,True,True,True,True,1.0
98250dc58799b80cb124a1f158f2cf22,genus,1,1,1678841.5,1678841.5,1678841.5,Lentimicrobium saccharophilum,1678841.5,Lentimicrobium saccharophilum,1,1,1,1,True,True,True,True,1.0
b9c18a25d45d96085a8dc107c559846e,species,1,1,1685.1441,1685.1441,1685.1441,Bifidobacterium breve,1685.1441,Bifidobacterium breve,1,1,1,1,True,True,True,True,1.0
888e2ada2610807488d3dee136938241,species,2,2,2818473.30|2015802.3,2818473.30|2015802.3,2818473.30,Giesbergeria sp.,2818473.30,Giesbergeria sp.,1,2,2,1|4,True,True,True,True,1.0
94cb8b6fb586e9fe9607e3e52891c49a,species,2,2,1494461.20|1348633.3,1494461.20|1348633.3,1494461.20,Pseudolactococcus laudensis,1494461.20,Pseudolactococcus laudensis,1,2,2,1|2,True,True,True,True,1.0
1580d11744da85a8f38720800053143f,genus,1,1,2485925.2267,2485925.2267,2485925.2267,Oscillospiraceae bacterium,2485925.2267,Oscillospiraceae bacterium,1,1,1,1,True,True,True,True,1.0
a279fb62a47697ac7088fbfeb831c6cf,genus,1,1,1678841.5,1678841.5,1678841.5,Lentimicrobium saccharophilum,1678841.5,Lentimicrobium saccharophilum,1,1,1,1,True,True,True,True,1.0
5bfd0607c1130b2ea95261361ed0aaf1,species,2,2,59779.36|1603292.4,59779.36|1603292.4,59779.36,Paracoccus marcusii,59779.36,Paracoccus marcusii,1,2,2,1|4,True,True,True,True,1.0
6e868cfa7b0e75b04f31fbeedfc29c64,species,2,2,1898206.173|2807629.3,1898206.173|2807629.3,1898206.173,Spirochaetaceae bacterium,1898206.173,Spirochaetaceae bacterium,1,2,2,1|3,True,True,True,True,1.0
99e5f06a61d06cdb191e00e52948bac7,species,0,0,,,,,,,,0,0,,,,,,
cab3a156d09c8a95a87cc88ccf7c4de5,species,0,0,,,,,,,,0,0,,,,,,
d6a202591a42fa999f25af7a7aefcffd,species,2,2,2099680.25|176233.15,2099680.25|176233.15,2099680.25,Methanobacteriaceae archaeon,2099680.25,Methanobacteriaceae archaeon,1,2,2,1|2,True,True,True,True,1.0
1871e15a08fa2411512dc34595fb1958,genus,2,2,3048830.6|1879010.7796,3048830.6|1879010.7796,3048830.6,Candidatus Aphodoplasma sp.,3048830.6,Candidatus Aphodoplasma sp.,1,2,2,1|2,True,True,True,True,1.0
608bdffdf9263f1b123d069d10e69f9a,below,0,0,,,,,,,,0,0,,,,,,
5022c2e85eb7347a496e69b612b21ce1,species,1,1,2304039.14,2304039.14,2304039.14,Thermoanaerobacterales bacterium,2304039.14,Thermoanaerobacterales bacterium,1,1,1,1,True,True,True,True,1.0
5286cf541576f555afe0b5b79d1163d9,species,2,2,2900548.2999|2952967.32,2900548.2999|2952967.32,2900548.2999,Actinomycetota bacterium,2900548.2999,Actinomycetota bacterium,1,2,2,1|2,True,True,True,True,1.0
8a08f279c5533390e6b47c6969ed7d82,genus,1,1,1912891.86,1912891.86,1912891.86,Sphingobium sp.,1912891.86,Sphingobium sp.,1,1,1,1,True,True,True,True,1.0
5e4fdda0c1bb85957202d1498f061aa8,genus,1,1,2172549.5,2172549.5,2172549.5,Candidatus Brocadia sp.,2172549.5,Candidatus Brocadia sp.,1,1,1,1,True,True,True,True,1.0
289c551826100c6df283e6a9e2050688,genus,1,1,84032.5,84032.5,84032.5,Clostridium thermosuccinogenes,84032.5,Clostridium thermosuccinogenes,1,1,1,1,True,True,True,True,1.0
3547314cbc17e38fbaed69287ddb4f31,genus,1,1,2874846.8,2874846.8,2874846.8,Candidatus Methanoliparum sp. LAM-1,2874846.8,Candidatus Methanoliparum sp. LAM-1,1,1,1,1,True,True,True,True,1.0
7fd8ef977c4177cf2c4c536310a8f19f,genus,5,5,3041758.4|3041785.4|1906742.8|3041793.3|3132286.3,3041758.4|3041785.4|1906742.8|3041793.3|3132286.3,3041758.4,Microbacterium sp. SORGH_AS_0454,3041758.4,Microbacterium sp. SORGH_AS_0454,1,5,5,1|2|5|6|10,True,True,True,True,1.0
2780b1a1535644ef954b37c0be366f13,family,1,1,86473.1806,86473.1806,86473.1806,uncultured Gammaproteobacteria bacterium,86473.1806,uncultured Gammaproteobacteria bacterium,1,1,1,1,True,True,True,True,1.0
cd969c22db8f82239769a164e1e5ea93,genus,1,1,157466.59,157466.59,157466.59,uncultured Armatimonadota bacterium,157466.59,uncultured Armatimonadota bacterium,1,1,1,1,True,True,True,True,1.0
403445d403772ea7701cd01368da5a56,family,1,1,3073581.77,3073581.77,3073581.77,Hominenteromicrobium sp.,3073581.77,Hominenteromicrobium sp.,2,1,1,2,True,True,True,True,1.0
be3b9cc41eb5d6dd33c9f480048a62a9,genus,1,1,2053608.6,2053608.6,2053608.6,Ruminiclostridium sp.,2053608.6,Ruminiclostridium sp.,1,1,1,1,True,True,True,True,1.0
bfbc3acfb5c0b219aa6480a3323adf77,species,2,2,1951406.3|2024896.402,1951406.3|2024896.402,1951406.3,Anaerolineaceae bacterium UBA2274,1951406.3,Anaerolineaceae bacterium UBA2274,1,2,2,1|2,True,True,True,True,1.0
ddb21bd22519316c9c3bf922a9a8e816,species,1,1,28220.3,28220.3,28220.3,Allobrachymonas denitrificans,28220.3,Allobrachymonas denitrificans,1,1,1,1,True,True,True,True,1.0
67bf6c3e83fa94009baa7f3b5929da23,genus,1,1,471827.5,471827.5,471827.5,Desulforudis audaxviator,471827.5,Desulforudis audaxviator,1,1,1,1,True,True,True,True,1.0
b62d797963ea269412b16706df6c98e9,family,1,1,120965.151,120965.151,120965.151,uncultured Planctomycetota bacterium,120965.151,uncultured Planctomycetota bacterium,1,1,1,1,True,True,True,True,1.0
8b6c39d6fb07636b4e870fe0bb1803cc,genus,1,1,2013842.3,2013842.3,2013842.3,Synergistetes bacterium HGW-Synergistetes-1,2013842.3,Synergistetes bacterium HGW-Synergistetes-1,2,1,1,2,True,True,True,True,1.0
9f34b6a04f6d30d61947a02265404b17,species,1,1,2013811.3,2013811.3,2013811.3,Ignavibacteriae bacterium HGW-Ignavibacteriae-4,2013811.3,Ignavibacteriae bacterium HGW-Ignavibacteriae-4,1,1,1,1,True,True,True,True,1.0
303f7af49ecdd12099842ae3af234567,genus,2,2,1674862.5|2721153.3,1674862.5|2721153.3,1674862.5,Spirochaetales bacterium Spiro_06,1674862.5,Spirochaetales bacterium Spiro_06,1,2,2,1|2,True,True,True,True,1.0
d79b4530e47feda71be7e93aa663f0b0,family,1,1,1879010.11554,1879010.11554,1879010.11554,Bacillota bacterium,1879010.11554,Bacillota bacterium,1,1,1,1,True,True,True,True,1.0
f5cb3fde6a13561ed6e13a04732f79e3,genus,1,1,2772560.4,2772560.4,2772560.4,Gracilibacter sp.,2772560.4,Gracilibacter sp.,1,1,1,1,True,True,True,True,1.0
5881e5969b9c5cced797ab5e237049b4,species,1,1,1056982.4,1056982.4,1056982.4,Gordonia phosphorivorans,1056982.4,Gordonia phosphorivorans,1,1,1,1,True,True,True,True,1.0
5b2c9996f39f03a22f551c353da1d3ed,species,2,2,2911371.5|2801337.3,2911371.5|2801337.3,2911371.5,Nocardioides potassii,2911371.5,Nocardioides potassii,1,2,2,1|8,True,True,True,True,1.0
12d48d4e5b03a44eb1e1c7c2bb216348,species,2,2,50421.331|1977087.1360,50421.331|1977087.1360,50421.331,Rhodoferax sp.,50421.331,Rhodoferax sp.,1,2,2,1|2,True,True,True,True,1.0
2d6bab1b94570e4c69c5ef51945f774e,genus,1,1,2751370.3,2751370.3,2751370.3,Rhabdothermincola sediminis,2751370.3,Rhabdothermincola sediminis,1,1,1,1,True,True,True,True,1.0
dbec03fc66ff2c2d4e6b089d27824139,species,1,1,45200.8,45200.8,45200.8,Methanospirillum sp.,45200.8,Methanospirillum sp.,1,1,1,1,True,True,True,True,1.0
ad6ed76aeca8371d3d439eb14c33610c,family,1,1,2049044.566,2049044.566,2049044.566,Erysipelotrichaceae bacterium,2049044.566,Erysipelotrichaceae bacterium,1,1,1,1,True,True,True,True,1.0
c259cda388580d886e6cbb43a1272e68,species,1,1,2026779.942,2026779.942,2026779.942,Planctomycetaceae bacterium,2026779.942,Planctomycetaceae bacterium,1,1,1,1,True,True,True,True,1.0
a8c38ea3b5825798b0141007373178aa,genus,1,1,1935179.331,1935179.331,1935179.331,uncultured Angelakisella sp.,1935179.331,uncultured Angelakisella sp.,1,1,1,1,True,True,True,True,1.0
54f9550f07f9d5c730eb5449e856d30a,species,2,2,1367435.3|2991054.4,1367435.3|2991054.4,1367435.3,Alcaligenes sp. DN25,1367435.3,Alcaligenes sp. DN25,1,2,2,1|11,True,True,True,True,1.0
0c115cc28920184a7e0b25223763a748,genus,1,1,1147123.4,1147123.4,1147123.4,Caloramator quimbayensis,1147123.4,Caloramator quimbayensis,1,1,1,1,True,True,True,True,1.0
ac6d0a3fca5ae4aad55d98349c5d4560,genus,1,1,37628.85,37628.85,37628.85,Mollicutes bacterium,37628.85,Mollicutes bacterium,1,1,1,1,True,True,True,True,1.0
ce2b62ffcd367da18eb61d300d1ca3e2,species,1,1,2030808.335,2030808.335,2030808.335,Candidatus Cloacimonadota bacterium,2030808.335,Candidatus Cloacimonadota bacterium,1,1,1,1,True,True,True,True,1.0
8971f68f77fe46e52214ac1aae718436,species,1,1,2053570.158,2053570.158,2053570.158,Candidatus Latescibacterota bacterium,2053570.158,Candidatus Latescibacterota bacterium,1,1,1,1,True,True,True,True,1.0
528c8b62a54ebc17e9ffc1c72eb8e546,species,2,2,1898104.3589|2030927.3153,1898104.3589|2030927.3153,1898104.3589,Bacteroidota bacterium,1898104.3589,Bacteroidota bacterium,1,2,2,1|2,True,True,True,True,1.0
e0a5d06dca6e74603b233d9be368f1f6,genus,1,1,3030912.177,3030912.177,3030912.177,Anaerovoracaceae bacterium,3030912.177,Anaerovoracaceae bacterium,1,1,1,1,True,True,True,True,1.0
4e7f3c01d114c6dede84c8b3a31886db,species,1,1,2651171.113,2651171.113,2651171.113,Thermoanaerobaculia bacterium,2651171.113,Thermoanaerobaculia bacterium,1,1,1,1,True,True,True,True,1.0
f12ed33e3dd474f54c82a7244a019879,species,2,2,1879010.10568|2201156.843,1879010.10568|2201156.843,1879010.10568,Bacillota bacterium,1879010.10568,Bacillota bacterium,1,2,2,1|2,True,True,True,True,1.0
d08086e2ae7f6779772be3242340f17a,family,1,1,3083246.38,3083246.38,3083246.38,Christensenellales bacterium,3083246.38,Christensenellales bacterium,1,1,1,1,True,True,True,True,1.0
e1806d6548d68a507f9f9ba512a830ad,genus,2,2,1898207.5729|344338.1176,1898207.5729|344338.1176,1898207.5729,Clostridiales bacterium,1898207.5729,Clostridiales bacterium,1,2,2,1|3,True,True,True,True,1.0
2f62caf32ac0a5313dea4b421d6dd293,species,1,1,3412034.3,3412034.3,3412034.3,Methanobacterium sp. MBAC-LM,3412034.3,Methanobacterium sp. MBAC-LM,1,1,1,1,True,True,True,True,1.0
eb41af02b18dc957ef593cfd11261be5,species,2,2,34062.96|2653185.3,34062.96|2653185.3,34062.96,Faucicola osloensis,34062.96,Faucicola osloensis,1,2,2,1|14,True,True,True,True,1.0
9556ed629add12bf69d350023ce028dd,species,2,2,1610527.3|2806348.3,1610527.3|2806348.3,1610527.3,Devosia honganensis,1610527.3,Devosia honganensis,1,2,2,1|3,True,True,True,True,1.0
06bb48a671163cdd75613e80ef87b92d,genus,1,1,1889883.3,1889883.3,1889883.3,Proteiniborus sp. DW1,1889883.3,Proteiniborus sp. DW1,1,1,1,1,True,True,True,True,1.0
c07ac7ffa60c0baeb47cea4cefaeeae4,genus,1,1,3048883.3,3048883.3,3048883.3,Candidatus Spyradocola sp.,3048883.3,Candidatus Spyradocola sp.,1,1,1,1,True,True,True,True,1.0
8b78ca8c5e127e820c9561e10c9f19c2,genus,1,1,2026724.2237,2026724.2237,2026724.2237,Chloroflexota bacterium,2026724.2237,Chloroflexota bacterium,1,1,1,1,True,True,True,True,1.0
e57525faafab45f4f99be57ab69faabd,genus,1,1,91750.3559,91750.3559,91750.3559,uncultured Alphaproteobacteria bacterium,91750.3559,uncultured Alphaproteobacteria bacterium,1,1,1,1,True,True,True,True,1.0
717aff2a74550554098682047fb9830c,genus,1,1,2485925.2956,2485925.2956,2485925.2956,Oscillospiraceae bacterium,2485925.2956,Oscillospiraceae bacterium,1,1,1,1,True,True,True,True,1.0
d5ed9ff1b4b6861428e0eb93d8b2c3a1,species,1,1,904068.16,904068.16,904068.16,uncultured Leptolinea sp.,904068.16,uncultured Leptolinea sp.,1,1,1,1,True,True,True,True,1.0
6c68bf9a2ce53d1b172b227d83144566,species,1,1,1892845.3,1892845.3,1892845.3,Hyphomicrobium sp. CS1GBMeth3,1892845.3,Hyphomicrobium sp. CS1GBMeth3,1,1,1,1,True,True,True,True,1.0
bce4d231e12c8465556db9d2cf121551,genus,4,4,2920941.4|2498852.3|2054.7|84595.10,2920941.4|2498852.3|2054.7|84595.10,2920941.4,Gordonia gummivorans,2920941.4,Gordonia gummivorans,1,4,4,1|2|3|6,True,True,True,True,1.0
07f46149c04b861915fa32dc8104b022,genus,2,2,1962975.53|543037.5,1962975.53|543037.5,1962975.53,Rhodoblastus sp.,1962975.53,Rhodoblastus sp.,2,2,2,2|1,True,True,True,True,1.0
91fcd069f0c0007854a6e6d3aa7d7681,species,1,1,1879010.10588,1879010.10588,1879010.10588,Bacillota bacterium,1879010.10588,Bacillota bacterium,1,1,1,1,True,True,True,True,1.0
5fda016714ed5f6d8bbfc918786e8525,genus,4,4,1123404.4|1123403.4|2607614.9|41274.6,1123404.4|1123403.4|2607614.9|41274.6,1123404.4,Tissierella praeacuta,1123404.4,Tissierella praeacuta,1,4,4,1|3|4|8,True,True,True,True,1.0
d50e97399b1cda1ec4e98fcecab91fd7,family,1,1,1898206.155,1898206.155,1898206.155,Spirochaetaceae bacterium,1898206.155,Spirochaetaceae bacterium,1,1,1,1,True,True,True,True,1.0
3e6d862418922fbe062da225314e7762,genus,1,1,2054177.282,2054177.282,2054177.282,Christensenellaceae bacterium,2054177.282,Christensenellaceae bacterium,2,1,1,2,True,True,True,True,1.0
39659b19934674c9db5c39d3b6a3b066,genus,1,1,2894185.7,2894185.7,2894185.7,Rubrivivax sp. JA1024,2894185.7,Rubrivivax sp. JA1024,2,1,1,2,True,True,True,True,1.0
954d0e6f5e93a9f23198c807840314bd,species,2,2,3039803.1315|1883427.2360,3039803.1315|1883427.2360,3039803.1315,uncultured Actinomycetota bacterium,3039803.1315,uncultured Actinomycetota bacterium,1,2,2,1|4,True,True,True,True,1.0
ca532c83e87eb3e76511a71e9abf28c2,family,1,1,2447898.102,2447898.102,2447898.102,Candidatus Kapaibacterium sp.,2447898.102,Candidatus Kapaibacterium sp.,1,1,1,1,True,True,True,True,1.0
603ab94ae666e02cf4cc8a2132414ef5,genus,2,2,2030927.5536|194843.5112,2030927.5536|194843.5112,2030927.5536,Bacteroidales bacterium,2030927.5536,Bacteroidales bacterium,1,2,2,1|2,True,True,True,True,1.0
2fb2d4e9cc91d9bb7c9d7cf06c1e013a,genus,1,1,3083246.49,3083246.49,3083246.49,Christensenellales bacterium,3083246.49,Christensenellales bacterium,1,1,1,1,True,True,True,True,1.0
8924705b2ac86db54622adeba1d6bba1,species,1,1,2021379.188,2021379.188,2021379.188,Xanthobacteraceae bacterium,2021379.188,Xanthobacteraceae bacterium,1,1,1,1,True,True,True,True,1.0
98f50fc2653bd578543391ef42ece23e,family,2,2,2268197.223|86473.1806,2268197.223|86473.1806,2268197.223,Nitrososphaerales archaeon,2268197.223,Nitrososphaerales archaeon,2,2,2,2|1,True,True,True,True,1.0
97c2c7e8cc5a28811906eda58edb16ec,species,1,1,1120975.4,1120975.4,1120975.4,Alkalibacter saccharofermentans,1120975.4,Alkalibacter saccharofermentans,1,1,1,1,True,True,True,True,1.0
62b0ef9d072b7772ca3958f821bc1c49,genus,1,1,2854022.122,2854022.122,2854022.122,Treponemataceae bacterium,2854022.122,Treponemataceae bacterium,1,1,1,1,True,True,True,True,1.0
06e03c616890e7dd3b607e7605fda9be,species,1,1,2049031.114,2049031.114,2049031.114,Lachnospira sp.,2049031.114,Lachnospira sp.,1,1,1,1,True,True,True,True,1.0
88b268e25d1296042ab52fa61b7a42ac,genus,1,1,3083246.49,3083246.49,3083246.49,Christensenellales bacterium,3083246.49,Christensenellales bacterium,1,1,1,1,True,True,True,True,1.0
5f452e591d65c3a4fee53f0cc354ea72,species,1,1,2030927.3457,2030927.3457,2030927.3457,Bacteroidales bacterium,2030927.3457,Bacteroidales bacterium,1,1,1,1,True,True,True,True,1.0
8b1634a2e55ae2488b6ccc2230996509,genus,2,2,2691551.87|411917.37,2691551.87|411917.37,2691551.87,Thermoguttaceae bacterium,2691551.87,Thermoguttaceae bacterium,2,2,2,2|3,True,True,True,True,1.0
8e3af97b4686b85e19d450d5c1c96fbe,family,2,2,2030827.42|77133.6451,2030827.42|77133.6451,2030827.42,Candidatus Babelota bacterium,2030827.42,Candidatus Babelota bacterium,1,2,2,1|2,True,True,True,True,1.0
bdd5dd02a4adbb00f8c1631abf8615af,genus,1,1,2052143.1144,2052143.1144,2052143.1144,Anaerolineae bacterium,2052143.1144,Anaerolineae bacterium,1,1,1,1,True,True,True,True,1.0
1a3a64b0c16fb7daa275ec71dd81b701,species,2,2,2820278.3|2496029.3,2820278.3|2496029.3,2820278.3,Aquabacter sp. L1I39,2820278.3,Aquabacter sp. L1I39,1,2,2,1|2,True,True,True,True,1.0
268ddc25aa0fd61d2ecd190573a66498,species,2,2,1883427.1869|3157620.3,1883427.1869|3157620.3,1883427.1869,Actinomycetes bacterium,1883427.1869,Actinomycetes bacterium,2,2,2,2|3,True,True,True,True,1.0
54361a7cbec36835157cc4e00336e464,family,1,1,2053615.192,2053615.192,2053615.192,Spirochaetia bacterium,2053615.192,Spirochaetia bacterium,1,1,1,1,True,True,True,True,1.0
33df87d462384b48f155ad84b5e02c26,species,2,2,2164.89|2874285.4,2164.89|2874285.4,2164.89,Methanobacterium sp.,2164.89,Methanobacterium sp.,1,2,2,1|11,True,True,True,True,1.0
360597adbaef72569dbc31f72ed91c78,genus,2,2,1977087.3137|1892844.3,1977087.3137|1892844.3,1977087.3137,Pseudomonadota bacterium,1977087.3137,Pseudomonadota bacterium,2,2,2,2|3,True,True,True,True,1.0
0f645d7ab83eb9dd659b573e9abc0069,species,1,1,91750.4229,91750.4229,91750.4229,uncultured Alphaproteobacteria bacterium,91750.4229,uncultured Alphaproteobacteria bacterium,1,1,1,1,True,True,True,True,1.0
7a4591ecfb8de6241f36890cc9f78663,family,1,1,288965.3,288965.3,288965.3,Acetivibrio clariflavus,288965.3,Acetivibrio clariflavus,1,1,1,1,True,True,True,True,1.0
3171ed747afcaa4f31b4048623c92223,species,2,2,3072141.5|2663832.3,3072141.5|2663832.3,3072141.5,Bradyrhizobium sp. LHD-71,3072141.5,Bradyrhizobium sp. LHD-71,3,2,2,3|4,True,True,True,True,1.0
918eaaa2a8ed889d1ab21eb87b880779,genus,1,1,100233.342,100233.342,100233.342,uncultured Planctomycetaceae bacterium,100233.342,uncultured Planctomycetaceae bacterium,1,1,1,1,True,True,True,True,1.0
87b489a37616c28af2c28eda4b45fb8b,species,2,2,1208313.4|111564.3,1208313.4|111564.3,1208313.4,Piscicoccus intestinalis,1208313.4,Piscicoccus intestinalis,1,2,2,1|2,True,True,True,True,1.0
2fed8fd06ed0e104347eb07daed78c31,genus,2,2,2283092.647|91750.3245,2283092.647|91750.3245,2283092.647,Pyrinomonadaceae bacterium,2283092.647,Pyrinomonadaceae bacterium,2,2,2,2|1,True,True,True,True,1.0
fb3e6be0517e6c8b7a27582c871b2ab3,family,2,2,1889883.3|3050072.8,1889883.3|3050072.8,1889883.3,Proteiniborus sp. DW1,1889883.3,Proteiniborus sp. DW1,9,2,2,9|2,True,True,True,True,1.0
8102b0f64f0661286e71a73878df9ce7,species,1,1,1898111.184,1898111.184,1898111.184,Cryomorphaceae bacterium,1898111.184,Cryomorphaceae bacterium,1,1,1,1,True,True,True,True,1.0
da380d249b3dd800f5c3e279f7cf917a,genus,1,1,464461.4,464461.4,464461.4,uncultured Parachlamydiaceae bacterium,464461.4,uncultured Parachlamydiaceae bacterium,1,1,1,1,True,True,True,True,1.0
c55e2d0573fbdcf300cff596408b7072,genus,1,1,1872520.7,1872520.7,1872520.7,Anaeromusa sp.,1872520.7,Anaeromusa sp.,1,1,1,1,True,True,True,True,1.0
ff0fc9ae659d05bff51228eb12dc2291,genus,1,1,2033014.329,2033014.329,2033014.329,Armatimonadota bacterium,2033014.329,Armatimonadota bacterium,2,1,1,2,True,True,True,True,1.0
d5e07a8e356cc0345c15c5ff1622951d,species,1,1,2831996.71,2831996.71,2831996.71,Eubacteriales bacterium,2831996.71,Eubacteriales bacterium,1,1,1,1,True,True,True,True,1.0
fef03d7c4d744b68dd3c6c56bfd5c256,genus,1,1,1434378.5,1434378.5,1434378.5,uncultured Saccharofermentans sp.,1434378.5,uncultured Saccharofermentans sp.,1,1,1,1,True,True,True,True,1.0
fc89472c649eac4b19e834fe7006dfb6,family,1,1,3082383.27,3082383.27,3082383.27,Candidatus Darwinibacter acetoxidans,3082383.27,Candidatus Darwinibacter acetoxidans,1,1,1,1,True,True,True,True,1.0
2408d15abcd92d9248745e8e22ae502c,genus,1,1,1926877.12,1926877.12,1926877.12,Proteiniphilum sp.,1926877.12,Proteiniphilum sp.,1,1,1,1,True,True,True,True,1.0
fd7a5cc9867e21d1dade60af858d894d,genus,2,2,2030927.5533|1898104.3469,2030927.5533|1898104.3469,2030927.5533,Bacteroidales bacterium,2030927.5533,Bacteroidales bacterium,1,2,2,1|2,True,True,True,True,1.0
0528c8d6cf081ba719cf96cb550150fb,species,2,2,2908002.3|1872668.59,2908002.3|1872668.59,2908002.3,Dechloromonas hankyongensis,2908002.3,Dechloromonas hankyongensis,1,2,2,1|2,True,True,True,True,1.0
b5a5446f44972de9e63e53c102ae6009,species,2,2,2024896.421|1951401.3,2024896.421|1951401.3,2024896.421,Anaerolineaceae bacterium,2024896.421,Anaerolineaceae bacterium,1,2,2,1|2,True,True,True,True,1.0
7fc688c9e9ca5c649f8b9ef5ea7202e7,species,1,1,2849500.3,2849500.3,2849500.3,Novosphingobium sp. G106,2849500.3,Novosphingobium sp. G106,1,1,1,1,True,True,True,True,1.0
e9b34224d98724dfed43123e7a893cec,species,1,1,330835.3,330835.3,330835.3,Nostocoides vanveenii,330835.3,Nostocoides vanveenii,1,1,1,1,True,True,True,True,1.0
6aa17fb5060d844f7e31b800f4350796,species,1,1,2964540.86,2964540.86,2964540.86,Smithellaceae bacterium,2964540.86,Smithellaceae bacterium,1,1,1,1,True,True,True,True,1.0
ed6649e994acab681dffea4c57f04e88,genus,5,5,2488810.3|588581.10|1121337.3|48256.3|1291050.6,2488810.3|588581.10|1121337.3|48256.3|1291050.6,2488810.3,Ruminiclostridium herbifermentans,2488810.3,Ruminiclostridium herbifermentans,1,5,5,1|2|4|13|14,True,True,True,True,1.0
dc8477df0245e1b7cf2151a6066f204a,family,1,1,2485925.2970,2485925.2970,2485925.2970,Oscillospiraceae bacterium,2485925.2970,Oscillospiraceae bacterium,2,1,1,2,True,True,True,True,1.0
d320c54f3dd1a81501e597b4e5a53ac8,genus,1,1,1678841.5,1678841.5,1678841.5,Lentimicrobium saccharophilum,1678841.5,Lentimicrobium saccharophilum,1,1,1,1,True,True,True,True,1.0
dd6cd878e1ac746a5df199e3ea0152a2,species,1,1,2030927.4611,2030927.4611,2030927.4611,Bacteroidales bacterium,2030927.4611,Bacteroidales bacterium,1,1,1,1,True,True,True,True,1.0
fe92b5d8f5b1599d91fec61ebc12e170,family,2,2,1898206.155|1869227.257,1898206.155|1869227.257,1898206.155,Spirochaetaceae bacterium,1898206.155,Spirochaetaceae bacterium,1,2,2,1|2,True,True,True,True,1.0
38a3ffa5451f10cb983f8d8acd0f7d3e,family,2,2,2488810.3|2030808.345,2488810.3|2030808.345,2488810.3,Ruminiclostridium herbifermentans,2488810.3,Ruminiclostridium herbifermentans,1,2,2,1|2,True,True,True,True,1.0
a1191cbfeb25ca6deb449da1e2baad3a,genus,2,2,1872664.5|1208313.4,1872664.5|1208313.4,1872664.5,Austwickia sp.,1872664.5,Austwickia sp.,1,2,2,1|5,True,True,True,True,1.0
d3648f626f4aadacf25eb043bdc62c58,below,0,0,,,,,,,,0,0,,,,,,
b0ec891a9cead40f58935f40fa9a1b9a,species,2,2,2909234.6|91750.3490,2909234.6|91750.3490,2909234.6,Alitabrizicola rongguiensis,2909234.6,Alitabrizicola rongguiensis,2,2,2,2|1,True,True,True,True,1.0
7bee0db5d6c5c416f00bf1e6faffc9a8,species,1,1,2961947.4,2961947.4,2961947.4,Clostridiaceae bacterium HFYG-1003,2961947.4,Clostridiaceae bacterium HFYG-1003,1,1,1,1,True,True,True,True,1.0
2389f5000634184ae381b8e579934c4b,species,1,1,1798.16,1798.16,1798.16,Mycolicibacillus trivialis,1798.16,Mycolicibacillus trivialis,1,1,1,1,True,True,True,True,1.0
e1d4180c0091e155509f14fcbdb541ae,family,2,2,2026735.392|1672391.917,2026735.392|1672391.917,2026735.392,Deltaproteobacteria bacterium,2026735.392,Deltaproteobacteria bacterium,1,2,2,1|6,True,True,True,True,1.0
470a368a6807b4a2d6a56ff427742e09,genus,2,2,2831996.757|1898207.3327,2831996.757|1898207.3327,2831996.757,Eubacteriales bacterium,2831996.757,Eubacteriales bacterium,1,2,2,1|2,True,True,True,True,1.0
7170942055c32bb7a709c4a92e29a258,genus,1,1,2811408.75,2811408.75,2811408.75,Chthoniobacteraceae bacterium,2811408.75,Chthoniobacteraceae bacterium,3,1,1,3,True,True,True,True,1.0
8dcc2c0ebe2c9f41761691937e854ac8,species,2,2,2169593.150|1740634.26,2169593.150|1740634.26,2169593.150,Nitrososphaeraceae archaeon,2169593.150,Nitrososphaeraceae archaeon,3,2,2,3|1,True,True,True,True,1.0
685a06c480c8512cad2bba3e5b066bdb,species,2,2,1898104.4067|2026739.860,1898104.4067|2026739.860,1898104.4067,Bacteroidota bacterium,1898104.4067,Bacteroidota bacterium,1,2,2,1|2,True,True,True,True,1.0
cf5a736328e34ae09ad43b76da30ed99,genus,1,1,2054177.120,2054177.120,2054177.120,Christensenellaceae bacterium,2054177.120,Christensenellaceae bacterium,1,1,1,1,True,True,True,True,1.0
9293b23be2addc4c8910fbe977237c46,genus,1,1,1667047.9,1667047.9,1667047.9,uncultured Nitriliruptoraceae bacterium,1667047.9,uncultured Nitriliruptoraceae bacterium,1,1,1,1,True,True,True,True,1.0
e3083a5858ffbe913e0c1a70a8cf6919,genus,3,3,1221500.35|255247.4|1017270.20,1221500.35|255247.4|1017270.20,1221500.35,Fictibacillus phosphorivorans,1221500.35,Fictibacillus phosphorivorans,2,3,3,2|3|8,True,True,True,True,1.0
14816bf58b22a8172bb1d6a7f78f06f2,genus,1,1,2972473.6,2972473.6,2972473.6,,2972473.6,,1,1,1,1,True,True,True,False,1.0
822e596ebee53d4dcd5ffe3e26ec43d4,family,1,1,188056.76,188056.76,188056.76,uncultured Burkholderiaceae bacterium,188056.76,uncultured Burkholderiaceae bacterium,1,1,1,1,True,True,True,True,1.0
2ab2d8b1e4ae115107b0baed6f6181ba,family,1,1,3082383.27,3082383.27,3082383.27,Candidatus Darwinibacter acetoxidans,3082383.27,Candidatus Darwinibacter acetoxidans,1,1,1,1,True,True,True,True,1.0
ca7dd43ffcedbade1adc51132a0deec1,genus,1,1,2961947.4,2961947.4,2961947.4,Clostridiaceae bacterium HFYG-1003,2961947.4,Clostridiaceae bacterium HFYG-1003,1,1,1,1,True,True,True,True,1.0
92c7d2d035c344ba43e756fcc909c99f,genus,1,1,1898203.7055,1898203.7055,1898203.7055,Lachnospiraceae bacterium,1898203.7055,Lachnospiraceae bacterium,1,1,1,1,True,True,True,True,1.0
315154928c5be44de373e19d66bd739a,genus,5,5,2565930.4|2184083.3|59406.10|29544.50|198107.6,2565930.4|2184083.3|59406.10|29544.50|198107.6,2565930.4,Pseudothauera nasutitermitis,2565930.4,Pseudothauera nasutitermitis,1,5,5,1|2|3|4|5,True,True,True,True,1.0
c74a800e896402acb88ee96173c56d80,species,2,2,3034027.5|1348468.3,3034027.5|1348468.3,3034027.5,Chelatococcus sp. XZ-Ab1,3034027.5,Chelatococcus sp. XZ-Ab1,1,2,2,1|3,True,True,True,True,1.0
7db5761404d6f5f4f0fc9b6e62aaa8a6,genus,4,4,320502.3|288965.3|1515.11|253314.5,320502.3|288965.3|1515.11|253314.5,320502.3,Acetivibrio alkalicellulosi,320502.3,Acetivibrio alkalicellulosi,1,4,4,1|4|10|12,True,True,True,True,1.0
9591914f1b4272813c5d24f968e4ca81,species,1,1,2268202.71,2268202.71,2268202.71,Synergistota bacterium,2268202.71,Synergistota bacterium,1,1,1,1,True,True,True,True,1.0
bc96db08da9a54e69f83357f2429e767,species,2,2,1811721.3|2268143.13,1811721.3|2268143.13,1811721.3,Methanoregulaceae archaeon PtaB.Bin056,1811721.3,Methanoregulaceae archaeon PtaB.Bin056,1,2,2,1|2,True,True,True,True,1.0
9554148374cd0778fe58481a15ae48d7,species,1,1,3083246.45,3083246.45,3083246.45,Christensenellales bacterium,3083246.45,Christensenellales bacterium,1,1,1,1,True,True,True,True,1.0
7a94ab2d3edd2d5f1b14fb97b8227aab,species,2,2,41978.2260|1637499.3,41978.2260|1637499.3,41978.2260,Ruminococcus sp.,41978.2260,Ruminococcus sp.,1,2,2,1|14,True,True,True,True,1.0
f3ad21d8c8b2444a5dcf953349c6b70c,species,2,2,2725492.3|2908637.6,2725492.3|2908637.6,2725492.3,Acinetobacter sp. A3,2725492.3,Acinetobacter sp. A3,1,2,2,1|3,True,True,True,True,1.0
2f268057d1214383b781ce20ac322b13,family,2,2,3082383.25|1879010.6660,3082383.25|1879010.6660,3082383.25,Candidatus Darwinibacter acetoxidans,3082383.25,Candidatus Darwinibacter acetoxidans,1,2,2,1|3,True,True,True,True,1.0
36a65735bd9508c5f7a66dc84dd3f8c6,genus,4,4,2806021.3|2877001.9|1042.414|2055955.6,2806021.3|2877001.9|1042.414|2055955.6,2806021.3,Altererythrobacter sp. C41,2806021.3,Altererythrobacter sp. C41,1,4,4,1|2|3|4,True,True,True,True,1.0
31a1e677493dc62acdbb253351f9a251,genus,1,1,2485925.2968,2485925.2968,2485925.2968,Oscillospiraceae bacterium,2485925.2968,Oscillospiraceae bacterium,1,1,1,1,True,True,True,True,1.0
82fd1b576ddb5cb4a31555dc2a02f381,family,1,1,2044939.3891,2044939.3891,2044939.3891,Clostridia bacterium,2044939.3891,Clostridia bacterium,1,1,1,1,True,True,True,True,1.0
1f42391a983ba3af940e541d110a8432,below,0,0,,,,,,,,0,0,,,,,,
e00f85cb3452e37943500e86afb268f4,species,2,2,1955243.284|418240.390,1955243.284|418240.390,1955243.284,Blautia sp.,1955243.284,Blautia sp.,1,2,2,1|2,True,True,True,True,1.0
cefe4ae946de41fe87fc0040bdea335e,species,1,1,1852921.3,1852921.3,1852921.3,Tenericutes bacterium ADurb.BinA124,1852921.3,Tenericutes bacterium ADurb.BinA124,1,1,1,1,True,True,True,True,1.0
e5e089e059da889289ee4eda3c3a2d00,species,1,1,2202734.76,2202734.76,2202734.76,Saprospiraceae bacterium,2202734.76,Saprospiraceae bacterium,1,1,1,1,True,True,True,True,1.0
24118ef9e2dd669b3382317f70b3c490,species,2,2,41274.6|2562714.11,41274.6|2562714.11,41274.6,Tissierella sp.,41274.6,Tissierella sp.,1,2,2,1|2,True,True,True,True,1.0
f72ad3c33ad74ea254f94c0bc91ae25c,species,1,1,1674822.4,1674822.4,1674822.4,Bacteroidales bacterium Bact_08,1674822.4,Bacteroidales bacterium Bact_08,1,1,1,1,True,True,True,True,1.0
a5c98d8a8bd6084ce0b46c3c0e62b06e,genus,4,4,1515.11|253314.5|288965.3|1869227.4377,1515.11|253314.5|288965.3|1869227.4377,1515.11,Acetivibrio thermocellus,1515.11,Acetivibrio thermocellus,1,4,4,1|3|5|17,True,True,True,True,1.0
3ab8697f83c42bad86a043a8c84709e8,genus,1,1,1898207.5729,1898207.5729,1898207.5729,Clostridiales bacterium,1898207.5729,Clostridiales bacterium,1,1,1,1,True,True,True,True,1.0
a546e3eda27cb19d4d000a7e51072e30,family,1,1,244328.9105,244328.9105,244328.9105,uncultured Clostridia bacterium,244328.9105,uncultured Clostridia bacterium,1,1,1,1,True,True,True,True,1.0
309ef9fadf9d172db5a351628ad58102,species,1,1,1926877.41,1926877.41,1926877.41,Proteiniphilum sp.,1926877.41,Proteiniphilum sp.,1,1,1,1,True,True,True,True,1.0
8717744be592c8beffade9c24a1887b2,species,2,2,1891241.432|1869212.1069,1891241.432|1869212.1069,1891241.432,Betaproteobacteria bacterium,1891241.432,Betaproteobacteria bacterium,1,2,2,1|2,True,True,True,True,1.0
5a28be15a4c979b8be95e202442573ef,genus,2,2,2030808.361|2026724.2411,2030808.361|2026724.2411,2030808.361,Candidatus Cloacimonadota bacterium,2030808.361,Candidatus Cloacimonadota bacterium,1,2,2,1|2,True,True,True,True,1.0
ce276cbd3807bfb56527ce267d0b60e0,genus,1,1,258475.3,258475.3,258475.3,Pelotomaculum propionicicum,258475.3,Pelotomaculum propionicicum,1,1,1,1,True,True,True,True,1.0
c048a804411d231b1deb9a1837203634,species,2,2,1869227.3111|1674906.4,1869227.3111|1674906.4,1869227.3111,bacterium,1869227.3111,bacterium,1,2,2,1|2,True,True,True,True,1.0
6ebabe5be540e1304e1262781c30bbe5,genus,1,1,2528593.8,2528593.8,2528593.8,Zhaonella formicivorans,2528593.8,Zhaonella formicivorans,1,1,1,1,True,True,True,True,1.0
7851f5e3ccefb9a300394199f665614c,family,2,2,1869227.4076|2053615.69,1869227.4076|2053615.69,1869227.4076,bacterium,1869227.4076,bacterium,3,2,2,3|4,True,True,True,True,1.0
c1844c6164de67c2736932bcd1e94589,genus,1,1,2172549.5,2172549.5,2172549.5,Candidatus Brocadia sp.,2172549.5,Candidatus Brocadia sp.,1,1,1,1,True,True,True,True,1.0
c2229c40838cb5aa067cdcab26a4d0bd,species,2,2,199592.56|3049073.8,199592.56|3049073.8,199592.56,Microbacterium paraoxydans,199592.56,Microbacterium paraoxydans,1,2,2,1|3,True,True,True,True,1.0
730dfe1f490b05a2a762cd36a3ac5c8d,species,1,1,1872579.14,1872579.14,1872579.14,Aquamicrobium sp.,1872579.14,Aquamicrobium sp.,1,1,1,1,True,True,True,True,1.0
0a080f68f8c16188fe250be4dbeecae5,genus,2,2,1898104.1534|2184052.35,1898104.1534|2184052.35,1898104.1534,Bacteroidota bacterium,1898104.1534,Bacteroidota bacterium,1,2,2,1|2,True,True,True,True,1.0
79e1085555941c59c02fe10d0db42b77,genus,1,1,2172549.5,2172549.5,2172549.5,Candidatus Brocadia sp.,2172549.5,Candidatus Brocadia sp.,1,1,1,1,True,True,True,True,1.0
8d741499ee8a83b6ede29efd8892e70b,genus,3,3,1212491.3|39962.7|45076.11,1212491.3|39962.7|45076.11,1212491.3,Legionella fallonii,1212491.3,Legionella fallonii,1,3,3,1|3|4,True,True,True,True,1.0
659345ab0b295a524c8158295f1b7e49,species,2,2,1404.640|2928701.3,1404.640|2928701.3,1404.640,Priestia megaterium,1404.640,Priestia megaterium,1,2,2,1|5,True,True,True,True,1.0
5e08663561b972be66344edb87da4e3d,species,1,1,2053589.824,2053589.824,2053589.824,Minisyncoccota bacterium,2053589.824,Minisyncoccota bacterium,1,1,1,1,True,True,True,True,1.0
e3ef2cba7805de59638a581426ab70a9,genus,1,1,1672391.865,1672391.865,1672391.865,uncultured Chloroflexia bacterium,1672391.865,uncultured Chloroflexia bacterium,1,1,1,1,True,True,True,True,1.0
fd6e07eef3a5baacd89506ae84fb2ea6,genus,2,2,362787.4|1785087.4,362787.4|1785087.4,362787.4,Candidatus Protochlamydia amoebophila,362787.4,Candidatus Protochlamydia amoebophila,2,2,2,2|3,True,True,True,True,1.0
f654394f0d0084baf14a287ec94d12aa,family,2,2,2107588.80|1947970.3,2107588.80|1947970.3,2107588.80,Candidatus Sumerlaeota bacterium,2107588.80,Candidatus Sumerlaeota bacterium,1,2,2,1|3,True,True,True,True,1.0
45d5fa1bed1dc5a9ecf8c62ff7ebbdd1,species,2,2,2917991.6|2801335.3,2917991.6|2801335.3,2917991.6,Devosia lacusdianchii,2917991.6,Devosia lacusdianchii,2,2,2,2|3,True,True,True,True,1.0
39cabc06fe765618dfcb8000e03424ca,family,2,2,2026802.19|2081524.148,2026802.19|2081524.148,2026802.19,Waddliaceae bacterium,2026802.19,Waddliaceae bacterium,1,2,2,1|2,True,True,True,True,1.0
26c822a9da99f48bc5eabddbeda2a1e8,species,1,1,179883.460,179883.460,179883.460,uncultured Candidatus Saccharibacteria bacterium,179883.460,uncultured Candidatus Saccharibacteria bacterium,1,1,1,1,True,True,True,True,1.0
87e8ae9b41dbcd0ad54be2513a8f7489,genus,1,1,2054177.127,2054177.127,2054177.127,Christensenellaceae bacterium,2054177.127,Christensenellaceae bacterium,1,1,1,1,True,True,True,True,1.0
7ee5506b56675190c1b39ceb2fef6b12,genus,1,1,77133.15441,77133.15441,77133.15441,uncultured bacterium,77133.15441,uncultured bacterium,1,1,1,1,True,True,True,True,1.0
7b38bded14744e6cd6bceb54464983f4,species,1,1,2699754.287,2699754.287,2699754.287,Pirellulaceae bacterium,2699754.287,Pirellulaceae bacterium,1,1,1,1,True,True,True,True,1.0
ff4f8ed709d325dc85df91881e419164,genus,1,1,1671647.4,1671647.4,1671647.4,Clostridiales bacterium DTU012,1671647.4,Clostridiales bacterium DTU012,1,1,1,1,True,True,True,True,1.0
7e87704cad17d9767ed0a558cf847a28,species,1,1,2054177.132,2054177.132,2054177.132,Christensenellaceae bacterium,2054177.132,Christensenellaceae bacterium,1,1,1,1,True,True,True,True,1.0
9d4eef533118fb8ade7389906d38038e,species,1,1,3138240.5,3138240.5,3138240.5,Ammonicoccus fulvus,3138240.5,Ammonicoccus fulvus,1,1,1,1,True,True,True,True,1.0
8d3f2463af90ed9f59bbda873534edc0,species,2,2,663602.3|2291215.4,663602.3|2291215.4,663602.3,Actinomycetospora corticicola,663602.3,Actinomycetospora corticicola,1,2,2,1|2,True,True,True,True,1.0
4b673256fb96d4b936e393f3f45d4f47,family,1,1,2712865.3,2712865.3,2712865.3,Paludisphaera soli,2712865.3,Paludisphaera soli,1,1,1,1,True,True,True,True,1.0
c010039c9d795c2923840493ddf8c086,genus,1,1,2019486.12,2019486.12,2019486.12,uncultured Candidatus Brevefilum sp.,2019486.12,uncultured Candidatus Brevefilum sp.,1,1,1,1,True,True,True,True,1.0
dee648358426ec8050d91246a7da2777,genus,1,1,690567.9,690567.9,690567.9,Syntrophomonas zehnderi,690567.9,Syntrophomonas zehnderi,1,1,1,1,True,True,True,True,1.0
5fc9b3b833ee5fc9ddee11259db3940d,species,2,2,1872664.3|2830843.3,1872664.3|2830843.3,1872664.3,Austwickia sp.,1872664.3,Austwickia sp.,1,2,2,1|2,True,True,True,True,1.0
5081262c6f6941b26ee33cafbc0a2c31,species,2,2,2744468.3|2744465.3,2744468.3|2744465.3,2744468.3,Xanthobacter sp. R2A-8,2744468.3,Xanthobacter sp. R2A-8,1,2,2,1|3,True,True,True,True,1.0
f70d306dce5ac4969fdb6c1711131421,family,1,1,2052143.1070,2052143.1070,2052143.1070,Anaerolineae bacterium,2052143.1070,Anaerolineae bacterium,1,1,1,1,True,True,True,True,1.0
55eea1d4d02e89a3fec4e0d929946361,genus,1,1,1778481.5,1778481.5,1778481.5,Methylophilales bacterium LSUCC0135,1778481.5,Methylophilales bacterium LSUCC0135,1,1,1,1,True,True,True,True,1.0
16bd85d98b01823963164e514e5c1da4,species,1,1,2172043.7,2172043.7,2172043.7,Bifidobacterium tibiigranuli,2172043.7,Bifidobacterium tibiigranuli,1,1,1,1,True,True,True,True,1.0
98f44e3e61d018840fdce5dc524c719c,family,1,1,452471.11,452471.11,452471.11,Candidatus Amoebophilus asiaticus,452471.11,Candidatus Amoebophilus asiaticus,1,1,1,1,True,True,True,True,1.0
062cbfa9421131d2ab6418f8ee0385c6,family,1,1,2052143.1144,2052143.1144,2052143.1144,Anaerolineae bacterium,2052143.1144,Anaerolineae bacterium,1,1,1,1,True,True,True,True,1.0
62464229dcef00e0856587086e1e2f9d,species,1,1,2900548.1124,2900548.1124,2900548.1124,Actinomycetota bacterium,2900548.1124,Actinomycetota bacterium,1,1,1,1,True,True,True,True,1.0
fb23f61e952a0a57ca3e763d8ad1f157,species,1,1,100233.329,100233.329,100233.329,uncultured Planctomycetaceae bacterium,100233.329,uncultured Planctomycetaceae bacterium,1,1,1,1,True,True,True,True,1.0
571f6e6cd40b8548c4d3acff7572c04d,family,1,1,2026724.2401,2026724.2401,2026724.2401,Chloroflexota bacterium,2026724.2401,Chloroflexota bacterium,1,1,1,1,True,True,True,True,1.0
938444186689c6c81498c229f4fdfc25,family,1,1,3082386.11,3082386.11,3082386.11,Candidatus Wallacebacter cryptica,3082386.11,Candidatus Wallacebacter cryptica,1,1,1,1,True,True,True,True,1.0
7d695607cd250aaa3167220d1f1b4cf0,genus,1,1,2485926.50,2485926.50,2485926.50,Atopobiaceae bacterium,2485926.50,Atopobiaceae bacterium,1,1,1,1,True,True,True,True,1.0
37f3685c73e70deca8c822eb745ced49,species,1,1,86027.1142,86027.1142,86027.1142,uncultured beta proteobacterium,86027.1142,uncultured beta proteobacterium,1,1,1,1,True,True,True,True,1.0
e75112095b671ec01db52f4beeb04879,genus,4,4,1506.548|2054177.130|2885217.3|172733.3472,1506.548|2054177.130|2885217.3|172733.3472,1506.548,Clostridium sp.,1506.548,Clostridium sp.,2,4,4,2|3|4|5,True,True,True,True,1.0
5a53ad0b5b9bb5681456ed32f72110e7,species,1,1,1219361.4,1219361.4,1219361.4,Millisia brevis,1219361.4,Millisia brevis,1,1,1,1,True,True,True,True,1.0
b13f720636b1c50245daf019257f2c37,species,2,2,3042306.4|59839.7,3042306.4|59839.7,3042306.4,Paenibacillus sp. V4I5,3042306.4,Paenibacillus sp. V4I5,1,2,2,1|2,True,True,True,True,1.0
b6acd0e458ddc4258d7622929617346d,species,2,2,1871052.43|2904800.6,1871052.43|2904800.6,1871052.43,Afipia sp.,1871052.43,Afipia sp.,1,2,2,1|3,True,True,True,True,1.0
534aa0050da6044b57409f3606d33c40,species,2,2,249409.3|3043856.3,249409.3|3043856.3,249409.3,Hydrogenophaga atypica,249409.3,Hydrogenophaga atypica,1,2,2,1|3,True,True,True,True,1.0
842ba3e9826daf645e7765f4bb0525be,genus,1,1,34034.163,34034.163,34034.163,uncultured delta proteobacterium,34034.163,uncultured delta proteobacterium,1,1,1,1,True,True,True,True,1.0
1ff5beccb7eb535d2fdcc1c7ce513ea5,family,1,1,2528593.8,2528593.8,2528593.8,Zhaonella formicivorans,2528593.8,Zhaonella formicivorans,1,1,1,1,True,True,True,True,1.0
179413bba78ea1fc349ad7186b4f47c1,genus,1,1,100233.342,100233.342,100233.342,uncultured Planctomycetaceae bacterium,100233.342,uncultured Planctomycetaceae bacterium,1,1,1,1,True,True,True,True,1.0
99b7d01a509e8d23e7ea8ddc8c916745,family,2,2,244328.6858|1734398.4,244328.6858|1734398.4,244328.6858,uncultured Clostridia bacterium,244328.6858,uncultured Clostridia bacterium,2,2,2,2|1,True,True,True,True,1.0
c5aceb1c0837567d8fd6258bde60c07e,species,1,1,1978231.1719,1978231.1719,1978231.1719,Acidobacteriota bacterium,1978231.1719,Acidobacteriota bacterium,1,1,1,1,True,True,True,True,1.0
410e95b05efd63867444aa0a2458b97c,species,1,1,117.83,117.83,117.83,Pirellula sp.,117.83,Pirellula sp.,1,1,1,1,True,True,True,True,1.0
94a6d209f6cf2ffadcf52fbaf974fa6b,family,1,1,493461.3,493461.3,493461.3,Methanobacterium movens,493461.3,Methanobacterium movens,1,1,1,1,True,True,True,True,1.0
931f5be1037c1c313cde89dcc9b3474e,species,1,1,1460447.11,1460447.11,1460447.11,Terrisporobacter petrolearius,1460447.11,Terrisporobacter petrolearius,1,1,1,1,True,True,True,True,1.0
ac0039723d07f8589ce17bb3395a8ff5,species,1,1,1632858.6,1632858.6,1632858.6,Massilibacterium senegalense,1632858.6,Massilibacterium senegalense,1,1,1,1,True,True,True,True,1.0
f30d2084ebd9ba46d4b05f86cf1dfa7b,family,1,1,29466.1332,29466.1332,29466.1332,Veillonella parvula,29466.1332,Veillonella parvula,1,1,1,1,True,True,True,True,1.0
7809979fa1370bb575a71ab75a91bb93,genus,2,2,83655.286|348580.5,83655.286|348580.5,83655.286,Leclercia adecarboxylata,83655.286,Leclercia adecarboxylata,4,2,2,4|1,True,True,True,True,1.0
9f9dc639a87edbd78a80205416ee2fd2,genus,1,1,34034.529,34034.529,34034.529,uncultured delta proteobacterium,34034.529,uncultured delta proteobacterium,1,1,1,1,True,True,True,True,1.0
3d20b16bfe9d7734e33948f1f8eacf77,species,2,2,287609.3|2026780.1466,287609.3|2026780.1466,287609.3,Neoroseomonas lacus,287609.3,Neoroseomonas lacus,1,2,2,1|2,True,True,True,True,1.0
3534bf6410f7b813b875b92efd3d15cb,genus,2,2,3030912.178|1879010.6995,3030912.178|1879010.6995,3030912.178,Anaerovoracaceae bacterium,3030912.178,Anaerovoracaceae bacterium,1,2,2,1|2,True,True,True,True,1.0
d23ffb5c240be9a208a05716348d5992,family,2,2,2831996.1037|172733.10029,2831996.1037|172733.10029,2831996.1037,Eubacteriales bacterium,2831996.1037,Eubacteriales bacterium,3,2,2,3|5,True,True,True,True,1.0
d9b00c82e52301fcc6aeb62bd47aa2de,species,2,2,2026799.843|86473.1975,2026799.843|86473.1975,2026799.843,Verrucomicrobiota bacterium,2026799.843,Verrucomicrobiota bacterium,1,2,2,1|2,True,True,True,True,1.0
e177449d13e7691bd905e572eb826936,genus,2,2,1898104.1529|194843.5067,1898104.1529|194843.5067,1898104.1529,Bacteroidota bacterium,1898104.1529,Bacteroidota bacterium,1,2,2,1|2,True,True,True,True,1.0
5195eee30ed1c509d010d20c3909e846,species,1,1,2497627.147,2497627.147,2497627.147,Microthrixaceae bacterium,2497627.147,Microthrixaceae bacterium,1,1,1,1,True,True,True,True,1.0
4aff8b715435747567cbc4ee9c82fb8b,genus,2,2,1962289.10|2907827.4,1962289.10|2907827.4,1962289.10,Dehalobacter sp.,1962289.10,Dehalobacter sp.,1,2,2,1|4,True,True,True,True,1.0
a2d71ade86c83ee8cbe7141a71281db6,genus,2,2,2712865.3|120965.214,2712865.3|120965.214,2712865.3,Paludisphaera soli,2712865.3,Paludisphaera soli,4,2,2,4|3,True,True,True,True,1.0
fa3a634a3d5d11bab288b00d2d5369cc,species,2,2,2021380.49|3039803.1336,2021380.49|3039803.1336,2021380.49,Propionibacteriaceae bacterium,2021380.49,Propionibacteriaceae bacterium,2,2,2,2|1,True,True,True,True,1.0
4f90f8f67d96381936a8ea4b6bd9234c,species,2,2,41978.3543|40519.351,41978.3543|40519.351,41978.3543,Ruminococcus sp.,41978.3543,Ruminococcus sp.,1,2,2,1|2,True,True,True,True,1.0
a594a2db0ceea408a3931a4465c05420,species,2,2,2135728.3|2695876.3,2135728.3|2695876.3,2135728.3,Rhodococcus sp. OK269,2135728.3,Rhodococcus sp. OK269,1,2,2,1|2,True,True,True,True,1.0
ccd8c51003c6724304379157cbbb67a3,species,1,1,2033014.625,2033014.625,2033014.625,Armatimonadota bacterium,2033014.625,Armatimonadota bacterium,1,1,1,1,True,True,True,True,1.0
826ce0379ee559bbbabb1289906f8823,family,2,2,3022888.52|1869227.257,3022888.52|1869227.257,3022888.52,Candidatus Fimenecus sp.,3022888.52,Candidatus Fimenecus sp.,1,2,2,1|2,True,True,True,True,1.0
b3b12b9ab4a7ba52db234d329bd0ff98,species,1,1,823.6140,823.6140,823.6140,Parabacteroides distasonis,823.6140,Parabacteroides distasonis,1,1,1,1,True,True,True,True,1.0
9e5f7d2247ac749d50a226417b3cd59b,species,2,2,1913988.1549|91750.1747,1913988.1549|91750.1747,1913988.1549,Alphaproteobacteria bacterium,1913988.1549,Alphaproteobacteria bacterium,1,2,2,1|2,True,True,True,True,1.0
4a776a15babf55b56fb4bc95c435aaed,species,1,1,1768774.3,1768774.3,1768774.3,Phenylobacterium sp. CCH9-H3,1768774.3,Phenylobacterium sp. CCH9-H3,1,1,1,1,True,True,True,True,1.0
570d2782ac8b4697b37c5a7fcce2c38f,genus,1,1,2053591.65,2053591.65,2053591.65,Planctomycetales bacterium,2053591.65,Planctomycetales bacterium,1,1,1,1,True,True,True,True,1.0
a7c8ce74f4fdc4ec58c5c54c9b1fda2a,genus,1,1,1913988.3699,1913988.3699,1913988.3699,Alphaproteobacteria bacterium,1913988.3699,Alphaproteobacteria bacterium,1,1,1,1,True,True,True,True,1.0
6fdf97e983896ead9e2ae8cce7c97f46,genus,3,3,1879010.11004|3107571.4|2044939.4945,1879010.11004|3107571.4|2044939.4945,1879010.11004,Bacillota bacterium,1879010.11004,Bacillota bacterium,1,3,3,1|2|4,True,True,True,True,1.0
58cd0f7f937effa7c5ed5dbe7e5cc864,genus,1,1,1672391.665,1672391.665,1672391.665,uncultured Chloroflexia bacterium,1672391.665,uncultured Chloroflexia bacterium,2,1,1,2,True,True,True,True,1.0
eaa037ee5d32a43f07a4cbfaf7080884,genus,1,1,2054177.130,2054177.130,2054177.130,Christensenellaceae bacterium,2054177.130,Christensenellaceae bacterium,1,1,1,1,True,True,True,True,1.0
f21e69f460e0f5a2ab946c9cbc535b27,family,1,1,1879010.9702,1879010.9702,1879010.9702,Bacillota bacterium,1879010.9702,Bacillota bacterium,1,1,1,1,True,True,True,True,1.0
c8222ef3d31112ff4823bdb94a7eae2b,genus,1,1,861534.3,861534.3,861534.3,Flavisphingomonas formosensis,861534.3,Flavisphingomonas formosensis,1,1,1,1,True,True,True,True,1.0
a74a7a8b9015b0732f8101e2f67c8f32,species,2,2,65656.5|2818473.30,65656.5|2818473.30,65656.5,Hydrogenophaga taeniospiralis,65656.5,Hydrogenophaga taeniospiralis,1,2,2,1|2,True,True,True,True,1.0
ea356eadfcbbc83181a30eade6da43f4,species,2,2,913252.3|267.50,913252.3|267.50,913252.3,Paracoccus limosus,913252.3,Paracoccus limosus,1,2,2,1|2,True,True,True,True,1.0
b53ee4129079a6b4885428c4e2a408f9,species,1,1,515897.3,515897.3,515897.3,Pontibaca methylaminivorans,515897.3,Pontibaca methylaminivorans,1,1,1,1,True,True,True,True,1.0
708043a43693e1145f5e15e5ee3b2b06,genus,1,1,2930256.20,2930256.20,2930256.20,Hanamia sp.,2930256.20,Hanamia sp.,1,1,1,1,True,True,True,True,1.0
0c3ea3339f3a3be523e02cefed4aaa10,species,1,1,461393.31,461393.31,461393.31,Actinomyces massiliensis,461393.31,Actinomyces massiliensis,1,1,1,1,True,True,True,True,1.0
ab35a6efdcbec8500e2fb023169fe78a,species,2,2,2970917.3|1035067.5,2970917.3|1035067.5,2970917.3,Aminobacter sp. HY435,2970917.3,Aminobacter sp. HY435,1,2,2,1|2,True,True,True,True,1.0
31d88ad972b0a11f159439daf1fe7367,genus,3,3,39595.19|1716077.3|3039803.21,39595.19|1716077.3|3039803.21,39595.19,Microlunatus sp.,39595.19,Microlunatus sp.,2,3,3,2|3|1,True,True,True,True,1.0
3f36ab74340cc11784c5f0c58099e15e,species,2,2,2021380.49|3039803.1336,2021380.49|3039803.1336,2021380.49,Propionibacteriaceae bacterium,2021380.49,Propionibacteriaceae bacterium,3,2,2,3|2,True,True,True,True,1.0
a1919f68c3e5bd0c8c85ce6c4a407a81,genus,2,2,2038686.9|2042655.3,2038686.9|2042655.3,2038686.9,Propioniciclava sp.,2038686.9,Propioniciclava sp.,1,2,2,1|3,True,True,True,True,1.0
1e12ac0d70169a9c084a739e040907b9,species,2,2,47850.7|47857.7,47850.7|47857.7,47850.7,Micromonospora aurantiaca (nom. illeg.),47850.7,Micromonospora aurantiaca (nom. illeg.),1,2,2,1|3,True,True,True,True,1.0
24d1b9eb90c847a42a0dc2c748b53fd5,species,1,1,2030927.4611,2030927.4611,2030927.4611,Bacteroidales bacterium,2030927.4611,Bacteroidales bacterium,1,1,1,1,True,True,True,True,1.0
1a78865d2083e443fbc5b19b0ea17fc5,genus,1,1,1879010.7796,1879010.7796,1879010.7796,Bacillota bacterium,1879010.7796,Bacillota bacterium,1,1,1,1,True,True,True,True,1.0
11506c8de798b3e79303f7afc3d782b6,species,1,1,1879010.9959,1879010.9959,1879010.9959,Bacillota bacterium,1879010.9959,Bacillota bacterium,1,1,1,1,True,True,True,True,1.0
5d55d069c4109b5fc7cd290e947e5c8e,genus,2,2,3390204.3|1869227.3118,3390204.3|1869227.3118,3390204.3,Aphanothece microscopica,3390204.3,Aphanothece microscopica,1,2,2,1|2,True,True,True,True,1.0
cf93fb824641ba2cdbfddf60b0590131,family,2,2,1898207.4658|398512.9,1898207.4658|398512.9,1898207.4658,Clostridiales bacterium,1898207.4658,Clostridiales bacterium,3,2,2,3|7,True,True,True,True,1.0
05db5feb6a21f195981e6dce06cb45f2,species,1,1,2952890.60,2952890.60,2952890.60,Atribacterota bacterium,2952890.60,Atribacterota bacterium,1,1,1,1,True,True,True,True,1.0
ba7f833e7c235bf589dd87a343592b6d,species,1,1,3097447.3,3097447.3,3097447.3,Candidatus Pullichristensenella sp.,3097447.3,Candidatus Pullichristensenella sp.,1,1,1,1,True,True,True,True,1.0
11e175aff64bc4cf4986007e12bfc628,genus,3,3,433657.3|3058369.5|203799.3,433657.3|3058369.5|203799.3,433657.3,Nocardioides bigeumensis,433657.3,Nocardioides bigeumensis,1,3,3,1|2|3,True,True,True,True,1.0
e4738ae451a15c8bfd5229711b6b5361,genus,2,2,3133436.3|2989731.3,3133436.3|2989731.3,3133436.3,Novosphingobium anseongense,3133436.3,Novosphingobium anseongense,1,2,2,1|2,True,True,True,True,1.0
99b6b856e4676df229a6e3c11b183293,genus,1,1,91750.4517,91750.4517,91750.4517,uncultured Alphaproteobacteria bacterium,91750.4517,uncultured Alphaproteobacteria bacterium,1,1,1,1,True,True,True,True,1.0
0c794e59b49f4c211fd8d27ef015d178,genus,1,1,2715253.83,2715253.83,2715253.83,Pirellulales bacterium,2715253.83,Pirellulales bacterium,1,1,1,1,True,True,True,True,1.0
8b36978991475cb71d3317e4daaf9e1a,family,1,1,2668052.3,2668052.3,2668052.3,Mangrovibacterium lignilyticum,2668052.3,Mangrovibacterium lignilyticum,2,1,1,2,True,True,True,True,1.0
2d2be8e2152e95e0f171c4b66568e6f9,species,1,1,2054177.123,2054177.123,2054177.123,Christensenellaceae bacterium,2054177.123,Christensenellaceae bacterium,1,1,1,1,True,True,True,True,1.0
922daae168c740d829141c432a8cdcd1,species,1,1,377616.3,377616.3,377616.3,Pseudoxanthomonas yeongjuensis,377616.3,Pseudoxanthomonas yeongjuensis,1,1,1,1,True,True,True,True,1.0
6684f6190e4f3e23278528086ae25685,species,1,1,2485926.50,2485926.50,2485926.50,Atopobiaceae bacterium,2485926.50,Atopobiaceae bacterium,1,1,1,1,True,True,True,True,1.0
d9975f13b5075673dd9bb396688bd678,species,2,2,34028.125|1872437.18,34028.125|1872437.18,34028.125,Comamonas sp.,34028.125,Comamonas sp.,1,2,2,1|3,True,True,True,True,1.0
856f4e976cd8cb16d80b01f36ee9721a,species,1,1,1497501.182,1497501.182,1497501.182,uncultured Thermoleophilia bacterium,1497501.182,uncultured Thermoleophilia bacterium,1,1,1,1,True,True,True,True,1.0
8ed2c27daaea55b50ad23f3ffa313d87,genus,1,1,2823144.75,2823144.75,2823144.75,Candidatus Martarchaeota archaeon,2823144.75,Candidatus Martarchaeota archaeon,1,1,1,1,True,True,True,True,1.0
5c7c7b73a2ec4b36eb0c3adfcc84d9aa,species,2,2,36820.5|122202.7,36820.5|122202.7,36820.5,Gordonia aichiensis,36820.5,Gordonia aichiensis,1,2,2,1|2,True,True,True,True,1.0
3a87ef2d0d0b72632e8f39d0320fcf93,species,1,1,77133.16853,77133.16853,77133.16853,uncultured bacterium,77133.16853,uncultured bacterium,1,1,1,1,True,True,True,True,1.0
9212e9ff21fa9b50699aad28af029c33,genus,1,1,1796619.3,1796619.3,1796619.3,Irregularibacter muris,1796619.3,Irregularibacter muris,1,1,1,1,True,True,True,True,1.0
82f3d62aabc8caf816ec2120e9c14bb5,species,1,1,2026804.183,2026804.183,2026804.183,Candidatus Woesebacteria bacterium,2026804.183,Candidatus Woesebacteria bacterium,1,1,1,1,True,True,True,True,1.0
34f74c82bbd5954315b8ed382098d1c8,genus,1,1,34034.713,34034.713,34034.713,uncultured delta proteobacterium,34034.713,uncultured delta proteobacterium,1,1,1,1,True,True,True,True,1.0
d3abbc3a1ab2ef83f8acf34b86409689,species,1,1,2026780.1512,2026780.1512,2026780.1512,Planctomycetota bacterium,2026780.1512,Planctomycetota bacterium,1,1,1,1,True,True,True,True,1.0
ce2061796f0dee9838e806cd86488535,species,1,1,1966486.7,1966486.7,1966486.7,Dehalococcoides sp.,1966486.7,Dehalococcoides sp.,1,1,1,1,True,True,True,True,1.0
0d4a727aa1a6ad2e7284200ae5fbe3ad,genus,2,2,1564487.7|1898203.4044,1564487.7|1898203.4044,1564487.7,Herbinix hemicellulosilytica,1564487.7,Herbinix hemicellulosilytica,1,2,2,1|3,True,True,True,True,1.0
3faa67bb59d09a9a52decfdd672ebd37,species,1,1,1929291.18,1929291.18,1929291.18,Reyranella sp.,1929291.18,Reyranella sp.,1,1,1,1,True,True,True,True,1.0
e4726f3d57702fff7a622a277f09f348,family,1,1,1871330.8,1871330.8,1871330.8,Caloramator sp.,1871330.8,Caloramator sp.,3,1,1,3,True,True,True,True,1.0
5e65654a36b93f550852d66910b0bc34,genus,1,1,1879010.7001,1879010.7001,1879010.7001,Bacillota bacterium,1879010.7001,Bacillota bacterium,1,1,1,1,True,True,True,True,1.0
a6aee8a6cd6ccba649514961ae6730e1,species,1,1,2791017.17,2791017.17,2791017.17,Sphaerochaetaceae bacterium,2791017.17,Sphaerochaetaceae bacterium,1,1,1,1,True,True,True,True,1.0
85bc1a55639b9e35e2eed34f4c78295a,species,2,2,2212467.804|1898104.964,2212467.804|1898104.964,2212467.804,Bacteroidaceae bacterium,2212467.804,Bacteroidaceae bacterium,1,2,2,1|2,True,True,True,True,1.0
609733ff2721728a0474bb5c78c56ce6,family,2,2,1903720.1057|37628.85,1903720.1057|37628.85,1903720.1057,Bacilli bacterium,1903720.1057,Bacilli bacterium,1,2,2,1|2,True,True,True,True,1.0
d32b216fc90bc092634d87dbc9e8baab,species,1,1,2212473.329,2212473.329,2212473.329,Kiritimatiellia bacterium,2212473.329,Kiritimatiellia bacterium,1,1,1,1,True,True,True,True,1.0
28d35817f6313b2677fe3ce645be7fa4,species,1,1,2818507.292,2818507.292,2818507.292,Myxococcota bacterium,2818507.292,Myxococcota bacterium,1,1,1,1,True,True,True,True,1.0
959ee68dee7a677fe1541cf45d8d0ac6,species,1,1,90426.50,90426.50,90426.50,Methanothrix sp.,90426.50,Methanothrix sp.,1,1,1,1,True,True,True,True,1.0
c8feb8ca9cb7d65e44118c2b9afc7324,species,2,2,2030808.327|1872491.7,2030808.327|1872491.7,2030808.327,Candidatus Cloacimonadota bacterium,2030808.327,Candidatus Cloacimonadota bacterium,1,2,2,1|2,True,True,True,True,1.0
e679135d9188dd08e7318e906ef29a80,genus,1,1,2054177.138,2054177.138,2054177.138,Christensenellaceae bacterium,2054177.138,Christensenellaceae bacterium,1,1,1,1,True,True,True,True,1.0
8dddc010930174c81129a400de4404f2,species,1,1,1977087.4352,1977087.4352,1977087.4352,Pseudomonadota bacterium,1977087.4352,Pseudomonadota bacterium,1,1,1,1,True,True,True,True,1.0
2f1368be39db6c82a0d6a9e99ef420c4,family,2,2,2818044.3|3030912.181,2818044.3|3030912.181,2818044.3,Sinanaerobacter chloroacetimidivorans,2818044.3,Sinanaerobacter chloroacetimidivorans,6,2,2,6|2,True,True,True,True,1.0
1af6c9627463cd82e97a6b4ea183b12a,species,1,1,2818507.190,2818507.190,2818507.190,Myxococcota bacterium,2818507.190,Myxococcota bacterium,1,1,1,1,True,True,True,True,1.0
0ea9d792852d38833646e0b5bf48cc0f,species,2,2,2807096.3|1869227.2359,2807096.3|1869227.2359,2807096.3,Neotabrizicola shimadae,2807096.3,Neotabrizicola shimadae,2,2,2,2|3,True,True,True,True,1.0
be487433602cc1a744160a86bd546e04,family,1,1,2052179.106,2052179.106,2052179.106,Peptococcaceae bacterium,2052179.106,Peptococcaceae bacterium,5,1,1,5,True,True,True,True,1.0
aa58fe86d0f5e4b909114de614e7a57e,species,2,2,1869227.3111|1674906.4,1869227.3111|1674906.4,1869227.3111,bacterium,1869227.3111,bacterium,1,2,2,1|2,True,True,True,True,1.0
023bd97712c56fd071cfd4e6b41ee9c5,species,1,1,39441.6,39441.6,39441.6,Methanobrevibacter arboriphilus,39441.6,Methanobrevibacter arboriphilus,1,1,1,1,True,True,True,True,1.0
d301ae11d7d28ed99b28fdee9ef67ac4,species,2,2,2030808.361|2026724.2411,2030808.361|2026724.2411,2030808.361,Candidatus Cloacimonadota bacterium,2030808.361,Candidatus Cloacimonadota bacterium,1,2,2,1|2,True,True,True,True,1.0
72c3a9179d9dd5203fbaaceec278c7a9,genus,2,2,2054177.118|3083246.38,2054177.118|3083246.38,2054177.118,Christensenellaceae bacterium,2054177.118,Christensenellaceae bacterium,2,2,2,2|3,True,True,True,True,1.0
0112df9b91ee10ca73426db0de32571b,genus,1,1,244328.7181,244328.7181,244328.7181,uncultured Clostridia bacterium,244328.7181,uncultured Clostridia bacterium,1,1,1,1,True,True,True,True,1.0
b0aba9fc2245d2cb7e457364aa2205e4,species,2,2,60216.6|281.12,60216.6|281.12,60216.6,Xanthobacter tagetidis,60216.6,Xanthobacter tagetidis,1,2,2,1|2,True,True,True,True,1.0
8bbe4e6022a5ec46e3ba035b8b3e5036,family,1,1,86473.1591,86473.1591,86473.1591,uncultured Gammaproteobacteria bacterium,86473.1591,uncultured Gammaproteobacteria bacterium,1,1,1,1,True,True,True,True,1.0
102a50cfda4d5e455c29fbee9573d838,species,1,1,86473.2151,86473.2151,86473.2151,uncultured Gammaproteobacteria bacterium,86473.2151,uncultured Gammaproteobacteria bacterium,1,1,1,1,True,True,True,True,1.0
05f1e3ae2775e34620e57edf62271d6d,genus,1,1,1674862.5,1674862.5,1674862.5,Spirochaetales bacterium Spiro_06,1674862.5,Spirochaetales bacterium Spiro_06,1,1,1,1,True,True,True,True,1.0
d035ec5e6c52ae02c608835230dde4b7,species,2,2,1898205.3437|39492.846,1898205.3437|39492.846,1898205.3437,,1898205.3437,,1,2,2,1|2,True,True,True,False,1.0
6406af9ddc919e08f4d05e707fd141d4,species,1,1,2811411.24,2811411.24,2811411.24,Cypionkella sp.,2811411.24,Cypionkella sp.,1,1,1,1,True,True,True,True,1.0
0125f2eadef50a0a739c1537d792cf24,family,1,1,2026802.19,2026802.19,2026802.19,Waddliaceae bacterium,2026802.19,Waddliaceae bacterium,1,1,1,1,True,True,True,True,1.0
62cb0689453660fcfba1346b1152bc84,species,1,1,1672391.389,1672391.389,1672391.389,uncultured Chloroflexia bacterium,1672391.389,uncultured Chloroflexia bacterium,1,1,1,1,True,True,True,True,1.0
ebe91a7d912f432d8726b0cef99d18c3,species,2,2,1898203.6513|2044939.5394,1898203.6513|2044939.5394,1898203.6513,Lachnospiraceae bacterium,1898203.6513,Lachnospiraceae bacterium,1,2,2,1|5,True,True,True,True,1.0
b4437357383387ed0937aeb891b767d2,genus,1,1,1667032.94,1667032.94,1667032.94,uncultured Gaiellaceae bacterium,1667032.94,uncultured Gaiellaceae bacterium,1,1,1,1,True,True,True,True,1.0
79731579b17268e3805c05662db8b5a6,genus,1,1,2681970.3,2681970.3,2681970.3,Bacillus sp. A134,2681970.3,Bacillus sp. A134,1,1,1,1,True,True,True,True,1.0
477ebf0ce71e93b505183b46f1d1c310,species,1,1,2485925.4508,2485925.4508,2485925.4508,Oscillospiraceae bacterium,2485925.4508,Oscillospiraceae bacterium,2,1,1,2,True,True,True,True,1.0
fe2c23e02d96027ea381e1da7283d3ff,species,1,1,2870339.5,2870339.5,2870339.5,Ottowia caeni,2870339.5,Ottowia caeni,1,1,1,1,True,True,True,True,1.0
ba48df38cee6b17f2eda82b87095c240,family,1,1,2052143.1070,2052143.1070,2052143.1070,Anaerolineae bacterium,2052143.1070,Anaerolineae bacterium,1,1,1,1,True,True,True,True,1.0
c4047091d558ea01dc3b6702ba3278c7,genus,2,2,2026792.315|77133.6525,2026792.315|77133.6525,2026792.315,Spirochaetales bacterium,2026792.315,Spirochaetales bacterium,1,2,2,1|2,True,True,True,True,1.0
a6a36906813434ce2d18626305b1564a,genus,1,1,2304002.91,2304002.91,2304002.91,Methylococcales bacterium,2304002.91,Methylococcales bacterium,1,1,1,1,True,True,True,True,1.0
a5687ae218d670b18de3577539a459e3,genus,1,1,2599941.102,2599941.102,2599941.102,Oligoflexia bacterium,2599941.102,Oligoflexia bacterium,1,1,1,1,True,True,True,True,1.0
4afc7e5bf81aaf214149bfaa2ffa5edf,species,1,1,2713644.16,2713644.16,2713644.16,Methylicorpusculum sp.,2713644.16,Methylicorpusculum sp.,1,1,1,1,True,True,True,True,1.0
6bb8346dab9a3a0256b22ca23f399e86,family,2,2,3083246.38|244328.1443,3083246.38|244328.1443,3083246.38,Christensenellales bacterium,3083246.38,Christensenellales bacterium,1,2,2,1|2,True,True,True,True,1.0
0a23a3ed1cbe71a195745b3c5ea25d68,genus,1,1,2033014.110,2033014.110,2033014.110,Armatimonadota bacterium,2033014.110,Armatimonadota bacterium,1,1,1,1,True,True,True,True,1.0
66a02ed3c1738629e43ea7ca4005dafa,genus,1,1,36849.5,36849.5,36849.5,Oxobacter pfennigii,36849.5,Oxobacter pfennigii,1,1,1,1,True,True,True,True,1.0
f4a24bc6456b7cb91afeb18832b4c18d,genus,2,2,45067.5|28083.7,45067.5|28083.7,45067.5,Legionella lansingensis,45067.5,Legionella lansingensis,3,2,2,3|2,True,True,True,True,1.0
36bf04a857c2cb66cc9cb9d09ff71ad4,species,1,1,645616.3,645616.3,645616.3,Eoetvoesiella caeni,645616.3,Eoetvoesiella caeni,1,1,1,1,True,True,True,True,1.0
6291d6ddf701717cb4dadaf9fe7f3ad3,species,1,1,117.11,117.11,117.11,Pirellula sp.,117.11,Pirellula sp.,1,1,1,1,True,True,True,True,1.0
c7ee36f726ae061be7e613876b497945,family,1,1,2026724.2841,2026724.2841,2026724.2841,Chloroflexota bacterium,2026724.2841,Chloroflexota bacterium,1,1,1,1,True,True,True,True,1.0
347f05aadc3de2fe5237432c42d041b5,species,1,1,2758572.3,2758572.3,2758572.3,Schaalia sp. JY-X169,2758572.3,Schaalia sp. JY-X169,1,1,1,1,True,True,True,True,1.0
8c244456b056b6b07dd3fe3de07754c0,family,1,1,2052180.635,2052180.635,2052180.635,Phycisphaerales bacterium,2052180.635,Phycisphaerales bacterium,1,1,1,1,True,True,True,True,1.0
dc8f5ffb4f5fe578b41f078fe854247c,species,2,2,1882438.36|1913988.2128,1882438.36|1913988.2128,1882438.36,Mucilaginibacter sp.,1882438.36,Mucilaginibacter sp.,1,2,2,1|2,True,True,True,True,1.0
b83c05fb785fc037d554a6f40d8e7774,species,1,1,2497627.147,2497627.147,2497627.147,Microthrixaceae bacterium,2497627.147,Microthrixaceae bacterium,1,1,1,1,True,True,True,True,1.0
68bb557729fb17fa6cf8426461cb3d96,species,1,1,1293440.4,1293440.4,1293440.4,Kaistia hirudinis,1293440.4,Kaistia hirudinis,1,1,1,1,True,True,True,True,1.0
1fbebf41466cae9d33a4701c944cb55d,species,1,1,2699754.70,2699754.70,2699754.70,Pirellulaceae bacterium,2699754.70,Pirellulaceae bacterium,1,1,1,1,True,True,True,True,1.0
bbb265fb3e7a0752ebf597a8844bfc16,species,1,1,1898104.1192,1898104.1192,1898104.1192,Bacteroidota bacterium,1898104.1192,Bacteroidota bacterium,1,1,1,1,True,True,True,True,1.0
527d5108a6ce397729d5a554b1bf5e44,genus,3,3,45060.3|453.10|45064.4,45060.3|453.10|45064.4,45060.3,Legionella donaldsonii,45060.3,Legionella donaldsonii,1,3,3,1|2|3,True,True,True,True,1.0
ed129574cd3b032d712d56b5aae6be05,genus,3,3,1347891.3|3081651.3|257457.19,1347891.3|3081651.3|257457.19,1347891.3,Naumannella cuiyingiana,1347891.3,Naumannella cuiyingiana,1,3,3,1|2|8,True,True,True,True,1.0
5695cd2c25b48c99a4e5f409fc3f94ea,family,1,1,3048883.3,3048883.3,3048883.3,Candidatus Spyradocola sp.,3048883.3,Candidatus Spyradocola sp.,1,1,1,1,True,True,True,True,1.0
b1cb97aa18b863512ee21e70268186ac,genus,1,1,2172549.5,2172549.5,2172549.5,Candidatus Brocadia sp.,2172549.5,Candidatus Brocadia sp.,1,1,1,1,True,True,True,True,1.0
75c43bd66f718ca75507ff5efd6e4ccb,species,2,2,1874826.21|3230299.3,1874826.21|3230299.3,1874826.21,Novosphingobium sp.,1874826.21,Novosphingobium sp.,1,2,2,1|5,True,True,True,True,1.0
cc62bd14054a6830336f48d19ccb7fb7,species,1,1,91750.3150,91750.3150,91750.3150,uncultured Alphaproteobacteria bacterium,91750.3150,uncultured Alphaproteobacteria bacterium,1,1,1,1,True,True,True,True,1.0
32987fc28625ec2b81822b0fdaa91275,family,1,1,1879010.10586,1879010.10586,1879010.10586,Bacillota bacterium,1879010.10586,Bacillota bacterium,1,1,1,1,True,True,True,True,1.0
87aaf6c235f6de90e49dbd7cb8369b3a,species,2,2,2812850.3|1913989.708,2812850.3|1913989.708,2812850.3,Leucobacter soli,2812850.3,Leucobacter soli,1,2,2,1|2,True,True,True,True,1.0
33428c03ea0cb71b8769c049e677faaa,species,2,2,2735903.3|3041758.4,2735903.3|3041758.4,2735903.3,Microbacterium sp. B8U3A,2735903.3,Microbacterium sp. B8U3A,1,2,2,1|2,True,True,True,True,1.0
7b28257e7072537ea4bb77e10e2333cc,family,1,1,1898207.4661,1898207.4661,1898207.4661,Clostridiales bacterium,1898207.4661,Clostridiales bacterium,1,1,1,1,True,True,True,True,1.0
2db5ad6c3ba987db0d8d5ff958a3cf38,family,1,1,3039180.3,3039180.3,3039180.3,Metallumcola ferriviriculae,3039180.3,Metallumcola ferriviriculae,1,1,1,1,True,True,True,True,1.0
52bbb433f19eef3b3b7f88453db7aeb4,genus,1,1,2030927.5540,2030927.5540,2030927.5540,Bacteroidales bacterium,2030927.5540,Bacteroidales bacterium,1,1,1,1,True,True,True,True,1.0
ed541c87d5df87ae71fac96b59bc34aa,species,1,1,115547.278,115547.278,115547.278,uncultured archaeon,115547.278,uncultured archaeon,1,1,1,1,True,True,True,True,1.0
316a647c6d79dda84bd598e67148ca47,species,2,2,1872424.27|1542388.4,1872424.27|1542388.4,1872424.27,Albidovulum sp.,1872424.27,Albidovulum sp.,1,2,2,1|3,True,True,True,True,1.0
e96b5191533b55b247369d8649d8458d,family,2,2,1898104.5398|2053306.42,1898104.5398|2053306.42,1898104.5398,Bacteroidota bacterium,1898104.5398,Bacteroidota bacterium,1,2,2,1|2,True,True,True,True,1.0
147d62339ee971ef76541998e68ae85f,genus,3,3,2282762.3|1909294.1293|91750.3096,2282762.3|1909294.1293|91750.3096,2282762.3,Zhengella sp.,2282762.3,Zhengella sp.,1,3,3,1|3|4,True,True,True,True,1.0
2cfccf020554e11e7539dd993cba6a0e,genus,1,1,1434378.5,1434378.5,1434378.5,uncultured Saccharofermentans sp.,1434378.5,uncultured Saccharofermentans sp.,1,1,1,1,True,True,True,True,1.0
8f1916d21f568321064dd9348e295557,species,2,2,3111540.5|2773458.3,3111540.5|2773458.3,3111540.5,Sinanaerobacter sp. ZZT-01,3111540.5,Sinanaerobacter sp. ZZT-01,1,2,2,1|4,True,True,True,True,1.0
87c086aa8d08ea34c86a236167ecfaae,genus,2,2,3083246.38|1879010.10588,3083246.38|1879010.10588,3083246.38,Christensenellales bacterium,3083246.38,Christensenellales bacterium,1,2,2,1|2,True,True,True,True,1.0
ad044e27597f7c321516675ab284767e,species,2,2,1898104.1542|1642647.4,1898104.1542|1642647.4,1898104.1542,Bacteroidota bacterium,1898104.1542,Bacteroidota bacterium,1,2,2,1|2,True,True,True,True,1.0
efbf41ef6305f10672073c212c671a34,genus,1,1,2763656.3,2763656.3,2763656.3,Guopingia tenuis,2763656.3,Guopingia tenuis,1,1,1,1,True,True,True,True,1.0
3ce149b2036b09491c253ded0e4d44a0,species,2,2,57706.365|546.1947,57706.365|546.1947,57706.365,Citrobacter braakii,57706.365,Citrobacter braakii,1,2,2,1|2,True,True,True,True,1.0
173a7aab3bd6f1f6811b232f07dc1c3c,family,2,2,1367435.3|2991054.4,1367435.3|2991054.4,1367435.3,Alcaligenes sp. DN25,1367435.3,Alcaligenes sp. DN25,1,2,2,1|11,True,True,True,True,1.0
30e37ad8c5069c7422d918c06234c077,species,1,1,3036128.3,3036128.3,3036128.3,Diaphorobacter limosus,3036128.3,Diaphorobacter limosus,1,1,1,1,True,True,True,True,1.0
10b6b184facb45c5d65fdd366d251c34,species,1,1,1243007.3,1243007.3,1243007.3,uncultured Macellibacteroides sp.,1243007.3,uncultured Macellibacteroides sp.,1,1,1,1,True,True,True,True,1.0
53bd29e551ba399226ce99e06ee5e31b,genus,1,1,1872520.7,1872520.7,1872520.7,Anaeromusa sp.,1872520.7,Anaeromusa sp.,1,1,1,1,True,True,True,True,1.0
ac55accdeaf5d678b973cc5061f19e64,species,1,1,2202144.336,2202144.336,2202144.336,Spirochaetota bacterium,2202144.336,Spirochaetota bacterium,1,1,1,1,True,True,True,True,1.0
1264d7f3ce202f7732de351912bfda5e,species,2,2,2268202.73|2202144.256,2268202.73|2202144.256,2268202.73,Synergistota bacterium,2268202.73,Synergistota bacterium,1,2,2,1|2,True,True,True,True,1.0
a77c9d2b8200bef0d694237279a593f8,family,2,2,2026799.507|2026724.3479,2026799.507|2026724.3479,2026799.507,Verrucomicrobiota bacterium,2026799.507,Verrucomicrobiota bacterium,1,2,2,1|2,True,True,True,True,1.0
28fb272909cf6fa14f7019229dc1b994,species,1,1,2052183.43,2052183.43,2052183.43,Spartobacteria bacterium,2052183.43,Spartobacteria bacterium,1,1,1,1,True,True,True,True,1.0
14ba1f19338b039eaa6ddedfb7c78f7e,species,1,1,2053589.824,2053589.824,2053589.824,Minisyncoccota bacterium,2053589.824,Minisyncoccota bacterium,1,1,1,1,True,True,True,True,1.0
42472e31acff294fdf22a25f46752c45,species,2,2,2497619.474|2201156.1435,2497619.474|2201156.1435,2497619.474,Ilumatobacteraceae bacterium,2497619.474,Ilumatobacteraceae bacterium,2,2,2,2|5,True,True,True,True,1.0
9b29795b6a07b073b71d5196ded69d85,species,1,1,1869227.7417,1869227.7417,1869227.7417,bacterium,1869227.7417,bacterium,1,1,1,1,True,True,True,True,1.0
ce7cc0fd0e5319b6271c2a7b5fe54896,genus,1,1,1879010.10723,1879010.10723,1879010.10723,Bacillota bacterium,1879010.10723,Bacillota bacterium,1,1,1,1,True,True,True,True,1.0
78a0364df0e0d26085d92c0946f18d33,family,1,1,1978337.3,1978337.3,1978337.3,Petrimonas sp. IBARAKI,1978337.3,Petrimonas sp. IBARAKI,2,1,1,2,True,True,True,True,1.0
522c7a0c6142aec0c66fafcf71cd5223,family,1,1,1678841.5,1678841.5,1678841.5,Lentimicrobium saccharophilum,1678841.5,Lentimicrobium saccharophilum,1,1,1,1,True,True,True,True,1.0
1aede2d5c2e052cf33e4fbbc76abf4bb,species,1,1,413497.13,413497.13,413497.13,Cronobacter dublinensis,413497.13,Cronobacter dublinensis,20,1,1,20,True,True,True,True,1.0
3ebc45cb057728ffa06e667125c116fd,species,1,1,3084053.3,3084053.3,3084053.3,Nitratidesulfovibrio sp. 1201_IL3209,3084053.3,Nitratidesulfovibrio sp. 1201_IL3209,1,1,1,1,True,True,True,True,1.0
c6e107ed1e85e47112f11877f3145a7a,genus,1,1,3070655.6,3070655.6,3070655.6,Oscillospiraceae bacterium MB24-C1,3070655.6,Oscillospiraceae bacterium MB24-C1,1,1,1,1,True,True,True,True,1.0
abb5010d272a80f960bc66a0fade6593,genus,1,1,172733.9284,172733.9284,172733.9284,uncultured Eubacteriales bacterium,172733.9284,uncultured Eubacteriales bacterium,1,1,1,1,True,True,True,True,1.0
f9a66a17b5f9dce559c28ff645d872b3,genus,1,1,1294023.3,1294023.3,1294023.3,Syntrophomonas palmitatica,1294023.3,Syntrophomonas palmitatica,1,1,1,1,True,True,True,True,1.0
1eb531d7f3ea89a9ead56eda443560cd,species,2,2,267128.12|462372.3,267128.12|462372.3,267128.12,Sphingopyxis granuli,267128.12,Sphingopyxis granuli,1,2,2,1|2,True,True,True,True,1.0
ab8d396cc48256dc50ec98bcc4419d8b,genus,1,1,557451.3,557451.3,557451.3,Symbiobacterium terraclitae,557451.3,Symbiobacterium terraclitae,1,1,1,1,True,True,True,True,1.0
3cce19ea306b1aafd7cd22fdc1bcefd6,genus,1,1,1773.19464,1773.19464,1773.19464,Mycobacterium tuberculosis,1773.19464,Mycobacterium tuberculosis,1,1,1,1,True,True,True,True,1.0
1c9743174dcdb5dacbd049ba550f23f8,species,2,2,2026791.202|2202153.108,2026791.202|2202153.108,2026791.202,Bryobacterales bacterium,2026791.202,Bryobacterales bacterium,1,2,2,1|2,True,True,True,True,1.0
6d6f4c93d09d73073c55fef2decc5e58,genus,1,1,2030827.27,2030827.27,2030827.27,Candidatus Babelota bacterium,2030827.27,Candidatus Babelota bacterium,1,1,1,1,True,True,True,True,1.0
29924e75bce2dffe324f99988900e268,family,1,1,86473.1591,86473.1591,86473.1591,uncultured Gammaproteobacteria bacterium,86473.1591,uncultured Gammaproteobacteria bacterium,1,1,1,1,True,True,True,True,1.0
a42258463565d8531ac1fbcbcb5558fd,genus,2,2,768556.617|2044940.252,768556.617|2044940.252,768556.617,uncultured Solirubrobacterales bacterium,768556.617,uncultured Solirubrobacterales bacterium,1,2,2,1|2,True,True,True,True,1.0
1c4637de71fcd2eaffb3ce3dfac5900b,genus,1,1,1672391.957,1672391.957,1672391.957,uncultured Chloroflexia bacterium,1672391.957,uncultured Chloroflexia bacterium,1,1,1,1,True,True,True,True,1.0
7aaabccf2857ac0f0872b94bd0f656d3,species,2,2,418647.3|666685.121,418647.3|666685.121,418647.3,Rhodanobacter terrae,418647.3,Rhodanobacter terrae,1,2,2,1|2,True,True,True,True,1.0
5c9fb7a940057c1f9f962c0feb1bab79,species,1,1,1604901.3,1604901.3,1604901.3,Inconstantimicrobium mannanitabidum,1604901.3,Inconstantimicrobium mannanitabidum,1,1,1,1,True,True,True,True,1.0
91f0e5c44114d5c9a43a1eec10154a17,species,1,1,1501.9,1501.9,1501.9,Clostridium pasteurianum,1501.9,Clostridium pasteurianum,1,1,1,1,True,True,True,True,1.0
be2e14e36e0980340c6a5106d0ebf887,species,1,1,2269367.3,2269367.3,2269367.3,Rhodopseudomonas sp. WA056,2269367.3,Rhodopseudomonas sp. WA056,4,1,1,4,True,True,True,True,1.0
41c2b1997c23cb128c7a5fe3586fe2cd,genus,2,2,1837344.4|2038686.3,1837344.4|2038686.3,1837344.4,Propioniciclava sinopodophylli,1837344.4,Propioniciclava sinopodophylli,1,2,2,1|3,True,True,True,True,1.0
63127b43a7584c83207f3213ebd51a60,species,2,2,2962065.3|2497686.3,2962065.3|2497686.3,2962065.3,Pollutimonas sp. M17,2962065.3,Pollutimonas sp. M17,1,2,2,1|2,True,True,True,True,1.0
dce9d93a9449b78d7b3f809249923607,genus,1,1,2900548.1118,2900548.1118,2900548.1118,Actinomycetota bacterium,2900548.1118,Actinomycetota bacterium,1,1,1,1,True,True,True,True,1.0
5ef9c96b68ed0d81bec10c4b79e562a8,species,2,2,2934157.3|322609.5,2934157.3|322609.5,2934157.3,Williamsia sp. DF01-3,2934157.3,Williamsia sp. DF01-3,1,2,2,1|2,True,True,True,True,1.0
419a137f2ad50bcbc7cd2b296d34e524,genus,2,2,2715253.265|120965.211,2715253.265|120965.211,2715253.265,Pirellulales bacterium,2715253.265,Pirellulales bacterium,1,2,2,1|2,True,True,True,True,1.0
1be3827e47b5c470292d2d3200f1aa5e,family,1,1,411917.44,411917.44,411917.44,uncultured Planctomycetia bacterium,411917.44,uncultured Planctomycetia bacterium,1,1,1,1,True,True,True,True,1.0
260f47af70cb0a395a7ad53f17bdced2,genus,1,1,2528021.3,2528021.3,2528021.3,Anatilimnocola aggregata,2528021.3,Anatilimnocola aggregata,1,1,1,1,True,True,True,True,1.0
b2378dc0ed02b4859dec7c88db7efeb0,genus,1,1,2691532.41,2691532.41,2691532.41,Isosphaeraceae bacterium,2691532.41,Isosphaeraceae bacterium,1,1,1,1,True,True,True,True,1.0
23f3e8af4976b7963035af445f28e69e,family,2,2,338645.5|3083246.38,338645.5|3083246.38,338645.5,Candidatus Contubernalis alkaliaceticus,338645.5,Candidatus Contubernalis alkaliaceticus,1,2,2,1|2,True,True,True,True,1.0
377137e62970b518f66505eab179329e,species,2,2,2080302.847|179883.441,2080302.847|179883.441,2080302.847,Acidimicrobiia bacterium,2080302.847,Acidimicrobiia bacterium,1,2,2,1|3,True,True,True,True,1.0
52b604057878bf8752f3a1b04785376f,family,1,1,1879010.6667,1879010.6667,1879010.6667,Bacillota bacterium,1879010.6667,Bacillota bacterium,1,1,1,1,True,True,True,True,1.0
e1a9800482df461df81429b3b8f859a1,species,2,2,114527.488|114528.6,114527.488|114528.6,114527.488,Mogibacterium diversum,114527.488,Mogibacterium diversum,2,2,2,2|5,True,True,True,True,1.0
86648abd0094f1568a386360dcba7034,family,1,1,86473.2173,86473.2173,86473.2173,uncultured Gammaproteobacteria bacterium,86473.2173,uncultured Gammaproteobacteria bacterium,1,1,1,1,True,True,True,True,1.0
2dbf2a077fcce4d00fd8aa9472955ceb,species,2,2,2026791.202|2202153.108,2026791.202|2202153.108,2026791.202,Bryobacterales bacterium,2026791.202,Bryobacterales bacterium,1,2,2,1|2,True,True,True,True,1.0
d892477defe0f9cdd8909406acda6427,family,1,1,3083246.38,3083246.38,3083246.38,Christensenellales bacterium,3083246.38,Christensenellales bacterium,1,1,1,1,True,True,True,True,1.0
117d3b82912eec34fc2dd0e5e32afe1f,genus,3,3,1671629.3|1879010.10766|2093811.237,1671629.3|1879010.10766|2093811.237,1671629.3,Syntrophomonas sp. DTU018,1671629.3,Syntrophomonas sp. DTU018,1,3,3,1|2|4,True,True,True,True,1.0
9d4a17911618ba9db170b62ca50ac4a3,family,1,1,1672391.659,1672391.659,1672391.659,uncultured Chloroflexia bacterium,1672391.659,uncultured Chloroflexia bacterium,1,1,1,1,True,True,True,True,1.0
88d9d7a5f4454e47ced69c6c7391068b,family,1,1,45200.35,45200.35,45200.35,Methanospirillum sp.,45200.35,Methanospirillum sp.,1,1,1,1,True,True,True,True,1.0
4e54424feaf302b38dacbb7da4c883dd,genus,2,2,1564487.7|433286.4,1564487.7|433286.4,1564487.7,Herbinix hemicellulosilytica,1564487.7,Herbinix hemicellulosilytica,1,2,2,1|3,True,True,True,True,1.0
3cf1742119ed5fa9647b23f85b3f9af1,species,2,2,871665.41|1955243.255,871665.41|1955243.255,871665.41,Blautia faecis,871665.41,Blautia faecis,2,2,2,2|5,True,True,True,True,1.0
9816db47f2611a30597851d70a0e62fd,species,1,1,100233.307,100233.307,100233.307,uncultured Planctomycetaceae bacterium,100233.307,uncultured Planctomycetaceae bacterium,1,1,1,1,True,True,True,True,1.0
9c96f5d8a39fc651dd1265522f6dab70,genus,1,1,3083246.31,3083246.31,3083246.31,Christensenellales bacterium,3083246.31,Christensenellales bacterium,1,1,1,1,True,True,True,True,1.0
56db17221a9724cad62ae9a36c453a81,species,1,1,904068.20,904068.20,904068.20,uncultured Leptolinea sp.,904068.20,uncultured Leptolinea sp.,1,1,1,1,True,True,True,True,1.0
c601bfcd6b08e128ae6dfdcdb48400ed,genus,1,1,1712410.4,1712410.4,1712410.4,Thermanaerosceptrum fracticalcis,1712410.4,Thermanaerosceptrum fracticalcis,1,1,1,1,True,True,True,True,1.0
0ca4dd10576aed42007187bfd0cb11c5,genus,1,1,86473.2173,86473.2173,86473.2173,uncultured Gammaproteobacteria bacterium,86473.2173,uncultured Gammaproteobacteria bacterium,1,1,1,1,True,True,True,True,1.0
f70e093acf38a2d3d8f0e88980b0293d,species,1,1,1434378.5,1434378.5,1434378.5,uncultured Saccharofermentans sp.,1434378.5,uncultured Saccharofermentans sp.,1,1,1,1,True,True,True,True,1.0
49196b1aebe801d08aeafc3c6ee37b63,genus,3,3,1650662.4|69208.3|1604901.3,1650662.4|69208.3|1604901.3,1650662.4,Desnuesiella massiliensis,1650662.4,Desnuesiella massiliensis,1,3,3,1|13|5,True,True,True,True,1.0
9f113facb493f17c8499fb47ff434602,species,1,1,115547.303,115547.303,115547.303,uncultured archaeon,115547.303,uncultured archaeon,1,1,1,1,True,True,True,True,1.0
513be4a37b7f822529b6bc15793afd03,species,1,1,2930256.16,2930256.16,2930256.16,Hanamia sp.,2930256.16,Hanamia sp.,1,1,1,1,True,True,True,True,1.0
227b3993622857f90f1b3be1adaf17cd,genus,1,1,257457.44,257457.44,257457.44,uncultured Propionibacteriaceae bacterium,257457.44,uncultured Propionibacteriaceae bacterium,1,1,1,1,True,True,True,True,1.0
398b644c70b3a3b47d64e696f8b639fc,species,1,1,1392423.47,1392423.47,1392423.47,uncultured Methanoregulaceae archaeon,1392423.47,uncultured Methanoregulaceae archaeon,1,1,1,1,True,True,True,True,1.0
074479d786da002e8256e36bc49904fa,genus,1,1,2763033.3,2763033.3,2763033.3,Christensenella tenuis,2763033.3,Christensenella tenuis,1,1,1,1,True,True,True,True,1.0
4d14fe12857973bd0d0470a41c6e1a5a,species,1,1,2499140.25,2499140.25,2499140.25,Negativicutes bacterium,2499140.25,Negativicutes bacterium,1,1,1,1,True,True,True,True,1.0
a3cb77034e3171f38574be30d580d64e,genus,2,2,91750.3213|3131929.5,91750.3213|3131929.5,91750.3213,uncultured Alphaproteobacteria bacterium,91750.3213,uncultured Alphaproteobacteria bacterium,2,2,2,2|4,True,True,True,True,1.0
a743ded8ab3e004a1671552ecbb9bb5b,genus,2,2,879970.3|1450156.3,879970.3|1450156.3,879970.3,Defluviitalea saccharophila,879970.3,Defluviitalea saccharophila,1,2,2,1|2,True,True,True,True,1.0
248422358abb94560c1fc2271904e71f,genus,1,1,45073.8,45073.8,45073.8,Legionella quinlivanii,45073.8,Legionella quinlivanii,1,1,1,1,True,True,True,True,1.0
d565cc730adacf032359b0bbd5840ed3,species,1,1,879970.3,879970.3,879970.3,Defluviitalea saccharophila,879970.3,Defluviitalea saccharophila,1,1,1,1,True,True,True,True,1.0
115fd3d829ca9fb45630f07981cbcb73,species,1,1,2049049.19,2049049.19,2049049.19,Veillonellaceae bacterium,2049049.19,Veillonellaceae bacterium,1,1,1,1,True,True,True,True,1.0
8f41bea56ea28ecfb10b1e83a77ff160,species,2,2,1506.1185|1898204.96,1506.1185|1898204.96,1506.1185,Clostridium sp.,1506.1185,Clostridium sp.,1,2,2,1|2,True,True,True,True,1.0
8933321e7dbdf47e55a1ec83a6517e09,species,2,2,2035356.5|1929291.112,2035356.5|1929291.112,2035356.5,Reyranella aquatilis,2035356.5,Reyranella aquatilis,1,2,2,1|2,True,True,True,True,1.0
089e886fa6644f9380d46e458a8bf9d6,genus,2,2,2030927.5533|1898104.3469,2030927.5533|1898104.3469,2030927.5533,Bacteroidales bacterium,2030927.5533,Bacteroidales bacterium,1,2,2,1|2,True,True,True,True,1.0
1533932a1509abc329353a9d98d3f519,genus,1,1,91750.4177,91750.4177,91750.4177,uncultured Alphaproteobacteria bacterium,91750.4177,uncultured Alphaproteobacteria bacterium,1,1,1,1,True,True,True,True,1.0
49e3be6db5eee89cd85b7d6f4210ec90,species,1,1,2925014.5,2925014.5,2925014.5,Desulforhabdus sp. TSK,2925014.5,Desulforhabdus sp. TSK,1,1,1,1,True,True,True,True,1.0
400fe0a1f19db5477c9e37d1f2efcef3,species,2,2,1393.13|51101.23,1393.13|51101.23,1393.13,Brevibacillus brevis,1393.13,Brevibacillus brevis,1,2,2,1|3,True,True,True,True,1.0
6904ffb97cd865af71cbb684f9892107,family,1,1,2026778.484,2026778.484,2026778.484,Phycisphaerae bacterium,2026778.484,Phycisphaerae bacterium,1,1,1,1,True,True,True,True,1.0
639e75a54d67c9dc93cfa31100bdc6d9,below,0,0,,,,,,,,0,0,,,,,,
ea45bee86d1ee90365290e8bef727fe5,genus,1,1,3082383.25,3082383.25,3082383.25,Candidatus Darwinibacter acetoxidans,3082383.25,Candidatus Darwinibacter acetoxidans,1,1,1,1,True,True,True,True,1.0
7e03bedb15626308fa00007db009033d,family,2,2,1367435.3|2991054.4,1367435.3|2991054.4,1367435.3,Alcaligenes sp. DN25,1367435.3,Alcaligenes sp. DN25,1,2,2,1|11,True,True,True,True,1.0
54cf58358cfa82b7dc7956916adbaf7e,genus,1,1,3083246.38,3083246.38,3083246.38,Christensenellales bacterium,3083246.38,Christensenellales bacterium,1,1,1,1,True,True,True,True,1.0
a7ce2e12db2ff3b5fbac2cc8276cee0a,species,1,1,642589.19,642589.19,642589.19,Caproiciproducens galactitolivorans,642589.19,Caproiciproducens galactitolivorans,1,1,1,1,True,True,True,True,1.0
bdb4a8177d34d5e7899e74940d5e8d4d,species,1,1,1879010.10615,1879010.10615,1879010.10615,Bacillota bacterium,1879010.10615,Bacillota bacterium,1,1,1,1,True,True,True,True,1.0
627660d80a5a9ff20c533d134d2f8489,species,1,1,1879010.7795,1879010.7795,1879010.7795,Bacillota bacterium,1879010.7795,Bacillota bacterium,1,1,1,1,True,True,True,True,1.0
62582dc1dc0a4de7a816d608c479fb4a,genus,1,1,2053589.824,2053589.824,2053589.824,Minisyncoccota bacterium,2053589.824,Minisyncoccota bacterium,1,1,1,1,True,True,True,True,1.0
f28f33c94ad752ce04971fe370f2538e,species,1,1,43774.4,43774.4,43774.4,Syntrophus buswellii,43774.4,Syntrophus buswellii,1,1,1,1,True,True,True,True,1.0
39cb04a51e62389c21d35e2d695d65ee,species,1,1,1898104.3473,1898104.3473,1898104.3473,Bacteroidota bacterium,1898104.3473,Bacteroidota bacterium,1,1,1,1,True,True,True,True,1.0
b098523d1b3f58bbb80fe9308fb8912c,species,2,2,2927939.15|1852826.4,2927939.15|1852826.4,2927939.15,Candidatus Absconditabacterales bacterium,2927939.15,Candidatus Absconditabacterales bacterium,1,2,2,1|2,True,True,True,True,1.0
d27891ec7eaa21b0099ce51c7b38bc5c,genus,1,1,2026779.820,2026779.820,2026779.820,Planctomycetaceae bacterium,2026779.820,Planctomycetaceae bacterium,1,1,1,1,True,True,True,True,1.0
d61279a4131ed846136cac9c8c7c99ef,genus,1,1,2485925.2956,2485925.2956,2485925.2956,Oscillospiraceae bacterium,2485925.2956,Oscillospiraceae bacterium,1,1,1,1,True,True,True,True,1.0
bc85938f61bfb977747f0b4d8a86f2b9,species,2,2,2898435.7|2448054.515,2898435.7|2448054.515,2898435.7,Phenylobacterium sp. J367,2898435.7,Phenylobacterium sp. J367,1,2,2,1|3,True,True,True,True,1.0
cd25c45d1fcdc21024720b3b199d9e51,genus,1,1,2873829.15,2873829.15,2873829.15,Anaerohalosphaeraceae bacterium,2873829.15,Anaerohalosphaeraceae bacterium,1,1,1,1,True,True,True,True,1.0
3ffbac564ae83148bbb18197b7093464,species,1,1,1898104.3469,1898104.3469,1898104.3469,Bacteroidota bacterium,1898104.3469,Bacteroidota bacterium,1,1,1,1,True,True,True,True,1.0
f1ebffdf71f712f477b8ede6c75a5a98,family,2,2,1298606.3|213585.10,1298606.3|213585.10,1298606.3,Methanosarcina barkeri,1298606.3,Methanosarcina barkeri,1,2,2,1|2,True,True,True,True,1.0
d2a7242dccc3b9a6c09d989ebfef37f4,species,1,1,84032.5,84032.5,84032.5,Clostridium thermosuccinogenes,84032.5,Clostridium thermosuccinogenes,1,1,1,1,True,True,True,True,1.0
463921baaa4efa55a2dd33663c3a3e27,species,1,1,3142730.3,3142730.3,3142730.3,Christensenellaceae bacterium 44-20,3142730.3,Christensenellaceae bacterium 44-20,1,1,1,1,True,True,True,True,1.0
7cb6fb83dfd9725a45a012db687900e1,genus,1,1,690567.9,690567.9,690567.9,Syntrophomonas zehnderi,690567.9,Syntrophomonas zehnderi,1,1,1,1,True,True,True,True,1.0
41378c0d1422c99fe376b37f5e1eb290,species,1,1,669455.3,669455.3,669455.3,Sediminibacterium magnilacihabitans,669455.3,Sediminibacterium magnilacihabitans,1,1,1,1,True,True,True,True,1.0
b8787a09e2e26dcf154557d3ad66ea8d,species,2,2,2026791.202|2202153.108,2026791.202|2202153.108,2026791.202,Bryobacterales bacterium,2026791.202,Bryobacterales bacterium,1,2,2,1|2,True,True,True,True,1.0
ac9f1e4b2c16d2889fff6d797650d869,genus,1,1,1879010.9295,1879010.9295,1879010.9295,Bacillota bacterium,1879010.9295,Bacillota bacterium,1,1,1,1,True,True,True,True,1.0
ab6115f8667efbf773336f71d2ab8f62,species,0,0,,,,,,,,0,0,,,,,,
e8a175a7e2f98b4c540ba8c39c2e16dc,family,2,2,3083246.117|1872421.348,3083246.117|1872421.348,3083246.117,Christensenellales bacterium,3083246.117,Christensenellales bacterium,2,2,2,2|4,True,True,True,True,1.0
f5f66763f2f22b0c3e7c6196abf30135,species,1,1,1879010.9600,1879010.9600,1879010.9600,Bacillota bacterium,1879010.9600,Bacillota bacterium,1,1,1,1,True,True,True,True,1.0
ed2d2e8b1f87bc9682f5032af247e55d,genus,1,1,3064664.35,3064664.35,3064664.35,Candidatus Cloacimonadaceae bacterium,3064664.35,Candidatus Cloacimonadaceae bacterium,1,1,1,1,True,True,True,True,1.0
2a259a83523139e7d1a7dbd894e2ae4d,genus,1,1,2054177.138,2054177.138,2054177.138,Christensenellaceae bacterium,2054177.138,Christensenellaceae bacterium,1,1,1,1,True,True,True,True,1.0
742bfc36f3a40d87bc080ab54fdf0b05,genus,2,2,2054177.138|2930996.3,2054177.138|2930996.3,2054177.138,Christensenellaceae bacterium,2054177.138,Christensenellaceae bacterium,1,2,2,1|3,True,True,True,True,1.0
eae2b2f16935541e065a7e45ce95ff17,species,1,1,2026724.2470,2026724.2470,2026724.2470,Chloroflexota bacterium,2026724.2470,Chloroflexota bacterium,1,1,1,1,True,True,True,True,1.0
7a777474146ffbe89e17716b8660dcfb,species,2,2,1793966.17|1905276.3,1793966.17|1905276.3,1793966.17,Pseudomonas fluvialis,1793966.17,Pseudomonas fluvialis,1,2,2,1|2,True,True,True,True,1.0
689ea6538e35d0bf0beff8b8ef7ae765,species,1,1,2935861.4,2935861.4,2935861.4,Gordonia sp. PP30,2935861.4,Gordonia sp. PP30,1,1,1,1,True,True,True,True,1.0
7a40f4cd070ab0fbebfa8749c02f9a24,species,1,1,86027.1211,86027.1211,86027.1211,uncultured beta proteobacterium,86027.1211,uncultured beta proteobacterium,1,1,1,1,True,True,True,True,1.0
5088bc096c191a333932a605b066096f,species,1,1,2026.10,2026.10,2026.10,Thermoactinomyces vulgaris,2026.10,Thermoactinomyces vulgaris,1,1,1,1,True,True,True,True,1.0
6b34b89a4a40e33a8f93fef4209c4a96,genus,1,1,1715348.4,1715348.4,1715348.4,Sandaracinobacter neustonicus,1715348.4,Sandaracinobacter neustonicus,1,1,1,1,True,True,True,True,1.0
084437b858d3fa8724b6da08a434b92f,species,2,2,2044936.33|2053624.293,2044936.33|2053624.293,2044936.33,Bacteroidia bacterium,2044936.33,Bacteroidia bacterium,1,2,2,1|2,True,True,True,True,1.0
38fdea0374be9c2a3549ac2be7678d6d,family,1,1,2052143.1141,2052143.1141,2052143.1141,Anaerolineae bacterium,2052143.1141,Anaerolineae bacterium,1,1,1,1,True,True,True,True,1.0
c21569e136028113fff8cb7f4f825cd4,genus,1,1,1773.25606,1773.25606,1773.25606,Mycobacterium tuberculosis,1773.25606,Mycobacterium tuberculosis,1,1,1,1,True,True,True,True,1.0
a9639627b1b6650686b3f6a401ed7fb0,family,1,1,1898207.3548,1898207.3548,1898207.3548,Clostridiales bacterium,1898207.3548,Clostridiales bacterium,1,1,1,1,True,True,True,True,1.0
00c193a1d13306dc0a3fa7b7b19327a9,genus,1,1,77133.6584,77133.6584,77133.6584,uncultured bacterium,77133.6584,uncultured bacterium,1,1,1,1,True,True,True,True,1.0
0092fa9cfbb787e7d34b4a3417ab24e3,genus,1,1,959.14,959.14,959.14,Bdellovibrio bacteriovorus,959.14,Bdellovibrio bacteriovorus,1,1,1,1,True,True,True,True,1.0
1a2aa45c0c2bca3b49679b7f3f4f465d,species,2,2,2212467.804|1898104.964,2212467.804|1898104.964,2212467.804,Bacteroidaceae bacterium,2212467.804,Bacteroidaceae bacterium,1,2,2,1|2,True,True,True,True,1.0
3e2d1a7be6fbbcbc12428a01c86b7b8b,species,1,1,2682144.15,2682144.15,2682144.15,Fimbriimonadaceae bacterium,2682144.15,Fimbriimonadaceae bacterium,1,1,1,1,True,True,True,True,1.0
a873a33b303c266754138e274bcb835f,species,1,1,115547.288,115547.288,115547.288,uncultured archaeon,115547.288,uncultured archaeon,1,1,1,1,True,True,True,True,1.0
70deeba9f4974d134dbc64d97bd2fff7,genus,1,1,2052143.1140,2052143.1140,2052143.1140,Anaerolineae bacterium,2052143.1140,Anaerolineae bacterium,1,1,1,1,True,True,True,True,1.0
414b68c54905f4ec8ee50d51e536ff97,family,1,1,2485925.3922,2485925.3922,2485925.3922,Oscillospiraceae bacterium,2485925.3922,Oscillospiraceae bacterium,1,1,1,1,True,True,True,True,1.0
0c141cc6426851c4478ff79ed68247f5,species,2,2,1883427.1869|3157620.3,1883427.1869|3157620.3,1883427.1869,Actinomycetes bacterium,1883427.1869,Actinomycetes bacterium,2,2,2,2|3,True,True,True,True,1.0
e9bddfa0fc6471131e3412f81bdc6b6d,species,1,1,1898202.62,1898202.62,1898202.62,Actinomycetaceae bacterium,1898202.62,Actinomycetaceae bacterium,1,1,1,1,True,True,True,True,1.0
e35f22c3fc20c83f43ae3892a6f974b2,family,1,1,86027.700,86027.700,86027.700,uncultured beta proteobacterium,86027.700,uncultured beta proteobacterium,1,1,1,1,True,True,True,True,1.0
ce11bce162fe02427116266824ce6892,genus,1,1,1879010.6667,1879010.6667,1879010.6667,Bacillota bacterium,1879010.6667,Bacillota bacterium,1,1,1,1,True,True,True,True,1.0
1cc1768ef69206b14a737c7b1e93c3d3,genus,1,1,84032.5,84032.5,84032.5,Clostridium thermosuccinogenes,84032.5,Clostridium thermosuccinogenes,1,1,1,1,True,True,True,True,1.0
547b0919a99ed883fc7e366881d70e30,species,2,2,664639.10|72000.170,664639.10|72000.170,664639.10,Kocuria salsicia,664639.10,Kocuria salsicia,1,2,2,1|5,True,True,True,True,1.0
5e959d819d617ba5c3bb460168df485d,genus,1,1,1671647.4,1671647.4,1671647.4,Clostridiales bacterium DTU012,1671647.4,Clostridiales bacterium DTU012,1,1,1,1,True,True,True,True,1.0
ca01d9551d2460af70778e62f280ab8a,genus,2,2,35519.44|114527.488,35519.44|114527.488,35519.44,Mogibacterium timidum,35519.44,Mogibacterium timidum,1,2,2,1|3,True,True,True,True,1.0
7a7bc8160be971cd4073affbe56358c7,genus,3,3,2485925.3525|41978.2463|3133167.3,2485925.3525|41978.2463|3133167.3,2485925.3525,Oscillospiraceae bacterium,2485925.3525,Oscillospiraceae bacterium,1,3,3,1|9|13,True,True,True,True,1.0
a038f6f43c43cea3001e6db131286ab7,species,2,2,2851012.4|2907145.6,2851012.4|2907145.6,2851012.4,Sedimentimonas flavescens,2851012.4,Sedimentimonas flavescens,2,2,2,2|3,True,True,True,True,1.0
e469b851eb487386da166f1f8b20a40f,genus,1,1,427926.8,427926.8,427926.8,Dethiobacter alkaliphilus,427926.8,Dethiobacter alkaliphilus,2,1,1,2,True,True,True,True,1.0
3f8e2d5b849dc28defc6406bd5304ffc,species,2,2,2030809.163|2026735.2515,2030809.163|2026735.2515,2030809.163,Candidatus Hydrogenedentota bacterium,2030809.163,Candidatus Hydrogenedentota bacterium,1,2,2,1|2,True,True,True,True,1.0
ae815c4df4c6f21bff23c4999800dfeb,genus,2,2,194843.5067|1898104.1529,194843.5067|1898104.1529,194843.5067,uncultured Bacteroidales bacterium,194843.5067,uncultured Bacteroidales bacterium,1,2,2,1|2,True,True,True,True,1.0
6175323e639f0195d56844920014159a,genus,1,1,1672391.467,1672391.467,1672391.467,uncultured Chloroflexia bacterium,1672391.467,uncultured Chloroflexia bacterium,1,1,1,1,True,True,True,True,1.0
06e148ad8b35489ea97e51ef733e9550,species,2,2,879969.11|1869227.4377,879969.11|1869227.4377,879969.11,Macellibacteroides fermentans,879969.11,Macellibacteroides fermentans,1,2,2,1|6,True,True,True,True,1.0
bcf2fe85a3275fa10a9f66d32e565fa4,family,1,1,2054177.135,2054177.135,2054177.135,Christensenellaceae bacterium,2054177.135,Christensenellaceae bacterium,5,1,1,5,True,True,True,True,1.0
cd2e5cd5a48d09ea23594e5f99ad27ae,family,1,1,3012325.6,3012325.6,3012325.6,Beutenbergiaceae bacterium,3012325.6,Beutenbergiaceae bacterium,1,1,1,1,True,True,True,True,1.0
78123af13d385db4ee6a9342283a042b,species,1,1,293303.83,293303.83,293303.83,uncultured Syntrophaceae bacterium,293303.83,uncultured Syntrophaceae bacterium,2,1,1,2,True,True,True,True,1.0
a216822e223bbb6baf68503a21bc5d0a,family,1,1,2052170.61,2052170.61,2052170.61,Methanoregula sp.,2052170.61,Methanoregula sp.,1,1,1,1,True,True,True,True,1.0
5f9e31928bbbb226bcdc275a060efc44,genus,1,1,1898204.477,1898204.477,1898204.477,Clostridiaceae bacterium,1898204.477,Clostridiaceae bacterium,2,1,1,2,True,True,True,True,1.0
577b654e3e1b48fbee0cbfa7a210cbfa,species,2,2,211460.6|91750.3677,211460.6|91750.3677,211460.6,Afipia massiliensis,211460.6,Afipia massiliensis,1,2,2,1|2,True,True,True,True,1.0
870ed496f1d2c0a854ad1f59b3df7224,genus,1,1,3083246.39,3083246.39,3083246.39,Christensenellales bacterium,3083246.39,Christensenellales bacterium,1,1,1,1,True,True,True,True,1.0
d93e8e8eb65bc1de981f3ef962af0956,genus,4,4,2569850.20|2570191.3|2795389.3|1898103.523,2569850.20|2570191.3|2795389.3|1898103.523,2569850.20,Zoogloeaceae bacterium,2569850.20,Zoogloeaceae bacterium,3,4,4,3|4|5|8,True,True,True,True,1.0
51177a17fe0a032b15ab14a0e9135569,genus,1,1,1913988.3674,1913988.3674,1913988.3674,Alphaproteobacteria bacterium,1913988.3674,Alphaproteobacteria bacterium,1,1,1,1,True,True,True,True,1.0
a5c52feec93b3b84b1295044997eec5e,genus,1,1,2711216.4,2711216.4,2711216.4,Paludisphaera rhizosphaerae,2711216.4,Paludisphaera rhizosphaerae,1,1,1,1,True,True,True,True,1.0
39cac4a36166865b44a1420c2bd4569a,genus,1,1,1123382.5,1123382.5,1123382.5,Thermosyntropha lipolytica,1123382.5,Thermosyntropha lipolytica,1,1,1,1,True,True,True,True,1.0
b61c32f858381149fccfdf2f413f8f5b,species,1,1,86027.1126,86027.1126,86027.1126,uncultured beta proteobacterium,86027.1126,uncultured beta proteobacterium,1,1,1,1,True,True,True,True,1.0
b75416c48f46e93a9e3622080cde9b06,family,2,2,2053591.246|2026779.717,2053591.246|2026779.717,2053591.246,Planctomycetales bacterium,2053591.246,Planctomycetales bacterium,1,2,2,1|2,True,True,True,True,1.0
2750b310e92cd153994e7af71d6851e0,species,1,1,2044936.718,2044936.718,2044936.718,Bacteroidia bacterium,2044936.718,Bacteroidia bacterium,1,1,1,1,True,True,True,True,1.0
022ced45e53557d101111cdb41f49f4e,species,2,2,1645732.37|1898104.3459,1645732.37|1898104.3459,1645732.37,uncultured Ignavibacteria bacterium,1645732.37,uncultured Ignavibacteria bacterium,1,2,2,1|2,True,True,True,True,1.0
f39790ad4b1a813000323022eb1e9567,species,1,1,1913989.2406,1913989.2406,1913989.2406,Gammaproteobacteria bacterium,1913989.2406,Gammaproteobacteria bacterium,1,1,1,1,True,True,True,True,1.0
3e0420c192ee113f95af0dafffa3c3d7,family,1,1,132932.5,132932.5,132932.5,Acetobacterium tundrae,132932.5,Acetobacterium tundrae,1,1,1,1,True,True,True,True,1.0
5c92a1870d7469268123d143f0a95910,species,1,1,1879010.11590,1879010.11590,1879010.11590,Bacillota bacterium,1879010.11590,Bacillota bacterium,1,1,1,1,True,True,True,True,1.0
f8cdd28c7e5f4328a9275dc52a6f0920,genus,1,1,3083246.44,3083246.44,3083246.44,Christensenellales bacterium,3083246.44,Christensenellales bacterium,1,1,1,1,True,True,True,True,1.0
592ba0f920b7fbd354e218aaf08930ab,genus,2,2,2026714.620|77133.6354,2026714.620|77133.6354,2026714.620,Candidatus Bathyarchaeota archaeon,2026714.620,Candidatus Bathyarchaeota archaeon,1,2,2,1|2,True,True,True,True,1.0
5ceabb76ec2975d9498f124fe62a81e6,genus,2,2,1879010.6678|253239.3,1879010.6678|253239.3,1879010.6678,Bacillota bacterium,1879010.6678,Bacillota bacterium,2,2,2,2|1,True,True,True,True,1.0
92fb114641e27921122496428e2ef0dd,species,1,1,1747.1378,1747.1378,1747.1378,Cutibacterium acnes,1747.1378,Cutibacterium acnes,2,1,1,2,True,True,True,True,1.0
cb796d5e697b4835a8402bb23c894c15,species,2,2,3141376.3|2587854.3,3141376.3|2587854.3,3141376.3,Roseibium sp. SCP15,3141376.3,Roseibium sp. SCP15,1,2,2,1|3,True,True,True,True,1.0
9b7c1f4112c3dcad4bcd9ac9caa5caf8,genus,5,5,71451.25|160453.3|33945.213|332949.8|71452.47,71451.25|160453.3|33945.213|332949.8|71452.47,71451.25,Enterococcus malodoratus,71451.25,Enterococcus malodoratus,1,5,5,1|2|3|4|5,True,True,True,True,1.0
bf10b39238d339bb1e6a6d6749c9b046,family,2,2,1367435.3|2991054.4,1367435.3|2991054.4,1367435.3,Alcaligenes sp. DN25,1367435.3,Alcaligenes sp. DN25,1,2,2,1|11,True,True,True,True,1.0
5168bf777455dc70f1c34ec41bad296e,species,2,2,1031710.4|1035.4,1031710.4|1035.4,1031710.4,Afipia carboxidovorans,1031710.4,Afipia carboxidovorans,1,2,2,1|2,True,True,True,True,1.0
b2b0ccf79dad51a2141c691d0bc6f942,genus,1,1,172733.9284,172733.9284,172733.9284,uncultured Eubacteriales bacterium,172733.9284,uncultured Eubacteriales bacterium,1,1,1,1,True,True,True,True,1.0
ae66759ccf678b4ae827b1af4a54ac9d,genus,2,2,2907827.4|1962289.10,2907827.4|1962289.10,2907827.4,Dehalobacter sp. DCM,2907827.4,Dehalobacter sp. DCM,1,2,2,1|2,True,True,True,True,1.0
146831035f6d594ce9fc023d9cea9bf2,genus,2,2,2485925.2969|867686.5,2485925.2969|867686.5,2485925.2969,Oscillospiraceae bacterium,2485925.2969,Oscillospiraceae bacterium,5,2,2,5|1,True,True,True,True,1.0
2f6bf9b76f83ec07580d82dc564de99d,genus,1,1,1671665.4,1671665.4,1671665.4,Rikenellaceae bacterium DTU002,1671665.4,Rikenellaceae bacterium DTU002,1,1,1,1,True,True,True,True,1.0
5bf368734532c9983d05d3a115ea4595,species,2,2,2026724.2402|744872.15,2026724.2402|744872.15,2026724.2402,Chloroflexota bacterium,2026724.2402,Chloroflexota bacterium,1,2,2,1|2,True,True,True,True,1.0
3e0e16864cf81719dbcaf7c5a411d935,species,1,1,2026770.468,2026770.468,2026770.468,Nitrospiraceae bacterium,2026770.468,Nitrospiraceae bacterium,1,1,1,1,True,True,True,True,1.0
44092f8672409f8ec669976f0ba3f624,species,1,1,152507.2252,152507.2252,152507.2252,uncultured Actinomycetes bacterium,152507.2252,uncultured Actinomycetes bacterium,1,1,1,1,True,True,True,True,1.0
f28694e7921bddff0027e6ce67b8ffc1,species,1,1,1869227.4326,1869227.4326,1869227.4326,bacterium,1869227.4326,bacterium,1,1,1,1,True,True,True,True,1.0
45338bb6feec3aca942618bba0a40ca5,genus,1,1,34034.905,34034.905,34034.905,uncultured delta proteobacterium,34034.905,uncultured delta proteobacterium,1,1,1,1,True,True,True,True,1.0
e326d478a5071865940145ec43bf362f,genus,4,4,2485925.3842|172733.4648|41978.2463|3133167.3,2485925.3842|172733.4648|41978.2463|3133167.3,2485925.3842,Oscillospiraceae bacterium,2485925.3842,Oscillospiraceae bacterium,2,4,4,2|1|6|8,True,True,True,True,1.0
e483374dd89381965dff8470a89a4e50,species,1,1,2030927.5540,2030927.5540,2030927.5540,Bacteroidales bacterium,2030927.5540,Bacteroidales bacterium,1,1,1,1,True,True,True,True,1.0
cc82883a0181d59006673d082401a42c,species,1,1,2030808.326,2030808.326,2030808.326,Candidatus Cloacimonadota bacterium,2030808.326,Candidatus Cloacimonadota bacterium,1,1,1,1,True,True,True,True,1.0
5e8cb8936e86bcb9e20967ca9886dde2,species,1,1,1898104.3482,1898104.3482,1898104.3482,Bacteroidota bacterium,1898104.3482,Bacteroidota bacterium,1,1,1,1,True,True,True,True,1.0
d1d1e67424dd673fa61dc56b9c60bf9c,species,1,1,156.12,156.12,156.12,Teretinema zuelzerae,156.12,Teretinema zuelzerae,2,1,1,2,True,True,True,True,1.0
606cc5b65f868c03389a5cde84fee5d5,family,2,2,2030927.374|2049047.231,2030927.374|2049047.231,2030927.374,Bacteroidales bacterium,2030927.374,Bacteroidales bacterium,4,2,2,4|1,True,True,True,True,1.0
4dfa016cab7a5e01764efc33698696da,species,1,1,2497627.107,2497627.107,2497627.107,Microthrixaceae bacterium,2497627.107,Microthrixaceae bacterium,1,1,1,1,True,True,True,True,1.0
36b82f7fb6bdcaa65e306b9207786c52,genus,2,2,413497.13|2093811.236,413497.13|2093811.236,413497.13,Cronobacter dublinensis,413497.13,Cronobacter dublinensis,1,2,2,1|2,True,True,True,True,1.0
71a34966c95ea58d9a56666883f441dc,species,1,1,162156.240,162156.240,162156.240,uncultured Bacteroides sp.,162156.240,uncultured Bacteroides sp.,1,1,1,1,True,True,True,True,1.0
f75acea1715106e549e8ad841fd17ed9,species,2,2,3030017.7|1879010.6648,3030017.7|1879010.6648,3030017.7,Caproiciproducens sp. CPB-2,3030017.7,Caproiciproducens sp. CPB-2,1,2,2,1|4,True,True,True,True,1.0
24ed4714d5b19f89c5dd402b506efa21,family,2,2,1298606.3|213585.10,1298606.3|213585.10,1298606.3,Methanosarcina barkeri,1298606.3,Methanosarcina barkeri,3,2,2,3|4,True,True,True,True,1.0
e1dfc1945a6b78a701192ebd002e974c,species,1,1,1537.8,1537.8,1537.8,Romboutsia lituseburensis,1537.8,Romboutsia lituseburensis,1,1,1,1,True,True,True,True,1.0
56f41554384fc19d9ef0161b6f0e6791,family,1,1,3412034.3,3412034.3,3412034.3,Methanobacterium sp. MBAC-LM,3412034.3,Methanobacterium sp. MBAC-LM,1,1,1,1,True,True,True,True,1.0
b8819fef35b3fd387f12387e884e6ae5,family,1,1,39441.6,39441.6,39441.6,Methanobrevibacter arboriphilus,39441.6,Methanobrevibacter arboriphilus,1,1,1,1,True,True,True,True,1.0
e351ff2570360ae0b6c68b9b864b0870,genus,5,5,1869227.4076|2053615.69|2030808.223|1918497.3|2268201.13,1869227.4076|2053615.69|2030808.223|1918497.3|2268201.13,1869227.4076,bacterium,1869227.4076,bacterium,3,5,5,3|4|5|6|8,True,True,True,True,1.0
46220d9e9e76e37d38ea38554c453179,genus,3,3,1544.4|2914165.4|1918608.9,1544.4|2914165.4|1918608.9,1544.4,Faecalicatena orotica,1544.4,Faecalicatena orotica,1,3,3,1|4|7,True,True,True,True,1.0
1eac8ec4812f4ed7bfd8387a38bdba1f,species,2,2,1938756.3|1930536.253,1938756.3|1930536.253,1938756.3,Novosphingobium sp. B1,1938756.3,Novosphingobium sp. B1,1,2,2,1|2,True,True,True,True,1.0
734ceaf61779c85297c95adf8ddc6ad3,species,1,1,1297617.207,1297617.207,1297617.207,Intestinimonas butyriciproducens,1297617.207,Intestinimonas butyriciproducens,1,1,1,1,True,True,True,True,1.0
0ea9d87b8a7848918b64da425e91999a,species,1,1,2044939.530,2044939.530,2044939.530,Clostridia bacterium,2044939.530,Clostridia bacterium,1,1,1,1,True,True,True,True,1.0
349da55900cd296d52fd154bfb27343b,family,1,1,3412034.3,3412034.3,3412034.3,Methanobacterium sp. MBAC-LM,3412034.3,Methanobacterium sp. MBAC-LM,1,1,1,1,True,True,True,True,1.0
5613f4a6a9df36d05e0e24570423fed1,species,1,1,1005740.3,1005740.3,1005740.3,Aminivibrio pyruvatiphilus,1005740.3,Aminivibrio pyruvatiphilus,1,1,1,1,True,True,True,True,1.0
4b802f02d58290e6ec0ab509d13074b6,family,1,1,39441.6,39441.6,39441.6,Methanobrevibacter arboriphilus,39441.6,Methanobrevibacter arboriphilus,1,1,1,1,True,True,True,True,1.0
824e4de27fdfadaea64e6f954c1448c6,species,1,1,2854022.34,2854022.34,2854022.34,Treponemataceae bacterium,2854022.34,Treponemataceae bacterium,1,1,1,1,True,True,True,True,1.0
0ca6969eac50942ccc0687eb855a0d79,family,1,1,338645.5,338645.5,338645.5,Candidatus Contubernalis alkaliaceticus,338645.5,Candidatus Contubernalis alkaliaceticus,1,1,1,1,True,True,True,True,1.0
f91fb95263a6d30aad8042fa60f3d62e,below,0,0,,,,,,,,0,0,,,,,,
a3e5fd03d92b987205cf4bf9b1678aa4,species,1,1,91750.4574,91750.4574,91750.4574,uncultured Alphaproteobacteria bacterium,91750.4574,uncultured Alphaproteobacteria bacterium,1,1,1,1,True,True,True,True,1.0
caea068037af31671eecefe94eca01ca,genus,1,1,91750.4571,91750.4571,91750.4571,uncultured Alphaproteobacteria bacterium,91750.4571,uncultured Alphaproteobacteria bacterium,1,1,1,1,True,True,True,True,1.0
3d7b139f39141ba112868fcf7236158e,species,1,1,1345.3,1345.3,1345.3,Streptococcus ferus,1345.3,Streptococcus ferus,1,1,1,1,True,True,True,True,1.0
9a326ae5ed3864dcaaf79bc7b1c0a8e7,genus,1,1,1879010.7329,1879010.7329,1879010.7329,Bacillota bacterium,1879010.7329,Bacillota bacterium,1,1,1,1,True,True,True,True,1.0
32ae6575d9d3e427dc9f898f16f33087,species,1,1,1773.18714,1773.18714,1773.18714,Mycobacterium tuberculosis,1773.18714,Mycobacterium tuberculosis,1,1,1,1,True,True,True,True,1.0
7377692c0967c99c56f749e092acb30a,genus,3,3,2026888.195|2026725.221|1497501.91,2026888.195|2026725.221|1497501.91,2026888.195,Thermoleophilia bacterium,2026888.195,Thermoleophilia bacterium,3,3,3,3|20|1,True,True,True,True,1.0
48a7ab8e593ebe5f41034be027c6be7e,genus,2,2,2093811.238|690567.9,2093811.238|690567.9,2093811.238,Syntrophomonadaceae bacterium,2093811.238,Syntrophomonadaceae bacterium,1,2,2,1|4,True,True,True,True,1.0
c91a769593898d20a017b58093f62ea8,family,2,2,1898203.6903|2831996.695,1898203.6903|2831996.695,1898203.6903,Lachnospiraceae bacterium,1898203.6903,Lachnospiraceae bacterium,3,2,2,3|4,True,True,True,True,1.0
4ef65f8d7f7fe58651a459fc49390ba8,species,2,2,3062169.3|1848973.6,3062169.3|1848973.6,3062169.3,Sphingomonas sp. C3-2,3062169.3,Sphingomonas sp. C3-2,1,2,2,1|2,True,True,True,True,1.0
ebd4d8e08540f7586c3a30987c6ef7b0,species,2,2,250.50|2021391.1586,250.50|2021391.1586,250.50,Chryseobacterium gleum,250.50,Chryseobacterium gleum,1,2,2,1|2,True,True,True,True,1.0
d2a551b8b71579fa1fd9e5d22100b8ee,genus,2,2,2283092.647|91750.3245,2283092.647|91750.3245,2283092.647,Pyrinomonadaceae bacterium,2283092.647,Pyrinomonadaceae bacterium,3,2,2,3|2,True,True,True,True,1.0
5d8d4162e9b3958c6bc4b820eac278dc,genus,2,2,2026724.2616|2482790.39,2026724.2616|2482790.39,2026724.2616,Chloroflexota bacterium,2026724.2616,Chloroflexota bacterium,1,2,2,1|2,True,True,True,True,1.0
38907b8ef0546ef8dd587afd52a16f9c,species,1,1,2035772.1274,2035772.1274,2035772.1274,Candidatus Omnitrophota bacterium,2035772.1274,Candidatus Omnitrophota bacterium,1,1,1,1,True,True,True,True,1.0
db0c288182530edd5066c0881c9665c7,species,2,2,1275.37|3058904.3,1275.37|3058904.3,1275.37,Kocuria rosea,1275.37,Kocuria rosea,2,2,2,2|4,True,True,True,True,1.0
cc6afef9ee630eedd003d07f22d62140,genus,1,1,1898203.3513,1898203.3513,1898203.3513,Lachnospiraceae bacterium,1898203.3513,Lachnospiraceae bacterium,1,1,1,1,True,True,True,True,1.0
3e06f2d2b9d0ba13808adb5c1dd498de,genus,1,1,464461.4,464461.4,464461.4,uncultured Parachlamydiaceae bacterium,464461.4,uncultured Parachlamydiaceae bacterium,1,1,1,1,True,True,True,True,1.0
961f6d44b23ea979c84941c71bf7da7c,genus,0,0,,,,,,,,0,0,,,,,,
3be7e939ae2116634ae31372ce9f460d,family,1,1,464461.3,464461.3,464461.3,uncultured Parachlamydiaceae bacterium,464461.3,uncultured Parachlamydiaceae bacterium,1,1,1,1,True,True,True,True,1.0
8913bd6e6eb2b354098d2f01d9b65391,species,1,1,2053624.188,2053624.188,2053624.188,Synergistaceae bacterium,2053624.188,Synergistaceae bacterium,1,1,1,1,True,True,True,True,1.0
52c544d6ecca1fc0e2adc52b33f7a35b,species,1,1,91750.3095,91750.3095,91750.3095,uncultured Alphaproteobacteria bacterium,91750.3095,uncultured Alphaproteobacteria bacterium,1,1,1,1,True,True,True,True,1.0
3a1e48f3d9f9c151cd121f1d5d2f3261,genus,1,1,3082383.24,3082383.24,3082383.24,Candidatus Darwinibacter acetoxidans,3082383.24,Candidatus Darwinibacter acetoxidans,1,1,1,1,True,True,True,True,1.0
f7f87d90b1d55c8ef8d7ea8f99e72018,genus,2,2,2692384.7|3385990.4,2692384.7|3385990.4,2692384.7,Gudongella sp.,2692384.7,Gudongella sp.,1,2,2,1|2,True,True,True,True,1.0
fe5ba29df5b7470530baf59c3368072e,species,2,2,2044939.4913|59620.1625,2044939.4913|59620.1625,2044939.4913,Clostridia bacterium,2044939.4913,Clostridia bacterium,1,2,2,1|8,True,True,True,True,1.0
744dbcf4af334c630605fa9000c112ce,species,2,2,2202249.3|324952.15,2202249.3|324952.15,2202249.3,Streptosporangium sp. 'caverna',2202249.3,Streptosporangium sp. 'caverna',1,2,2,1|3,True,True,True,True,1.0
57e13b307e96897f55540c6759029343,species,1,1,77133.7548,77133.7548,77133.7548,uncultured bacterium,77133.7548,uncultured bacterium,1,1,1,1,True,True,True,True,1.0
2bb677211b22ba770fffa14899f1b01f,species,1,1,2691551.136,2691551.136,2691551.136,Thermoguttaceae bacterium,2691551.136,Thermoguttaceae bacterium,1,1,1,1,True,True,True,True,1.0
f128d6b0c4c7f8c41b4969168eaea276,family,1,1,100233.342,100233.342,100233.342,uncultured Planctomycetaceae bacterium,100233.342,uncultured Planctomycetaceae bacterium,2,1,1,2,True,True,True,True,1.0
a5c80d4415d8b64a85a2b498d22ad570,species,2,2,47312.12|57704.56,47312.12|57704.56,47312.12,Tsukamurella pulmonis,47312.12,Tsukamurella pulmonis,1,2,2,1|2,True,True,True,True,1.0
58d6ed632edb304a2a033c46c7a62d0a,genus,1,1,288965.3,288965.3,288965.3,Acetivibrio clariflavus,288965.3,Acetivibrio clariflavus,7,1,1,7,True,True,True,True,1.0
639ec09a97e00f6cd8d780f549ca17af,genus,2,2,1913989.1212|86473.2083,1913989.1212|86473.2083,1913989.1212,Gammaproteobacteria bacterium,1913989.1212,Gammaproteobacteria bacterium,2,2,2,2|1,True,True,True,True,1.0
9cc5b63b74154fc7bcdf7e8796e5d2de,genus,1,1,1672391.480,1672391.480,1672391.480,uncultured Chloroflexia bacterium,1672391.480,uncultured Chloroflexia bacterium,1,1,1,1,True,True,True,True,1.0
8bf2d32646e2f8940a7204828fdeb654,species,2,2,101070.3|2305899.3,101070.3|2305899.3,101070.3,Rummeliibacillus pycnus,101070.3,Rummeliibacillus pycnus,1,2,2,1|8,True,True,True,True,1.0
721bd76a3ab9dec41984c4ec32be845a,genus,1,1,1977087.4804,1977087.4804,1977087.4804,Pseudomonadota bacterium,1977087.4804,Pseudomonadota bacterium,1,1,1,1,True,True,True,True,1.0
c01cd527066a9018d69ede5801841298,genus,3,3,3069120.15|100233.313|2712865.3,3069120.15|100233.313|2712865.3,3069120.15,Candidatus Acidiferrum sp.,3069120.15,Candidatus Acidiferrum sp.,1,3,3,1|2|9,True,True,True,True,1.0
d8f2eba07489316f7c8a27d0e18fed13,genus,1,1,28141.181,28141.181,28141.181,Cronobacter sakazakii,28141.181,Cronobacter sakazakii,1,1,1,1,True,True,True,True,1.0
e8ebb25bac25954fb7adbde26e956cb6,species,1,1,1773.14094,1773.14094,1773.14094,Mycobacterium tuberculosis,1773.14094,Mycobacterium tuberculosis,1,1,1,1,True,True,True,True,1.0
748512e38095cce946336f055623773b,species,2,2,1386092.3|264297.8,1386092.3|264297.8,1386092.3,Cellulomonas carbonis,1386092.3,Cellulomonas carbonis,2,2,2,2|4,True,True,True,True,1.0
935d8a963dc7baf559b479ba9f5a82b3,genus,1,1,1913988.2826,1913988.2826,1913988.2826,Alphaproteobacteria bacterium,1913988.2826,Alphaproteobacteria bacterium,1,1,1,1,True,True,True,True,1.0
520d89ef4ce2ba808eed3e2d9a310649,genus,2,2,2026741.100|2026724.1430,2026741.100|2026724.1430,2026741.100,Gemmatimonadaceae bacterium,2026741.100,Gemmatimonadaceae bacterium,1,2,2,1|2,True,True,True,True,1.0
17b1f04511323cb27b539f309522bf6c,species,1,1,1962930.3,1962930.3,1962930.3,Thermogutta sp.,1962930.3,Thermogutta sp.,1,1,1,1,True,True,True,True,1.0
2bef39c50999d97de887d34b376fbd38,genus,1,1,86473.2173,86473.2173,86473.2173,uncultured Gammaproteobacteria bacterium,86473.2173,uncultured Gammaproteobacteria bacterium,1,1,1,1,True,True,True,True,1.0
450292bf5b89b2f473bab4a6233d8682,species,1,1,2099680.28,2099680.28,2099680.28,Methanobacteriaceae archaeon,2099680.28,Methanobacteriaceae archaeon,1,1,1,1,True,True,True,True,1.0
d4967db74f90dc58ab34ae78957b3f4c,genus,1,1,497650.4,497650.4,497650.4,Sulfurovum sp. enrichment culture clone C5,497650.4,Sulfurovum sp. enrichment culture clone C5,1,1,1,1,True,True,True,True,1.0
7d1bda054163467e1cf195ab330ba64f,family,1,1,464461.3,464461.3,464461.3,uncultured Parachlamydiaceae bacterium,464461.3,uncultured Parachlamydiaceae bacterium,2,1,1,2,True,True,True,True,1.0
67df1ba56f33792e8b9f614d5c2ccec0,species,1,1,1879010.10760,1879010.10760,1879010.10760,Bacillota bacterium,1879010.10760,Bacillota bacterium,1,1,1,1,True,True,True,True,1.0
d7fb1f4207f140fa88ee72eda98f8f29,species,1,1,110.11,110.11,110.11,Xanthobacter viscosus,110.11,Xanthobacter viscosus,1,1,1,1,True,True,True,True,1.0
9dbf6f8ac7171f579caa23498080e7ea,genus,2,2,3072787.4|2528593.8,3072787.4|2528593.8,3072787.4,Bacillota bacterium LX-D,3072787.4,Bacillota bacterium LX-D,1,2,2,1|2,True,True,True,True,1.0
288e6faee45091ff103a59abecc43dbc,genus,1,1,2699754.99,2699754.99,2699754.99,Pirellulaceae bacterium,2699754.99,Pirellulaceae bacterium,1,1,1,1,True,True,True,True,1.0
5f516ea92e902ab41bec75b07a1d28a5,genus,2,2,2053591.249|2026779.693,2053591.249|2026779.693,2053591.249,Planctomycetales bacterium,2053591.249,Planctomycetales bacterium,3,2,2,3|1,True,True,True,True,1.0
8ac5f54f27077cc06871ba150e3e8ba6,genus,2,2,2030927.4807|33025.760,2030927.4807|33025.760,2030927.4807,Bacteroidales bacterium,2030927.4807,Bacteroidales bacterium,3,2,2,3|6,True,True,True,True,1.0
858b85aa56bbce1359f8be897360a774,genus,1,1,1286698.7,1286698.7,1286698.7,Crassaminicella profunda,1286698.7,Crassaminicella profunda,1,1,1,1,True,True,True,True,1.0
9533095cafb0040f79ea6b6d43fbcc82,family,1,1,1460447.11,1460447.11,1460447.11,Terrisporobacter petrolearius,1460447.11,Terrisporobacter petrolearius,2,1,1,2,True,True,True,True,1.0
7fc9d702ba352d52e7931c790a577f39,species,1,1,70584.11,70584.11,70584.11,Aquabacterium parvum,70584.11,Aquabacterium parvum,1,1,1,1,True,True,True,True,1.0
345f44227d68af279027ac77b412b579,genus,2,2,253314.5|1869227.4377,253314.5|1869227.4377,253314.5,Acetivibrio straminisolvens,253314.5,Acetivibrio straminisolvens,2,2,2,2|4,True,True,True,True,1.0
326978fa13d506c8782d0075f5613b59,genus,1,1,179883.1205,179883.1205,179883.1205,uncultured Candidatus Saccharibacteria bacterium,179883.1205,uncultured Candidatus Saccharibacteria bacterium,1,1,1,1,True,True,True,True,1.0
eb974a0919fa333be89d0a34096385d3,species,1,1,3097462.3,3097462.3,3097462.3,Candidatus Humimicrobium sp.,3097462.3,Candidatus Humimicrobium sp.,1,1,1,1,True,True,True,True,1.0
ad9e6759575ce82501bff0de8eec90d8,family,1,1,2030809.226,2030809.226,2030809.226,Candidatus Hydrogenedentota bacterium,2030809.226,Candidatus Hydrogenedentota bacterium,1,1,1,1,True,True,True,True,1.0
16e2e2408cedf8f9faae33004fb5eaa2,species,2,2,3366579.3|654.1904,3366579.3|654.1904,3366579.3,Aeromonas mytilicola,3366579.3,Aeromonas mytilicola,1,2,2,1|3,True,True,True,True,1.0
70695a2dd2306734e7c9ea68f7ce51b0,genus,1,1,331634.298,331634.298,331634.298,uncultured Rikenellaceae bacterium,331634.298,uncultured Rikenellaceae bacterium,1,1,1,1,True,True,True,True,1.0
a3d121638f6761b89b40dbd71e131004,genus,2,2,156.12|2854022.122,156.12|2854022.122,156.12,Teretinema zuelzerae,156.12,Teretinema zuelzerae,2,2,2,2|5,True,True,True,True,1.0
8eeb24cc0539f1c2f97606dfb0b0f7a2,family,2,2,79329.171|2044936.613,79329.171|2044936.613,79329.171,Chitinophaga pinensis,79329.171,Chitinophaga pinensis,2,2,2,2|3,True,True,True,True,1.0
2b10a074b0f59b702c22aff7e6b39787,species,2,2,2052143.1146|2026724.2421,2052143.1146|2026724.2421,2052143.1146,Anaerolineae bacterium,2052143.1146,Anaerolineae bacterium,1,2,2,1|2,True,True,True,True,1.0
064e7947486f134d07b9324e84d0c253,genus,1,1,1898104.3568,1898104.3568,1898104.3568,Bacteroidota bacterium,1898104.3568,Bacteroidota bacterium,1,1,1,1,True,True,True,True,1.0
9f67c0589a1d419db561e7ffd50f95fd,family,1,1,1477517.6,1477517.6,1477517.6,Pseudomonas lopnurensis,1477517.6,Pseudomonas lopnurensis,1,1,1,1,True,True,True,True,1.0
81385a8925798c49b489c89d07813225,genus,1,1,1898207.5729,1898207.5729,1898207.5729,Clostridiales bacterium,1898207.5729,Clostridiales bacterium,1,1,1,1,True,True,True,True,1.0
f8c8cdc38f175e31f80c5dfa248268a3,species,1,1,162156.240,162156.240,162156.240,uncultured Bacteroides sp.,162156.240,uncultured Bacteroides sp.,1,1,1,1,True,True,True,True,1.0
f67d93be029c2787875047487bb04e94,genus,1,1,1962289.10,1962289.10,1962289.10,Dehalobacter sp.,1962289.10,Dehalobacter sp.,1,1,1,1,True,True,True,True,1.0
86ea29b42288be56c5aadc5b0f322728,genus,1,1,2840931.5,2840931.5,2840931.5,Candidatus Scatomorpha stercorigallinarum,2840931.5,Candidatus Scatomorpha stercorigallinarum,1,1,1,1,True,True,True,True,1.0
047ab7f37ccc35c6144cc1896bc32a69,species,2,2,57706.365|546.1947,57706.365|546.1947,57706.365,Citrobacter braakii,57706.365,Citrobacter braakii,1,2,2,1|2,True,True,True,True,1.0
74733b3a404e0fd05016159ab938bbc7,genus,1,1,1678841.5,1678841.5,1678841.5,Lentimicrobium saccharophilum,1678841.5,Lentimicrobium saccharophilum,1,1,1,1,True,True,True,True,1.0
f160f53c13a357273642507af54b4941,genus,1,1,2026720.101,2026720.101,2026720.101,Candidatus Saccharimonadota bacterium,2026720.101,Candidatus Saccharimonadota bacterium,1,1,1,1,True,True,True,True,1.0
3b57ddd9849252e883213b71bb3c2f17,genus,1,1,1946927.3,1946927.3,1946927.3,Micavibrio sp. UBA6139,1946927.3,Micavibrio sp. UBA6139,1,1,1,1,True,True,True,True,1.0
e0f5ac0f18cc28b90be53aa781a75e97,genus,2,2,2890869.72|1869227.779,2890869.72|1869227.779,2890869.72,Candidatus Saccharimonadia bacterium,2890869.72,Candidatus Saccharimonadia bacterium,2,2,2,2|3,True,True,True,True,1.0
6d04a8df8207e9542e849378a1bcf43c,genus,1,1,2831996.90,2831996.90,2831996.90,Eubacteriales bacterium,2831996.90,Eubacteriales bacterium,1,1,1,1,True,True,True,True,1.0
92392a51132c9a52e6656c5819c880c1,species,1,1,86473.2094,86473.2094,86473.2094,uncultured Gammaproteobacteria bacterium,86473.2094,uncultured Gammaproteobacteria bacterium,1,1,1,1,True,True,True,True,1.0
bbbec58ac7c2e7c7ce1734a34aec1ae8,family,2,2,1898203.3267|297314.4387,1898203.3267|297314.4387,1898203.3267,Lachnospiraceae bacterium,1898203.3267,Lachnospiraceae bacterium,1,2,2,1|2,True,True,True,True,1.0
ea4691b2289c15a1b9cb1a8fd5e77902,species,1,1,1946581.3,1946581.3,1946581.3,Granulicella sp. UBA5172,1946581.3,Granulicella sp. UBA5172,1,1,1,1,True,True,True,True,1.0
57df148d69af94192dae9ab2a045e1c2,genus,1,1,2026724.1430,2026724.1430,2026724.1430,Chloroflexota bacterium,2026724.1430,Chloroflexota bacterium,1,1,1,1,True,True,True,True,1.0
e357713de529ed95dc5d315656f58df9,genus,2,2,1679721.3|1564487.6,1679721.3|1564487.6,1679721.3,Herbinix luporum,1679721.3,Herbinix luporum,1,2,2,1|2,True,True,True,True,1.0
cfccd37229affa4484527db6a12d9caf,genus,1,1,1712410.4,1712410.4,1712410.4,Thermanaerosceptrum fracticalcis,1712410.4,Thermanaerosceptrum fracticalcis,1,1,1,1,True,True,True,True,1.0
ddd4b60fc546f62f90bcf9ae38f1a723,species,1,1,1898104.3642,1898104.3642,1898104.3642,Bacteroidota bacterium,1898104.3642,Bacteroidota bacterium,1,1,1,1,True,True,True,True,1.0
01fa3a0ebc9793d48821043d2713ecfc,genus,2,2,33025.771|244328.1027,33025.771|244328.1027,33025.771,Phascolarctobacterium faecium,33025.771,Phascolarctobacterium faecium,3,2,2,3|4,True,True,True,True,1.0
fd52abdc1862787fdca2f0d9cab6999e,genus,1,1,543059.3,543059.3,543059.3,uncultured Halothermothrix sp.,543059.3,uncultured Halothermothrix sp.,1,1,1,1,True,True,True,True,1.0
50d25efdb17b59f3ba7b1ad0c5db8989,family,1,1,2052143.723,2052143.723,2052143.723,Anaerolineae bacterium,2052143.723,Anaerolineae bacterium,1,1,1,1,True,True,True,True,1.0
23504ce886d58d2a61607ff263c8d494,family,1,1,295108.7,295108.7,295108.7,Candidatus Berkiella aquae,295108.7,Candidatus Berkiella aquae,2,1,1,2,True,True,True,True,1.0
14f013032d3d55ac24bde620c2d8f945,species,1,1,1940288.304,1940288.304,1940288.304,Ferruginibacter sp.,1940288.304,Ferruginibacter sp.,2,1,1,2,True,True,True,True,1.0
964a2b2f2580973e2dc2039796a8eb37,genus,1,1,2485925.2969,2485925.2969,2485925.2969,Oscillospiraceae bacterium,2485925.2969,Oscillospiraceae bacterium,1,1,1,1,True,True,True,True,1.0
89078346e4907efe681d45f299ac15a4,species,1,1,1898103.20,1898103.20,1898103.20,Rhodocyclaceae bacterium,1898103.20,Rhodocyclaceae bacterium,1,1,1,1,True,True,True,True,1.0
0b898d4961772ab53a086c8154bac568,genus,1,1,77133.6432,77133.6432,77133.6432,uncultured bacterium,77133.6432,uncultured bacterium,1,1,1,1,True,True,True,True,1.0
9a842084688427ba067307eb8662eecd,species,1,1,1895716.3,1895716.3,1895716.3,Candidatus Amoebophilus sp. 36-38,1895716.3,Candidatus Amoebophilus sp. 36-38,1,1,1,1,True,True,True,True,1.0
6f7d070bd4cfaa09a69bba0e1d046a44,species,1,1,2831996.483,2831996.483,2831996.483,Eubacteriales bacterium,2831996.483,Eubacteriales bacterium,1,1,1,1,True,True,True,True,1.0
a5e4214d6e45488b57daf5cc70b89f40,species,1,1,1977087.3794,1977087.3794,1977087.3794,Pseudomonadota bacterium,1977087.3794,Pseudomonadota bacterium,1,1,1,1,True,True,True,True,1.0
c7710bd03585ff9fb13a73ad718dd629,genus,1,1,1672391.40,1672391.40,1672391.40,uncultured Chloroflexia bacterium,1672391.40,uncultured Chloroflexia bacterium,1,1,1,1,True,True,True,True,1.0
d014102205e1a5fa0830e8f27b93270f,genus,1,1,338645.5,338645.5,338645.5,Candidatus Contubernalis alkaliaceticus,338645.5,Candidatus Contubernalis alkaliaceticus,1,1,1,1,True,True,True,True,1.0
4494286141014de25140c094cc5626ec,genus,1,1,2883479.5,2883479.5,2883479.5,Roseicella aerolata,2883479.5,Roseicella aerolata,1,1,1,1,True,True,True,True,1.0
e3b6d7ad6ee740d0b7d343c2c2ce53a0,species,2,2,2036010.74|2900548.1739,2036010.74|2900548.1739,2036010.74,Rubrobacter sp.,2036010.74,Rubrobacter sp.,1,2,2,1|3,True,True,True,True,1.0
25077ffdd305e287a33697d70d484327,family,1,1,2026734.1424,2026734.1424,2026734.1424,Dehalococcoidia bacterium,2026734.1424,Dehalococcoidia bacterium,1,1,1,1,True,True,True,True,1.0
dac9df4edca47d4aefa5e8b6eb75543a,species,2,2,3034609.11|1872489.11,3034609.11|1872489.11,3034609.11,Aminobacteriaceae bacterium,3034609.11,Aminobacteriaceae bacterium,1,2,2,1|2,True,True,True,True,1.0
d628016102970528d40c260b4400c593,species,1,1,2052143.1020,2052143.1020,2052143.1020,Anaerolineae bacterium,2052143.1020,Anaerolineae bacterium,1,1,1,1,True,True,True,True,1.0
f89c5ae84b1033d896333c5ae7acb309,family,1,1,3036772.5,3036772.5,3036772.5,Candidatus Xenobia bacterium,3036772.5,Candidatus Xenobia bacterium,1,1,1,1,True,True,True,True,1.0
02304f5597c8b1982e18acf4d3756043,family,2,2,1307915.4|1234671.5,1307915.4|1234671.5,1307915.4,Acetobacter peroxydans,1307915.4,Acetobacter peroxydans,4,2,2,4|6,True,True,True,True,1.0
9c7db0d5022a938bf5ea950826d34437,genus,1,1,2283092.470,2283092.470,2283092.470,Pyrinomonadaceae bacterium,2283092.470,Pyrinomonadaceae bacterium,1,1,1,1,True,True,True,True,1.0
accdbd296b05fdc99bac47d0e4349aa9,species,1,1,1913989.5250,1913989.5250,1913989.5250,Gammaproteobacteria bacterium,1913989.5250,Gammaproteobacteria bacterium,1,1,1,1,True,True,True,True,1.0
52be19846e0f0c7f419cde01b6e10585,species,1,1,1940288.31,1940288.31,1940288.31,Ferruginibacter sp.,1940288.31,Ferruginibacter sp.,1,1,1,1,True,True,True,True,1.0
3d69ca950aaaf9f351e4139369d78236,species,1,1,1294024.6,1294024.6,1294024.6,Calditerricola satsumensis,1294024.6,Calditerricola satsumensis,1,1,1,1,True,True,True,True,1.0
dc6c7b33d252a7891fd83a442747c837,genus,1,1,1869212.194,1869212.194,1869212.194,Chitinophagaceae bacterium,1869212.194,Chitinophagaceae bacterium,2,1,1,2,True,True,True,True,1.0
599d7cf9f263b0f86ad741ce6f9f7619,species,1,1,935263.4,935263.4,935263.4,Mesorhizobium sp. J18,935263.4,Mesorhizobium sp. J18,2,1,1,2,True,True,True,True,1.0
e8895eca419d323d988e5bdcf681d140,genus,1,1,1672391.911,1672391.911,1672391.911,uncultured Chloroflexia bacterium,1672391.911,uncultured Chloroflexia bacterium,1,1,1,1,True,True,True,True,1.0
3e3764ae6674e989f040377aa61069b5,species,1,1,2268143.23,2268143.23,2268143.23,Methanolinea sp.,2268143.23,Methanolinea sp.,1,1,1,1,True,True,True,True,1.0
d4478251439a62fedcc7f87519fdd32a,genus,3,3,464461.11|389348.3|1785087.4,464461.11|389348.3|1785087.4,464461.11,uncultured Parachlamydiaceae bacterium,464461.11,uncultured Parachlamydiaceae bacterium,5,3,3,5|1|2,True,True,True,True,1.0
66cca1bc3b202fdae68d02d5f859b53f,genus,2,2,2044939.990|1898207.5167,2044939.990|1898207.5167,2044939.990,Clostridia bacterium,2044939.990,Clostridia bacterium,1,2,2,1|3,True,True,True,True,1.0
522ab1474c600e24c4f7e20404fa648c,species,1,1,2498453.5,2498453.5,2498453.5,Geminicoccus harenae,2498453.5,Geminicoccus harenae,1,1,1,1,True,True,True,True,1.0
d00d97e1374e175183b294e067ec1cfb,genus,1,1,3039678.3,3039678.3,3039678.3,Eubacteriales bacterium mix99,3039678.3,Eubacteriales bacterium mix99,1,1,1,1,True,True,True,True,1.0
dfb17fab2e208979590db3600ba675d7,species,1,1,2838789.47,2838789.47,2838789.47,Gemmatales bacterium,2838789.47,Gemmatales bacterium,1,1,1,1,True,True,True,True,1.0
1ed95763454163d1938e3d2d3c082d23,genus,1,1,2026763.198,2026763.198,2026763.198,Myxococcales bacterium,2026763.198,Myxococcales bacterium,1,1,1,1,True,True,True,True,1.0
a8aafb51e2d0f2e6d62cf2c4393df334,family,2,2,1913989.1432|86473.2001,1913989.1432|86473.2001,1913989.1432,Gammaproteobacteria bacterium,1913989.1432,Gammaproteobacteria bacterium,1,2,2,1|2,True,True,True,True,1.0
f9ceb4443de3c6d51433fa57c3ade975,genus,1,1,3064664.35,3064664.35,3064664.35,Candidatus Cloacimonadaceae bacterium,3064664.35,Candidatus Cloacimonadaceae bacterium,1,1,1,1,True,True,True,True,1.0
a8a9d607d1fd5c585c10030c8d307947,genus,1,1,2026800.125,2026800.125,2026800.125,Verrucomicrobiaceae bacterium,2026800.125,Verrucomicrobiaceae bacterium,1,1,1,1,True,True,True,True,1.0
aaa707342b1a12423de93e29ef0fb102,genus,1,1,1898204.323,1898204.323,1898204.323,Clostridiaceae bacterium,1898204.323,Clostridiaceae bacterium,1,1,1,1,True,True,True,True,1.0
b4ba6792b3fa30ceb7375dc41eb1d65c,species,1,1,1917697.28,1917697.28,1917697.28,Candidatus Saccharimonas sp.,1917697.28,Candidatus Saccharimonas sp.,1,1,1,1,True,True,True,True,1.0
a8a559b16166ead544ccc5288860baca,family,2,2,2024896.182|1672391.242,2024896.182|1672391.242,2024896.182,Anaerolineaceae bacterium,2024896.182,Anaerolineaceae bacterium,2,2,2,2|3,True,True,True,True,1.0
ff6a63aa3a8877a90e31ca73fa5fbdd7,species,2,2,2819251.6|1879010.10547,2819251.6|1879010.10547,2819251.6,Petrotogaceae bacterium,2819251.6,Petrotogaceae bacterium,1,2,2,1|2,True,True,True,True,1.0
0da3781f136fe864a45b19c6fdc57fde,species,1,1,1915447.3,1915447.3,1915447.3,Methanobacterium sp. UBA355,1915447.3,Methanobacterium sp. UBA355,1,1,1,1,True,True,True,True,1.0
bfeb406eac391881a6599911d4643acb,genus,1,1,1632858.6,1632858.6,1632858.6,Massilibacterium senegalense,1632858.6,Massilibacterium senegalense,1,1,1,1,True,True,True,True,1.0
840e058fa20744d5348c023c25e7d232,species,2,2,332949.8|417368.65,332949.8|417368.65,332949.8,Enterococcus silesiacus,332949.8,Enterococcus silesiacus,1,2,2,1|2,True,True,True,True,1.0
8e5082651856dbc9ff0f821a8b2132fb,genus,5,5,1869227.4076|2053615.69|2030808.223|1918497.3|2268201.13,1869227.4076|2053615.69|2030808.223|1918497.3|2268201.13,1869227.4076,bacterium,1869227.4076,bacterium,3,5,5,3|4|5|6|8,True,True,True,True,1.0
b7e687b746695f305710ce46786a7573,species,1,1,1702285.3,1702285.3,1702285.3,Intestinimonas gabonensis,1702285.3,Intestinimonas gabonensis,1,1,1,1,True,True,True,True,1.0
f0edde70fa1e568fe1079e75617d91cc,species,1,1,180282.80,180282.80,180282.80,Delftia tsuruhatensis,180282.80,Delftia tsuruhatensis,2,1,1,2,True,True,True,True,1.0
8e0cade50e928f5f73e013c6321bc04c,genus,1,1,1926877.12,1926877.12,1926877.12,Proteiniphilum sp.,1926877.12,Proteiniphilum sp.,1,1,1,1,True,True,True,True,1.0
85dbf4fc6f45d7715479fc3c5cb4f1ff,species,1,1,1898104.1532,1898104.1532,1898104.1532,Bacteroidota bacterium,1898104.1532,Bacteroidota bacterium,1,1,1,1,True,True,True,True,1.0
6ec0be7c85b5b47c579ebdb9c3cba2b3,genus,2,2,2030808.156|2053534.61,2030808.156|2053534.61,2030808.156,Candidatus Cloacimonadota bacterium,2030808.156,Candidatus Cloacimonadota bacterium,1,2,2,1|4,True,True,True,True,1.0
7fac8337427d00be93052bce23925621,genus,4,4,2951405.7|115547.242|2172005.3|2866948.7,2951405.7|115547.242|2172005.3|2866948.7,2951405.7,Methylocystis suflitae,2951405.7,Methylocystis suflitae,1,4,4,1|7|12|14,True,True,True,True,1.0
2e7754c7a78cb145c7bd423549590978,genus,2,2,2024896.421|1951401.3,2024896.421|1951401.3,2024896.421,Anaerolineaceae bacterium,2024896.421,Anaerolineaceae bacterium,2,2,2,2|3,True,True,True,True,1.0
f271fba51b646916050b15860477c92b,genus,1,1,2813034.19,2813034.19,2813034.19,Sedimentisphaerales bacterium,2813034.19,Sedimentisphaerales bacterium,1,1,1,1,True,True,True,True,1.0
f5e6f6570d4b64e72a67be50cd411508,species,2,2,2080302.1180|2201156.1160,2080302.1180|2201156.1160,2080302.1180,Acidimicrobiia bacterium,2080302.1180,Acidimicrobiia bacterium,1,2,2,1|2,True,True,True,True,1.0
3d01292536c84811794d53dbc82dea25,species,1,1,2030806.990,2030806.990,2030806.990,Burkholderiaceae bacterium,2030806.990,Burkholderiaceae bacterium,1,1,1,1,True,True,True,True,1.0
2cc5b2b8bce723252e69475548cd8e57,family,1,1,84030.30,84030.30,84030.30,Lacrimispora saccharolytica,84030.30,Lacrimispora saccharolytica,1,1,1,1,True,True,True,True,1.0
4920fa802d38be7393416667f565bb4a,genus,1,1,2201156.689,2201156.689,2201156.689,Acidimicrobiales bacterium,2201156.689,Acidimicrobiales bacterium,1,1,1,1,True,True,True,True,1.0
a06dc300e94af80f18cdbc41795c4aa5,genus,1,1,244328.7128,244328.7128,244328.7128,uncultured Clostridia bacterium,244328.7128,uncultured Clostridia bacterium,1,1,1,1,True,True,True,True,1.0
cab39ec57bab4d0e6ea98f181ec4eae1,family,1,1,244328.9105,244328.9105,244328.9105,uncultured Clostridia bacterium,244328.9105,uncultured Clostridia bacterium,1,1,1,1,True,True,True,True,1.0
46423ee425d08764624f28b7140cc759,family,1,1,3397570.3,3397570.3,3397570.3,Synergistaceae bacterium DZ-S5,3397570.3,Synergistaceae bacterium DZ-S5,3,1,1,3,True,True,True,True,1.0
af1c0fc82127e2f2ccd3473cfa7555e6,family,2,2,2268202.7|2268201.16,2268202.7|2268201.16,2268202.7,Synergistota bacterium,2268202.7,Synergistota bacterium,1,2,2,1|6,True,True,True,True,1.0
04749d839f517a8461ff731c4a0a4b60,species,1,1,1978337.3,1978337.3,1978337.3,Petrimonas sp. IBARAKI,1978337.3,Petrimonas sp. IBARAKI,1,1,1,1,True,True,True,True,1.0
3a3ec4d864ef71a4f7170d7d7610bfb4,genus,1,1,413497.13,413497.13,413497.13,Cronobacter dublinensis,413497.13,Cronobacter dublinensis,1,1,1,1,True,True,True,True,1.0
9eb4774910ed8d676248e0040ca10a83,genus,1,1,3381350.3,3381350.3,3381350.3,Acidaminobacterium chupaoyuni,3381350.3,Acidaminobacterium chupaoyuni,1,1,1,1,True,True,True,True,1.0
799b0bb65eb8c35ce7d0cef4aec5004a,species,2,2,408.47|3364168.3,408.47|3364168.3,408.47,Methylorubrum extorquens,408.47,Methylorubrum extorquens,1,2,2,1|3,True,True,True,True,1.0
efef0fd59127f1abb17a8e0847606057,family,1,1,1978337.3,1978337.3,1978337.3,Petrimonas sp. IBARAKI,1978337.3,Petrimonas sp. IBARAKI,1,1,1,1,True,True,True,True,1.0
1c4d0577b5aae60dfa88bb9fa2dc36d6,family,2,2,1236046.7|2268202.19,1236046.7|2268202.19,1236046.7,Mesotoga infera,1236046.7,Mesotoga infera,1,2,2,1|6,True,True,True,True,1.0
b9572caf5beca64d204f56f150f96a8d,species,1,1,1978337.3,1978337.3,1978337.3,Petrimonas sp. IBARAKI,1978337.3,Petrimonas sp. IBARAKI,1,1,1,1,True,True,True,True,1.0
00a1a32589b4628bbc46f04b83b89d22,species,2,2,43263.40|287.47262,43263.40|287.47262,43263.40,Aquipseudomonas alcaligenes,43263.40,Aquipseudomonas alcaligenes,2,2,2,2|4,True,True,True,True,1.0
fbc7e405b4d16da23a87995ad9f0c945,family,2,2,28450.145|60550.81,28450.145|60550.81,28450.145,Burkholderia pseudomallei,28450.145,Burkholderia pseudomallei,1,2,2,1|4,True,True,True,True,1.0
565ebeeb62bec205e9a34b25e0a728dd,species,1,1,49981.5,49981.5,49981.5,Desulfitobacterium sp.,49981.5,Desulfitobacterium sp.,1,1,1,1,True,True,True,True,1.0
261f84006c5eb28858f3f27bbaadc045,species,1,1,1904254.183,1904254.183,1904254.183,Hydrogenophaga sp.,1904254.183,Hydrogenophaga sp.,1,1,1,1,True,True,True,True,1.0
1bb528201a9ce27b647d4d0f9c6d01fb,species,1,1,1631346.8,1631346.8,1631346.8,Rubeoparvulum massiliense,1631346.8,Rubeoparvulum massiliense,1,1,1,1,True,True,True,True,1.0
1f09f246b167ceaa862b68be6e9f3442,family,1,1,1898104.3772,1898104.3772,1898104.3772,Bacteroidota bacterium,1898104.3772,Bacteroidota bacterium,1,1,1,1,True,True,True,True,1.0
adf5bb1e5c1f167d69175bf8a8e04fb3,genus,1,1,3242727.3,3242727.3,3242727.3,Methanobrevibacter sp. DSM 116169,3242727.3,Methanobrevibacter sp. DSM 116169,1,1,1,1,True,True,True,True,1.0
d564201f83026fda70407d0f859d04bd,genus,1,1,2699754.102,2699754.102,2699754.102,Pirellulaceae bacterium,2699754.102,Pirellulaceae bacterium,1,1,1,1,True,True,True,True,1.0
eda24e48b8b611eab82f254d58d1148d,genus,4,4,1515.11|253314.5|1869227.4377|288965.3,1515.11|253314.5|1869227.4377|288965.3,1515.11,Acetivibrio thermocellus,1515.11,Acetivibrio thermocellus,1,4,4,1|3|8|9,True,True,True,True,1.0
26bcb031ea5e9e32c511c17dd4ce8c44,genus,2,2,1672391.903|2705082.3,1672391.903|2705082.3,1672391.903,uncultured Chloroflexia bacterium,1672391.903,uncultured Chloroflexia bacterium,1,2,2,1|2,True,True,True,True,1.0
cea48cb9e85cce1a4c9d90bff8f6ded5,species,2,2,2832348.27|412056.91,2832348.27|412056.91,2832348.27,Terrimicrobiaceae bacterium,2832348.27,Terrimicrobiaceae bacterium,1,2,2,1|2,True,True,True,True,1.0
3d002319a68cb81e39764750ce844423,species,1,1,2021370.132,2021370.132,2021370.132,Sphingobacteriaceae bacterium,2021370.132,Sphingobacteriaceae bacterium,1,1,1,1,True,True,True,True,1.0
c4867d600b0a9097a72003891fa4b874,species,2,2,2080302.1149|152507.2524,2080302.1149|152507.2524,2080302.1149,Acidimicrobiia bacterium,2080302.1149,Acidimicrobiia bacterium,2,2,2,2|1,True,True,True,True,1.0
55d6f196845f6c46a8c04acebb14b7b9,species,2,2,2026724.1336|1672391.454,2026724.1336|1672391.454,2026724.1336,Chloroflexota bacterium,2026724.1336,Chloroflexota bacterium,1,2,2,1|2,True,True,True,True,1.0
2c2a5e52f212bdc4fe6cfe32717f2a01,species,1,1,39122.4,39122.4,39122.4,Skermania pinensis,39122.4,Skermania pinensis,1,1,1,1,True,True,True,True,1.0
5e1fc58ad48ef339ba354f5166b6a82f,family,1,1,1879010.6667,1879010.6667,1879010.6667,Bacillota bacterium,1879010.6667,Bacillota bacterium,1,1,1,1,True,True,True,True,1.0
97f1dfd76250227f4fa9736d1ec5d108,family,1,1,1122184.3,1122184.3,1122184.3,Lutispora thermophila,1122184.3,Lutispora thermophila,1,1,1,1,True,True,True,True,1.0
609d275502076a9f8c77313c88d5cabd,genus,1,1,2052178.96,2052178.96,2052178.96,Parachlamydiales bacterium,2052178.96,Parachlamydiales bacterium,1,1,1,1,True,True,True,True,1.0
77da7e24d4e417e8a4fd692db80d26e1,genus,1,1,904068.17,904068.17,904068.17,uncultured Leptolinea sp.,904068.17,uncultured Leptolinea sp.,1,1,1,1,True,True,True,True,1.0
8dd05d46c0b97113078aba2427454051,genus,1,1,2024896.231,2024896.231,2024896.231,Anaerolineaceae bacterium,2024896.231,Anaerolineaceae bacterium,1,1,1,1,True,True,True,True,1.0
0c383d815fd10fc34608bc3c3415bd28,species,1,1,1898203.6600,1898203.6600,1898203.6600,Lachnospiraceae bacterium,1898203.6600,Lachnospiraceae bacterium,1,1,1,1,True,True,True,True,1.0
a6fbc7a35cdc513c4aae607786ee2a51,family,2,2,2026792.299|460511.36,2026792.299|460511.36,2026792.299,Spirochaetales bacterium,2026792.299,Spirochaetales bacterium,1,2,2,1|3,True,True,True,True,1.0
549656e5dca3b5e4918c59545d94e8b0,genus,1,1,157466.59,157466.59,157466.59,uncultured Armatimonadota bacterium,157466.59,uncultured Armatimonadota bacterium,1,1,1,1,True,True,True,True,1.0
b083efba34da97dfc1a6fa6864721978,genus,2,2,3082386.11|1671647.4,3082386.11|1671647.4,3082386.11,Candidatus Wallacebacter cryptica,3082386.11,Candidatus Wallacebacter cryptica,1,2,2,1|3,True,True,True,True,1.0
6c69b67bc429532ce3461ea6f3dc7c82,genus,1,1,2681311.3,2681311.3,2681311.3,,2681311.3,,1,1,1,1,True,True,True,False,1.0
170083f87321cde2efee1b7332711ec9,family,1,1,1883427.2934,1883427.2934,1883427.2934,Actinomycetes bacterium,1883427.2934,Actinomycetes bacterium,1,1,1,1,True,True,True,True,1.0
461e1d892b167a7eef900fa723462f09,family,2,2,3073581.3|3078043.3,3073581.3|3078043.3,3073581.3,Hominenteromicrobium sp.,3073581.3,Hominenteromicrobium sp.,2,2,2,2|7,True,True,True,True,1.0
c50549bb796bf96acbaec9906668844d,genus,1,1,3083246.49,3083246.49,3083246.49,Christensenellales bacterium,3083246.49,Christensenellales bacterium,1,1,1,1,True,True,True,True,1.0
4f6902842e157d5e737fa919e5d89f4a,genus,1,1,2708020.3,2708020.3,2708020.3,Legionella antarctica,2708020.3,Legionella antarctica,1,1,1,1,True,True,True,True,1.0
edb2c105974cb9358cbb2a34fb4b93d8,species,2,2,2921450.3|414771.3,2921450.3|414771.3,2921450.3,Paenibacillus sp. FSL K6-0276,2921450.3,Paenibacillus sp. FSL K6-0276,1,2,2,1|2,True,True,True,True,1.0
f6b24a6816c87c1642b0b3ef07bfee78,genus,1,1,1712410.4,1712410.4,1712410.4,Thermanaerosceptrum fracticalcis,1712410.4,Thermanaerosceptrum fracticalcis,1,1,1,1,True,True,True,True,1.0
80017052479e0a7748dc385488c63536,species,1,1,152507.2138,152507.2138,152507.2138,uncultured Actinomycetes bacterium,152507.2138,uncultured Actinomycetes bacterium,1,1,1,1,True,True,True,True,1.0
f02dc9c964b8985575a3f2838bf1fbd8,genus,1,1,2030809.18,2030809.18,2030809.18,Candidatus Hydrogenedentota bacterium,2030809.18,Candidatus Hydrogenedentota bacterium,1,1,1,1,True,True,True,True,1.0
6ba0ef08127bd8337916b772638d3744,family,1,1,2107588.80,2107588.80,2107588.80,Candidatus Sumerlaeota bacterium,2107588.80,Candidatus Sumerlaeota bacterium,1,1,1,1,True,True,True,True,1.0
c24ddb60bb99f2f3faf3f86c7141b3dc,family,2,2,86473.1806|2268197.223,86473.1806|2268197.223,86473.1806,uncultured Gammaproteobacteria bacterium,86473.1806,uncultured Gammaproteobacteria bacterium,1,2,2,1|2,True,True,True,True,1.0
3c2d4903b3df0132b4a1d9a9b20ea45d,species,1,1,1871066.591,1871066.591,1871066.591,Mesorhizobium sp.,1871066.591,Mesorhizobium sp.,1,1,1,1,True,True,True,True,1.0
78d38ebcda61982cfb9d7fccb6a94cf2,genus,1,1,413497.9,413497.9,413497.9,Cronobacter dublinensis,413497.9,Cronobacter dublinensis,1,1,1,1,True,True,True,True,1.0
4a116f83e81e1519640492c5bf55a3bf,genus,1,1,2811408.75,2811408.75,2811408.75,Chthoniobacteraceae bacterium,2811408.75,Chthoniobacteraceae bacterium,1,1,1,1,True,True,True,True,1.0
7095c313e9e1c5136c8dfaf1ccf4e5d5,family,1,1,1672391.586,1672391.586,1672391.586,uncultured Chloroflexia bacterium,1672391.586,uncultured Chloroflexia bacterium,1,1,1,1,True,True,True,True,1.0
d4b8f75d0e42420455e41ded33426aae,genus,1,1,173480.16,173480.16,173480.16,Gemmatimonas aurantiaca,173480.16,Gemmatimonas aurantiaca,1,1,1,1,True,True,True,True,1.0
5e05ab394eb8af522fe62a10d8c28445,species,2,2,2966586.3|1500254.3,2966586.3|1500254.3,2966586.3,Aneurinibacillus uraniidurans,2966586.3,Aneurinibacillus uraniidurans,1,2,2,1|2,True,True,True,True,1.0
df718da3c7d5615d6f30a415de90fea7,genus,1,1,1879010.9430,1879010.9430,1879010.9430,Bacillota bacterium,1879010.9430,Bacillota bacterium,1,1,1,1,True,True,True,True,1.0
c883771c490f92035a893a246adf9767,genus,1,1,1672391.615,1672391.615,1672391.615,uncultured Chloroflexia bacterium,1672391.615,uncultured Chloroflexia bacterium,1,1,1,1,True,True,True,True,1.0
8cc2a5a7c712bb71836060897190bb02,genus,1,1,2485925.1702,2485925.1702,2485925.1702,Oscillospiraceae bacterium,2485925.1702,Oscillospiraceae bacterium,1,1,1,1,True,True,True,True,1.0
bab56c548143c05f1bd021822bf7aa19,genus,1,1,86027.1359,86027.1359,86027.1359,uncultured beta proteobacterium,86027.1359,uncultured beta proteobacterium,1,1,1,1,True,True,True,True,1.0
cfdff1e1afc0bb96435226f40e8031fa,genus,1,1,329911.332,329911.332,329911.332,uncultured Peptococcaceae bacterium,329911.332,uncultured Peptococcaceae bacterium,1,1,1,1,True,True,True,True,1.0
fd570e30645c57d049c83863880fd312,species,1,1,1906667.117,1906667.117,1906667.117,Methanomassiliicoccales archaeon,1906667.117,Methanomassiliicoccales archaeon,1,1,1,1,True,True,True,True,1.0
38e01c452b469921cbeedecef774390c,genus,1,1,2485925.3525,2485925.3525,2485925.3525,Oscillospiraceae bacterium,2485925.3525,Oscillospiraceae bacterium,2,1,1,2,True,True,True,True,1.0
5eea14d9885768eafe3cd046a6e975a7,species,2,2,1221500.35|255247.4,1221500.35|255247.4,1221500.35,Fictibacillus phosphorivorans,1221500.35,Fictibacillus phosphorivorans,1,2,2,1|2,True,True,True,True,1.0
d2fd495f50fd9ee1bb779066a74086d7,species,1,1,332614.355,332614.355,332614.355,uncultured Pseudomonadales bacterium,332614.355,uncultured Pseudomonadales bacterium,1,1,1,1,True,True,True,True,1.0
2fc4dfc7b010149d63567c2ee818550a,family,1,1,86473.1591,86473.1591,86473.1591,uncultured Gammaproteobacteria bacterium,86473.1591,uncultured Gammaproteobacteria bacterium,1,1,1,1,True,True,True,True,1.0
f961e1550d2126dce30199dd80a47c66,genus,1,1,464461.7,464461.7,464461.7,uncultured Parachlamydiaceae bacterium,464461.7,uncultured Parachlamydiaceae bacterium,1,1,1,1,True,True,True,True,1.0
04a4d49b919c98986235493c3e4105f2,genus,4,4,1515.11|253314.5|1869227.4377|288965.3,1515.11|253314.5|1869227.4377|288965.3,1515.11,Acetivibrio thermocellus,1515.11,Acetivibrio thermocellus,1,4,4,1|3|8|9,True,True,True,True,1.0
b488a23a21137febe962e32b948e87a9,family,1,1,2052139.2124,2052139.2124,2052139.2124,Patescibacteria group bacterium,2052139.2124,Patescibacteria group bacterium,1,1,1,1,True,True,True,True,1.0
172049e46605909f99651e4d0efb8578,species,2,2,2485925.3612|39492.751,2485925.3612|39492.751,2485925.3612,Oscillospiraceae bacterium,2485925.3612,Oscillospiraceae bacterium,1,2,2,1|6,True,True,True,True,1.0
714fee5937db0a72ffa76f655649cd60,genus,2,2,2026770.468|120965.177,2026770.468|120965.177,2026770.468,Nitrospiraceae bacterium,2026770.468,Nitrospiraceae bacterium,3,2,2,3|2,True,True,True,True,1.0
1f003e944f4c451188139f78a4dbead3,species,2,2,2952975.78|2202153.200,2952975.78|2202153.200,2952975.78,Tenuifilaceae bacterium,2952975.78,Tenuifilaceae bacterium,1,2,2,1|2,True,True,True,True,1.0
7598baa4df34dca336e545f5477e2bdd,genus,5,5,1736551.3|334801.4|1736594.3|1666951.4|1843237.4,1736551.3|334801.4|1736594.3|1666951.4|1843237.4,1736551.3,Sphingomonas sp. Root50,1736551.3,Sphingomonas sp. Root50,3,5,5,3|4|5|7|8,True,True,True,True,1.0
373d9c7b19e02b42024ac7d4b55dd1a8,genus,1,1,3070996.6,3070996.6,3070996.6,Clostridium sp. MB40-C1,3070996.6,Clostridium sp. MB40-C1,1,1,1,1,True,True,True,True,1.0
4d4be4592350230ffffb8321fc1688fa,species,1,1,2026714.861,2026714.861,2026714.861,Candidatus Bathyarchaeota archaeon,2026714.861,Candidatus Bathyarchaeota archaeon,1,1,1,1,True,True,True,True,1.0
a07f3b457d225ac97e915f62126f9051,family,1,1,2035833.4,2035833.4,2035833.4,Paenibacillus yanchengensis,2035833.4,Paenibacillus yanchengensis,1,1,1,1,True,True,True,True,1.0
f036998f7c6ae9f7b01b50adfca811a3,genus,2,2,1947982.3|244328.14,1947982.3|244328.14,1947982.3,Firmicutes bacterium UBA3915,1947982.3,Firmicutes bacterium UBA3915,2,2,2,2|1,True,True,True,True,1.0
c6c062c6e4918cff367f7b7327090845,genus,1,1,2304002.91,2304002.91,2304002.91,Methylococcales bacterium,2304002.91,Methylococcales bacterium,1,1,1,1,True,True,True,True,1.0
94826025b9642351b6818715fb42c3a5,species,2,2,2026792.184|2053615.69,2026792.184|2053615.69,2026792.184,Spirochaetales bacterium,2026792.184,Spirochaetales bacterium,1,2,2,1|3,True,True,True,True,1.0
88a9a64b37ae0a1b25e1f700e445ab77,family,2,2,2026778.503|1883427.1929,2026778.503|1883427.1929,2026778.503,Phycisphaerae bacterium,2026778.503,Phycisphaerae bacterium,1,2,2,1|3,True,True,True,True,1.0
4f4dc6bfd6d1b43335fe96fd6eb3e297,species,2,2,1604897.3|2759022.3,1604897.3|2759022.3,1604897.3,Clostridium fungisolvens,1604897.3,Clostridium fungisolvens,1,2,2,1|3,True,True,True,True,1.0
b9ca0e9ca6ba197607c2653e75d15261,genus,1,1,659425.3,659425.3,659425.3,Thermoclostridium caenicola,659425.3,Thermoclostridium caenicola,1,1,1,1,True,True,True,True,1.0
9f320ec9d312f6f94fd8e600383871e2,genus,1,1,91750.4571,91750.4571,91750.4571,uncultured Alphaproteobacteria bacterium,91750.4571,uncultured Alphaproteobacteria bacterium,1,1,1,1,True,True,True,True,1.0
126253aad6ce532558563354e8c229f3,family,1,1,1869227.2359,1869227.2359,1869227.2359,bacterium,1869227.2359,bacterium,1,1,1,1,True,True,True,True,1.0
737ec3fec82dbe6919a55d6f88890343,species,1,1,69279.8,69279.8,69279.8,Aquamicrobium defluvii,69279.8,Aquamicrobium defluvii,1,1,1,1,True,True,True,True,1.0
b369899a050f5bdde428c77540050c80,genus,2,2,3039803.63|1883427.3062,3039803.63|1883427.3062,3039803.63,uncultured Actinomycetota bacterium,3039803.63,uncultured Actinomycetota bacterium,1,2,2,1|2,True,True,True,True,1.0
1f19176efd7a39631a702b95a9d4b247,family,1,1,3012325.6,3012325.6,3012325.6,Beutenbergiaceae bacterium,3012325.6,Beutenbergiaceae bacterium,1,1,1,1,True,True,True,True,1.0
b7e9487c90de08851f8c120abc9ac7f8,species,1,1,2689616.42,2689616.42,2689616.42,Steroidobacteraceae bacterium,2689616.42,Steroidobacteraceae bacterium,1,1,1,1,True,True,True,True,1.0
8eb15ec6f1ac1ddc6a0ded81065b9e3d,genus,1,1,2499141.280,2499141.280,2499141.280,Verrucomicrobiia bacterium,2499141.280,Verrucomicrobiia bacterium,1,1,1,1,True,True,True,True,1.0
7c1cbe86390c16afdf54fac5ab2ba556,genus,2,2,3030827.3|2712865.3,3030827.3|2712865.3,3030827.3,Paludisphaera mucosa,3030827.3,Paludisphaera mucosa,1,2,2,1|2,True,True,True,True,1.0
717060b0d8c767aa2b031af9d99619dc,species,1,1,1960880.22,1960880.22,1960880.22,Pseudolabrys sp.,1960880.22,Pseudolabrys sp.,1,1,1,1,True,True,True,True,1.0
b0c56ead300fe6c57f4fc02a1a2f03bd,species,1,1,861532.3,861532.3,861532.3,Ammoniphilus resinae,861532.3,Ammoniphilus resinae,1,1,1,1,True,True,True,True,1.0
317bf3e8560b9ad24f7cb75c8fe0cd3e,genus,5,5,1736551.3|334801.4|1736594.3|1030157.8|1666951.4,1736551.3|334801.4|1736594.3|1030157.8|1666951.4,1736551.3,Sphingomonas sp. Root50,1736551.3,Sphingomonas sp. Root50,3,5,5,3|4|5|6|8,True,True,True,True,1.0
8adc12dac7b8b4b0e4408ebdf6aab780,genus,1,1,2026720.1062,2026720.1062,2026720.1062,Candidatus Saccharimonadota bacterium,2026720.1062,Candidatus Saccharimonadota bacterium,1,1,1,1,True,True,True,True,1.0
4a861d22b54efb0cebe9bfc1f9e23cc0,family,1,1,1672391.970,1672391.970,1672391.970,uncultured Chloroflexia bacterium,1672391.970,uncultured Chloroflexia bacterium,1,1,1,1,True,True,True,True,1.0
8027ffc215349056379fe132f318a66a,genus,1,1,1909294.1130,1909294.1130,1909294.1130,Hyphomicrobiales bacterium,1909294.1130,Hyphomicrobiales bacterium,1,1,1,1,True,True,True,True,1.0
e52eb9b81be103823dae2b735dafea6f,family,1,1,2231116.13,2231116.13,2231116.13,Mycoplasmatota bacterium,2231116.13,Mycoplasmatota bacterium,1,1,1,1,True,True,True,True,1.0
8b024b5e9fd085be8d302e0fe7eb1da6,family,1,1,2052178.101,2052178.101,2052178.101,Parachlamydiales bacterium,2052178.101,Parachlamydiales bacterium,2,1,1,2,True,True,True,True,1.0
5991e2c541e0896df6ced29abbf2edf2,genus,1,1,557451.3,557451.3,557451.3,Symbiobacterium terraclitae,557451.3,Symbiobacterium terraclitae,1,1,1,1,True,True,True,True,1.0
353d319546f0e234f4b2e8d876cfc7e0,family,2,2,253314.5|1869227.4377,253314.5|1869227.4377,253314.5,Acetivibrio straminisolvens,253314.5,Acetivibrio straminisolvens,1,2,2,1|3,True,True,True,True,1.0
68df70d4bee099629f704201f7295b5d,species,2,2,52694.18|1068975.15,52694.18|1068975.15,52694.18,Acetobacterium wieringae,52694.18,Acetobacterium wieringae,2,2,2,2|3,True,True,True,True,1.0
87f7d4bd46de8532433f5041d4803e7d,family,1,1,132932.5,132932.5,132932.5,Acetobacterium tundrae,132932.5,Acetobacterium tundrae,1,1,1,1,True,True,True,True,1.0
3c177efebf59a3bd5000040f101bb1bf,species,1,1,1773.18750,1773.18750,1773.18750,Mycobacterium tuberculosis,1773.18750,Mycobacterium tuberculosis,1,1,1,1,True,True,True,True,1.0
816049bb0d04d104e9bc79d797b7b2e9,species,1,1,1978337.3,1978337.3,1978337.3,Petrimonas sp. IBARAKI,1978337.3,Petrimonas sp. IBARAKI,1,1,1,1,True,True,True,True,1.0
e01570517d009e1f5e5443a9dd58a231,species,1,1,1121302.3,1121302.3,1121302.3,Clostridium cavendishii,1121302.3,Clostridium cavendishii,1,1,1,1,True,True,True,True,1.0
aa61e61d77b1c5238145c9b2cabdb9d5,genus,5,5,1869227.4076|2053615.69|2030808.223|1918497.3|2268201.13,1869227.4076|2053615.69|2030808.223|1918497.3|2268201.13,1869227.4076,bacterium,1869227.4076,bacterium,3,5,5,3|4|5|6|8,True,True,True,True,1.0
999c957beee975a83be3857c1d8051a5,genus,5,5,1869227.4076|2053615.69|2030808.223|1918497.3|2268201.13,1869227.4076|2053615.69|2030808.223|1918497.3|2268201.13,1869227.4076,bacterium,1869227.4076,bacterium,3,5,5,3|4|5|6|8,True,True,True,True,1.0
c6d1c8a43afe01b7401a3595ad0a5640,species,1,1,2614250.222,2614250.222,2614250.222,Caldilineaceae bacterium,2614250.222,Caldilineaceae bacterium,1,1,1,1,True,True,True,True,1.0
cb1e3bce988edfd40e886c602d0acd01,genus,1,1,1879010.11595,1879010.11595,1879010.11595,Bacillota bacterium,1879010.11595,Bacillota bacterium,1,1,1,1,True,True,True,True,1.0
1829dfc4952cc934524cf1d9b83df1fd,genus,1,1,1898205.3804,1898205.3804,1898205.3804,,1898205.3804,,1,1,1,1,True,True,True,False,1.0
9105a12672d63787cb130b8396b7aa49,genus,2,2,1664347.22|2482790.201,1664347.22|2482790.201,1664347.22,uncultured Candidatus Berkelbacteria bacterium,1664347.22,uncultured Candidatus Berkelbacteria bacterium,1,2,2,1|2,True,True,True,True,1.0
d03ed14bb4de457c674f898a173d7a62,species,2,2,2024896.238|2030809.131,2024896.238|2030809.131,2024896.238,Anaerolineaceae bacterium,2024896.238,Anaerolineaceae bacterium,1,2,2,1|2,True,True,True,True,1.0
aee2ddec1683cea5bb29ee17e5f48146,genus,2,2,2763679.3|1582259.3,2763679.3|1582259.3,2763679.3,Paratissierella segnis,2763679.3,Paratissierella segnis,1,2,2,1|2,True,True,True,True,1.0
0a348490a85ea594e34f9fa851e6f2bf,genus,1,1,1879010.11554,1879010.11554,1879010.11554,Bacillota bacterium,1879010.11554,Bacillota bacterium,1,1,1,1,True,True,True,True,1.0
322e95dcad281978b9f9a97b4bf2b743,species,1,1,91750.4282,91750.4282,91750.4282,uncultured Alphaproteobacteria bacterium,91750.4282,uncultured Alphaproteobacteria bacterium,1,1,1,1,True,True,True,True,1.0
09f97db7adedc038758fca116724698f,species,2,2,2212467.780|1852811.3,2212467.780|1852811.3,2212467.780,Bacteroidaceae bacterium,2212467.780,Bacteroidaceae bacterium,1,2,2,1|2,True,True,True,True,1.0
a5430f5f1cd228c78aa55db13ff1fa92,species,1,1,2725945.25,2725945.25,2725945.25,Nanosynbacter sp.,2725945.25,Nanosynbacter sp.,1,1,1,1,True,True,True,True,1.0
140e40cb48f1dfbda216a1267bb28fc5,species,2,2,1926873.183|2006849.59,1926873.183|2006849.59,1926873.183,Lysobacteraceae bacterium,1926873.183,Lysobacteraceae bacterium,1,2,2,1|2,True,True,True,True,1.0
792040cc8d230edf3da4ec44c575fe75,species,1,1,2024896.238,2024896.238,2024896.238,Anaerolineaceae bacterium,2024896.238,Anaerolineaceae bacterium,1,1,1,1,True,True,True,True,1.0
01d2438fd05e3e4b8f94143439665583,genus,1,1,3082386.11,3082386.11,3082386.11,Candidatus Wallacebacter cryptica,3082386.11,Candidatus Wallacebacter cryptica,1,1,1,1,True,True,True,True,1.0
b4551c091eadcf47d15aad6921457f76,genus,2,2,3034609.7|1869227.3111,3034609.7|1869227.3111,3034609.7,Aminobacteriaceae bacterium,3034609.7,Aminobacteriaceae bacterium,2,2,2,2|5,True,True,True,True,1.0
aee6434397d2afe4adc1c9d2ba8927a4,species,1,1,162156.240,162156.240,162156.240,uncultured Bacteroides sp.,162156.240,uncultured Bacteroides sp.,1,1,1,1,True,True,True,True,1.0
295de38d6dd13acd267eae051374671f,family,1,1,296842.5,296842.5,296842.5,Solidesulfovibrio carbinolicus,296842.5,Solidesulfovibrio carbinolicus,1,1,1,1,True,True,True,True,1.0
3eca9c3ddfcd1664d37b708370ae7a05,species,2,2,3381661.3|3381662.3,3381661.3|3381662.3,3381661.3,Candidatus Clostridium stratigraminis,3381661.3,Candidatus Clostridium stratigraminis,1,2,2,1|2,True,True,True,True,1.0
ba6bc4c3f11394ddeb20d0be26876b26,genus,5,5,1869227.4076|2053615.69|2030808.223|1918497.3|2268201.13,1869227.4076|2053615.69|2030808.223|1918497.3|2268201.13,1869227.4076,bacterium,1869227.4076,bacterium,3,5,5,3|4|5|6|8,True,True,True,True,1.0
24dce07cef9924ddcdee5af002e38965,genus,2,2,3034609.7|1869227.3111,3034609.7|1869227.3111,3034609.7,Aminobacteriaceae bacterium,3034609.7,Aminobacteriaceae bacterium,2,2,2,2|5,True,True,True,True,1.0
242a3a783392eec5c227518358c4dc88,species,1,1,2872636.3,2872636.3,2872636.3,Nitratidesulfovibrio sp. SRB-5,2872636.3,Nitratidesulfovibrio sp. SRB-5,1,1,1,1,True,True,True,True,1.0
601d70854057d4d8e94070f73350d797,family,2,2,1869227.3111|1674906.4,1869227.3111|1674906.4,1869227.3111,bacterium,1869227.3111,bacterium,1,2,2,1|2,True,True,True,True,1.0
68961d428c4c1a26c72ee58ffe940b99,species,1,1,3381350.3,3381350.3,3381350.3,Acidaminobacterium chupaoyuni,3381350.3,Acidaminobacterium chupaoyuni,1,1,1,1,True,True,True,True,1.0
96081852258501d40fba8d2ddf0541ac,genus,1,1,2054177.128,2054177.128,2054177.128,Christensenellaceae bacterium,2054177.128,Christensenellaceae bacterium,1,1,1,1,True,True,True,True,1.0
fe53e16940fd4ac540adc0d7c5d73841,species,2,2,1352.23145|53346.225,1352.23145|53346.225,1352.23145,Enterococcus faecium,1352.23145,Enterococcus faecium,1,2,2,1|3,True,True,True,True,1.0
25f1616a67bfdd13341e589345005a90,species,2,2,1236046.7|2268202.19,1236046.7|2268202.19,1236046.7,Mesotoga infera,1236046.7,Mesotoga infera,2,2,2,2|7,True,True,True,True,1.0
6ccc148642fc55d9ec07d0d348c37148,family,1,1,413497.13,413497.13,413497.13,Cronobacter dublinensis,413497.13,Cronobacter dublinensis,1,1,1,1,True,True,True,True,1.0
43304902c7de62a1f0749eba6553c3cd,genus,1,1,51515.8,51515.8,51515.8,Dehalobacterium formicoaceticum,51515.8,Dehalobacterium formicoaceticum,1,1,1,1,True,True,True,True,1.0
abe0e2740f8459c2e33550945597567d,genus,2,2,1147123.4|1871330.8,1147123.4|1871330.8,1147123.4,Caloramator quimbayensis,1147123.4,Caloramator quimbayensis,1,2,2,1|2,True,True,True,True,1.0
c54b395391b209a66c6f285b4c84bb60,species,1,1,3083246.44,3083246.44,3083246.44,Christensenellales bacterium,3083246.44,Christensenellales bacterium,1,1,1,1,True,True,True,True,1.0
391d30262cc3dea9747cbbc8eddf9f07,species,2,2,2026791.202|2202153.108,2026791.202|2202153.108,2026791.202,Bryobacterales bacterium,2026791.202,Bryobacterales bacterium,1,2,2,1|2,True,True,True,True,1.0
e55e48fe52d8325396d7b7a722adba80,family,1,1,1855399.3,1855399.3,1855399.3,Porphyromonadaceae bacterium NLAE-zl-C104,1855399.3,Porphyromonadaceae bacterium NLAE-zl-C104,1,1,1,1,True,True,True,True,1.0
794d1f76593fbe8de481cb6027cffe80,family,1,1,1678841.5,1678841.5,1678841.5,Lentimicrobium saccharophilum,1678841.5,Lentimicrobium saccharophilum,1,1,1,1,True,True,True,True,1.0
f8eaa371a95b49c4c6842bbec4b4da5f,genus,2,2,253314.5|1869227.4377,253314.5|1869227.4377,253314.5,Acetivibrio straminisolvens,253314.5,Acetivibrio straminisolvens,1,2,2,1|3,True,True,True,True,1.0
817de57245c782e0e938fdb195cd7aa1,genus,1,1,1978337.3,1978337.3,1978337.3,Petrimonas sp. IBARAKI,1978337.3,Petrimonas sp. IBARAKI,2,1,1,2,True,True,True,True,1.0
ee983542287b2fabba9e4ee88472a44a,species,1,1,422285.13,422285.13,422285.13,uncultured candidate division WWE3 bacterium,422285.13,uncultured candidate division WWE3 bacterium,1,1,1,1,True,True,True,True,1.0
f5ec59d59b201d9d82b91bbfb69dc2fc,genus,1,1,669455.3,669455.3,669455.3,Sediminibacterium magnilacihabitans,669455.3,Sediminibacterium magnilacihabitans,1,1,1,1,True,True,True,True,1.0
0c3fbf81fa504f4fc2603e504474a1bf,genus,2,2,2054177.128|1869227.3092,2054177.128|1869227.3092,2054177.128,Christensenellaceae bacterium,2054177.128,Christensenellaceae bacterium,1,2,2,1|2,True,True,True,True,1.0
71f4b4a0a56c9a9b81c740f6e3a18596,species,1,1,3064664.35,3064664.35,3064664.35,Candidatus Cloacimonadaceae bacterium,3064664.35,Candidatus Cloacimonadaceae bacterium,1,1,1,1,True,True,True,True,1.0
af4077b83626bed3fca2dfbdf7cb9f90,genus,2,2,1889883.3|3050072.8,1889883.3|3050072.8,1889883.3,Proteiniborus sp. DW1,1889883.3,Proteiniborus sp. DW1,1,2,2,1|2,True,True,True,True,1.0
d27b2ff4d26d2899600e9921c2e925f6,species,2,2,1898104.1539|1733.735,1898104.1539|1733.735,1898104.1539,Bacteroidota bacterium,1898104.1539,Bacteroidota bacterium,1,2,2,1|2,True,True,True,True,1.0
b6659ef305819aabacf82fa333d503b6,species,2,2,1869227.2999|86473.3049,1869227.2999|86473.3049,1869227.2999,bacterium,1869227.2999,bacterium,1,2,2,1|3,True,True,True,True,1.0
d580dfb68684d8bcb4505d85be36a809,genus,1,1,2093811.238,2093811.238,2093811.238,Syntrophomonadaceae bacterium,2093811.238,Syntrophomonadaceae bacterium,1,1,1,1,True,True,True,True,1.0
50420826a4434507209193c117f54130,species,1,1,2052152.91,2052152.91,2052152.91,Candidatus Nomurabacteria bacterium,2052152.91,Candidatus Nomurabacteria bacterium,1,1,1,1,True,True,True,True,1.0
82fc6e36dd2370048db2e2b7f02fd189,genus,1,1,427926.8,427926.8,427926.8,Dethiobacter alkaliphilus,427926.8,Dethiobacter alkaliphilus,1,1,1,1,True,True,True,True,1.0
bc7d170b9edc9c345a358fc773c260e7,species,1,1,1898104.3469,1898104.3469,1898104.3469,Bacteroidota bacterium,1898104.3469,Bacteroidota bacterium,1,1,1,1,True,True,True,True,1.0
2b21fc8c9a472bcf2441c9c063baaf0a,species,1,1,2026724.2402,2026724.2402,2026724.2402,Chloroflexota bacterium,2026724.2402,Chloroflexota bacterium,1,1,1,1,True,True,True,True,1.0
fe243279a53940656a0d4289ddc3ea66,genus,1,1,3039678.4,3039678.4,3039678.4,Eubacteriales bacterium mix99,3039678.4,Eubacteriales bacterium mix99,1,1,1,1,True,True,True,True,1.0
cb21ad21e6f1b6e4e388eec09350d8dc,family,1,1,2527975.3,2527975.3,2527975.3,Kolteria novifilia,2527975.3,Kolteria novifilia,1,1,1,1,True,True,True,True,1.0
40862b63dd0defe1fb1cbc9991f5f089,species,1,1,1852829.3,1852829.3,1852829.3,candidate division WS2 bacterium ADurb.Bin280,1852829.3,candidate division WS2 bacterium ADurb.Bin280,1,1,1,1,True,True,True,True,1.0
6a4bca8a699c143a04caf781f0c1763c,species,1,1,349277.19,349277.19,349277.19,uncultured Rubrobacteraceae bacterium,349277.19,uncultured Rubrobacteraceae bacterium,1,1,1,1,True,True,True,True,1.0
64726048843aad3c93d620cd9e0479ad,below,0,0,,,,,,,,0,0,,,,,,
b2fb53987643b4f865fb0a5912ee1071,below,0,0,,,,,,,,0,0,,,,,,
d01bebdf4a5ff05dd53dc30d65556f60,species,2,2,2748667.3|2845823.10,2748667.3|2845823.10,2748667.3,Roseomonas rosulenta,2748667.3,Roseomonas rosulenta,1,2,2,1|2,True,True,True,True,1.0
cb0675920de285932e554b08f1db3466,family,2,2,2026724.1807|2052143.1031,2026724.1807|2052143.1031,2026724.1807,Chloroflexota bacterium,2026724.1807,Chloroflexota bacterium,1,2,2,1|2,True,True,True,True,1.0
28e3c3f751b7e166668665449ef80ec9,species,1,1,2867027.5,2867027.5,2867027.5,Phormidium sp. Bin_1,2867027.5,Phormidium sp. Bin_1,1,1,1,1,True,True,True,True,1.0
76612bcedbaf761367a3d047ebafd7b6,family,2,2,86473.3049|1869227.2999,86473.3049|1869227.2999,86473.3049,uncultured Gammaproteobacteria bacterium,86473.3049,uncultured Gammaproteobacteria bacterium,1,2,2,1|2,True,True,True,True,1.0
d232fae99923ef2ca92f6afbc004f379,family,2,2,1869227.10167|2599941.72,1869227.10167|2599941.72,1869227.10167,bacterium,1869227.10167,bacterium,1,2,2,1|2,True,True,True,True,1.0
1149a5d0986a0fc3bf7a7a9057b0e033,genus,1,1,28141.528,28141.528,28141.528,Cronobacter sakazakii,28141.528,Cronobacter sakazakii,1,1,1,1,True,True,True,True,1.0
a42640f848385634aa76ce36a39e3707,genus,1,1,2682144.110,2682144.110,2682144.110,Fimbriimonadaceae bacterium,2682144.110,Fimbriimonadaceae bacterium,1,1,1,1,True,True,True,True,1.0
84983b37bd3b85c6b96d3a4ea0ff2bbd,species,2,2,1160721.539|2293177.3,1160721.539|2293177.3,1160721.539,Ruminococcus bicirculans (ex Wegman et al. 2014),1160721.539,Ruminococcus bicirculans (ex Wegman et al. 2014),1,2,2,1|2,True,True,True,True,1.0
79f4b4c69c43f9fc726deee40b36d3f3,genus,1,1,2026724.1494,2026724.1494,2026724.1494,Chloroflexota bacterium,2026724.1494,Chloroflexota bacterium,1,1,1,1,True,True,True,True,1.0
b3848fcb6cb7ac786f17897a46e4a681,genus,1,1,3083246.38,3083246.38,3083246.38,Christensenellales bacterium,3083246.38,Christensenellales bacterium,1,1,1,1,True,True,True,True,1.0
dd0416fffbca05a27400d18805e182d9,family,1,1,1879010.10371,1879010.10371,1879010.10371,Bacillota bacterium,1879010.10371,Bacillota bacterium,1,1,1,1,True,True,True,True,1.0
2481a293c5dffa73e03136fa6efdff28,genus,1,1,2081706.43,2081706.43,2081706.43,Bacteriovoracaceae bacterium,2081706.43,Bacteriovoracaceae bacterium,1,1,1,1,True,True,True,True,1.0
3aa84206bcf663e8de0f75e1bb5b2ba6,family,2,2,86473.3049|1869227.2999,86473.3049|1869227.2999,86473.3049,uncultured Gammaproteobacteria bacterium,86473.3049,uncultured Gammaproteobacteria bacterium,1,2,2,1|2,True,True,True,True,1.0
0a9e32a90e0c0e68cfe004e73a2ac7dd,family,1,1,77133.4208,77133.4208,77133.4208,uncultured bacterium,77133.4208,uncultured bacterium,1,1,1,1,True,True,True,True,1.0
a681fb02342fb54c83839d35541047fd,genus,1,1,2052139.2093,2052139.2093,2052139.2093,Patescibacteria group bacterium,2052139.2093,Patescibacteria group bacterium,1,1,1,1,True,True,True,True,1.0
eb39035aa8ec3916e81ca8fc6b2cbc00,family,1,1,2268199.131,2268199.131,2268199.131,Polyangiaceae bacterium,2268199.131,Polyangiaceae bacterium,1,1,1,1,True,True,True,True,1.0
9fb275ed81ecc69dd2c2cf775d20f252,genus,1,1,1672391.938,1672391.938,1672391.938,uncultured Chloroflexia bacterium,1672391.938,uncultured Chloroflexia bacterium,1,1,1,1,True,True,True,True,1.0
f9592d197b4e8b201673245f0501b6b3,genus,1,1,557451.3,557451.3,557451.3,Symbiobacterium terraclitae,557451.3,Symbiobacterium terraclitae,1,1,1,1,True,True,True,True,1.0
fbea683698f9faa406733b0ef72a45b8,genus,1,1,1879010.10404,1879010.10404,1879010.10404,Bacillota bacterium,1879010.10404,Bacillota bacterium,1,1,1,1,True,True,True,True,1.0
2d7ac92616f87949dfaf73e74e7d61ef,species,1,1,497635.22,497635.22,497635.22,uncultured Paludibacter sp.,497635.22,uncultured Paludibacter sp.,2,1,1,2,True,True,True,True,1.0
dfba8e8bfc169f25150d154a466d4477,species,1,1,81412.4,81412.4,81412.4,Aminomonas paucivorans,81412.4,Aminomonas paucivorans,1,1,1,1,True,True,True,True,1.0
b35b4cb81d7c54205db79368125f511b,species,1,1,2044939.4952,2044939.4952,2044939.4952,Clostridia bacterium,2044939.4952,Clostridia bacterium,1,1,1,1,True,True,True,True,1.0
d0282de15fd06b64876273663703c3b5,genus,1,1,1909293.384,1909293.384,1909293.384,Acetobacteraceae bacterium,1909293.384,Acetobacteraceae bacterium,1,1,1,1,True,True,True,True,1.0
4f3686ad1491f35d467e4d518b1a239a,species,1,1,153809.1547,153809.1547,153809.1547,uncultured Pseudomonadota bacterium,153809.1547,uncultured Pseudomonadota bacterium,1,1,1,1,True,True,True,True,1.0
dc960b31bf96a79c812f9e13fe5b26aa,genus,1,1,1674862.5,1674862.5,1674862.5,Spirochaetales bacterium Spiro_06,1674862.5,Spirochaetales bacterium Spiro_06,1,1,1,1,True,True,True,True,1.0
e0ef60d7b52825a7bb99db1975db2d1b,species,1,1,1968902.4,1968902.4,1968902.4,Gordonibacter sp.,1968902.4,Gordonibacter sp.,1,1,1,1,True,True,True,True,1.0
0f6ba75546154e59b7668ab1ac86514b,family,1,1,2033014.110,2033014.110,2033014.110,Armatimonadota bacterium,2033014.110,Armatimonadota bacterium,1,1,1,1,True,True,True,True,1.0
4d36e0d0050d301d2a3d040d04521b20,species,1,1,2052139.660,2052139.660,2052139.660,Patescibacteria group bacterium,2052139.660,Patescibacteria group bacterium,1,1,1,1,True,True,True,True,1.0
20ec21b915216e00b9af8785dba05efd,genus,1,1,2691551.112,2691551.112,2691551.112,Thermoguttaceae bacterium,2691551.112,Thermoguttaceae bacterium,1,1,1,1,True,True,True,True,1.0
92fdfef3564a875350627fe95d5fa6e2,genus,3,3,2052185.22|220496.11|40218.3,2052185.22|220496.11|40218.3,2052185.22,Syntrophobacteraceae bacterium,2052185.22,Syntrophobacteraceae bacterium,1,3,3,1|3|6,True,True,True,True,1.0
731b491457472e36422564468f57fa8c,species,1,1,573.81388,573.81388,573.81388,Klebsiella pneumoniae,573.81388,Klebsiella pneumoniae,1,1,1,1,True,True,True,True,1.0
d21206f5365da44b1152796d3281ae34,genus,2,2,2014369.31|1965318.11,2014369.31|1965318.11,2014369.31,uncultured Prolixibacteraceae bacterium,2014369.31,uncultured Prolixibacteraceae bacterium,1,2,2,1|2,True,True,True,True,1.0
17dea85edcc6610a7d772d73ea780461,genus,1,1,2876886.30,2876886.30,2876886.30,Tepidisphaeraceae bacterium,2876886.30,Tepidisphaeraceae bacterium,2,1,1,2,True,True,True,True,1.0
0e4fb8a4429348304afe0d042e3cb39a,species,2,2,2731404.12|91750.4293,2731404.12|91750.4293,2731404.12,Aestuariivirgaceae bacterium,2731404.12,Aestuariivirgaceae bacterium,1,2,2,1|2,True,True,True,True,1.0
46955cdee4a523b064ae2ab0d337deb8,species,2,2,189685.26|53463.8,189685.26|53463.8,189685.26,uncultured Paracoccus sp.,189685.26,uncultured Paracoccus sp.,1,2,2,1|2,True,True,True,True,1.0
46a7a599e8da21433062d78516158149,family,2,2,45064.4|45056.9,45064.4|45056.9,45064.4,Legionella fairfieldensis,45064.4,Legionella fairfieldensis,3,2,2,3|1,True,True,True,True,1.0
7adc00fdff504740098679e91cb6844d,genus,1,1,77133.6492,77133.6492,77133.6492,uncultured bacterium,77133.6492,uncultured bacterium,1,1,1,1,True,True,True,True,1.0
a9135a4ec3c5575c45a925bfaa528201,family,1,1,460511.73,460511.73,460511.73,uncultured Spirochaetota bacterium,460511.73,uncultured Spirochaetota bacterium,1,1,1,1,True,True,True,True,1.0
ac3f05517b1b612528747e13dde51f63,species,2,2,1898203.6639|2049024.193,1898203.6639|2049024.193,1898203.6639,Lachnospiraceae bacterium,1898203.6639,Lachnospiraceae bacterium,1,2,2,1|5,True,True,True,True,1.0
2496952100a88c88466683710edf34ba,genus,1,1,86027.1359,86027.1359,86027.1359,uncultured beta proteobacterium,86027.1359,uncultured beta proteobacterium,1,1,1,1,True,True,True,True,1.0
dba7c05b3998a0053a7ebd17f124a3c0,species,2,2,538381.39|3046693.3,538381.39|3046693.3,538381.39,Stappia indica,538381.39,Stappia indica,1,2,2,1|3,True,True,True,True,1.0
e9e94fc2ed8a07e91e51f4bac68316c2,species,1,1,153809.1339,153809.1339,153809.1339,uncultured Pseudomonadota bacterium,153809.1339,uncultured Pseudomonadota bacterium,1,1,1,1,True,True,True,True,1.0
14a2bb3f27bd325f767bee3f35dec36e,family,1,1,153809.1446,153809.1446,153809.1446,uncultured Pseudomonadota bacterium,153809.1446,uncultured Pseudomonadota bacterium,1,1,1,1,True,True,True,True,1.0
668b888b470fb300314dd012a056e5ea,species,2,2,2810514.3|2715535.3,2810514.3|2715535.3,2810514.3,Sporosarcina sp. Marseille-Q4063,2810514.3,Sporosarcina sp. Marseille-Q4063,1,2,2,1|8,True,True,True,True,1.0
cefc5e0aafd4478065e1ffd5c5ad5f28,species,1,1,3074453.4,3074453.4,3074453.4,Arcobacter sp. AZ-2023,3074453.4,Arcobacter sp. AZ-2023,1,1,1,1,True,True,True,True,1.0
e0242f522a0ad486d4a1822dc29289ca,genus,1,1,3039803.63,3039803.63,3039803.63,uncultured Actinomycetota bacterium,3039803.63,uncultured Actinomycetota bacterium,1,1,1,1,True,True,True,True,1.0
7f649b584c7c54e647d5e552eb59cb76,species,2,2,49338.10|1121395.3,49338.10|1121395.3,49338.10,Desulfitobacterium hafniense,49338.10,Desulfitobacterium hafniense,1,2,2,1|2,True,True,True,True,1.0
feec8d91c6be13d10b577e62ebd689e9,species,1,1,1537.8,1537.8,1537.8,Romboutsia lituseburensis,1537.8,Romboutsia lituseburensis,1,1,1,1,True,True,True,True,1.0
7ad290ae94d2ece8c7e76f06f4c89d34,species,2,2,2003582.3|2600299.3,2003582.3|2600299.3,2003582.3,Pannonibacter sp. P2PFMT1,2003582.3,Pannonibacter sp. P2PFMT1,1,2,2,1|9,True,True,True,True,1.0
a65a5fa6d26c4133ed7fb665dbaba532,species,2,2,1219039.3|1166340.3,1219039.3|1166340.3,1219039.3,Sphingomonas aquatilis,1219039.3,Sphingomonas aquatilis,1,2,2,1|2,True,True,True,True,1.0
3a0635f007892aed36fc53868d002162,species,2,2,2010183.3|165813.31,2010183.3|165813.31,2010183.3,Sporanaerobacter sp.,2010183.3,Sporanaerobacter sp.,1,2,2,1|3,True,True,True,True,1.0
9c245301ea193d71d9c453f4e53f8f6d,genus,1,1,78350.3,78350.3,78350.3,Pelotomaculum schinkii,78350.3,Pelotomaculum schinkii,1,1,1,1,True,True,True,True,1.0
290c53e2ab49cb54ec8f1c237184556f,genus,1,1,2052179.106,2052179.106,2052179.106,Peptococcaceae bacterium,2052179.106,Peptococcaceae bacterium,5,1,1,5,True,True,True,True,1.0
b3a9e61964951469555c029385db09e2,species,2,2,588932.13|1978230.135,588932.13|1978230.135,588932.13,Brevundimonas naejangsanensis,588932.13,Brevundimonas naejangsanensis,1,2,2,1|2,True,True,True,True,1.0
b6b5e5891c1c9819c1c42c0699647fdc,family,2,2,3366811.3|1367435.3,3366811.3|1367435.3,3366811.3,Alcaligenes sp. WGS1538,3366811.3,Alcaligenes sp. WGS1538,1,2,2,1|2,True,True,True,True,1.0
946e45651fe55c77bfec78b5f0c9ac09,genus,1,1,348580.5,348580.5,348580.5,uncultured Sedimentibacter sp.,348580.5,uncultured Sedimentibacter sp.,1,1,1,1,True,True,True,True,1.0
9eee0b1e1482a3ec332f11704051bccb,family,1,1,1122184.3,1122184.3,1122184.3,Lutispora thermophila,1122184.3,Lutispora thermophila,1,1,1,1,True,True,True,True,1.0
a0f6c74268278bbabab6228c59ca7f29,genus,1,1,472.241,472.241,472.241,Acinetobacter sp.,472.241,Acinetobacter sp.,1,1,1,1,True,True,True,True,1.0
228e919dd14ad58c598f5233e5a757cf,genus,2,2,2840931.5|2485925.2969,2840931.5|2485925.2969,2840931.5,Candidatus Scatomorpha stercorigallinarum,2840931.5,Candidatus Scatomorpha stercorigallinarum,5,2,2,5|2,True,True,True,True,1.0
8a26d456ae3c3bae3168beac9c58f723,genus,1,1,318464.65,318464.65,318464.65,Clostridium sulfidigenes,318464.65,Clostridium sulfidigenes,1,1,1,1,True,True,True,True,1.0
223a97d643f3bf7a15933041059405f2,family,1,1,417611.6,417611.6,417611.6,uncultured Shuttleworthella sp.,417611.6,uncultured Shuttleworthella sp.,1,1,1,1,True,True,True,True,1.0
8e9ba9236465c21499bc3f40d74cc796,species,1,1,2033014.716,2033014.716,2033014.716,Armatimonadota bacterium,2033014.716,Armatimonadota bacterium,1,1,1,1,True,True,True,True,1.0
b0e58cfa126744dd348459cfe85bb1eb,species,2,2,2651167.3|2651163.74,2651167.3|2651163.74,2651167.3,Ignavibacterium sp.,2651167.3,Ignavibacterium sp.,1,2,2,1|3,True,True,True,True,1.0
ab3f4972f2d36d75c060ccd1bf1c534c,genus,1,1,3162530.3,3162530.3,3162530.3,Methyloraptor flagellatus,3162530.3,Methyloraptor flagellatus,2,1,1,2,True,True,True,True,1.0
16530de0912f9d1b84d979205b00a1a2,species,1,1,306.597,306.597,306.597,Pseudomonas sp.,306.597,Pseudomonas sp.,1,1,1,1,True,True,True,True,1.0
cdf9c0d20f5126703fb280903f147bf1,genus,3,3,1954475.5|1898104.2247|1628158.3,1954475.5|1898104.2247|1628158.3,1954475.5,Mariniphaga sp.,1954475.5,Mariniphaga sp.,1,3,3,1|2|3,True,True,True,True,1.0
ec0e92aa742633fb5445587841b0d4ae,genus,1,1,13690.142,13690.142,13690.142,Sphingobium yanoikuyae,13690.142,Sphingobium yanoikuyae,1,1,1,1,True,True,True,True,1.0
a8344a3e067f4d413618e226f05fa43b,species,2,2,2976818.4|2053589.809,2976818.4|2053589.809,2976818.4,Cloacibacterium sp. TD35,2976818.4,Cloacibacterium sp. TD35,1,2,2,1|2,True,True,True,True,1.0
1581160c6777728d48e08fa9b5537a7f,species,2,2,2871165.11|3401714.3,2871165.11|3401714.3,2871165.11,Flavobacterium sp. CHNK8,2871165.11,Flavobacterium sp. CHNK8,1,2,2,1|2,True,True,True,True,1.0
94979f1f99a94f739e3e4f3b449026c2,family,1,1,2099667.6,2099667.6,2099667.6,Bradymonadales bacterium,2099667.6,Bradymonadales bacterium,1,1,1,1,True,True,True,True,1.0
95d2aecfcf6ba465767aadd660dfaa23,family,1,1,413503.51,413503.51,413503.51,Cronobacter malonaticus,413503.51,Cronobacter malonaticus,1,1,1,1,True,True,True,True,1.0
f22079a8db2be735754c3be1f019c806,species,1,1,2952883.6,2952883.6,2952883.6,Aggregatilineales bacterium,2952883.6,Aggregatilineales bacterium,1,1,1,1,True,True,True,True,1.0
c9d950f94a43988a7a62630fcbb17f09,family,2,2,2030927.2649|398512.9,2030927.2649|398512.9,2030927.2649,Bacteroidales bacterium,2030927.2649,Bacteroidales bacterium,2,2,2,2|3,True,True,True,True,1.0
41ce94f4a11ec070e9cc2b4aa6bd4586,genus,1,1,1889883.3,1889883.3,1889883.3,Proteiniborus sp. DW1,1889883.3,Proteiniborus sp. DW1,1,1,1,1,True,True,True,True,1.0
c505e41b90e3118dfaa54d8f1a81366a,family,1,1,1855399.3,1855399.3,1855399.3,Porphyromonadaceae bacterium NLAE-zl-C104,1855399.3,Porphyromonadaceae bacterium NLAE-zl-C104,1,1,1,1,True,True,True,True,1.0
4a5aca254f681087750ca99527486cde,family,1,1,2872636.3,2872636.3,2872636.3,Nitratidesulfovibrio sp. SRB-5,2872636.3,Nitratidesulfovibrio sp. SRB-5,1,1,1,1,True,True,True,True,1.0
c023b0699cefd63b6adc4f10e07249a5,family,1,1,2026724.939,2026724.939,2026724.939,Chloroflexota bacterium,2026724.939,Chloroflexota bacterium,1,1,1,1,True,True,True,True,1.0
dddc690438f5f26b73ce5b4b7366c9ba,family,1,1,3412034.3,3412034.3,3412034.3,Methanobacterium sp. MBAC-LM,3412034.3,Methanobacterium sp. MBAC-LM,1,1,1,1,True,True,True,True,1.0
29883fe16dfa7fad85b04c037bb05601,species,1,1,2841655.3,2841655.3,2841655.3,Methanobacterium sp. YSL,2841655.3,Methanobacterium sp. YSL,1,1,1,1,True,True,True,True,1.0
1b6a74219c50e2431e29f79c7759fe5c,species,1,1,1978337.3,1978337.3,1978337.3,Petrimonas sp. IBARAKI,1978337.3,Petrimonas sp. IBARAKI,1,1,1,1,True,True,True,True,1.0
78d8d3ec2ebd5e2a83e44647db0ce1a9,family,2,2,3366811.3|1367435.3,3366811.3|1367435.3,3366811.3,Alcaligenes sp. WGS1538,3366811.3,Alcaligenes sp. WGS1538,1,2,2,1|2,True,True,True,True,1.0
f8a7dfd610756eae88194f6b418f8083,genus,1,1,1871015.3,1871015.3,1871015.3,Pseudoflavonifractor sp. Marseille-P3106,1871015.3,Pseudoflavonifractor sp. Marseille-P3106,1,1,1,1,True,True,True,True,1.0
0a4b2edd9bb1a0133befd0b4be2ae359,genus,2,2,55969.10|683042.3,55969.10|683042.3,55969.10,Leucobacter komagatae,55969.10,Leucobacter komagatae,1,2,2,1|3,True,True,True,True,1.0
660f40fb879895aaa77f5058a5a1ddc5,genus,1,1,1879010.9600,1879010.9600,1879010.9600,Bacillota bacterium,1879010.9600,Bacillota bacterium,1,1,1,1,True,True,True,True,1.0
004df64542e790b66bddce5295c5f9f2,genus,3,3,2722793.3|1879010.10766|224999.13,2722793.3|1879010.10766|224999.13,2722793.3,Tepidanaerobacter sp. GT38,2722793.3,Tepidanaerobacter sp. GT38,1,3,3,1|2|4,True,True,True,True,1.0
9ca522266700affe72ba707b3e043cd5,genus,1,1,1122184.3,1122184.3,1122184.3,Lutispora thermophila,1122184.3,Lutispora thermophila,1,1,1,1,True,True,True,True,1.0
342c9bed5ce5e945deb98ec33fe023b6,species,1,1,3041175.8,3041175.8,3041175.8,Brooklawnia propionicigenes,3041175.8,Brooklawnia propionicigenes,1,1,1,1,True,True,True,True,1.0
35642394927b4d894a1ac8d30f690a93,family,2,2,81468.21|2268202.21,81468.21|2268202.21,81468.21,Aminobacterium colombiense,81468.21,Aminobacterium colombiense,3,2,2,3|4,True,True,True,True,1.0
cbd22a346325bb16a23d31a6d4ba799e,family,1,1,1122184.3,1122184.3,1122184.3,Lutispora thermophila,1122184.3,Lutispora thermophila,1,1,1,1,True,True,True,True,1.0
7cfaaff60469cc024becf6bcb47a479e,species,2,2,2026791.202|2202153.108,2026791.202|2202153.108,2026791.202,Bryobacterales bacterium,2026791.202,Bryobacterales bacterium,1,2,2,1|2,True,True,True,True,1.0
45f9a7bf1f33e80fe813979280cdbfa3,species,2,2,1713724.6|1915538.3,1713724.6|1915538.3,1713724.6,Methanomassiliicoccales archaeon RumEn M1,1713724.6,Methanomassiliicoccales archaeon RumEn M1,1,2,2,1|2,True,True,True,True,1.0
08bd59c0dd2f1976f90f4d752e6d414b,genus,1,1,2831996.71,2831996.71,2831996.71,Eubacteriales bacterium,2831996.71,Eubacteriales bacterium,1,1,1,1,True,True,True,True,1.0
76bfb4e09e6ad08f8a206e9a5debe694,family,2,2,2485925.2969|867686.5,2485925.2969|867686.5,2485925.2969,Oscillospiraceae bacterium,2485925.2969,Oscillospiraceae bacterium,1,2,2,1|2,True,True,True,True,1.0
cad52ca14fa05a300867ec1db2173600,species,2,2,335406.5|256318.66,335406.5|256318.66,335406.5,Sphingosinicella microcystinivorans,335406.5,Sphingosinicella microcystinivorans,1,2,2,1|2,True,True,True,True,1.0
0bd4e9e692a18c6de4c1679291a3595a,species,1,1,1671631.7,1671631.7,1671631.7,Syntrophothermus sp. DTU052,1671631.7,Syntrophothermus sp. DTU052,1,1,1,1,True,True,True,True,1.0
393ff3cc732c5e98dfc18b434623f9e9,species,1,1,1338420.3,1338420.3,1338420.3,Denitratimonas tolerans,1338420.3,Denitratimonas tolerans,1,1,1,1,True,True,True,True,1.0
e598afcbd515415253ea79ca19ae57d7,genus,1,1,3366307.3,3366307.3,3366307.3,Priestia sp. YIM B13480,3366307.3,Priestia sp. YIM B13480,1,1,1,1,True,True,True,True,1.0
199c31b0eaa3d5012bbd210ced3e402f,genus,1,1,1879010.10588,1879010.10588,1879010.10588,Bacillota bacterium,1879010.10588,Bacillota bacterium,1,1,1,1,True,True,True,True,1.0
0e81a770249139559c5cb218c03695f9,species,1,1,296842.5,296842.5,296842.5,Solidesulfovibrio carbinolicus,296842.5,Solidesulfovibrio carbinolicus,1,1,1,1,True,True,True,True,1.0
91bb0084d37461aa2ed60cba5a003fc4,species,2,2,57706.365|546.1947,57706.365|546.1947,57706.365,Citrobacter braakii,57706.365,Citrobacter braakii,1,2,2,1|2,True,True,True,True,1.0
57f1eccafbbc205af5c052d2942967e6,genus,0,0,,,,,,,,0,0,,,,,,
84f15f87dd256dbeaf017a4e75dd5cad,family,1,1,1978337.3,1978337.3,1978337.3,Petrimonas sp. IBARAKI,1978337.3,Petrimonas sp. IBARAKI,1,1,1,1,True,True,True,True,1.0
248cd8f8ef49066c9ede7752a044b0ee,species,1,1,296842.5,296842.5,296842.5,Solidesulfovibrio carbinolicus,296842.5,Solidesulfovibrio carbinolicus,1,1,1,1,True,True,True,True,1.0
54e2ac902f306ae27ca844f44be5b425,below,0,0,,,,,,,,0,0,,,,,,
712e76a5d7842a97a23eda9641c3d251,family,1,1,3412034.3,3412034.3,3412034.3,Methanobacterium sp. MBAC-LM,3412034.3,Methanobacterium sp. MBAC-LM,1,1,1,1,True,True,True,True,1.0
0fada6a77d06dfe158c61acabd5851a8,family,2,2,1898207.5729|344338.1176,1898207.5729|344338.1176,1898207.5729,Clostridiales bacterium,1898207.5729,Clostridiales bacterium,1,2,2,1|3,True,True,True,True,1.0
bd0dd34948cdbece22dc78b4556aa529,genus,1,1,34034.956,34034.956,34034.956,uncultured delta proteobacterium,34034.956,uncultured delta proteobacterium,1,1,1,1,True,True,True,True,1.0
5bd290b8145c47c97f4b53595839a743,family,2,2,2026778.227|2026780.1031,2026778.227|2026780.1031,2026778.227,Phycisphaerae bacterium,2026778.227,Phycisphaerae bacterium,1,2,2,1|3,True,True,True,True,1.0
8b15a3b964e89068f45a7b48912eb1b1,family,1,1,3082386.11,3082386.11,3082386.11,Candidatus Wallacebacter cryptica,3082386.11,Candidatus Wallacebacter cryptica,1,1,1,1,True,True,True,True,1.0
9b9174d78b183d58e02083b8044f64af,genus,1,1,2052178.92,2052178.92,2052178.92,Parachlamydiales bacterium,2052178.92,Parachlamydiales bacterium,1,1,1,1,True,True,True,True,1.0
c5e8440cde07de1b358a2744fa0626e9,family,1,1,2052143.51,2052143.51,2052143.51,Anaerolineae bacterium,2052143.51,Anaerolineae bacterium,1,1,1,1,True,True,True,True,1.0
8f9f1230951b3b3b3d3fb12aa4ed0e8e,family,1,1,239.43,239.43,239.43,Flavobacterium sp.,239.43,Flavobacterium sp.,1,1,1,1,True,True,True,True,1.0
1352933b973ba3c6f76d090c4d0a422e,genus,1,1,2026791.265,2026791.265,2026791.265,Bryobacterales bacterium,2026791.265,Bryobacterales bacterium,1,1,1,1,True,True,True,True,1.0
954395a75bf6cfc5ecda85aea2a4570b,species,1,1,1872520.7,1872520.7,1872520.7,Anaeromusa sp.,1872520.7,Anaeromusa sp.,1,1,1,1,True,True,True,True,1.0
9f4c3d76158212d20d1239263d545546,below,0,0,,,,,,,,0,0,,,,,,
9a38fac836b824fbd5c99165b543ca0a,genus,1,1,2026799.1873,2026799.1873,2026799.1873,Verrucomicrobiota bacterium,2026799.1873,Verrucomicrobiota bacterium,1,1,1,1,True,True,True,True,1.0
40435e518fea30a9f66dd28ace97dcd0,family,2,2,2026799.810|2026772.290,2026799.810|2026772.290,2026799.810,Verrucomicrobiota bacterium,2026799.810,Verrucomicrobiota bacterium,1,2,2,1|2,True,True,True,True,1.0
5f012e60ebbd77b52bfe4a68ac5643da,family,1,1,904980.56,904980.56,904980.56,uncultured Phycisphaeraceae bacterium,904980.56,uncultured Phycisphaeraceae bacterium,1,1,1,1,True,True,True,True,1.0
3ad87bba1f2057ec3f2d3dfb1faa6e4c,genus,2,2,2965274.3|1737424.76,2965274.3|1737424.76,2965274.3,Blautia sp. MSK.18.38,2965274.3,Blautia sp. MSK.18.38,1,2,2,1|2,True,True,True,True,1.0
83ac555e466ac754139554eca9aec78b,family,2,2,1913988.1549|1797219.3,1913988.1549|1797219.3,1913988.1549,Alphaproteobacteria bacterium,1913988.1549,Alphaproteobacteria bacterium,1,2,2,1|2,True,True,True,True,1.0
d75d2dcd4fa20c295e2b228aaab734d6,genus,1,1,1898104.689,1898104.689,1898104.689,Bacteroidota bacterium,1898104.689,Bacteroidota bacterium,1,1,1,1,True,True,True,True,1.0
991143d1b16b7f958f686b23f0d983e9,genus,1,1,2682144.113,2682144.113,2682144.113,Fimbriimonadaceae bacterium,2682144.113,Fimbriimonadaceae bacterium,1,1,1,1,True,True,True,True,1.0
e7a13ec86ee02e4891bd50da7bb8f534,species,1,1,239.673,239.673,239.673,Flavobacterium sp.,239.673,Flavobacterium sp.,1,1,1,1,True,True,True,True,1.0
6014a554d33d3beabc7d7c46cfdcd41f,family,1,1,460511.60,460511.60,460511.60,uncultured Spirochaetota bacterium,460511.60,uncultured Spirochaetota bacterium,1,1,1,1,True,True,True,True,1.0
dcc1b2524bf00a7d6decf739df2f1f19,family,2,2,1977087.1722|86473.1974,1977087.1722|86473.1974,1977087.1722,Pseudomonadota bacterium,1977087.1722,Pseudomonadota bacterium,1,2,2,1|2,True,True,True,True,1.0
81f8883a0b290b6dc7652309040b6ad2,species,1,1,554949.5,554949.5,554949.5,Thermaerobacter composti,554949.5,Thermaerobacter composti,1,1,1,1,True,True,True,True,1.0
b820d1c08e8e80b6e461af1ec76a9723,genus,4,4,320502.3|1515.11|253314.5|1869227.4377,320502.3|1515.11|253314.5|1869227.4377,320502.3,Acetivibrio alkalicellulosi,320502.3,Acetivibrio alkalicellulosi,1,4,4,1|2|4|10,True,True,True,True,1.0
50a8367445f13689d1032ccff7c8db55,species,2,2,2052180.652|2502237.5,2052180.652|2502237.5,2052180.652,Phycisphaerales bacterium,2052180.652,Phycisphaerales bacterium,1,2,2,1|3,True,True,True,True,1.0
5629f0846c3c982970fcbd37fe2bdb8b,family,2,2,1879010.11280|2053624.190,1879010.11280|2053624.190,1879010.11280,Bacillota bacterium,1879010.11280,Bacillota bacterium,1,2,2,1|3,True,True,True,True,1.0
7460da842ed9a123301b3bdff0597d0a,family,1,1,2026724.1776,2026724.1776,2026724.1776,Chloroflexota bacterium,2026724.1776,Chloroflexota bacterium,1,1,1,1,True,True,True,True,1.0
7fe3fc46ddecc806d5fc5e4b8f3ddfce,species,1,1,2026780.1474,2026780.1474,2026780.1474,Planctomycetota bacterium,2026780.1474,Planctomycetota bacterium,1,1,1,1,True,True,True,True,1.0
803eb52cfe3d77bdf9fe14c011e425fb,species,2,2,84112.760|1872387.44,84112.760|1872387.44,84112.760,Eggerthella lenta,84112.760,Eggerthella lenta,2,2,2,2|6,True,True,True,True,1.0
eb806bb1dd30405c489b4706cacd2d26,species,2,2,2202734.160|261514.183,2202734.160|261514.183,2202734.160,Saprospiraceae bacterium,2202734.160,Saprospiraceae bacterium,1,2,2,1|6,True,True,True,True,1.0
3e3e95a36c06e6967322d92057d2f4f7,species,1,1,3088179.10,3088179.10,3088179.10,Cyanophyceae cyanobacterium,3088179.10,Cyanophyceae cyanobacterium,1,1,1,1,True,True,True,True,1.0
f34375ad68967fbbb5c6ca6b32bea110,species,2,2,2724619.3|1950999.3,2724619.3|1950999.3,2724619.3,Chryseobacterium sp. NEB161,2724619.3,Chryseobacterium sp. NEB161,1,2,2,1|4,True,True,True,True,1.0
db2655d106ea7194a3982bfbe1ef11c4,family,2,2,2052176.12|464461.3,2052176.12|464461.3,2052176.12,Parachlamydiaceae bacterium,2052176.12,Parachlamydiaceae bacterium,1,2,2,1|2,True,True,True,True,1.0
118cef48f6a595357192f8fe289c2df2,genus,1,1,86005.17,86005.17,86005.17,Pasteuria penetrans,86005.17,Pasteuria penetrans,1,1,1,1,True,True,True,True,1.0
d760d5214a39254043ef78c083b92a9e,species,1,1,1891238.923,1891238.923,1891238.923,Burkholderiales bacterium,1891238.923,Burkholderiales bacterium,1,1,1,1,True,True,True,True,1.0
f2126d67d457c75787258130f49ef2e0,family,2,2,447060.29|2202144.446,447060.29|2202144.446,447060.29,uncultured Leptospiraceae bacterium,447060.29,uncultured Leptospiraceae bacterium,2,2,2,2|1,True,True,True,True,1.0
7cdebc400e62034e50c2a3b6db84a0d3,family,1,1,904996.10,904996.10,904996.10,uncultured Anaerofustis sp.,904996.10,uncultured Anaerofustis sp.,1,1,1,1,True,True,True,True,1.0
24b8bcda6b1b2ab72e632df74c10c98c,family,1,1,2052156.90,2052156.90,2052156.90,Chlamydiia bacterium,2052156.90,Chlamydiia bacterium,1,1,1,1,True,True,True,True,1.0
da040f4409259c781d2e44bd12938078,family,1,1,2052143.1322,2052143.1322,2052143.1322,Anaerolineae bacterium,2052143.1322,Anaerolineae bacterium,1,1,1,1,True,True,True,True,1.0
0d37046c1c20f102fc585c696c80e53c,family,1,1,493461.3,493461.3,493461.3,Methanobacterium movens,493461.3,Methanobacterium movens,1,1,1,1,True,True,True,True,1.0
ae704d1c88be49728d2e2bd87af45c54,species,1,1,29360.16,29360.16,29360.16,Cellulosilyticum lentocellum,29360.16,Cellulosilyticum lentocellum,1,1,1,1,True,True,True,True,1.0
6e6058d4bc7844a5a6e5a8bddd480300,genus,2,2,1797238.3|34034.546,1797238.3|34034.546,1797238.3,Anaeromyxobacter sp. RBG_16_69_14,1797238.3,Anaeromyxobacter sp. RBG_16_69_14,1,2,2,1|2,True,True,True,True,1.0
435c6084c75f643fca4a52a243e279ae,family,1,1,464461.3,464461.3,464461.3,uncultured Parachlamydiaceae bacterium,464461.3,uncultured Parachlamydiaceae bacterium,5,1,1,5,True,True,True,True,1.0
02e4c50e67865e5275d1bb983d11988c,species,1,1,152507.1856,152507.1856,152507.1856,uncultured Actinomycetes bacterium,152507.1856,uncultured Actinomycetes bacterium,1,1,1,1,True,True,True,True,1.0
44d199fe6af5278159ea5f9943993fd3,below,0,0,,,,,,,,0,0,,,,,,
8c99e30986e776bbc067425690109213,genus,1,1,2952913.4,2952913.4,2952913.4,Candidatus Allocopromorpha sp.,2952913.4,Candidatus Allocopromorpha sp.,1,1,1,1,True,True,True,True,1.0
c6171a3d89596153e525e7c455919126,genus,2,2,2718714.3|1120996.3,2718714.3|1120996.3,2718714.3,Anaerosporobacter faecicola,2718714.3,Anaerosporobacter faecicola,1,2,2,1|3,True,True,True,True,1.0
f5bab5c7d812c2d3a64a5dcf3d257e8a,genus,1,1,1798915.51,1798915.51,1798915.51,uncultured Microthrixaceae bacterium,1798915.51,uncultured Microthrixaceae bacterium,1,1,1,1,True,True,True,True,1.0
ebe4386302d56ad91632ab04d8e4f2a0,genus,1,1,2054177.118,2054177.118,2054177.118,Christensenellaceae bacterium,2054177.118,Christensenellaceae bacterium,1,1,1,1,True,True,True,True,1.0
306362657db7872818a69eab489f7c76,species,1,1,1962667.5,1962667.5,1962667.5,Nannocystis sp.,1962667.5,Nannocystis sp.,1,1,1,1,True,True,True,True,1.0
600bb60d1fe6ae569792e6293dc1551d,family,1,1,676965.12,676965.12,676965.12,Neomoorella humiferrea,676965.12,Neomoorella humiferrea,6,1,1,6,True,True,True,True,1.0
4a19bdfb366f7b08e08a1e91c6074b30,genus,1,1,1962908.3,1962908.3,1962908.3,Gemmatimonas sp.,1962908.3,Gemmatimonas sp.,1,1,1,1,True,True,True,True,1.0
3f5533292a655d0f54a64560d65e823b,species,1,1,3132705.3,3132705.3,3132705.3,Collinsella sp. i05-0019-G5,3132705.3,Collinsella sp. i05-0019-G5,1,1,1,1,True,True,True,True,1.0
55b1e088790638cb0f33b74d1d5bf921,genus,2,2,1898104.1534|2184052.35,1898104.1534|2184052.35,1898104.1534,Bacteroidota bacterium,1898104.1534,Bacteroidota bacterium,1,2,2,1|2,True,True,True,True,1.0
690ef1f68aa77e7be7d8be58f2815e17,family,1,1,2014369.33,2014369.33,2014369.33,uncultured Prolixibacteraceae bacterium,2014369.33,uncultured Prolixibacteraceae bacterium,1,1,1,1,True,True,True,True,1.0
c992cbee5926e44bc397f0234e0c255c,family,1,1,2052143.143,2052143.143,2052143.143,Anaerolineae bacterium,2052143.143,Anaerolineae bacterium,1,1,1,1,True,True,True,True,1.0
6c533cace9e76e9de67e31e528bafa29,family,1,1,1773.50975,1773.50975,1773.50975,Mycobacterium tuberculosis,1773.50975,Mycobacterium tuberculosis,1,1,1,1,True,True,True,True,1.0
f0f0fbd8b8b3465070051618d1426d2c,species,1,1,1871066.614,1871066.614,1871066.614,Mesorhizobium sp.,1871066.614,Mesorhizobium sp.,1,1,1,1,True,True,True,True,1.0
c1596a5db2591882d02a381ba7a01960,family,1,1,162155.310,162155.310,162155.310,uncultured Treponema sp.,162155.310,uncultured Treponema sp.,1,1,1,1,True,True,True,True,1.0
8a7a133e5daf52fb66404c67a0c7dc48,genus,1,1,153809.1375,153809.1375,153809.1375,uncultured Pseudomonadota bacterium,153809.1375,uncultured Pseudomonadota bacterium,1,1,1,1,True,True,True,True,1.0
04d3fb492116659a0de3a6a9d16f50b1,family,1,1,2052143.1141,2052143.1141,2052143.1141,Anaerolineae bacterium,2052143.1141,Anaerolineae bacterium,1,1,1,1,True,True,True,True,1.0
a5ed688dfc70ccd795b56425b56b2865,family,2,2,3077420.736|1869227.3431,3077420.736|1869227.3431,3077420.736,Acutalibacteraceae bacterium,3077420.736,Acutalibacteraceae bacterium,1,2,2,1|2,True,True,True,True,1.0
0a57a465cfa8639424b461d0dbc7ed66,genus,3,3,398199.6|3374101.3|2804028.3,398199.6|3374101.3|2804028.3,398199.6,Proteiniclasticum ruminis,398199.6,Proteiniclasticum ruminis,1,3,3,1|2|3,True,True,True,True,1.0
65f9a101f8ffe7049bd3d0baa83520c2,family,2,2,2030827.27|77133.6393,2030827.27|77133.6393,2030827.27,Candidatus Babelota bacterium,2030827.27,Candidatus Babelota bacterium,1,2,2,1|2,True,True,True,True,1.0
e3a2d60faa8d0d3ec2805ea4a4f69cc5,species,1,1,2689616.477,2689616.477,2689616.477,Steroidobacteraceae bacterium,2689616.477,Steroidobacteraceae bacterium,1,1,1,1,True,True,True,True,1.0
c232a779470ac2c086cf118bc1aa821d,family,1,1,174324.11,174324.11,174324.11,uncultured Chlamydiales bacterium,174324.11,uncultured Chlamydiales bacterium,2,1,1,2,True,True,True,True,1.0
c18be20cca10d6ead4ed3561cf3dfca0,species,1,1,2081523.696,2081523.696,2081523.696,Terriglobia bacterium,2081523.696,Terriglobia bacterium,1,1,1,1,True,True,True,True,1.0
01e6c47ea1eccbd286858fc97fa25654,genus,4,4,2755562.3|45071.8|28088.5|2992040.3,2755562.3|45071.8|28088.5|2992040.3,2755562.3,Legionella sp. PC997,2755562.3,Legionella sp. PC997,1,4,4,1|4|5|6,True,True,True,True,1.0
b6eff50a2aefce9119d1eeb59b28bbed,family,1,1,344338.1253,344338.1253,344338.1253,uncultured Bacillota bacterium,344338.1253,uncultured Bacillota bacterium,1,1,1,1,True,True,True,True,1.0
1e2270e7a0c8c2e951edc6813b58451a,species,2,2,55565.557|1733.3797,55565.557|1733.3797,55565.557,Actinomyces graevenitzii,55565.557,Actinomyces graevenitzii,1,2,2,1|3,True,True,True,True,1.0
9e50dfdd487c628307774026eb126fb2,species,2,2,1236046.7|2268202.19,1236046.7|2268202.19,1236046.7,Mesotoga infera,1236046.7,Mesotoga infera,2,2,2,2|7,True,True,True,True,1.0
9cc0bdcb1fb3a25451cc888c896d434b,species,1,1,2847780.12,2847780.12,2847780.12,Atribacter sp.,2847780.12,Atribacter sp.,1,1,1,1,True,True,True,True,1.0
9764c052d988e3b900a8df7208a2a245,genus,1,1,1869212.1069,1869212.1069,1869212.1069,Chitinophagaceae bacterium,1869212.1069,Chitinophagaceae bacterium,2,1,1,2,True,True,True,True,1.0
124cf22125895521b8cfe8d7d8d56d8a,genus,1,1,2818044.3,2818044.3,2818044.3,Sinanaerobacter chloroacetimidivorans,2818044.3,Sinanaerobacter chloroacetimidivorans,1,1,1,1,True,True,True,True,1.0
e5fff5f0be6594cb84ed47a5b16ee2bd,species,1,1,1909294.1090,1909294.1090,1909294.1090,Hyphomicrobiales bacterium,1909294.1090,Hyphomicrobiales bacterium,1,1,1,1,True,True,True,True,1.0
8af31eef438d38bbb57e4b47d308116d,genus,5,5,2420509.3|249058.10|1733.3974|2498852.3|1435068.5,2420509.3|249058.10|1733.3974|2498852.3|1435068.5,2420509.3,Gordonia insulae,2420509.3,Gordonia insulae,1,5,5,1|3|6|10|11,True,True,True,True,1.0
951daa4c85bba9e3a72b4bb15749adda,genus,3,3,2722793.3|1879010.10766|224999.13,2722793.3|1879010.10766|224999.13,2722793.3,Tepidanaerobacter sp. GT38,2722793.3,Tepidanaerobacter sp. GT38,1,3,3,1|2|4,True,True,True,True,1.0
6195e799c734a9a8f419aed004b7cf86,genus,1,1,1477517.6,1477517.6,1477517.6,Pseudomonas lopnurensis,1477517.6,Pseudomonas lopnurensis,1,1,1,1,True,True,True,True,1.0
9a7f74e3ff43dde97ce79af735aa528c,species,1,1,2052143.1144,2052143.1144,2052143.1144,Anaerolineae bacterium,2052143.1144,Anaerolineae bacterium,1,1,1,1,True,True,True,True,1.0
68c0d62cad841fbf52eb5c92f9f2f0ff,species,2,2,1869227.3111|1674906.4,1869227.3111|1674906.4,1869227.3111,bacterium,1869227.3111,bacterium,1,2,2,1|2,True,True,True,True,1.0
02f995222d6154a9ec64914f39f11fda,family,1,1,413503.37,413503.37,413503.37,Cronobacter malonaticus,413503.37,Cronobacter malonaticus,1,1,1,1,True,True,True,True,1.0
b7fc3794868f7f88d0e074c92eff9e93,genus,1,1,1879010.9708,1879010.9708,1879010.9708,Bacillota bacterium,1879010.9708,Bacillota bacterium,1,1,1,1,True,True,True,True,1.0
b63447503e05ba796eaeccc7f36cd857,species,1,1,1898104.3557,1898104.3557,1898104.3557,Bacteroidota bacterium,1898104.3557,Bacteroidota bacterium,1,1,1,1,True,True,True,True,1.0
7b1b71e60ae0bb9f6a96df4e5b041edf,species,1,1,1869227.7211,1869227.7211,1869227.7211,bacterium,1869227.7211,bacterium,1,1,1,1,True,True,True,True,1.0
7141921d9117df050c7e3d64516ff8c7,below,0,0,,,,,,,,0,0,,,,,,
169d803cc0a2a89e75f8e82c2efae93a,species,2,2,2026724.2402|2052139.676,2026724.2402|2052139.676,2026724.2402,Chloroflexota bacterium,2026724.2402,Chloroflexota bacterium,1,2,2,1|2,True,True,True,True,1.0
7aa00055f8c11d371a80cb12ffeb42ef,genus,1,1,2033014.632,2033014.632,2033014.632,Armatimonadota bacterium,2033014.632,Armatimonadota bacterium,1,1,1,1,True,True,True,True,1.0
2c4a6ac5c683c0ac2ff669e92f2b02f2,species,1,1,92487.3,92487.3,92487.3,Thiothrix eikelboomii,92487.3,Thiothrix eikelboomii,2,1,1,2,True,True,True,True,1.0
e86d1d75253191d79a618ca4d38aca68,species,2,2,1869227.4208|2053521.51,1869227.4208|2053521.51,1869227.4208,bacterium,1869227.4208,bacterium,1,2,2,1|3,True,True,True,True,1.0
11ae08abc7f0e3333042f323fef11f46,genus,1,1,464461.4,464461.4,464461.4,uncultured Parachlamydiaceae bacterium,464461.4,uncultured Parachlamydiaceae bacterium,1,1,1,1,True,True,True,True,1.0
eb03cc81c19a706d309616c7bc005cf6,species,2,2,28026.1002|1686.381,28026.1002|1686.381,28026.1002,Bifidobacterium pseudocatenulatum,28026.1002,Bifidobacterium pseudocatenulatum,1,2,2,1|5,True,True,True,True,1.0
2bb4936212530cde65ba75ca2eeb811a,genus,1,1,1520827.4,1520827.4,1520827.4,Lachnospiraceae bacterium XBB1006,1520827.4,Lachnospiraceae bacterium XBB1006,1,1,1,1,True,True,True,True,1.0
7363aac88b5325ac49cb469e284e10dd,species,2,2,1358.2703|1359.621,1358.2703|1359.621,1358.2703,Lactococcus lactis,1358.2703,Lactococcus lactis,1,2,2,1|3,True,True,True,True,1.0
74ad32bd8ebc2ee155bfcbb63332ff66,genus,1,1,2026791.429,2026791.429,2026791.429,Bryobacterales bacterium,2026791.429,Bryobacterales bacterium,1,1,1,1,True,True,True,True,1.0
5d022d2abb20ba3874d08d23862090fd,genus,1,1,91750.5229,91750.5229,91750.5229,uncultured Alphaproteobacteria bacterium,91750.5229,uncultured Alphaproteobacteria bacterium,1,1,1,1,True,True,True,True,1.0
ae5409ee7901af22321eee08a4cbda3e,species,1,1,876.43,876.43,876.43,Desulfovibrio desulfuricans,876.43,Desulfovibrio desulfuricans,1,1,1,1,True,True,True,True,1.0
df1a52d3ac671303d845fa6963c4bed1,species,1,1,1917697.28,1917697.28,1917697.28,Candidatus Saccharimonas sp.,1917697.28,Candidatus Saccharimonas sp.,1,1,1,1,True,True,True,True,1.0
9f96ba0239a56945df3d725759d37f26,family,2,2,1869227.4076|2053615.69,1869227.4076|2053615.69,1869227.4076,bacterium,1869227.4076,bacterium,3,2,2,3|4,True,True,True,True,1.0
f0d7520dbce45f569febe00205e8e9f7,species,2,2,659006.3|1576911.3,659006.3|1576911.3,659006.3,Camelimonas lactis,659006.3,Camelimonas lactis,1,2,2,1|4,True,True,True,True,1.0
f4eb19fb222b9761a2b3e01340472691,species,1,1,2954076.8,2954076.8,2954076.8,,2954076.8,,1,1,1,1,True,True,True,False,1.0
864e7cae8a55031eca03d9e08dc49553,family,2,2,1236046.7|2268202.19,1236046.7|2268202.19,1236046.7,Mesotoga infera,1236046.7,Mesotoga infera,2,2,2,2|7,True,True,True,True,1.0
5c76e0d46321fda9cf0d46f3a598b74f,genus,5,5,1159752.6|1352.12137|332949.8|417368.65|2005703.3,1159752.6|1352.12137|332949.8|417368.65|2005703.3,1159752.6,Enterococcus lemanii,1159752.6,Enterococcus lemanii,1,5,5,1|2|5|7|9,True,True,True,True,1.0
668b3a3c495b62d0a11eee027108aeb5,family,1,1,2044939.530,2044939.530,2044939.530,Clostridia bacterium,2044939.530,Clostridia bacterium,1,1,1,1,True,True,True,True,1.0
c3e968a0946cfc5f9704691f47655570,genus,2,2,1629550.38|1490.87,1629550.38|1490.87,1629550.38,Paraclostridium benzoelyticum,1629550.38,Paraclostridium benzoelyticum,1,2,2,1|2,True,True,True,True,1.0
bc58a5b84bfddc7b8ab70cc704b483ab,family,1,1,2044939.530,2044939.530,2044939.530,Clostridia bacterium,2044939.530,Clostridia bacterium,1,1,1,1,True,True,True,True,1.0
18a092b014b6de80593f7d47d2d9d923,family,2,2,2841534.3|1123404.4,2841534.3|1123404.4,2841534.3,Tissierella simiarum,2841534.3,Tissierella simiarum,1,2,2,1|2,True,True,True,True,1.0
00aaf73685f0406f32767bc9c43fde5b,genus,3,3,2881257.8|1689270.3|1297617.207,2881257.8|1689270.3|1297617.207,2881257.8,Intestinimonas aquisgranensis,2881257.8,Intestinimonas aquisgranensis,1,3,3,1|2|3,True,True,True,True,1.0
07c0a289796d7465a2f69093ebf4a33a,family,2,2,39492.658|1935179.331,39492.658|1935179.331,39492.658,[Eubacterium] siraeum,39492.658,[Eubacterium] siraeum,1,2,2,1|2,True,True,True,True,1.0
bbb8763717da88ebc18aff53f9de028f,below,0,0,,,,,,,,0,0,,,,,,
aa78d734b59dc8f035c1e136275e7923,family,1,1,1978337.3,1978337.3,1978337.3,Petrimonas sp. IBARAKI,1978337.3,Petrimonas sp. IBARAKI,2,1,1,2,True,True,True,True,1.0
385ff5afa4e19e68ba06f7912908b170,species,1,1,49981.5,49981.5,49981.5,Desulfitobacterium sp.,49981.5,Desulfitobacterium sp.,1,1,1,1,True,True,True,True,1.0
88d2e157e9592b9dd02289ff66b8e7a4,family,1,1,3412034.3,3412034.3,3412034.3,Methanobacterium sp. MBAC-LM,3412034.3,Methanobacterium sp. MBAC-LM,1,1,1,1,True,True,True,True,1.0
c62ec451cad772ced1b4f73e447dfe58,family,2,2,52694.18|1068975.15,52694.18|1068975.15,52694.18,Acetobacterium wieringae,52694.18,Acetobacterium wieringae,2,2,2,2|3,True,True,True,True,1.0
dedaa658c067ddab6be08769c9d8b5ec,species,2,2,2731219.3|2841507.3,2731219.3|2841507.3,2731219.3,Alkaliphilus sp. B6464,2731219.3,Alkaliphilus sp. B6464,1,2,2,1|7,True,True,True,True,1.0
6d500b30af1a9a8e0b1e52b662808599,species,2,2,2053689.131|2202144.254,2053689.131|2202144.254,2053689.131,Thermotogota bacterium,2053689.131,Thermotogota bacterium,1,2,2,1|2,True,True,True,True,1.0
613419874443169bf5144b900aec08b4,genus,1,1,1869227.1008,1869227.1008,1869227.1008,bacterium,1869227.1008,bacterium,1,1,1,1,True,True,True,True,1.0
00b31ea747aed535c930a3fb84d039e0,genus,1,1,1879010.9981,1879010.9981,1879010.9981,Bacillota bacterium,1879010.9981,Bacillota bacterium,1,1,1,1,True,True,True,True,1.0
6e252cae9e8ff5755e0cfa5c52a78beb,below,0,0,,,,,,,,0,0,,,,,,
0e2e50ea2d7a3366dcca1f3262040bb0,species,1,1,2162.9,2162.9,2162.9,Methanobacterium formicicum,2162.9,Methanobacterium formicicum,1,1,1,1,True,True,True,True,1.0
fd0ef899d0206dcd4a78995587f93375,species,2,2,28450.4538|60550.81,28450.4538|60550.81,28450.4538,Burkholderia pseudomallei,28450.4538,Burkholderia pseudomallei,1,2,2,1|2,True,True,True,True,1.0
e8a86642422a282bb8095b927d653eaf,species,1,1,1306154.7,1306154.7,1306154.7,Rummeliibacillus suwonensis,1306154.7,Rummeliibacillus suwonensis,1,1,1,1,True,True,True,True,1.0
a6651a449b279b248edf929c8333a191,family,1,1,3412034.3,3412034.3,3412034.3,Methanobacterium sp. MBAC-LM,3412034.3,Methanobacterium sp. MBAC-LM,1,1,1,1,True,True,True,True,1.0
f2503a995bd8c1a94ce5d1e49159c7d1,genus,1,1,1678841.5,1678841.5,1678841.5,Lentimicrobium saccharophilum,1678841.5,Lentimicrobium saccharophilum,1,1,1,1,True,True,True,True,1.0
1bfb8e6cb930a8c9ef5d52ea4ba2fd40,family,2,2,1869227.4076|2053615.69,1869227.4076|2053615.69,1869227.4076,bacterium,1869227.4076,bacterium,3,2,2,3|4,True,True,True,True,1.0
e207e8f65f4dcf2a29cf07ae8ee8fd7e,family,2,2,1129264.8|158189.10,1129264.8|158189.10,1129264.8,Sphaerochaeta associata,1129264.8,Sphaerochaeta associata,1,2,2,1|2,True,True,True,True,1.0
922a7f47672abd882604d821f25fb3ad,family,1,1,422285.13,422285.13,422285.13,uncultured candidate division WWE3 bacterium,422285.13,uncultured candidate division WWE3 bacterium,1,1,1,1,True,True,True,True,1.0
4da01f6a9301d3de80e048625f9d352a,family,1,1,2044939.1136,2044939.1136,2044939.1136,Clostridia bacterium,2044939.1136,Clostridia bacterium,1,1,1,1,True,True,True,True,1.0
a69686fca845cb2a7dc332e3232d3b85,genus,1,1,1650571.6,1650571.6,1650571.6,Streptomyces pathocidini,1650571.6,Streptomyces pathocidini,1,1,1,1,True,True,True,True,1.0
a5f80c6cfc12861f45f935186dc8a472,genus,1,1,2030927.4484,2030927.4484,2030927.4484,Bacteroidales bacterium,2030927.4484,Bacteroidales bacterium,1,1,1,1,True,True,True,True,1.0
3876f8d3b46ac99f7e99345288e684b5,species,2,2,1236046.7|2268202.19,1236046.7|2268202.19,1236046.7,Mesotoga infera,1236046.7,Mesotoga infera,2,2,2,2|6,True,True,True,True,1.0
b5bf6ec98f96b1d92a5739d745b87ec8,family,2,2,28450.145|60550.81,28450.145|60550.81,28450.145,Burkholderia pseudomallei,28450.145,Burkholderia pseudomallei,1,2,2,1|4,True,True,True,True,1.0
607a06d9faf3f514074b5a4908b55a82,family,2,2,1005740.3|1872489.11,1005740.3|1872489.11,1005740.3,Aminivibrio pyruvatiphilus,1005740.3,Aminivibrio pyruvatiphilus,4,2,2,4|3,True,True,True,True,1.0
cd26adf889179ccd2d1b553ce33b5276,family,2,2,2030927.4484|422285.13,2030927.4484|422285.13,2030927.4484,Bacteroidales bacterium,2030927.4484,Bacteroidales bacterium,1,2,2,1|2,True,True,True,True,1.0
62d932ca73039e553c5cd4450ffec6eb,family,1,1,1678841.5,1678841.5,1678841.5,Lentimicrobium saccharophilum,1678841.5,Lentimicrobium saccharophilum,1,1,1,1,True,True,True,True,1.0
21fcd2fcaa0378a40f3a9db0b3bd948c,genus,1,1,2033014.110,2033014.110,2033014.110,Armatimonadota bacterium,2033014.110,Armatimonadota bacterium,1,1,1,1,True,True,True,True,1.0
d10ef1cc3876e7ca96d49bab29ceec47,species,1,1,422285.13,422285.13,422285.13,uncultured candidate division WWE3 bacterium,422285.13,uncultured candidate division WWE3 bacterium,1,1,1,1,True,True,True,True,1.0
949479e3fb297c277f93012cef3a75ac,family,1,1,1678841.5,1678841.5,1678841.5,Lentimicrobium saccharophilum,1678841.5,Lentimicrobium saccharophilum,1,1,1,1,True,True,True,True,1.0
1ec84bb16e1a78a4d73faef5bc502c2c,family,1,1,39441.6,39441.6,39441.6,Methanobrevibacter arboriphilus,39441.6,Methanobrevibacter arboriphilus,1,1,1,1,True,True,True,True,1.0
582cd22fb94ea0fd36f9915ef32c1333,species,1,1,3066239.3,3066239.3,3066239.3,Rickettsiella endosymbiont of Miltochrista miniata,3066239.3,Rickettsiella endosymbiont of Miltochrista miniata,1,1,1,1,True,True,True,True,1.0
a1fc4f2226c42bb7298da8c51ceea5a0,family,2,2,1590643.4|2107706.3,1590643.4|2107706.3,1590643.4,Pedobacter alpinus,1590643.4,Pedobacter alpinus,1,2,2,1|3,True,True,True,True,1.0
a1f67bd15d480d23ca73f40a62f815bb,genus,2,2,349920.35|2900548.1133,349920.35|2900548.1133,349920.35,uncultured Coriobacteriales bacterium,349920.35,uncultured Coriobacteriales bacterium,1,2,2,1|2,True,True,True,True,1.0
f5a0cba713d42e29e41a6df93519572a,species,2,2,2024896.238|2053554.84,2024896.238|2053554.84,2024896.238,Anaerolineaceae bacterium,2024896.238,Anaerolineaceae bacterium,9,2,2,9|12,True,True,True,True,1.0
41b51f59463027a20d946656003a5f11,genus,1,1,1879010.10670,1879010.10670,1879010.10670,Bacillota bacterium,1879010.10670,Bacillota bacterium,1,1,1,1,True,True,True,True,1.0
ec6941975f4e1863852cf87b9af738b2,genus,1,1,2054177.45,2054177.45,2054177.45,Christensenellaceae bacterium,2054177.45,Christensenellaceae bacterium,1,1,1,1,True,True,True,True,1.0
ee21cf356777ae26fe7089d75452abd7,below,0,0,,,,,,,,0,0,,,,,,
957bec6b470f89f1cc58693a77364ea7,family,1,1,86473.1591,86473.1591,86473.1591,uncultured Gammaproteobacteria bacterium,86473.1591,uncultured Gammaproteobacteria bacterium,1,1,1,1,True,True,True,True,1.0
021829170463632e041095dab11c0e95,species,2,2,328813.305|214856.2348,328813.305|214856.2348,328813.305,Alistipes onderdonkii,328813.305,Alistipes onderdonkii,1,2,2,1|2,True,True,True,True,1.0
5810b6e2d5b4ab3fd92892dccf084271,family,1,1,2026778.406,2026778.406,2026778.406,Phycisphaerae bacterium,2026778.406,Phycisphaerae bacterium,1,1,1,1,True,True,True,True,1.0
31a83f111b57e09b08ffb58917c511c9,genus,2,2,1799657.4|2527983.3,1799657.4|2527983.3,1799657.4,Planctomyces sp. SCGC AG-212-M04,1799657.4,Planctomyces sp. SCGC AG-212-M04,1,2,2,1|2,True,True,True,True,1.0
bfc04a7e7b744ab56306075ef236d753,below,0,0,,,,,,,,0,0,,,,,,
2eedd8aa9855d2e9d4361aa9321ad4e2,family,1,1,2282151.16,2282151.16,2282151.16,Chthonomonadales bacterium,2282151.16,Chthonomonadales bacterium,1,1,1,1,True,True,True,True,1.0
bf3cf03e93fd3eb39a0ee44a895a1e2d,genus,1,1,1898203.6643,1898203.6643,1898203.6643,Lachnospiraceae bacterium,1898203.6643,Lachnospiraceae bacterium,1,1,1,1,True,True,True,True,1.0
494ab4a0ec6f00ad0cbf201f2f607b05,family,1,1,2044939.933,2044939.933,2044939.933,Clostridia bacterium,2044939.933,Clostridia bacterium,1,1,1,1,True,True,True,True,1.0
9b07d0a34ae911d20d9f7d8d4f7ee676,below,0,0,,,,,,,,0,0,,,,,,
f7d85e5a89d2a972052c5ff23f52397a,below,0,0,,,,,,,,0,0,,,,,,
d74db335012437dbfb4c54fd9049d46f,genus,3,3,49981.5|49338.10|1121395.3,49981.5|49338.10|1121395.3,49981.5,Desulfitobacterium sp.,49981.5,Desulfitobacterium sp.,1,3,3,1|2|4,True,True,True,True,1.0
4552de4017ada34de916b0caaaf5ea54,genus,1,1,2026778.503,2026778.503,2026778.503,Phycisphaerae bacterium,2026778.503,Phycisphaerae bacterium,1,1,1,1,True,True,True,True,1.0
fa1752718a40da1c6c32371773653272,family,1,1,2052143.563,2052143.563,2052143.563,Anaerolineae bacterium,2052143.563,Anaerolineae bacterium,1,1,1,1,True,True,True,True,1.0
03f29c495b783a3de09c6c8780605449,genus,1,1,411917.29,411917.29,411917.29,uncultured Planctomycetia bacterium,411917.29,uncultured Planctomycetia bacterium,1,1,1,1,True,True,True,True,1.0
626ceecfac444a7e053d5ae2c76833df,species,1,1,3097462.3,3097462.3,3097462.3,Candidatus Humimicrobium sp.,3097462.3,Candidatus Humimicrobium sp.,1,1,1,1,True,True,True,True,1.0
22216e3e181ee694bf4c8daa987ac8ab,below,0,0,,,,,,,,0,0,,,,,,
5a6b977c954ab18d6904d6b9d48b871f,genus,1,1,2053527.364,2053527.364,2053527.364,Candidatus Zixiibacteriota bacterium,2053527.364,Candidatus Zixiibacteriota bacterium,1,1,1,1,True,True,True,True,1.0
00e6614407462b417669175bc85184ad,family,1,1,1664347.11,1664347.11,1664347.11,uncultured Candidatus Berkelbacteria bacterium,1664347.11,uncultured Candidatus Berkelbacteria bacterium,1,1,1,1,True,True,True,True,1.0
0916b03c8a001547e1909d8a2fe6178e,genus,3,3,3039679.4|2599308.3|1286698.7,3039679.4|2599308.3|1286698.7,3039679.4,Clostridiaceae bacterium 35-E11,3039679.4,Clostridiaceae bacterium 35-E11,2,3,3,2|8|15,True,True,True,True,1.0
cc53782126bff6f2648754f297c70cff,family,1,1,1869227.113,1869227.113,1869227.113,bacterium,1869227.113,bacterium,1,1,1,1,True,True,True,True,1.0
30b92827daeee78c39eefccd5bfca43d,genus,3,3,1874697.3|797292.3|2571155.3,1874697.3|797292.3|2571155.3,1874697.3,Sphingobacterium bovisgrunnientis,1874697.3,Sphingobacterium bovisgrunnientis,1,3,3,1|5|4,True,True,True,True,1.0
a5723c72b7103b8c043b31cab7252af4,family,1,1,413497.13,413497.13,413497.13,Cronobacter dublinensis,413497.13,Cronobacter dublinensis,1,1,1,1,True,True,True,True,1.0
831363ded99c851c80f32aff0c59c9a2,below,0,0,,,,,,,,0,0,,,,,,
94fc0eb5f4d613c2766734c28a5f1a9f,below,0,0,,,,,,,,0,0,,,,,,
2c90f641e92fddc8307a57cb745be2a3,genus,1,1,3083246.49,3083246.49,3083246.49,Christensenellales bacterium,3083246.49,Christensenellales bacterium,1,1,1,1,True,True,True,True,1.0
b9315058e389547041d01efa1048d9f0,family,2,2,2528029.3|2026779.79,2528029.3|2026779.79,2528029.3,,2528029.3,,1,2,2,1|4,True,True,True,False,1.0
bf5493457f0a16552a432f4bbf9330f3,below,0,0,,,,,,,,0,0,,,,,,
ad94607116582c89c6eb5001f5150f80,family,2,2,2026778.558|120965.77,2026778.558|120965.77,2026778.558,Phycisphaerae bacterium,2026778.558,Phycisphaerae bacterium,2,2,2,2|1,True,True,True,True,1.0
28f13b8e13ea61aafe5bc46d20dc15bf,family,1,1,2052156.115,2052156.115,2052156.115,Chlamydiia bacterium,2052156.115,Chlamydiia bacterium,1,1,1,1,True,True,True,True,1.0
6aa82af5289e004d50046c31ef22b2ae,species,1,1,3122438.3,3122438.3,3122438.3,Limnospira platensis,3122438.3,Limnospira platensis,1,1,1,1,True,True,True,True,1.0
dc9abde9045aad6d17421519c6db9ca4,genus,1,1,2053517.307,2053517.307,2053517.307,Bdellovibrionales bacterium,2053517.307,Bdellovibrionales bacterium,1,1,1,1,True,True,True,True,1.0
87ca798d18d4f98d6e899ac8e8b8daa2,family,2,2,2699740.4|3041175.8,2699740.4|3041175.8,2699740.4,Brooklawnia sp.,2699740.4,Brooklawnia sp.,1,2,2,1|2,True,True,True,True,1.0
516a6da55fdb8df7ed2cdc84291dbca2,species,1,1,2026733.121,2026733.121,2026733.121,Dehalococcoidales bacterium,2026733.121,Dehalococcoidales bacterium,1,1,1,1,True,True,True,True,1.0
ab07f8f9d60701b64f9d82751d8be248,genus,1,1,1672391.278,1672391.278,1672391.278,uncultured Chloroflexia bacterium,1672391.278,uncultured Chloroflexia bacterium,1,1,1,1,True,True,True,True,1.0
e8f301ad6c8b07835edee784bcb81d17,genus,1,1,1898203.6643,1898203.6643,1898203.6643,Lachnospiraceae bacterium,1898203.6643,Lachnospiraceae bacterium,1,1,1,1,True,True,True,True,1.0
83fe43c957bc1d62cad075e35f2b3e77,genus,3,3,2026734.1359|2026724.3101|1672391.875,2026734.1359|2026724.3101|1672391.875,2026734.1359,Dehalococcoidia bacterium,2026734.1359,Dehalococcoidia bacterium,2,3,3,2|4|3,True,True,True,True,1.0
ad871c6d75b2fb982388dfc27e0032c7,family,1,1,1672391.484,1672391.484,1672391.484,uncultured Chloroflexia bacterium,1672391.484,uncultured Chloroflexia bacterium,1,1,1,1,True,True,True,True,1.0
32b01957f98cbf2079bd6bdbb6342751,below,0,0,,,,,,,,0,0,,,,,,
fca33d821d9ddce59d2b26b63bf7c4a1,family,2,2,1545442.5|267850.20,1545442.5|267850.20,1545442.5,Nitrincola sp. A-D6,1545442.5,Nitrincola sp. A-D6,7,2,2,7|8,True,True,True,True,1.0
18ca89dadf6219af5e55c04d2e77d221,genus,3,3,2448050.24|873.7|1121449.4,2448050.24|873.7|1121449.4,2448050.24,Desulfovibrionales bacterium,2448050.24,Desulfovibrionales bacterium,4,3,3,4|5|3,True,True,True,True,1.0
8298bcdb584afbb1bdb72e7abb796243,genus,3,3,1883427.1869|3157620.3|1955623.6,1883427.1869|3157620.3|1955623.6,1883427.1869,Actinomycetes bacterium,1883427.1869,Actinomycetes bacterium,2,3,3,2|4|3,True,True,True,True,1.0
84062ea22d23db6a01c565ec5523d81e,below,0,0,,,,,,,,0,0,,,,,,
be1d4c6accdb6c0d6ca7a1e0db1c63fb,genus,1,1,2052143.1144,2052143.1144,2052143.1144,Anaerolineae bacterium,2052143.1144,Anaerolineae bacterium,1,1,1,1,True,True,True,True,1.0
8489763884add5fd5b86c463d80a278d,family,2,2,2699740.4|3041175.8,2699740.4|3041175.8,2699740.4,Brooklawnia sp.,2699740.4,Brooklawnia sp.,1,2,2,1|2,True,True,True,True,1.0
2ee31d39fe1412553e3cbaea7c8a4d67,family,2,2,1482717.12|1367435.3,1482717.12|1367435.3,1482717.12,Alcaligenes pakistanensis,1482717.12,Alcaligenes pakistanensis,1,2,2,1|4,True,True,True,True,1.0
e46b80ea322121d9038890cc3410f1b9,genus,1,1,1527.9,1527.9,1527.9,Anaerocolumna aminovalerica,1527.9,Anaerocolumna aminovalerica,1,1,1,1,True,True,True,True,1.0
82ea83511804f1d0a5b3fe28fe350f2c,family,2,2,52694.18|1068975.15,52694.18|1068975.15,52694.18,Acetobacterium wieringae,52694.18,Acetobacterium wieringae,2,2,2,2|3,True,True,True,True,1.0
2e629a245a33dc88d99de2c8d9e0b216,species,1,1,1914538.113,1914538.113,1914538.113,Pseudomonadaceae bacterium,1914538.113,Pseudomonadaceae bacterium,1,1,1,1,True,True,True,True,1.0
34718f0afd4e47caea8aae283c0f5406,genus,1,1,2053624.170,2053624.170,2053624.170,Synergistaceae bacterium,2053624.170,Synergistaceae bacterium,1,1,1,1,True,True,True,True,1.0
3a498beaed6b9c03eb1ecf8e82c1d4a4,family,1,1,1639.16683,1639.16683,1639.16683,Listeria monocytogenes,1639.16683,Listeria monocytogenes,1,1,1,1,True,True,True,True,1.0
c04c09c53250784807c31aa13f822fe1,family,2,2,1515.13|253314.5,1515.13|253314.5,1515.13,Acetivibrio thermocellus,1515.13,Acetivibrio thermocellus,9,2,2,9|3,True,True,True,True,1.0
dfbbce19b1bc5453bfb444e3f568a5ec,family,2,1,1915467.3|2164.119,1915467.3,1915467.3,Methanobacterium sp. UBA44,1915467.3,Methanobacterium sp. UBA44,3,1,2,3|None,False,False,True,True,0.5
7737a66fdaa3850b656f45f9cc17fb93,species,1,1,39441.6,39441.6,39441.6,Methanobrevibacter arboriphilus,39441.6,Methanobrevibacter arboriphilus,1,1,1,1,True,True,True,True,1.0
59c3ac9deb1ea4fa232648b8f4b28a36,family,1,1,1632858.6,1632858.6,1632858.6,Massilibacterium senegalense,1632858.6,Massilibacterium senegalense,1,1,1,1,True,True,True,True,1.0
dadee534fc569a6d56bf35dd37119e02,family,2,2,1678841.5|2030927.885,1678841.5|2030927.885,1678841.5,Lentimicrobium saccharophilum,1678841.5,Lentimicrobium saccharophilum,1,2,2,1|2,True,True,True,True,1.0
07127b6c8fc6a9dc81dd0e8c7671be80,species,1,1,2026888.228,2026888.228,2026888.228,Thermoleophilia bacterium,2026888.228,Thermoleophilia bacterium,1,1,1,1,True,True,True,True,1.0
d507739f21b50e7da4bcbf7a7a2ea121,family,1,1,1678841.5,1678841.5,1678841.5,Lentimicrobium saccharophilum,1678841.5,Lentimicrobium saccharophilum,1,1,1,1,True,True,True,True,1.0
d173baa99a72cc768d97c17cf7f2424c,species,1,1,89772.4,89772.4,89772.4,Aquamicrobium lusatiense,89772.4,Aquamicrobium lusatiense,1,1,1,1,True,True,True,True,1.0
0076646b67a05bdb4dd624ec0945e62c,family,1,1,1678841.5,1678841.5,1678841.5,Lentimicrobium saccharophilum,1678841.5,Lentimicrobium saccharophilum,1,1,1,1,True,True,True,True,1.0
27f9f2f9ea4b00c85219ad536764faa1,family,1,1,1632858.6,1632858.6,1632858.6,Massilibacterium senegalense,1632858.6,Massilibacterium senegalense,1,1,1,1,True,True,True,True,1.0
b6c19406cbfb8b024ef8d24181b1b819,family,2,2,89772.4|1324945.4,89772.4|1324945.4,89772.4,Aquamicrobium lusatiense,89772.4,Aquamicrobium lusatiense,1,2,2,1|3,True,True,True,True,1.0
6d895cdfe89d25dc579a9c3905c1ad68,family,1,1,422285.13,422285.13,422285.13,uncultured candidate division WWE3 bacterium,422285.13,uncultured candidate division WWE3 bacterium,1,1,1,1,True,True,True,True,1.0
9560e4972e8046c341e33c5455f39420,genus,1,1,1871005.3,1871005.3,1871005.3,Anaerosalibacter sp. Marseille-P3206,1871005.3,Anaerosalibacter sp. Marseille-P3206,1,1,1,1,True,True,True,True,1.0
7df1941b2f205401a1e303c18dfcb5e4,genus,1,1,415015.4,415015.4,415015.4,Proteiniborus ethanoligenes,415015.4,Proteiniborus ethanoligenes,1,1,1,1,True,True,True,True,1.0
95c748a8d89d2bfe4aafcbd6070422a9,genus,1,1,1712410.4,1712410.4,1712410.4,Thermanaerosceptrum fracticalcis,1712410.4,Thermanaerosceptrum fracticalcis,1,1,1,1,True,True,True,True,1.0
c07944d9bc5b69d80662d68f09d8fbb4,family,1,1,36849.5,36849.5,36849.5,Oxobacter pfennigii,36849.5,Oxobacter pfennigii,1,1,1,1,True,True,True,True,1.0
3abb91a6f1d0a10fef3873be9c7c7149,family,1,1,1122184.3,1122184.3,1122184.3,Lutispora thermophila,1122184.3,Lutispora thermophila,1,1,1,1,True,True,True,True,1.0
bf65217930e4318bf77921b3c64a98d5,family,2,2,28113.136|626929.160,28113.136|626929.160,28113.136,Prevotella heparinolytica,28113.136,Prevotella heparinolytica,1,2,2,1|6,True,True,True,True,1.0
7ef48c57ac7c347721cf8cf9449df2b6,genus,3,3,2840708.5|2485925.4117|1123282.4,2840708.5|2485925.4117|1123282.4,2840708.5,Candidatus Avoscillospira stercorigallinarum,2840708.5,Candidatus Avoscillospira stercorigallinarum,1,3,3,1|5|6,True,True,True,True,1.0
f31d3d601977f7db5eb65548662c4499,genus,1,1,3030912.241,3030912.241,3030912.241,Anaerovoracaceae bacterium,3030912.241,Anaerovoracaceae bacterium,1,1,1,1,True,True,True,True,1.0
8b38bd6899a343b0bfa0c810e124a2c4,species,1,1,2026735.1883,2026735.1883,2026735.1883,Deltaproteobacteria bacterium,2026735.1883,Deltaproteobacteria bacterium,1,1,1,1,True,True,True,True,1.0
155c3beaf016d8468eb0b83983071b6d,genus,1,1,3030912.241,3030912.241,3030912.241,Anaerovoracaceae bacterium,3030912.241,Anaerovoracaceae bacterium,1,1,1,1,True,True,True,True,1.0
f0564317c39cac4721af4653f44d1e07,family,1,1,1898104.3469,1898104.3469,1898104.3469,Bacteroidota bacterium,1898104.3469,Bacteroidota bacterium,1,1,1,1,True,True,True,True,1.0
994cbca745448d2e1f61a6dbf89815e1,genus,1,1,2172549.5,2172549.5,2172549.5,Candidatus Brocadia sp.,2172549.5,Candidatus Brocadia sp.,1,1,1,1,True,True,True,True,1.0
77068cd389b8838d8071084c1fcbd2a7,genus,2,2,2026763.197|50259.22,2026763.197|50259.22,2026763.197,Myxococcales bacterium,2026763.197,Myxococcales bacterium,1,2,2,1|2,True,True,True,True,1.0
9364df2e1c464248c4210efd2a5a939e,genus,2,2,3376064.3|2986066.4,3376064.3|2986066.4,3376064.3,Mesorhizobium sp. IMUNJ 23232,3376064.3,Mesorhizobium sp. IMUNJ 23232,2,2,2,2|3,True,True,True,True,1.0
59c5995d732f22fe559c04802246529b,species,1,1,1852931.3,1852931.3,1852931.3,Verrucomicrobia bacterium ADurb.Bin474,1852931.3,Verrucomicrobia bacterium ADurb.Bin474,1,1,1,1,True,True,True,True,1.0
8d5944568187ed9a8816af5b209b8838,species,1,1,2949635.3,2949635.3,2949635.3,Xiashengella succiniciproducens,2949635.3,Xiashengella succiniciproducens,1,1,1,1,True,True,True,True,1.0
32ad39f13701d9fccab262c56594eb4f,genus,1,1,1564487.6,1564487.6,1564487.6,Herbinix hemicellulosilytica,1564487.6,Herbinix hemicellulosilytica,1,1,1,1,True,True,True,True,1.0
9da4ea500796da41c5f69150f7e881cd,species,1,1,2044936.833,2044936.833,2044936.833,Bacteroidia bacterium,2044936.833,Bacteroidia bacterium,1,1,1,1,True,True,True,True,1.0
0eb9f7f362a0865f879c1fd8ba284def,family,1,1,49181.51,49181.51,49181.51,Zoogloea sp.,49181.51,Zoogloea sp.,1,1,1,1,True,True,True,True,1.0
7305b5dca9437b8fcb91780e932ab5b9,genus,4,4,2488810.3|1121337.3|1879010.9600|48256.3,2488810.3|1121337.3|1879010.9600|48256.3,2488810.3,Ruminiclostridium herbifermentans,2488810.3,Ruminiclostridium herbifermentans,1,4,4,1|3|5|6,True,True,True,True,1.0
d2c4d0b9b096e695d6d16b4f00ac4eea,genus,1,1,1872471.193,1872471.193,1872471.193,Alloprevotella sp.,1872471.193,Alloprevotella sp.,1,1,1,1,True,True,True,True,1.0
035beae42c3fa186f05aff0ad8fedb94,family,1,1,2763656.3,2763656.3,2763656.3,Guopingia tenuis,2763656.3,Guopingia tenuis,1,1,1,1,True,True,True,True,1.0
0ead63cfa74c098675a1a5bb1d79a563,family,2,2,413497.9|2026799.507,413497.9|2026799.507,413497.9,Cronobacter dublinensis,413497.9,Cronobacter dublinensis,1,2,2,1|2,True,True,True,True,1.0
37539bece60e7ab8fe9d9a76c9fe48e5,genus,1,1,3381350.3,3381350.3,3381350.3,Acidaminobacterium chupaoyuni,3381350.3,Acidaminobacterium chupaoyuni,1,1,1,1,True,True,True,True,1.0
3cd04bebad888421034b2ae9c2a071ec,family,2,2,35519.44|1879010.6995,35519.44|1879010.6995,35519.44,Mogibacterium timidum,35519.44,Mogibacterium timidum,1,2,2,1|2,True,True,True,True,1.0
72b9eebc7c1ea9214a61f6a785f39b8a,species,1,1,3018269.7,3018269.7,3018269.7,Candidatus Ratteibacteria bacterium,3018269.7,Candidatus Ratteibacteria bacterium,1,1,1,1,True,True,True,True,1.0
5d2e53f69d1eed6f936e0e907907c765,species,1,1,2053589.622,2053589.622,2053589.622,Minisyncoccota bacterium,2053589.622,Minisyncoccota bacterium,1,1,1,1,True,True,True,True,1.0
cdb23b7aebc1f36f89ca70f3efa5d18f,genus,2,2,2099670.162|2202734.953,2099670.162|2202734.953,2099670.162,Candidatus Dojkabacteria bacterium,2099670.162,Candidatus Dojkabacteria bacterium,1,2,2,1|2,True,True,True,True,1.0
069542283eb54c7a749da63bb4204831,family,1,1,1005740.3,1005740.3,1005740.3,Aminivibrio pyruvatiphilus,1005740.3,Aminivibrio pyruvatiphilus,1,1,1,1,True,True,True,True,1.0
fd8b9f0334e7dc4b6c8df23989d0338e,species,2,2,1352.23145|53346.225,1352.23145|53346.225,1352.23145,Enterococcus faecium,1352.23145,Enterococcus faecium,1,2,2,1|3,True,True,True,True,1.0
43d67e1ce7eecf7458f714c110d161d5,species,1,1,1537.8,1537.8,1537.8,Romboutsia lituseburensis,1537.8,Romboutsia lituseburensis,1,1,1,1,True,True,True,True,1.0
096a35b50fcf7f2a0a2024a4dad55bab,family,2,2,3034609.7|1869227.3111,3034609.7|1869227.3111,3034609.7,Aminobacteriaceae bacterium,3034609.7,Aminobacteriaceae bacterium,2,2,2,2|5,True,True,True,True,1.0
78532b4618bfea368dfe10951ddbf5fe,family,0,0,,,,,,,,0,0,,,,,,
5b471f2048077b60e75a72008f312bff,family,1,1,1855399.3,1855399.3,1855399.3,Porphyromonadaceae bacterium NLAE-zl-C104,1855399.3,Porphyromonadaceae bacterium NLAE-zl-C104,1,1,1,1,True,True,True,True,1.0
bfe8d502e380071034a7aa7c9e56de56,family,1,1,2026770.468,2026770.468,2026770.468,Nitrospiraceae bacterium,2026770.468,Nitrospiraceae bacterium,3,1,1,3,True,True,True,True,1.0
edb3a254eb3f2e858f60f8ccbd76cadc,species,1,1,1898203.6596,1898203.6596,1898203.6596,Lachnospiraceae bacterium,1898203.6596,Lachnospiraceae bacterium,1,1,1,1,True,True,True,True,1.0
6b6ab36584c143c9ee24a4aa735f0e53,family,2,2,1869227.4076|2053615.69,1869227.4076|2053615.69,1869227.4076,bacterium,1869227.4076,bacterium,3,2,2,3|4,True,True,True,True,1.0
c1780feec5ab45ac27fab43e831dc384,family,1,1,1978337.3,1978337.3,1978337.3,Petrimonas sp. IBARAKI,1978337.3,Petrimonas sp. IBARAKI,1,1,1,1,True,True,True,True,1.0
66e3776391b519ba25ba547c36135f4e,family,1,1,1650571.6,1650571.6,1650571.6,Streptomyces pathocidini,1650571.6,Streptomyces pathocidini,1,1,1,1,True,True,True,True,1.0
5bbc3c6bf73384abdd1b82fd59da71f6,genus,1,1,1879010.9708,1879010.9708,1879010.9708,Bacillota bacterium,1879010.9708,Bacillota bacterium,1,1,1,1,True,True,True,True,1.0
55e55fef9eb6e14a254537eba4947311,family,1,1,2024896.380,2024896.380,2024896.380,Anaerolineaceae bacterium,2024896.380,Anaerolineaceae bacterium,1,1,1,1,True,True,True,True,1.0
4052ad7208717391c9277f1041875b5e,family,2,2,3034609.11|2053624.183,3034609.11|2053624.183,3034609.11,Aminobacteriaceae bacterium,3034609.11,Aminobacteriaceae bacterium,1,2,2,1|2,True,True,True,True,1.0
3521140a9abbfb1ed8d6be3ce25fa48b,species,1,1,78350.3,78350.3,78350.3,Pelotomaculum schinkii,78350.3,Pelotomaculum schinkii,1,1,1,1,True,True,True,True,1.0
235cecb983088e1e7e515d60ffa5241b,species,2,2,318464.76|1550.8,318464.76|1550.8,318464.76,Clostridium sulfidigenes,318464.76,Clostridium sulfidigenes,1,2,2,1|6,True,True,True,True,1.0
373b24ca711a549a9a098219879c0d47,family,1,1,2162.9,2162.9,2162.9,Methanobacterium formicicum,2162.9,Methanobacterium formicicum,1,1,1,1,True,True,True,True,1.0
5dc72706c08b5bf19c3eb0bc92e23362,family,1,1,39441.6,39441.6,39441.6,Methanobrevibacter arboriphilus,39441.6,Methanobrevibacter arboriphilus,1,1,1,1,True,True,True,True,1.0
e5e19986a4acee87091482f691a1396f,family,2,2,1869227.4076|2053615.69,1869227.4076|2053615.69,1869227.4076,bacterium,1869227.4076,bacterium,3,2,2,3|4,True,True,True,True,1.0
3fafff6e120eb323ee7a135e6bff6a5d,genus,2,2,2023866.16|1926877.79,2023866.16|1926877.79,2023866.16,Petrimonas sp.,2023866.16,Petrimonas sp.,1,2,2,1|2,True,True,True,True,1.0
661abca79e265b3ee6a7c8d22090737d,family,2,2,1490.139|1629550.38,1490.139|1629550.38,1490.139,Paraclostridium bifermentans,1490.139,Paraclostridium bifermentans,1,2,2,1|2,True,True,True,True,1.0
72950b26cbd1bf74be7b6605ca95ec34,genus,1,1,3084053.3,3084053.3,3084053.3,Nitratidesulfovibrio sp. 1201_IL3209,3084053.3,Nitratidesulfovibrio sp. 1201_IL3209,1,1,1,1,True,True,True,True,1.0
8d9e04bcb72dc816e2a95089bcea61eb,species,1,1,2841518.3,2841518.3,2841518.3,Christensenella sp. MSJ-20,2841518.3,Christensenella sp. MSJ-20,1,1,1,1,True,True,True,True,1.0
41f99c44465eb2939503fc0371a28a63,species,2,2,588932.13|1978230.135,588932.13|1978230.135,588932.13,Brevundimonas naejangsanensis,588932.13,Brevundimonas naejangsanensis,1,2,2,1|2,True,True,True,True,1.0
a56e9b9fb128fed11f629c8a133ea087,species,2,2,1926877.74|1642646.7,1926877.74|1642646.7,1926877.74,Proteiniphilum sp.,1926877.74,Proteiniphilum sp.,1,2,2,1|3,True,True,True,True,1.0
6485c37d83d17b68e3abb2d6c2749df5,genus,2,2,2026791.202|2202153.108,2026791.202|2202153.108,2026791.202,Bryobacterales bacterium,2026791.202,Bryobacterales bacterium,1,2,2,1|2,True,True,True,True,1.0
6f740d9776105d08cb826e9c2e6db049,species,1,1,1619153.3,1619153.3,1619153.3,Cohnella sp. LGH,1619153.3,Cohnella sp. LGH,1,1,1,1,True,True,True,True,1.0
f78abd34d9f99dfc6481d847ff918abb,species,2,2,3388659.3|410332.12,3388659.3|410332.12,3388659.3,Gordonia sp. SND2,3388659.3,Gordonia sp. SND2,1,2,2,1|3,True,True,True,True,1.0
132a867d0cff8733fee3f3f6603f7dc6,species,2,2,32002.40|85698.295,32002.40|85698.295,32002.40,Achromobacter denitrificans,32002.40,Achromobacter denitrificans,1,2,2,1|2,True,True,True,True,1.0
57568ab86419e6655ce098557e7735c9,species,1,1,2872636.3,2872636.3,2872636.3,Nitratidesulfovibrio sp. SRB-5,2872636.3,Nitratidesulfovibrio sp. SRB-5,1,1,1,1,True,True,True,True,1.0
4ca427ab336fc6142916043c5e209596,genus,1,1,3082386.11,3082386.11,3082386.11,Candidatus Wallacebacter cryptica,3082386.11,Candidatus Wallacebacter cryptica,1,1,1,1,True,True,True,True,1.0
e56ff94be490db15f612984e45450ce3,family,1,1,1678841.5,1678841.5,1678841.5,Lentimicrobium saccharophilum,1678841.5,Lentimicrobium saccharophilum,1,1,1,1,True,True,True,True,1.0
333f32bb3f9df5675182ceda88bba911,species,2,2,1909294.490|2015316.3,1909294.490|2015316.3,1909294.490,Hyphomicrobiales bacterium,1909294.490,Hyphomicrobiales bacterium,1,2,2,1|3,True,True,True,True,1.0
c6f278d31a988e901dc047ef3153fbb1,family,2,2,52694.18|1068975.15,52694.18|1068975.15,52694.18,Acetobacterium wieringae,52694.18,Acetobacterium wieringae,2,2,2,2|3,True,True,True,True,1.0
fce23542da16aacb812dcdafbecf051c,genus,2,2,1639133.240|57706.365,1639133.240|546.1947,1639133.240,Citrobacter portucalensis,1639133.240,Citrobacter portucalensis,1,1,2,1|None,False,False,True,True,0.333
646c600381d6a1b866b50959f3dba7b2,species,1,1,2831996.379,2831996.379,2831996.379,Eubacteriales bacterium,2831996.379,Eubacteriales bacterium,1,1,1,1,True,True,True,True,1.0
fc71dd6489bc96ddac257967a984ed99,species,2,2,2502187.3|1349791.3,2502187.3|1349791.3,2502187.3,Hydrogenophaga sp. 2FB,2502187.3,Hydrogenophaga sp. 2FB,2,2,2,2|3,True,True,True,True,1.0
9ab99324a368b3af929987cc1e2bb956,family,2,2,2718865.5|2508286.3,2718865.5|2508286.3,2718865.5,Pararobbsia sp.,2718865.5,Pararobbsia sp.,9,2,2,9|1,True,True,True,True,1.0
5fc9bb027baf249cda2d48b9d5bcee2c,family,1,1,39441.6,39441.6,39441.6,Methanobrevibacter arboriphilus,39441.6,Methanobrevibacter arboriphilus,1,1,1,1,True,True,True,True,1.0
f0334c3272bbee3d861fa082350b5374,genus,1,1,1978337.3,1978337.3,1978337.3,Petrimonas sp. IBARAKI,1978337.3,Petrimonas sp. IBARAKI,1,1,1,1,True,True,True,True,1.0
43dffb075674335d54d49850882a7c5e,family,2,2,326475.5|60547.9,326475.5|60547.9,326475.5,Caballeronia telluris,326475.5,Caballeronia telluris,1,2,2,1|3,True,True,True,True,1.0
201b998d07e1a35d39e59a0c3447f1e4,family,1,1,106648.99,106648.99,106648.99,Acinetobacter bereziniae,106648.99,Acinetobacter bereziniae,1,1,1,1,True,True,True,True,1.0
05925c1c63113425269afd1340361c52,family,2,2,1236046.7|2268202.19,1236046.7|2268202.19,1236046.7,Mesotoga infera,1236046.7,Mesotoga infera,1,2,2,1|6,True,True,True,True,1.0
7e07d92eab06d89b09f0c89c8e30de6b,species,2,2,3039494.5|163665.19,3039494.5|163665.19,3039494.5,Dysgonomonas sp. Marseille-Q5470,3039494.5,Dysgonomonas sp. Marseille-Q5470,1,2,2,1|2,True,True,True,True,1.0
7e3579bed6d01cac3f73b2e45ee36852,genus,3,3,2268201.27|1977087.4365|3041276.11,2268201.27|1977087.4365|3041276.11,2268201.27,Synergistales bacterium,2268201.27,Synergistales bacterium,1,3,3,1|4|5,True,True,True,True,1.0
12198ade971f92bb157e2a699be09bc8,family,1,1,2044939.4534,2044939.4534,2044939.4534,Clostridia bacterium,2044939.4534,Clostridia bacterium,1,1,1,1,True,True,True,True,1.0
487184f5513359baac0176c9a150e1ea,species,0,0,,,,,,,,0,0,,,,,,
197e3a5e450911182da7403a01b477d5,family,2,2,67827.74|2996112.5,67827.74|2996112.5,67827.74,Citrobacter werkmanii,67827.74,Citrobacter werkmanii,1,2,2,1|2,True,True,True,True,1.0
7b6ecabe8f3fae795ee25df066ea90fe,genus,0,0,,,,,,,,0,0,,,,,,
9cb41b1fe78219846cde88d8c68f0dbe,species,2,2,2053538.110|2026780.1498,2053538.110|2026780.1498,2053538.110,Candidatus Competibacteraceae bacterium,2053538.110,Candidatus Competibacteraceae bacterium,2,2,2,2|5,True,True,True,True,1.0
4d8b87bb1c80a21e5d80851c8f8c1a91,species,2,2,2026724.1157|2053589.824,2026724.1157|2053589.824,2026724.1157,Chloroflexota bacterium,2026724.1157,Chloroflexota bacterium,1,2,2,1|4,True,True,True,True,1.0
8a2c442a314a7a38b0dd2f26401b5bbb,species,2,2,2053306.302|1948670.3,2053306.302|1948670.3,2053306.302,Ignavibacteria bacterium,2053306.302,Ignavibacteria bacterium,1,2,2,1|4,True,True,True,True,1.0
87671eb172dd57036886a3c5e0c4da8d,species,2,2,57706.365|546.1947,57706.365|546.1947,57706.365,Citrobacter braakii,57706.365,Citrobacter braakii,1,2,2,1|2,True,True,True,True,1.0
01b7b2f1ca2a80d06d14877e3b3a0182,family,1,1,565.70,565.70,565.70,Atlantibacter hermannii,565.70,Atlantibacter hermannii,1,1,1,1,True,True,True,True,1.0
478fa149d72ab4d5a1c35d4fd7c3f6d8,species,1,1,3030912.177,3030912.177,3030912.177,Anaerovoracaceae bacterium,3030912.177,Anaerovoracaceae bacterium,1,1,1,1,True,True,True,True,1.0
2386e7f0ed5d187b06bed4a743e7db83,species,0,0,,,,,,,,0,0,,,,,,
eccd8d734ee6af96b42328e6e5a1d507,genus,2,2,2731219.3|2841507.3,2731219.3|2841507.3,2731219.3,Alkaliphilus sp. B6464,2731219.3,Alkaliphilus sp. B6464,1,2,2,1|7,True,True,True,True,1.0
2919ca12aa75e54dc25b4e3750d8712c,genus,3,3,2268201.27|1977087.4365|3041276.11,2268201.27|1977087.4365|3041276.11,2268201.27,Synergistales bacterium,2268201.27,Synergistales bacterium,1,3,3,1|4|5,True,True,True,True,1.0
08f0179cb02459891d87167ee734be6a,species,0,0,,,,,,,,0,0,,,,,,
fc342d5f1833e1ea778160c892d7a5f3,family,2,2,3034609.11|2053624.183,3034609.11|2053624.183,3034609.11,Aminobacteriaceae bacterium,3034609.11,Aminobacteriaceae bacterium,1,2,2,1|2,True,True,True,True,1.0
ca260e01990acd1b27aa3f46c03d1814,family,1,1,1978337.3,1978337.3,1978337.3,Petrimonas sp. IBARAKI,1978337.3,Petrimonas sp. IBARAKI,1,1,1,1,True,True,True,True,1.0
0ed43372f2f3ba933197e54d759f7dfa,species,2,2,2920940.4|3381346.3,2920940.4|3381346.3,2920940.4,Ochrobactrum sp. A-1,2920940.4,Ochrobactrum sp. A-1,1,2,2,1|2,True,True,True,True,1.0
9c958ede3f88bbd0ae42120738cebe7d,family,1,1,2841655.3,2841655.3,2841655.3,Methanobacterium sp. YSL,2841655.3,Methanobacterium sp. YSL,1,1,1,1,True,True,True,True,1.0
b34dc27e49d5139cf1011ee1e6032115,genus,4,4,402297.3|35761.259|2962573.4|2045452.4,402297.3|35761.259|2962573.4|2045452.4,402297.3,Nocardioides daphniae,402297.3,Nocardioides daphniae,1,4,4,1|2|4|16,True,True,True,True,1.0
38f1741fa5bc42ca4fda255fde5fde58,genus,2,2,91915.54|1212489.5,91915.54|1212489.5,91915.54,Asaia bogorensis,91915.54,Asaia bogorensis,1,2,2,1|4,True,True,True,True,1.0
f942e5771e9c0960bcb688baaa716f30,species,1,1,2715253.335,2715253.335,2715253.335,Pirellulales bacterium,2715253.335,Pirellulales bacterium,1,1,1,1,True,True,True,True,1.0
ca3a67eb199d56c1472b1d1ae03a1060,genus,2,2,1898207.5730|51515.8,1898207.5730|51515.8,1898207.5730,Clostridiales bacterium,1898207.5730,Clostridiales bacterium,1,2,2,1|3,True,True,True,True,1.0
3cabb3834aa4f8f1c38942df4a372056,family,2,2,2763033.3|3022870.41,2763033.3|3022870.41,2763033.3,Christensenella tenuis,2763033.3,Christensenella tenuis,2,2,2,2|6,True,True,True,True,1.0
f254d2cc030e8a1ed05861537c4dfe86,family,1,1,1734398.4,1734398.4,1734398.4,Gracilibacter sp. BRH_c7a,1734398.4,Gracilibacter sp. BRH_c7a,1,1,1,1,True,True,True,True,1.0
2e380222b4128117ac8a61f1e8c13ada,genus,4,4,3156614.4|2956936.3|2956978.3|1871066.471,3156614.4|2956936.3|2956978.3|1871066.471,3156614.4,Mesorhizobium sp. KR9-304,3156614.4,Mesorhizobium sp. KR9-304,1,4,4,1|2|3|7,True,True,True,True,1.0
5a462824de896daa8561fc9f99347b0f,genus,1,1,1879010.11004,1879010.11004,1879010.11004,Bacillota bacterium,1879010.11004,Bacillota bacterium,1,1,1,1,True,True,True,True,1.0
6016284cfbfb502783dfcad77e50e749,genus,1,1,3039678.5,3039678.5,3039678.5,Eubacteriales bacterium mix99,3039678.5,Eubacteriales bacterium mix99,1,1,1,1,True,True,True,True,1.0
2f875d64a9be007be12b9063c5704bbc,genus,2,2,3045146.4|1792311.3,3045146.4|1792311.3,3045146.4,Petroclostridium sp. X23,3045146.4,Petroclostridium sp. X23,4,2,2,4|1,True,True,True,True,1.0
818bf774013469de4ea8f71bc2c537b9,genus,1,1,2030806.706,2030806.706,2030806.706,Burkholderiaceae bacterium,2030806.706,Burkholderiaceae bacterium,1,1,1,1,True,True,True,True,1.0
37ad584f8cdaf8a4bfd5dd1dd01f3312,genus,2,2,3083246.45|1879010.10588,3083246.45|1879010.10588,3083246.45,Christensenellales bacterium,3083246.45,Christensenellales bacterium,1,2,2,1|3,True,True,True,True,1.0
ab5cf39b2e9868170c9294e681805b5c,genus,1,1,3022870.41,3022870.41,3022870.41,Candidatus Gastranaerophilaceae bacterium,3022870.41,Candidatus Gastranaerophilaceae bacterium,1,1,1,1,True,True,True,True,1.0
1290a35b898a6ddebd15a90b490ad36a,genus,1,1,172733.10324,172733.10324,172733.10324,uncultured Eubacteriales bacterium,172733.10324,uncultured Eubacteriales bacterium,1,1,1,1,True,True,True,True,1.0
2e5eb7ce3fc3d7278b91a62ae2e9c825,family,2,2,2054177.118|1879010.10588,2054177.118|1879010.10588,2054177.118,Christensenellaceae bacterium,2054177.118,Christensenellaceae bacterium,1,2,2,1|2,True,True,True,True,1.0
f7ad1b48418b30313d797a631bea1ba2,genus,1,1,2026724.2448,2026724.2448,2026724.2448,Chloroflexota bacterium,2026724.2448,Chloroflexota bacterium,1,1,1,1,True,True,True,True,1.0
5c31471f389b8248e70e5bd95713a74c,genus,1,1,2053595.18,2053595.18,2053595.18,Proteiniclasticum sp.,2053595.18,Proteiniclasticum sp.,1,1,1,1,True,True,True,True,1.0
1f78df0d7b75ab87466e66a9d9acf2cb,genus,2,2,2840708.5|2485925.4117,2840708.5|2485925.4117,2840708.5,Candidatus Avoscillospira stercorigallinarum,2840708.5,Candidatus Avoscillospira stercorigallinarum,1,2,2,1|5,True,True,True,True,1.0
a1813ce3f72d96fb9f4263ed38be432f,genus,1,1,1123282.4,1123282.4,1123282.4,Sporobacter termitidis,1123282.4,Sporobacter termitidis,1,1,1,1,True,True,True,True,1.0
e70ce5e53ecded4a5d878b0f3e0eb2d2,genus,3,3,3350403.3|1491.3088|1509.232,3350403.3|1491.3088|1509.232,3350403.3,Clostridium caseinilyticum,3350403.3,Clostridium caseinilyticum,1,3,3,1|2|4,True,True,True,True,1.0
55f98706d860ce102b8bd44690feb79d,genus,1,1,3083246.38,3083246.38,3083246.38,Christensenellales bacterium,3083246.38,Christensenellales bacterium,1,1,1,1,True,True,True,True,1.0
648e7c40b893d19a0a37273a6e507e90,genus,5,5,1604897.3|2759022.3|2320868.3|100174.3|2003589.3,1604897.3|2759022.3|2320868.3|100174.3|2003589.3,1604897.3,Clostridium fungisolvens,1604897.3,Clostridium fungisolvens,1,5,5,1|3|4|5|6,True,True,True,True,1.0
705d47705664e0e9d6dd0e670d8c2081,genus,1,1,690567.9,690567.9,690567.9,Syntrophomonas zehnderi,690567.9,Syntrophomonas zehnderi,1,1,1,1,True,True,True,True,1.0
f3082c2e28d3436ef615bb6541defb48,genus,2,2,3381350.3|2591382.104,3381350.3|2591382.104,3381350.3,Acidaminobacterium chupaoyuni,3381350.3,Acidaminobacterium chupaoyuni,3,2,2,3|7,True,True,True,True,1.0
2fab6fd26dd55de5095ef7e45c45017b,genus,2,2,1121298.3|1325933.10,1121298.3|1325933.10,1121298.3,Clostridium amylolyticum,1121298.3,Clostridium amylolyticum,1,2,2,1|2,True,True,True,True,1.0
4c41a7fd62f9ed9348949825d0bd354c,genus,2,2,100174.3|2003589.3,100174.3|2003589.3,100174.3,Clostridium peptidivorans,100174.3,Clostridium peptidivorans,1,2,2,1|2,True,True,True,True,1.0
07aff16bdfb251a445d0583df066658e,genus,1,1,1506.548,1506.548,1506.548,Clostridium sp.,1506.548,Clostridium sp.,2,1,1,2,True,True,True,True,1.0
