asv,tier,gpu_n,edlib_n,gpu_reps,edlib_reps,gpu_anchor,gpu_anchor_species,edlib_anchor,edlib_anchor_species,gpu_anchor_edlib_rank,gpu_reps_in_edlib_top20,gpu_reps_total,gpu_rep_edlib_ranks,genome_set_identical,species_set_identical,anchor_genome_match,anchor_species_match,jaccard_genome
003284e7643a47fcdab27891cced2a66,genus,3,3,3141376.3|2587854.3|281252.8,3141376.3|2587854.3|281252.8,3141376.3,Roseibium sp. SCP15,3141376.3,Roseibium sp. SCP15,1,3,3,1|3|13,True,True,True,True,1.0
00513cae3b2877bc7a7730f40312f97f,family,2,2,2053538.22|86473.1705,2053538.22|86473.1705,2053538.22,Candidatus Competibacteraceae bacterium,2053538.22,Candidatus Competibacteraceae bacterium,1,2,2,1|2,True,True,True,True,1.0
005cf4f1d005d86d57ffdd01808ea21e,species,1,1,3042318.3,3042318.3,3042318.3,Phnomibacter sp. MR,3042318.3,Phnomibacter sp. MR,1,1,1,1,True,True,True,True,1.0
006a3bfa4e7ea6a4788e31b776b7e6c1,genus,1,1,2502221.3,2502221.3,2502221.3,Sphingomonadaceae bacterium 3R27E2-A,2502221.3,Sphingomonadaceae bacterium 3R27E2-A,1,1,1,1,True,True,True,True,1.0
00857485ad05de1627ccc3881aaabdb0,family,2,2,2026735.712|1869227.7635,2026735.712|1869227.7635,2026735.712,Deltaproteobacteria bacterium,2026735.712,Deltaproteobacteria bacterium,1,2,2,1|2,True,True,True,True,1.0
009564af4e60c5118899caed7c0dd586,species,2,2,1917865.128|2035813.41,1917865.128|2035813.41,1917865.128,Sediminibacterium sp.,1917865.128,Sediminibacterium sp.,1,2,2,1|5,True,True,True,True,1.0
00a674ff1b3eedd6d12d958bed100a74,genus,2,2,2026715.45|3034175.77,2026715.45|3034175.77,2026715.45,Pseudobdellovibrionaceae bacterium,2026715.45,Pseudobdellovibrionaceae bacterium,1,2,2,1|2,True,True,True,True,1.0
00c3ca16f3d6ddeff7533f98676fa214,species,1,1,2053589.824,2053589.824,2053589.824,Minisyncoccota bacterium,2053589.824,Minisyncoccota bacterium,1,1,1,1,True,True,True,True,1.0
00db0c0419e71a3222dc483990c535b9,species,0,0,,,,,,,,0,0,,,,,,
00dd8e42dc15418793a226b9e5a15faf,below,0,0,,,,,,,,0,0,,,,,,
00f36962721c382fa009aab208745ba0,species,1,1,2497627.21,2497627.21,2497627.21,Microthrixaceae bacterium,2497627.21,Microthrixaceae bacterium,1,1,1,1,True,True,True,True,1.0
00f9ebbd116e56c9858776b48b74565e,species,1,1,3042025.3,3042025.3,3042025.3,Luteimonas kalidii,3042025.3,Luteimonas kalidii,2,1,1,2,True,True,True,True,1.0
00fb9aad4ff840201dfcb1ca02405c04,species,0,0,,,,,,,,0,0,,,,,,
010986139ed60489250b7a421e4d63d9,genus,1,1,1879010.10662,1879010.10662,1879010.10662,Bacillota bacterium,1879010.10662,Bacillota bacterium,1,1,1,1,True,True,True,True,1.0
010c4e8cfb1c11912d23e854660dd57b,family,2,2,2818473.28|65656.5,2818473.28|65656.5,2818473.28,Giesbergeria sp.,2818473.28,Giesbergeria sp.,1,2,2,1|3,True,True,True,True,1.0
011befe1668bc005622daeaefd053a7b,family,2,2,86473.2608|2053613.83,86473.2608|2053613.83,86473.2608,uncultured Gammaproteobacteria bacterium,86473.2608,uncultured Gammaproteobacteria bacterium,1,2,2,1|2,True,True,True,True,1.0
012538fa4337eb1e9e3874a2e0792491,species,2,2,43057.14|2528036.3,43057.14|2528036.3,43057.14,Cereibacter azotoformans,43057.14,Cereibacter azotoformans,2,2,2,2|3,True,True,True,True,1.0
0138936a169c4a0914606cedbcd38fa6,genus,2,2,3039803.760|2518612.350,3039803.760|2518612.350,3039803.760,uncultured Actinomycetota bacterium,3039803.760,uncultured Actinomycetota bacterium,1,2,2,1|2,True,True,True,True,1.0
01678bd1450874fd4ee087d0d2ee5349,genus,1,1,1121448.10,1121448.10,1121448.10,Megalodesulfovibrio gigas,1121448.10,Megalodesulfovibrio gigas,1,1,1,1,True,True,True,True,1.0
016fa797236db441417c96f55f929969,genus,1,1,2599941.21,2599941.21,2599941.21,Oligoflexia bacterium,2599941.21,Oligoflexia bacterium,1,1,1,1,True,True,True,True,1.0
01a7c19fe64d4300e6e5a8a7280a10bb,species,2,2,1194168.15|225991.76,1194168.15|225991.76,1194168.15,Comamonas jiangduensis,1194168.15,Comamonas jiangduensis,1,2,2,1|2,True,True,True,True,1.0
01e6385565684b446c620b0be139197b,species,0,0,,,,,,,,0,0,,,,,,
0201ad826209ed7fb2b6de607f76957e,genus,1,1,1134406.9,1134406.9,1134406.9,Ornatilinea apprima,1134406.9,Ornatilinea apprima,1,1,1,1,True,True,True,True,1.0
0203cb85481b6a76d794ca9f1001c499,genus,1,1,422285.13,422285.13,422285.13,uncultured candidate division WWE3 bacterium,422285.13,uncultured candidate division WWE3 bacterium,1,1,1,1,True,True,True,True,1.0
024ff7a3d8178eb2902938d9b3559288,species,2,2,2518612.91|152507.2422,2518612.91|152507.2422,2518612.91,Candidatus Nanopelagicales bacterium,2518612.91,Candidatus Nanopelagicales bacterium,1,2,2,1|2,True,True,True,True,1.0
026170bed2fa94c8277a5244500b93cd,genus,1,1,2818590.3,2818590.3,2818590.3,Microcoleus sp. AT13-A5,2818590.3,Microcoleus sp. AT13-A5,2,1,1,2,True,True,True,True,1.0
026600da36b900cf6ff6ee481b90793a,species,1,1,1977087.4351,1977087.4351,1977087.4351,Pseudomonadota bacterium,1977087.4351,Pseudomonadota bacterium,2,1,1,2,True,True,True,True,1.0
027118164bf6cedbd3fbb210686cc4a4,genus,1,1,2052143.440,2052143.440,2052143.440,Anaerolineae bacterium,2052143.440,Anaerolineae bacterium,1,1,1,1,True,True,True,True,1.0
027867aaaa14717d1963e634425f886e,genus,1,1,91750.4498,91750.4498,91750.4498,uncultured Alphaproteobacteria bacterium,91750.4498,uncultured Alphaproteobacteria bacterium,1,1,1,1,True,True,True,True,1.0
02969019e96fef0fe3e2f02f38316afa,family,2,2,100233.310|2052164.214,100233.310|2052164.214,100233.310,uncultured Planctomycetaceae bacterium,100233.310,uncultured Planctomycetaceae bacterium,1,2,2,1|3,True,True,True,True,1.0
02b7af11150741f6de128690c4aa3340,species,2,2,2518612.307|1869339.418,2518612.307|1869339.418,2518612.307,Candidatus Nanopelagicales bacterium,2518612.307,Candidatus Nanopelagicales bacterium,1,2,2,1|2,True,True,True,True,1.0
02ba8019542c93b74df972fc25fe10af,species,1,1,1872668.87,1872668.87,1872668.87,Azonexus sp.,1872668.87,Azonexus sp.,1,1,1,1,True,True,True,True,1.0
02da44e500ade6eb6bd919f883d0dd32,family,1,1,2073117.45,2073117.45,2073117.45,Anaerolineales bacterium,2073117.45,Anaerolineales bacterium,1,1,1,1,True,True,True,True,1.0
02f9493dbcd235f6075e0e3ae622c7ca,genus,1,1,188475.3,188475.3,188475.3,uncultured Holophaga sp.,188475.3,uncultured Holophaga sp.,1,1,1,1,True,True,True,True,1.0
030b136dcdd837ecdce0a7a95adc2d56,species,1,1,2026780.437,2026780.437,2026780.437,Planctomycetota bacterium,2026780.437,Planctomycetota bacterium,1,1,1,1,True,True,True,True,1.0
03174ff6cb4a5f7bcc5b7e4ef924c60e,species,2,2,3142262.4|1134435.5,3142262.4|1134435.5,3142262.4,Thauera sp. JM12B12,3142262.4,Thauera sp. JM12B12,1,2,2,1|2,True,True,True,True,1.0
032641f730d95c79b76dd4cbae0c246d,species,1,1,1852931.3,1852931.3,1852931.3,Verrucomicrobia bacterium ADurb.Bin474,1852931.3,Verrucomicrobia bacterium ADurb.Bin474,1,1,1,1,True,True,True,True,1.0
033af4ac7057fa72e75b20588418c9ce,genus,1,1,2053589.824,2053589.824,2053589.824,Minisyncoccota bacterium,2053589.824,Minisyncoccota bacterium,1,1,1,1,True,True,True,True,1.0
034e485b2f313e4a9185045f02cc7220,genus,1,1,2484252.86,2484252.86,2484252.86,Myxococcaceae bacterium,2484252.86,Myxococcaceae bacterium,1,1,1,1,True,True,True,True,1.0
0352c42e74bd96a671fe5854263a5f5e,species,1,1,66852.198,66852.198,66852.198,Methanobrevibacter sp.,66852.198,Methanobrevibacter sp.,1,1,1,1,True,True,True,True,1.0
038885272dbaefde0423e01959faac01,family,1,1,332614.293,332614.293,332614.293,uncultured Pseudomonadales bacterium,332614.293,uncultured Pseudomonadales bacterium,1,1,1,1,True,True,True,True,1.0
039bd133ce59253899414b6c8ba6d67e,genus,1,1,2053306.284,2053306.284,2053306.284,Ignavibacteria bacterium,2053306.284,Ignavibacteria bacterium,1,1,1,1,True,True,True,True,1.0
039cb9ac8d5af2c99ca408814ddc77d1,species,2,2,3142262.4|1134435.5,3142262.4|1134435.5,3142262.4,Thauera sp. JM12B12,3142262.4,Thauera sp. JM12B12,1,2,2,1|2,True,True,True,True,1.0
03ba4c458f3389eca8eb21b22290ed10,species,2,2,2026735.1906|2660714.16,2026735.1906|2660714.16,2026735.1906,Deltaproteobacteria bacterium,2026735.1906,Deltaproteobacteria bacterium,1,2,2,1|2,True,True,True,True,1.0
03bed64096e13e23200fd80d0ae715cb,family,2,2,2890869.72|1869227.779,2890869.72|1869227.779,2890869.72,Candidatus Saccharimonadia bacterium,2890869.72,Candidatus Saccharimonadia bacterium,1,2,2,1|2,True,True,True,True,1.0
03d60eb1912411d9516686d1c0e8d77a,species,2,2,3142262.4|1134435.5,3142262.4|1134435.5,3142262.4,Thauera sp. JM12B12,3142262.4,Thauera sp. JM12B12,1,2,2,1|2,True,True,True,True,1.0
03ed5312cd679b937d3c7931ab12461a,family,2,2,2052143.1141|2024896.394,2052143.1141|2024896.394,2052143.1141,Anaerolineae bacterium,2052143.1141,Anaerolineae bacterium,2,2,2,2|1,True,True,True,True,1.0
03f4e6a353b02382d205f0d832831e81,species,2,2,879969.11|1869227.4377,879969.11|1869227.4377,879969.11,Macellibacteroides fermentans,879969.11,Macellibacteroides fermentans,1,2,2,1|6,True,True,True,True,1.0
03f77fdbf7ce18584760066d1364d36c,genus,1,1,179883.460,179883.460,179883.460,uncultured Candidatus Saccharibacteria bacterium,179883.460,uncultured Candidatus Saccharibacteria bacterium,1,1,1,1,True,True,True,True,1.0
03fd988de7a0981d1db2c0b6d206c259,genus,2,2,2026715.109|1913988.46,2026715.109|1913988.46,2026715.109,Pseudobdellovibrionaceae bacterium,2026715.109,Pseudobdellovibrionaceae bacterium,1,2,2,1|2,True,True,True,True,1.0
040c74eae6a3629f697268413ded437a,genus,1,1,2891943.3,2891943.3,2891943.3,,2891943.3,,1,1,1,1,True,True,True,False,1.0
042ad52e2c8d4dce2d2cc2e796463849,genus,1,1,913024.3,913024.3,913024.3,Paenimyroides ummariense,913024.3,Paenimyroides ummariense,1,1,1,1,True,True,True,True,1.0
0435b3a5879a68e5afbc66915ecda61d,species,1,1,2026729.16,2026729.16,2026729.16,Cytophagaceae bacterium,2026729.16,Cytophagaceae bacterium,1,1,1,1,True,True,True,True,1.0
04790f5aba82b91059a546812ad694dc,species,1,1,1488331.4,1488331.4,1488331.4,Fusibacter bizertensis,1488331.4,Fusibacter bizertensis,2,1,1,2,True,True,True,True,1.0
0480b6a16673d25ac01d1da0b2833512,species,1,1,153809.1471,153809.1471,153809.1471,uncultured Pseudomonadota bacterium,153809.1471,uncultured Pseudomonadota bacterium,1,1,1,1,True,True,True,True,1.0
0493af645ecdf91cff6896ec5d5aca21,below,0,0,,,,,,,,0,0,,,,,,
049a47aba1aa118b203038be18526b1b,species,2,2,2053306.302|1948670.3,2053306.302|1948670.3,2053306.302,Ignavibacteria bacterium,2053306.302,Ignavibacteria bacterium,1,2,2,1|4,True,True,True,True,1.0
049e6f182990799b700d79450499710f,species,2,2,106592.67|2613773.3,106592.67|2613773.3,106592.67,Ensifer adhaerens,106592.67,Ensifer adhaerens,1,2,2,1|2,True,True,True,True,1.0
04bc2a095282907ef4df7a2a9447166f,species,2,2,2599941.90|2024896.83,2599941.90|2024896.83,2599941.90,Oligoflexia bacterium,2599941.90,Oligoflexia bacterium,1,2,2,1|2,True,True,True,True,1.0
04c76aef3814297a297700d39de56c6c,genus,3,3,1898206.19|1977087.4365|2044940.237,1898206.19|1977087.4365|2044940.237,1898206.19,Spirochaetaceae bacterium,1898206.19,Spirochaetaceae bacterium,2,3,3,2|3|4,True,True,True,True,1.0
04cf15134dd14ddeb54a2e95c09d4349,species,1,1,1513896.4,1513896.4,1513896.4,Sphingobacterium nematocida,1513896.4,Sphingobacterium nematocida,1,1,1,1,True,True,True,True,1.0
04dee080600d54204c5137107b0f3bc7,family,2,2,430679.7|1855335.3,430679.7|1855335.3,430679.7,Nitratireductor kimnyeongensis,430679.7,Nitratireductor kimnyeongensis,1,2,2,1|3,True,True,True,True,1.0
04f5c0bee93d6ee05c38c74e0bc674ce,species,2,2,267.50|1263728.4,267.50|1263728.4,267.50,Paracoccus sp. (in: a-proteobacteria),267.50,Paracoccus sp. (in: a-proteobacteria),1,2,2,1|2,True,True,True,True,1.0
04f675d15a1bc17e4b7e8c7893e1a816,genus,1,1,2212468.23,2212468.23,2212468.23,Bryobacteraceae bacterium,2212468.23,Bryobacteraceae bacterium,1,1,1,1,True,True,True,True,1.0
04f9300ab6041a85696e8ea5a232b1cb,species,2,2,392593.4|2795030.3,392593.4|2795030.3,392593.4,Inhella inkyongensis,392593.4,Inhella inkyongensis,1,2,2,1|2,True,True,True,True,1.0
0501fa310449443c35bacacdd60bbf34,species,2,2,2053538.110|2026780.1498,2053538.110|2026780.1498,2053538.110,Candidatus Competibacteraceae bacterium,2053538.110,Candidatus Competibacteraceae bacterium,2,2,2,2|5,True,True,True,True,1.0
0502fdd9c919fd2982a93b66cda6697d,below,0,0,,,,,,,,0,0,,,,,,
051d14c7d7e9a5358e8da8a52b48bca3,genus,1,1,1965019.3,1965019.3,1965019.3,Geofilum rhodophaeum,1965019.3,Geofilum rhodophaeum,1,1,1,1,True,True,True,True,1.0
0522f424a0ae2c7f046c5bcafebbc0ca,species,2,2,77133.18342|2073117.928,77133.18342|2073117.928,77133.18342,uncultured bacterium,77133.18342,uncultured bacterium,1,2,2,1|3,True,True,True,True,1.0
0528c8d6cf081ba719cf96cb550150fb,species,2,2,2908002.3|1872668.59,2908002.3|1872668.59,2908002.3,Dechloromonas hankyongensis,2908002.3,Dechloromonas hankyongensis,1,2,2,1|2,True,True,True,True,1.0
053bd1513e7a8fbb621acfa37d09c4b2,below,0,0,,,,,,,,0,0,,,,,,
05797ff5d08a4c360d45bd689238c2f1,below,0,0,,,,,,,,0,0,,,,,,
057bcefe7d185d0daf7b610144b1fa59,species,2,2,2482790.55|1672391.683,2482790.55|1672391.683,2482790.55,Thermomicrobiales bacterium,2482790.55,Thermomicrobiales bacterium,1,2,2,1|3,True,True,True,True,1.0
05b92f31a7635c80f9228282dfe2b96b,family,1,1,2026724.1150,2026724.1150,2026724.1150,Chloroflexota bacterium,2026724.1150,Chloroflexota bacterium,1,1,1,1,True,True,True,True,1.0
05c2b2196ce76f5eab58355bd11f5964,genus,1,1,2044595.218,2044595.218,2044595.218,Candidatus Altimarinota bacterium,2044595.218,Candidatus Altimarinota bacterium,1,1,1,1,True,True,True,True,1.0
05fd476024a64f2da18888c8cd557724,species,1,1,2448779.36,2448779.36,2448779.36,Chitinophagales bacterium,2448779.36,Chitinophagales bacterium,1,1,1,1,True,True,True,True,1.0
060668a761747dc3cbb3600cf5edeb83,genus,2,2,2035772.1192|100371.179,2035772.1192|100371.179,2035772.1192,Candidatus Omnitrophota bacterium,2035772.1192,Candidatus Omnitrophota bacterium,2,2,2,2|1,True,True,True,True,1.0
0620149226837b0dc24e722a745740cf,species,1,1,2026779.942,2026779.942,2026779.942,Planctomycetaceae bacterium,2026779.942,Planctomycetaceae bacterium,1,1,1,1,True,True,True,True,1.0
06288435b328d35994bcc8f72ea0fc3a,species,1,1,1898104.640,1898104.640,1898104.640,Bacteroidota bacterium,1898104.640,Bacteroidota bacterium,1,1,1,1,True,True,True,True,1.0
062e7dbc610b8b01dd84f42a754d5060,species,1,1,1869212.1133,1869212.1133,1869212.1133,Chitinophagaceae bacterium,1869212.1133,Chitinophagaceae bacterium,1,1,1,1,True,True,True,True,1.0
063669beab0e471ace7cbc32283416e9,species,1,1,1871086.331,1871086.331,1871086.331,Brevundimonas sp.,1871086.331,Brevundimonas sp.,1,1,1,1,True,True,True,True,1.0
0639fb06d056d80fbc504c42c4169a68,family,1,1,2051041.3,2051041.3,2051041.3,Ravibacter arvi,2051041.3,Ravibacter arvi,1,1,1,1,True,True,True,True,1.0
063e3c61d923929c5cba4b90a947805a,species,0,0,,,,,,,,0,0,,,,,,
065262b748557031f638872e76923c72,species,1,1,1977087.1560,1977087.1560,1977087.1560,Pseudomonadota bacterium,1977087.1560,Pseudomonadota bacterium,1,1,1,1,True,True,True,True,1.0
0654e615fe3e9b0487505848dc4dbb78,species,1,1,1913961.66,1913961.66,1913961.66,Rhizobiaceae bacterium,1913961.66,Rhizobiaceae bacterium,1,1,1,1,True,True,True,True,1.0
065a98742b20d730265fb45221fd34c4,species,2,2,1490030.4|1715645.3,1490030.4|1715645.3,1490030.4,Paracoccus lutimaris,1490030.4,Paracoccus lutimaris,1,2,2,1|2,True,True,True,True,1.0
06894625cc4725640c9c1bba0d9aefc8,species,1,1,2499141.287,2499141.287,2499141.287,Verrucomicrobiia bacterium,2499141.287,Verrucomicrobiia bacterium,1,1,1,1,True,True,True,True,1.0
06c4ab89a8abc60620b11d6b8eea8592,species,1,1,2497619.239,2497619.239,2497619.239,Ilumatobacteraceae bacterium,2497619.239,Ilumatobacteraceae bacterium,1,1,1,1,True,True,True,True,1.0
06ccbfa9dbe3fb9fac793fe2c480825c,genus,1,1,1134406.9,1134406.9,1134406.9,Ornatilinea apprima,1134406.9,Ornatilinea apprima,1,1,1,1,True,True,True,True,1.0
06d64517fda152cd491385c24677d09a,species,0,0,,,,,,,,0,0,,,,,,
06e148ad8b35489ea97e51ef733e9550,species,2,2,879969.11|1869227.4377,879969.11|1869227.4377,879969.11,Macellibacteroides fermentans,879969.11,Macellibacteroides fermentans,1,2,2,1|6,True,True,True,True,1.0
06e4bf90950ed9dead32a26e0b26aa88,family,1,1,2053517.215,2053517.215,2053517.215,Bdellovibrionales bacterium,2053517.215,Bdellovibrionales bacterium,1,1,1,1,True,True,True,True,1.0
06e777dc86f294846df60a1bdcfe6530,genus,1,1,2053589.824,2053589.824,2053589.824,Minisyncoccota bacterium,2053589.824,Minisyncoccota bacterium,1,1,1,1,True,True,True,True,1.0
06f43456e63206281ba1162e4e6d66d4,genus,2,2,1913989.2461|65786.20,1913989.2461|65786.20,1913989.2461,Gammaproteobacteria bacterium,1913989.2461,Gammaproteobacteria bacterium,1,2,2,1|2,True,True,True,True,1.0
06f8906355750050f44895281f3523fb,species,2,2,3034145.3|2805397.5,3034145.3|2805397.5,3034145.3,Daejeonella sp. H1SJ63,3034145.3,Daejeonella sp. H1SJ63,1,2,2,1|2,True,True,True,True,1.0
0706c8897410dc86c4fe695f43953448,genus,1,1,2052176.23,2052176.23,2052176.23,Parachlamydiaceae bacterium,2052176.23,Parachlamydiaceae bacterium,1,1,1,1,True,True,True,True,1.0
070f6743fd9c43985346d7912cd11526,species,1,1,1913989.6082,1913989.6082,1913989.6082,Gammaproteobacteria bacterium,1913989.6082,Gammaproteobacteria bacterium,1,1,1,1,True,True,True,True,1.0
0717fa5cad93ab5cb1a3e9929e7014c1,species,1,1,2026741.100,2026741.100,2026741.100,Gemmatimonadaceae bacterium,2026741.100,Gemmatimonadaceae bacterium,1,1,1,1,True,True,True,True,1.0
071b20ea2fe191bc56e1001e3c3ef244,species,2,2,2053538.110|2026780.1498,2053538.110|2026780.1498,2053538.110,Candidatus Competibacteraceae bacterium,2053538.110,Candidatus Competibacteraceae bacterium,2,2,2,2|5,True,True,True,True,1.0
07246a1fc2c2fed9e54374f5ee46c333,species,2,2,622664.3|2030808.360,622664.3|2030808.360,622664.3,Ornithinibacter aureus,622664.3,Ornithinibacter aureus,1,2,2,1|2,True,True,True,True,1.0
0740074747aaa37414ce56733c3f3259,species,2,2,2053538.110|2026780.1498,2053538.110|2026780.1498,2053538.110,Candidatus Competibacteraceae bacterium,2053538.110,Candidatus Competibacteraceae bacterium,2,2,2,2|5,True,True,True,True,1.0
074805110994d976b97dcfaeb0ad4352,species,1,1,39441.6,39441.6,39441.6,Methanobrevibacter arboriphilus,39441.6,Methanobrevibacter arboriphilus,1,1,1,1,True,True,True,True,1.0
07640d1fcdb6b920c0b4257f7c9c028e,species,1,1,2268199.15,2268199.15,2268199.15,Polyangiaceae bacterium,2268199.15,Polyangiaceae bacterium,1,1,1,1,True,True,True,True,1.0
0770fd1ca9e37cef3ffdf1ba2abc344f,species,1,1,1672391.187,1672391.187,1672391.187,uncultured Chloroflexia bacterium,1672391.187,uncultured Chloroflexia bacterium,1,1,1,1,True,True,True,True,1.0
07c181c387580192eace1408605a1b7c,family,2,2,758823.6|1977087.1722,758823.6|1977087.1722,758823.6,Vampirovibrio chlorellavorus,758823.6,Vampirovibrio chlorellavorus,3,2,2,3|2,True,True,True,True,1.0
07c684ece86de1b12bf432870683e62b,species,1,1,627688.3,627688.3,627688.3,Sphingobium subterraneum,627688.3,Sphingobium subterraneum,1,1,1,1,True,True,True,True,1.0
07d3708e3046a2846a0b1cc67846a658,species,1,1,1973496.3,1973496.3,1973496.3,Herpetosiphon gulosus,1973496.3,Herpetosiphon gulosus,1,1,1,1,True,True,True,True,1.0
07d8bf1afa43126d7ab9ca4fefad8259,species,1,1,2818473.28,2818473.28,2818473.28,Giesbergeria sp.,2818473.28,Giesbergeria sp.,1,1,1,1,True,True,True,True,1.0
0803dcf438801c4492629e7ca94cca2e,family,2,2,174390.8|1480694.8,174390.8|1480694.8,174390.8,uncultured Spirochaeta sp.,174390.8,uncultured Spirochaeta sp.,2,2,2,2|1,True,True,True,True,1.0
080c84745ca48dd0e7ef7580df83bafb,genus,1,1,1965019.3,1965019.3,1965019.3,Geofilum rhodophaeum,1965019.3,Geofilum rhodophaeum,1,1,1,1,True,True,True,True,1.0
0814110fd0410b6f675526dc4d4a32fb,species,2,2,2724150.3|1115758.5,2724150.3|1115758.5,2724150.3,Romboutsia sp. CE17,2724150.3,Romboutsia sp. CE17,1,2,2,1|2,True,True,True,True,1.0
081f8228264f0575df0146e28439e003,family,1,1,1879010.10762,1879010.10762,1879010.10762,Bacillota bacterium,1879010.10762,Bacillota bacterium,1,1,1,1,True,True,True,True,1.0
0823828b2221b4beaeefdd50d8fed560,family,1,1,2218522.4,2218522.4,2218522.4,Candidatus Termititenax spirochaetophilus,2218522.4,Candidatus Termititenax spirochaetophilus,1,1,1,1,True,True,True,True,1.0
082b496c934ad5588dc586bb303faaa2,family,2,2,2053538.110|2800415.27,2053538.110|2800415.27,2053538.110,Candidatus Competibacteraceae bacterium,2053538.110,Candidatus Competibacteraceae bacterium,2,2,2,2|8,True,True,True,True,1.0
084030429e088059ae5059384cda46eb,genus,2,2,3350173.3|1843235.6,3350173.3|1843235.6,3350173.3,Pedobacter sp. UC225_65,3350173.3,Pedobacter sp. UC225_65,4,2,2,4|1,True,True,True,True,1.0
08409eb55d39ef45b31d93c3d30fd901,genus,1,1,157466.59,157466.59,157466.59,uncultured Armatimonadota bacterium,157466.59,uncultured Armatimonadota bacterium,1,1,1,1,True,True,True,True,1.0
08511b3b442d76f7c9485dde8b381b03,genus,1,1,147047.3,147047.3,147047.3,Humidesulfovibrio mexicanus,147047.3,Humidesulfovibrio mexicanus,1,1,1,1,True,True,True,True,1.0
088ee4c48bc3cb0ca751d3c465b56453,species,2,2,2053306.302|1948670.3,2053306.302|1948670.3,2053306.302,Ignavibacteria bacterium,2053306.302,Ignavibacteria bacterium,1,2,2,1|4,True,True,True,True,1.0
08b11eeb13a43fb517114963b350df70,species,2,2,2717303.8|2202734.717,2717303.8|2202734.717,2717303.8,Haliscomenobacter sp.,2717303.8,Haliscomenobacter sp.,1,2,2,1|2,True,True,True,True,1.0
08d10673b70f3d8b078a149a25d94b19,species,1,1,1869212.530,1869212.530,1869212.530,Chitinophagaceae bacterium,1869212.530,Chitinophagaceae bacterium,2,1,1,2,True,True,True,True,1.0
08ea1c9b9d368cd6d9bfeb8857e90315,species,1,1,3122438.3,3122438.3,3122438.3,Limnospira platensis,3122438.3,Limnospira platensis,1,1,1,1,True,True,True,True,1.0
08f430e113701ebb008a1c63622e9e5e,genus,1,1,157466.59,157466.59,157466.59,uncultured Armatimonadota bacterium,157466.59,uncultured Armatimonadota bacterium,1,1,1,1,True,True,True,True,1.0
08fe91d1fc29f781441a80383cb6644a,species,1,1,2821509.17,2821509.17,2821509.17,Agriterribacter sp.,2821509.17,Agriterribacter sp.,1,1,1,1,True,True,True,True,1.0
09116b7e2b89e63e7af83a0a9f8c5371,species,2,2,1982626.24|29348.109,1982626.24|29348.109,1982626.24,Faecalibacillus intestinalis,1982626.24,Faecalibacillus intestinalis,1,2,2,1|12,True,True,True,True,1.0
092a1e06d547999a906e5d843b2d57e7,species,2,2,2561924.3|13160.39,2561924.3|13160.39,2561924.3,Brevundimonas sp. MF30-B,2561924.3,Brevundimonas sp. MF30-B,2,2,2,2|3,True,True,True,True,1.0
092ab99df8cd76432d44a186cbced262,genus,1,1,1672391.413,1672391.413,1672391.413,uncultured Chloroflexia bacterium,1672391.413,uncultured Chloroflexia bacterium,2,1,1,2,True,True,True,True,1.0
09304de7bcdde93714df6d4800a79b4d,species,2,2,2282142.84|3096110.3,2282142.84|3096110.3,2282142.84,Terriglobales bacterium,2282142.84,Terriglobales bacterium,1,2,2,1|2,True,True,True,True,1.0
09383f3babfd32418e7ba07634680e12,species,1,1,2003582.3,2003582.3,2003582.3,Pannonibacter sp. P2PFMT1,2003582.3,Pannonibacter sp. P2PFMT1,1,1,1,1,True,True,True,True,1.0
0945c17acd293a5bc6d625db7f51d0ea,species,2,2,2053306.302|1948670.3,2053306.302|1948670.3,2053306.302,Ignavibacteria bacterium,2053306.302,Ignavibacteria bacterium,1,2,2,1|4,True,True,True,True,1.0
094e43a918ebb6f77d4644cc89b65a3e,family,1,1,2512173.3,2512173.3,2512173.3,Larkinella sp. BK230,2512173.3,Larkinella sp. BK230,1,1,1,1,True,True,True,True,1.0
09524b82b18b3d05eab6a0c597aa330e,species,2,2,2053538.110|2026780.1498,2053538.110|2026780.1498,2053538.110,Candidatus Competibacteraceae bacterium,2053538.110,Candidatus Competibacteraceae bacterium,2,2,2,2|5,True,True,True,True,1.0
095d063518c5d084d54aa006cf20cef4,genus,1,1,2927946.13,2927946.13,2927946.13,Catalimonadaceae bacterium,2927946.13,Catalimonadaceae bacterium,1,1,1,1,True,True,True,True,1.0
09627ab39adbbbc48a07456c71d0c6bb,species,1,1,3064664.20,3064664.20,3064664.20,Candidatus Cloacimonadaceae bacterium,3064664.20,Candidatus Cloacimonadaceae bacterium,1,1,1,1,True,True,True,True,1.0
0973dc17a02cb230dc1f93877c92c56a,family,1,1,77133.6008,77133.6008,77133.6008,uncultured bacterium,77133.6008,uncultured bacterium,1,1,1,1,True,True,True,True,1.0
098b49f814da592396a6a3fd0961e8d4,species,2,2,2486418.3|2817731.3,2486418.3|2817731.3,2486418.3,Pseudotabrizicola sediminis,2486418.3,Pseudotabrizicola sediminis,1,2,2,1|2,True,True,True,True,1.0
099e147c55d62e4e8282c52358ea9db5,species,1,1,2053589.824,2053589.824,2053589.824,Minisyncoccota bacterium,2053589.824,Minisyncoccota bacterium,1,1,1,1,True,True,True,True,1.0
09a221ef16a92a3128589472ceb9f558,below,0,0,,,,,,,,0,0,,,,,,
09a4781a19669568e2550e5209a15310,genus,1,1,3018265.34,3018265.34,3018265.34,Candidatus Izemoplasmatales bacterium,3018265.34,Candidatus Izemoplasmatales bacterium,1,1,1,1,True,True,True,True,1.0
09c229d65172fac81816fd71e67be6b7,family,1,1,413503.51,413503.51,413503.51,Cronobacter malonaticus,413503.51,Cronobacter malonaticus,3,1,1,3,True,True,True,True,1.0
09c76637c21761c407d6d3eca21c638f,species,1,1,3042318.3,3042318.3,3042318.3,Phnomibacter sp. MR,3042318.3,Phnomibacter sp. MR,1,1,1,1,True,True,True,True,1.0
09cebb8ed5b4b1ba1256b50305104072,genus,2,2,418699.6|29544.50,418699.6|29544.50,418699.6,Azoarcus olearius,418699.6,Azoarcus olearius,1,2,2,1|2,True,True,True,True,1.0
09dba6fb5405a55fcc7ff2c5cab82a10,species,2,2,1422.204|213419.14,1422.204|213419.14,1422.204,Geobacillus stearothermophilus,1422.204,Geobacillus stearothermophilus,1,2,2,1|6,True,True,True,True,1.0
09e47256d34b485ef93fd5bcec33bb33,genus,1,1,1933926.200,1933926.200,1933926.200,Methylococcaceae bacterium,1933926.200,Methylococcaceae bacterium,1,1,1,1,True,True,True,True,1.0
09f3f14ff262a08e210128ea44419f8b,species,2,2,3142262.4|1134435.5,3142262.4|1134435.5,3142262.4,Thauera sp. JM12B12,3142262.4,Thauera sp. JM12B12,1,2,2,1|2,True,True,True,True,1.0
0a00c1bd8e41111d0a93ed96d89d9d76,species,2,2,3142262.4|1134435.5,3142262.4|1134435.5,3142262.4,Thauera sp. JM12B12,3142262.4,Thauera sp. JM12B12,1,2,2,1|2,True,True,True,True,1.0
0a0ed407936f95396c14cf6f059d6915,genus,1,1,3373610.3,3373610.3,3373610.3,Schlesneria sphaerica,3373610.3,Schlesneria sphaerica,1,1,1,1,True,True,True,True,1.0
0a190f76ccbf2dffffdbaae401ed56b1,species,2,2,350.3|1879010.10735,350.3|1879010.10735,350.3,Zoogloea ramigera,350.3,Zoogloea ramigera,1,2,2,1|2,True,True,True,True,1.0
0a1e46f53dd9eb1c4aae50dd21cf65ca,species,1,1,1898104.2226,1898104.2226,1898104.2226,Bacteroidota bacterium,1898104.2226,Bacteroidota bacterium,2,1,1,2,True,True,True,True,1.0
0a20c0ecd4432c9e38a68db9217695b5,genus,3,3,2952228.3|52561.3|52560.3,2952228.3|52561.3|52560.3,2952228.3,Desulfomicrobium sp. ZS1,2952228.3,Desulfomicrobium sp. ZS1,2,3,3,2|3|5,True,True,True,True,1.0
0a25c3ac566faa3dcda460868bea4ca9,species,1,1,1871070.18,1871070.18,1871070.18,Oxalobacteraceae bacterium,1871070.18,Oxalobacteraceae bacterium,3,1,1,3,True,True,True,True,1.0
0a28c97ae9115ba09c964977095a4677,family,1,1,2803731.121,2803731.121,2803731.121,Candidatus Babeliales bacterium,2803731.121,Candidatus Babeliales bacterium,1,1,1,1,True,True,True,True,1.0
0a31b5607e6020aa656e595d9130c2f5,species,2,2,3142262.4|1134435.5,3142262.4|1134435.5,3142262.4,Thauera sp. JM12B12,3142262.4,Thauera sp. JM12B12,1,2,2,1|2,True,True,True,True,1.0
0a3f52f27cec76b821bd51e26fc08f88,family,2,2,91750.4333|1441467.6,91750.4333|1441467.6,91750.4333,uncultured Alphaproteobacteria bacterium,91750.4333,uncultured Alphaproteobacteria bacterium,2,2,2,2|4,True,True,True,True,1.0
0a486943ae9dce70e971e01020e5949c,species,1,1,1434378.4,1434378.4,1434378.4,uncultured Saccharofermentans sp.,1434378.4,uncultured Saccharofermentans sp.,1,1,1,1,True,True,True,True,1.0
0a4dae6c36a924945c5ad8318aff7ecb,family,1,1,1879010.9295,1879010.9295,1879010.9295,Bacillota bacterium,1879010.9295,Bacillota bacterium,1,1,1,1,True,True,True,True,1.0
0a71114f7a13af5c5e649810d49a3773,species,2,2,2053538.110|2026780.1498,2053538.110|2026780.1498,2053538.110,Candidatus Competibacteraceae bacterium,2053538.110,Candidatus Competibacteraceae bacterium,2,2,2,2|5,True,True,True,True,1.0
0a7f6a0cb4034ab075dd38b3592f8d1e,species,1,1,460511.81,460511.81,460511.81,uncultured Spirochaetota bacterium,460511.81,uncultured Spirochaetota bacterium,1,1,1,1,True,True,True,True,1.0
0a90e69f3244bf4921742c1c179c9378,family,2,2,2026735.2450|2053591.249,2026735.2450|2053591.249,2026735.2450,Deltaproteobacteria bacterium,2026735.2450,Deltaproteobacteria bacterium,1,2,2,1|3,True,True,True,True,1.0
0a9812dfeb4ee5f740eb28ff0659b720,genus,1,1,2026800.100,2026800.100,2026800.100,Verrucomicrobiaceae bacterium,2026800.100,Verrucomicrobiaceae bacterium,1,1,1,1,True,True,True,True,1.0
0aaa1cfaec18dcb5a7be8a80929dcb6f,species,2,2,2211374.3|2823334.3,2211374.3|2823334.3,2211374.3,Candidatus Accumulibacter meliphilus,2211374.3,Candidatus Accumulibacter meliphilus,1,2,2,1|5,True,True,True,True,1.0
0aca27487d54e80b6b433562c24e3302,species,2,2,2044944.56|1977087.4909,2044944.56|1977087.4909,2044944.56,Sphingobacteriales bacterium,2044944.56,Sphingobacteriales bacterium,1,2,2,1|2,True,True,True,True,1.0
0ae8cb74e7e1f5d0551ea660cbb25dc0,genus,1,1,2283630.4,2283630.4,2283630.4,Fusibacter sp. A1,2283630.4,Fusibacter sp. A1,1,1,1,1,True,True,True,True,1.0
0afdd7eddb9a71ce53cf6487747ec98c,species,1,1,2026748.160,2026748.160,2026748.160,Hyphomonadaceae bacterium,2026748.160,Hyphomonadaceae bacterium,1,1,1,1,True,True,True,True,1.0
0b125d869a1a6045f968fc419ea9d14e,genus,1,1,2499141.280,2499141.280,2499141.280,Verrucomicrobiia bacterium,2499141.280,Verrucomicrobiia bacterium,1,1,1,1,True,True,True,True,1.0
0b1dc99e2e45931f58ab34d22bd58af4,species,2,2,2053538.110|2026780.1498,2053538.110|2026780.1498,2053538.110,Candidatus Competibacteraceae bacterium,2053538.110,Candidatus Competibacteraceae bacterium,2,2,2,2|5,True,True,True,True,1.0
0b33bd30acb8030dc0b722e6e2783816,family,1,1,49181.51,49181.51,49181.51,Zoogloea sp.,49181.51,Zoogloea sp.,1,1,1,1,True,True,True,True,1.0
0b42befcfe2f0a5958e7676a9269bac7,genus,2,2,2994676.4|2795740.3,2994676.4|2795740.3,2994676.4,Alishewanella sp. SMS8,2994676.4,Alishewanella sp. SMS8,2,2,2,2|4,True,True,True,True,1.0
0b4524086ffe1c02016fc92472165270,genus,2,2,1962975.53|543037.5,1962975.53|543037.5,1962975.53,Rhodoblastus sp.,1962975.53,Rhodoblastus sp.,2,2,2,2|1,True,True,True,True,1.0
0b4c56c3d68d67b5f5269c5658cee8ba,family,2,2,2053538.110|2026780.1498,2053538.110|2026780.1498,2053538.110,Candidatus Competibacteraceae bacterium,2053538.110,Candidatus Competibacteraceae bacterium,2,2,2,2|5,True,True,True,True,1.0
0b4fdd7e59901ec97ff92ba540906765,genus,1,1,2033014.110,2033014.110,2033014.110,Armatimonadota bacterium,2033014.110,Armatimonadota bacterium,1,1,1,1,True,True,True,True,1.0
0b5dd85d83833d0010ef224c96e76faf,species,2,2,1869337.100|1879010.10571,1869337.100|1879010.10571,1869337.100,Parabacteroides sp.,1869337.100,Parabacteroides sp.,1,2,2,1|2,True,True,True,True,1.0
0b886c176d9f7dd89c957f11cb337e71,species,1,1,2044936.833,2044936.833,2044936.833,Bacteroidia bacterium,2044936.833,Bacteroidia bacterium,1,1,1,1,True,True,True,True,1.0
0b8b07491280b305e36facca3c8af441,species,1,1,2054177.123,2054177.123,2054177.123,Christensenellaceae bacterium,2054177.123,Christensenellaceae bacterium,2,1,1,2,True,True,True,True,1.0
0b9150d37cbe9dc43b94b7d618b84db2,species,1,1,2666341.8,2666341.8,2666341.8,Methanofastidiosum sp.,2666341.8,Methanofastidiosum sp.,2,1,1,2,True,True,True,True,1.0
0bab6738ff2cdb0d2493d0062857af6b,species,1,1,2725315.7,2725315.7,2725315.7,Candidatus Goldiibacteriota bacterium,2725315.7,Candidatus Goldiibacteriota bacterium,1,1,1,1,True,True,True,True,1.0
0bb567fd1ac63f8c57e18563c43c2c2d,species,1,1,2053538.110,2053538.110,2053538.110,Candidatus Competibacteraceae bacterium,2053538.110,Candidatus Competibacteraceae bacterium,2,1,1,2,True,True,True,True,1.0
0bbeaab28a6a3829b1504cef9a983b06,family,1,1,2448779.36,2448779.36,2448779.36,Chitinophagales bacterium,2448779.36,Chitinophagales bacterium,1,1,1,1,True,True,True,True,1.0
0bd5cdc0a4e53e211aad2617e20a2775,genus,1,1,2447898.187,2447898.187,2447898.187,Candidatus Kapaibacterium sp.,2447898.187,Candidatus Kapaibacterium sp.,1,1,1,1,True,True,True,True,1.0
0bddd68a5b2f6d89286417e14a1a51dd,genus,2,2,28201.90|1975526.3,28201.90|1975526.3,28201.90,Bdellovibrio sp.,28201.90,Bdellovibrio sp.,1,2,2,1|2,True,True,True,True,1.0
0bea576f8a9e14169e867d02dc9575d5,species,2,2,2682968.3|82.239,2682968.3|82.239,2682968.3,Hyphomicrobium sp. ghe19,2682968.3,Hyphomicrobium sp. ghe19,1,2,2,1|2,True,True,True,True,1.0
0bed977a1dd010ad9278d3bd0b157373,genus,3,3,1898104.710|2026720.1075|1872630.3,1898104.710|2026720.1075|1872630.3,1898104.710,Bacteroidota bacterium,1898104.710,Bacteroidota bacterium,1,3,3,1|2|3,True,True,True,True,1.0
0bf149a521f4703877030dd4a5400fb7,genus,1,1,2053517.327,2053517.327,2053517.327,Bdellovibrionales bacterium,2053517.327,Bdellovibrionales bacterium,1,1,1,1,True,True,True,True,1.0
0c0cb5cb6f7e4ba31e82004e27d61af8,genus,1,1,1123508.10,1123508.10,1123508.10,Zavarzinella formosa,1123508.10,Zavarzinella formosa,1,1,1,1,True,True,True,True,1.0
0c0dcadbd501e2c17ca71995ed0b7ee1,species,1,1,2715253.82,2715253.82,2715253.82,Pirellulales bacterium,2715253.82,Pirellulales bacterium,1,1,1,1,True,True,True,True,1.0
0c293c4324023e0fc942ba2a40ef7f59,species,2,2,153809.1433|1934341.19,153809.1433|1934341.19,153809.1433,uncultured Pseudomonadota bacterium,153809.1433,uncultured Pseudomonadota bacterium,1,2,2,1|3,True,True,True,True,1.0
0c2fa68015a702cbf50120993cc1e20d,genus,1,1,2614255.73,2614255.73,2614255.73,Melioribacteraceae bacterium,2614255.73,Melioribacteraceae bacterium,1,1,1,1,True,True,True,True,1.0
0c4d686b23bf73000ca0db32eb603f5e,species,0,0,,,,,,,,0,0,,,,,,
0c76688070aade04163c8afe119171db,species,1,1,117.11,117.11,117.11,Pirellula sp.,117.11,Pirellula sp.,1,1,1,1,True,True,True,True,1.0
0c8b4026f47c495e3b921cac5453e163,species,1,1,1520.497,1520.497,1520.497,Clostridium beijerinckii,1520.497,Clostridium beijerinckii,1,1,1,1,True,True,True,True,1.0
0c9c5cfe5882f68c6da2faff839fd556,species,2,2,2478476.12|3064664.11,2478476.12|3064664.11,2478476.12,Methanobacteriales archaeon,2478476.12,Methanobacteriales archaeon,1,2,2,1|2,True,True,True,True,1.0
0c9f2c70ab81d634069194b6bf2c3665,species,2,2,2053538.110|2026780.1498,2053538.110|2026780.1498,2053538.110,Candidatus Competibacteraceae bacterium,2053538.110,Candidatus Competibacteraceae bacterium,2,2,2,2|5,True,True,True,True,1.0
0cab07fdd08129a6d354bf867b6bc26b,species,2,2,2053538.110|2026780.1498,2053538.110|2026780.1498,2053538.110,Candidatus Competibacteraceae bacterium,2053538.110,Candidatus Competibacteraceae bacterium,2,2,2,2|5,True,True,True,True,1.0
0cc4dfb2d5414161ca86b7fe5992850f,species,1,1,1338420.3,1338420.3,1338420.3,Denitratimonas tolerans,1338420.3,Denitratimonas tolerans,1,1,1,1,True,True,True,True,1.0
0cc74b5a44142cc1e8f7330eae87aa2a,genus,1,1,2030809.6,2030809.6,2030809.6,Candidatus Hydrogenedentota bacterium,2030809.6,Candidatus Hydrogenedentota bacterium,1,1,1,1,True,True,True,True,1.0
0cd9b28a1cc9ce2c079668aafc9a8df3,species,2,2,2053306.302|1948670.3,2053306.302|1948670.3,2053306.302,Ignavibacteria bacterium,2053306.302,Ignavibacteria bacterium,1,2,2,1|4,True,True,True,True,1.0
0cdb8b748964db3111f1efa85bcdfb94,species,2,2,1219356.5|3136633.3,1219356.5|3136633.3,1219356.5,Thauera butanivorans,1219356.5,Thauera butanivorans,1,2,2,1|2,True,True,True,True,1.0
0ce72cb3f2222077b10a09aeab862462,species,2,2,374606.11|2979870.4,374606.11|2979870.4,374606.11,Aminobacter sp. MSH1,374606.11,Aminobacter sp. MSH1,1,2,2,1|2,True,True,True,True,1.0
0cfbeee394747aebabb3a7e1cb01edc4,species,2,2,2099675.34|1898104.3941,2099675.34|1898104.3941,2099675.34,Cyclobacteriaceae bacterium,2099675.34,Cyclobacteriaceae bacterium,5,2,2,5|6,True,True,True,True,1.0
0d0919e19191450846a299f80092296c,family,2,2,82788.7|3142262.4,82788.7|3142262.4,82788.7,Thauera mechernichensis,82788.7,Thauera mechernichensis,1,2,2,1|4,True,True,True,True,1.0
0d100703139fb4218d005fae39f9ab6c,species,2,2,595670.3|166587.400,595670.3|166587.400,595670.3,Acinetobacter kyonggiensis,595670.3,Acinetobacter kyonggiensis,1,2,2,1|2,True,True,True,True,1.0
0d11d6a8712cae5d455a294b5d6c0c85,family,1,1,2021370.124,2021370.124,2021370.124,Sphingobacteriaceae bacterium,2021370.124,Sphingobacteriaceae bacterium,1,1,1,1,True,True,True,True,1.0
0d201ddacb72581dbce646c1dc99c83e,species,2,2,2052184.64|1961430.3,2052184.64|1961430.3,2052184.64,Syntrophaceae bacterium,2052184.64,Syntrophaceae bacterium,3,2,2,3|4,True,True,True,True,1.0
0d222910032fc70758672b454f30fec6,species,2,2,1664347.22|2482790.201,1664347.22|2482790.201,1664347.22,uncultured Candidatus Berkelbacteria bacterium,1664347.22,uncultured Candidatus Berkelbacteria bacterium,1,2,2,1|2,True,True,True,True,1.0
0d23c6dcac296f66e32ccab7d795f821,species,2,2,1898103.80|156424.15,1898103.80|156424.15,1898103.80,Rhodocyclaceae bacterium,1898103.80,Rhodocyclaceae bacterium,1,2,2,1|2,True,True,True,True,1.0
0d2992293a58dabae00d7bdfb9eba6d7,genus,1,1,2021371.42,2021371.42,2021371.42,Methylobacteriaceae bacterium,2021371.42,Methylobacteriaceae bacterium,1,1,1,1,True,True,True,True,1.0
0d536f3c8843a8b574b4394d10fb291b,genus,1,1,120965.188,120965.188,120965.188,uncultured Planctomycetota bacterium,120965.188,uncultured Planctomycetota bacterium,1,1,1,1,True,True,True,True,1.0
0d5684084754718a1d7b73e9dcf98774,below,0,0,,,,,,,,0,0,,,,,,
0d5a2ac2ebb9b8cfa3900c5a2adcb38e,species,1,1,585402.49,585402.49,585402.49,uncultured Flammeovirgaceae bacterium,585402.49,uncultured Flammeovirgaceae bacterium,1,1,1,1,True,True,True,True,1.0
0d65ceff0469199c6f52c2e88f88413b,species,2,2,2153357.3|1339187.7,2153357.3|1339187.7,2153357.3,Taibaiella sp. KBW10,2153357.3,Taibaiella sp. KBW10,2,2,2,2|1,True,True,True,True,1.0
0d6c28aa5b3430bb5d8204eefa258c3c,family,1,1,2051041.3,2051041.3,2051041.3,Ravibacter arvi,2051041.3,Ravibacter arvi,1,1,1,1,True,True,True,True,1.0
0d6d5989dc6980bba0755f1e3f881ffc,species,2,2,128785.61|69284.5,128785.61|69284.5,128785.61,Pseudoxanthomonas mexicana,128785.61,Pseudoxanthomonas mexicana,1,2,2,1|2,True,True,True,True,1.0
0d746d8edc871e261513ecd525817be6,species,2,2,2053538.110|2026780.1498,2053538.110|2026780.1498,2053538.110,Candidatus Competibacteraceae bacterium,2053538.110,Candidatus Competibacteraceae bacterium,2,2,2,2|5,True,True,True,True,1.0
0d83eb43430d29e3cf5ad913463877fe,genus,2,2,2026780.1467|2026778.58,2026780.1467|2026778.58,2026780.1467,Planctomycetota bacterium,2026780.1467,Planctomycetota bacterium,1,2,2,1|2,True,True,True,True,1.0
0d8fd1616ff100105340e8ba5311f75c,species,2,2,134984.15|356147.3,134984.15|356147.3,134984.15,Nocardia fluminea,134984.15,Nocardia fluminea,1,2,2,1|2,True,True,True,True,1.0
0d9c297cf4c7f1cbecd72e7f409b7bff,genus,1,1,2736299.3,2736299.3,2736299.3,Syntrophothermus sp.,2736299.3,Syntrophothermus sp.,1,1,1,1,True,True,True,True,1.0
0dcfd933f8f2ca8409de28ca00348ad3,genus,1,1,2026799.1609,2026799.1609,2026799.1609,Verrucomicrobiota bacterium,2026799.1609,Verrucomicrobiota bacterium,1,1,1,1,True,True,True,True,1.0
0dd31b8ddc084c78f745842d851662fa,species,2,2,2502194.3|1926873.198,2502194.3|1926873.198,2502194.3,Lysobacteraceae bacterium 2PA,2502194.3,Lysobacteraceae bacterium 2PA,1,2,2,1|2,True,True,True,True,1.0
0dd788e506ca71db70981d0bf90565d7,species,1,1,2026763.635,2026763.635,2026763.635,Myxococcales bacterium,2026763.635,Myxococcales bacterium,1,1,1,1,True,True,True,True,1.0
0df60778b95fb9658eb09a3b479a47a2,species,2,2,1953278.3|86473.4118,1953278.3|86473.4118,1953278.3,Candidatus Falkowbacteria bacterium UBA2372,1953278.3,Candidatus Falkowbacteria bacterium UBA2372,1,2,2,1|3,True,True,True,True,1.0
0df77f8b537d32ec22d4a2c4d8861537,genus,1,1,1674832.4,1674832.4,1674832.4,Bacteroidales bacterium Bact_18,1674832.4,Bacteroidales bacterium Bact_18,1,1,1,1,True,True,True,True,1.0
0e17ceaff92b3e9baba44233d5e5fff7,species,2,2,2053538.110|2026780.1498,2053538.110|2026780.1498,2053538.110,Candidatus Competibacteraceae bacterium,2053538.110,Candidatus Competibacteraceae bacterium,2,2,2,2|5,True,True,True,True,1.0
0e1cfd4d6ba69cb71429939656e15824,genus,1,1,2015799.219,2015799.219,2015799.219,Hyphomicrobiaceae bacterium,2015799.219,Hyphomicrobiaceae bacterium,1,1,1,1,True,True,True,True,1.0
0e42a926445646d13dc1c7077bb3d41b,species,2,2,2502194.3|1926873.198,2502194.3|1926873.198,2502194.3,Lysobacteraceae bacterium 2PA,2502194.3,Lysobacteraceae bacterium 2PA,1,2,2,1|2,True,True,True,True,1.0
0e5817e57d614663e626c0a9da00f11a,genus,1,1,1162697.72,1162697.72,1162697.72,uncultured Ignavibacteriaceae bacterium,1162697.72,uncultured Ignavibacteriaceae bacterium,1,1,1,1,True,True,True,True,1.0
0e5dbbcdd910782f70ef32a37b835f17,species,1,1,1869227.7870,1869227.7870,1869227.7870,bacterium,1869227.7870,bacterium,1,1,1,1,True,True,True,True,1.0
0e61a50460e5fc7bff913e5510bc44ce,genus,2,2,2800415.27|2053492.15,2800415.27|2053492.15,2800415.27,Candidatus Competibacter sp.,2800415.27,Candidatus Competibacter sp.,1,2,2,1|2,True,True,True,True,1.0
0e638c5080df4b9a993dfb35a9548e2f,species,1,1,2307179.21,2307179.21,2307179.21,Plasticicumulans sp.,2307179.21,Plasticicumulans sp.,1,1,1,1,True,True,True,True,1.0
0e6fc5bda55f00f450562f7c37a9c60f,species,2,2,2053538.110|2026780.1498,2053538.110|2026780.1498,2053538.110,Candidatus Competibacteraceae bacterium,2053538.110,Candidatus Competibacteraceae bacterium,2,2,2,2|5,True,True,True,True,1.0
0e8a73ea25cc7e40829d73842a4879d2,species,1,1,2952930.24,2952930.24,2952930.24,Candidatus Limiplasma sp.,2952930.24,Candidatus Limiplasma sp.,1,1,1,1,True,True,True,True,1.0
0e9f69e7329a21af2062fe981a08f388,below,0,0,,,,,,,,0,0,,,,,,
0eb9f7f362a0865f879c1fd8ba284def,family,1,1,49181.51,49181.51,49181.51,Zoogloea sp.,49181.51,Zoogloea sp.,1,1,1,1,True,True,True,True,1.0
0ebe2c19bba462612d32bcaf0cf0ffd5,species,2,2,1909294.359|1913989.1712,1909294.359|1913989.1712,1909294.359,Hyphomicrobiales bacterium,1909294.359,Hyphomicrobiales bacterium,1,2,2,1|2,True,True,True,True,1.0
0ec2ef11eb1c07dddf7ebad2f873da57,genus,1,1,897.4,897.4,897.4,Desulfococcus multivorans,897.4,Desulfococcus multivorans,1,1,1,1,True,True,True,True,1.0
0ecb5ec8138b7b5d4fb970bf5c6d104f,family,1,1,2053589.1206,2053589.1206,2053589.1206,Minisyncoccota bacterium,2053589.1206,Minisyncoccota bacterium,1,1,1,1,True,True,True,True,1.0
0ecfcbbd85ab4a2e68488e9707914ebf,genus,1,1,2049432.22,2049432.22,2049432.22,Chromatiaceae bacterium,2049432.22,Chromatiaceae bacterium,1,1,1,1,True,True,True,True,1.0
0f1cec7433ef3814993597e6db253534,species,2,2,2053538.110|2026780.1498,2053538.110|2026780.1498,2053538.110,Candidatus Competibacteraceae bacterium,2053538.110,Candidatus Competibacteraceae bacterium,2,2,2,2|5,True,True,True,True,1.0
0f3aac3dbbd72bfe434146548f8c18b4,genus,1,1,2052139.101,2052139.101,2052139.101,Patescibacteria group bacterium,2052139.101,Patescibacteria group bacterium,1,1,1,1,True,True,True,True,1.0
0f51f66d2469e2dc7f014722e272102b,species,1,1,2760807.3,2760807.3,2760807.3,Lewinellaceae bacterium,2760807.3,Lewinellaceae bacterium,1,1,1,1,True,True,True,True,1.0
0f63cbb3d41ee4faa4c5a83e3284e91a,species,2,2,2447898.180|2053306.331,2447898.180|2053306.331,2447898.180,Candidatus Kapaibacterium sp.,2447898.180,Candidatus Kapaibacterium sp.,1,2,2,1|2,True,True,True,True,1.0
0f7a9b122bb232b63b706ab6cbf73674,genus,2,2,3003134.3|1868589.3,3003134.3|1868589.3,3003134.3,Phreatobacter sp. AB_2022a,3003134.3,Phreatobacter sp. AB_2022a,1,2,2,1|5,True,True,True,True,1.0
0f8091f47adb726a9a9b555aaa48f535,species,1,1,2053589.824,2053589.824,2053589.824,Minisyncoccota bacterium,2053589.824,Minisyncoccota bacterium,1,1,1,1,True,True,True,True,1.0
0f8d4c50d36bbfcfddf3225f5e637592,genus,1,1,77133.3915,77133.3915,77133.3915,uncultured bacterium,77133.3915,uncultured bacterium,1,1,1,1,True,True,True,True,1.0
0fab8ba6e86a9214a392aaf5b528c62f,family,1,1,1913988.3000,1913988.3000,1913988.3000,Alphaproteobacteria bacterium,1913988.3000,Alphaproteobacteria bacterium,1,1,1,1,True,True,True,True,1.0
0fc7f7c3041ddcb9a84bc04e7ab692c9,species,0,0,,,,,,,,0,0,,,,,,
0fd039f6bc6cf717e5353477fe0f7fc4,genus,1,1,2026715.24,2026715.24,2026715.24,Pseudobdellovibrionaceae bacterium,2026715.24,Pseudobdellovibrionaceae bacterium,2,1,1,2,True,True,True,True,1.0
0fe9cd77d104716123077fa6169f15f9,species,1,1,2964540.105,2964540.105,2964540.105,Smithellaceae bacterium,2964540.105,Smithellaceae bacterium,1,1,1,1,True,True,True,True,1.0
1024f21d38854bc94de63c75591fb5a7,family,2,2,1977087.593|1463158.4,1977087.593|1463158.4,1977087.593,Pseudomonadota bacterium,1977087.593,Pseudomonadota bacterium,4,2,2,4|5,True,True,True,True,1.0
103e8eff00187f278b2a081d0dc2b136,family,1,1,1906665.323,1906665.323,1906665.323,archaeon,1906665.323,archaeon,1,1,1,1,True,True,True,True,1.0
1058839476df9538f5680a992a0ad649,family,2,2,2026780.292|120965.67,2026780.292|120965.67,2026780.292,Planctomycetota bacterium,2026780.292,Planctomycetota bacterium,1,2,2,1|2,True,True,True,True,1.0
107815684c0154d31244d8ab0c8c0257,species,2,2,1833.90|2890836.3,1833.90|2890836.3,1833.90,Rhodococcus erythropolis,1833.90,Rhodococcus erythropolis,1,2,2,1|13,True,True,True,True,1.0
107dfb294f8e844d8c549f826c5133e2,family,1,1,2053306.133,2053306.133,2053306.133,Ignavibacteria bacterium,2053306.133,Ignavibacteria bacterium,1,1,1,1,True,True,True,True,1.0
107fdb20627a18bd44dcb4329736fb66,family,1,1,1913988.30,1913988.30,1913988.30,Alphaproteobacteria bacterium,1913988.30,Alphaproteobacteria bacterium,1,1,1,1,True,True,True,True,1.0
108248f0e3d684081c3c7be18cb40ad4,species,0,0,,,,,,,,0,0,,,,,,
1086f82f5a14dcdb33b15d6beda1c737,species,2,2,2447898.214|2053589.824,2447898.214|2053589.824,2447898.214,Candidatus Kapaibacterium sp.,2447898.214,Candidatus Kapaibacterium sp.,1,2,2,1|2,True,True,True,True,1.0
109717830c4a01ff9f41c1a4661574e2,species,1,1,1969813.25,1969813.25,1969813.25,Nevskiaceae bacterium,1969813.25,Nevskiaceae bacterium,1,1,1,1,True,True,True,True,1.0
10cce322d5cd343a4821e5253f41e9c5,species,2,2,1855912.4|2802971.3,1855912.4|2802971.3,1855912.4,Luteitalea pratensis,1855912.4,Luteitalea pratensis,1,2,2,1|2,True,True,True,True,1.0
10db9c00a615a1b09971351b65e3dd0e,species,2,2,2053538.110|2026780.1498,2053538.110|2026780.1498,2053538.110,Candidatus Competibacteraceae bacterium,2053538.110,Candidatus Competibacteraceae bacterium,2,2,2,2|5,True,True,True,True,1.0
10fc76ac92e442a43ff22b8f4b9bf626,genus,1,1,244204.21,244204.21,244204.21,uncultured Wolbachia sp.,244204.21,uncultured Wolbachia sp.,1,1,1,1,True,True,True,True,1.0
1117fd934eae7afce376e8bcea801233,species,1,1,2528022.3,2528022.3,2528022.3,Botrimarina mediterranea,2528022.3,Botrimarina mediterranea,1,1,1,1,True,True,True,True,1.0
111e00a4c9becd4a507620c7cb94cdb1,genus,5,5,376.217|91750.3159|375.323|255045.58|1680155.3,376.217|91750.3159|375.323|255045.58|1680155.3,376.217,Bradyrhizobium sp.,376.217,Bradyrhizobium sp.,2,5,5,2|1|5|6|17,True,True,True,True,1.0
111f497712726d613002f5bfd9bc5aa3,species,1,1,246432.120,246432.120,246432.120,Staphylococcus equorum,246432.120,Staphylococcus equorum,2,1,1,2,True,True,True,True,1.0
1128ef3a5efa758eac761d45a35782f8,genus,2,2,1898206.19|2044940.237,1898206.19|2044940.237,1898206.19,Spirochaetaceae bacterium,1898206.19,Spirochaetaceae bacterium,2,2,2,2|3,True,True,True,True,1.0
11347bb145f23604eccdb66eb5910f55,species,2,2,2291710.49|578942.3,2291710.49|578942.3,2291710.49,Dokdonella sp.,2291710.49,Dokdonella sp.,1,2,2,1|7,True,True,True,True,1.0
11365052652cdeb5d615c914b478bb09,family,2,2,1907725.231|2986281.3,1907725.231|2986281.3,1907725.231,Limnohabitans sp.,1907725.231,Limnohabitans sp.,5,2,2,5|6,True,True,True,True,1.0
113fa7a951ea68986820ca238f88c52e,genus,1,1,2026780.1467,2026780.1467,2026780.1467,Planctomycetota bacterium,2026780.1467,Planctomycetota bacterium,1,1,1,1,True,True,True,True,1.0
1149cb2d4d4f437a0029b2b75171e141,species,1,1,44671.3,44671.3,44671.3,Pelotalea chapellei,44671.3,Pelotalea chapellei,1,1,1,1,True,True,True,True,1.0
11506c8de798b3e79303f7afc3d782b6,species,1,1,1879010.9959,1879010.9959,1879010.9959,Bacillota bacterium,1879010.9959,Bacillota bacterium,1,1,1,1,True,True,True,True,1.0
1152c36c3267aae5c15b45a4af197a33,family,1,1,592834.74,592834.74,592834.74,uncultured Opitutales bacterium,592834.74,uncultured Opitutales bacterium,1,1,1,1,True,True,True,True,1.0
1152f6add612b87370db0ab4431ce219,below,0,0,,,,,,,,0,0,,,,,,
1158aaa103fd1635ec15ca13d78143fa,species,2,2,2527671.3|2932265.6,2527671.3|2932265.6,2527671.3,Shinella sp. JR1-6,2527671.3,Shinella sp. JR1-6,1,2,2,1|4,True,True,True,True,1.0
118981836caf96260724501c9be38ca6,species,2,2,3142262.4|1134435.5,3142262.4|1134435.5,3142262.4,Thauera sp. JM12B12,3142262.4,Thauera sp. JM12B12,1,2,2,1|2,True,True,True,True,1.0
118f94b18f5bd7f4ac2ba5f039bf3a86,species,1,1,2073117.1130,2073117.1130,2073117.1130,Anaerolineales bacterium,2073117.1130,Anaerolineales bacterium,1,1,1,1,True,True,True,True,1.0
118fe0dfcaf0360858f52c2b41cb38f4,species,1,1,1869212.167,1869212.167,1869212.167,Chitinophagaceae bacterium,1869212.167,Chitinophagaceae bacterium,1,1,1,1,True,True,True,True,1.0
11e100e171bd9faf1645766647d7bdf7,genus,5,5,2498111.3|45073.8|91823.3|45067.5|448.8,2498111.3|45073.8|91823.3|45067.5|448.8,2498111.3,Legionella sp. km772,2498111.3,Legionella sp. km772,6,5,5,6|1|3|12|20,True,True,True,True,1.0
11f257f9e98b4976a77aa54f724cfa0e,species,1,1,2053538.96,2053538.96,2053538.96,Candidatus Competibacteraceae bacterium,2053538.96,Candidatus Competibacteraceae bacterium,7,1,1,7,True,True,True,True,1.0
11f306e17f12f7abaee77f056bb4f5b1,genus,1,1,2053589.824,2053589.824,2053589.824,Minisyncoccota bacterium,2053589.824,Minisyncoccota bacterium,1,1,1,1,True,True,True,True,1.0
11f8cd3f39ded93af9b816ccaaee4a23,species,1,1,2052139.29,2052139.29,2052139.29,Patescibacteria group bacterium,2052139.29,Patescibacteria group bacterium,1,1,1,1,True,True,True,True,1.0
11fb058e7007b60b65e8ac846d69aee0,species,2,2,546115.3|162426.15,546115.3|162426.15,546115.3,Microbacterium ginsengiterrae,546115.3,Microbacterium ginsengiterrae,1,2,2,1|2,True,True,True,True,1.0
1201f81b920fa68f3b6c1e5722ba9969,genus,1,1,51201.3,51201.3,51201.3,Streptomyces griseocarneus,51201.3,Streptomyces griseocarneus,3,1,1,3,True,True,True,True,1.0
122e272752a72cfa9d482c540bb9cb33,family,2,2,2052182.16|1977087.4910,2052182.16|1977087.4910,2052182.16,Rhodanobacteraceae bacterium,2052182.16,Rhodanobacteraceae bacterium,1,2,2,1|2,True,True,True,True,1.0
123249ae7edc1a5664e2a52fb41d171c,species,2,2,490.12|3077724.4,490.12|3077724.4,490.12,Neisseria sicca,490.12,Neisseria sicca,1,2,2,1|2,True,True,True,True,1.0
1247be58b8982443ebc582cd3a052317,species,2,2,2053538.110|2026780.1498,2053538.110|2026780.1498,2053538.110,Candidatus Competibacteraceae bacterium,2053538.110,Candidatus Competibacteraceae bacterium,2,2,2,2|5,True,True,True,True,1.0
1249d8be5608b640751cc164927690e4,genus,1,1,2682144.110,2682144.110,2682144.110,Fimbriimonadaceae bacterium,2682144.110,Fimbriimonadaceae bacterium,1,1,1,1,True,True,True,True,1.0
12526f4e258000f23ac9193bb56c98b7,genus,1,1,152507.2013,152507.2013,152507.2013,uncultured Actinomycetes bacterium,152507.2013,uncultured Actinomycetes bacterium,1,1,1,1,True,True,True,True,1.0
1255300e9e1627f7f0fa1bbe79dc4b34,family,1,1,1869227.1839,1869227.1839,1869227.1839,bacterium,1869227.1839,bacterium,1,1,1,1,True,True,True,True,1.0
1259ec9a253d79f3ff2dd32c3052bf53,genus,1,1,316068.7,316068.7,316068.7,Leadbetterella byssophila,316068.7,Leadbetterella byssophila,1,1,1,1,True,True,True,True,1.0
127ccc077f84153cf5b119474ef8b238,species,2,2,2989719.4|1859460.3,2989719.4|1859460.3,2989719.4,Luteolibacter rhizosphaerae,2989719.4,Luteolibacter rhizosphaerae,1,2,2,1|2,True,True,True,True,1.0
128bf1539ea256f54aa177f237a45aeb,genus,1,1,3373610.3,3373610.3,3373610.3,Schlesneria sphaerica,3373610.3,Schlesneria sphaerica,1,1,1,1,True,True,True,True,1.0
1292d7e371f721b59a32d4c414279327,family,1,1,35817.23,35817.23,35817.23,Helicobacter heilmannii,35817.23,Helicobacter heilmannii,1,1,1,1,True,True,True,True,1.0
1295d10dd4eee5f897eb71c5209dab18,genus,2,2,3071712.3|266749.9,3071712.3|266749.9,3071712.3,Chryseobacterium sp. MP_3.2,3071712.3,Chryseobacterium sp. MP_3.2,1,2,2,1|3,True,True,True,True,1.0
1297a01c568906df836e1015a79e5533,species,1,1,86027.1120,86027.1120,86027.1120,uncultured beta proteobacterium,86027.1120,uncultured beta proteobacterium,1,1,1,1,True,True,True,True,1.0
12b3c9a455207dd4512b632b19be44a3,species,2,2,1977087.4910|2006848.316,1977087.4910|2006848.316,1977087.4910,Pseudomonadota bacterium,1977087.4910,Pseudomonadota bacterium,1,2,2,1|2,True,True,True,True,1.0
12c4d8754760f15901f8f34abc31b0fb,genus,1,1,100233.320,100233.320,100233.320,uncultured Planctomycetaceae bacterium,100233.320,uncultured Planctomycetaceae bacterium,3,1,1,3,True,True,True,True,1.0
12dc1bdd886707976d28e273b2a34a43,genus,5,5,2563970.3|2976703.4|381.58|2563945.3|1777867.5,2563970.3|2976703.4|381.58|2563945.3|1777867.5,2563970.3,Mesorhizobium sp. M8A.F.Ca.ET.213.01.1.1,2563970.3,Mesorhizobium sp. M8A.F.Ca.ET.213.01.1.1,2,5,5,2|3|4|15|17,True,True,True,True,1.0
12e4c6e2516424f6ea2a1215fc9d414a,genus,1,1,28201.90,28201.90,28201.90,Bdellovibrio sp.,28201.90,Bdellovibrio sp.,1,1,1,1,True,True,True,True,1.0
12ef51c9e901a268bb67bc5efdbb6e09,species,1,1,2528022.3,2528022.3,2528022.3,Botrimarina mediterranea,2528022.3,Botrimarina mediterranea,1,1,1,1,True,True,True,True,1.0
1306d9cfe704f6bdcddfe25f82a5cd13,species,1,1,2053589.824,2053589.824,2053589.824,Minisyncoccota bacterium,2053589.824,Minisyncoccota bacterium,1,1,1,1,True,True,True,True,1.0
130d90d91829e454e1cb23251955ac07,species,1,1,1978525.78,1978525.78,1978525.78,Sphingomonadales bacterium,1978525.78,Sphingomonadales bacterium,1,1,1,1,True,True,True,True,1.0
131f308f08428ac06cad70ff76e3fccc,genus,3,3,2030927.898|2053492.78|1965318.11,2030927.898|2053492.78|1965318.11,2030927.898,Bacteroidales bacterium,2030927.898,Bacteroidales bacterium,2,3,3,2|3|4,True,True,True,True,1.0
13288a36683e4da1131c8990461fabda,genus,1,1,2699754.321,2699754.321,2699754.321,Pirellulaceae bacterium,2699754.321,Pirellulaceae bacterium,1,1,1,1,True,True,True,True,1.0
134a84e942558612151fa686c69e261f,species,1,1,2052143.595,2052143.595,2052143.595,Anaerolineae bacterium,2052143.595,Anaerolineae bacterium,1,1,1,1,True,True,True,True,1.0
13663a3ccc0f7f474d2aa288621d3871,species,2,2,3142262.4|1134435.5,3142262.4|1134435.5,3142262.4,Thauera sp. JM12B12,3142262.4,Thauera sp. JM12B12,1,2,2,1|2,True,True,True,True,1.0
13732c9079b3fdac9873b75b73d84ff7,species,2,2,3031802.9|2962916.3,3031802.9|2962916.3,3031802.9,Sphingobacterium sp. WM,3031802.9,Sphingobacterium sp. WM,1,2,2,1|4,True,True,True,True,1.0
1391a3651f9e004f94dd35ad90e87df1,species,2,2,3142262.4|1134435.5,3142262.4|1134435.5,3142262.4,Thauera sp. JM12B12,3142262.4,Thauera sp. JM12B12,1,2,2,1|2,True,True,True,True,1.0
13ab258d92f98eff7799af8efe4c2ad7,species,2,2,1211806.3|1978525.100,1211806.3|1978525.100,1211806.3,Novosphingobium kunmingense,1211806.3,Novosphingobium kunmingense,1,2,2,1|2,True,True,True,True,1.0
13bd694efa1a9c910bcb972ed31ed5f2,species,1,1,158755.54,158755.54,158755.54,uncultured Cytophagales bacterium,158755.54,uncultured Cytophagales bacterium,1,1,1,1,True,True,True,True,1.0
13e3b1b496b1af3160c30eca62df9661,species,2,2,1260.300|33037.38,1260.300|33037.38,1260.300,Finegoldia magna,1260.300,Finegoldia magna,1,2,2,1|9,True,True,True,True,1.0
140e40cb48f1dfbda216a1267bb28fc5,species,2,2,1926873.183|2006849.59,1926873.183|2006849.59,1926873.183,Lysobacteraceae bacterium,1926873.183,Lysobacteraceae bacterium,1,2,2,1|2,True,True,True,True,1.0
141ed0dbc1503f7d445e17f477dbd9ee,family,1,1,2044936.804,2044936.804,2044936.804,Bacteroidia bacterium,2044936.804,Bacteroidia bacterium,1,1,1,1,True,True,True,True,1.0
1453fec68d3cb7be3085a5c59878d361,species,1,1,2053538.96,2053538.96,2053538.96,Candidatus Competibacteraceae bacterium,2053538.96,Candidatus Competibacteraceae bacterium,7,1,1,7,True,True,True,True,1.0
146fe893485cf515b8298065d3a8bfbd,species,2,2,3376064.3|3157707.4,3376064.3|3157707.4,3376064.3,Mesorhizobium sp. IMUNJ 23232,3376064.3,Mesorhizobium sp. IMUNJ 23232,1,2,2,1|2,True,True,True,True,1.0
148a86e63dcb9f5f09c071aa5e200438,species,2,2,2785785.3|2952227.6,2785785.3|2952227.6,2785785.3,Methylomonas sp. LL1,2785785.3,Methylomonas sp. LL1,1,2,2,1|3,True,True,True,True,1.0
1499644e9fc01a81d42f1ea861905292,species,2,2,2502196.3|651663.8,2502196.3|651663.8,2502196.3,Sphingopyxis sp. 2PD,2502196.3,Sphingopyxis sp. 2PD,1,2,2,1|3,True,True,True,True,1.0
14ad508024c1f51a5c8c89d7788c5747,species,2,2,2651167.6|2049428.66,2651167.6|2049428.66,2651167.6,Ignavibacterium sp.,2651167.6,Ignavibacterium sp.,2,2,2,2|3,True,True,True,True,1.0
14b8a8d12ce7e6f2d491e25359e62b9b,species,2,2,2821509.17|1869212.530,2821509.17|1869212.530,2821509.17,Agriterribacter sp.,2821509.17,Agriterribacter sp.,1,2,2,1|2,True,True,True,True,1.0
14ba1f19338b039eaa6ddedfb7c78f7e,species,1,1,2053589.824,2053589.824,2053589.824,Minisyncoccota bacterium,2053589.824,Minisyncoccota bacterium,1,1,1,1,True,True,True,True,1.0
14cdcd9e3388feffa85a3010738e11d3,species,2,2,267.50|1263728.4,267.50|1263728.4,267.50,Paracoccus sp. (in: a-proteobacteria),267.50,Paracoccus sp. (in: a-proteobacteria),1,2,2,1|2,True,True,True,True,1.0
14d2a94a12d09a88d90c4754ce23af60,family,0,0,,,,,,,,0,0,,,,,,
14dd4534b6eebb9f4352281f133ae65b,genus,1,1,316068.7,316068.7,316068.7,Leadbetterella byssophila,316068.7,Leadbetterella byssophila,1,1,1,1,True,True,True,True,1.0
14f013032d3d55ac24bde620c2d8f945,species,1,1,1940288.304,1940288.304,1940288.304,Ferruginibacter sp.,1940288.304,Ferruginibacter sp.,2,1,1,2,True,True,True,True,1.0
14f040827f3543f406b1ac0a1ccbce5b,species,2,2,1977087.4411|3116489.3,1977087.4411|3116489.3,1977087.4411,Pseudomonadota bacterium,1977087.4411,Pseudomonadota bacterium,3,2,2,3|5,True,True,True,True,1.0
14fa88ee1a78fcc3067c7fa7cae1f6d3,genus,1,1,1879010.10662,1879010.10662,1879010.10662,Bacillota bacterium,1879010.10662,Bacillota bacterium,1,1,1,1,True,True,True,True,1.0
150625307cd503954ff7abb066c4c3fb,family,1,1,2026780.1753,2026780.1753,2026780.1753,Planctomycetota bacterium,2026780.1753,Planctomycetota bacterium,1,1,1,1,True,True,True,True,1.0
15073c29926477708501277a9fa6e04f,genus,2,2,3058050.107|1869212.1069,3058050.107|1869212.1069,3058050.107,Polyangia bacterium,3058050.107,Polyangia bacterium,1,2,2,1|2,True,True,True,True,1.0
15122b5a85d0087871d0b068eca54143,species,1,1,2021391.1733,2021391.1733,2021391.1733,Flavobacteriales bacterium,2021391.1733,Flavobacteriales bacterium,1,1,1,1,True,True,True,True,1.0
151ace519ac435c84f9aee415eea931a,family,2,2,1977087.4365|1867835.4,1977087.4365|1867835.4,1977087.4365,Pseudomonadota bacterium,1977087.4365,Pseudomonadota bacterium,1,2,2,1|4,True,True,True,True,1.0
1521548931dc517d9890e51ed281e939,genus,1,1,2052143.1196,2052143.1196,2052143.1196,Anaerolineae bacterium,2052143.1196,Anaerolineae bacterium,1,1,1,1,True,True,True,True,1.0
15302939ea3fdb4777438a48aef65cc5,family,2,2,1898104.4686|2053541.317,1898104.4686|2053541.317,1898104.4686,Bacteroidota bacterium,1898104.4686,Bacteroidota bacterium,1,2,2,1|3,True,True,True,True,1.0
15364085f11606af1a77f68b88b556ff,species,2,2,1993553.6|747304.3,1993553.6|747304.3,1993553.6,Pseudorhodoferax sp.,1993553.6,Pseudorhodoferax sp.,1,2,2,1|2,True,True,True,True,1.0
1538ea40c64a63b36dd4734f3874696c,species,1,1,2049432.22,2049432.22,2049432.22,Chromatiaceae bacterium,2049432.22,Chromatiaceae bacterium,1,1,1,1,True,True,True,True,1.0
153c43ec409a40fadf9a6180dd3ba4a0,genus,1,1,2026728.275,2026728.275,2026728.275,Crocinitomicaceae bacterium,2026728.275,Crocinitomicaceae bacterium,1,1,1,1,True,True,True,True,1.0
15458cdc0a636465b96749aa3fa2751c,species,2,2,1506.1047|1879010.10484,1506.1047|1879010.10484,1506.1047,Clostridium sp.,1506.1047,Clostridium sp.,1,2,2,1|3,True,True,True,True,1.0
1549cf7ec5b9971b5508e71876caa78d,family,1,1,1869227.7498,1869227.7498,1869227.7498,bacterium,1869227.7498,bacterium,1,1,1,1,True,True,True,True,1.0
15564bd587591d071d667a41049facc4,genus,1,1,2033014.717,2033014.717,2033014.717,Armatimonadota bacterium,2033014.717,Armatimonadota bacterium,1,1,1,1,True,True,True,True,1.0
1565fe0749c103c9b2e19da637c53ae6,genus,1,1,35761.152,35761.152,35761.152,Nocardioides sp.,35761.152,Nocardioides sp.,1,1,1,1,True,True,True,True,1.0
1585373aa7a272f854720be8fed512e6,genus,1,1,77133.3916,77133.3916,77133.3916,uncultured bacterium,77133.3916,uncultured bacterium,1,1,1,1,True,True,True,True,1.0
158e322a8ce7cc198a9916534f60064c,species,1,1,2993316.4,2993316.4,2993316.4,Thermomonas mangrovi,2993316.4,Thermomonas mangrovi,1,1,1,1,True,True,True,True,1.0
1592091d5a0cacf5bad46fbc50d6bd12,species,1,1,1871052.3,1871052.3,1871052.3,Afipia sp.,1871052.3,Afipia sp.,1,1,1,1,True,True,True,True,1.0
15bf273330928f57de2f3b24ca2a5135,family,1,1,2527975.3,2527975.3,2527975.3,Kolteria novifilia,2527975.3,Kolteria novifilia,1,1,1,1,True,True,True,True,1.0
15c12c72ee920d106927c7b0dff67b5e,genus,5,5,1930536.116|91750.3946|2491021.3|3031130.6|983920.7,1930536.116|91750.3946|2491021.3|3031130.6|983920.7,1930536.116,Sphingomonadaceae bacterium,1930536.116,Sphingomonadaceae bacterium,1,5,5,1|7|11|12|13,True,True,True,True,1.0
15ca76d9e1bdf12fef29a0930717ccea,genus,1,1,86027.1142,86027.1142,86027.1142,uncultured beta proteobacterium,86027.1142,uncultured beta proteobacterium,1,1,1,1,True,True,True,True,1.0
15d74352737177117c80cf7ecd577e12,species,2,2,3142262.4|1134435.5,3142262.4|1134435.5,3142262.4,Thauera sp. JM12B12,3142262.4,Thauera sp. JM12B12,1,2,2,1|2,True,True,True,True,1.0
15e45353f3bd3e3724f06eb4c8e35760,genus,2,2,3140366.3|2951085.3,3140366.3|2951085.3,3140366.3,Mesorhizobium sp. CAU 1741,3140366.3,Mesorhizobium sp. CAU 1741,1,2,2,1|2,True,True,True,True,1.0
1600072f5f0c35181a342c78d92c61e1,species,2,2,2053306.302|1948670.3,2053306.302|1948670.3,2053306.302,Ignavibacteria bacterium,2053306.302,Ignavibacteria bacterium,1,2,2,1|4,True,True,True,True,1.0
162aaaeeea8c353c06050efeb1dded15,species,2,2,3142262.4|1134435.5,3142262.4|1134435.5,3142262.4,Thauera sp. JM12B12,3142262.4,Thauera sp. JM12B12,1,2,2,1|2,True,True,True,True,1.0
164212c0910ca9770a6bd13bcb2c5d05,species,2,2,1970392.3|87.54,1970392.3|87.54,1970392.3,Hyphomonas sp. 34-62-18,1970392.3,Hyphomonas sp. 34-62-18,1,2,2,1|4,True,True,True,True,1.0
164d643c2ab1c208aec586f0da8c71f4,species,1,1,2202144.280,2202144.280,2202144.280,Spirochaetota bacterium,2202144.280,Spirochaetota bacterium,1,1,1,1,True,True,True,True,1.0
1650858a9bfaf2447bf6c2fb2d770d15,species,2,2,1879010.10568|2201156.843,1879010.10568|2201156.843,1879010.10568,Bacillota bacterium,1879010.10568,Bacillota bacterium,1,2,2,1|2,True,True,True,True,1.0
165af52a50062daaecffaaa4208233ab,family,1,1,1913961.24,1913961.24,1913961.24,Rhizobiaceae bacterium,1913961.24,Rhizobiaceae bacterium,2,1,1,2,True,True,True,True,1.0
1678dbe9451a56821d9f325aa8a6a4db,species,1,1,444458.236,444458.236,444458.236,uncultured Anaerolineales bacterium,444458.236,uncultured Anaerolineales bacterium,1,1,1,1,True,True,True,True,1.0
1682b8d9b60887b1186562163d53673f,genus,1,1,1898103.336,1898103.336,1898103.336,Rhodocyclaceae bacterium,1898103.336,Rhodocyclaceae bacterium,1,1,1,1,True,True,True,True,1.0
168d432b125a66a19181776cbbba32a7,species,2,2,82.168|91750.4519,82.168|91750.4519,82.168,Hyphomicrobium sp.,82.168,Hyphomicrobium sp.,3,2,2,3|1,True,True,True,True,1.0
16bc19e40e79481c94c6c5ee0138e676,genus,1,1,2049916.3,2049916.3,2049916.3,Rurimicrobium arvi,2049916.3,Rurimicrobium arvi,1,1,1,1,True,True,True,True,1.0
16c78b7edc1d846e86069775778c4b96,species,2,2,2829794.6|260085.4,2829794.6|260085.4,2829794.6,Novosphingobium sp. CECT 9465,2829794.6,Novosphingobium sp. CECT 9465,1,2,2,1|3,True,True,True,True,1.0
16cf760805e36f0253e2073456d73fdf,genus,2,2,2562705.210|412056.353,2562705.210|412056.353,2562705.210,Akkermansiaceae bacterium,2562705.210,Akkermansiaceae bacterium,4,2,2,4|3,True,True,True,True,1.0
16e2e2408cedf8f9faae33004fb5eaa2,species,2,2,3366579.3|654.1904,3366579.3|654.1904,3366579.3,Aeromonas mytilicola,3366579.3,Aeromonas mytilicola,1,2,2,1|3,True,True,True,True,1.0
16e300610be230b81801ab16e90d0997,family,1,1,2053517.215,2053517.215,2053517.215,Bdellovibrionales bacterium,2053517.215,Bdellovibrionales bacterium,1,1,1,1,True,True,True,True,1.0
17001fdd122e41366cfb2a2a0ada7549,species,2,2,2021391.1465|101383.6,2021391.1465|101383.6,2021391.1465,Flavobacteriales bacterium,2021391.1465,Flavobacteriales bacterium,1,2,2,1|2,True,True,True,True,1.0
171747bdaaec74b0ac4137cf542713d8,genus,1,1,1962973.17,1962973.17,1962973.17,Luteolibacter sp.,1962973.17,Luteolibacter sp.,1,1,1,1,True,True,True,True,1.0
1729a5333f4900973fb4ca061b9201f5,family,1,1,3058050.125,3058050.125,3058050.125,Polyangia bacterium,3058050.125,Polyangia bacterium,1,1,1,1,True,True,True,True,1.0
174cd112bdbbea14ace32ec2481f5ffd,species,2,2,2778077.3|1141221.4,2778077.3|1141221.4,2778077.3,Chryseobacterium sp. FDAARGOS 1104,2778077.3,Chryseobacterium sp. FDAARGOS 1104,1,2,2,1|4,True,True,True,True,1.0
175e2bdfae9a76e20accb7b01d45a41c,species,2,2,49181.51|186479.7,49181.51|186479.7,49181.51,Zoogloea sp.,49181.51,Zoogloea sp.,1,2,2,1|2,True,True,True,True,1.0
17613a634cfe25da8be4246dedfc2331,genus,1,1,86027.1512,86027.1512,86027.1512,uncultured beta proteobacterium,86027.1512,uncultured beta proteobacterium,1,1,1,1,True,True,True,True,1.0
1765b5d0ad6d0acff4d0a67f936fbfd2,genus,4,4,3141376.3|2600299.3|2587854.3|281252.8,3141376.3|2600299.3|2587854.3|281252.8,3141376.3,Roseibium sp. SCP15,3141376.3,Roseibium sp. SCP15,1,4,4,1|14|3|13,True,True,True,True,1.0
17771f4650550323b0f33522e553d9ac,species,2,2,54005.101|33034.38,54005.101|33034.38,54005.101,Peptoniphilus harei,54005.101,Peptoniphilus harei,1,2,2,1|4,True,True,True,True,1.0
17a3f563b520b107277669d11881c833,species,2,2,2053589.824|2447898.10,2053589.824|2447898.10,2053589.824,Minisyncoccota bacterium,2053589.824,Minisyncoccota bacterium,1,2,2,1|2,True,True,True,True,1.0
17ae916adb30d18923d3c2f5475b553a,genus,1,1,2202734.983,2202734.983,2202734.983,Saprospiraceae bacterium,2202734.983,Saprospiraceae bacterium,1,1,1,1,True,True,True,True,1.0
17aead3c53559064637ee1ccac78e0df,genus,1,1,2052143.504,2052143.504,2052143.504,Anaerolineae bacterium,2052143.504,Anaerolineae bacterium,1,1,1,1,True,True,True,True,1.0
17c2430b362ceccd10ae141e3417ba11,species,2,2,2582906.4|188475.4,2582906.4|188475.4,2582906.4,Holophaga sp.,2582906.4,Holophaga sp.,2,2,2,2|1,True,True,True,True,1.0
17c65f6cfd231e0c9e406790d9d3a1aa,species,0,0,,,,,,,,0,0,,,,,,
17ccd6424f80811e3ed5235f50d754fd,genus,1,1,1121448.10,1121448.10,1121448.10,Megalodesulfovibrio gigas,1121448.10,Megalodesulfovibrio gigas,1,1,1,1,True,True,True,True,1.0
17e4f90bffd113fd4a4c296a3117d29c,species,1,1,2970805.9,2970805.9,2970805.9,Limnoglobus sp.,2970805.9,Limnoglobus sp.,1,1,1,1,True,True,True,True,1.0
17f39e780f87d9c436c14e159b0040ba,species,2,2,485907.3|1673.4,485907.3|1673.4,485907.3,Allorhizobium borbori,485907.3,Allorhizobium borbori,1,2,2,1|5,True,True,True,True,1.0
17f4380ff9aa4ffd4787e6f9b0a14139,genus,1,1,77133.4208,77133.4208,77133.4208,uncultured bacterium,77133.4208,uncultured bacterium,1,1,1,1,True,True,True,True,1.0
17fe2e8535495cf9bf7f4a97ed8dc720,species,2,2,3142262.4|1134435.5,3142262.4|1134435.5,3142262.4,Thauera sp. JM12B12,3142262.4,Thauera sp. JM12B12,1,2,2,1|2,True,True,True,True,1.0
180574bdcb92469c5ca92ca54bcff786,family,1,1,2026778.552,2026778.552,2026778.552,Phycisphaerae bacterium,2026778.552,Phycisphaerae bacterium,1,1,1,1,True,True,True,True,1.0
180bd1e3dc334d54ee9787dc0f154897,species,1,1,1879010.10404,1879010.10404,1879010.10404,Bacillota bacterium,1879010.10404,Bacillota bacterium,1,1,1,1,True,True,True,True,1.0
180d21d5ab16c0f4fc3d2fd63ce7e280,species,1,1,2026791.338,2026791.338,2026791.338,Bryobacterales bacterium,2026791.338,Bryobacterales bacterium,5,1,1,5,True,True,True,True,1.0
181a2b6fbc1d5f5de022772f08fb875c,genus,1,1,1871015.3,1871015.3,1871015.3,Pseudoflavonifractor sp. Marseille-P3106,1871015.3,Pseudoflavonifractor sp. Marseille-P3106,1,1,1,1,True,True,True,True,1.0
18355e3f5f488e2a80938b91534a34c8,family,2,2,2052164.57|120965.181,2052164.57|120965.181,2052164.57,Gemmataceae bacterium,2052164.57,Gemmataceae bacterium,2,2,2,2|3,True,True,True,True,1.0
1842ef039a9dc8050ad14908ce1cf256,genus,1,1,2053589.1206,2053589.1206,2053589.1206,Minisyncoccota bacterium,2053589.1206,Minisyncoccota bacterium,1,1,1,1,True,True,True,True,1.0
1844fa513d4fba50c80e5efc68cb4ab6,family,2,2,3236972.3|2838777.5,3236972.3|2838777.5,3236972.3,Candidatus Brachytrichaceae bacterium NZ_4S206,3236972.3,Candidatus Brachytrichaceae bacterium NZ_4S206,1,2,2,1|2,True,True,True,True,1.0
1859174bc5c0c70476d9e1232ec4dc85,genus,3,3,3140358.3|3140366.3|2951085.3,3140358.3|3140366.3|2951085.3,3140358.3,Mesorhizobium sp. CAU 1732,3140358.3,Mesorhizobium sp. CAU 1732,2,3,3,2|3|4,True,True,True,True,1.0
185b7a797525c969b8153fe961ed9761,species,2,2,1891238.638|1872668.76,1891238.638|1872668.76,1891238.638,Burkholderiales bacterium,1891238.638,Burkholderiales bacterium,1,2,2,1|2,True,True,True,True,1.0
186980879ed8a0eb4b01bd9decd41064,species,1,1,2035772.669,2035772.669,2035772.669,Candidatus Omnitrophota bacterium,2035772.669,Candidatus Omnitrophota bacterium,1,1,1,1,True,True,True,True,1.0
18784b0b6521305af0b3902fe294cc16,below,0,0,,,,,,,,0,0,,,,,,
187ac35b82efc98faa7b4329ecf2d149,genus,3,3,3141376.3|2587854.3|281252.8,3141376.3|2587854.3|281252.8,3141376.3,Roseibium sp. SCP15,3141376.3,Roseibium sp. SCP15,1,3,3,1|3|13,True,True,True,True,1.0
188cc65eadde34ffea274f8350345d73,species,2,2,1672391.409|2026724.1587,1672391.409|2026724.1587,1672391.409,uncultured Chloroflexia bacterium,1672391.409,uncultured Chloroflexia bacterium,1,2,2,1|2,True,True,True,True,1.0
188f9ae5cd055b811ff63bbd68482df4,family,2,2,2014376.6|2739509.40,2014376.6|2739509.40,2014376.6,uncultured Chthonomonadaceae bacterium,2014376.6,uncultured Chthonomonadaceae bacterium,1,2,2,1|2,True,True,True,True,1.0
18deb1618c5225b8306e7bb024513e43,species,2,2,2053538.110|2026780.1498,2053538.110|2026780.1498,2053538.110,Candidatus Competibacteraceae bacterium,2053538.110,Candidatus Competibacteraceae bacterium,2,2,2,2|5,True,True,True,True,1.0
18ee50790125fdc1172f5195241e6451,species,1,1,2052143.504,2052143.504,2052143.504,Anaerolineae bacterium,2052143.504,Anaerolineae bacterium,1,1,1,1,True,True,True,True,1.0
1903b2dd019c0dfc4898509ec7db2725,genus,3,3,2651167.6|2049428.66|2026735.2959,2651167.6|2049428.66|2026735.2959,2651167.6,Ignavibacterium sp.,2651167.6,Ignavibacterium sp.,3,3,3,3|4|11,True,True,True,True,1.0
1925e1402575f83f6b2d5c9874e88a4d,species,1,1,1869212.1069,1869212.1069,1869212.1069,Chitinophagaceae bacterium,1869212.1069,Chitinophagaceae bacterium,1,1,1,1,True,True,True,True,1.0
1928bfd2c2e75c4abf1134ebb6d27dc6,species,2,2,44671.3|2026724.901,44671.3|2026724.901,44671.3,Pelotalea chapellei,44671.3,Pelotalea chapellei,1,2,2,1|2,True,True,True,True,1.0
197c1736a92b42d2671a7ea927a9d7d8,species,2,2,2024848.108|291828.7,2024848.108|291828.7,2024848.108,Parvibaculum sp.,2024848.108,Parvibaculum sp.,2,2,2,2|8,True,True,True,True,1.0
1980f85917cba3cc5526afa87e56688e,species,1,1,77133.3915,77133.3915,77133.3915,uncultured bacterium,77133.3915,uncultured bacterium,1,1,1,1,True,True,True,True,1.0
1983f113bf272f7f83da0929b18d4cee,species,2,2,3399679.3|303.1597,3399679.3|303.1597,3399679.3,Pseudomonas sp. OHS18,3399679.3,Pseudomonas sp. OHS18,1,2,2,1|2,True,True,True,True,1.0
19a1dc82e2cf12281b32cc89a57e30b7,species,1,1,2052162.55,2052162.55,2052162.55,Gallionellaceae bacterium,2052162.55,Gallionellaceae bacterium,3,1,1,3,True,True,True,True,1.0
19afeb3e0d01a5492a41d561205a14a0,genus,1,1,2053517.330,2053517.330,2053517.330,Bdellovibrionales bacterium,2053517.330,Bdellovibrionales bacterium,1,1,1,1,True,True,True,True,1.0
19c857b22d546bef9380ac77c4e966b2,species,0,0,,,,,,,,0,0,,,,,,
19c87bdda8418c4f9998480f8267a3ca,genus,2,2,111564.3|1208313.4,111564.3|1208313.4,111564.3,Kineosphaera limosa,111564.3,Kineosphaera limosa,1,2,2,1|2,True,True,True,True,1.0
19dc9d46a577d5261b34ff5a9b05589a,family,2,2,1898104.853|1906665.323,1898104.853|1906665.323,1898104.853,Bacteroidota bacterium,1898104.853,Bacteroidota bacterium,1,2,2,1|2,True,True,True,True,1.0
1a1fe3cf3b654df136528d1e51910b5d,family,2,2,2053591.246|2026779.717,2053591.246|2026779.717,2053591.246,Planctomycetales bacterium,2053591.246,Planctomycetales bacterium,1,2,2,1|2,True,True,True,True,1.0
1a2065893679e2d92555ccf5e035a850,species,2,2,1610527.3|91750.3113,1610527.3|91750.3113,1610527.3,Devosia honganensis,1610527.3,Devosia honganensis,1,2,2,1|2,True,True,True,True,1.0
1a4c7418738f3026c98d8197304a62de,genus,1,1,120965.188,120965.188,120965.188,uncultured Planctomycetota bacterium,120965.188,uncultured Planctomycetota bacterium,1,1,1,1,True,True,True,True,1.0
1a56fa29c509dc35eda42220207a85f6,family,1,1,1672391.396,1672391.396,1672391.396,uncultured Chloroflexia bacterium,1672391.396,uncultured Chloroflexia bacterium,1,1,1,1,True,True,True,True,1.0
1a6b301fd7e9e954aef113c9319f2179,species,2,2,2448052.95|91750.4277,2448052.95|91750.4277,2448052.95,Geminicoccaceae bacterium,2448052.95,Geminicoccaceae bacterium,1,2,2,1|2,True,True,True,True,1.0
1a6b54d3adf760516b2d8543f680ca42,species,1,1,2026779.892,2026779.892,2026779.892,Planctomycetaceae bacterium,2026779.892,Planctomycetaceae bacterium,1,1,1,1,True,True,True,True,1.0
1a794323b4260dd2174af6c9c046e5a9,species,1,1,1871048.28,1871048.28,1871048.28,Devosia sp.,1871048.28,Devosia sp.,2,1,1,2,True,True,True,True,1.0
1a80aab8b1f79e352aa889f588fdb24b,species,1,1,100233.456,100233.456,100233.456,uncultured Planctomycetaceae bacterium,100233.456,uncultured Planctomycetaceae bacterium,1,1,1,1,True,True,True,True,1.0
1a94c16439da16f17e07221a570171c4,species,2,2,2053538.110|2026780.1498,2053538.110|2026780.1498,2053538.110,Candidatus Competibacteraceae bacterium,2053538.110,Candidatus Competibacteraceae bacterium,2,2,2,2|5,True,True,True,True,1.0
1a9780bf1c30e8e1780127857e86e643,below,0,0,,,,,,,,0,0,,,,,,
1a9a545f9df7da847fabaff552806c4c,species,1,1,1898104.5357,1898104.5357,1898104.5357,Bacteroidota bacterium,1898104.5357,Bacteroidota bacterium,1,1,1,1,True,True,True,True,1.0
1ab6510c831ca16f707e571940f45902,species,1,1,3016444.3,3016444.3,3016444.3,Microcystis sp. LE19-251.1A,3016444.3,Microcystis sp. LE19-251.1A,1,1,1,1,True,True,True,True,1.0
1ab65ecfea85512656a199ff155c4639,genus,1,1,1947870.3,1947870.3,1947870.3,Cloacimonetes bacterium UBA6081,1947870.3,Cloacimonetes bacterium UBA6081,1,1,1,1,True,True,True,True,1.0
1ad7acfb33f0bee7984eb9a8d5278a96,species,2,2,1872424.27|1542388.4,1872424.27|1542388.4,1872424.27,Albidovulum sp.,1872424.27,Albidovulum sp.,1,2,2,1|3,True,True,True,True,1.0
1adca41cdac8dafb8ede4dce00d36f6f,species,2,2,3374103.3|1891241.418,3374103.3|1891241.418,3374103.3,Limnohabitans sp. DCL3,3374103.3,Limnohabitans sp. DCL3,1,2,2,1|2,True,True,True,True,1.0
1b0bc572aebbc47db21f3256d0148ad1,species,2,2,2053538.110|2026780.1498,2053538.110|2026780.1498,2053538.110,Candidatus Competibacteraceae bacterium,2053538.110,Candidatus Competibacteraceae bacterium,2,2,2,2|5,True,True,True,True,1.0
1b1d9eefdeba265b674ce0da84e0f8a6,species,2,2,376.565|2698826.3,376.565|2698826.3,376.565,Bradyrhizobium sp.,376.565,Bradyrhizobium sp.,1,2,2,1|3,True,True,True,True,1.0
1b3493e79d1f6068c6dad069bef5e4f9,family,1,1,2026724.1127,2026724.1127,2026724.1127,Chloroflexota bacterium,2026724.1127,Chloroflexota bacterium,1,1,1,1,True,True,True,True,1.0
1b4342db8f0965f97fa9b7ffeed257f7,genus,2,2,416016.4|79329.595,416016.4|79329.595,416016.4,Flavobacterium cucumis,416016.4,Flavobacterium cucumis,2,2,2,2|1,True,True,True,True,1.0
1b7785fe3f22a3cd17331db58fd877f7,species,1,1,2593537.4,2593537.4,2593537.4,Desulfobacula sp.,2593537.4,Desulfobacula sp.,1,1,1,1,True,True,True,True,1.0
1b8e852b8e0a565ce0d5feead0c0d143,genus,1,1,2052143.1196,2052143.1196,2052143.1196,Anaerolineae bacterium,2052143.1196,Anaerolineae bacterium,1,1,1,1,True,True,True,True,1.0
1b928ac12dc87878c3c36113baa33d56,species,1,1,1062.290,1062.290,1062.290,Rhodobacter sp.,1062.290,Rhodobacter sp.,1,1,1,1,True,True,True,True,1.0
1b99aaeb64bee113af2f78c0551b142f,species,2,2,2772253.3|2994972.3,2772253.3|2994972.3,2772253.3,Chryseoglobus sp. 28M-23,2772253.3,Chryseoglobus sp. 28M-23,1,2,2,1|2,True,True,True,True,1.0
1b9ffb7b5520643deb19288b3c86d3b0,genus,1,1,1619078.4,1619078.4,1619078.4,candidate division TM6 bacterium GW2011_GWF2_30_66,1619078.4,candidate division TM6 bacterium GW2011_GWF2_30_66,1,1,1,1,True,True,True,True,1.0
1bc3ae0ffe2b0dc9eb0d118270bacbad,genus,1,1,2030808.326,2030808.326,2030808.326,Candidatus Cloacimonadota bacterium,2030808.326,Candidatus Cloacimonadota bacterium,1,1,1,1,True,True,True,True,1.0
1bcf37c0ba753c69b80ee15de8fc5e9a,species,2,2,2053538.110|2026780.1498,2053538.110|2026780.1498,2053538.110,Candidatus Competibacteraceae bacterium,2053538.110,Candidatus Competibacteraceae bacterium,2,2,2,2|5,True,True,True,True,1.0
1bd96f5d64c1511756f59367c7d032c1,family,1,1,1962908.11,1962908.11,1962908.11,Gemmatimonas sp.,1962908.11,Gemmatimonas sp.,1,1,1,1,True,True,True,True,1.0
1bf576429ff6ab9f08712b93347f2042,species,1,1,332614.406,332614.406,332614.406,uncultured Pseudomonadales bacterium,332614.406,uncultured Pseudomonadales bacterium,1,1,1,1,True,True,True,True,1.0
1c0872d68dca4dc0bdd65c5a44fd60d7,genus,2,2,2780402.6|2780400.5,2780402.6|2780400.5,2780402.6,Nostoc sp. CHAB 5824,2780402.6,Nostoc sp. CHAB 5824,1,2,2,1|2,True,True,True,True,1.0
1c1f30f8811e0b7c2821ad1d239a2ed9,genus,3,3,2484945.4|1917863.3|2484912.4,2484945.4|1917863.3|2484912.4,2484945.4,Leptospira ognonensis,2484945.4,Leptospira ognonensis,1,3,3,1|2|5,True,True,True,True,1.0
1c21c3efba2a987e6fe6c4fb560e0d6f,family,1,1,2026770.468,2026770.468,2026770.468,Nitrospiraceae bacterium,2026770.468,Nitrospiraceae bacterium,3,1,1,3,True,True,True,True,1.0
1c6bf8efe709f63c28e0225da6870395,species,2,2,28037.1772|1733.9502,28037.1772|1733.9502,28037.1772,Streptococcus mitis,28037.1772,Streptococcus mitis,1,2,2,1|6,True,True,True,True,1.0
1c958b3f63ec46d9ff95e6d5b2e8460c,family,1,1,2035772.1469,2035772.1469,2035772.1469,Candidatus Omnitrophota bacterium,2035772.1469,Candidatus Omnitrophota bacterium,1,1,1,1,True,True,True,True,1.0
1c9dfedb1efb0460abd8cf7404747215,species,1,1,1122261.3,1122261.3,1122261.3,Phreatobacter oligotrophus,1122261.3,Phreatobacter oligotrophus,1,1,1,1,True,True,True,True,1.0
1ca02ffdb857afcb1c7ee9a62a242d33,genus,2,2,1869227.7415|153809.1301,1869227.7415|153809.1301,1869227.7415,bacterium,1869227.7415,bacterium,1,2,2,1|2,True,True,True,True,1.0
1ca4af8e1801885e7c796a44aea3e5c2,species,1,1,1909294.1269,1909294.1269,1909294.1269,Hyphomicrobiales bacterium,1909294.1269,Hyphomicrobiales bacterium,1,1,1,1,True,True,True,True,1.0
1cb93a9bbfca9dfd33e93afdb593b028,genus,3,3,2881339.9|2605990.3|3119916.3,2881339.9|2605990.3|3119916.3,2881339.9,Ancylobacter sp. Lp-2,2881339.9,Ancylobacter sp. Lp-2,1,3,3,1|2|8,True,True,True,True,1.0
1cbf580d763d0eb5497ff2d6468e7668,family,2,2,3045146.4|2044939.4531,3045146.4|2044939.4531,3045146.4,Petroclostridium sp. X23,3045146.4,Petroclostridium sp. X23,6,2,2,6|2,True,True,True,True,1.0
1cc44d23e7750dcab8e5aaa84d6948e9,genus,1,1,1225128.4,1225128.4,1225128.4,Sediminicoccus rosea,1225128.4,Sediminicoccus rosea,1,1,1,1,True,True,True,True,1.0
1cd767f3737cce5e452bf03b89308dbf,genus,1,1,2053589.824,2053589.824,2053589.824,Minisyncoccota bacterium,2053589.824,Minisyncoccota bacterium,1,1,1,1,True,True,True,True,1.0
1ce2aaf91bddaf3b39316253f14124b4,family,1,1,2053538.110,2053538.110,2053538.110,Candidatus Competibacteraceae bacterium,2053538.110,Candidatus Competibacteraceae bacterium,2,1,1,2,True,True,True,True,1.0
1cf86ec8fa1868b794947b24e5008d53,species,1,1,460511.80,460511.80,460511.80,uncultured Spirochaetota bacterium,460511.80,uncultured Spirochaetota bacterium,1,1,1,1,True,True,True,True,1.0
1d00d53907098c96b4d049289b9c8c2d,family,2,2,2746922.7|2567971.3,2746922.7|2567971.3,2746922.7,Candidatus Paracaedibacteraceae bacterium,2746922.7,Candidatus Paracaedibacteraceae bacterium,3,2,2,3|2,True,True,True,True,1.0
1d02f56351309551d29c15bfb09836ff,species,1,1,3034609.8,3034609.8,3034609.8,Aminobacteriaceae bacterium,3034609.8,Aminobacteriaceae bacterium,1,1,1,1,True,True,True,True,1.0
1d1348077bac342474e8ac3886b5cfe9,species,1,1,65656.6,65656.6,65656.6,Hydrogenophaga taeniospiralis,65656.6,Hydrogenophaga taeniospiralis,1,1,1,1,True,True,True,True,1.0
1d577e9b5886d1a98f7bf21925389513,genus,2,2,497635.20|1898105.173,497635.20|1898105.173,497635.20,uncultured Paludibacter sp.,497635.20,uncultured Paludibacter sp.,1,2,2,1|4,True,True,True,True,1.0
1d7eb210d3e647c3767ad68098e15ece,genus,1,1,1869227.3920,1869227.3920,1869227.3920,bacterium,1869227.3920,bacterium,1,1,1,1,True,True,True,True,1.0
1d89d8f60c250a959282721ea8d53932,genus,1,1,2049049.19,2049049.19,2049049.19,Veillonellaceae bacterium,2049049.19,Veillonellaceae bacterium,1,1,1,1,True,True,True,True,1.0
1da2043d0d47ae10c794ece80809312a,species,2,2,2822718.3|1858609.4,2822718.3|1858609.4,2822718.3,Acidovorax sp. JG5,2822718.3,Acidovorax sp. JG5,1,2,2,1|2,True,True,True,True,1.0
1da23dee00520d2c9e0e21bac4a70bca,species,1,1,3122438.3,3122438.3,3122438.3,Limnospira platensis,3122438.3,Limnospira platensis,1,1,1,1,True,True,True,True,1.0
1ddbcf32d4c7895dc00ad6ff4c190c41,genus,1,1,2030809.56,2030809.56,2030809.56,Candidatus Hydrogenedentota bacterium,2030809.56,Candidatus Hydrogenedentota bacterium,1,1,1,1,True,True,True,True,1.0
1dddf92634a6dd963519eeade1c99e96,species,1,1,1940288.296,1940288.296,1940288.296,Ferruginibacter sp.,1940288.296,Ferruginibacter sp.,1,1,1,1,True,True,True,True,1.0
1e087915693b385bd72479ee247a905d,species,2,2,2053538.110|2026780.1498,2053538.110|2026780.1498,2053538.110,Candidatus Competibacteraceae bacterium,2053538.110,Candidatus Competibacteraceae bacterium,2,2,2,2|5,True,True,True,True,1.0
1e0dac76fcdb05025b703b80f8a425ad,species,2,2,2015799.213|82.61,2015799.213|82.61,2015799.213,Hyphomicrobiaceae bacterium,2015799.213,Hyphomicrobiaceae bacterium,1,2,2,1|4,True,True,True,True,1.0
1e138f7e699c3512f4c90b0653edc8a5,species,2,2,3142262.4|1134435.5,3142262.4|1134435.5,3142262.4,Thauera sp. JM12B12,3142262.4,Thauera sp. JM12B12,1,2,2,1|2,True,True,True,True,1.0
1e2fbb5d61b37ada49dc6bd40d0000a1,genus,1,1,1935954.15,1935954.15,1935954.15,uncultured Isosphaeraceae bacterium,1935954.15,uncultured Isosphaeraceae bacterium,1,1,1,1,True,True,True,True,1.0
1e3bd1b78673a9c5c351a90d1d146ca6,species,1,1,179883.4176,179883.4176,179883.4176,uncultured Candidatus Saccharibacteria bacterium,179883.4176,uncultured Candidatus Saccharibacteria bacterium,1,1,1,1,True,True,True,True,1.0
1e6085faf9191d49b7fafbf437070327,genus,2,2,2922717.5|2730080.3,2922717.5|2730080.3,2922717.5,Fundidesulfovibrio agrisoli,2922717.5,Fundidesulfovibrio agrisoli,1,2,2,1|3,True,True,True,True,1.0
1e66bb0bc980e68312b65623f38f5659,species,2,2,3142262.4|1134435.5,3142262.4|1134435.5,3142262.4,Thauera sp. JM12B12,3142262.4,Thauera sp. JM12B12,1,2,2,1|2,True,True,True,True,1.0
1e6d6da38fe7326ced38f5bc3eab202e,below,0,0,,,,,,,,0,0,,,,,,
1e875ab9c02b8c485fc9b2a57b036618,species,2,2,2053538.110|2026780.1498,2053538.110|2026780.1498,2053538.110,Candidatus Competibacteraceae bacterium,2053538.110,Candidatus Competibacteraceae bacterium,2,2,2,2|5,True,True,True,True,1.0
1ea36215d6b2de29a8a421abb7e1c97f,species,2,2,1111140.3|1349818.6,1111140.3|1349818.6,1111140.3,Herminiimonas contaminans,1111140.3,Herminiimonas contaminans,1,2,2,1|4,True,True,True,True,1.0
1eb5aa858068690722a6a43c771828c5,species,1,1,2099376.6,2099376.6,2099376.6,Desulforhopalus sp.,2099376.6,Desulforhopalus sp.,1,1,1,1,True,True,True,True,1.0
1eb8307a14692714237232bee48508aa,species,2,2,318464.76|1550.8,318464.76|1550.8,318464.76,Clostridium sulfidigenes,318464.76,Clostridium sulfidigenes,1,2,2,1|6,True,True,True,True,1.0
1ebd19d858cdf668144b06b363c0480a,species,2,2,1883427.1926|2900548.2027,1883427.1926|2900548.2027,1883427.1926,Actinomycetes bacterium,1883427.1926,Actinomycetes bacterium,8,2,2,8|10,True,True,True,True,1.0
1ebd8ebe200d6e90235d5d39182ab9e9,species,2,2,137779.9|29420.11,137779.9|29420.11,137779.9,,137779.9,,1,2,2,1|2,True,True,True,False,1.0
1ed057f434adead7cfb935fe4772ca6c,family,1,1,2202144.535,2202144.535,2202144.535,Spirochaetota bacterium,2202144.535,Spirochaetota bacterium,1,1,1,1,True,True,True,True,1.0
1ef9cfe3a66f775716836af5583653b6,genus,1,1,100371.50,100371.50,100371.50,uncultured Planctomycetales bacterium,100371.50,uncultured Planctomycetales bacterium,1,1,1,1,True,True,True,True,1.0
1f1ff56fd37c5c9b1a9ac7b1d99e10b0,species,1,1,1909295.556,1909295.556,1909295.556,Solirubrobacterales bacterium,1909295.556,Solirubrobacterales bacterium,2,1,1,2,True,True,True,True,1.0
1f4491b1444e78b7fe29fbf2b44589ec,genus,2,2,2049433.279|2528438.3,2049433.279|2528438.3,2049433.279,Desulfobacteraceae bacterium,2049433.279,Desulfobacteraceae bacterium,2,2,2,2|3,True,True,True,True,1.0
1f742ed117527371dfcf593c2f4ba2ac,genus,0,1,,413497.13,,,413497.13,Cronobacter dublinensis,,0,0,,,,,,
1f751cf738ab75c07036d474fe17f89b,genus,1,1,2283092.706,2283092.706,2283092.706,Pyrinomonadaceae bacterium,2283092.706,Pyrinomonadaceae bacterium,1,1,1,1,True,True,True,True,1.0
1f8314330dcf6de75c603ce72c54e215,species,2,2,2917991.6|2801335.3,2917991.6|2801335.3,2917991.6,Devosia lacusdianchii,2917991.6,Devosia lacusdianchii,1,2,2,1|2,True,True,True,True,1.0
1f93c64e6cc1546a2303eef131a9c266,species,1,1,2651163.53,2651163.53,2651163.53,Ignavibacteriaceae bacterium,2651163.53,Ignavibacteriaceae bacterium,2,1,1,2,True,True,True,True,1.0
1fa2044a2fce976ef0f1b93fde6d0f67,genus,2,2,2283092.647|91750.3245,2283092.647|91750.3245,2283092.647,Pyrinomonadaceae bacterium,2283092.647,Pyrinomonadaceae bacterium,2,2,2,2|1,True,True,True,True,1.0
1fa7a955ef1751fd87221d46a553d5a4,family,1,1,2052143.979,2052143.979,2052143.979,Anaerolineae bacterium,2052143.979,Anaerolineae bacterium,1,1,1,1,True,True,True,True,1.0
1faf7bd8cd441e6b6906912b41826bff,species,2,2,2026724.3243|2073117.63,2026724.3243|2073117.63,2026724.3243,Chloroflexota bacterium,2026724.3243,Chloroflexota bacterium,1,2,2,1|2,True,True,True,True,1.0
1fb0ccdafe26096560a30a845f2d7a64,species,2,2,3142262.4|1134435.5,3142262.4|1134435.5,3142262.4,Thauera sp. JM12B12,3142262.4,Thauera sp. JM12B12,1,2,2,1|2,True,True,True,True,1.0
1fb76e9024d65c0e8295772223ddc25c,species,1,1,1037380.4,1037380.4,1037380.4,Chryseobacterium tructae,1037380.4,Chryseobacterium tructae,1,1,1,1,True,True,True,True,1.0
1fb92de9217b2df31fe1acc832eb7cfe,species,2,2,2582906.4|188475.4,2582906.4|188475.4,2582906.4,Holophaga sp.,2582906.4,Holophaga sp.,2,2,2,2|1,True,True,True,True,1.0
1fb9e26dfd7666d4ed0a935369222ab6,species,2,2,128785.61|69284.5,128785.61|69284.5,128785.61,Pseudoxanthomonas mexicana,128785.61,Pseudoxanthomonas mexicana,1,2,2,1|2,True,True,True,True,1.0
1fbebf41466cae9d33a4701c944cb55d,species,1,1,2699754.70,2699754.70,2699754.70,Pirellulaceae bacterium,2699754.70,Pirellulaceae bacterium,1,1,1,1,True,True,True,True,1.0
1fc2dd1d22965a9274791a242f6f7967,species,2,2,2211374.3|2823334.3,2211374.3|2823334.3,2211374.3,Candidatus Accumulibacter meliphilus,2211374.3,Candidatus Accumulibacter meliphilus,1,2,2,1|5,True,True,True,True,1.0
1fe4bac988b98c20065e627cbeed5abe,genus,1,1,2026763.534,2026763.534,2026763.534,Myxococcales bacterium,2026763.534,Myxococcales bacterium,1,1,1,1,True,True,True,True,1.0
1fea5ce3c0cf928345d17af098c9d695,below,0,0,,,,,,,,0,0,,,,,,
1ffa531ee1884a8170502b97ab036377,species,2,2,2717303.8|2202734.717,2717303.8|2202734.717,2717303.8,Haliscomenobacter sp.,2717303.8,Haliscomenobacter sp.,1,2,2,1|2,True,True,True,True,1.0
1ffdb6c0e376be6d6c78ea0efa3d3efb,genus,2,2,1953163.3|1977087.4909,1953163.3|1977087.4909,1953163.3,Bacteroidetes bacterium UBA5697,1953163.3,Bacteroidetes bacterium UBA5697,1,2,2,1|2,True,True,True,True,1.0
20071ce3118c3d9179ddc51ae9a2df8d,species,2,2,2053538.110|2026780.1498,2053538.110|2026780.1498,2053538.110,Candidatus Competibacteraceae bacterium,2053538.110,Candidatus Competibacteraceae bacterium,2,2,2,2|5,True,True,True,True,1.0
200727417d50397946def5cc625b303c,genus,1,1,2021391.497,2021391.497,2021391.497,Flavobacteriales bacterium,2021391.497,Flavobacteriales bacterium,1,1,1,1,True,True,True,True,1.0
2014a4af43343380460596c035955bb2,genus,1,1,77133.4208,77133.4208,77133.4208,uncultured bacterium,77133.4208,uncultured bacterium,1,1,1,1,True,True,True,True,1.0
2022ad805949369909712c0e7401d2d9,family,1,1,3242729.3,3242729.3,3242729.3,Pseudoxanthomonas fibrivorans,3242729.3,Pseudoxanthomonas fibrivorans,3,1,1,3,True,True,True,True,1.0
20469d72e93df33ce42ef32cd159fdb7,species,1,1,2828731.3,2828731.3,2828731.3,Affinundibacterium baiyunense,2828731.3,Affinundibacterium baiyunense,1,1,1,1,True,True,True,True,1.0
205315dbeb3b10d644e640345acfd1cd,genus,2,2,2026735.1846|2528248.22,2026735.1846|2528248.22,2026735.1846,Deltaproteobacteria bacterium,2026735.1846,Deltaproteobacteria bacterium,1,2,2,1|2,True,True,True,True,1.0
20823322077cf511c8eff4f0840466fd,species,2,2,3051123.6|40324.139,3051123.6|40324.139,3051123.6,Stenotrophomonas sp. 17(2023),3051123.6,Stenotrophomonas sp. 17(2023),1,2,2,1|3,True,True,True,True,1.0
20a28fbb9476bb378cb54f112f7bd56e,species,1,1,2006848.162,2006848.162,2006848.162,Opitutaceae bacterium,2006848.162,Opitutaceae bacterium,1,1,1,1,True,True,True,True,1.0
20a9249fa54827879c0f6390a75be253,species,2,2,3083246.137|853.11274,3083246.137|853.11274,3083246.137,Christensenellales bacterium,3083246.137,Christensenellales bacterium,1,2,2,1|7,True,True,True,True,1.0
20b5f26aab86a05a64bf244cacaabfff,genus,1,1,28141.181,28141.181,28141.181,Cronobacter sakazakii,28141.181,Cronobacter sakazakii,1,1,1,1,True,True,True,True,1.0
20c9c2af2230ce5630d0abe6206b78e5,species,1,1,91750.4177,91750.4177,91750.4177,uncultured Alphaproteobacteria bacterium,91750.4177,uncultured Alphaproteobacteria bacterium,1,1,1,1,True,True,True,True,1.0
20cb2cf77aaa07151809efac69068e35,species,2,2,1953771.15|28210.17,1953771.15|28210.17,1953771.15,Chelatococcus sp.,1953771.15,Chelatococcus sp.,1,2,2,1|2,True,True,True,True,1.0
20cb9ee86575e5e679d434d0b0000bdf,genus,1,1,59201.2046,59201.2046,59201.2046,Salmonella enterica,59201.2046,Salmonella enterica,1,1,1,1,True,True,True,True,1.0
20d2ba80c3675a6518784abffd18fd66,species,2,2,2211374.3|2823334.3,2211374.3|2823334.3,2211374.3,Candidatus Accumulibacter meliphilus,2211374.3,Candidatus Accumulibacter meliphilus,1,2,2,1|5,True,True,True,True,1.0
20d434d603af21649a680f184c47b5c1,species,1,1,59201.2046,59201.2046,59201.2046,Salmonella enterica,59201.2046,Salmonella enterica,1,1,1,1,True,True,True,True,1.0
20d6b39271731c6db0fb0c7b01c309be,species,1,1,1948831.3,1948831.3,1948831.3,Patescibacteria group bacterium UBA5532,1948831.3,Patescibacteria group bacterium UBA5532,1,1,1,1,True,True,True,True,1.0
20f497945ef41a64504498411fdb908e,species,2,2,2954380.4|2954386.5,2954380.4|2954386.5,2954380.4,Candidatus Accumulibacter propinquus,2954380.4,Candidatus Accumulibacter propinquus,1,2,2,1|3,True,True,True,True,1.0
2124b56385aa205302365f54ac91e345,family,2,2,2030811.156|2044595.311,2030811.156|2044595.311,2030811.156,Candidatus Peregrinibacteria bacterium,2030811.156,Candidatus Peregrinibacteria bacterium,1,2,2,1|2,True,True,True,True,1.0
21303e01cd67416ee96438f8033c47ec,species,1,1,2053589.824,2053589.824,2053589.824,Minisyncoccota bacterium,2053589.824,Minisyncoccota bacterium,1,1,1,1,True,True,True,True,1.0
213316fad482ffd7922d39b1cc5af012,below,0,0,,,,,,,,0,0,,,,,,
2136e957bd8bf484e0b98998e45bc9fe,genus,1,1,2053589.824,2053589.824,2053589.824,Minisyncoccota bacterium,2053589.824,Minisyncoccota bacterium,1,1,1,1,True,True,True,True,1.0
213ec0ef843de45b3db9302876229bed,species,2,2,2502187.3|1349791.3,2502187.3|1349791.3,2502187.3,Hydrogenophaga sp. 2FB,2502187.3,Hydrogenophaga sp. 2FB,2,2,2,2|3,True,True,True,True,1.0
21632f1a314cf0e99d490c55313971f4,family,1,1,2052180.321,2052180.321,2052180.321,Phycisphaerales bacterium,2052180.321,Phycisphaerales bacterium,1,1,1,1,True,True,True,True,1.0
2176ad2461d7d313cef34033bdf0dae4,genus,1,1,120965.188,120965.188,120965.188,uncultured Planctomycetota bacterium,120965.188,uncultured Planctomycetota bacterium,1,1,1,1,True,True,True,True,1.0
21893939a495f5e06da1caf29a4fd1ba,family,1,1,49181.51,49181.51,49181.51,Zoogloea sp.,49181.51,Zoogloea sp.,1,1,1,1,True,True,True,True,1.0
21956fc2fcbf84b073dcfd637b73ed13,family,1,1,1879010.9650,1879010.9650,1879010.9650,Bacillota bacterium,1879010.9650,Bacillota bacterium,1,1,1,1,True,True,True,True,1.0
2195b517f49493e64a520062ef050319,genus,1,1,1672391.187,1672391.187,1672391.187,uncultured Chloroflexia bacterium,1672391.187,uncultured Chloroflexia bacterium,1,1,1,1,True,True,True,True,1.0
219feddb29ee57b4fe717e9b6b9d9287,family,2,2,2053538.110|2026780.1498,2053538.110|2026780.1498,2053538.110,Candidatus Competibacteraceae bacterium,2053538.110,Candidatus Competibacteraceae bacterium,2,2,2,2|5,True,True,True,True,1.0
21dfc8942940d86d88c456d8f9947037,genus,2,2,153809.1191|1869227.7415,153809.1191|1869227.7415,153809.1191,uncultured Pseudomonadota bacterium,153809.1191,uncultured Pseudomonadota bacterium,1,2,2,1|2,True,True,True,True,1.0
21e4450a897f6df58e850ea36bc0e458,genus,1,1,1869227.7440,1869227.7440,1869227.7440,bacterium,1869227.7440,bacterium,1,1,1,1,True,True,True,True,1.0
21f304f9000c7add33813614289485c3,species,2,2,571256.38|3039854.5,571256.38|3039854.5,571256.38,Brucella pituitosa,571256.38,Brucella pituitosa,2,2,2,2|5,True,True,True,True,1.0
21fb43a846d2a6805c1130a0d5eb4615,species,2,2,1529005.24|589035.6,1529005.24|589035.6,1529005.24,Gemmobacter sp. LW-1,1529005.24,Gemmobacter sp. LW-1,1,2,2,1|2,True,True,True,True,1.0
2205102b421b76970c6b6301c1117fea,genus,1,1,2026778.117,2026778.117,2026778.117,Phycisphaerae bacterium,2026778.117,Phycisphaerae bacterium,1,1,1,1,True,True,True,True,1.0
222065a5b4f8dd9f8bfb3c4a79c45404,family,2,2,2053538.110|2026780.1498,2053538.110|2026780.1498,2053538.110,Candidatus Competibacteraceae bacterium,2053538.110,Candidatus Competibacteraceae bacterium,2,2,2,2|5,True,True,True,True,1.0
22260a6a60556bb92e140ff340fe33cb,species,1,1,2172549.5,2172549.5,2172549.5,Candidatus Brocadia sp.,2172549.5,Candidatus Brocadia sp.,1,1,1,1,True,True,True,True,1.0
2240a7b7e8e7c7350d798d182d23362d,species,2,2,2482790.201|1664347.22,2482790.201|1664347.22,2482790.201,Thermomicrobiales bacterium,2482790.201,Thermomicrobiales bacterium,1,2,2,1|3,True,True,True,True,1.0
2242083c1dc5f1038c8c38689454c731,species,1,1,86027.1465,86027.1465,86027.1465,uncultured beta proteobacterium,86027.1465,uncultured beta proteobacterium,1,1,1,1,True,True,True,True,1.0
2282dd5a4aa4542ea14a5e62d8dcdd60,genus,3,3,1907725.231|2986281.3|2094193.3,1907725.231|2986281.3|2094193.3,1907725.231,Limnohabitans sp.,1907725.231,Limnohabitans sp.,1,3,3,1|2|4,True,True,True,True,1.0
22958f01426d8f1fe3f4922e13710669,species,2,2,1883427.3113|2518612.209,1883427.3113|2518612.209,1883427.3113,Actinomycetes bacterium,1883427.3113,Actinomycetes bacterium,1,2,2,1|3,True,True,True,True,1.0
22a8878d65414c6f84ae21a8b0ea58f2,genus,1,1,1869227.7401,1869227.7401,1869227.7401,bacterium,1869227.7401,bacterium,1,1,1,1,True,True,True,True,1.0
22cccfd1036b0da2107edb67c4342216,species,1,1,1961806.38,1961806.38,1961806.38,Lacunisphaera sp.,1961806.38,Lacunisphaera sp.,1,1,1,1,True,True,True,True,1.0
22de963e93a907d36c9e98cbe7b9d6e6,species,2,2,3126509.3|3138066.3,3126509.3|3138066.3,3126509.3,Frigidibacter sp. MR17.14,3126509.3,Frigidibacter sp. MR17.14,1,2,2,1|2,True,True,True,True,1.0
2304bf0d6643fee1fbc001318db1ad4b,family,1,1,2030806.406,2030806.406,2030806.406,Burkholderiaceae bacterium,2030806.406,Burkholderiaceae bacterium,1,1,1,1,True,True,True,True,1.0
2312e5308f3175a35b1dc7bfe43f43c2,below,0,0,,,,,,,,0,0,,,,,,
2339b9153877321a8808394660361370,family,2,2,2599941.102|3034169.27,2599941.102|3034169.27,2599941.102,Oligoflexia bacterium,2599941.102,Oligoflexia bacterium,1,2,2,1|5,True,True,True,True,1.0
2368c65ebd271dbefcef6a8e5b8f96c8,genus,4,4,2026799.1086|2212473.244|2026735.2530|90427.40,2026799.1086|2212473.244|2026735.2530|90427.40,2026799.1086,Verrucomicrobiota bacterium,2026799.1086,Verrucomicrobiota bacterium,3,4,4,3|4|6|7,True,True,True,True,1.0
236ef756301cc095368c057e6e68441a,species,1,1,1889775.113,1889775.113,1889775.113,Moraxellaceae bacterium,1889775.113,Moraxellaceae bacterium,2,1,1,2,True,True,True,True,1.0
2372eef172c186f13838a70a9670b5f3,genus,1,1,2052143.1196,2052143.1196,2052143.1196,Anaerolineae bacterium,2052143.1196,Anaerolineae bacterium,1,1,1,1,True,True,True,True,1.0
23a8fb497c520bb3bfe4a19dcb83c0f0,genus,1,1,634155.8,634155.8,634155.8,Pseudofulvimonas gallinarii,634155.8,Pseudofulvimonas gallinarii,1,1,1,1,True,True,True,True,1.0
23ae6bc28fbe3ff8eb1b39864e44c16f,species,2,2,1617415.5|3022862.16,1617415.5|3022862.16,1617415.5,Chloroflexi bacterium OLB14,1617415.5,Chloroflexi bacterium OLB14,1,2,2,1|2,True,True,True,True,1.0
23d185302357f6837cd05b5a4ea8a752,species,2,2,2053589.824|2052139.2287,2053589.824|2052139.2287,2053589.824,Minisyncoccota bacterium,2053589.824,Minisyncoccota bacterium,1,2,2,1|2,True,True,True,True,1.0
23d5162bd3f831c5a49c2ac1738f7077,species,2,2,1629334.6|2804860.4,1629334.6|2804860.4,1629334.6,Caedimonas varicaedens,1629334.6,Caedimonas varicaedens,1,2,2,1|2,True,True,True,True,1.0
23e2d8f758089d7901a67133fdcb1774,genus,1,1,422285.13,422285.13,422285.13,uncultured candidate division WWE3 bacterium,422285.13,uncultured candidate division WWE3 bacterium,1,1,1,1,True,True,True,True,1.0
23e3bc20f75455e749a0d1e94fc52d99,family,1,1,35817.23,35817.23,35817.23,Helicobacter heilmannii,35817.23,Helicobacter heilmannii,1,1,1,1,True,True,True,True,1.0
240773c51368dfb704940f7f07a1086f,species,1,1,1037380.4,1037380.4,1037380.4,Chryseobacterium tructae,1037380.4,Chryseobacterium tructae,1,1,1,1,True,True,True,True,1.0
2408497718b0f218cb2e61b730f076dd,species,1,1,2099675.13,2099675.13,2099675.13,Cyclobacteriaceae bacterium,2099675.13,Cyclobacteriaceae bacterium,2,1,1,2,True,True,True,True,1.0
240f5950bdcf258ffd3f138edd5b9f74,species,1,1,651561.29,651561.29,651561.29,Chryseobacterium arthrosphaerae,651561.29,Chryseobacterium arthrosphaerae,2,1,1,2,True,True,True,True,1.0
24213db804e55e47a3bf42bcad5d39c8,below,0,0,,,,,,,,0,0,,,,,,
2421aef9f1e0bdd32d422406736f36c3,species,1,1,3041274.13,3041274.13,3041274.13,Desulfomonilia bacterium,3041274.13,Desulfomonilia bacterium,1,1,1,1,True,True,True,True,1.0
24275739a875e089b14d8e961df6e393,genus,1,1,2044595.218,2044595.218,2044595.218,Candidatus Altimarinota bacterium,2044595.218,Candidatus Altimarinota bacterium,1,1,1,1,True,True,True,True,1.0
2429cd6f0fe0d95df344c1852f732a3c,genus,1,1,2820277.3,2820277.3,2820277.3,Azoarcus sp. L1K30,2820277.3,Azoarcus sp. L1K30,2,1,1,2,True,True,True,True,1.0
243b5edff540ea81f2a7e0fa4d64f798,genus,1,1,1672391.278,1672391.278,1672391.278,uncultured Chloroflexia bacterium,1672391.278,uncultured Chloroflexia bacterium,1,1,1,1,True,True,True,True,1.0
2459784d64f01fc458e94d327795cbb0,species,2,2,1208328.4|578943.3,1208328.4|578943.3,1208328.4,uncultured Dongia sp.,1208328.4,uncultured Dongia sp.,1,2,2,1|2,True,True,True,True,1.0
246044839f98332c3f907294a12872e4,species,1,1,2294114.3,2294114.3,2294114.3,Mesorhizobium denitrificans,2294114.3,Mesorhizobium denitrificans,1,1,1,1,True,True,True,True,1.0
248334b0c47168182a051f08b2ef513f,species,2,2,1977087.1861|3108391.3,1977087.1861|3108391.3,1977087.1861,Pseudomonadota bacterium,1977087.1861,Pseudomonadota bacterium,1,2,2,1|2,True,True,True,True,1.0
2484c2415e3f6d7f34abcbfc0b6f594e,below,0,0,,,,,,,,0,0,,,,,,
24b238f1b22602963ba9450d758e1cb5,species,2,2,2053538.110|2026780.1498,2053538.110|2026780.1498,2053538.110,Candidatus Competibacteraceae bacterium,2053538.110,Candidatus Competibacteraceae bacterium,2,2,2,2|5,True,True,True,True,1.0
24c58eff2ec329d1ad0469b022601afe,genus,1,1,2447898.187,2447898.187,2447898.187,Candidatus Kapaibacterium sp.,2447898.187,Candidatus Kapaibacterium sp.,1,1,1,1,True,True,True,True,1.0
24ca0a63be988ca363304388b3bfe90d,genus,2,2,1977087.4909|77133.4208,1977087.4909|77133.4208,1977087.4909,Pseudomonadota bacterium,1977087.4909,Pseudomonadota bacterium,1,2,2,1|2,True,True,True,True,1.0
24f9ce2385024c1a4fc88d25a811bf37,species,1,1,2818473.28,2818473.28,2818473.28,Giesbergeria sp.,2818473.28,Giesbergeria sp.,1,1,1,1,True,True,True,True,1.0
25377cbc62149c90f4913a16fde82492,family,1,1,2715253.337,2715253.337,2715253.337,Pirellulales bacterium,2715253.337,Pirellulales bacterium,1,1,1,1,True,True,True,True,1.0
2543233a5392f5513d0b50ddeb3a2eac,genus,3,3,74325.6|1871086.275|13160.39,74325.6|1871086.275|13160.39,74325.6,Brevundimonas poindexterae,74325.6,Brevundimonas poindexterae,1,3,3,1|7|11,True,True,True,True,1.0
25582c7a7728fc6c6157966f4f273ab0,species,1,1,1978231.992,1978231.992,1978231.992,Acidobacteriota bacterium,1978231.992,Acidobacteriota bacterium,1,1,1,1,True,True,True,True,1.0
25668c0238f943ae425391ec3054a4d0,species,2,2,1855285.3|50421.193,1855285.3|50421.193,1855285.3,Rhodoferax sp. OV413,1855285.3,Rhodoferax sp. OV413,1,2,2,1|5,True,True,True,True,1.0
25729815488a620137d8b9c2f7932266,family,1,1,2715255.5,2715255.5,2715255.5,Candidatus Sumerlaeia bacterium,2715255.5,Candidatus Sumerlaeia bacterium,1,1,1,1,True,True,True,True,1.0
258ca5992a1b39604781b94085b9c01f,species,1,1,1891241.436,1891241.436,1891241.436,Betaproteobacteria bacterium,1891241.436,Betaproteobacteria bacterium,1,1,1,1,True,True,True,True,1.0
259c15e26434f5754c70e0670254c9ac,family,2,2,2081524.49|305355.52,2081524.49|305355.52,2081524.49,Chlamydiota bacterium,2081524.49,Chlamydiota bacterium,1,2,2,1|2,True,True,True,True,1.0
259dfcaa73c423919e6a1725eb770dbc,species,1,1,1869212.1069,1869212.1069,1869212.1069,Chitinophagaceae bacterium,1869212.1069,Chitinophagaceae bacterium,1,1,1,1,True,True,True,True,1.0
25a51b5a13ddc025668a1f857e01d6e0,genus,2,2,2830982.4|229920.8,2830982.4|229920.8,2830982.4,Leptolinea sp. HRD-7,2830982.4,Leptolinea sp. HRD-7,1,2,2,1|2,True,True,True,True,1.0
25a8c8799cb313e7f3d71df715b63a81,family,1,1,2026778.311,2026778.311,2026778.311,Phycisphaerae bacterium,2026778.311,Phycisphaerae bacterium,1,1,1,1,True,True,True,True,1.0
25b9e6367954f2a0eb85a050968eaf87,genus,0,0,,,,,,,,0,0,,,,,,
25c992f387316cb8d6bd66a23c59fa25,family,1,1,2054177.123,2054177.123,2054177.123,Christensenellaceae bacterium,2054177.123,Christensenellaceae bacterium,2,1,1,2,True,True,True,True,1.0
25cdbc2e9bb078ad00a68839ca3dd009,genus,1,1,1672391.402,1672391.402,1672391.402,uncultured Chloroflexia bacterium,1672391.402,uncultured Chloroflexia bacterium,1,1,1,1,True,True,True,True,1.0
25f72762ddb065a304806357075936ae,genus,4,4,3141376.3|2600299.3|2587854.3|281252.8,3141376.3|2600299.3|2587854.3|281252.8,3141376.3,Roseibium sp. SCP15,3141376.3,Roseibium sp. SCP15,1,4,4,1|14|3|13,True,True,True,True,1.0
260d439ee8d7ae86e61a81c833b8529a,below,0,0,,,,,,,,0,0,,,,,,
2622eb23a9026bc47e7ced25e326a7f6,species,2,2,2053306.302|1948670.3,2053306.302|1948670.3,2053306.302,Ignavibacteria bacterium,2053306.302,Ignavibacteria bacterium,1,2,2,1|4,True,True,True,True,1.0
262f3075da0769bcc8d821fcd3a20515,species,1,1,498749.57,498749.57,498749.57,uncultured Solibacteraceae bacterium,498749.57,uncultured Solibacteraceae bacterium,1,1,1,1,True,True,True,True,1.0
2630a88af667e6f8ce570be86180c448,species,2,2,2030808.370|90426.195,2030808.370|90426.195,2030808.370,Candidatus Cloacimonadota bacterium,2030808.370,Candidatus Cloacimonadota bacterium,1,2,2,1|2,True,True,True,True,1.0
2633c0ec40dcfe1a9c022a54c35f7afd,genus,1,1,2026799.520,2026799.520,2026799.520,Verrucomicrobiota bacterium,2026799.520,Verrucomicrobiota bacterium,1,1,1,1,True,True,True,True,1.0
267d235f96993aebce68f5b6e924907a,species,2,2,2995142.3|128785.61,2995142.3|128785.61,2995142.3,Pseudoxanthomonas sp. SL93,2995142.3,Pseudoxanthomonas sp. SL93,1,2,2,1|2,True,True,True,True,1.0
26a01d48c79b8138aa95dea567b9a3a3,family,1,1,1913989.310,1913989.310,1913989.310,Gammaproteobacteria bacterium,1913989.310,Gammaproteobacteria bacterium,1,1,1,1,True,True,True,True,1.0
26bcb031ea5e9e32c511c17dd4ce8c44,genus,2,2,1672391.903|2705082.3,1672391.903|2705082.3,1672391.903,uncultured Chloroflexia bacterium,1672391.903,uncultured Chloroflexia bacterium,1,2,2,1|2,True,True,True,True,1.0
26daf0c5544e9a903a12f1ebc4c76867,species,1,1,1869212.1133,1869212.1133,1869212.1133,Chitinophagaceae bacterium,1869212.1133,Chitinophagaceae bacterium,1,1,1,1,True,True,True,True,1.0
26dea83ac13cb0eec8a20bfd19c71898,species,2,2,2478482.9|2528409.49,2478482.9|2528409.49,2478482.9,Hydrogenophilales bacterium,2478482.9,Hydrogenophilales bacterium,1,2,2,1|2,True,True,True,True,1.0
26ef86afa44dbbdebbae8f35e590f52e,species,1,1,1869212.1069,1869212.1069,1869212.1069,Chitinophagaceae bacterium,1869212.1069,Chitinophagaceae bacterium,1,1,1,1,True,True,True,True,1.0
26f1d3cabfe10ce02dc21df890288933,species,2,2,1977087.3137|1892844.3,1977087.3137|1892844.3,1977087.3137,Pseudomonadota bacterium,1977087.3137,Pseudomonadota bacterium,2,2,2,2|3,True,True,True,True,1.0
270627d3212731c2b2ef818a4d511844,family,2,2,2030808.326|2818468.5,2030808.326|2818468.5,2030808.326,Candidatus Cloacimonadota bacterium,2030808.326,Candidatus Cloacimonadota bacterium,1,2,2,1|2,True,True,True,True,1.0
2712088c692ac09b8656f6b6d660a866,genus,2,2,2448054.233|120965.193,2448054.233|120965.193,2448054.233,Gemmatimonadales bacterium,2448054.233,Gemmatimonadales bacterium,1,2,2,1|2,True,True,True,True,1.0
271464a4f73330acb4383213304aa7f6,species,2,2,1913989.2461|65786.20,1913989.2461|65786.20,1913989.2461,Gammaproteobacteria bacterium,1913989.2461,Gammaproteobacteria bacterium,1,2,2,1|2,True,True,True,True,1.0
272159a2cf982ac85cbd1e2df036f57f,species,2,2,2908002.3|1891241.444,2908002.3|1891241.444,2908002.3,Dechloromonas hankyongensis,2908002.3,Dechloromonas hankyongensis,6,2,2,6|2,True,True,True,True,1.0
275a039b4106cd2b369ffedf91f97bea,genus,5,5,2053306.302|1948670.3|1617412.6|77133.3915|2026799.1471,2053306.302|1948670.3|1617412.6|77133.3915|2026799.1471,2053306.302,Ignavibacteria bacterium,2053306.302,Ignavibacteria bacterium,1,5,5,1|4|6|3|7,True,True,True,True,1.0
275d284788c63e58553e4ec7f04a2ad2,family,2,2,2211374.3|2823334.3,2211374.3|2823334.3,2211374.3,Candidatus Accumulibacter meliphilus,2211374.3,Candidatus Accumulibacter meliphilus,1,2,2,1|5,True,True,True,True,1.0
278fd41d9cdf6ecd60b72a3c5040b422,genus,4,4,2049428.73|1898104.1110|2099675.34|2651163.85,2049428.73|1898104.1110|2099675.34|2651163.85,2049428.73,Ignavibacteriales bacterium,2049428.73,Ignavibacteriales bacterium,1,4,4,1|3|4|6,True,True,True,True,1.0
27a3997f133e42d68ff7eb611be425dc,species,1,1,1898104.640,1898104.640,1898104.640,Bacteroidota bacterium,1898104.640,Bacteroidota bacterium,1,1,1,1,True,True,True,True,1.0
27a7a7adaba67aa445d2bb0c11fb7bd2,genus,1,1,1965019.3,1965019.3,1965019.3,Geofilum rhodophaeum,1965019.3,Geofilum rhodophaeum,1,1,1,1,True,True,True,True,1.0
27bf69cd00ef237ae1e87b77289a08db,species,1,1,2902720.28,2902720.28,2902720.28,Spirosomataceae bacterium,2902720.28,Spirosomataceae bacterium,1,1,1,1,True,True,True,True,1.0
27c37a555fbb777f838e87eb700a3dc5,genus,1,1,111831.5,111831.5,111831.5,Defluviicoccus vanus,111831.5,Defluviicoccus vanus,1,1,1,1,True,True,True,True,1.0
27d1e7325ba5c557615f400ee3bdc01f,family,0,0,,,,,,,,0,0,,,,,,
27d7c4365ed098baa7ca0263cb5899d0,family,2,2,1792543.3|1134435.12,1792543.3|1134435.12,1792543.3,Thauera phenolivorans,1792543.3,Thauera phenolivorans,1,2,2,1|2,True,True,True,True,1.0
27ded494a7bb4537f8be7db4a906eb78,genus,1,1,1978231.940,1978231.940,1978231.940,Acidobacteriota bacterium,1978231.940,Acidobacteriota bacterium,1,1,1,1,True,True,True,True,1.0
27e75420dfbaead86cdeea9a2d74c96a,genus,2,2,2212473.308|156588.593,2212473.308|156588.593,2212473.308,Kiritimatiellia bacterium,2212473.308,Kiritimatiellia bacterium,1,2,2,1|3,True,True,True,True,1.0
27f97dfdf5b9a1a69282f5a4b9a90303,species,2,2,1932692.87|2026724.1189,1932692.87|2026724.1189,1932692.87,Lentisphaerota bacterium,1932692.87,Lentisphaerota bacterium,1,2,2,1|2,True,True,True,True,1.0
27fe45038a4da83676e5c2486e3eeb29,species,1,1,2030806.13,2030806.13,2030806.13,Burkholderiaceae bacterium,2030806.13,Burkholderiaceae bacterium,1,1,1,1,True,True,True,True,1.0
2818bb900daf69102f67534b7842f468,species,2,2,1005933.6|1915543.3,1005933.6|1915543.3,1005933.6,uncultured Methanoregula sp.,1005933.6,uncultured Methanoregula sp.,1,2,2,1|3,True,True,True,True,1.0
282cab71e9477b3f975788bf7a1596d2,genus,1,1,2026780.861,2026780.861,2026780.861,Planctomycetota bacterium,2026780.861,Planctomycetota bacterium,1,1,1,1,True,True,True,True,1.0
28353afe1c834630c711d5e68a3f9f5e,species,2,2,2890869.72|1869227.779,2890869.72|1869227.779,2890869.72,Candidatus Saccharimonadia bacterium,2890869.72,Candidatus Saccharimonadia bacterium,2,2,2,2|3,True,True,True,True,1.0
28408ddd1a806444605bc05518dfca92,genus,1,1,2691532.41,2691532.41,2691532.41,Isosphaeraceae bacterium,2691532.41,Isosphaeraceae bacterium,1,1,1,1,True,True,True,True,1.0
284394c0cbed2d299991537e7982d15e,species,2,2,3142262.4|1134435.5,3142262.4|1134435.5,3142262.4,Thauera sp. JM12B12,3142262.4,Thauera sp. JM12B12,1,2,2,1|2,True,True,True,True,1.0
284c148b9e6e544cb14a4adcb1113368,family,1,1,49181.51,49181.51,49181.51,Zoogloea sp.,49181.51,Zoogloea sp.,1,1,1,1,True,True,True,True,1.0
284d2baa4586b09fb406d0638c1c56db,genus,1,1,100233.320,100233.320,100233.320,uncultured Planctomycetaceae bacterium,100233.320,uncultured Planctomycetaceae bacterium,3,1,1,3,True,True,True,True,1.0
284db31b7945a96f5a7e480bc62e8142,family,2,2,2053538.110|2026780.1498,2053538.110|2026780.1498,2053538.110,Candidatus Competibacteraceae bacterium,2053538.110,Candidatus Competibacteraceae bacterium,2,2,2,2|5,True,True,True,True,1.0
285692702ef38d3267f94f61d0a49dca,species,1,1,77133.16159,77133.16159,77133.16159,uncultured bacterium,77133.16159,uncultured bacterium,2,1,1,2,True,True,True,True,1.0
28718ddd08d07a6bcc1455b2a2a072ee,family,1,1,2053538.96,2053538.96,2053538.96,Candidatus Competibacteraceae bacterium,2053538.96,Candidatus Competibacteraceae bacterium,8,1,1,8,True,True,True,True,1.0
28b1ea4c5e76cdf2af8a24776404bf75,species,2,2,2781738.3|1121003.3,2781738.3|1121003.3,2781738.3,Aquamicrobium zhengzhouense,2781738.3,Aquamicrobium zhengzhouense,1,2,2,1|2,True,True,True,True,1.0
28bdca1534c4ef35bc8e5c439f0fc4b5,family,1,1,2044944.17,2044944.17,2044944.17,Sphingobacteriales bacterium,2044944.17,Sphingobacteriales bacterium,1,1,1,1,True,True,True,True,1.0
28c7d0a378e38ce7176d81f4d844d9af,species,2,2,2053538.110|2026780.1498,2053538.110|2026780.1498,2053538.110,Candidatus Competibacteraceae bacterium,2053538.110,Candidatus Competibacteraceae bacterium,2,2,2,2|5,True,True,True,True,1.0
28cd6d5cd201fe16b62766a38ea3cb37,species,1,1,1869227.3441,1869227.3441,1869227.3441,bacterium,1869227.3441,bacterium,1,1,1,1,True,True,True,True,1.0
28d19b7fe9fa1896e76b6bd6f603da72,genus,1,1,1869227.7417,1869227.7417,1869227.7417,bacterium,1869227.7417,bacterium,1,1,1,1,True,True,True,True,1.0
28e2a006adff328490c58a4ac4462fd3,genus,1,1,1921001.4,1921001.4,1921001.4,Candidatus Bealeia paramacronuclearis,1921001.4,Candidatus Bealeia paramacronuclearis,1,1,1,1,True,True,True,True,1.0
28ecbd22fca28babcc8a53ccb6d3852e,genus,1,1,1672391.413,1672391.413,1672391.413,uncultured Chloroflexia bacterium,1672391.413,uncultured Chloroflexia bacterium,1,1,1,1,True,True,True,True,1.0
29003d64333f96d3b4d069b43feef40d,genus,3,3,2594042.3|2053489.173|3101513.3,2594042.3|2053489.173|3101513.3,2594042.3,Promethearchaeum syntrophicum,2594042.3,Promethearchaeum syntrophicum,5,3,3,5|1|3,True,True,True,True,1.0
290a81a38946682073154c0a73db506b,family,1,1,2518609.101,2518609.101,2518609.101,Candidatus Nanopelagicaceae bacterium,2518609.101,Candidatus Nanopelagicaceae bacterium,1,1,1,1,True,True,True,True,1.0
290fed8fbdf24aa61b1bb57a7b64fd95,family,1,1,97084.4,97084.4,97084.4,Halobacteriovorax marinus,97084.4,Halobacteriovorax marinus,1,1,1,1,True,True,True,True,1.0
2926b128d7a523c172209503b8370ffa,species,2,2,3276282.3|1869227.2359,3276282.3|1869227.2359,3276282.3,Neotabrizicola sp. sgz301269,3276282.3,Neotabrizicola sp. sgz301269,2,2,2,2|3,True,True,True,True,1.0
294b02532c901bf8179a34ba9f3b4f0f,genus,1,1,1898104.5629,1898104.5629,1898104.5629,Bacteroidota bacterium,1898104.5629,Bacteroidota bacterium,1,1,1,1,True,True,True,True,1.0
295a852a1731684de71c421f1ad0de62,species,2,2,153809.1433|1235591.4,153809.1433|1235591.4,153809.1433,uncultured Pseudomonadota bacterium,153809.1433,uncultured Pseudomonadota bacterium,1,2,2,1|4,True,True,True,True,1.0
295d871e192a9cd8d72c5b45867a3268,family,1,1,2024843.44,2024843.44,2024843.44,Candidatus Nitrosopumilus sp.,2024843.44,Candidatus Nitrosopumilus sp.,1,1,1,1,True,True,True,True,1.0
2967a7aced51557a6f884b952d09476b,genus,1,1,100233.528,100233.528,100233.528,uncultured Planctomycetaceae bacterium,100233.528,uncultured Planctomycetaceae bacterium,1,1,1,1,True,True,True,True,1.0
2969201048060eba026b35d5ef729812,species,2,2,288436.9|1620421.3,288436.9|1620421.3,288436.9,Parahoeflea alexandrii,288436.9,Parahoeflea alexandrii,1,2,2,1|2,True,True,True,True,1.0
299ccc8e8ff39974e43c21db8583539d,species,2,2,1776391.203|2724150.3,1776391.203|2724150.3,1776391.203,Romboutsia timonensis,1776391.203,Romboutsia timonensis,1,2,2,1|2,True,True,True,True,1.0
29aee860061454ebef38da57ce411b39,family,1,1,2527975.3,2527975.3,2527975.3,Kolteria novifilia,2527975.3,Kolteria novifilia,1,1,1,1,True,True,True,True,1.0
29ba0daefe2b23183d3a1f189698cafb,genus,1,1,1672391.911,1672391.911,1672391.911,uncultured Chloroflexia bacterium,1672391.911,uncultured Chloroflexia bacterium,1,1,1,1,True,True,True,True,1.0
29c1695abd29ef9b64dc3c6f3dfaf591,species,1,1,2021379.333,2021379.333,2021379.333,Xanthobacteraceae bacterium,2021379.333,Xanthobacteraceae bacterium,1,1,1,1,True,True,True,True,1.0
29c493585a58be562a4657fe14a96093,species,2,2,1529005.24|589035.6,1529005.24|589035.6,1529005.24,Gemmobacter sp. LW-1,1529005.24,Gemmobacter sp. LW-1,1,2,2,1|2,True,True,True,True,1.0
29fb32307e0ae8025d39846c9546547f,family,1,1,2952883.45,2952883.45,2952883.45,Aggregatilineales bacterium,2952883.45,Aggregatilineales bacterium,1,1,1,1,True,True,True,True,1.0
2a011f89c7ed645f35f47e64c6ab8c1a,family,2,2,2528274.24|2026724.1150,2528274.24|2026724.1150,2528274.24,Candidatus Tectimicrobiota bacterium,2528274.24,Candidatus Tectimicrobiota bacterium,2,2,2,2|1,True,True,True,True,1.0
2a02e04d4b8ba191b58ad31109904a74,species,2,2,2053538.110|2026780.1498,2053538.110|2026780.1498,2053538.110,Candidatus Competibacteraceae bacterium,2053538.110,Candidatus Competibacteraceae bacterium,2,2,2,2|5,True,True,True,True,1.0
2a08ed8f6cc02daf9e47fed75b3a82d3,species,2,2,2053538.110|2026780.1498,2053538.110|2026780.1498,2053538.110,Candidatus Competibacteraceae bacterium,2053538.110,Candidatus Competibacteraceae bacterium,2,2,2,2|5,True,True,True,True,1.0
2a17e5c1ecad186c179f1619cea1c42c,species,1,1,1940288.296,1940288.296,1940288.296,Ferruginibacter sp.,1940288.296,Ferruginibacter sp.,1,1,1,1,True,True,True,True,1.0
2a40e5e0f36783ee5bf976743e3251cc,species,1,1,147047.3,147047.3,147047.3,Humidesulfovibrio mexicanus,147047.3,Humidesulfovibrio mexicanus,1,1,1,1,True,True,True,True,1.0
2a430e2be2f9a5c98eeebb32e68da0f8,genus,1,1,2818473.28,2818473.28,2818473.28,Giesbergeria sp.,2818473.28,Giesbergeria sp.,1,1,1,1,True,True,True,True,1.0
2a4969aabd4d443104a7903122d43131,species,1,1,368503.79,368503.79,368503.79,Synechococcus sp. UW140,368503.79,Synechococcus sp. UW140,1,1,1,1,True,True,True,True,1.0
2a58d3dbae81d35cc05ddcc6cc05e140,family,2,2,1797403.3|2026735.449,1797403.3|2026735.449,1797403.3,Bdellovibrionales bacterium RIFOXYD1_FULL_53_11,1797403.3,Bdellovibrionales bacterium RIFOXYD1_FULL_53_11,1,2,2,1|2,True,True,True,True,1.0
2a6638d21cc2b8a6f7e8739493c5bd06,genus,2,2,1869227.2810|77133.6476,1869227.2810|77133.6476,1869227.2810,bacterium,1869227.2810,bacterium,1,2,2,1|2,True,True,True,True,1.0
2a7c772351a564f7d47072773922a6eb,species,2,2,2052182.16|1977087.4910,2052182.16|1977087.4910,2052182.16,Rhodanobacteraceae bacterium,2052182.16,Rhodanobacteraceae bacterium,1,2,2,1|2,True,True,True,True,1.0
2a84511508292ffe95be829952dbc3b4,family,1,1,2746922.11,2746922.11,2746922.11,Candidatus Paracaedibacteraceae bacterium,2746922.11,Candidatus Paracaedibacteraceae bacterium,2,1,1,2,True,True,True,True,1.0
2a85e559a02e865b34feb19b10d4908b,genus,1,1,411917.58,411917.58,411917.58,uncultured Planctomycetia bacterium,411917.58,uncultured Planctomycetia bacterium,1,1,1,1,True,True,True,True,1.0
2ac02fa358ad899a1a3975e984c24220,species,1,1,153809.1301,153809.1301,153809.1301,uncultured Pseudomonadota bacterium,153809.1301,uncultured Pseudomonadota bacterium,1,1,1,1,True,True,True,True,1.0
2acd0617a6b2e29da34f66f63573c5b6,species,1,1,2053538.96,2053538.96,2053538.96,Candidatus Competibacteraceae bacterium,2053538.96,Candidatus Competibacteraceae bacterium,7,1,1,7,True,True,True,True,1.0
2ad460239b0df57c6491c5d5e371984b,species,1,1,3092586.3,3092586.3,3092586.3,,3092586.3,,1,1,1,1,True,True,True,False,1.0
2ae0951a93f578cf5a08e4134344a1bc,species,1,1,1948543.3,1948543.3,1948543.3,Deltaproteobacteria bacterium UBA2409,1948543.3,Deltaproteobacteria bacterium UBA2409,1,1,1,1,True,True,True,True,1.0
2ae3562e8955beb3652525b8da4fe85a,genus,1,1,368503.79,368503.79,368503.79,Synechococcus sp. UW140,368503.79,Synechococcus sp. UW140,1,1,1,1,True,True,True,True,1.0
2af0959cdfc68c9d7a2e439d6ebcbbcc,genus,3,3,2759954.4|191302.4|3156345.4,2759954.4|191302.4|3156345.4,2759954.4,Devosia sp. MC521,2759954.4,Devosia sp. MC521,1,3,3,1|2|4,True,True,True,True,1.0
2af89ec563e931549a0caa5cc9576fff,genus,1,1,1618472.4,1618472.4,1618472.4,Candidatus Pacebacteria bacterium GW2011_GWF2_38_9,1618472.4,Candidatus Pacebacteria bacterium GW2011_GWF2_38_9,1,1,1,1,True,True,True,True,1.0
2af9b14e0fa1a733cabb472fdd62efff,genus,1,1,416016.4,416016.4,416016.4,Flavobacterium cucumis,416016.4,Flavobacterium cucumis,1,1,1,1,True,True,True,True,1.0
2afb24263ce942d39ce494e3897c3a59,species,1,1,1948831.3,1948831.3,1948831.3,Patescibacteria group bacterium UBA5532,1948831.3,Patescibacteria group bacterium UBA5532,1,1,1,1,True,True,True,True,1.0
2afc093903d502c950e419b4a1ed5043,family,1,1,77133.6946,77133.6946,77133.6946,uncultured bacterium,77133.6946,uncultured bacterium,1,1,1,1,True,True,True,True,1.0
2afe5998dea8982c2cd58778915b1a3c,species,2,2,50421.331|1977087.1360,50421.331|1977087.1360,50421.331,Rhodoferax sp.,50421.331,Rhodoferax sp.,1,2,2,1|2,True,True,True,True,1.0
2b0e45fd93126d17ce1dbc98d958c18d,species,2,2,2053538.110|2026780.1498,2053538.110|2026780.1498,2053538.110,Candidatus Competibacteraceae bacterium,2053538.110,Candidatus Competibacteraceae bacterium,2,2,2,2|5,True,True,True,True,1.0
2b11b421e52cbc97547c054e3eed0bb5,species,2,2,1929293.5|77133.6370,1929293.5|77133.6370,1929293.5,Ideonella sp.,1929293.5,Ideonella sp.,3,2,2,3|4,True,True,True,True,1.0
2b169c496a5d29bc5c0fde648e5dc59f,family,2,2,511108.17|1977087.4411,511108.17|1977087.4411,511108.17,Ottowia pentelensis,511108.17,Ottowia pentelensis,1,2,2,1|2,True,True,True,True,1.0
2b18b0f66a35d3d26cf1d8c7cb6ae05e,species,0,0,,,,,,,,0,0,,,,,,
2b1c81e56ed54ea0a05c65e4fdbdf949,family,1,1,1898104.3469,1898104.3469,1898104.3469,Bacteroidota bacterium,1898104.3469,Bacteroidota bacterium,1,1,1,1,True,True,True,True,1.0
2b335f368deba69c6c95c18da31dc5f4,species,2,2,1506.1129|2030927.256,1506.1129|2030927.256,1506.1129,Clostridium sp.,1506.1129,Clostridium sp.,1,2,2,1|2,True,True,True,True,1.0
2b574134383a97ed6d824d208c869f5f,species,2,2,1879010.10735|433330.4,1879010.10735|433330.4,1879010.10735,Bacillota bacterium,1879010.10735,Bacillota bacterium,1,2,2,1|3,True,True,True,True,1.0
2b595daa659aba7649295b3936c2a499,below,0,0,,,,,,,,0,0,,,,,,
2b694c9f517e1efb9233cfc951215fc8,species,2,2,2053538.110|2026780.1498,2053538.110|2026780.1498,2053538.110,Candidatus Competibacteraceae bacterium,2053538.110,Candidatus Competibacteraceae bacterium,2,2,2,2|5,True,True,True,True,1.0
2b809b1be23ca594eb500c596c2d8787,species,1,1,2135459.3,2135459.3,2135459.3,Geobacter sp. DSM 2909,2135459.3,Geobacter sp. DSM 2909,1,1,1,1,True,True,True,True,1.0
2b80d676b888137f05765469713dc05e,genus,3,3,2053538.22|2800415.26|77133.17509,2053538.22|2800415.26|77133.17509,2053538.22,Candidatus Competibacteraceae bacterium,2053538.22,Candidatus Competibacteraceae bacterium,2,3,3,2|3|1,True,True,True,True,1.0
2b9113180a7e1a8f4e25512f0191ff42,genus,1,1,1977087.4352,1977087.4352,1977087.4352,Pseudomonadota bacterium,1977087.4352,Pseudomonadota bacterium,1,1,1,1,True,True,True,True,1.0
2b961368ac7459d37b18e3f07f82deb8,species,1,1,2099675.277,2099675.277,2099675.277,Cyclobacteriaceae bacterium,2099675.277,Cyclobacteriaceae bacterium,1,1,1,1,True,True,True,True,1.0
2b9ed5df2d048c25e314163ea7dd1ddf,family,1,1,2026724.1127,2026724.1127,2026724.1127,Chloroflexota bacterium,2026724.1127,Chloroflexota bacterium,1,1,1,1,True,True,True,True,1.0
2ba738de2dd95ed0dc069dd11e4b9a48,family,2,2,91750.832|2026788.222,91750.832|2026788.222,91750.832,uncultured Alphaproteobacteria bacterium,91750.832,uncultured Alphaproteobacteria bacterium,1,2,2,1|2,True,True,True,True,1.0
2bb99c8a9e52427dad3fe8b7bf2a69cc,species,1,1,2977321.6,2977321.6,2977321.6,Flavobacterium sp. TR2,2977321.6,Flavobacterium sp. TR2,1,1,1,1,True,True,True,True,1.0
2bcbfa69a69fa6b098d3437c32d9ac40,genus,1,1,91750.4635,91750.4635,91750.4635,uncultured Alphaproteobacteria bacterium,91750.4635,uncultured Alphaproteobacteria bacterium,1,1,1,1,True,True,True,True,1.0
2bdaad933730de1f4e8599c01e895257,genus,1,1,1869227.108,1869227.108,1869227.108,bacterium,1869227.108,bacterium,1,1,1,1,True,True,True,True,1.0
2be7c4db972d6f14a20a4a0a652d7edf,species,1,1,256318.71,256318.71,256318.71,metagenome,256318.71,metagenome,1,1,1,1,True,True,True,True,1.0
2bedbc0cf4dcbc8037bfec5210182483,species,2,2,50259.16|2664087.3,50259.16|2664087.3,50259.16,Rubrivivax sp.,50259.16,Rubrivivax sp.,1,2,2,1|4,True,True,True,True,1.0
2bf7841dd09e14c518b4678a8868e6ae,family,1,1,1895763.3,1895763.3,1895763.3,Flavobacteriia bacterium 40-80,1895763.3,Flavobacteriia bacterium 40-80,1,1,1,1,True,True,True,True,1.0
2bf7e7487b62c0e212855d464190da66,species,1,1,51670.3,51670.3,51670.3,Hyphomicrobium facile,51670.3,Hyphomicrobium facile,1,1,1,1,True,True,True,True,1.0
2bfe1c980908adc5f33dbe44109f2e7a,species,2,2,1977087.938|3121287.4,1977087.938|3121287.4,1977087.938,Pseudomonadota bacterium,1977087.938,Pseudomonadota bacterium,1,2,2,1|2,True,True,True,True,1.0
2c10876ef04ce65d207614e017e82f09,species,1,1,2818473.28,2818473.28,2818473.28,Giesbergeria sp.,2818473.28,Giesbergeria sp.,1,1,1,1,True,True,True,True,1.0
2c173b38f6662bbeca324906017583e6,genus,1,1,2762014.114,2762014.114,2762014.114,Candidatus Parcubacteria bacterium,2762014.114,Candidatus Parcubacteria bacterium,1,1,1,1,True,True,True,True,1.0
2c26bcd1b914723ff66e415d83a2364f,species,1,1,1873136.8,1873136.8,1873136.8,Microvirga sp.,1873136.8,Microvirga sp.,1,1,1,1,True,True,True,True,1.0
2c2aefca77e4111c29e42499339a36c2,genus,1,1,2021370.58,2021370.58,2021370.58,Sphingobacteriaceae bacterium,2021370.58,Sphingobacteriaceae bacterium,1,1,1,1,True,True,True,True,1.0
2c2c3b3d1f316fb02b3f202d7b6c6107,family,2,2,2052180.652|2502237.5,2052180.652|2502237.5,2052180.652,Phycisphaerales bacterium,2052180.652,Phycisphaerales bacterium,1,2,2,1|3,True,True,True,True,1.0
2c31258527dd889c783c4edabdd29f6e,species,2,2,3037797.9|2811023.11,3037797.9|2811023.11,3037797.9,Piscinibacter sp. XHJ-5,3037797.9,Piscinibacter sp. XHJ-5,2,2,2,2|4,True,True,True,True,1.0
2c49e9485d38ce7ccc5d05913e0a788e,genus,1,1,92487.3,92487.3,92487.3,Thiothrix eikelboomii,92487.3,Thiothrix eikelboomii,2,1,1,2,True,True,True,True,1.0
2c539a66990b90af8b60ea1d45fe7b12,species,2,2,1977087.4909|2805397.36,1977087.4909|2805397.36,1977087.4909,Pseudomonadota bacterium,1977087.4909,Pseudomonadota bacterium,1,2,2,1|2,True,True,True,True,1.0
2c59176fd1cb4bb899b82560d78296a5,genus,1,1,2760807.7,2760807.7,2760807.7,Lewinellaceae bacterium,2760807.7,Lewinellaceae bacterium,1,1,1,1,True,True,True,True,1.0
2c5ab9420881de28a0953279e918236b,species,2,2,1873125.5|1604334.3,1873125.5|1604334.3,1873125.5,Luteimonas sp.,1873125.5,Luteimonas sp.,1,2,2,1|2,True,True,True,True,1.0
2c5d9c1194b6f148e7ec547e2be3af03,family,1,1,2306054.54,2306054.54,2306054.54,Rhodothermales bacterium,2306054.54,Rhodothermales bacterium,1,1,1,1,True,True,True,True,1.0
2c7232dcc876a85fd3c83731f4c56848,species,2,2,2053538.110|2026780.1498,2053538.110|2026780.1498,2053538.110,Candidatus Competibacteraceae bacterium,2053538.110,Candidatus Competibacteraceae bacterium,2,2,2,2|5,True,True,True,True,1.0
2cc2f0f7a6e782b58aab2eaec26038b9,genus,1,1,262503.6,262503.6,262503.6,uncultured Methanospirillum sp.,262503.6,uncultured Methanospirillum sp.,1,1,1,1,True,True,True,True,1.0
2cc5525a1e8c3e58d1c5dece79dd8f05,genus,2,2,2026735.698|3034171.125,2026735.698|3034171.125,2026735.698,Deltaproteobacteria bacterium,2026735.698,Deltaproteobacteria bacterium,1,2,2,1|2,True,True,True,True,1.0
2cc6e9989df14ed545ed6e8c751d644f,family,1,1,1879010.9702,1879010.9702,1879010.9702,Bacillota bacterium,1879010.9702,Bacillota bacterium,1,1,1,1,True,True,True,True,1.0
2cdfd4eb9f47e15fc6518f62e3b61ea6,species,2,2,76259.18|2570192.3,76259.18|2570192.3,76259.18,Ferribacterium limneticum,76259.18,Ferribacterium limneticum,1,2,2,1|3,True,True,True,True,1.0
2ce25810a99635630a4855fff76a7f4f,genus,2,2,34034.398|2052143.906,34034.398|2052143.906,34034.398,uncultured delta proteobacterium,34034.398,uncultured delta proteobacterium,1,2,2,1|2,True,True,True,True,1.0
2d05b66143f31175c4d6c3eeadc010d2,species,2,2,304.44|2663801.3,304.44|2663801.3,304.44,Roseateles saccharophilus,304.44,Roseateles saccharophilus,1,2,2,1|2,True,True,True,True,1.0
2d067b47e3022df6d876076d50234d89,genus,1,1,1904254.88,1904254.88,1904254.88,Hydrogenophaga sp.,1904254.88,Hydrogenophaga sp.,7,1,1,7,True,True,True,True,1.0
2d0b1a95ab087e0e33432af18260d5b7,genus,3,3,659595.3|2933270.4|2774145.3,659595.3|2933270.4|2774145.3,659595.3,Chiayiivirga flava,659595.3,Chiayiivirga flava,1,3,3,1|2|3,True,True,True,True,1.0
2d2be8e2152e95e0f171c4b66568e6f9,species,1,1,2054177.123,2054177.123,2054177.123,Christensenellaceae bacterium,2054177.123,Christensenellaceae bacterium,1,1,1,1,True,True,True,True,1.0
2d397b4c9b491e09fb3d116782ab7287,species,2,2,2067455.4|1977087.4846,2067455.4|1977087.4846,2067455.4,Novosphingobium sp. TH158,2067455.4,Novosphingobium sp. TH158,1,2,2,1|2,True,True,True,True,1.0
2d4e1115e9ef4a95b9d0132ad8107e3d,genus,1,1,1576369.4,1576369.4,1576369.4,Planctomicrobium piriforme,1576369.4,Planctomicrobium piriforme,1,1,1,1,True,True,True,True,1.0
2d4ea924a8e493f1c27d8f39e076c911,family,1,1,1233231.13,1233231.13,1233231.13,Scytonema tolypothrichoides,1233231.13,Scytonema tolypothrichoides,1,1,1,1,True,True,True,True,1.0
2d5b0826597268863fe47f170303c99e,family,1,1,1869212.1268,1869212.1268,1869212.1268,Chitinophagaceae bacterium,1869212.1268,Chitinophagaceae bacterium,1,1,1,1,True,True,True,True,1.0
2d75211a5a3965bd8711f2b7bcecbad4,species,1,1,1869212.157,1869212.157,1869212.157,Chitinophagaceae bacterium,1869212.157,Chitinophagaceae bacterium,2,1,1,2,True,True,True,True,1.0
2d869bf1c0f3d5480cd1bf7cc8130998,genus,1,1,1869212.1142,1869212.1142,1869212.1142,Chitinophagaceae bacterium,1869212.1142,Chitinophagaceae bacterium,1,1,1,1,True,True,True,True,1.0
2daabe71407f344062738c80859362a7,family,1,1,153809.1437,153809.1437,153809.1437,uncultured Pseudomonadota bacterium,153809.1437,uncultured Pseudomonadota bacterium,1,1,1,1,True,True,True,True,1.0
2dbd6a7f9a8a0769ed6e6ef701db671c,species,1,1,1871047.55,1871047.55,1871047.55,Chryseobacterium sp.,1871047.55,Chryseobacterium sp.,1,1,1,1,True,True,True,True,1.0
2dc055ff0870e6513b40c70a2cf467c6,family,1,1,2035772.367,2035772.367,2035772.367,Candidatus Omnitrophota bacterium,2035772.367,Candidatus Omnitrophota bacterium,1,1,1,1,True,True,True,True,1.0
2dcb50c01ead8636a963a3354c81c102,species,2,2,1898104.566|2486249.3,1898104.566|2486249.3,1898104.566,Bacteroidota bacterium,1898104.566,Bacteroidota bacterium,1,2,2,1|2,True,True,True,True,1.0
2de0beb2daba2b72767a54755f77de49,below,0,0,,,,,,,,0,0,,,,,,
2de13957a9c49b90c06f1815493c060a,genus,2,2,1210884.10|2822762.3,1210884.10|2822762.3,1210884.10,Gemmata massiliana,1210884.10,Gemmata massiliana,1,2,2,1|4,True,True,True,True,1.0
2de4388ce0c4a7c0ebf33ffecf2833a6,species,0,0,,,,,,,,0,0,,,,,,
2de51305ef2028d4cddda1bf624751e0,below,0,0,,,,,,,,0,0,,,,,,
2dec6a481bf02712cc1ba7d5f8d23a9b,species,1,1,1940288.176,1940288.176,1940288.176,Ferruginibacter sp.,1940288.176,Ferruginibacter sp.,1,1,1,1,True,True,True,True,1.0
2deec4d367ef203a418b9ed74e0e92a2,genus,2,2,1960880.28|91750.4539,1960880.28|91750.4539,1960880.28,Pseudolabrys sp.,1960880.28,Pseudolabrys sp.,4,2,2,4|2,True,True,True,True,1.0
2e0c21f2a26d34172f4dc505e2f81ca0,species,2,2,2964540.104|2052184.100,2964540.104|2052184.100,2964540.104,Smithellaceae bacterium,2964540.104,Smithellaceae bacterium,1,2,2,1|2,True,True,True,True,1.0
2e32819eb61beab437eb3f8fd5c464e4,species,2,2,128785.61|69284.5,128785.61|69284.5,128785.61,Pseudoxanthomonas mexicana,128785.61,Pseudoxanthomonas mexicana,1,2,2,1|2,True,True,True,True,1.0
2e33abdfc07c7eacc048cd4586d2164f,family,1,1,2051041.3,2051041.3,2051041.3,Ravibacter arvi,2051041.3,Ravibacter arvi,1,1,1,1,True,True,True,True,1.0
2e343082f387ca02451d70bebad85c3e,genus,1,1,2052317.377,2052317.377,2052317.377,,2052317.377,,1,1,1,1,True,True,True,False,1.0
2e3b1e599ae68570ca4f1f1d70f10deb,species,1,1,86027.1272,86027.1272,86027.1272,uncultured beta proteobacterium,86027.1272,uncultured beta proteobacterium,1,1,1,1,True,True,True,True,1.0
2e3ba60b38cedda418a74444f4223122,genus,1,1,2053517.329,2053517.329,2053517.329,Bdellovibrionales bacterium,2053517.329,Bdellovibrionales bacterium,1,1,1,1,True,True,True,True,1.0
2e3eb1c3ea32129c036b2afb0bc4a0dc,species,2,2,1869227.7415|153809.1301,1869227.7415|153809.1301,1869227.7415,bacterium,1869227.7415,bacterium,1,2,2,1|2,True,True,True,True,1.0
2e41bf8ff0926c4923f8dad0248adbd8,species,1,1,3042318.3,3042318.3,3042318.3,Phnomibacter sp. MR,3042318.3,Phnomibacter sp. MR,1,1,1,1,True,True,True,True,1.0
2e588d29b736fe6259e3104f40529d73,family,1,1,3107663.7,3107663.7,3107663.7,Vulcanimicrobiota bacterium,3107663.7,Vulcanimicrobiota bacterium,1,1,1,1,True,True,True,True,1.0
2e5af3c7824b846a8fec8a62e2220e7d,genus,1,1,2026724.1151,2026724.1151,2026724.1151,Chloroflexota bacterium,2026724.1151,Chloroflexota bacterium,1,1,1,1,True,True,True,True,1.0
2e6135eeb95834f98a5d73d10e5ef5f6,species,1,1,1898104.1192,1898104.1192,1898104.1192,Bacteroidota bacterium,1898104.1192,Bacteroidota bacterium,1,1,1,1,True,True,True,True,1.0
2e82ae0aba41b48a8573ec057af55532,species,1,1,1919059.3,1919059.3,1919059.3,Methylotetracoccus oryzae,1919059.3,Methylotetracoccus oryzae,1,1,1,1,True,True,True,True,1.0
2e86875122ba30532e97b0eae7757e7e,species,2,2,94.4|2499141.280,94.4|2499141.280,94.4,Allostella humosa,94.4,Allostella humosa,1,2,2,1|2,True,True,True,True,1.0
2e8ccd38c024855076705ff19f531e2f,family,2,2,3141376.3|2816037.3,3141376.3|2816037.3,3141376.3,Roseibium sp. SCP15,3141376.3,Roseibium sp. SCP15,2,2,2,2|4,True,True,True,True,1.0
2e915d9717a81c6e91a2c72daf7469f8,genus,1,1,1935954.21,1935954.21,1935954.21,uncultured Isosphaeraceae bacterium,1935954.21,uncultured Isosphaeraceae bacterium,1,1,1,1,True,True,True,True,1.0
2ea260fa05c7b7d6c26b6f1c210ab480,species,0,0,,,,,,,,0,0,,,,,,
2ec02dd45d8ae612c6ed454e99d92056,species,1,1,239935.3465,239935.3465,239935.3465,Akkermansia muciniphila,239935.3465,Akkermansia muciniphila,1,1,1,1,True,True,True,True,1.0
2eeeae8f52e8ca2c81d1a5aa610df33c,genus,1,1,2518609.101,2518609.101,2518609.101,Candidatus Nanopelagicaceae bacterium,2518609.101,Candidatus Nanopelagicaceae bacterium,1,1,1,1,True,True,True,True,1.0
2f24f68245e1f2b25cd8eadf88997d01,genus,2,2,2582906.4|188475.4,2582906.4|188475.4,2582906.4,Holophaga sp.,2582906.4,Holophaga sp.,2,2,2,2|1,True,True,True,True,1.0
2f842de61a885145168f85bb37ddf983,family,1,1,413497.9,413497.9,413497.9,Cronobacter dublinensis,413497.9,Cronobacter dublinensis,1,1,1,1,True,True,True,True,1.0
2f91cfc9e3cc04433ec4a82561a1ca0f,genus,1,1,2067065.3,2067065.3,2067065.3,Aquella oligotrophica,2067065.3,Aquella oligotrophica,1,1,1,1,True,True,True,True,1.0
2f97c754175ea3e2ed90bc2783dfa8fa,species,1,1,2099678.82,2099678.82,2099678.82,Desulfuromonadales bacterium,2099678.82,Desulfuromonadales bacterium,1,1,1,1,True,True,True,True,1.0
2fb798ca65a51914b19bb92ceea710a2,genus,1,1,1672391.402,1672391.402,1672391.402,uncultured Chloroflexia bacterium,1672391.402,uncultured Chloroflexia bacterium,1,1,1,1,True,True,True,True,1.0
2fe020394ed579ac3799a44746de1265,species,2,2,1903720.709|1869227.346,1903720.709|1869227.346,1903720.709,Bacilli bacterium,1903720.709,Bacilli bacterium,1,2,2,1|2,True,True,True,True,1.0
2fed8fd06ed0e104347eb07daed78c31,genus,2,2,2283092.647|91750.3245,2283092.647|91750.3245,2283092.647,Pyrinomonadaceae bacterium,2283092.647,Pyrinomonadaceae bacterium,2,2,2,2|1,True,True,True,True,1.0
2feeff5df84be3663d48db014a1c9ac8,species,2,2,2908002.3|1872668.59,2908002.3|1872668.59,2908002.3,Dechloromonas hankyongensis,2908002.3,Dechloromonas hankyongensis,1,2,2,1|2,True,True,True,True,1.0
300328aeb5106a9bc8b873206d20ab88,genus,1,1,2480090.11,2480090.11,2480090.11,Sulfuritalea sp.,2480090.11,Sulfuritalea sp.,1,1,1,1,True,True,True,True,1.0
30056e2325f15d1ebb27b96d0f705b05,species,1,1,2026735.1907,2026735.1907,2026735.1907,Deltaproteobacteria bacterium,2026735.1907,Deltaproteobacteria bacterium,1,1,1,1,True,True,True,True,1.0
300bfcec1609817c5b3eab9dc8a6c73b,family,1,1,2705084.3,2705084.3,2705084.3,Anaerolineae bacterium clx_SAG14,2705084.3,Anaerolineae bacterium clx_SAG14,1,1,1,1,True,True,True,True,1.0
3016a679bdb79d25799516dc82383f8c,family,2,2,1879010.7596|1898207.4658,1879010.7596|1898207.4658,1879010.7596,Bacillota bacterium,1879010.7596,Bacillota bacterium,1,2,2,1|2,True,True,True,True,1.0
3038e6386b7aca2cc4c759ff6fa3bf66,species,1,1,2528024.3,2528024.3,2528024.3,Lacipirellula limnantheis,2528024.3,Lacipirellula limnantheis,1,1,1,1,True,True,True,True,1.0
3058eae3e6848761b335ce1e38b3f1f6,species,2,2,128785.26|1871049.46,128785.26|1871049.46,128785.26,Pseudoxanthomonas mexicana,128785.26,Pseudoxanthomonas mexicana,1,2,2,1|3,True,True,True,True,1.0
305c2ffd5a3856f4b7721fa949e1fcb3,species,2,2,1912891.46|2506423.3,1912891.46|2506423.3,1912891.46,Sphingobium sp.,1912891.46,Sphingobium sp.,2,2,2,2|4,True,True,True,True,1.0
306362657db7872818a69eab489f7c76,species,1,1,1962667.5,1962667.5,1962667.5,Nannocystis sp.,1962667.5,Nannocystis sp.,1,1,1,1,True,True,True,True,1.0
306a28d990f6dae80bcc36c8136b8eae,species,1,1,2026786.182,2026786.182,2026786.182,Rhodospirillales bacterium,2026786.182,Rhodospirillales bacterium,1,1,1,1,True,True,True,True,1.0
306d638a7a73fb0516d8eb7d967c0c30,species,1,1,1191523.38,1191523.38,1191523.38,Melioribacter roseus,1191523.38,Melioribacter roseus,1,1,1,1,True,True,True,True,1.0
3095c39e6a2515c542a9f89389f1a667,species,2,2,128785.61|69284.5,1871049.6|69284.5,128785.61,Pseudoxanthomonas mexicana,1871049.6,Pseudoxanthomonas sp.,2,2,2,2|3,False,False,False,False,0.333
3098e3c9c5e3bccac59935e0089b3c7a,genus,1,1,1869227.7417,1869227.7417,1869227.7417,bacterium,1869227.7417,bacterium,1,1,1,1,True,True,True,True,1.0
30a23fce26b487c4b29cf043845e25bc,species,2,2,1909294.490|2015316.3,1909294.490|2015316.3,1909294.490,Hyphomicrobiales bacterium,1909294.490,Hyphomicrobiales bacterium,1,2,2,1|3,True,True,True,True,1.0
30a7d14e23c361a624a4be69972c155e,species,2,2,2211374.3|2823334.3,2211374.3|2823334.3,2211374.3,Candidatus Accumulibacter meliphilus,2211374.3,Candidatus Accumulibacter meliphilus,1,2,2,1|5,True,True,True,True,1.0
30aeb46c6e17d3281b40f7a6d11760f3,family,1,1,2051041.3,2051041.3,2051041.3,Ravibacter arvi,2051041.3,Ravibacter arvi,1,1,1,1,True,True,True,True,1.0
30e5a4953507e5f7da13f63544972757,species,2,2,3142262.4|1134435.5,3142262.4|1134435.5,3142262.4,Thauera sp. JM12B12,3142262.4,Thauera sp. JM12B12,1,2,2,1|2,True,True,True,True,1.0
3129070c724154621ca8c4d1eab32923,below,0,0,,,,,,,,0,0,,,,,,
312b4f86e655ca2bf427dc5bf6832df3,family,2,2,3230488.3|2052904.4,3230488.3|2052904.4,3230488.3,Chitinivorax sp. PXF-14,3230488.3,Chitinivorax sp. PXF-14,3,2,2,3|4,True,True,True,True,1.0
3132cec9f172b1108e62ee5ed93918fd,genus,1,1,1935954.15,1935954.15,1935954.15,uncultured Isosphaeraceae bacterium,1935954.15,uncultured Isosphaeraceae bacterium,1,1,1,1,True,True,True,True,1.0
31351b61355be00ed6b9da5b1f46a4c0,species,1,1,2026714.22,2026714.22,2026714.22,Candidatus Bathyarchaeota archaeon,2026714.22,Candidatus Bathyarchaeota archaeon,1,1,1,1,True,True,True,True,1.0
3136e3be1b40e5baf90c4bce743e7731,genus,2,2,195049.311|1054297.3,195049.311|1054297.3,195049.311,uncultured Clostridiaceae bacterium,195049.311,uncultured Clostridiaceae bacterium,1,2,2,1|7,True,True,True,True,1.0
313d1c684584732c9d8e6a88ac60a5bd,species,2,2,2769295.3|128785.56,2769295.3|128785.56,2769295.3,Pseudoxanthomonas sp. PXM01,2769295.3,Pseudoxanthomonas sp. PXM01,14,2,2,14|2,True,True,True,True,1.0
31466ffbd5ebff24c10a18a167599f57,species,1,1,2497627.147,2497627.147,2497627.147,Microthrixaceae bacterium,2497627.147,Microthrixaceae bacterium,1,1,1,1,True,True,True,True,1.0
314bfc39d503202b23a6c3ff5a799e42,species,2,2,290.4|1768760.3,290.4|1768760.3,290.4,Afipia carboxydohydrogena,290.4,Afipia carboxydohydrogena,1,2,2,1|2,True,True,True,True,1.0
315ec242102c05c797c53de2c45fc384,species,2,2,50259.16|1891241.449,50259.16|1891241.449,50259.16,Rubrivivax sp.,50259.16,Rubrivivax sp.,2,2,2,2|4,True,True,True,True,1.0
31657e23b33b1ba8208c26a75a96c209,species,2,2,2053538.110|2026780.1498,2053538.110|2026780.1498,2053538.110,Candidatus Competibacteraceae bacterium,2053538.110,Candidatus Competibacteraceae bacterium,2,2,2,2|5,True,True,True,True,1.0
3165effe0e08c2c9eacd917e9c260adc,below,0,0,,,,,,,,0,0,,,,,,
31722892e44a62230a0e70f7cf5f295c,species,2,2,2053589.824|2052139.2287,2053589.824|2052139.2287,2053589.824,Minisyncoccota bacterium,2053589.824,Minisyncoccota bacterium,1,2,2,1|2,True,True,True,True,1.0
3179097cec67cf61dd26558cebd8a692,family,2,2,1879010.10735|350.3,1879010.10735|350.3,1879010.10735,Bacillota bacterium,1879010.10735,Bacillota bacterium,1,2,2,1|2,True,True,True,True,1.0
317c4b27d5c27a74d9d48b483f7d1c30,genus,2,2,2026724.1583|2026734.291,2026724.1583|2026734.291,2026724.1583,Chloroflexota bacterium,2026724.1583,Chloroflexota bacterium,1,2,2,1|2,True,True,True,True,1.0
3196bc82f5a5ddf5efff5dfd48579b60,species,1,1,3064265.5,3064265.5,3064265.5,Planctellipticum variicoloris,3064265.5,Planctellipticum variicoloris,1,1,1,1,True,True,True,True,1.0
31cb1215d703e87c488c22c1123499fc,family,1,1,2478486.19,2478486.19,2478486.19,Holophagales bacterium,2478486.19,Holophagales bacterium,7,1,1,7,True,True,True,True,1.0
31d4b19e812f1b9f96083511e23eed30,genus,1,1,51201.3,51201.3,51201.3,Streptomyces griseocarneus,51201.3,Streptomyces griseocarneus,3,1,1,3,True,True,True,True,1.0
31e8bbe79c9524111efad77d16444573,family,1,1,460511.73,460511.73,460511.73,uncultured Spirochaetota bacterium,460511.73,uncultured Spirochaetota bacterium,1,1,1,1,True,True,True,True,1.0
31ea93c3eb5f8159565fcf89bccbc0f3,species,2,2,52694.18|1068975.15,52694.18|1068975.15,52694.18,Acetobacterium wieringae,52694.18,Acetobacterium wieringae,2,2,2,2|3,True,True,True,True,1.0
322cbc3bc7df621dd7bfc12a58f83e7f,species,1,1,2073117.844,2073117.844,2073117.844,Anaerolineales bacterium,2073117.844,Anaerolineales bacterium,1,1,1,1,True,True,True,True,1.0
322e95dcad281978b9f9a97b4bf2b743,species,1,1,91750.4282,91750.4282,91750.4282,uncultured Alphaproteobacteria bacterium,91750.4282,uncultured Alphaproteobacteria bacterium,1,1,1,1,True,True,True,True,1.0
323a5f2ee4d20ff4f29f10647d24599c,genus,1,1,77133.637,77133.637,77133.637,uncultured bacterium,77133.637,uncultured bacterium,1,1,1,1,True,True,True,True,1.0
326ee3f4ff41f1e307d86a52a048c9b2,family,2,2,2053538.110|2026780.1498,2053538.110|2026780.1498,2053538.110,Candidatus Competibacteraceae bacterium,2053538.110,Candidatus Competibacteraceae bacterium,2,2,2,2|5,True,True,True,True,1.0
32746f1708f612d00c52a96996218913,family,1,1,100371.203,100371.203,100371.203,uncultured Planctomycetales bacterium,100371.203,uncultured Planctomycetales bacterium,1,1,1,1,True,True,True,True,1.0
327abcd5132ce724a122f9155faa8c8d,species,2,2,2572915.3|2583228.3,2572915.3|2583228.3,2572915.3,Sphingobium sp. AEW013,2572915.3,Sphingobium sp. AEW013,1,2,2,1|2,True,True,True,True,1.0
32832f9f6c225de92a3a6ae059acfaaf,genus,1,1,2026786.103,2026786.103,2026786.103,Rhodospirillales bacterium,2026786.103,Rhodospirillales bacterium,1,1,1,1,True,True,True,True,1.0
32affae71b8a31f86afb5483974fb196,species,2,2,3142262.4|1134435.5,3142262.4|1134435.5,3142262.4,Thauera sp. JM12B12,3142262.4,Thauera sp. JM12B12,1,2,2,1|2,True,True,True,True,1.0
32b82567f4e5a5841304e6f8016d0a86,species,1,1,3042318.3,3042318.3,3042318.3,Phnomibacter sp. MR,3042318.3,Phnomibacter sp. MR,1,1,1,1,True,True,True,True,1.0
32c9e006d462bf06a805202e947f2930,species,1,1,2591109.3,2591109.3,2591109.3,Casimicrobium huifangae,2591109.3,Casimicrobium huifangae,1,1,1,1,True,True,True,True,1.0
32cac19e56165f1cc712c15345ff228b,genus,2,2,2045100.3|34034.731,2045100.3|34034.731,2045100.3,Puia sp.,2045100.3,Puia sp.,1,2,2,1|2,True,True,True,True,1.0
32cdedaf02ea6a49c9200c94f9ad5d5a,genus,2,2,453144.7|698645.3,453144.7|698645.3,453144.7,uncultured Luteimonas sp.,453144.7,uncultured Luteimonas sp.,1,2,2,1|3,True,True,True,True,1.0
32d1077d28b29a3f6b93e1c0cbad6fda,species,2,2,2026724.2411|1917966.15,2026724.2411|1917966.15,2026724.2411,Chloroflexota bacterium,2026724.2411,Chloroflexota bacterium,1,2,2,1|4,True,True,True,True,1.0
32daebba3b9be01d090ee962d92b0fe6,genus,1,1,2026778.311,2026778.311,2026778.311,Phycisphaerae bacterium,2026778.311,Phycisphaerae bacterium,1,1,1,1,True,True,True,True,1.0
32e2ed9ffb30ed9bad3fa82b0baa5d15,genus,1,1,120965.188,120965.188,120965.188,uncultured Planctomycetota bacterium,120965.188,uncultured Planctomycetota bacterium,1,1,1,1,True,True,True,True,1.0
32ea2a7aa2dec1d160c4bb2b58de37b5,species,2,2,3142262.4|1134435.5,3142262.4|1134435.5,3142262.4,Thauera sp. JM12B12,3142262.4,Thauera sp. JM12B12,1,2,2,1|2,True,True,True,True,1.0
331058b39f6e0d3bef777bf43e625834,genus,1,1,2052164.211,2052164.211,2052164.211,Gemmataceae bacterium,2052164.211,Gemmataceae bacterium,1,1,1,1,True,True,True,True,1.0
33148b2285728bad2d45cb94be4006be,species,0,0,,,,,,,,0,0,,,,,,
333177c84658e676cb5c69642c0853d1,species,2,2,2049428.73|2099675.34,2049428.73|2099675.34,2049428.73,Ignavibacteriales bacterium,2049428.73,Ignavibacteriales bacterium,1,2,2,1|3,True,True,True,True,1.0
33363bad92f198b94308dfb388f5e4e0,family,1,1,1977087.1519,1977087.1519,1977087.1519,Pseudomonadota bacterium,1977087.1519,Pseudomonadota bacterium,1,1,1,1,True,True,True,True,1.0
3366b9e7e3d1fd6394510f30ba399760,species,2,2,1879010.10568|2201156.843,1879010.10568|2201156.843,1879010.10568,Bacillota bacterium,1879010.10568,Bacillota bacterium,1,2,2,1|2,True,True,True,True,1.0
337ac72a19d2d33cd4c2620fea35eee2,genus,3,3,191863.64|2201154.303|1133324.14,191863.64|2201154.303|1133324.14,191863.64,Chthoniobacter flavus,191863.64,Chthoniobacter flavus,1,3,3,1|4|8,True,True,True,True,1.0
3388d05c78e09200781d702aa5e044b1,family,2,2,3142262.4|1134435.5,3142262.4|1134435.5,3142262.4,Thauera sp. JM12B12,3142262.4,Thauera sp. JM12B12,4,2,2,4|5,True,True,True,True,1.0
339e09d94be083a064f5401888a8ac77,species,1,1,153809.341,153809.341,153809.341,uncultured Pseudomonadota bacterium,153809.341,uncultured Pseudomonadota bacterium,1,1,1,1,True,True,True,True,1.0
33a4215484e4ff1242729a0f6b1f6de4,species,1,1,2610843.4,2610843.4,2610843.4,Siculibacillus sp.,2610843.4,Siculibacillus sp.,1,1,1,1,True,True,True,True,1.0
33c215eecf8e096dab3d058649f75665,species,1,1,2041042.7,2041042.7,2041042.7,Chiayiivirga sp.,2041042.7,Chiayiivirga sp.,1,1,1,1,True,True,True,True,1.0
33df87d462384b48f155ad84b5e02c26,species,2,2,2164.89|2874285.4,2164.89|2874285.4,2164.89,Methanobacterium sp.,2164.89,Methanobacterium sp.,1,2,2,1|11,True,True,True,True,1.0
33f93fe73a7f8dce0569ac3c54be5fda,species,2,2,1898956.96|3060154.5,1898956.96|3060154.5,1898956.96,Ottowia sp.,1898956.96,Ottowia sp.,1,2,2,1|2,True,True,True,True,1.0
341ffe203147e821ef8fc61a221e53eb,species,1,1,2448052.95,2448052.95,2448052.95,Geminicoccaceae bacterium,2448052.95,Geminicoccaceae bacterium,1,1,1,1,True,True,True,True,1.0
3425630c5b56cd52ab18a57fa6fa4a5f,species,2,2,1929293.6|2315236.5,1929293.6|2315236.5,1929293.6,Ideonella sp.,1929293.6,Ideonella sp.,1,2,2,1|6,True,True,True,True,1.0
342bc2115b40e96c290bd27da7cf9252,genus,1,1,2762020.9,2762020.9,2762020.9,Candidatus Sericytochromatia bacterium,2762020.9,Candidatus Sericytochromatia bacterium,1,1,1,1,True,True,True,True,1.0
343639260e5a553a449c040a58953f9a,species,1,1,2497619.239,2497619.239,2497619.239,Ilumatobacteraceae bacterium,2497619.239,Ilumatobacteraceae bacterium,1,1,1,1,True,True,True,True,1.0
344652e04f9c7d9579b92ad88f8b9f45,genus,1,1,2202144.358,2202144.358,2202144.358,Spirochaetota bacterium,2202144.358,Spirochaetota bacterium,1,1,1,1,True,True,True,True,1.0
344b8fcfc08a17bb7443c1ad11ea3151,species,1,1,2053589.824,2053589.824,2053589.824,Minisyncoccota bacterium,2053589.824,Minisyncoccota bacterium,1,1,1,1,True,True,True,True,1.0
345193d4142ccbbb887d2e0fd0ce3497,species,2,2,82.61|91750.4570,82.61|91750.4570,82.61,Hyphomicrobium sp.,82.61,Hyphomicrobium sp.,1,2,2,1|2,True,True,True,True,1.0
34544962cae40185cae4d71cd00f5b5c,genus,1,1,464461.11,464461.11,464461.11,uncultured Parachlamydiaceae bacterium,464461.11,uncultured Parachlamydiaceae bacterium,1,1,1,1,True,True,True,True,1.0
3459fbc54effc29f7e47608eb9301707,species,2,2,2026792.299|460511.36,2026792.299|460511.36,2026792.299,Spirochaetales bacterium,2026792.299,Spirochaetales bacterium,1,2,2,1|3,True,True,True,True,1.0
346805d4d19b3978691caa8f86c5cfbf,below,0,0,,,,,,,,0,0,,,,,,
347d8c250719fcbed9bbc340304e331c,below,0,0,,,,,,,,0,0,,,,,,
34829f29e076aa7679b28832abbb1d9d,genus,1,1,2026729.128,2026729.128,2026729.128,Cytophagaceae bacterium,2026729.128,Cytophagaceae bacterium,1,1,1,1,True,True,True,True,1.0
348dedcdc872364e5542f1b1c4bd04c6,genus,1,1,2614255.73,2614255.73,2614255.73,Melioribacteraceae bacterium,2614255.73,Melioribacteraceae bacterium,1,1,1,1,True,True,True,True,1.0
349d6e0ff74f02b6d2d55d29a6084ea2,species,1,1,1909296.55,1909296.55,1909296.55,Marmoricola sp.,1909296.55,Marmoricola sp.,1,1,1,1,True,True,True,True,1.0
34b85af00220b44b6a31676c5ae4cba2,species,1,1,2099376.6,2099376.6,2099376.6,Desulforhopalus sp.,2099376.6,Desulforhopalus sp.,1,1,1,1,True,True,True,True,1.0
34ee52fa9356737350010ade289931e3,species,1,1,2803731.103,2803731.103,2803731.103,Candidatus Babeliales bacterium,2803731.103,Candidatus Babeliales bacterium,1,1,1,1,True,True,True,True,1.0
34f7baf2ef917eea7cd558f7159dbd84,genus,2,2,1936159.10|2026800.45,1936159.10|2026800.45,1936159.10,Fimbriimonas sp.,1936159.10,Fimbriimonas sp.,1,2,2,1|2,True,True,True,True,1.0
35032cf7723fb6bf0231577eb8c694dd,family,1,1,28141.560,28141.560,28141.560,Cronobacter sakazakii,28141.560,Cronobacter sakazakii,1,1,1,1,True,True,True,True,1.0
350348caddd8cad6783516223e7b3ba4,species,1,1,1869212.1160,1869212.1160,1869212.1160,Chitinophagaceae bacterium,1869212.1160,Chitinophagaceae bacterium,1,1,1,1,True,True,True,True,1.0
351ef729ef043f8946972e029476a729,genus,1,1,2837399.3,2837399.3,2837399.3,Chitinophagaceae bacterium LGM1,2837399.3,Chitinophagaceae bacterium LGM1,1,1,1,1,True,True,True,True,1.0
353b4556e7e0a2f605ef190fb6eb0d18,species,1,1,1948831.3,1948831.3,1948831.3,Patescibacteria group bacterium UBA5532,1948831.3,Patescibacteria group bacterium UBA5532,1,1,1,1,True,True,True,True,1.0
353c33e92295d7b19403ab7ae7d43944,genus,1,1,2026788.381,2026788.381,2026788.381,Rickettsiales bacterium,2026788.381,Rickettsiales bacterium,1,1,1,1,True,True,True,True,1.0
35400d154aa8dc477e2682a06d0b434d,family,1,1,3034175.102,3034175.102,3034175.102,Bdellovibrionota bacterium,3034175.102,Bdellovibrionota bacterium,1,1,1,1,True,True,True,True,1.0
3559e8f333e68482ce255c9d510e3059,species,2,2,490185.4|1904441.801,490185.4|1904441.801,490185.4,Gemmobacter aquaticus,490185.4,Gemmobacter aquaticus,1,2,2,1|2,True,True,True,True,1.0
35696ee7d2ceafdd790f4db07c85ad91,species,2,2,2447898.179|2013811.3,2447898.179|2013811.3,2447898.179,Candidatus Kapaibacterium sp.,2447898.179,Candidatus Kapaibacterium sp.,2,2,2,2|3,True,True,True,True,1.0
359bcbdf8684b1e759909405818f5516,genus,2,2,2291710.49|578942.3,2291710.49|578942.3,2291710.49,Dokdonella sp.,2291710.49,Dokdonella sp.,1,2,2,1|7,True,True,True,True,1.0
35c223d822e53d52a1ebdc52dd7e2aa6,species,0,0,,,,,,,,0,0,,,,,,
35c3d93343c607fcb115b6a4b8abb167,species,2,2,2053538.110|2026780.1498,2053538.110|2026780.1498,2053538.110,Candidatus Competibacteraceae bacterium,2053538.110,Candidatus Competibacteraceae bacterium,2,2,2,2|5,True,True,True,True,1.0
35c675ce9703149dc7e4c039467f46ae,species,1,1,747304.3,747304.3,747304.3,Pseudorhodoferax aquiterrae,747304.3,Pseudorhodoferax aquiterrae,1,1,1,1,True,True,True,True,1.0
35d9eac2e2372189403b471f721ebb23,family,1,1,2026724.1152,2026724.1152,2026724.1152,Chloroflexota bacterium,2026724.1152,Chloroflexota bacterium,1,1,1,1,True,True,True,True,1.0
35e233373e25fb928c93ae54b3033b19,species,0,0,,,,,,,,0,0,,,,,,
35f3ee6c41a263f8caafbb610b37bb90,genus,1,1,1962667.5,1962667.5,1962667.5,Nannocystis sp.,1962667.5,Nannocystis sp.,1,1,1,1,True,True,True,True,1.0
35f9b6ebaceb4b0ab591987239817512,species,1,1,1914235.3,1914235.3,1914235.3,Fimbriiglobus sp.,1914235.3,Fimbriiglobus sp.,1,1,1,1,True,True,True,True,1.0
35fce1c4cca32392fa5c75085d74af67,genus,1,1,2052139.697,2052139.697,2052139.697,Patescibacteria group bacterium,2052139.697,Patescibacteria group bacterium,1,1,1,1,True,True,True,True,1.0
36385ad887f226396b514c9da63ad6be,genus,3,3,1898104.4334|2030927.4471|194843.1029,1898104.4334|2030927.4471|194843.1029,1898104.4334,Bacteroidota bacterium,1898104.4334,Bacteroidota bacterium,2,3,3,2|3|1,True,True,True,True,1.0
3642abbef6b1e8d056eb2f5a7c2a55b2,family,1,1,422285.13,422285.13,422285.13,uncultured candidate division WWE3 bacterium,422285.13,uncultured candidate division WWE3 bacterium,1,1,1,1,True,True,True,True,1.0
366b4a810e55fe236d8e10a76d8339ce,genus,2,2,1978231.1705|1852787.3,1978231.1705|1852787.3,1978231.1705,Acidobacteriota bacterium,1978231.1705,Acidobacteriota bacterium,1,2,2,1|2,True,True,True,True,1.0
3676ab41ea249834e3b0e1a2ad4f19e0,species,2,2,47421.16|439611.3,47421.16|439611.3,47421.16,Hydrogenophaga pseudoflava,47421.16,Hydrogenophaga pseudoflava,1,2,2,1|3,True,True,True,True,1.0
3679eb1918d142d7e468ea32c2f42595,species,2,2,1909294.490|2015316.3,1909294.490|2015316.3,1909294.490,Hyphomicrobiales bacterium,1909294.490,Hyphomicrobiales bacterium,1,2,2,1|3,True,True,True,True,1.0
36822e5c96ad047bd5a4d78c9ebfe7f6,genus,1,1,2013842.3,2013842.3,2013842.3,Synergistetes bacterium HGW-Synergistetes-1,2013842.3,Synergistetes bacterium HGW-Synergistetes-1,2,1,1,2,True,True,True,True,1.0
368ff3af5167a4a329132285e428c9f7,species,2,2,2211374.3|2823334.3,2211374.3|2823334.3,2211374.3,Candidatus Accumulibacter meliphilus,2211374.3,Candidatus Accumulibacter meliphilus,1,2,2,1|5,True,True,True,True,1.0
369f9a488f30b2d79f7f35e9cae73074,below,0,0,,,,,,,,0,0,,,,,,
36b46a254875314bef7628b94ef8d7b6,genus,3,3,400774.3|1835606.3|2663797.3,400774.3|1835606.3|2663797.3,400774.3,Nocardioides panacihumi,400774.3,Nocardioides panacihumi,1,3,3,1|3|4,True,True,True,True,1.0
36c5e2a98565ce5802b6de74fc747beb,genus,1,1,2026780.2375,2026780.2375,2026780.2375,Planctomycetota bacterium,2026780.2375,Planctomycetota bacterium,1,1,1,1,True,True,True,True,1.0
36c6c053a4ffdf7cd18b8c16e4f38d9f,genus,1,1,153809.1481,153809.1481,153809.1481,uncultured Pseudomonadota bacterium,153809.1481,uncultured Pseudomonadota bacterium,1,1,1,1,True,True,True,True,1.0
36cf1853edbaec342c271909f87ca1b6,species,2,2,266125.4|1879010.10568,266125.4|1879010.10568,266125.4,Phenylobacterium koreense,266125.4,Phenylobacterium koreense,1,2,2,1|2,True,True,True,True,1.0
36e38981bc99d5d7fdd5959ca41f6313,species,2,2,2490941.3|2860336.3,2490941.3|2860336.3,2490941.3,Devosia equisanguinis,2490941.3,Devosia equisanguinis,1,2,2,1|3,True,True,True,True,1.0
372f6da810f7903a1a1bb90e04adba2f,below,0,0,,,,,,,,0,0,,,,,,
373564a936af275eb49e6afcda8bc480,below,0,0,,,,,,,,0,0,,,,,,
373d9bb0f7fc2e6f9c4b3887d477cc1b,species,2,2,2053306.302|1948670.3,2053306.302|1948670.3,2053306.302,Ignavibacteria bacterium,2053306.302,Ignavibacteria bacterium,1,2,2,1|4,True,True,True,True,1.0
376145c7717df8020721dc811bcc9869,species,1,1,2925014.5,2925014.5,2925014.5,Desulforhabdus sp. TSK,2925014.5,Desulforhabdus sp. TSK,1,1,1,1,True,True,True,True,1.0
377404a9c8a764adb5bf2df23a15d235,family,2,2,2052143.1029|2306055.28,2052143.1029|2306055.28,2052143.1029,Anaerolineae bacterium,2052143.1029,Anaerolineae bacterium,1,2,2,1|8,True,True,True,True,1.0
378d347b85374bc618b9aab1bd2ff7f4,family,1,1,2026724.1127,2026724.1127,2026724.1127,Chloroflexota bacterium,2026724.1127,Chloroflexota bacterium,1,1,1,1,True,True,True,True,1.0
37946f40ffae43c5efe8a25c736d6355,species,1,1,1913988.3654,1913988.3654,1913988.3654,Alphaproteobacteria bacterium,1913988.3654,Alphaproteobacteria bacterium,1,1,1,1,True,True,True,True,1.0
37a34dd3c591c9b1ab5df159ba786a99,genus,1,1,2818507.452,2818507.452,2818507.452,Myxococcota bacterium,2818507.452,Myxococcota bacterium,1,1,1,1,True,True,True,True,1.0
37b060e0a742b8d47f1d46b13c59fdf8,species,2,2,2053538.110|2026780.1498,2053538.110|2026780.1498,2053538.110,Candidatus Competibacteraceae bacterium,2053538.110,Candidatus Competibacteraceae bacterium,2,2,2,2|5,True,True,True,True,1.0
37b4ca4506b4d6533853afad5a8e920d,species,2,2,2018084.11|86027.1106,2018084.11|86027.1106,2018084.11,Gillisia sp.,2018084.11,Gillisia sp.,3,2,2,3|1,True,True,True,True,1.0
37bf9d5bceeaa4f4de3ecd73a373b7b2,species,2,2,2099675.314|1898104.227,2099675.314|1898104.227,2099675.314,Cyclobacteriaceae bacterium,2099675.314,Cyclobacteriaceae bacterium,2,2,2,2|4,True,True,True,True,1.0
37db70e012bf5664d4a4afaeb693b1ba,family,0,0,,,,,,,,0,0,,,,,,
37e5626f48475dd1213c48298f514e2f,species,0,0,,,,,,,,0,0,,,,,,
37e677e0550211efee5d1d4ca83b1751,genus,1,1,1908224.93,1908224.93,1908224.93,Sphingopyxis sp.,1908224.93,Sphingopyxis sp.,1,1,1,1,True,True,True,True,1.0
37eef0f94bf97178e7c068b8c04048da,genus,1,1,79329.171,79329.171,79329.171,Chitinophaga pinensis,79329.171,Chitinophaga pinensis,1,1,1,1,True,True,True,True,1.0
37f36806ac7870816ad47529b73b3249,below,0,0,,,,,,,,0,0,,,,,,
3801cc5b6e91a11e46ae4329f5f00ab4,family,1,1,2026780.2375,2026780.2375,2026780.2375,Planctomycetota bacterium,2026780.2375,Planctomycetota bacterium,1,1,1,1,True,True,True,True,1.0
38478495e8b97c7e84e69bce1100a058,genus,2,2,2073117.68|2614250.64,2073117.68|2614250.64,2073117.68,Anaerolineales bacterium,2073117.68,Anaerolineales bacterium,3,2,2,3|1,True,True,True,True,1.0
3875c8e1d6a94b070a8a7f3487393d0d,species,2,2,2053589.824|42353.247,2053589.824|42353.247,2053589.824,Minisyncoccota bacterium,2053589.824,Minisyncoccota bacterium,2,2,2,2|3,True,True,True,True,1.0
387df62816c6dcc5b83a96c751374d36,species,2,2,2841654.9|1977087.4909,2841654.9|1977087.4909,2841654.9,Microcoleus sp. EPA2,2841654.9,Microcoleus sp. EPA2,1,2,2,1|2,True,True,True,True,1.0
3895923d56b9874d49f48496d85f4edb,species,2,2,2820270.5|327160.31,2820270.5|327160.31,2820270.5,Candidatus Kaistella beijingensis,2820270.5,Candidatus Kaistella beijingensis,1,2,2,1|2,True,True,True,True,1.0
3898c1a4713d9f13a313be9af31c0bf1,species,1,1,2099678.82,2099678.82,2099678.82,Desulfuromonadales bacterium,2099678.82,Desulfuromonadales bacterium,1,1,1,1,True,True,True,True,1.0
389bb7e4bbacf3b8b3bf07adbf22b2b1,family,2,2,2053538.110|2026780.1498,2053538.110|2026780.1498,2053538.110,Candidatus Competibacteraceae bacterium,2053538.110,Candidatus Competibacteraceae bacterium,2,2,2,2|5,True,True,True,True,1.0
38b74b94b1027514e69e55fe04a942e3,species,2,2,2364082.122|3121628.8,2364082.122|3121628.8,2364082.122,Candidatus Obscuribacterales bacterium,2364082.122,Candidatus Obscuribacterales bacterium,3,2,2,3|4,True,True,True,True,1.0
38cb486342d231e9861106da9c019a48,species,2,2,2164.131|2874285.4,2164.131|2874285.4,2164.131,Methanobacterium sp.,2164.131,Methanobacterium sp.,1,2,2,1|9,True,True,True,True,1.0
38f502d4b605fc03257105ada68f064d,family,1,1,2026786.360,2026786.360,2026786.360,Rhodospirillales bacterium,2026786.360,Rhodospirillales bacterium,1,1,1,1,True,True,True,True,1.0
38f6446107ce1499096123f14a95d85a,genus,1,1,1962973.17,1962973.17,1962973.17,Luteolibacter sp.,1962973.17,Luteolibacter sp.,1,1,1,1,True,True,True,True,1.0
38f7934721d5a6bdb95595b2a3c848e3,species,1,1,1792543.3,1792543.3,1792543.3,Thauera phenolivorans,1792543.3,Thauera phenolivorans,1,1,1,1,True,True,True,True,1.0
38f975a085b480ef58264fa6d54c4630,genus,0,0,,,,,,,,0,0,,,,,,
38fc90a232589415e1f0ed3673357fb4,species,2,2,3093698.3|1306.81,3093698.3|1306.81,3093698.3,Streptococcus sp. TATVAM-FAB21,3093698.3,Streptococcus sp. TATVAM-FAB21,1,2,2,1|4,True,True,True,True,1.0
390b80541f27df0f8741236c8ee5ac36,genus,3,3,1869227.5033|2052139.2193|2053554.91,1869227.5033|2052139.2193|2053554.91,1869227.5033,bacterium,1869227.5033,bacterium,1,3,3,1|2|4,True,True,True,True,1.0
3927c63288614a0d10b962527a4e368c,species,0,0,,,,,,,,0,0,,,,,,
3936eab173313c429e43eedf30f17018,genus,1,1,1977087.4909,1977087.4909,1977087.4909,Pseudomonadota bacterium,1977087.4909,Pseudomonadota bacterium,1,1,1,1,True,True,True,True,1.0
393e21e1409ca06072ae09c2c8bdb801,genus,1,1,3107663.7,3107663.7,3107663.7,Vulcanimicrobiota bacterium,3107663.7,Vulcanimicrobiota bacterium,1,1,1,1,True,True,True,True,1.0
394d3028ab2e1799fdd85df0801fb2bc,species,1,1,189381.23,189381.23,189381.23,Rossellomorea marisflavi,189381.23,Rossellomorea marisflavi,1,1,1,1,True,True,True,True,1.0
396eda642a103099dcd076571d336a4f,species,0,0,,,,,,,,0,0,,,,,,
398a1c34125e3c70e28cc6ce85de7ae9,species,2,2,1929293.20|2315236.5,1929293.20|2315236.5,1929293.20,Ideonella sp.,1929293.20,Ideonella sp.,1,2,2,1|2,True,True,True,True,1.0
39a31c1026719ffa16f9f683372d2d1f,species,2,2,1855285.3|50421.193,1855285.3|50421.193,1855285.3,Rhodoferax sp. OV413,1855285.3,Rhodoferax sp. OV413,1,2,2,1|5,True,True,True,True,1.0
39c8a7a7674f0e6363fcb9adbab5babb,family,2,2,2803731.121|2044595.124,2803731.121|2044595.124,2803731.121,Candidatus Babeliales bacterium,2803731.121,Candidatus Babeliales bacterium,1,2,2,1|2,True,True,True,True,1.0
39fb89fcf64ec7ebf57b8580eedef171,genus,1,1,585402.49,585402.49,585402.49,uncultured Flammeovirgaceae bacterium,585402.49,uncultured Flammeovirgaceae bacterium,1,1,1,1,True,True,True,True,1.0
39fdc12bc95911158f1a3c299d6f9d28,genus,1,1,1142394.70,1142394.70,1142394.70,Phycisphaera mikurensis,1142394.70,Phycisphaera mikurensis,1,1,1,1,True,True,True,True,1.0
3a2b84cb36acad1919fcb5115f0b9e31,species,1,1,2650926.39,2650926.39,2650926.39,Aestuariivirga sp.,2650926.39,Aestuariivirga sp.,2,1,1,2,True,True,True,True,1.0
3a32abe7883398a8b4acf18ebd2813a7,species,1,1,2026777.34,2026777.34,2026777.34,Phycisphaeraceae bacterium,2026777.34,Phycisphaeraceae bacterium,1,1,1,1,True,True,True,True,1.0
3a379d62a1d2cf0e9851ff8d04d57c0c,family,1,1,2053517.307,2053517.307,2053517.307,Bdellovibrionales bacterium,2053517.307,Bdellovibrionales bacterium,1,1,1,1,True,True,True,True,1.0
3a3de6088d68ad7bc2a1a77cb7a00670,below,0,0,,,,,,,,0,0,,,,,,
3a4919028f936dae8b1056417ad0dc4e,species,1,1,2053590.8,2053590.8,2053590.8,Pelotomaculum sp.,2053590.8,Pelotomaculum sp.,1,1,1,1,True,True,True,True,1.0
3a56849b708b20711d0568f2b960d5ac,genus,2,2,1951559.3|1869183.3,1951559.3|1869183.3,1951559.3,Chitinophagaceae bacterium UBA4412,1951559.3,Chitinophagaceae bacterium UBA4412,1,2,2,1|2,True,True,True,True,1.0
3a656e54fbab0ddc100ad216b339c88f,species,1,1,1632865.4,1632865.4,1632865.4,Pirellula sp. SH-Sr6A,1632865.4,Pirellula sp. SH-Sr6A,1,1,1,1,True,True,True,True,1.0
3a9b29e00996044bc61ea25435599312,genus,2,2,1913988.1853|2780399.7,1913988.1853|2780399.7,1913988.1853,Alphaproteobacteria bacterium,1913988.1853,Alphaproteobacteria bacterium,2,2,2,2|1,True,True,True,True,1.0
3a9e3c0bf6e1335f98cf41d7abbb36f0,species,2,2,3142262.4|1134435.5,3142262.4|1134435.5,3142262.4,Thauera sp. JM12B12,3142262.4,Thauera sp. JM12B12,1,2,2,1|2,True,True,True,True,1.0
3ae9a3fa3312af2b17d1c5dd4c0911aa,species,2,2,2053538.110|2026780.1498,2053538.110|2026780.1498,2053538.110,Candidatus Competibacteraceae bacterium,2053538.110,Candidatus Competibacteraceae bacterium,2,2,2,2|5,True,True,True,True,1.0
3aebfc183dab7a4ce69dbc3d6b8d25ef,family,1,1,1948543.3,1948543.3,1948543.3,Deltaproteobacteria bacterium UBA2409,1948543.3,Deltaproteobacteria bacterium UBA2409,1,1,1,1,True,True,True,True,1.0
3b10b8599b3b2c56df4a64cf9ebf1e9e,species,2,2,75385.8|2737536.20,75385.8|2737536.20,75385.8,Micropruina glycogenica,75385.8,Micropruina glycogenica,2,2,2,2|4,True,True,True,True,1.0
3b351e8b11e1c2fa16fb926dd0e903cc,genus,3,3,1898104.710|2026720.1075|1872630.3,1898104.710|2026720.1075|1872630.3,1898104.710,Bacteroidota bacterium,1898104.710,Bacteroidota bacterium,1,3,3,1|2|3,True,True,True,True,1.0
3b3d6259f2ee5d01dccb71a59c70bbce,species,1,1,3242729.3,3242729.3,3242729.3,Pseudoxanthomonas fibrivorans,3242729.3,Pseudoxanthomonas fibrivorans,3,1,1,3,True,True,True,True,1.0
3b6138522fd89a362d036f180f62f252,genus,4,4,3141376.3|2600299.3|2587854.3|281252.8,3141376.3|2600299.3|2587854.3|281252.8,3141376.3,Roseibium sp. SCP15,3141376.3,Roseibium sp. SCP15,1,4,4,1|14|3|13,True,True,True,True,1.0
3bb685a144d6b9fd08b8df1ba0ae955e,species,1,1,2711154.7,2711154.7,2711154.7,Candidatus Obscuribacter sp.,2711154.7,Candidatus Obscuribacter sp.,1,1,1,1,True,True,True,True,1.0
3bc1594a7965d41c46743242913b69a1,genus,0,0,,,,,,,,0,0,,,,,,
3bc38e474305670e491d2c683a717113,genus,1,1,3026384.3,3026384.3,3026384.3,Tenuifilaceae bacterium CYCD,3026384.3,Tenuifilaceae bacterium CYCD,2,1,1,2,True,True,True,True,1.0
3bd820b20df9c17d2461c052e1b5b478,genus,1,1,1672391.947,1672391.947,1672391.947,uncultured Chloroflexia bacterium,1672391.947,uncultured Chloroflexia bacterium,1,1,1,1,True,True,True,True,1.0
3be19806000655f337cff2a2a5c7cb66,species,2,2,2497627.147|1798915.25,2497627.147|1798915.25,2497627.147,Microthrixaceae bacterium,2497627.147,Microthrixaceae bacterium,1,2,2,1|2,True,True,True,True,1.0
3bf8af1b97016c38ca84c5e12e0afeea,species,2,2,2769295.3|128785.56,2769295.3|128785.56,2769295.3,Pseudoxanthomonas sp. PXM01,2769295.3,Pseudoxanthomonas sp. PXM01,14,2,2,14|2,True,True,True,True,1.0
3c05d1982160cf74d846c129cab36b89,genus,1,1,35817.23,35817.23,35817.23,Helicobacter heilmannii,35817.23,Helicobacter heilmannii,1,1,1,1,True,True,True,True,1.0
3c2d4903b3df0132b4a1d9a9b20ea45d,species,1,1,1871066.591,1871066.591,1871066.591,Mesorhizobium sp.,1871066.591,Mesorhizobium sp.,1,1,1,1,True,True,True,True,1.0
3c373ea52239280dbd39b8c0f9ea7763,species,1,1,2497627.107,2497627.107,2497627.107,Microthrixaceae bacterium,2497627.107,Microthrixaceae bacterium,1,1,1,1,True,True,True,True,1.0
3c6940a9f75f6c79c140ee14af48962e,species,2,2,1912891.61|2506423.3,1912891.61|2506423.3,1912891.61,Sphingobium sp.,1912891.61,Sphingobium sp.,1,2,2,1|7,True,True,True,True,1.0
3c767c7873935d8ac941d980b7e61cd8,genus,1,1,2030809.6,2030809.6,2030809.6,Candidatus Hydrogenedentota bacterium,2030809.6,Candidatus Hydrogenedentota bacterium,1,1,1,1,True,True,True,True,1.0
3c7a4b31efcea5cb2ffbee1d07fdf081,genus,1,1,2026791.265,2026791.265,2026791.265,Bryobacterales bacterium,2026791.265,Bryobacterales bacterium,1,1,1,1,True,True,True,True,1.0
3c8f66fd31cee5bca2f0a90848c39e27,species,2,2,2812850.3|1946755.3,2812850.3|1946755.3,2812850.3,Leucobacter soli,2812850.3,Leucobacter soli,1,2,2,1|3,True,True,True,True,1.0
3caa7a9acc2c2d650ac213614267440b,species,2,2,76259.18|2570192.3,76259.18|2570192.3,76259.18,Ferribacterium limneticum,76259.18,Ferribacterium limneticum,1,2,2,1|3,True,True,True,True,1.0
3caae6d8beabd2c81f9b858254028392,species,2,2,2268758.7|306.273,2268758.7|306.273,2268758.7,Halopseudomonas laoshanensis,2268758.7,Halopseudomonas laoshanensis,2,2,2,2|3,True,True,True,True,1.0
3cc0810ecd0aaaeef91638c8866ce972,genus,1,1,2202734.174,2202734.174,2202734.174,Saprospiraceae bacterium,2202734.174,Saprospiraceae bacterium,1,1,1,1,True,True,True,True,1.0
3cc0a9e1edea23d0cd0d67a5a3be284f,genus,3,3,2053538.110|2026780.1498|86473.1588,2053538.110|2026780.1498|86473.1588,2053538.110,Candidatus Competibacteraceae bacterium,2053538.110,Candidatus Competibacteraceae bacterium,2,3,3,2|5|1,True,True,True,True,1.0
3cc57f3be7ca79e72f524dea6ba18474,species,1,1,3058050.125,3058050.125,3058050.125,Polyangia bacterium,3058050.125,Polyangia bacterium,1,1,1,1,True,True,True,True,1.0
3ccfe3be6fb501727b640ee32d04b735,species,2,2,2053538.110|2026780.1498,2053538.110|2026780.1498,2053538.110,Candidatus Competibacteraceae bacterium,2053538.110,Candidatus Competibacteraceae bacterium,2,2,2,2|5,True,True,True,True,1.0
3cec8d27a818ad089820225949827633,species,2,2,2052143.418|2024896.63,2052143.418|2024896.63,2052143.418,Anaerolineae bacterium,2052143.418,Anaerolineae bacterium,1,2,2,1|3,True,True,True,True,1.0
3d01292536c84811794d53dbc82dea25,species,1,1,2030806.990,2030806.990,2030806.990,Burkholderiaceae bacterium,2030806.990,Burkholderiaceae bacterium,1,1,1,1,True,True,True,True,1.0
3d19b3b2c2437a80b51cf0f9839b7848,genus,2,2,2026724.2398|2053586.4,2026724.2398|2053586.4,2026724.2398,Chloroflexota bacterium,2026724.2398,Chloroflexota bacterium,1,2,2,1|2,True,True,True,True,1.0
3d1b176936886e7306c10288eaf68984,species,1,1,2099376.6,2099376.6,2099376.6,Desulforhopalus sp.,2099376.6,Desulforhopalus sp.,1,1,1,1,True,True,True,True,1.0
3d4c56281015a6f4c0a0a0c3e4747396,genus,1,1,2705082.3,2705082.3,2705082.3,Anaerolineae bacterium clx_SAG46,2705082.3,Anaerolineae bacterium clx_SAG46,1,1,1,1,True,True,True,True,1.0
3d6f0cf82375dd201006e06de2608f95,family,2,2,904963.39|2026778.91,904963.39|2026778.91,904963.39,uncultured Phycisphaerae bacterium,904963.39,uncultured Phycisphaerae bacterium,1,2,2,1|3,True,True,True,True,1.0
3d78066b3f0ac559d4221a70ac139d67,species,2,2,2053538.110|2026780.1498,2053538.110|2026780.1498,2053538.110,Candidatus Competibacteraceae bacterium,2053538.110,Candidatus Competibacteraceae bacterium,2,2,2,2|5,True,True,True,True,1.0
3d7b139f39141ba112868fcf7236158e,species,1,1,1345.3,1345.3,1345.3,Streptococcus ferus,1345.3,Streptococcus ferus,1,1,1,1,True,True,True,True,1.0
3db1f330510773a2c80217834e5799a8,family,1,1,460511.68,460511.68,460511.68,uncultured Spirochaetota bacterium,460511.68,uncultured Spirochaetota bacterium,1,1,1,1,True,True,True,True,1.0
3db351b966cd45da239277c8db4896a7,family,1,1,2052180.321,2052180.321,2052180.321,Phycisphaerales bacterium,2052180.321,Phycisphaerales bacterium,1,1,1,1,True,True,True,True,1.0
3dc54c1354d026fc2100a2bedef8b4a3,species,2,2,2811415.3|3373598.3,2811415.3|3373598.3,2811415.3,Niveibacterium microcysteis,2811415.3,Niveibacterium microcysteis,1,2,2,1|2,True,True,True,True,1.0
3deb893c813eb4d4c0fb2bb1a9340b4e,genus,2,2,86473.3331|2053554.107,86473.3331|2053554.107,86473.3331,uncultured Gammaproteobacteria bacterium,86473.3331,uncultured Gammaproteobacteria bacterium,1,2,2,1|2,True,True,True,True,1.0
3e0420c192ee113f95af0dafffa3c3d7,family,1,1,132932.5,132932.5,132932.5,Acetobacterium tundrae,132932.5,Acetobacterium tundrae,1,1,1,1,True,True,True,True,1.0
3e053ee958571da2605735c2a36121ba,genus,1,1,2044595.61,2044595.61,2044595.61,Candidatus Altimarinota bacterium,2044595.61,Candidatus Altimarinota bacterium,1,1,1,1,True,True,True,True,1.0
3e0a9cf80b4d9192e0ee72e8b91e0491,species,1,1,879969.5,879969.5,879969.5,Macellibacteroides fermentans,879969.5,Macellibacteroides fermentans,1,1,1,1,True,True,True,True,1.0
3e0bee524da0df01428a2b227e7f1a22,species,1,1,1672391.187,1672391.187,1672391.187,uncultured Chloroflexia bacterium,1672391.187,uncultured Chloroflexia bacterium,1,1,1,1,True,True,True,True,1.0
3e0d936c876d3e81eb878c0ab9278f20,family,1,1,2026724.1148,2026724.1148,2026724.1148,Chloroflexota bacterium,2026724.1148,Chloroflexota bacterium,1,1,1,1,True,True,True,True,1.0
3e0e16864cf81719dbcaf7c5a411d935,species,1,1,2026770.468,2026770.468,2026770.468,Nitrospiraceae bacterium,2026770.468,Nitrospiraceae bacterium,1,1,1,1,True,True,True,True,1.0
3e0f83b3021cd55dbaa7cf44e402b01f,species,1,1,2911495.5,2911495.5,2911495.5,Sphingopyxis sp. BSN-002,2911495.5,Sphingopyxis sp. BSN-002,1,1,1,1,True,True,True,True,1.0
3e121d19cad9a04e036ed49ebf791455,species,2,2,3142262.4|1134435.5,3142262.4|1134435.5,3142262.4,Thauera sp. JM12B12,3142262.4,Thauera sp. JM12B12,1,2,2,1|2,True,True,True,True,1.0
3e270cb3afa582c2fa3338486d0dd798,genus,1,1,1123508.10,1123508.10,1123508.10,Zavarzinella formosa,1123508.10,Zavarzinella formosa,1,1,1,1,True,True,True,True,1.0
3e389794bbdc32d0a7ee74e652a08f25,genus,1,1,2838789.46,2838789.46,2838789.46,Gemmatales bacterium,2838789.46,Gemmatales bacterium,1,1,1,1,True,True,True,True,1.0
3e3be8f8261056629bf71738b5481e58,species,1,1,1950223.3,1950223.3,1950223.3,Anaerolineales bacterium UBA6665,1950223.3,Anaerolineales bacterium UBA6665,1,1,1,1,True,True,True,True,1.0
3e437dd24faa1b83f9274c544b063cbe,genus,1,1,1869227.7440,1869227.7440,1869227.7440,bacterium,1869227.7440,bacterium,1,1,1,1,True,True,True,True,1.0
3e524f0bf09623c8530930bb8b27045c,species,1,1,2053624.147,2053624.147,2053624.147,Synergistaceae bacterium,2053624.147,Synergistaceae bacterium,1,1,1,1,True,True,True,True,1.0
3e56358bf474d68033286f221b9b72e2,genus,4,4,82788.6|3142262.4|1134435.5|164400.7,82788.6|3142262.4|1134435.5|164400.7,82788.6,Thauera mechernichensis,82788.6,Thauera mechernichensis,1,4,4,1|4|5|10,True,True,True,True,1.0
3e745fbfc7bfd39df9103cbe707d2bd8,species,2,2,32013.6|179636.18,32013.6|179636.18,32013.6,Comamonas terrigena,32013.6,Comamonas terrigena,1,2,2,1|7,True,True,True,True,1.0
3e852d60bbad09cda8571930bb024b12,genus,2,2,2952883.60|1872519.88,2952883.60|1872519.88,2952883.60,Aggregatilineales bacterium,2952883.60,Aggregatilineales bacterium,1,2,2,1|2,True,True,True,True,1.0
3e940e56135c81370650581b802f511e,species,2,2,2576062.3|2884000.10,2576062.3|2884000.10,2576062.3,Rhodoferax sp. BLA1,2576062.3,Rhodoferax sp. BLA1,3,2,2,3|4,True,True,True,True,1.0
3ea4875c4e8b41c26ae94eabfba007fc,genus,3,3,2715678.3|86027.1136|2099377.29,2715678.3|86027.1136|2099377.29,2715678.3,Sulfurimicrobium lacus,2715678.3,Sulfurimicrobium lacus,2,3,3,2|1|4,True,True,True,True,1.0
3ea94d07fdb9b7443fd21ad50fa3157f,species,1,1,1891241.417,1891241.417,1891241.417,Betaproteobacteria bacterium,1891241.417,Betaproteobacteria bacterium,1,1,1,1,True,True,True,True,1.0
3ed04b53421314fa5fc28c6d234b1413,genus,3,3,84595.10|2920941.4|2498852.3,84595.10|2920941.4|2498852.3,84595.10,Gordonia polyisoprenivorans,84595.10,Gordonia polyisoprenivorans,1,3,3,1|5|18,True,True,True,True,1.0
3eda22b94aacdafaaef72bf1dcbd6713,species,2,2,2918299.6|3350256.3,2918299.6|3350256.3,2918299.6,Comamonas sp. B21-038,2918299.6,Comamonas sp. B21-038,1,2,2,1|9,True,True,True,True,1.0
3ef47d732a719a9c649132016afeb5e2,family,1,1,132932.5,132932.5,132932.5,Acetobacterium tundrae,132932.5,Acetobacterium tundrae,1,1,1,1,True,True,True,True,1.0
3f03836d982f6dd3543fe530c06f9c4a,species,1,1,2991473.5,2991473.5,2991473.5,Lysobacteraceae bacterium PS02065,2991473.5,Lysobacteraceae bacterium PS02065,1,1,1,1,True,True,True,True,1.0
3f0bc3f2b8d9b380ec319501754eca38,species,1,1,2015799.164,2015799.164,2015799.164,Hyphomicrobiaceae bacterium,2015799.164,Hyphomicrobiaceae bacterium,1,1,1,1,True,True,True,True,1.0
3f0dfca2e2d2e600bde428ccfd3222f2,species,2,2,3142262.4|1134435.5,3142262.4|1134435.5,3142262.4,Thauera sp. JM12B12,3142262.4,Thauera sp. JM12B12,1,2,2,1|2,True,True,True,True,1.0
3f1018398cdd2aa2f3f5b5fabaf093d7,species,1,1,1852931.3,1852931.3,1852931.3,Verrucomicrobia bacterium ADurb.Bin474,1852931.3,Verrucomicrobia bacterium ADurb.Bin474,1,1,1,1,True,True,True,True,1.0
3f4fe260221590fa762f54297c73cd22,family,2,2,3046689.3|1879010.10571,3046689.3|1879010.10571,3046689.3,Cloacibacterium sp. Arc16,3046689.3,Cloacibacterium sp. Arc16,1,2,2,1|2,True,True,True,True,1.0
3f82999a4623343cbba40859d44329b0,species,1,1,2650926.39,2650926.39,2650926.39,Aestuariivirga sp.,2650926.39,Aestuariivirga sp.,2,1,1,2,True,True,True,True,1.0
3f9885786ac408050d10d1945c0b0ebc,genus,1,1,2024896.411,2024896.411,2024896.411,Anaerolineaceae bacterium,2024896.411,Anaerolineaceae bacterium,1,1,1,1,True,True,True,True,1.0
3f9f84332531ac9f0cb3a9ba736d452a,genus,1,1,1632865.4,1632865.4,1632865.4,Pirellula sp. SH-Sr6A,1632865.4,Pirellula sp. SH-Sr6A,1,1,1,1,True,True,True,True,1.0
3fbae61f66fe05f5aee39c4935843afe,species,2,2,3142262.4|1134435.5,3142262.4|1134435.5,3142262.4,Thauera sp. JM12B12,3142262.4,Thauera sp. JM12B12,1,2,2,1|2,True,True,True,True,1.0
3fc54fb78ed54651a2ca6eba642ac793,species,2,2,1913989.2461|65786.20,1913989.2461|65786.20,1913989.2461,Gammaproteobacteria bacterium,1913989.2461,Gammaproteobacteria bacterium,1,2,2,1|2,True,True,True,True,1.0
3fc56dd6ce2cd073ccc988819898395e,family,1,1,1977087.1519,1977087.1519,1977087.1519,Pseudomonadota bacterium,1977087.1519,Pseudomonadota bacterium,1,1,1,1,True,True,True,True,1.0
3fdde3f5a345bf68287fbad2726d17b3,species,2,2,1891238.585|2030809.136,1891238.585|2030809.136,1891238.585,Burkholderiales bacterium,1891238.585,Burkholderiales bacterium,1,2,2,1|2,True,True,True,True,1.0
3fdeea25b59bafd493416c89fe2d543e,genus,1,1,2030927.5890,2030927.5890,2030927.5890,Bacteroidales bacterium,2030927.5890,Bacteroidales bacterium,1,1,1,1,True,True,True,True,1.0
3fec2f4a9e3dc6cd3e7f61575b33a5ca,family,1,1,152509.1716,152509.1716,152509.1716,uncultured Bacteroidota bacterium,152509.1716,uncultured Bacteroidota bacterium,1,1,1,1,True,True,True,True,1.0
3feca067a0bf68273b4a0acab26d8856,family,1,1,2952883.45,2952883.45,2952883.45,Aggregatilineales bacterium,2952883.45,Aggregatilineales bacterium,1,1,1,1,True,True,True,True,1.0
3fefe501e05a214d8e8bed2d62c3d0d0,species,2,2,2053538.110|2026780.1498,2053538.110|2026780.1498,2053538.110,Candidatus Competibacteraceae bacterium,2053538.110,Candidatus Competibacteraceae bacterium,2,2,2,2|5,True,True,True,True,1.0
4003b79c0a0b6b12fd055ddcb6b8451f,genus,1,1,2447898.187,2447898.187,2447898.187,Candidatus Kapaibacterium sp.,2447898.187,Candidatus Kapaibacterium sp.,1,1,1,1,True,True,True,True,1.0
4022e7c437825439b94ca30e85e707d1,family,1,1,1879010.10568,1879010.10568,1879010.10568,Bacillota bacterium,1879010.10568,Bacillota bacterium,1,1,1,1,True,True,True,True,1.0
402961294b508ef719d59b16a65c2034,species,2,2,2447898.179|2013811.3,2447898.179|2013811.3,2447898.179,Candidatus Kapaibacterium sp.,2447898.179,Candidatus Kapaibacterium sp.,2,2,2,2|3,True,True,True,True,1.0
4030bd77cc57d056cb0a00636c8ebf1d,family,1,1,77133.755,77133.755,77133.755,uncultured bacterium,77133.755,uncultured bacterium,1,1,1,1,True,True,True,True,1.0
4054a295c848c25f756b5f5ac0c4e4ea,species,2,2,2976532.3|2738985.3,2976532.3|2738985.3,2976532.3,Chryseobacterium edaphi,2976532.3,Chryseobacterium edaphi,1,2,2,1|2,True,True,True,True,1.0
405b886f4d424c59103e67e84e0f5a79,species,2,2,1490030.4|1715645.3,1490030.4|1715645.3,1490030.4,Paracoccus lutimaris,1490030.4,Paracoccus lutimaris,1,2,2,1|2,True,True,True,True,1.0
405f5cdcf3fbe880db4b68036d7afc58,species,1,1,48412.13,48412.13,48412.13,Syntrophus sp. (in: bacteria),48412.13,Syntrophus sp. (in: bacteria),1,1,1,1,True,True,True,True,1.0
405fd2f13059afa32739e18fdcb20901,below,0,0,,,,,,,,0,0,,,,,,
406ea3ff4efc5f66c16fec95e6cba1dd,below,0,0,,,,,,,,0,0,,,,,,
407318ff5a87d135f8fa51f2820e6bc3,species,1,1,2099376.6,2099376.6,2099376.6,Desulforhopalus sp.,2099376.6,Desulforhopalus sp.,1,1,1,1,True,True,True,True,1.0
4075f2b2af3074f239f1b0627acfcffd,species,1,1,1948543.3,1948543.3,1948543.3,Deltaproteobacteria bacterium UBA2409,1948543.3,Deltaproteobacteria bacterium UBA2409,1,1,1,1,True,True,True,True,1.0
407c3747ddf6823657595ed05f4480e8,genus,3,3,490185.4|1904441.801|1898957.28,490185.4|1904441.801|1898957.28,490185.4,Gemmobacter aquaticus,490185.4,Gemmobacter aquaticus,1,3,3,1|2|3,True,True,True,True,1.0
40980eb8b367e78886ccd480158dccb5,family,1,1,2818507.452,2818507.452,2818507.452,Myxococcota bacterium,2818507.452,Myxococcota bacterium,1,1,1,1,True,True,True,True,1.0
409dfb6ab00ff096834e526ab3d054d2,species,1,1,34034.49,34034.49,34034.49,uncultured delta proteobacterium,34034.49,uncultured delta proteobacterium,1,1,1,1,True,True,True,True,1.0
40bbda707b694b32d93e7e3f0defe2d7,family,2,2,1672391.634|2026734.1424,1672391.634|2026734.1424,1672391.634,uncultured Chloroflexia bacterium,1672391.634,uncultured Chloroflexia bacterium,1,2,2,1|3,True,True,True,True,1.0
40bc2d42f1b4e06b6cacb266164e3ef3,genus,0,0,,,,,,,,0,0,,,,,,
40c4b59f4b11c4deda20b93778f0bc56,species,2,2,2053538.110|2026780.1498,2053538.110|2026780.1498,2053538.110,Candidatus Competibacteraceae bacterium,2053538.110,Candidatus Competibacteraceae bacterium,2,2,2,2|5,True,True,True,True,1.0
40d1e08911d8cb68410a3619ce41619f,species,2,2,2026763.197|50259.22,2026763.197|50259.22,2026763.197,Myxococcales bacterium,2026763.197,Myxococcales bacterium,1,2,2,1|2,True,True,True,True,1.0
40ddfcf2f79a1b3160ff8e6acb35605e,genus,2,2,2202144.358|2044940.237,2202144.358|2044940.237,2202144.358,Spirochaetota bacterium,2202144.358,Spirochaetota bacterium,1,2,2,1|2,True,True,True,True,1.0
40f0c12f9674e9770e0baffceb4a93e8,species,1,1,2026799.1510,2026799.1510,2026799.1510,Verrucomicrobiota bacterium,2026799.1510,Verrucomicrobiota bacterium,1,1,1,1,True,True,True,True,1.0
410e95b05efd63867444aa0a2458b97c,species,1,1,117.83,117.83,117.83,Pirellula sp.,117.83,Pirellula sp.,1,1,1,1,True,True,True,True,1.0
41195b8b32087a20868e7710125be2fd,species,1,1,28127.68,28127.68,28127.68,Hoylesella buccalis,28127.68,Hoylesella buccalis,1,1,1,1,True,True,True,True,1.0
4123d8b297bfb313e838243a51ae59b5,below,0,0,,,,,,,,0,0,,,,,,
41264425fb1cd173dc2e3bda9126d422,species,2,2,2778077.3|3386644.3,2778077.3|3386644.3,2778077.3,Chryseobacterium sp. FDAARGOS 1104,2778077.3,Chryseobacterium sp. FDAARGOS 1104,1,2,2,1|2,True,True,True,True,1.0
412f637171c461ac9c11c6fefb6099c1,family,2,2,310067.180|2024896.101,310067.180|2024896.101,310067.180,uncultured Anaerolineaceae bacterium,310067.180,uncultured Anaerolineaceae bacterium,1,2,2,1|2,True,True,True,True,1.0
41342da7d51b57a6719f17129bebd0bf,species,1,1,1678841.5,1678841.5,1678841.5,Lentimicrobium saccharophilum,1678841.5,Lentimicrobium saccharophilum,1,1,1,1,True,True,True,True,1.0
413890bdd906040e1b7c1411495ba01a,species,2,2,1906667.110|1235852.62,1906667.110|1235852.62,1906667.110,Methanomassiliicoccales archaeon,1906667.110,Methanomassiliicoccales archaeon,4,2,2,4|1,True,True,True,True,1.0
413bb8bae06cd4e75ed7b6804e3c18a7,family,2,2,2024896.238|2030809.131,2024896.238|2030809.131,2024896.238,Anaerolineaceae bacterium,2024896.238,Anaerolineaceae bacterium,1,2,2,1|2,True,True,True,True,1.0
415cb650eb9ef794d6a5db65bdf7f43b,genus,1,1,2053589.1206,2053589.1206,2053589.1206,Minisyncoccota bacterium,2053589.1206,Minisyncoccota bacterium,1,1,1,1,True,True,True,True,1.0
418db0eeeaa9cecb779ff14d974591cd,species,2,2,36863.8|2824118.3,36863.8|2824118.3,36863.8,Ideonella dechloratans,36863.8,Ideonella dechloratans,1,2,2,1|2,True,True,True,True,1.0
419922c1ac6624f6dba778de4e31cc29,genus,2,2,1978231.1761|171953.851,1978231.1761|171953.851,1978231.1761,Acidobacteriota bacterium,1978231.1761,Acidobacteriota bacterium,1,2,2,1|4,True,True,True,True,1.0
4199bd6e556db2c424fe9f2b70a51956,genus,1,1,2026724.1494,2026724.1494,2026724.1494,Chloroflexota bacterium,2026724.1494,Chloroflexota bacterium,1,1,1,1,True,True,True,True,1.0
419a137f2ad50bcbc7cd2b296d34e524,genus,2,2,2715253.265|120965.211,2715253.265|120965.211,2715253.265,Pirellulales bacterium,2715253.265,Pirellulales bacterium,1,2,2,1|2,True,True,True,True,1.0
41a101942a396736b36d041a6a6a7ec8,genus,2,2,1977087.3137|1892844.3,1977087.3137|1892844.3,1977087.3137,Pseudomonadota bacterium,1977087.3137,Pseudomonadota bacterium,2,2,2,2|3,True,True,True,True,1.0
41c27b83f12f76ae446653c11bddb421,genus,1,1,2202144.358,2202144.358,2202144.358,Spirochaetota bacterium,2202144.358,Spirochaetota bacterium,1,1,1,1,True,True,True,True,1.0
41cf757346459d851a2307a23fa8eb49,species,2,2,1977087.1504|1913988.705,1977087.1504|1913988.705,1977087.1504,Pseudomonadota bacterium,1977087.1504,Pseudomonadota bacterium,1,2,2,1|2,True,True,True,True,1.0
41dc2be96413541dc59157b28403d21d,family,2,2,3142262.4|1134435.5,3142262.4|1134435.5,3142262.4,Thauera sp. JM12B12,3142262.4,Thauera sp. JM12B12,1,2,2,1|3,True,True,True,True,1.0
41e386067a5da9b0e959b746cd7c2db7,genus,1,1,2054177.120,2054177.120,2054177.120,Christensenellaceae bacterium,2054177.120,Christensenellaceae bacterium,1,1,1,1,True,True,True,True,1.0
41eeac01ed59e24df6f880b303d814b0,species,1,1,1672391.215,1672391.215,1672391.215,uncultured Chloroflexia bacterium,1672391.215,uncultured Chloroflexia bacterium,1,1,1,1,True,True,True,True,1.0
41f01f3e3cbf6beb908ae1ebb553208e,species,2,2,40324.2389|3050414.3,40324.2389|3050414.3,40324.2389,Stenotrophomonas maltophilia,40324.2389,Stenotrophomonas maltophilia,1,2,2,1|7,True,True,True,True,1.0
41f36081772b686619370faf5b60fc40,species,2,2,2053538.110|2026780.1498,2053538.110|2026780.1498,2053538.110,Candidatus Competibacteraceae bacterium,2053538.110,Candidatus Competibacteraceae bacterium,2,2,2,2|5,True,True,True,True,1.0
420f86795a6a7b7a362f331631d16da9,family,1,1,2790688.13,2790688.13,2790688.13,uncultured Vicinamibacteraceae bacterium,2790688.13,uncultured Vicinamibacteraceae bacterium,1,1,1,1,True,True,True,True,1.0
421248e5ee645fdd702df04a96cdc833,species,2,2,1898104.421|152509.795,1898104.421|152509.795,1898104.421,Bacteroidota bacterium,1898104.421,Bacteroidota bacterium,1,2,2,1|2,True,True,True,True,1.0
4228a8214aa1537e0df7af2ed2f978fa,genus,1,1,1891238.635,1891238.635,1891238.635,Burkholderiales bacterium,1891238.635,Burkholderiales bacterium,1,1,1,1,True,True,True,True,1.0
42704bce4903920f79354029dd48e4dd,family,2,2,91750.4333|1441467.6,91750.4333|1441467.6,91750.4333,uncultured Alphaproteobacteria bacterium,91750.4333,uncultured Alphaproteobacteria bacterium,3,2,2,3|7,True,True,True,True,1.0
4277f9af937986c5751de888ace33609,family,1,1,1871037.685,1871037.685,1871037.685,Flavobacteriaceae bacterium,1871037.685,Flavobacteriaceae bacterium,9,1,1,9,True,True,True,True,1.0
428898b76a8947f53eb2318dee967bfc,species,1,1,2052180.597,2052180.597,2052180.597,Phycisphaerales bacterium,2052180.597,Phycisphaerales bacterium,2,1,1,2,True,True,True,True,1.0
42a41d5354d2d599bf5be291a7c626fc,family,1,1,1935954.10,1935954.10,1935954.10,uncultured Isosphaeraceae bacterium,1935954.10,uncultured Isosphaeraceae bacterium,1,1,1,1,True,True,True,True,1.0
42b0032b225aa97d7ddef91a1bd8d25a,genus,2,2,1168035.3|1954475.22,1168035.3|1954475.22,1168035.3,Tangfeifania diversioriginum,1168035.3,Tangfeifania diversioriginum,1,2,2,1|3,True,True,True,True,1.0
42bec86f51c0ee8657b94a3f24dcdc44,genus,2,2,1752195.4|2053517.291,1752195.4|2053517.291,1752195.4,Bdellovibrionales bacterium Ga0074137,1752195.4,Bdellovibrionales bacterium Ga0074137,1,2,2,1|2,True,True,True,True,1.0
42d17b3d2d607ace5aa0ce436b9e1857,species,2,2,2759528.3|3395375.3,2759528.3|3395375.3,2759528.3,Chryseobacterium capnotolerans,2759528.3,Chryseobacterium capnotolerans,1,2,2,1|3,True,True,True,True,1.0
42d58d2d493cdba154ad85b9b30ed603,genus,1,1,172901.139,172901.139,172901.139,Victivallis vadensis,172901.139,Victivallis vadensis,1,1,1,1,True,True,True,True,1.0
42e66867f5a840d64c02b582c5fe6a57,species,1,1,2026724.1158,2026724.1158,2026724.1158,Chloroflexota bacterium,2026724.1158,Chloroflexota bacterium,1,1,1,1,True,True,True,True,1.0
42f554d4f6140344776d5c274be13f68,family,2,2,1965019.3|1628156.3,1965019.3|1628156.3,1965019.3,Geofilum rhodophaeum,1965019.3,Geofilum rhodophaeum,2,2,2,2|3,True,True,True,True,1.0
42f65d5db37239a12dd85c039fe971ff,species,1,1,2849779.3,2849779.3,2849779.3,Aquihabitans sp. G128,2849779.3,Aquihabitans sp. G128,1,1,1,1,True,True,True,True,1.0
42f879c85cf43eb514670cca10eb9aea,genus,1,1,1965322.15,1965322.15,1965322.15,Cellvibrio sp.,1965322.15,Cellvibrio sp.,1,1,1,1,True,True,True,True,1.0
42f9d25bf64b07365f995e4e8e8bf714,species,1,1,1891241.424,1891241.424,1891241.424,Betaproteobacteria bacterium,1891241.424,Betaproteobacteria bacterium,2,1,1,2,True,True,True,True,1.0
4329811b8b6d9ff06b46eaa4c723c26f,species,1,1,2073117.45,2073117.45,2073117.45,Anaerolineales bacterium,2073117.45,Anaerolineales bacterium,1,1,1,1,True,True,True,True,1.0
4339e6c67ae72fbd2826bf740e406339,species,2,2,1839785.11|1435036.9,1839785.11|1435036.9,1839785.11,Acinetobacter portensis,1839785.11,Acinetobacter portensis,1,2,2,1|6,True,True,True,True,1.0
433f81e69b7f1df76aac4a3e77f64a06,species,1,1,2026791.265,2026791.265,2026791.265,Bryobacterales bacterium,2026791.265,Bryobacterales bacterium,2,1,1,2,True,True,True,True,1.0
436343418d53afff5ddf10c8a8492f78,species,1,1,418702.14,418702.14,418702.14,Azonexus hydrophilus,418702.14,Azonexus hydrophilus,1,1,1,1,True,True,True,True,1.0
436646e964287f78a4b776f4d85c96ba,species,2,2,3142262.4|1134435.5,3142262.4|1134435.5,3142262.4,Thauera sp. JM12B12,3142262.4,Thauera sp. JM12B12,1,2,2,1|2,True,True,True,True,1.0
4387e4f9dbcaf60cf82d463e9a27dca8,genus,3,3,2608087.13|3088717.3|2081706.7,2608087.13|3088717.3|2081706.7,2608087.13,Bacteriovorax sp.,2608087.13,Bacteriovorax sp.,1,3,3,1|2|3,True,True,True,True,1.0
4394c6cac7bfff07a5a5f86340cc15b9,species,1,1,2818473.28,2818473.28,2818473.28,Giesbergeria sp.,2818473.28,Giesbergeria sp.,1,1,1,1,True,True,True,True,1.0
43b083f9636dbce1742a5107ad053584,species,1,1,1951417.3,1951417.3,1951417.3,Anaerolineaceae bacterium UBA4890,1951417.3,Anaerolineaceae bacterium UBA4890,1,1,1,1,True,True,True,True,1.0
43c25e08ac393c49bb2cf232ea60e754,family,1,1,28141.560,28141.560,28141.560,Cronobacter sakazakii,28141.560,Cronobacter sakazakii,1,1,1,1,True,True,True,True,1.0
43d5a9eeebf17fa59f9a35d46a587a87,species,1,1,1898207.5730,1898207.5730,1898207.5730,Clostridiales bacterium,1898207.5730,Clostridiales bacterium,1,1,1,1,True,True,True,True,1.0
43f89dd4be55a1deb847de67a360c169,family,1,1,2862749.5,2862749.5,2862749.5,Candidatus Midichloriaceae bacterium,2862749.5,Candidatus Midichloriaceae bacterium,3,1,1,3,True,True,True,True,1.0
43faaf9f9ee96d72891625fb37a34ceb,genus,1,1,735512.15,735512.15,735512.15,uncultured Reyranella sp.,735512.15,uncultured Reyranella sp.,1,1,1,1,True,True,True,True,1.0
4408ff1578311c0801988602ef67306c,species,2,2,658457.7|301.58,658457.7|301.58,658457.7,Ectopseudomonas composti,658457.7,Ectopseudomonas composti,1,2,2,1|3,True,True,True,True,1.0
440ca54b7c9718f50f59e8d453a49264,species,2,2,2053538.110|2026780.1498,2053538.110|2026780.1498,2053538.110,Candidatus Competibacteraceae bacterium,2053538.110,Candidatus Competibacteraceae bacterium,2,2,2,2|5,True,True,True,True,1.0
442ef1060cda3892b17d69dbedd42d94,family,2,2,3034169.27|3034175.21,3034169.27|3034175.21,3034169.27,Bdellovibrionia bacterium,3034169.27,Bdellovibrionia bacterium,1,2,2,1|2,True,True,True,True,1.0
4438e564ff082e0c8d1e410624d35cd5,species,2,2,2211374.3|2823334.3,2211374.3|2823334.3,2211374.3,Candidatus Accumulibacter meliphilus,2211374.3,Candidatus Accumulibacter meliphilus,1,2,2,1|5,True,True,True,True,1.0
4449af9af08a1a5ba12648127eea7419,species,1,1,2741701.3,2741701.3,2741701.3,Candidatus Bodocaedibacter vickermanii,2741701.3,Candidatus Bodocaedibacter vickermanii,1,1,1,1,True,True,True,True,1.0
4455908273a0b0ee6afd0381fd182ef3,species,2,2,3154690.4|51671.227,3154690.4|51671.227,3154690.4,Microbacterium sp. NPDC019599,3154690.4,Microbacterium sp. NPDC019599,2,2,2,2|3,True,True,True,True,1.0
446bf4e1452a90660a5015e66ed1b2c2,family,1,1,2026735.2032,2026735.2032,2026735.2032,Deltaproteobacteria bacterium,2026735.2032,Deltaproteobacteria bacterium,1,1,1,1,True,True,True,True,1.0
4476f9b607f4e13963d7862c882a913e,genus,1,1,1869227.3092,1869227.3092,1869227.3092,bacterium,1869227.3092,bacterium,1,1,1,1,True,True,True,True,1.0
44a0276358dec6c4ad95677d97f02709,genus,1,1,3030912.180,3030912.180,3030912.180,Anaerovoracaceae bacterium,3030912.180,Anaerovoracaceae bacterium,1,1,1,1,True,True,True,True,1.0
44b1363d85ceceffa3a2f170f36830ff,species,1,1,2802972.3,2802972.3,2802972.3,Bryobacterales bacterium F-183,2802972.3,Bryobacterales bacterium F-183,1,1,1,1,True,True,True,True,1.0
44c1325376a955e507733658101224f7,family,2,2,1971228.22|2268199.306,1971228.22|2268199.306,1971228.22,Labilithrix sp.,1971228.22,Labilithrix sp.,1,2,2,1|9,True,True,True,True,1.0
44d10d10501dddef83ee3bc4879d34a1,genus,2,2,1854708.3|2026733.142,1854708.3|2026733.142,1854708.3,Maribacter arenosus,1854708.3,Maribacter arenosus,1,2,2,1|4,True,True,True,True,1.0
44ef74831eed2a768e3c63660404300c,species,2,2,37930.11|37929.4,37930.11|37929.4,37930.11,Glutamicibacter protophormiae,37930.11,Glutamicibacter protophormiae,1,2,2,1|2,True,True,True,True,1.0
450e10636606887dd168542a6fc0df36,species,1,1,2015799.213,2015799.213,2015799.213,Hyphomicrobiaceae bacterium,2015799.213,Hyphomicrobiaceae bacterium,1,1,1,1,True,True,True,True,1.0
4524b7cd80bddabd2c121f68538fa485,genus,1,1,2033014.717,2033014.717,2033014.717,Armatimonadota bacterium,2033014.717,Armatimonadota bacterium,1,1,1,1,True,True,True,True,1.0
4530d7e46540e0a46cd5128514c24945,species,1,1,1909293.384,1909293.384,1909293.384,Acetobacteraceae bacterium,1909293.384,Acetobacteraceae bacterium,1,1,1,1,True,True,True,True,1.0
45338bb6feec3aca942618bba0a40ca5,genus,1,1,34034.905,34034.905,34034.905,uncultured delta proteobacterium,34034.905,uncultured delta proteobacterium,1,1,1,1,True,True,True,True,1.0
45449aa5bde14e2283ad7c55bff42bb6,species,1,1,296842.5,296842.5,296842.5,Solidesulfovibrio carbinolicus,296842.5,Solidesulfovibrio carbinolicus,1,1,1,1,True,True,True,True,1.0
4545731898329d46b3db5f433f670ec0,species,1,1,1005933.6,1005933.6,1005933.6,uncultured Methanoregula sp.,1005933.6,uncultured Methanoregula sp.,1,1,1,1,True,True,True,True,1.0
4558c42af8c0300d765b5570b8aa007b,genus,1,1,1672391.402,1672391.402,1672391.402,uncultured Chloroflexia bacterium,1672391.402,uncultured Chloroflexia bacterium,1,1,1,1,True,True,True,True,1.0
455b517d5e3be97a7c74805de5f26850,genus,1,1,91750.4498,91750.4498,91750.4498,uncultured Alphaproteobacteria bacterium,91750.4498,uncultured Alphaproteobacteria bacterium,1,1,1,1,True,True,True,True,1.0
45622efd1ba30c4141d635ec4e2079a6,species,1,1,2651163.3,2651163.3,2651163.3,Ignavibacteriaceae bacterium,2651163.3,Ignavibacteriaceae bacterium,1,1,1,1,True,True,True,True,1.0
4576276172ed0c188e75be3c7c162ee9,species,1,1,2743981.3,2743981.3,2743981.3,Nostocales cyanobacterium W4_Combined_metabat2_030,2743981.3,Nostocales cyanobacterium W4_Combined_metabat2_030,1,1,1,1,True,True,True,True,1.0
45c65ceb500a675e9b9ef4bbad57f03c,species,2,2,2737536.20|2986940.3,2737536.20|2986940.3,2737536.20,Micropruina sp.,2737536.20,Micropruina sp.,2,2,2,2|4,True,True,True,True,1.0
45dabd64b6e9b23d568ba35545bf1d0e,species,2,2,1909295.502|1883427.2861,1909295.502|1883427.2861,1909295.502,Solirubrobacterales bacterium,1909295.502,Solirubrobacterales bacterium,1,2,2,1|2,True,True,True,True,1.0
4600bb918b340f47d1f1a8fc5edd09db,genus,3,3,1898104.710|2026720.1075|1872630.3,1898104.710|2026720.1075|1872630.3,1898104.710,Bacteroidota bacterium,1898104.710,Bacteroidota bacterium,1,3,3,1|2|3,True,True,True,True,1.0
46137ca123bdd50a6645ad8d6fa9a97a,species,2,2,2053538.110|2026780.1498,2053538.110|2026780.1498,2053538.110,Candidatus Competibacteraceae bacterium,2053538.110,Candidatus Competibacteraceae bacterium,2,2,2,2|5,True,True,True,True,1.0
461b9d44ca4ea8a9d9c0454d4830b05f,genus,2,2,1978231.1705|1852787.3,1978231.1705|1852787.3,1978231.1705,Acidobacteriota bacterium,1978231.1705,Acidobacteriota bacterium,1,2,2,1|2,True,True,True,True,1.0
4640e3b31f8f19e582994e51276e98c1,species,2,2,2053538.110|2026780.1498,2053538.110|2026780.1498,2053538.110,Candidatus Competibacteraceae bacterium,2053538.110,Candidatus Competibacteraceae bacterium,2,2,2,2|5,True,True,True,True,1.0
464fa67cad467679faf2516e10c67df1,species,0,0,,,,,,,,0,0,,,,,,
467f8aa54edd96b83394b887ab0eeace,species,1,1,69284.5,69284.5,69284.5,Pseudoxanthomonas japonensis,69284.5,Pseudoxanthomonas japonensis,2,1,1,2,True,True,True,True,1.0
4680abc2c80409da5423572266d52226,species,2,2,2976818.4|2053589.809,2976818.4|2053589.809,2976818.4,Cloacibacterium sp. TD35,2976818.4,Cloacibacterium sp. TD35,1,2,2,1|2,True,True,True,True,1.0
4683ce2d7b946ec221cd2f31b8fbddba,below,0,0,,,,,,,,0,0,,,,,,
4685ecd213c5589c26da9de9ed79731f,family,1,1,2026735.822,2026735.822,2026735.822,Deltaproteobacteria bacterium,2026735.822,Deltaproteobacteria bacterium,1,1,1,1,True,True,True,True,1.0
468f1433188c0faa1936e231bd34bc88,genus,2,2,2212473.308|156588.593,2212473.308|156588.593,2212473.308,Kiritimatiellia bacterium,2212473.308,Kiritimatiellia bacterium,1,2,2,1|3,True,True,True,True,1.0
46930c81ff14ab560169ed7a60509f11,species,1,1,960.13,960.13,960.13,Bacteriovorax stolpii,960.13,Bacteriovorax stolpii,1,1,1,1,True,True,True,True,1.0
4698f314876f6542d5ed2a2bc984136c,family,2,2,1898104.2745|2026770.468,1898104.2745|2026770.468,1898104.2745,Bacteroidota bacterium,1898104.2745,Bacteroidota bacterium,1,2,2,1|3,True,True,True,True,1.0
46af8142d3f247b81107190a95d907a6,genus,2,2,1978231.1761|171953.851,1978231.1761|171953.851,1978231.1761,Acidobacteriota bacterium,1978231.1761,Acidobacteriota bacterium,1,2,2,1|4,True,True,True,True,1.0
46cfdb9d552ef12ddb9aa3eaa80e8909,species,2,2,2480090.45|86027.1407,2480090.45|86027.1407,2480090.45,Sulfuritalea sp.,2480090.45,Sulfuritalea sp.,1,2,2,1|3,True,True,True,True,1.0
46e1faa1dbc4d47aeaddeab92ce427e2,genus,3,3,2044936.33|2053624.293|2013842.3,2044936.33|2053624.293|2013842.3,2044936.33,Bacteroidia bacterium,2044936.33,Bacteroidia bacterium,1,3,3,1|2|4,True,True,True,True,1.0
46f0a5288ab42f2fed2f8ce127678cab,species,1,1,2026720.1053,2026720.1053,2026720.1053,Candidatus Saccharimonadota bacterium,2026720.1053,Candidatus Saccharimonadota bacterium,1,1,1,1,True,True,True,True,1.0
4713fd5099897bc3e84055389789ef79,species,1,1,55509.5,55509.5,55509.5,Coprothermobacter sp.,55509.5,Coprothermobacter sp.,1,1,1,1,True,True,True,True,1.0
471a1213a85a715e1fd068e374e2188a,species,1,1,2447898.94,2447898.94,2447898.94,Candidatus Kapaibacterium sp.,2447898.94,Candidatus Kapaibacterium sp.,1,1,1,1,True,True,True,True,1.0
472fe9f8767de70f82afc5705b84ae4d,genus,1,1,59201.2046,59201.2046,59201.2046,Salmonella enterica,59201.2046,Salmonella enterica,1,1,1,1,True,True,True,True,1.0
475127f633a4be9b366680b4f54efdd6,species,2,2,2053538.110|2026780.1498,2053538.110|2026780.1498,2053538.110,Candidatus Competibacteraceae bacterium,2053538.110,Candidatus Competibacteraceae bacterium,2,2,2,2|5,True,True,True,True,1.0
477238f21904f8c135681f7ad0451881,species,1,1,2585369.3,2585369.3,2585369.3,Rubellimicrobium rubrum,2585369.3,Rubellimicrobium rubrum,1,1,1,1,True,True,True,True,1.0
479a2ffd90f224d5953e8a29aacdb731,genus,2,2,1869227.7415|153809.1301,1869227.7415|153809.1301,1869227.7415,bacterium,1869227.7415,bacterium,1,2,2,1|2,True,True,True,True,1.0
47a48c36e308c2de721a364cb9352a82,species,1,1,2024841.92,2024841.92,2024841.92,Micavibrio sp.,2024841.92,Micavibrio sp.,1,1,1,1,True,True,True,True,1.0
47bdaa8dbe4629d1ece7aa05c05693cb,species,1,1,2775028.15,2775028.15,2775028.15,Endomicrobiaceae bacterium,2775028.15,Endomicrobiaceae bacterium,1,1,1,1,True,True,True,True,1.0
47c340764cdf2ab68af391dce84811b3,genus,3,3,82.168|3072142.3|91750.4570,82.168|3072142.3|91750.4570,82.168,Hyphomicrobium sp.,82.168,Hyphomicrobium sp.,5,3,3,5|6|1,True,True,True,True,1.0
480eb7b0871e51b1be47afb2201112af,family,1,1,316068.7,316068.7,316068.7,Leadbetterella byssophila,316068.7,Leadbetterella byssophila,1,1,1,1,True,True,True,True,1.0
48163ec4bb9f456f50ac042c22a59603,family,1,1,1898103.522,1898103.522,1898103.522,Rhodocyclaceae bacterium,1898103.522,Rhodocyclaceae bacterium,3,1,1,3,True,True,True,True,1.0
481c8ef468790ca11c2ecad0d1f35c25,species,2,2,2034841.34|1898104.2290,2034841.34|1898104.2290,2034841.34,Lentimicrobium sp.,2034841.34,Lentimicrobium sp.,1,2,2,1|2,True,True,True,True,1.0
4821e7704447512dbd1b48da9a5675e9,family,1,1,34034.165,34034.165,34034.165,uncultured delta proteobacterium,34034.165,uncultured delta proteobacterium,1,1,1,1,True,True,True,True,1.0
48220ea996397a598b1b5f758d3b0ff3,genus,5,5,3342806.3|1276757.4|1675788.9|1463598.3|189685.24,3342806.3|1276757.4|1675788.9|1463598.3|189685.24,3342806.3,,3342806.3,,1,5,5,1|2|3|4|5,True,True,True,False,1.0
4835b78c8d8bf8bf1ca88c3965cbe934,species,2,2,2053538.110|2026780.1498,2053538.110|2026780.1498,2053538.110,Candidatus Competibacteraceae bacterium,2053538.110,Candidatus Competibacteraceae bacterium,2,2,2,2|5,True,True,True,True,1.0
48595101abd304b2e911320dd23de7e8,genus,1,1,2024841.90,2024841.90,2024841.90,Micavibrio sp.,2024841.90,Micavibrio sp.,1,1,1,1,True,True,True,True,1.0
485d9080e4662edbf39927943d1bc167,genus,1,1,2053538.96,2053538.96,2053538.96,Candidatus Competibacteraceae bacterium,2053538.96,Candidatus Competibacteraceae bacterium,7,1,1,7,True,True,True,True,1.0
486e8e10249792884696b3f02ce81a86,genus,1,1,2026735.249,2026735.249,2026735.249,Deltaproteobacteria bacterium,2026735.249,Deltaproteobacteria bacterium,1,1,1,1,True,True,True,True,1.0
4870788fa5faf8c06df9b6fd73a73dcb,species,2,2,3142262.4|1134435.5,3142262.4|1134435.5,3142262.4,Thauera sp. JM12B12,3142262.4,Thauera sp. JM12B12,1,2,2,1|2,True,True,True,True,1.0
48894ebcd072d398d7dec836bee1c1a2,species,2,2,2099675.34|1898104.3941,2099675.34|1898104.3941,2099675.34,Cyclobacteriaceae bacterium,2099675.34,Cyclobacteriaceae bacterium,2,2,2,2|3,True,True,True,True,1.0
4895185d09e6dbbf452f124daf98efc3,family,1,1,2983245.5,2983245.5,2983245.5,Acetobacteraceae bacterium ESL0709,2983245.5,Acetobacteraceae bacterium ESL0709,4,1,1,4,True,True,True,True,1.0
48a0a932695537ad8cf3c22b471de289,below,0,0,,,,,,,,0,0,,,,,,
48a75880af8d7927ac752f783c0f6754,species,1,1,2447898.139,2447898.139,2447898.139,Candidatus Kapaibacterium sp.,2447898.139,Candidatus Kapaibacterium sp.,1,1,1,1,True,True,True,True,1.0
48ca5b4f7cb58d4a146837de341a2604,species,2,2,3055406.3|2026735.190,3055406.3|2026735.190,3055406.3,Microcoleus sp. Pol1C5,3055406.3,Microcoleus sp. Pol1C5,1,2,2,1|2,True,True,True,True,1.0
48d3df1c8c87428a5ef19a3ea0a4c6d1,species,2,2,154288.93|2806443.3,154288.93|2806443.3,154288.93,Turicibacter sanguinis,154288.93,Turicibacter sanguinis,1,2,2,1|4,True,True,True,True,1.0
48daf231b834b4d85c5e740f0f0e9f2b,species,1,1,483423.4,483423.4,483423.4,Estrella lausannensis,483423.4,Estrella lausannensis,1,1,1,1,True,True,True,True,1.0
48e6ce93e465307676d54fbc9b1c1522,genus,1,1,464210.7,464210.7,464210.7,uncultured Acidaminobacter sp.,464210.7,uncultured Acidaminobacter sp.,1,1,1,1,True,True,True,True,1.0
48e82a82eb8ad26862f3a7056c7d9dd7,species,1,1,2906524.155,2906524.155,2906524.155,Casimicrobiaceae bacterium,2906524.155,Casimicrobiaceae bacterium,1,1,1,1,True,True,True,True,1.0
49157310a47041b92a7f25105c7eff31,genus,1,1,1672391.112,1672391.112,1672391.112,uncultured Chloroflexia bacterium,1672391.112,uncultured Chloroflexia bacterium,1,1,1,1,True,True,True,True,1.0
492399b888587f5ecd05318822ca601e,species,2,2,2053538.110|2026780.1498,2053538.110|2026780.1498,2053538.110,Candidatus Competibacteraceae bacterium,2053538.110,Candidatus Competibacteraceae bacterium,2,2,2,2|5,True,True,True,True,1.0
492ee4fb01d94971a1f4be628ceb63cf,species,2,2,2054177.129|256318.62,2054177.129|256318.62,2054177.129,Christensenellaceae bacterium,2054177.129,Christensenellaceae bacterium,1,2,2,1|2,True,True,True,True,1.0
493bfe280fd04430eb5fb0734d5ffefa,genus,1,1,2026724.1494,2026724.1494,2026724.1494,Chloroflexota bacterium,2026724.1494,Chloroflexota bacterium,1,1,1,1,True,True,True,True,1.0
495cc889a2e82868482b1feb2f71fbd0,species,1,1,3039803.519,3039803.519,3039803.519,uncultured Actinomycetota bacterium,3039803.519,uncultured Actinomycetota bacterium,1,1,1,1,True,True,True,True,1.0
496de1e5325d8dcef489f7a9818fdd26,genus,2,2,2691551.111|411917.49,2691551.111|411917.49,2691551.111,Thermoguttaceae bacterium,2691551.111,Thermoguttaceae bacterium,2,2,2,2|1,True,True,True,True,1.0
497328141ea987237f5bdd74ed786ae2,species,2,2,115553.7|2892013.3,115553.7|2892013.3,115553.7,Vreelandella sulfidaeris,115553.7,Vreelandella sulfidaeris,1,2,2,1|2,True,True,True,True,1.0
4985158a1531e946d6af8196ef4ec343,genus,2,2,777.450|1592897.25,777.450|1592897.25,777.450,Coxiella burnetii,777.450,Coxiella burnetii,1,2,2,1|5,True,True,True,True,1.0
4987091683162d7ebcb1875ea4ac3d96,species,1,1,1904254.101,1904254.101,1904254.101,Hydrogenophaga sp.,1904254.101,Hydrogenophaga sp.,1,1,1,1,True,True,True,True,1.0
49a9dac3ba594ab8aa8dc4874350a55d,below,0,0,,,,,,,,0,0,,,,,,
49ab3361f8a135a616b6e56b9bae715c,below,0,0,,,,,,,,0,0,,,,,,
49ae44d6944ba8cc60d06c43da39e2f7,genus,1,1,1978231.1127,1978231.1127,1978231.1127,Acidobacteriota bacterium,1978231.1127,Acidobacteriota bacterium,1,1,1,1,True,True,True,True,1.0
49c21f58cb86088e2dfb4866df40cffa,genus,4,4,2994676.4|2795740.3|182265.45|1323745.3,2994676.4|2795740.3|182265.45|1323745.3,2994676.4,Alishewanella sp. SMS8,2994676.4,Alishewanella sp. SMS8,1,4,4,1|4|3|8,True,True,True,True,1.0
49e91bf69238f9dd2a305246a57204a5,family,1,1,316068.7,316068.7,316068.7,Leadbetterella byssophila,316068.7,Leadbetterella byssophila,1,1,1,1,True,True,True,True,1.0
49f0a5bc0b7d669cd001cc9995bc797a,species,1,1,1898103.522,1898103.522,1898103.522,Rhodocyclaceae bacterium,1898103.522,Rhodocyclaceae bacterium,3,1,1,3,True,True,True,True,1.0
49f3e06809ace3101d4a20126ef11731,species,2,2,1913961.66|2563970.3,1913961.66|2563970.3,1913961.66,Rhizobiaceae bacterium,1913961.66,Rhizobiaceae bacterium,1,2,2,1|2,True,True,True,True,1.0
4a0875f744698c809416ed7180607fe4,genus,3,3,2986066.4|89772.4|1828829.3,2986066.4|89772.4|1828829.3,2986066.4,Mesorhizobium sp. ZC-5,2986066.4,Mesorhizobium sp. ZC-5,2,3,3,2|3|5,True,True,True,True,1.0
4a1586db0ce13a99f9b503a9a9573beb,species,2,2,2651167.6|2049428.66,2651167.6|2049428.66,2651167.6,Ignavibacterium sp.,2651167.6,Ignavibacterium sp.,2,2,2,2|3,True,True,True,True,1.0
4a186d3a6057a5418d2b33ae0c1a869b,family,1,1,152509.1716,152509.1716,152509.1716,uncultured Bacteroidota bacterium,152509.1716,uncultured Bacteroidota bacterium,1,1,1,1,True,True,True,True,1.0
4a2a409f7d66a1eb1194aea2bcde18a4,genus,1,1,178.6,178.6,178.6,Leptospira sp.,178.6,Leptospira sp.,1,1,1,1,True,True,True,True,1.0
4a4c25f3136a97a7da041a4bcb5582a5,species,1,1,2501594.13,2501594.13,2501594.13,uncultured Candidatus Babeliaceae bacterium,2501594.13,uncultured Candidatus Babeliaceae bacterium,1,1,1,1,True,True,True,True,1.0
4a51df7a52d39bbcfbfac57118e81eaa,below,0,0,,,,,,,,0,0,,,,,,
4a55585dfbca1b3c842895ab40257b42,genus,3,3,191863.64|2201154.303|1133324.14,191863.64|2201154.303|1133324.14,191863.64,Chthoniobacter flavus,191863.64,Chthoniobacter flavus,1,3,3,1|4|8,True,True,True,True,1.0
4a57ea57038cb6b4cba29d60a4def82c,species,2,2,3142262.4|1134435.5,3142262.4|1134435.5,3142262.4,Thauera sp. JM12B12,3142262.4,Thauera sp. JM12B12,1,2,2,1|2,True,True,True,True,1.0
4a5b564ed0c0fd78166c96c79561d43a,species,2,2,3142262.4|1134435.5,3142262.4|1134435.5,3142262.4,Thauera sp. JM12B12,3142262.4,Thauera sp. JM12B12,1,2,2,1|2,True,True,True,True,1.0
4a95b74de17e3c381e8fc1fecfa1ba74,species,1,1,153809.1476,153809.1476,153809.1476,uncultured Pseudomonadota bacterium,153809.1476,uncultured Pseudomonadota bacterium,1,1,1,1,True,True,True,True,1.0
4a98bd4a7fea2b4209ce1328141c77db,species,1,1,2026800.146,2026800.146,2026800.146,Verrucomicrobiaceae bacterium,2026800.146,Verrucomicrobiaceae bacterium,1,1,1,1,True,True,True,True,1.0
4ab56f9b012674eb6981ba9d3ef36170,species,2,2,294.1424|1615674.39,294.1424|1615674.39,294.1424,Pseudomonas fluorescens,294.1424,Pseudomonas fluorescens,1,2,2,1|2,True,True,True,True,1.0
4ac193f49185bb080c934ba9a00a815e,species,2,2,1898104.646|2053589.824,1898104.646|2053589.824,1898104.646,Bacteroidota bacterium,1898104.646,Bacteroidota bacterium,1,2,2,1|2,True,True,True,True,1.0
4adf9e7468a9ec3a9c8fe9a4563eed01,species,1,1,44577.29,44577.29,44577.29,Nitrosomonas ureae,44577.29,Nitrosomonas ureae,1,1,1,1,True,True,True,True,1.0
4af1d700ed9001189d3a7d499e0f0c9e,species,1,1,2202153.177,2202153.177,2202153.177,Thermodesulfobacteriota bacterium,2202153.177,Thermodesulfobacteriota bacterium,1,1,1,1,True,True,True,True,1.0
4b238242241da9b79db3704472332e5a,genus,2,2,1778437.3|1869339.184,1778437.3|1869339.184,1778437.3,Gammaproteobacteria bacterium LSUCC0112,1778437.3,Gammaproteobacteria bacterium LSUCC0112,1,2,2,1|2,True,True,True,True,1.0
4b27c21f2b4c59744feba4d03a140503,species,1,1,3092586.3,3092586.3,3092586.3,,3092586.3,,1,1,1,1,True,True,True,False,1.0
4b2be40d026b96179f6877be32ca99dd,genus,1,1,2691532.41,2691532.41,2691532.41,Isosphaeraceae bacterium,2691532.41,Isosphaeraceae bacterium,1,1,1,1,True,True,True,True,1.0
4b4e1a540a86fe881b143a0d2a44c8f9,species,2,2,3142262.4|1134435.5,3142262.4|1134435.5,3142262.4,Thauera sp. JM12B12,3142262.4,Thauera sp. JM12B12,1,2,2,1|2,True,True,True,True,1.0
4b4f86b5770f6876dbe503feb13437ec,species,2,2,3142262.4|1134435.5,3142262.4|1134435.5,3142262.4,Thauera sp. JM12B12,3142262.4,Thauera sp. JM12B12,1,2,2,1|2,True,True,True,True,1.0
4b50be28c2cc7c6a4dbc6300155c5218,species,2,2,588932.13|1978230.135,588932.13|1978230.135,588932.13,Brevundimonas naejangsanensis,588932.13,Brevundimonas naejangsanensis,1,2,2,1|2,True,True,True,True,1.0
4b55a52b8edd23eb140788307c9f7256,species,2,2,2053538.110|2026780.1498,2053538.110|2026780.1498,2053538.110,Candidatus Competibacteraceae bacterium,2053538.110,Candidatus Competibacteraceae bacterium,2,2,2,2|5,True,True,True,True,1.0
4b59504ae46731e6f60acd15ca470548,species,1,1,2995153.3,2995153.3,2995153.3,Pannonibacter sp. SL95,2995153.3,Pannonibacter sp. SL95,1,1,1,1,True,True,True,True,1.0
4b64644bd11f17317c89881954a2c59b,genus,2,2,1913988.3699|2910169.42,1913988.3699|2910169.42,1913988.3699,Alphaproteobacteria bacterium,1913988.3699,Alphaproteobacteria bacterium,3,2,2,3|2,True,True,True,True,1.0
4b6c08fe09b6f8d103c4899e152eef11,species,1,1,2026741.100,2026741.100,2026741.100,Gemmatimonadaceae bacterium,2026741.100,Gemmatimonadaceae bacterium,1,1,1,1,True,True,True,True,1.0
4b7832a5246f6d9a1cbe44ca12904f74,species,2,2,2829794.6|260085.4,2829794.6|260085.4,2829794.6,Novosphingobium sp. CECT 9465,2829794.6,Novosphingobium sp. CECT 9465,1,2,2,1|2,True,True,True,True,1.0
4b7e1285a4368982ac76f6222011b697,family,1,1,2052156.90,2052156.90,2052156.90,Chlamydiia bacterium,2052156.90,Chlamydiia bacterium,1,1,1,1,True,True,True,True,1.0
4bcebf812cad89472ab6a3c8ff9b622a,genus,1,1,2026803.592,2026803.592,2026803.592,Candidatus Woesearchaeota archaeon,2026803.592,Candidatus Woesearchaeota archaeon,1,1,1,1,True,True,True,True,1.0
4bea53b2aad77f2569a0182f6b84255e,species,2,2,3039494.5|163665.19,3039494.5|163665.19,3039494.5,Dysgonomonas sp. Marseille-Q5470,3039494.5,Dysgonomonas sp. Marseille-Q5470,1,2,2,1|2,True,True,True,True,1.0
4bf3d98234d8a163642849442b9d081a,genus,4,4,1913988.939|2053589.824|1797219.3|91750.1747,1913988.939|2053589.824|1797219.3|91750.1747,1913988.939,Alphaproteobacteria bacterium,1913988.939,Alphaproteobacteria bacterium,1,4,4,1|2|3|4,True,True,True,True,1.0
4c07eb8501dbf8e63712727d8f7a07bf,species,2,2,2053538.110|2026780.1498,2053538.110|2026780.1498,2053538.110,Candidatus Competibacteraceae bacterium,2053538.110,Candidatus Competibacteraceae bacterium,2,2,2,2|5,True,True,True,True,1.0
4c3685c132f5b6790e4eabef3274a2f7,species,2,2,1270.671|455343.8,1270.671|455343.8,1270.671,Micrococcus luteus,1270.671,Micrococcus luteus,1,2,2,1|2,True,True,True,True,1.0
4c437459ea5630667fe41d8eb4f62ace,species,1,1,2818473.28,2818473.28,2818473.28,Giesbergeria sp.,2818473.28,Giesbergeria sp.,1,1,1,1,True,True,True,True,1.0
4c61879ca2f0594335aa69f539fa89c3,species,2,2,1913989.708|1946755.3,1913989.708|1946755.3,1913989.708,Gammaproteobacteria bacterium,1913989.708,Gammaproteobacteria bacterium,1,2,2,1|2,True,True,True,True,1.0
4c64fd405cce821a791bd9eaa63c5f2d,species,2,2,2838779.105|2928017.23,2838779.105|2928017.23,2838779.105,Candidatus Binatia bacterium,2838779.105,Candidatus Binatia bacterium,2,2,2,2|5,True,True,True,True,1.0
4c70552130cd2746e3c2bcb473cc67bc,genus,1,1,2053517.307,2053517.307,2053517.307,Bdellovibrionales bacterium,2053517.307,Bdellovibrionales bacterium,1,1,1,1,True,True,True,True,1.0
4c9313f8b3638d0d2bf68541b0fde51e,species,1,1,2728912.49,2728912.49,2728912.49,Dermatophilaceae bacterium,2728912.49,Dermatophilaceae bacterium,1,1,1,1,True,True,True,True,1.0
4ccaabc1e55719c613ebbddb77f23efd,genus,1,1,2510337.15,2510337.15,2510337.15,Sandaracinaceae bacterium,2510337.15,Sandaracinaceae bacterium,1,1,1,1,True,True,True,True,1.0
4cd0999c5082d9f17af4457b6c9c5814,genus,1,1,2803731.116,2803731.116,2803731.116,Candidatus Babeliales bacterium,2803731.116,Candidatus Babeliales bacterium,1,1,1,1,True,True,True,True,1.0
4ce7631dc5873c25ff979543e6d66466,species,2,2,2053306.302|1948670.3,2053306.302|1948670.3,2053306.302,Ignavibacteria bacterium,2053306.302,Ignavibacteria bacterium,1,2,2,1|4,True,True,True,True,1.0
4cec2826da45c90930f69ae290165f1d,species,2,2,2699756.5|1852867.3,2699756.5|1852867.3,2699756.5,Syntrophorhabdus sp.,2699756.5,Syntrophorhabdus sp.,1,2,2,1|2,True,True,True,True,1.0
4cf9c81d07190577ca45ff50b97de972,genus,1,1,2202144.362,2202144.362,2202144.362,Spirochaetota bacterium,2202144.362,Spirochaetota bacterium,1,1,1,1,True,True,True,True,1.0
4d14fe12857973bd0d0470a41c6e1a5a,species,1,1,2499140.25,2499140.25,2499140.25,Negativicutes bacterium,2499140.25,Negativicutes bacterium,1,1,1,1,True,True,True,True,1.0
4d2d2aa9b034851620255160a6d3f737,species,2,2,2044936.833|194843.930,2044936.833|194843.930,2044936.833,Bacteroidia bacterium,2044936.833,Bacteroidia bacterium,1,2,2,1|2,True,True,True,True,1.0
4d3a327bff43e60ba395c235a2d391a7,species,2,2,1898112.112|2053589.824,1898112.112|2053589.824,1898112.112,Rhodospirillaceae bacterium,1898112.112,Rhodospirillaceae bacterium,1,2,2,1|3,True,True,True,True,1.0
4d47bd49b0916f5f37b31c4e902a46f9,genus,3,3,2838783.100|2080302.1149|152507.2524,2838783.100|2080302.1149|152507.2524,2838783.100,Gaiellaceae bacterium,2838783.100,Gaiellaceae bacterium,3,3,3,3|5|2,True,True,True,True,1.0
4d53cddbfd3d4bd31f5885bd6884990a,species,2,2,502.40|487.2214,502.40|487.2214,502.40,Kingella denitrificans,502.40,Kingella denitrificans,1,2,2,1|2,True,True,True,True,1.0
4d5a515895a2470f504baf698b5d5366,species,1,1,46610.9,46610.9,46610.9,Geobacter sp.,46610.9,Geobacter sp.,1,1,1,1,True,True,True,True,1.0
4d6982b61a5ec0f082f8d8e913a36a67,genus,1,1,113574.3,113574.3,113574.3,Hyphomicrobium sp. GJ21,113574.3,Hyphomicrobium sp. GJ21,7,1,1,7,True,True,True,True,1.0
4d6a3268ba1b53f73cec3eb66a86a5bc,species,2,2,2044939.5406|853.8302,2044939.5406|853.8302,2044939.5406,Clostridia bacterium,2044939.5406,Clostridia bacterium,1,2,2,1|2,True,True,True,True,1.0
4d6d4bc4488fc8b971b3e779869621db,genus,1,1,2448052.94,2448052.94,2448052.94,Geminicoccaceae bacterium,2448052.94,Geminicoccaceae bacterium,1,1,1,1,True,True,True,True,1.0
4d823c0e9f91e89b03ea23e54c922c54,genus,1,1,2589815.3,2589815.3,2589815.3,Amaricoccus solimangrovi,2589815.3,Amaricoccus solimangrovi,1,1,1,1,True,True,True,True,1.0
4db76ca899220396ec427665ad8c157a,species,2,2,2724150.3|1115758.5,2724150.3|1115758.5,2724150.3,Romboutsia sp. CE17,2724150.3,Romboutsia sp. CE17,1,2,2,1|2,True,True,True,True,1.0
4dbd6ef8df7bdad644d8f316bd5b8eb6,genus,1,1,2053538.24,2053538.24,2053538.24,Candidatus Competibacteraceae bacterium,2053538.24,Candidatus Competibacteraceae bacterium,1,1,1,1,True,True,True,True,1.0
4dc1cf2d09e2d755aae95d2a61c96e6d,genus,5,5,3133443.3|2185111.3|13690.90|1404341.11|2698828.4,3133443.3|2185111.3|13690.90|1404341.11|2698828.4,3133443.3,Sphingobium sp. AN641,3133443.3,Sphingobium sp. AN641,1,5,5,1|2|3|4|20,True,True,True,True,1.0
4dc8958a7cd7ba1b22fbef67e2f0378a,species,2,2,2866313.15|2023360.29,2866313.15|2023360.29,2866313.15,,2866313.15,,1,2,2,1|3,True,True,True,False,1.0
4dca40ed3331488c8d2af090991a7eb6,species,2,2,2651167.6|2049428.66,2651167.6|2049428.66,2651167.6,Ignavibacterium sp.,2651167.6,Ignavibacterium sp.,2,2,2,2|3,True,True,True,True,1.0
4df86e73d5f694af9655bcb20c07c96a,species,2,2,1898104.1117|1664347.22,1898104.1117|1664347.22,1898104.1117,Bacteroidota bacterium,1898104.1117,Bacteroidota bacterium,2,2,2,2|1,True,True,True,True,1.0
4dfa016cab7a5e01764efc33698696da,species,1,1,2497627.107,2497627.107,2497627.107,Microthrixaceae bacterium,2497627.107,Microthrixaceae bacterium,1,1,1,1,True,True,True,True,1.0
4dfc7cad0b8f13b54b95e5b78d0ff005,family,1,1,1913989.2288,1913989.2288,1913989.2288,Gammaproteobacteria bacterium,1913989.2288,Gammaproteobacteria bacterium,1,1,1,1,True,True,True,True,1.0
4e195f08674de1370e3c8e64ba2b3aed,family,2,2,1869227.2999|86473.3049,1869227.2999|86473.3049,1869227.2999,bacterium,1869227.2999,bacterium,1,2,2,1|3,True,True,True,True,1.0
4e618ab757b83990f7733e0441bd9fe6,genus,1,1,2502221.3,2502221.3,2502221.3,Sphingomonadaceae bacterium 3R27E2-A,2502221.3,Sphingomonadaceae bacterium 3R27E2-A,1,1,1,1,True,True,True,True,1.0
4e7af4ff28d15ba4a752c688837b650a,family,1,1,86473.2039,86473.2039,86473.2039,uncultured Gammaproteobacteria bacterium,86473.2039,uncultured Gammaproteobacteria bacterium,1,1,1,1,True,True,True,True,1.0
4e85d3c1d308b2625f38a6f2c40d6d14,species,1,1,428988.6,428988.6,428988.6,Flavobacterium lindanitolerans,428988.6,Flavobacterium lindanitolerans,1,1,1,1,True,True,True,True,1.0
4e9f7176de6f2af840aa8a369a060705,species,2,2,1907408.3|3350165.3,1907408.3|3350165.3,1907408.3,Allobosea sp. TND4EK4,1907408.3,Allobosea sp. TND4EK4,1,2,2,1|2,True,True,True,True,1.0
4ea3be872f5435b176f679d625af68bc,species,1,1,1898104.1192,1898104.1192,1898104.1192,Bacteroidota bacterium,1898104.1192,Bacteroidota bacterium,1,1,1,1,True,True,True,True,1.0
4eb27fc56d6f8d8d330556a95e44a100,genus,1,1,2052143.1196,2052143.1196,2052143.1196,Anaerolineae bacterium,2052143.1196,Anaerolineae bacterium,1,1,1,1,True,True,True,True,1.0
4eb5104c00849c7945edc8157a171dc6,species,2,2,2364082.122|3121628.8,2364082.122|3121628.8,2364082.122,Candidatus Obscuribacterales bacterium,2364082.122,Candidatus Obscuribacterales bacterium,2,2,2,2|3,True,True,True,True,1.0
4ebf7d3e9720a48b28599e73a0e3078f,species,2,2,1977087.1003|1965277.3,1977087.1003|1965277.3,1977087.1003,Pseudomonadota bacterium,1977087.1003,Pseudomonadota bacterium,1,2,2,1|2,True,True,True,True,1.0
4ec44d84891c8c703ab2103b3c1019c6,genus,1,1,79329.595,79329.595,79329.595,Chitinophaga pinensis,79329.595,Chitinophaga pinensis,1,1,1,1,True,True,True,True,1.0
4ec7f6af7658f82ab3a5fbfb8797075a,genus,2,2,179883.2131|1869227.1765,179883.2131|1869227.1765,179883.2131,uncultured Candidatus Saccharibacteria bacterium,179883.2131,uncultured Candidatus Saccharibacteria bacterium,1,2,2,1|2,True,True,True,True,1.0
4eefc9201a088f1b0ef5ee405f0255b7,species,1,1,2026724.1154,2026724.1154,2026724.1154,Chloroflexota bacterium,2026724.1154,Chloroflexota bacterium,1,1,1,1,True,True,True,True,1.0
4ef4b60b2905ca4802645b0d5198718f,family,1,1,2026715.75,2026715.75,2026715.75,Pseudobdellovibrionaceae bacterium,2026715.75,Pseudobdellovibrionaceae bacterium,1,1,1,1,True,True,True,True,1.0
4f2a1511663e0ebd778854ca24fd1d32,family,1,1,1977087.1519,1977087.1519,1977087.1519,Pseudomonadota bacterium,1977087.1519,Pseudomonadota bacterium,1,1,1,1,True,True,True,True,1.0
4f3b504cfc09ba99b78e22d1c3357503,family,1,1,1913988.1297,1913988.1297,1913988.1297,Alphaproteobacteria bacterium,1913988.1297,Alphaproteobacteria bacterium,1,1,1,1,True,True,True,True,1.0
4f3b5fb2286a87a4513401fcf7b76db1,genus,1,1,1869212.530,1869212.530,1869212.530,Chitinophagaceae bacterium,1869212.530,Chitinophagaceae bacterium,1,1,1,1,True,True,True,True,1.0
4f5dce61529e14e1c7746b629d4e9c2d,genus,1,1,2026780.454,2026780.454,2026780.454,Planctomycetota bacterium,2026780.454,Planctomycetota bacterium,1,1,1,1,True,True,True,True,1.0
4f62c90cbece40e4d54bc5337c6887de,species,1,1,2021613.7,2021613.7,2021613.7,Tagaea sp.,2021613.7,Tagaea sp.,1,1,1,1,True,True,True,True,1.0
4f9f27276aaa4d93e4961b9aa68de8e4,below,0,0,,,,,,,,0,0,,,,,,
4fa0cd5eaad476381c682a5dffaabd7d,species,1,1,2530452.3,2530452.3,2530452.3,Pedobacter frigiditerrae,2530452.3,Pedobacter frigiditerrae,1,1,1,1,True,True,True,True,1.0
4facf39174ac5ca114a00100f03f1446,species,1,1,1054297.3,1054297.3,1054297.3,Clostridium punense,1054297.3,Clostridium punense,1,1,1,1,True,True,True,True,1.0
4fbb6e2a4b33ce5c73d56803b622bc2c,family,1,1,2746922.5,2746922.5,2746922.5,Candidatus Paracaedibacteraceae bacterium,2746922.5,Candidatus Paracaedibacteraceae bacterium,1,1,1,1,True,True,True,True,1.0
4fc1b6f60ef0f7c231513d0289e5aad4,species,1,1,2052146.52,2052146.52,2052146.52,Blastocatellia bacterium,2052146.52,Blastocatellia bacterium,1,1,1,1,True,True,True,True,1.0
4fcc2a6d80ae85340565a22873e5841f,species,1,1,69284.5,69284.5,69284.5,Pseudoxanthomonas japonensis,69284.5,Pseudoxanthomonas japonensis,1,1,1,1,True,True,True,True,1.0
4fe523397c6132951627729ec6d1a032,species,2,2,41978.2018|3133176.3,41978.2018|3133176.3,41978.2018,Ruminococcus sp.,41978.2018,Ruminococcus sp.,1,2,2,1|16,True,True,True,True,1.0
4ff0275e4dfe03601d44a602c4b8cdaf,genus,2,2,2780402.6|2780400.5,2780402.6|2780400.5,2780402.6,Nostoc sp. CHAB 5824,2780402.6,Nostoc sp. CHAB 5824,1,2,2,1|2,True,True,True,True,1.0
4ffb03b5c0bfc3fffc60057381aa071c,species,2,2,153809.1210|1934341.19,153809.1210|1934341.19,153809.1210,uncultured Pseudomonadota bacterium,153809.1210,uncultured Pseudomonadota bacterium,1,2,2,1|2,True,True,True,True,1.0
50095ac4d544b0fb8136e1f185e73ba4,species,1,1,2026788.139,2026788.139,2026788.139,Rickettsiales bacterium,2026788.139,Rickettsiales bacterium,1,1,1,1,True,True,True,True,1.0
501b1262327a1c2819958fbed26dad82,genus,0,0,,,,,,,,0,0,,,,,,
5023ae414cdc62a23a84a6bd2657c69c,species,1,1,1869212.162,1869212.162,1869212.162,Chitinophagaceae bacterium,1869212.162,Chitinophagaceae bacterium,1,1,1,1,True,True,True,True,1.0
5024c37341f679e9d7add57316b32160,species,1,1,2307179.21,2307179.21,2307179.21,Plasticicumulans sp.,2307179.21,Plasticicumulans sp.,1,1,1,1,True,True,True,True,1.0
5029789a8737b1908620b346544cc304,species,2,2,46507.8|28141.589,46507.8|28141.589,46507.8,Ezakiella coagulans,46507.8,Ezakiella coagulans,1,2,2,1|3,True,True,True,True,1.0
502bc8a76fac815c40955f2da51b4603,genus,1,1,34034.130,34034.130,34034.130,uncultured delta proteobacterium,34034.130,uncultured delta proteobacterium,1,1,1,1,True,True,True,True,1.0
502de546fa334508da306a3595c98041,genus,1,1,1632865.4,1632865.4,1632865.4,Pirellula sp. SH-Sr6A,1632865.4,Pirellula sp. SH-Sr6A,1,1,1,1,True,True,True,True,1.0
503fa373434a57d09c31adb306aecdb5,species,1,1,2052143.1029,2052143.1029,2052143.1029,Anaerolineae bacterium,2052143.1029,Anaerolineae bacterium,1,1,1,1,True,True,True,True,1.0
50420826a4434507209193c117f54130,species,1,1,2052152.91,2052152.91,2052152.91,Candidatus Nomurabacteria bacterium,2052152.91,Candidatus Nomurabacteria bacterium,1,1,1,1,True,True,True,True,1.0
5088967c89fec6bd349d2e2311ce0951,species,1,1,575378.3,575378.3,575378.3,Sediminibacterium planctonicum,575378.3,Sediminibacterium planctonicum,2,1,1,2,True,True,True,True,1.0
508d8f7030bdb340cd20674871fd48af,species,1,1,2977811.4,2977811.4,2977811.4,Rheinheimera sp. 4Y26,2977811.4,Rheinheimera sp. 4Y26,1,1,1,1,True,True,True,True,1.0
5094d3304fa905da7174c79745a53c8c,species,2,2,2099675.34|2044944.59,2099675.34|2044944.59,2099675.34,Cyclobacteriaceae bacterium,2099675.34,Cyclobacteriaceae bacterium,1,2,2,1|2,True,True,True,True,1.0
50a8367445f13689d1032ccff7c8db55,species,2,2,2052180.652|2502237.5,2052180.652|2502237.5,2052180.652,Phycisphaerales bacterium,2052180.652,Phycisphaerales bacterium,1,2,2,1|3,True,True,True,True,1.0
50df64d0d30c126287e6319c89fac3cf,genus,1,1,498749.84,498749.84,498749.84,uncultured Solibacteraceae bacterium,498749.84,uncultured Solibacteraceae bacterium,1,1,1,1,True,True,True,True,1.0
50e6e98ab14967833c8d9baf08d854bb,species,1,1,2294114.3,2294114.3,2294114.3,Mesorhizobium denitrificans,2294114.3,Mesorhizobium denitrificans,1,1,1,1,True,True,True,True,1.0
50ec9d51d3f5412cc4ad04ececeb6a59,species,1,1,1951417.3,1951417.3,1951417.3,Anaerolineaceae bacterium UBA4890,1951417.3,Anaerolineaceae bacterium UBA4890,1,1,1,1,True,True,True,True,1.0
50f20313899feb68167cd1a960a6c7d8,family,2,2,2024896.238|2030809.131,2024896.238|2030809.131,2024896.238,Anaerolineaceae bacterium,2024896.238,Anaerolineaceae bacterium,1,2,2,1|2,True,True,True,True,1.0
511f0e485333d786514a19ce05408f46,family,1,1,2044936.833,2044936.833,2044936.833,Bacteroidia bacterium,2044936.833,Bacteroidia bacterium,1,1,1,1,True,True,True,True,1.0
51213ff8942f5af284ea7ca759e137c9,species,1,1,2026724.1494,2026724.1494,2026724.1494,Chloroflexota bacterium,2026724.1494,Chloroflexota bacterium,1,1,1,1,True,True,True,True,1.0
51240b6b889e1e6577290826f1fc103a,family,1,1,2793042.56,2793042.56,2793042.56,Victivallaceae bacterium,2793042.56,Victivallaceae bacterium,1,1,1,1,True,True,True,True,1.0
513dbd7bf65b4fe9ed54811a01ca6bb1,family,1,1,2818507.476,2818507.476,2818507.476,Myxococcota bacterium,2818507.476,Myxococcota bacterium,1,1,1,1,True,True,True,True,1.0
5162c3c7122dca90a70db06cebe65cea,genus,1,1,2021391.497,2021391.497,2021391.497,Flavobacteriales bacterium,2021391.497,Flavobacteriales bacterium,1,1,1,1,True,True,True,True,1.0
5174f7e8ea275ef235a70c730178d5ed,genus,2,2,1400387.3|2528003.3,1400387.3|2528003.3,1400387.3,Bythopirellula goksoeyrii,1400387.3,Bythopirellula goksoeyrii,1,2,2,1|2,True,True,True,True,1.0
5195eee30ed1c509d010d20c3909e846,species,1,1,2497627.147,2497627.147,2497627.147,Microthrixaceae bacterium,2497627.147,Microthrixaceae bacterium,1,1,1,1,True,True,True,True,1.0
519ad1e3d4335e63f899b014e3463947,species,1,1,2202144.358,2202144.358,2202144.358,Spirochaetota bacterium,2202144.358,Spirochaetota bacterium,1,1,1,1,True,True,True,True,1.0
51a05016c8745e333a99a8c595b192bc,species,1,1,2026720.1067,2026720.1067,2026720.1067,Candidatus Saccharimonadota bacterium,2026720.1067,Candidatus Saccharimonadota bacterium,1,1,1,1,True,True,True,True,1.0
51a18ad68d1637f68ee4cc567247a1a3,species,1,1,2991473.5,2991473.5,2991473.5,Lysobacteraceae bacterium PS02065,2991473.5,Lysobacteraceae bacterium PS02065,1,1,1,1,True,True,True,True,1.0
51ae1cdd663386941813fa8309c6b3be,family,2,2,1977087.7818|3034175.125,1977087.7818|3034175.125,1977087.7818,Pseudomonadota bacterium,1977087.7818,Pseudomonadota bacterium,1,2,2,1|2,True,True,True,True,1.0
51d0b735841bf706f141a1aa23c6999f,species,1,1,575378.3,575378.3,575378.3,Sediminibacterium planctonicum,575378.3,Sediminibacterium planctonicum,2,1,1,2,True,True,True,True,1.0
51d4d5bf1c562e1d2a6fde85fe795d3c,family,2,2,2052143.231|1664347.22,2052143.231|1664347.22,2052143.231,Anaerolineae bacterium,2052143.231,Anaerolineae bacterium,1,2,2,1|3,True,True,True,True,1.0
51d55db96ddfccf013fab2fc67c4965b,species,1,1,2202734.37,2202734.37,2202734.37,Saprospiraceae bacterium,2202734.37,Saprospiraceae bacterium,1,1,1,1,True,True,True,True,1.0
51ec4be20a0da414f870af0d1a006714,genus,1,1,2895980.5,2895980.5,2895980.5,Terrirubrum flagellatum,2895980.5,Terrirubrum flagellatum,2,1,1,2,True,True,True,True,1.0
51eecedf6995cfa88867badb6a43b3d8,genus,3,3,151985.12|76259.8|2587015.3,151985.12|76259.8|2587015.3,151985.12,uncultured Rhodocyclaceae bacterium,151985.12,uncultured Rhodocyclaceae bacterium,1,3,3,1|2|6,True,True,True,True,1.0
51fa9baa2476bc53b6a07d94fd11ef4e,species,1,1,153809.1301,153809.1301,153809.1301,uncultured Pseudomonadota bacterium,153809.1301,uncultured Pseudomonadota bacterium,1,1,1,1,True,True,True,True,1.0
525439edb3b85e4732b9b55667fc5a6d,species,2,2,41170.5|1882437.43,41170.5|1882437.43,41170.5,Exiguobacterium acetylicum,41170.5,Exiguobacterium acetylicum,1,2,2,1|11,True,True,True,True,1.0
52708c2cfa926ba9b2f69878c97cee2c,species,2,2,538381.39|3046693.3,538381.39|3046693.3,538381.39,Stappia indica,538381.39,Stappia indica,1,2,2,1|3,True,True,True,True,1.0
5279167d80ccdec4478d859827d52d1a,genus,2,2,138118.7|266126.3,138118.7|266126.3,138118.7,Quatrionicoccus australiensis,138118.7,Quatrionicoccus australiensis,1,2,2,1|4,True,True,True,True,1.0
527ff6e082097ad337cffa77ddbfa4d9,species,2,2,1891229.551|1977087.4910,1891229.551|1977087.4910,1891229.551,Pseudomonadales bacterium,1891229.551,Pseudomonadales bacterium,1,2,2,1|2,True,True,True,True,1.0
52b311979df6c2b81d118aca284d2a6d,genus,1,1,575424.4,575424.4,575424.4,uncultured Conexibacteraceae bacterium,575424.4,uncultured Conexibacteraceae bacterium,3,1,1,3,True,True,True,True,1.0
52bd9a0f261dd1f07dc5173ba3c73966,species,2,2,2026748.23|1977087.4365,2026748.23|1977087.4365,2026748.23,Hyphomonadaceae bacterium,2026748.23,Hyphomonadaceae bacterium,1,2,2,1|3,True,True,True,True,1.0
52c3e286bfbb486a59ed0e6edc710a7b,family,1,1,1913989.1182,1913989.1182,1913989.1182,Gammaproteobacteria bacterium,1913989.1182,Gammaproteobacteria bacterium,1,1,1,1,True,True,True,True,1.0
52cbb68aa48e1b8a418fefa3c9e7bcc8,species,1,1,2591109.3,2591109.3,2591109.3,Casimicrobium huifangae,2591109.3,Casimicrobium huifangae,1,1,1,1,True,True,True,True,1.0
52e73d4a0ca505e2a2dc8cded9bc9779,family,1,1,1879010.10762,1879010.10762,1879010.10762,Bacillota bacterium,1879010.10762,Bacillota bacterium,1,1,1,1,True,True,True,True,1.0
52fb28de37b20bccb60112277a3b7c8b,species,1,1,2497627.148,2497627.148,2497627.148,Microthrixaceae bacterium,2497627.148,Microthrixaceae bacterium,2,1,1,2,True,True,True,True,1.0
5308f25dfca1ad3d83d345ec35e42715,species,2,2,2053538.110|2026780.1498,2053538.110|2026780.1498,2053538.110,Candidatus Competibacteraceae bacterium,2053538.110,Candidatus Competibacteraceae bacterium,2,2,2,2|5,True,True,True,True,1.0
53201810d8d04acd4b2c7b7a75097eaa,species,2,2,3386644.3|687846.6,3386644.3|687846.6,3386644.3,Chryseobacterium sp. MMS23-Vi53,3386644.3,Chryseobacterium sp. MMS23-Vi53,1,2,2,1|2,True,True,True,True,1.0
532ff193b68d71a9e2229dd125e1eeb1,species,2,2,176230.5|3439062.3,176230.5|3439062.3,176230.5,uncultured Methanosarcinaceae archaeon,176230.5,uncultured Methanosarcinaceae archaeon,1,2,2,1|2,True,True,True,True,1.0
5340372fe2776854de2e7305ab108bc8,species,2,2,1883427.3113|2518612.209,1883427.3113|2518612.209,1883427.3113,Actinomycetes bacterium,1883427.3113,Actinomycetes bacterium,1,2,2,1|3,True,True,True,True,1.0
535887d75db6f21831a65b42a9d5752f,genus,1,1,2049432.22,2049432.22,2049432.22,Chromatiaceae bacterium,2049432.22,Chromatiaceae bacterium,2,1,1,2,True,True,True,True,1.0
536463eb280a39a71f6c2b5844ee638c,genus,1,1,2927946.13,2927946.13,2927946.13,Catalimonadaceae bacterium,2927946.13,Catalimonadaceae bacterium,1,1,1,1,True,True,True,True,1.0
536505d096617d3fc33fe46336e964eb,species,1,1,2053589.824,2053589.824,2053589.824,Minisyncoccota bacterium,2053589.824,Minisyncoccota bacterium,1,1,1,1,True,True,True,True,1.0
538d9222820c843af4f656da036aae95,genus,1,1,171953.1301,171953.1301,171953.1301,uncultured Acidobacteriota bacterium,171953.1301,uncultured Acidobacteriota bacterium,1,1,1,1,True,True,True,True,1.0
53a95a6c56eafdc9d4117dc7572c016c,below,0,0,,,,,,,,0,0,,,,,,
53b79a5e67eedae0d480314ea8a23716,species,2,2,418240.1422|1955243.284,418240.1422|1955243.284,418240.1422,Blautia wexlerae,418240.1422,Blautia wexlerae,1,2,2,1|3,True,True,True,True,1.0
53b9e2fc83c0cbc40df49a199b32324c,genus,3,3,1134406.9|2073117.976|1672391.925,1134406.9|2073117.976|1672391.925,1134406.9,Ornatilinea apprima,1134406.9,Ornatilinea apprima,3,3,3,3|4|2,True,True,True,True,1.0
53d364f6d739f7666d91f12344d8196b,genus,2,2,2599941.102|3034169.27,2599941.102|3034169.27,2599941.102,Oligoflexia bacterium,2599941.102,Oligoflexia bacterium,1,2,2,1|5,True,True,True,True,1.0
53d62071ad47ff8cf5631fa27682a935,species,2,2,2478476.12|3064664.11,2478476.12|3064664.11,2478476.12,Methanobacteriales archaeon,2478476.12,Methanobacteriales archaeon,1,2,2,1|2,True,True,True,True,1.0
53d778933f79cf1ec135398e25b5e962,species,1,1,3036128.3,3036128.3,3036128.3,Diaphorobacter limosus,3036128.3,Diaphorobacter limosus,1,1,1,1,True,True,True,True,1.0
54307e4fc0b305aeca48d347f4b983b8,species,1,1,2026752.9,2026752.9,2026752.9,Kiritimatiellaceae bacterium,2026752.9,Kiritimatiellaceae bacterium,1,1,1,1,True,True,True,True,1.0
54383362ba81c48e7d0a426cac362450,species,2,2,2030808.360|1891241.460,2030808.360|1891241.460,2030808.360,Candidatus Cloacimonadota bacterium,2030808.360,Candidatus Cloacimonadota bacterium,1,2,2,1|2,True,True,True,True,1.0
543ede268cdbe75b5eab558559a520df,genus,1,1,1913988.626,1913988.626,1913988.626,Alphaproteobacteria bacterium,1913988.626,Alphaproteobacteria bacterium,1,1,1,1,True,True,True,True,1.0
5441293b9add01d4fd09cd5370138bc1,species,2,2,2202734.110|2448779.471,2202734.110|2448779.471,2202734.110,Saprospiraceae bacterium,2202734.110,Saprospiraceae bacterium,1,2,2,1|2,True,True,True,True,1.0
544bf7bbb6b8fddd72763dc9f77e31b0,genus,1,1,2073117.867,2073117.867,2073117.867,Anaerolineales bacterium,2073117.867,Anaerolineales bacterium,4,1,1,4,True,True,True,True,1.0
545f3b2864617a68fb79774114c1327f,species,1,1,2026780.1195,2026780.1195,2026780.1195,Planctomycetota bacterium,2026780.1195,Planctomycetota bacterium,1,1,1,1,True,True,True,True,1.0
54729b120e81b14f79d8caf516c2fd83,genus,3,3,1121337.3|2488810.3|48256.3,1121337.3|2488810.3|48256.3,1121337.3,Ruminiclostridium sufflavum,1121337.3,Ruminiclostridium sufflavum,1,3,3,1|2|3,True,True,True,True,1.0
548cfc49fae6be169e2b84f6263e3207,species,1,1,2964540.102,2964540.102,2964540.102,Smithellaceae bacterium,2964540.102,Smithellaceae bacterium,1,1,1,1,True,True,True,True,1.0
549f5512ae914999d706ca468de179c8,below,0,0,,,,,,,,0,0,,,,,,
54c489de5ec8c0e9aa68974f8f39d713,species,1,1,1872579.14,1872579.14,1872579.14,Aquamicrobium sp.,1872579.14,Aquamicrobium sp.,1,1,1,1,True,True,True,True,1.0
54c6f90005e31b1c0e2513c2d6cc649a,species,2,2,147645.199|2479545.3,147645.199|2479545.3,147645.199,Paracoccus yeei,147645.199,Paracoccus yeei,1,2,2,1|3,True,True,True,True,1.0
54d0eba3f83a0161654b30cdd472abc1,genus,1,1,3373610.3,3373610.3,3373610.3,Schlesneria sphaerica,3373610.3,Schlesneria sphaerica,1,1,1,1,True,True,True,True,1.0
54f8ee204623f9431145ee6f40c9b347,species,2,2,2099375.12|77133.3915,2099375.12|77133.3915,2099375.12,Chloracidobacterium sp.,2099375.12,Chloracidobacterium sp.,2,2,2,2|1,True,True,True,True,1.0
5505c3a93b39de3a6d6e230482a4d9a3,species,1,1,1869337.100,1869337.100,1869337.100,Parabacteroides sp.,1869337.100,Parabacteroides sp.,1,1,1,1,True,True,True,True,1.0
552af140c0eb17d65baf82fd74a9180e,genus,1,1,2268199.308,2268199.308,2268199.308,Polyangiaceae bacterium,2268199.308,Polyangiaceae bacterium,1,1,1,1,True,True,True,True,1.0
55443caa3c22035734d60cd1c306994d,species,1,1,2033014.625,2033014.625,2033014.625,Armatimonadota bacterium,2033014.625,Armatimonadota bacterium,1,1,1,1,True,True,True,True,1.0
55447d0ef9168607b388562ff79ff2e6,genus,1,1,1962973.17,1962973.17,1962973.17,Luteolibacter sp.,1962973.17,Luteolibacter sp.,1,1,1,1,True,True,True,True,1.0
5544d8cf5f86da2f9bd3432512138bb8,genus,1,1,86027.1116,86027.1116,86027.1116,uncultured beta proteobacterium,86027.1116,uncultured beta proteobacterium,1,1,1,1,True,True,True,True,1.0
5558096ef958f796e0e416278505d178,genus,1,1,2026763.192,2026763.192,2026763.192,Myxococcales bacterium,2026763.192,Myxococcales bacterium,1,1,1,1,True,True,True,True,1.0
555c89eaeff111e7924faa53163158c6,species,1,1,2026724.1154,2026724.1154,2026724.1154,Chloroflexota bacterium,2026724.1154,Chloroflexota bacterium,1,1,1,1,True,True,True,True,1.0
556bd4fce54fde0fd0b737750696971d,family,1,1,172733.4963,172733.4963,172733.4963,uncultured Eubacteriales bacterium,172733.4963,uncultured Eubacteriales bacterium,1,1,1,1,True,True,True,True,1.0
55778aa25d2c2a28761fbaa2e49017ef,species,1,1,2818507.80,2818507.80,2818507.80,Myxococcota bacterium,2818507.80,Myxococcota bacterium,1,1,1,1,True,True,True,True,1.0
5593713a0fc2350be18dd58821ac7146,genus,1,1,2933270.4,2933270.4,2933270.4,Pseudomarimonas salicorniae,2933270.4,Pseudomarimonas salicorniae,1,1,1,1,True,True,True,True,1.0
5598fe77361326443d68f72c61d0b650,family,2,2,2053538.110|2026780.1498,2053538.110|2026780.1498,2053538.110,Candidatus Competibacteraceae bacterium,2053538.110,Candidatus Competibacteraceae bacterium,2,2,2,2|5,True,True,True,True,1.0
559dbcd4b8b7c0c13712b6931001f519,family,1,1,1792311.3,1792311.3,1792311.3,Petroclostridium xylanilyticum,1792311.3,Petroclostridium xylanilyticum,2,1,1,2,True,True,True,True,1.0
55a068ee90ae790b9660c11bc8563953,genus,1,1,2033014.717,2033014.717,2033014.717,Armatimonadota bacterium,2033014.717,Armatimonadota bacterium,1,1,1,1,True,True,True,True,1.0
55c33f40750949b6f6bb1a041377c8ea,species,2,2,1978525.84|1550733.4,1978525.84|1550733.4,1978525.84,Sphingomonadales bacterium,1978525.84,Sphingomonadales bacterium,1,2,2,1|3,True,True,True,True,1.0
55de9c641bd4a63acee8058ccb76cfc2,family,2,2,1346319.3|1359194.3,1346319.3|1359194.3,1346319.3,Candidatus Trichorickettsia mobilis,1346319.3,Candidatus Trichorickettsia mobilis,1,2,2,1|2,True,True,True,True,1.0
55fc19af3042e2b0243c9a6406fa1658,species,2,2,2053538.110|2026780.1498,2053538.110|2026780.1498,2053538.110,Candidatus Competibacteraceae bacterium,2053538.110,Candidatus Competibacteraceae bacterium,2,2,2,2|5,True,True,True,True,1.0
560c238e079f34fd9f1c763e7b263a0b,species,1,1,1872588.13,1872588.13,1872588.13,Aquimonas sp.,1872588.13,Aquimonas sp.,1,1,1,1,True,True,True,True,1.0
560ec5d9ff5badaa2fef4e01376bb3f0,species,1,1,1913988.3699,1913988.3699,1913988.3699,Alphaproteobacteria bacterium,1913988.3699,Alphaproteobacteria bacterium,1,1,1,1,True,True,True,True,1.0
561aaea4860491d0d2bd97d5f642330b,species,2,2,111564.3|1208313.4,111564.3|1208313.4,111564.3,Kineosphaera limosa,111564.3,Kineosphaera limosa,1,2,2,1|2,True,True,True,True,1.0
5637c2daeeec75441c3bbecc3cbc1e57,species,1,1,2991473.5,2991473.5,2991473.5,Lysobacteraceae bacterium PS02065,2991473.5,Lysobacteraceae bacterium PS02065,1,1,1,1,True,True,True,True,1.0
565a66928ae79bd413276c09605f6c1e,genus,1,1,316068.7,316068.7,316068.7,Leadbetterella byssophila,316068.7,Leadbetterella byssophila,1,1,1,1,True,True,True,True,1.0
5663041217e7076b23e092e895d102b5,species,1,1,795830.10,795830.10,795830.10,Candidatus Brocadia sinica,795830.10,Candidatus Brocadia sinica,1,1,1,1,True,True,True,True,1.0
566d3e368b0ce361d3fa5b47d65885ea,species,1,1,1869212.529,1869212.529,1869212.529,Chitinophagaceae bacterium,1869212.529,Chitinophagaceae bacterium,1,1,1,1,True,True,True,True,1.0
568233b554d9d62f44821675bfbc81f1,family,1,1,368003.153,368003.153,368003.153,uncultured Rikenella sp.,368003.153,uncultured Rikenella sp.,1,1,1,1,True,True,True,True,1.0
56866af87a29d94cf395ea70dda5fed1,species,2,2,2202144.65|2563800.24,2202144.65|2563800.24,2202144.65,Spirochaetota bacterium,2202144.65,Spirochaetota bacterium,2,2,2,2|1,True,True,True,True,1.0
568b59547c6485526286d435ad5e92c7,family,1,1,49181.51,49181.51,49181.51,Zoogloea sp.,49181.51,Zoogloea sp.,1,1,1,1,True,True,True,True,1.0
568c5517875eb12595e509b77e40b149,species,2,2,1977087.4893|2026735.698,1977087.4893|2026735.698,1977087.4893,Pseudomonadota bacterium,1977087.4893,Pseudomonadota bacterium,1,2,2,1|2,True,True,True,True,1.0
568e94a0d51b61225ecb05b971162e8c,genus,1,1,147047.3,147047.3,147047.3,Humidesulfovibrio mexicanus,147047.3,Humidesulfovibrio mexicanus,1,1,1,1,True,True,True,True,1.0
56a2f7b2f498f8e1954aa0d8a76b3422,species,1,1,1962973.17,1962973.17,1962973.17,Luteolibacter sp.,1962973.17,Luteolibacter sp.,1,1,1,1,True,True,True,True,1.0
56b257c3c95da211c85386e1e32594b6,species,2,2,1909295.502|1883427.2861,1909295.502|1883427.2861,1909295.502,Solirubrobacterales bacterium,1909295.502,Solirubrobacterales bacterium,1,2,2,1|2,True,True,True,True,1.0
56ba0dac272d16032f479f5a2736c0f1,genus,1,1,2711216.4,2711216.4,2711216.4,Paludisphaera rhizosphaerae,2711216.4,Paludisphaera rhizosphaerae,1,1,1,1,True,True,True,True,1.0
56db17221a9724cad62ae9a36c453a81,species,1,1,904068.20,904068.20,904068.20,uncultured Leptolinea sp.,904068.20,uncultured Leptolinea sp.,1,1,1,1,True,True,True,True,1.0
56dd26238b903bbdf52c6e9220f6f033,species,1,1,2448779.36,2448779.36,2448779.36,Chitinophagales bacterium,2448779.36,Chitinophagales bacterium,1,1,1,1,True,True,True,True,1.0
56e6fb1d853b47f5791ec03db88a1726,species,1,1,2307286.29,2307286.29,2307286.29,Flavipsychrobacter sp.,2307286.29,Flavipsychrobacter sp.,1,1,1,1,True,True,True,True,1.0
56f00728b88f5c3605add977cae5c6ca,species,1,1,2026724.1151,2026724.1151,2026724.1151,Chloroflexota bacterium,2026724.1151,Chloroflexota bacterium,1,1,1,1,True,True,True,True,1.0
56f046d6ffd7b3e331f108ff9a805cc4,species,2,2,2053538.110|2026780.1498,2053538.110|2026780.1498,2053538.110,Candidatus Competibacteraceae bacterium,2053538.110,Candidatus Competibacteraceae bacterium,2,2,2,2|5,True,True,True,True,1.0
5704293172e5336e62ece9acd3b61c77,species,2,2,2053538.110|2026780.1498,2053538.110|2026780.1498,2053538.110,Candidatus Competibacteraceae bacterium,2053538.110,Candidatus Competibacteraceae bacterium,2,2,2,2|5,True,True,True,True,1.0
5706c48f6a665ed36bc8a0001efd437a,below,0,0,,,,,,,,0,0,,,,,,
572201994235e72ba44ecd9f2a9923d2,genus,1,1,1869227.7440,1869227.7440,1869227.7440,bacterium,1869227.7440,bacterium,1,1,1,1,True,True,True,True,1.0
5725b4a0878abbce846cddacf7b7438f,species,2,2,2820270.5|327160.31,2820270.5|327160.31,2820270.5,Candidatus Kaistella beijingensis,2820270.5,Candidatus Kaistella beijingensis,1,2,2,1|2,True,True,True,True,1.0
572b0a71e7656f67efb09c1e9c63b472,genus,1,1,897.4,897.4,897.4,Desulfococcus multivorans,897.4,Desulfococcus multivorans,1,1,1,1,True,True,True,True,1.0
573073c62410137d75a719c77a20470e,genus,2,2,1978230.182|211442.11,1978230.182|211442.11,1978230.182,Caulobacteraceae bacterium,1978230.182,Caulobacteraceae bacterium,3,2,2,3|2,True,True,True,True,1.0
5731cfdeed260eb467e032ef6ffcb6f7,species,0,0,,,,,,,,0,0,,,,,,
5746e5d8068939227604b5d79f8c6491,species,1,1,2053538.96,2053538.96,2053538.96,Candidatus Competibacteraceae bacterium,2053538.96,Candidatus Competibacteraceae bacterium,2,1,1,2,True,True,True,True,1.0
5768c048cb6c4ce6ecd07d05fd8e0e7f,family,1,1,2447898.102,2447898.102,2447898.102,Candidatus Kapaibacterium sp.,2447898.102,Candidatus Kapaibacterium sp.,1,1,1,1,True,True,True,True,1.0
576aba11798b5bc4980fe34bdd67f4e5,family,1,1,2023360.52,2023360.52,2023360.52,Rickettsiaceae bacterium,2023360.52,Rickettsiaceae bacterium,1,1,1,1,True,True,True,True,1.0
576fb235631fff357f0b53a9a6cc473d,genus,1,1,2030809.255,2030809.255,2030809.255,Candidatus Hydrogenedentota bacterium,2030809.255,Candidatus Hydrogenedentota bacterium,1,1,1,1,True,True,True,True,1.0
5787e4f9a8702fc8224a191eb98acdea,species,1,1,1913988.3498,1913988.3498,1913988.3498,Alphaproteobacteria bacterium,1913988.3498,Alphaproteobacteria bacterium,1,1,1,1,True,True,True,True,1.0
579113a4c7f625798d996d6d6ac9f719,family,1,1,2006849.388,2006849.388,2006849.388,Lysobacterales bacterium,2006849.388,Lysobacterales bacterium,1,1,1,1,True,True,True,True,1.0
57aeaad62fd7f0f3b7157cc9197810d9,below,0,0,,,,,,,,0,0,,,,,,
57b0a7b96eb01e94ee1a1ce2b25e6159,species,1,1,2818473.28,2818473.28,2818473.28,Giesbergeria sp.,2818473.28,Giesbergeria sp.,1,1,1,1,True,True,True,True,1.0
57b24d9a82f300b8aef4a0b5def0110b,species,2,2,3142262.4|1134435.5,3142262.4|1134435.5,3142262.4,Thauera sp. JM12B12,3142262.4,Thauera sp. JM12B12,1,2,2,1|2,True,True,True,True,1.0
57b269aa57421e103179dd2b86e2927f,species,1,1,2818473.28,2818473.28,2818473.28,Giesbergeria sp.,2818473.28,Giesbergeria sp.,1,1,1,1,True,True,True,True,1.0
57b82766a8c0f0986341dcb1638f8591,species,1,1,77133.3915,77133.3915,77133.3915,uncultured bacterium,77133.3915,uncultured bacterium,1,1,1,1,True,True,True,True,1.0
57bad02cc79d3f9c3a7d6c153cd0d23c,species,2,2,40214.496|1862567.3,40214.496|1862567.3,40214.496,Acinetobacter johnsonii,40214.496,Acinetobacter johnsonii,1,2,2,1|4,True,True,True,True,1.0
581f89599a6102134591ab04f0c4067b,species,2,2,2575682.4|1913989.1483,2575682.4|1913989.1483,2575682.4,Gammaproteobacteria bacterium PRO2,2575682.4,Gammaproteobacteria bacterium PRO2,1,2,2,1|2,True,True,True,True,1.0
583cb5f78a0e290bceefd848f94f11e4,family,2,2,244582.8|2746922.5,244582.8|2746922.5,244582.8,Candidatus Paracaedibacter symbiosus,244582.8,Candidatus Paracaedibacter symbiosus,1,2,2,1|2,True,True,True,True,1.0
5847674812cd5fee8605822f1b409000,genus,2,2,1869227.7702|2052330.40,1869227.7702|2052330.40,1869227.7702,bacterium,1869227.7702,bacterium,2,2,2,2|3,True,True,True,True,1.0
584ed3e70b7f9aba7d689dd0f12d8ce7,species,1,1,2099675.13,2099675.13,2099675.13,Cyclobacteriaceae bacterium,2099675.13,Cyclobacteriaceae bacterium,2,1,1,2,True,True,True,True,1.0
5893256a714e6d431b1850e7bf293e09,species,1,1,1977087.3794,1977087.3794,1977087.3794,Pseudomonadota bacterium,1977087.3794,Pseudomonadota bacterium,1,1,1,1,True,True,True,True,1.0
58a213e20a9ae1ce258c4bde8b10eca8,genus,1,1,2800415.29,2800415.29,2800415.29,Candidatus Competibacter sp.,2800415.29,Candidatus Competibacter sp.,1,1,1,1,True,True,True,True,1.0
58a61e954e046fd693ca228b0b53732b,family,2,2,310067.180|2024896.101,310067.180|2024896.101,310067.180,uncultured Anaerolineaceae bacterium,310067.180,uncultured Anaerolineaceae bacterium,1,2,2,1|2,True,True,True,True,1.0
58c228ea410417120a6a253e1e992ab1,species,1,1,2021391.711,2021391.711,2021391.711,Flavobacteriales bacterium,2021391.711,Flavobacteriales bacterium,1,1,1,1,True,True,True,True,1.0
58df3b22d9892e0479381e4f2b39c989,species,1,1,422285.13,422285.13,422285.13,uncultured candidate division WWE3 bacterium,422285.13,uncultured candidate division WWE3 bacterium,1,1,1,1,True,True,True,True,1.0
58df471fd622a9b8e9b96155eb56102c,family,2,2,91750.4333|1441467.6,91750.4333|1441467.6,91750.4333,uncultured Alphaproteobacteria bacterium,91750.4333,uncultured Alphaproteobacteria bacterium,3,2,2,3|7,True,True,True,True,1.0
58e05e2d4417206d880561e43e5b2b9b,species,2,2,2053538.110|2026780.1498,2053538.110|2026780.1498,2053538.110,Candidatus Competibacteraceae bacterium,2053538.110,Candidatus Competibacteraceae bacterium,2,2,2,2|5,True,True,True,True,1.0
58e78ae562c1eb2e5d3cbfa9b4a5cc37,species,1,1,111831.5,111831.5,111831.5,Defluviicoccus vanus,111831.5,Defluviicoccus vanus,1,1,1,1,True,True,True,True,1.0
58e8e631288ee3c5202a5b86f84a163c,genus,1,1,1391654.11,1391654.11,1391654.11,Labilithrix luteola,1391654.11,Labilithrix luteola,1,1,1,1,True,True,True,True,1.0
58f106f1f84d06ad6b184319a07fda1f,species,2,2,2053538.110|2026780.1498,2053538.110|2026780.1498,2053538.110,Candidatus Competibacteraceae bacterium,2053538.110,Candidatus Competibacteraceae bacterium,2,2,2,2|5,True,True,True,True,1.0
58fb1ceaea296714cfc12ec324f6020b,below,0,0,,,,,,,,0,0,,,,,,
58fe2562f1871aeca9f1acdd5da3d009,species,2,2,3276282.3|1365611.3,3276282.3|1365611.3,3276282.3,Neotabrizicola sp. sgz301269,3276282.3,Neotabrizicola sp. sgz301269,3,2,2,3|4,True,True,True,True,1.0
5904cb35095c40643f3d895fa8bd3bb7,genus,1,1,2760807.7,2760807.7,2760807.7,Lewinellaceae bacterium,2760807.7,Lewinellaceae bacterium,1,1,1,1,True,True,True,True,1.0
59135fb80b43346e7c91adeebb9db112,family,2,2,3120121.130|179883.2841,3120121.130|179883.2841,3120121.130,Minisyncoccia bacterium,3120121.130,Minisyncoccia bacterium,1,2,2,1|3,True,True,True,True,1.0
5926d207a10be822e5dbcca3904ed04b,species,2,2,2053538.110|2026780.1498,2053538.110|2026780.1498,2053538.110,Candidatus Competibacteraceae bacterium,2053538.110,Candidatus Competibacteraceae bacterium,2,2,2,2|5,True,True,True,True,1.0
59700b269035a5f25f8d14ed0539fb79,species,1,1,2053492.78,2053492.78,2053492.78,Accumulibacter sp.,2053492.78,Accumulibacter sp.,1,1,1,1,True,True,True,True,1.0
5986785bc73eaa8d88d016c51139dd65,genus,0,1,,413497.13,,,413497.13,Cronobacter dublinensis,,0,0,,,,,,
5994e5bb83c2059b92f424907bfb70e3,genus,2,2,1940288.328|1310416.3,1940288.328|1310416.3,1940288.328,Ferruginibacter sp.,1940288.328,Ferruginibacter sp.,1,2,2,1|2,True,True,True,True,1.0
59988564d8b989fb7307e7a41a3993b7,species,1,1,1869227.7870,1869227.7870,1869227.7870,bacterium,1869227.7870,bacterium,1,1,1,1,True,True,True,True,1.0
59aa018d6efd30c09bbc7de7c856169a,species,1,1,45200.35,45200.35,45200.35,Methanospirillum sp.,45200.35,Methanospirillum sp.,2,1,1,2,True,True,True,True,1.0
59baf00507d2c3d5d39dca526149864a,family,2,2,2024896.238|2030809.131,2024896.238|2030809.131,2024896.238,Anaerolineaceae bacterium,2024896.238,Anaerolineaceae bacterium,1,2,2,1|2,True,True,True,True,1.0
59c5995d732f22fe559c04802246529b,species,1,1,1852931.3,1852931.3,1852931.3,Verrucomicrobia bacterium ADurb.Bin474,1852931.3,Verrucomicrobia bacterium ADurb.Bin474,1,1,1,1,True,True,True,True,1.0
5a096fbab9aadd2b9e568a4289953aca,family,1,1,1898104.853,1898104.853,1898104.853,Bacteroidota bacterium,1898104.853,Bacteroidota bacterium,1,1,1,1,True,True,True,True,1.0
5a0ed48c1d6865fb7ce4a578e9733c4f,genus,1,1,2026724.1494,2026724.1494,2026724.1494,Chloroflexota bacterium,2026724.1494,Chloroflexota bacterium,1,1,1,1,True,True,True,True,1.0
5a3979c375ed33c374543abc7523f5ba,species,1,1,2780399.6,2780399.6,2780399.6,Nostoc favosum,2780399.6,Nostoc favosum,1,1,1,1,True,True,True,True,1.0
5a3afb4d146f88a6d7075d690e325786,species,1,1,1672391.454,1672391.454,1672391.454,uncultured Chloroflexia bacterium,1672391.454,uncultured Chloroflexia bacterium,1,1,1,1,True,True,True,True,1.0
5a4f4eac08e89a72254bf923f20e5aa3,genus,1,1,2283092.265,2283092.265,2283092.265,Pyrinomonadaceae bacterium,2283092.265,Pyrinomonadaceae bacterium,1,1,1,1,True,True,True,True,1.0
5a504a84d67fcde84864ae286d29a8ff,species,2,2,2994676.4|2795740.3,2994676.4|2795740.3,2994676.4,Alishewanella sp. SMS8,2994676.4,Alishewanella sp. SMS8,1,2,2,1|3,True,True,True,True,1.0
5a50eea5ced3b504be94461dd1727789,genus,1,1,100233.320,100233.320,100233.320,uncultured Planctomycetaceae bacterium,100233.320,uncultured Planctomycetaceae bacterium,3,1,1,3,True,True,True,True,1.0
5a53ad0b5b9bb5681456ed32f72110e7,species,1,1,1219361.4,1219361.4,1219361.4,Millisia brevis,1219361.4,Millisia brevis,1,1,1,1,True,True,True,True,1.0
5a69c1b436717e60011823957a98792e,species,1,1,1977087.4909,1977087.4909,1977087.4909,Pseudomonadota bacterium,1977087.4909,Pseudomonadota bacterium,1,1,1,1,True,True,True,True,1.0
5a7580407249139730d8261e911750fb,species,2,2,2052184.71|2013746.3,2052184.71|2013746.3,2052184.71,Syntrophaceae bacterium,2052184.71,Syntrophaceae bacterium,2,2,2,2|3,True,True,True,True,1.0
5a8dec0acc816b32c9de360e7cd11f2c,genus,3,3,1879010.10568|2201156.843|2053589.824,1879010.10568|2201156.843|2053589.824,1879010.10568,Bacillota bacterium,1879010.10568,Bacillota bacterium,1,3,3,1|2|3,True,True,True,True,1.0
5a91c618fdff8a9d0f67bb1d796e0a3f,species,1,1,2026715.24,2026715.24,2026715.24,Pseudobdellovibrionaceae bacterium,2026715.24,Pseudobdellovibrionaceae bacterium,1,1,1,1,True,True,True,True,1.0
5aa8622700cb283a2955249891bd8712,genus,1,1,1510150.4,1510150.4,1510150.4,Permianibacter aggregans,1510150.4,Permianibacter aggregans,1,1,1,1,True,True,True,True,1.0
5ab8522bd7bddcd06fd820ccd78ecd3c,family,2,2,1898104.3472|2026735.2447,1898104.3472|2026735.2447,1898104.3472,Bacteroidota bacterium,1898104.3472,Bacteroidota bacterium,1,2,2,1|2,True,True,True,True,1.0
5ad03825d6fd159af4bbdcef65ad4eb7,species,2,2,50259.29|1871071.61,50259.29|1871071.61,50259.29,Rubrivivax sp.,50259.29,Rubrivivax sp.,2,2,2,2|4,True,True,True,True,1.0
5adea97be7d61a174324b19e19ba1dea,species,2,2,1883427.1792|1870902.15,1883427.1792|1870902.15,1883427.1792,Actinomycetes bacterium,1883427.1792,Actinomycetes bacterium,2,2,2,2|3,True,True,True,True,1.0
5aed197679198ad0c5c2cab57f631d0e,species,1,1,1869227.2999,1869227.2999,1869227.2999,bacterium,1869227.2999,bacterium,1,1,1,1,True,True,True,True,1.0
5b037b212e245cb845421309d19405b9,species,1,1,3034018.3,3034018.3,3034018.3,Runella sp. MFBS21,3034018.3,Runella sp. MFBS21,1,1,1,1,True,True,True,True,1.0
5b1761f03700e64e5b7e522f372c8e02,species,2,2,2053538.110|2026780.1498,2053538.110|2026780.1498,2053538.110,Candidatus Competibacteraceae bacterium,2053538.110,Candidatus Competibacteraceae bacterium,2,2,2,2|5,True,True,True,True,1.0
5b25083ad9ed2c08438f9be0e8e2b096,species,1,1,1977087.4909,1977087.4909,1977087.4909,Pseudomonadota bacterium,1977087.4909,Pseudomonadota bacterium,1,1,1,1,True,True,True,True,1.0
5b4676d996816a7ecafd1d3a4e823766,below,0,0,,,,,,,,0,0,,,,,,
5b6d589e4b8374ae05953faf3e0ec415,species,1,1,1904441.236,1904441.236,1904441.236,Paracoccaceae bacterium,1904441.236,Paracoccaceae bacterium,1,1,1,1,True,True,True,True,1.0
5b6da3fdae9027a664b5aca65baee61a,species,1,1,708629.4,708629.4,708629.4,uncultured Candidatus Solibacter sp.,708629.4,uncultured Candidatus Solibacter sp.,1,1,1,1,True,True,True,True,1.0
5b9a8ecc850944429af95e6eb029e2fb,family,1,1,1971216.7,1971216.7,1971216.7,Oligoflexus sp.,1971216.7,Oligoflexus sp.,1,1,1,1,True,True,True,True,1.0
5b9f9a531bc831dbf7e97ce4bf7eaf35,genus,2,2,1367462.4|3381661.3,1367462.4|3381661.3,1367462.4,Clostridium swellfunianum,1367462.4,Clostridium swellfunianum,1,2,2,1|2,True,True,True,True,1.0
5bad39907f35f25e4b96d9792fb2d25f,species,1,1,3042025.3,3042025.3,3042025.3,Luteimonas kalidii,3042025.3,Luteimonas kalidii,2,1,1,2,True,True,True,True,1.0
5bb9098a1c548b1886887c50d0fea5a7,species,1,1,2026788.139,2026788.139,2026788.139,Rickettsiales bacterium,2026788.139,Rickettsiales bacterium,1,1,1,1,True,True,True,True,1.0
5bdac6eac7cbb0f37f75ad620aacf8a6,species,2,2,77133.4199|1869227.7414,77133.4199|1869227.7414,77133.4199,uncultured bacterium,77133.4199,uncultured bacterium,1,2,2,1|2,True,True,True,True,1.0
5be55b6ca4e6b913345f16d27a727d6d,family,2,2,2927939.37|77133.3869,2927939.37|77133.3869,2927939.37,Candidatus Absconditabacterales bacterium,2927939.37,Candidatus Absconditabacterales bacterium,1,2,2,1|2,True,True,True,True,1.0
5beab16f967d9d626b77b41af235e0a5,genus,3,3,1871066.591|3140358.3|2986066.4,1871066.591|3140358.3|2986066.4,1871066.591,Mesorhizobium sp.,1871066.591,Mesorhizobium sp.,1,3,3,1|2|3,True,True,True,True,1.0
5beb27b7a649fe2276ee4c2396683058,species,2,2,2871701.4|53254.30,2871701.4|53254.30,2871701.4,Allobosea sp. BH3,2871701.4,Allobosea sp. BH3,1,2,2,1|5,True,True,True,True,1.0
5bec0003f6b132d9d70cf1ae9769c98f,species,1,1,2699754.332,2699754.332,2699754.332,Pirellulaceae bacterium,2699754.332,Pirellulaceae bacterium,1,1,1,1,True,True,True,True,1.0
5bf8f7c731d8a459abd0ca17a98a746b,species,2,2,2021391.1066|194843.1060,2021391.1066|194843.1060,2021391.1066,Flavobacteriales bacterium,2021391.1066,Flavobacteriales bacterium,1,2,2,1|2,True,True,True,True,1.0
5bf97296b7357c576a1fb106c5c3c4fb,genus,1,1,1619078.4,1619078.4,1619078.4,candidate division TM6 bacterium GW2011_GWF2_30_66,1619078.4,candidate division TM6 bacterium GW2011_GWF2_30_66,1,1,1,1,True,True,True,True,1.0
5bfd0607c1130b2ea95261361ed0aaf1,species,2,2,59779.36|1603292.4,59779.36|1603292.4,59779.36,Paracoccus marcusii,59779.36,Paracoccus marcusii,1,2,2,1|4,True,True,True,True,1.0
5bfd314b417d955cb93c46c51fc18371,genus,1,1,1674832.4,1674832.4,1674832.4,Bacteroidales bacterium Bact_18,1674832.4,Bacteroidales bacterium Bact_18,1,1,1,1,True,True,True,True,1.0
5bff0a76ed04ec03b4a2b57ee562dbaf,family,2,2,536.73|2806263.3,536.73|2806263.3,536.73,Chromobacterium violaceum,536.73,Chromobacterium violaceum,1,2,2,1|17,True,True,True,True,1.0
5bff391dc28fa96dc091727840c05427,genus,1,1,1869227.108,1869227.108,1869227.108,bacterium,1869227.108,bacterium,1,1,1,1,True,True,True,True,1.0
5c15e85203d2494002f24f8eda0b3205,genus,1,1,2026786.103,2026786.103,2026786.103,Rhodospirillales bacterium,2026786.103,Rhodospirillales bacterium,1,1,1,1,True,True,True,True,1.0
5c17b5ae418c72220e07408146a0153a,genus,1,1,1817751.3,1817751.3,1817751.3,Microgenomates group bacterium RIFCSPLOWO2_01_FULL_47_10,1817751.3,Microgenomates group bacterium RIFCSPLOWO2_01_FULL_47_10,1,1,1,1,True,True,True,True,1.0
5c29e62d6bcc7bca10d4b8161d272436,genus,1,1,1672391.830,1672391.830,1672391.830,uncultured Chloroflexia bacterium,1672391.830,uncultured Chloroflexia bacterium,1,1,1,1,True,True,True,True,1.0
5c5a9967155c8b33a2b52c808d97224d,species,1,1,42353.222,42353.222,42353.222,Nitrosomonas sp.,42353.222,Nitrosomonas sp.,1,1,1,1,True,True,True,True,1.0
5c5b28fc21ba720d97b469bc53b1e428,genus,2,2,2715253.43|100233.366,2715253.43|100233.366,2715253.43,Pirellulales bacterium,2715253.43,Pirellulales bacterium,1,2,2,1|2,True,True,True,True,1.0
5c5f35d36f59fee25997044e0fe8aa06,species,2,2,2769295.3|128785.56,2769295.3|128785.56,2769295.3,Pseudoxanthomonas sp. PXM01,2769295.3,Pseudoxanthomonas sp. PXM01,14,2,2,14|2,True,True,True,True,1.0
5c63611f24c3932e90c8f37757d7c61a,genus,1,1,1121464.3,1121464.3,1121464.3,Desulfolutivibrio sulfodismutans,1121464.3,Desulfolutivibrio sulfodismutans,1,1,1,1,True,True,True,True,1.0
5c65438f5dbd6f7afd2f4ea503846a2c,species,2,2,43617.5|1871066.490,43617.5|1871066.490,43617.5,Mesorhizobium mediterraneum,43617.5,Mesorhizobium mediterraneum,1,2,2,1|2,True,True,True,True,1.0
5cbd64e39eda72859b3aa683a5359563,species,2,2,1977087.4909|2805397.36,1977087.4909|2805397.36,1977087.4909,Pseudomonadota bacterium,1977087.4909,Pseudomonadota bacterium,1,2,2,1|2,True,True,True,True,1.0
5cd49d08d27abbf2829bf20895e92f88,species,1,1,881.13,881.13,881.13,Nitratidesulfovibrio vulgaris,881.13,Nitratidesulfovibrio vulgaris,1,1,1,1,True,True,True,True,1.0
5ce5d8478605b1cccf56de15f02800d5,family,1,1,2715255.5,2715255.5,2715255.5,Candidatus Sumerlaeia bacterium,2715255.5,Candidatus Sumerlaeia bacterium,1,1,1,1,True,True,True,True,1.0
5cf5e83514bb9cc39d3fae0e9382851f,family,1,1,1913988.3000,1913988.3000,1913988.3000,Alphaproteobacteria bacterium,1913988.3000,Alphaproteobacteria bacterium,1,1,1,1,True,True,True,True,1.0
5cf8ab08a6779c760cad397db2286e84,genus,1,1,1962973.17,1962973.17,1962973.17,Luteolibacter sp.,1962973.17,Luteolibacter sp.,1,1,1,1,True,True,True,True,1.0
5d009897766fc476076e5d5a7603d12a,species,2,2,2053538.110|2026780.1498,2053538.110|2026780.1498,2053538.110,Candidatus Competibacteraceae bacterium,2053538.110,Candidatus Competibacteraceae bacterium,2,2,2,2|5,True,True,True,True,1.0
5d27855c28073a9ddc14556ec18eb33a,species,2,2,2976818.4|2053589.809,2976818.4|2053589.809,2976818.4,Cloacibacterium sp. TD35,2976818.4,Cloacibacterium sp. TD35,1,2,2,1|2,True,True,True,True,1.0
5d3542a3320b857aa8eaed7006d3a408,species,1,1,2899123.7,2899123.7,2899123.7,Sphingomonas cannabina,2899123.7,Sphingomonas cannabina,1,1,1,1,True,True,True,True,1.0
5d38a0a4a41d1d7a73fbd6447024e983,species,1,1,2497619.239,2497619.239,2497619.239,Ilumatobacteraceae bacterium,2497619.239,Ilumatobacteraceae bacterium,1,1,1,1,True,True,True,True,1.0
5d490db9c4fa98a4d00229ca76bdcdf6,family,0,0,,,,,,,,0,0,,,,,,
5d6237312b9b7b825ca65e1e530b6aee,species,1,1,2004710.3,2004710.3,2004710.3,Cloacibacterium caeni,2004710.3,Cloacibacterium caeni,1,1,1,1,True,True,True,True,1.0
5d70a046de358712e2c31d6a7ffd6b22,family,1,1,1672391.239,1672391.239,1672391.239,uncultured Chloroflexia bacterium,1672391.239,uncultured Chloroflexia bacterium,1,1,1,1,True,True,True,True,1.0
5d7be727a12a4746361dd52fb75028c4,species,0,0,,,,,,,,0,0,,,,,,
5da18f55e0c7b0b640d1eb7be3922c72,family,2,2,2053306.302|1948670.3,2053306.302|1948670.3,2053306.302,Ignavibacteria bacterium,2053306.302,Ignavibacteria bacterium,1,2,2,1|4,True,True,True,True,1.0
5db694edf839eff28cb6a47bb5b50693,species,1,1,2528024.3,2528024.3,2528024.3,Lacipirellula limnantheis,2528024.3,Lacipirellula limnantheis,1,1,1,1,True,True,True,True,1.0
5dfe32f0f7e0069c166622948799dfe3,family,1,1,332614.393,332614.393,332614.393,uncultured Pseudomonadales bacterium,332614.393,uncultured Pseudomonadales bacterium,1,1,1,1,True,True,True,True,1.0
5e1ea900ed8d1c01fb0fbb028fdc84f7,genus,1,1,2800415.29,2800415.29,2800415.29,Candidatus Competibacter sp.,2800415.29,Candidatus Competibacter sp.,1,1,1,1,True,True,True,True,1.0
5e267f7fd5dddce3c1603a9c6afd9bff,family,2,2,2562117.21|543045.23,2562117.21|543045.23,2562117.21,Chloroflexaceae bacterium,2562117.21,Chloroflexaceae bacterium,1,2,2,1|2,True,True,True,True,1.0
5e27f7ddda7e8e04c3aa5b656ba93f5f,genus,2,2,1953163.3|1977087.4909,1953163.3|1977087.4909,1953163.3,Bacteroidetes bacterium UBA5697,1953163.3,Bacteroidetes bacterium UBA5697,1,2,2,1|2,True,True,True,True,1.0
5e369a1e515f6759fc972af88ad82bcd,below,0,0,,,,,,,,0,0,,,,,,
5e3d9bbb60d743c57ab923816ae3126c,species,2,2,2740584.3|1193628.3,2740584.3|1193628.3,2740584.3,Rheinheimera lutimaris,2740584.3,Rheinheimera lutimaris,1,2,2,1|2,True,True,True,True,1.0
5e551941039ea078f32d25099728ebe6,genus,2,2,34034.872|2049433.371,34034.872|2049433.371,34034.872,uncultured delta proteobacterium,34034.872,uncultured delta proteobacterium,1,2,2,1|2,True,True,True,True,1.0
5e6c8a283e7bf21f00f49f1baa70dbd1,species,2,2,2053538.110|2026780.1498,2053538.110|2026780.1498,2053538.110,Candidatus Competibacteraceae bacterium,2053538.110,Candidatus Competibacteraceae bacterium,2,2,2,2|5,True,True,True,True,1.0
5e7288535b2db184449e47c4ae766b35,species,1,1,2998065.3,2998065.3,2998065.3,Rhizobiaceae bacterium AM104-69,2998065.3,Rhizobiaceae bacterium AM104-69,1,1,1,1,True,True,True,True,1.0
5e839051a6b36188b9350dcad69a5bb6,species,1,1,2991473.5,2991473.5,2991473.5,Lysobacteraceae bacterium PS02065,2991473.5,Lysobacteraceae bacterium PS02065,1,1,1,1,True,True,True,True,1.0
5e9e9a66bcdcb31540d3e61ff907f74b,family,1,1,2687297.21,2687297.21,2687297.21,Oligoflexales bacterium,2687297.21,Oligoflexales bacterium,1,1,1,1,True,True,True,True,1.0
5ea0cbe4bf2863bf8d1109912eebea6c,family,1,1,2715255.5,2715255.5,2715255.5,Candidatus Sumerlaeia bacterium,2715255.5,Candidatus Sumerlaeia bacterium,1,1,1,1,True,True,True,True,1.0
5ea8ce94b2cb4a981649e3c9d357a6de,genus,1,1,1756222.15,1756222.15,1756222.15,uncultured Pelolinea sp.,1756222.15,uncultured Pelolinea sp.,1,1,1,1,True,True,True,True,1.0
5eae3d5b8b8510d1ae71ad38b349faa2,species,2,2,1869227.108|1977087.5771,1869227.108|1977087.5771,1869227.108,bacterium,1869227.108,bacterium,1,2,2,1|2,True,True,True,True,1.0
5ec146629d6233fe531d4c34f504d239,genus,1,1,77133.6525,77133.6525,77133.6525,uncultured bacterium,77133.6525,uncultured bacterium,1,1,1,1,True,True,True,True,1.0
5ed692eda11eb0a2b9db26ccfdc1eee7,species,2,2,3072141.5|2663832.3,3072141.5|2663832.3,3072141.5,Bradyrhizobium sp. LHD-71,3072141.5,Bradyrhizobium sp. LHD-71,3,2,2,3|4,True,True,True,True,1.0
5edc9cb05c66d2bc111ee4330be76356,genus,1,1,2268199.308,2268199.308,2268199.308,Polyangiaceae bacterium,2268199.308,Polyangiaceae bacterium,1,1,1,1,True,True,True,True,1.0
5edffea58cf82fcdeee794a7d223cf2e,genus,2,2,2283092.647|91750.3245,2283092.647|91750.3245,2283092.647,Pyrinomonadaceae bacterium,2283092.647,Pyrinomonadaceae bacterium,2,2,2,2|1,True,True,True,True,1.0
5ef72ee57b48e2c088c5d7135cb2aa47,species,1,1,2497619.239,2497619.239,2497619.239,Ilumatobacteraceae bacterium,2497619.239,Ilumatobacteraceae bacterium,1,1,1,1,True,True,True,True,1.0
5f02ec015b365097c4400ac89f6dcb8c,species,1,1,2053574.21,2053574.21,2053574.21,Marinilabiliaceae bacterium,2053574.21,Marinilabiliaceae bacterium,1,1,1,1,True,True,True,True,1.0
5f2ad2e78c156c0296b85486db160813,species,1,1,1037380.4,1037380.4,1037380.4,Chryseobacterium tructae,1037380.4,Chryseobacterium tructae,1,1,1,1,True,True,True,True,1.0
5f3454e4312b843039de8f99c78019a8,genus,1,1,2307286.28,2307286.28,2307286.28,Flavipsychrobacter sp.,2307286.28,Flavipsychrobacter sp.,1,1,1,1,True,True,True,True,1.0
5f3d687c599cb35a8a0b4ec431ccd389,species,2,2,2991463.5|3364190.3,2991463.5|3364190.3,2991463.5,Microbacteriaceae bacterium PS02071,2991463.5,Microbacteriaceae bacterium PS02071,1,2,2,1|3,True,True,True,True,1.0
5f42e03097ae97d5659271915b275879,species,1,1,1869214.37,1869214.37,1869214.37,Rheinheimera sp.,1869214.37,Rheinheimera sp.,1,1,1,1,True,True,True,True,1.0
5f469c2065e61b90d98a44f518dc33af,genus,1,1,2800415.26,2800415.26,2800415.26,Candidatus Competibacter sp.,2800415.26,Candidatus Competibacter sp.,2,1,1,2,True,True,True,True,1.0
5f79bc764a36f48a3dbfa24eb180c592,genus,1,1,332614.302,332614.302,332614.302,uncultured Pseudomonadales bacterium,332614.302,uncultured Pseudomonadales bacterium,1,1,1,1,True,True,True,True,1.0
5fabb7596c3265578cab4c345d977af7,species,1,1,2030827.43,2030827.43,2030827.43,Candidatus Babelota bacterium,2030827.43,Candidatus Babelota bacterium,1,1,1,1,True,True,True,True,1.0
5fc169422861240e9bb23b9143745aa4,species,2,2,1962974.17|3068640.3,1962974.17|3068640.3,1962974.17,Geothrix sp.,1962974.17,Geothrix sp.,2,2,2,2|3,True,True,True,True,1.0
5fc25103a27a9b6b28ad88d18d1a6442,genus,1,1,2202734.1233,2202734.1233,2202734.1233,Saprospiraceae bacterium,2202734.1233,Saprospiraceae bacterium,1,1,1,1,True,True,True,True,1.0
5fc8fecee9e965907119044f4a6cb5c9,species,2,2,3142262.4|1134435.5,3142262.4|1134435.5,3142262.4,Thauera sp. JM12B12,3142262.4,Thauera sp. JM12B12,1,2,2,1|2,True,True,True,True,1.0
5fc9b3b833ee5fc9ddee11259db3940d,species,2,2,1872664.3|2830843.3,1872664.3|2830843.3,1872664.3,Austwickia sp.,1872664.3,Austwickia sp.,1,2,2,1|2,True,True,True,True,1.0
5fd528d968b60b45288177a3362eb9df,species,1,1,2073117.959,2073117.959,2073117.959,Anaerolineales bacterium,2073117.959,Anaerolineales bacterium,1,1,1,1,True,True,True,True,1.0
5fd6e566724733ca0f10d9fed1671946,species,2,2,2044939.5406|853.8302,2044939.5406|853.8302,2044939.5406,Clostridia bacterium,2044939.5406,Clostridia bacterium,1,2,2,1|2,True,True,True,True,1.0
60067b168d13abaff989c638d8d2881a,species,2,2,2053538.110|2026780.1498,2053538.110|2026780.1498,2053538.110,Candidatus Competibacteraceae bacterium,2053538.110,Candidatus Competibacteraceae bacterium,2,2,2,2|5,True,True,True,True,1.0
600f242e565c3a53cca67627901368b8,genus,3,3,1382802.3|3040920.3|439529.3,1382802.3|3040920.3|439529.3,1382802.3,Halodurantibacterium flavum,1382802.3,Halodurantibacterium flavum,1,3,3,1|2|3,True,True,True,True,1.0
600fe6ae34261db5b813d40d7da6b390,species,1,1,1912891.61,1912891.61,1912891.61,Sphingobium sp.,1912891.61,Sphingobium sp.,1,1,1,1,True,True,True,True,1.0
603b22c1871496a83247ce6e3d3f42a0,genus,5,5,43617.5|1871066.490|2957005.3|39844.6|682633.10,43617.5|1871066.490|2957005.3|39844.6|682633.10,43617.5,Mesorhizobium mediterraneum,43617.5,Mesorhizobium mediterraneum,1,5,5,1|2|4|15|17,True,True,True,True,1.0
60570583eb44115b1faf38229202f412,species,2,2,1898104.2523|2030927.4868,1898104.2523|2030927.4868,1898104.2523,Bacteroidota bacterium,1898104.2523,Bacteroidota bacterium,2,2,2,2|3,True,True,True,True,1.0
6064cf770c30d403a4a5cce163d8f67a,family,1,1,1869227.7440,1869227.7440,1869227.7440,bacterium,1869227.7440,bacterium,1,1,1,1,True,True,True,True,1.0
60850660bc3f30a1e9978193d077cfe2,species,2,2,45200.35|1277351.6,45200.35|1277351.6,45200.35,Methanospirillum sp.,45200.35,Methanospirillum sp.,1,2,2,1|6,True,True,True,True,1.0
608adf1acb93f79d6ee9caa64ef319fe,family,1,1,2030827.64,2030827.64,2030827.64,Candidatus Babelota bacterium,2030827.64,Candidatus Babelota bacterium,1,1,1,1,True,True,True,True,1.0
609fe2ef06175ccf3c3daa1b182e1081,species,2,2,47920.45|1768795.3,47920.45|1768795.3,47920.45,Acidovorax delafieldii,47920.45,Acidovorax delafieldii,1,2,2,1|7,True,True,True,True,1.0
60a5b8d3b1a0c8c5bc0b68c0ef06df6b,below,0,0,,,,,,,,0,0,,,,,,
60f5dc8cefdc610b987e2ede8211ac66,species,2,2,2593020.3|3055406.3,2593020.3|3055406.3,2593020.3,Rhodobacter sp. SYSU G02094,2593020.3,Rhodobacter sp. SYSU G02094,2,2,2,2|3,True,True,True,True,1.0
61075b7ae214e32fa61fe5ebd8191116,species,1,1,1898104.639,1898104.639,1898104.639,Bacteroidota bacterium,1898104.639,Bacteroidota bacterium,1,1,1,1,True,True,True,True,1.0
6115279e81af30d3505d48e6777ef556,species,2,2,2099375.12|77133.3915,2099375.12|77133.3915,2099375.12,Chloracidobacterium sp.,2099375.12,Chloracidobacterium sp.,2,2,2,2|1,True,True,True,True,1.0
61159e3612263eaa8dabdb4a0a41c8ab,species,1,1,2053615.199,2053615.199,2053615.199,Spirochaetia bacterium,2053615.199,Spirochaetia bacterium,1,1,1,1,True,True,True,True,1.0
612721d48af89e9771a6dd2cf3a30e7e,species,1,1,1960880.72,1960880.72,1960880.72,Pseudolabrys sp.,1960880.72,Pseudolabrys sp.,2,1,1,2,True,True,True,True,1.0
613cedc33e13c19b561771265dcdcc58,species,1,1,1869212.1327,1869212.1327,1869212.1327,Chitinophagaceae bacterium,1869212.1327,Chitinophagaceae bacterium,3,1,1,3,True,True,True,True,1.0
614fb34ac721b39280befef10789e7e0,species,2,2,1934341.19|153809.1433,1934341.19|153809.1433,1934341.19,Pseudorhodoplanes sp.,1934341.19,Pseudorhodoplanes sp.,1,2,2,1|2,True,True,True,True,1.0
61637c95fcfd388d16465d5d8ae30f0a,species,1,1,912801.4,912801.4,912801.4,Dietzia sp. DQ12-45-1b,912801.4,Dietzia sp. DQ12-45-1b,1,1,1,1,True,True,True,True,1.0
6163fc61709dfdd9599fbf2079d34cc1,genus,3,3,2781738.3|1121003.3|1872579.14,2781738.3|1121003.3|1872579.14,2781738.3,Aquamicrobium zhengzhouense,2781738.3,Aquamicrobium zhengzhouense,1,3,3,1|2|3,True,True,True,True,1.0
6172466e0e1fe3a1d76cd12dbd874612,family,1,1,960.22,960.22,960.22,Bacteriovorax stolpii,960.22,Bacteriovorax stolpii,1,1,1,1,True,True,True,True,1.0
6175323e639f0195d56844920014159a,genus,1,1,1672391.467,1672391.467,1672391.467,uncultured Chloroflexia bacterium,1672391.467,uncultured Chloroflexia bacterium,1,1,1,1,True,True,True,True,1.0
61a3bafffc0745161857290f345c01eb,genus,1,1,2052180.842,2052180.842,2052180.842,Phycisphaerales bacterium,2052180.842,Phycisphaerales bacterium,1,1,1,1,True,True,True,True,1.0
61a5b7a0e590c9c2e47be01e08e101a6,species,1,1,1617422.4,1617422.4,1617422.4,Bacteroidetes bacterium OLB11,1617422.4,Bacteroidetes bacterium OLB11,1,1,1,1,True,True,True,True,1.0
61ba4e82852fddefd3dafe6ca50992cb,family,1,1,100233.320,100233.320,100233.320,uncultured Planctomycetaceae bacterium,100233.320,uncultured Planctomycetaceae bacterium,1,1,1,1,True,True,True,True,1.0
61bffb5ed48deb86adad74d3d45df340,species,2,2,98513.3|256318.76,98513.3|256318.76,98513.3,Phenylobacterium haematophilum,98513.3,Phenylobacterium haematophilum,1,2,2,1|2,True,True,True,True,1.0
61c8246f43cf237d6821115c4c3b3149,genus,1,1,2049043.130,2049043.130,2049043.130,Desulfovibrionaceae bacterium,2049043.130,Desulfovibrionaceae bacterium,1,1,1,1,True,True,True,True,1.0
61d80b55eabc2c56104047748f880ae7,genus,2,2,2793219.7|34034.789,2793219.7|34034.789,2793219.7,Desulfomonile sp.,2793219.7,Desulfomonile sp.,1,2,2,1|2,True,True,True,True,1.0
61f047feaee4f039e332dd79ca13296a,species,1,1,2682144.70,2682144.70,2682144.70,Fimbriimonadaceae bacterium,2682144.70,Fimbriimonadaceae bacterium,1,1,1,1,True,True,True,True,1.0
6209299ce9a69e40721ab3ad82822c72,species,2,2,2053538.110|2026780.1498,2053538.110|2026780.1498,2053538.110,Candidatus Competibacteraceae bacterium,2053538.110,Candidatus Competibacteraceae bacterium,2,2,2,2|5,True,True,True,True,1.0
62129bbd34a647cc0dcc9ef3dcc6aab9,species,1,1,1871071.61,1871071.61,1871071.61,Comamonadaceae bacterium,1871071.61,Comamonadaceae bacterium,2,1,1,2,True,True,True,True,1.0
621e4978290a0abf2672d5103e4a7676,species,2,2,2053538.110|2026780.1498,2053538.110|2026780.1498,2053538.110,Candidatus Competibacteraceae bacterium,2053538.110,Candidatus Competibacteraceae bacterium,2,2,2,2|5,True,True,True,True,1.0
62244b360d2525054f511f389c32c707,species,1,1,2073117.1130,2073117.1130,2073117.1130,Anaerolineales bacterium,2073117.1130,Anaerolineales bacterium,1,1,1,1,True,True,True,True,1.0
624adeebf9d193dd7e13bcb51cb664db,genus,1,1,2030927.5890,2030927.5890,2030927.5890,Bacteroidales bacterium,2030927.5890,Bacteroidales bacterium,1,1,1,1,True,True,True,True,1.0
6275934e9ea9167c08b8ea750d365a3f,species,2,2,1891238.2081|2073117.1083,1891238.2081|2073117.1083,1891238.2081,Burkholderiales bacterium,1891238.2081,Burkholderiales bacterium,1,2,2,1|6,True,True,True,True,1.0
62876ee668cdefc3b0f0c9dcca31bfbc,genus,1,1,92487.3,92487.3,92487.3,Thiothrix eikelboomii,92487.3,Thiothrix eikelboomii,2,1,1,2,True,True,True,True,1.0
628b15213adda4d712b780b0ea6ecec2,genus,4,4,2026779.142|1973110.3|100233.311|2662066.3,2026779.142|1973110.3|100233.311|2662066.3,2026779.142,Planctomycetaceae bacterium,2026779.142,Planctomycetaceae bacterium,1,4,4,1|4|2|5,True,True,True,True,1.0
6291d6ddf701717cb4dadaf9fe7f3ad3,species,1,1,117.11,117.11,117.11,Pirellula sp.,117.11,Pirellula sp.,1,1,1,1,True,True,True,True,1.0
6299ea09305ada9d2428780e90bc683b,family,2,2,2052143.1196|2026724.1494,2052143.1196|2026724.1494,2052143.1196,Anaerolineae bacterium,2052143.1196,Anaerolineae bacterium,1,2,2,1|3,True,True,True,True,1.0
629e04f85038d16a624e0bb20529ccba,below,0,0,,,,,,,,0,0,,,,,,
62a9677c7c9269b7a4d5be40257f8ef3,below,0,0,,,,,,,,0,0,,,,,,
62dd86fceee8f280657e80f205ec9223,genus,1,1,1672391.402,1672391.402,1672391.402,uncultured Chloroflexia bacterium,1672391.402,uncultured Chloroflexia bacterium,1,1,1,1,True,True,True,True,1.0
62f901a01307c5376dcf2e91c0205b93,species,2,2,47770.1832|1579.502,47770.1832|1579.502,47770.1832,Lactobacillus crispatus,47770.1832,Lactobacillus crispatus,1,2,2,1|6,True,True,True,True,1.0
62f99b3dbc5cac9497d396c0680b0df4,species,2,2,3022019.3|1904441.801,3022019.3|1904441.801,3022019.3,Falsirhodobacter sp. 20TX0035,3022019.3,Falsirhodobacter sp. 20TX0035,3,2,2,3|4,True,True,True,True,1.0
6317629dfbe0e4805dd5a24aa87bf155,family,1,1,2053306.133,2053306.133,2053306.133,Ignavibacteria bacterium,2053306.133,Ignavibacteria bacterium,1,1,1,1,True,True,True,True,1.0
6319ef4490f38acb18afe6c3b9c9fd7a,species,2,2,2901231.4|1483432.3,2901231.4|1483432.3,2901231.4,Nesterenkonia sp. YGD6,2901231.4,Nesterenkonia sp. YGD6,1,2,2,1|2,True,True,True,True,1.0
6327c471f58b801f56c9b0d4ee1053a4,genus,1,1,2026770.468,2026770.468,2026770.468,Nitrospiraceae bacterium,2026770.468,Nitrospiraceae bacterium,2,1,1,2,True,True,True,True,1.0
633a2d1b9391f4bd31a299b5cda2756e,family,1,1,2576071.3,2576071.3,2576071.3,Phragmitibacter flavus,2576071.3,Phragmitibacter flavus,1,1,1,1,True,True,True,True,1.0
633a5b28ec7c2eeaf90e394550381476,family,2,2,3142262.4|1134435.5,3142262.4|1134435.5,3142262.4,Thauera sp. JM12B12,3142262.4,Thauera sp. JM12B12,8,2,2,8|9,True,True,True,True,1.0
63519a93d0bc8b2168c59054c4b4b3f1,genus,2,2,1977087.4909|50259.122,1977087.4909|50259.122,1977087.4909,Pseudomonadota bacterium,1977087.4909,Pseudomonadota bacterium,1,2,2,1|3,True,True,True,True,1.0
6362b45a84666deb1a05df9bf7127033,species,1,1,2049428.158,2049428.158,2049428.158,Ignavibacteriales bacterium,2049428.158,Ignavibacteriales bacterium,1,1,1,1,True,True,True,True,1.0
636d01c1efd291c92fa0140076d83e3b,species,2,2,1953771.15|28210.17,1953771.15|28210.17,1953771.15,Chelatococcus sp.,1953771.15,Chelatococcus sp.,1,2,2,1|2,True,True,True,True,1.0
63a939ef460a1c91f8082de5c7765e8c,genus,1,1,1798264.3,1798264.3,1798264.3,Gammaproteobacteria bacterium RBG_16_37_9,1798264.3,Gammaproteobacteria bacterium RBG_16_37_9,1,1,1,1,True,True,True,True,1.0
63b55f1fe89be2c277b0a1b8fda49f65,genus,1,1,35817.23,35817.23,35817.23,Helicobacter heilmannii,35817.23,Helicobacter heilmannii,1,1,1,1,True,True,True,True,1.0
63bb038b014cb9cdc3a72cc32056ac23,genus,2,2,86473.3125|2282145.47,86473.3125|2282145.47,86473.3125,uncultured Gammaproteobacteria bacterium,86473.3125,uncultured Gammaproteobacteria bacterium,1,2,2,1|2,True,True,True,True,1.0
63cfada9b46ce5734c3f5380659c3880,genus,1,1,91750.1747,91750.1747,91750.1747,uncultured Alphaproteobacteria bacterium,91750.1747,uncultured Alphaproteobacteria bacterium,1,1,1,1,True,True,True,True,1.0
63e2018d31652580350e0644dedf5b31,species,1,1,1904254.129,1904254.129,1904254.129,Hydrogenophaga sp.,1904254.129,Hydrogenophaga sp.,1,1,1,1,True,True,True,True,1.0
63e382faf7813bbc1fef718082bf19d3,family,1,1,2448052.94,2448052.94,2448052.94,Geminicoccaceae bacterium,2448052.94,Geminicoccaceae bacterium,1,1,1,1,True,True,True,True,1.0
63e5b1d7285fc4470880fb07ac812f91,species,1,1,2591109.3,2591109.3,2591109.3,Casimicrobium huifangae,2591109.3,Casimicrobium huifangae,1,1,1,1,True,True,True,True,1.0
63e7a0122d12e05a319594b0b7af6666,species,1,1,418702.14,418702.14,418702.14,Azonexus hydrophilus,418702.14,Azonexus hydrophilus,1,1,1,1,True,True,True,True,1.0
63f37ee4b481fccdffca10160ed5b944,species,1,1,39441.6,39441.6,39441.6,Methanobrevibacter arboriphilus,39441.6,Methanobrevibacter arboriphilus,1,1,1,1,True,True,True,True,1.0
6406af9ddc919e08f4d05e707fd141d4,species,1,1,2811411.24,2811411.24,2811411.24,Cypionkella sp.,2811411.24,Cypionkella sp.,1,1,1,1,True,True,True,True,1.0
6411f137919dc738d66a0247dbbeaa6d,species,2,2,3142262.4|1134435.5,3142262.4|1134435.5,3142262.4,Thauera sp. JM12B12,3142262.4,Thauera sp. JM12B12,1,2,2,1|2,True,True,True,True,1.0
642129df147cd1814464a945e5f4290d,species,1,1,2073117.959,2073117.959,2073117.959,Anaerolineales bacterium,2073117.959,Anaerolineales bacterium,1,1,1,1,True,True,True,True,1.0
644c14744299b1aa46a195610c9f1a6f,species,2,2,1909295.252|1883427.2861,1909295.252|1883427.2861,1909295.252,Solirubrobacterales bacterium,1909295.252,Solirubrobacterales bacterium,2,2,2,2|4,True,True,True,True,1.0
64548337690edd20297c97fa4307dee5,species,2,2,2053538.110|2026780.1498,2053538.110|2026780.1498,2053538.110,Candidatus Competibacteraceae bacterium,2053538.110,Candidatus Competibacteraceae bacterium,2,2,2,2|5,True,True,True,True,1.0
6457a902d39c76e10337c0d25f8d4c4d,species,1,1,2026715.114,2026715.114,2026715.114,Pseudobdellovibrionaceae bacterium,2026715.114,Pseudobdellovibrionaceae bacterium,1,1,1,1,True,True,True,True,1.0
64704fd95d58105f7e5620d6f5071bec,genus,1,1,758823.3,758823.3,758823.3,Vampirovibrio chlorellavorus,758823.3,Vampirovibrio chlorellavorus,1,1,1,1,True,True,True,True,1.0
6487035ea234d6d83b7d5076bbc560ae,species,2,2,1952869.3|2099670.162,1952869.3|2099670.162,1952869.3,,1952869.3,,1,2,2,1|3,True,True,True,False,1.0
64a891157d7c6ca2553619db06f50595,below,0,0,,,,,,,,0,0,,,,,,
64b105dfcd9b67cc1e7b1cac939262f1,genus,2,2,1871048.28|91750.4842,1871048.28|91750.4842,1871048.28,Devosia sp.,1871048.28,Devosia sp.,3,2,2,3|2,True,True,True,True,1.0
64b314e24c8bbbfa337562a10dd1e168,species,2,2,128785.61|69284.5,128785.61|69284.5,128785.61,Pseudoxanthomonas mexicana,128785.61,Pseudoxanthomonas mexicana,1,2,2,1|2,True,True,True,True,1.0
64bf64f2228ff2e947085790e20ab8fd,family,2,2,870480.3|2059725.3,870480.3|2059725.3,870480.3,Zobellella aerophila,870480.3,Zobellella aerophila,3,2,2,3|4,True,True,True,True,1.0
64ce8d60abfed06773345c37de7a20e3,family,1,1,1913988.2859,1913988.2859,1913988.2859,Alphaproteobacteria bacterium,1913988.2859,Alphaproteobacteria bacterium,1,1,1,1,True,True,True,True,1.0
64e3aefb4ebda79678e5c0559fa277c2,genus,1,1,100233.320,100233.320,100233.320,uncultured Planctomycetaceae bacterium,100233.320,uncultured Planctomycetaceae bacterium,3,1,1,3,True,True,True,True,1.0
64e3c67f368234ae6640b15a44fb1694,species,2,2,2730080.3|2922717.5,2730080.3|2922717.5,2730080.3,Fundidesulfovibrio magnetotacticus,2730080.3,Fundidesulfovibrio magnetotacticus,1,2,2,1|2,True,True,True,True,1.0
64ef0b5a89f02050ecce75dce1ba4ae6,species,1,1,2212460.8,2212460.8,2212460.8,Propionivibrio sp.,2212460.8,Propionivibrio sp.,1,1,1,1,True,True,True,True,1.0
64f3d54c5f5e27ec7be87b652ff3b406,species,2,2,1898104.710|2026720.1075,1898104.710|2026720.1075,1898104.710,Bacteroidota bacterium,1898104.710,Bacteroidota bacterium,1,2,2,1|2,True,True,True,True,1.0
650d08a2f89de2b1c23efb2f3361c2d6,species,1,1,156.12,156.12,156.12,Teretinema zuelzerae,156.12,Teretinema zuelzerae,1,1,1,1,True,True,True,True,1.0
6552ab56103eaf5a3eb1e9b2f45e8ee7,species,2,2,350.3|1879010.10735,350.3|1879010.10735,350.3,Zoogloea ramigera,350.3,Zoogloea ramigera,1,2,2,1|2,True,True,True,True,1.0
6560d0f013e47e0c674682303d639997,genus,1,1,2501586.75,2501586.75,2501586.75,uncultured Candidatus Peribacteria bacterium,2501586.75,uncultured Candidatus Peribacteria bacterium,1,1,1,1,True,True,True,True,1.0
65620f4c8c34bf815f290013e88fd4fa,below,0,0,,,,,,,,0,0,,,,,,
65649051902882661478e26ba79488e9,genus,1,1,2283092.706,2283092.706,2283092.706,Pyrinomonadaceae bacterium,2283092.706,Pyrinomonadaceae bacterium,1,1,1,1,True,True,True,True,1.0
656cd5bf233b0715f3eda6904deae803,species,2,2,2053306.302|1948670.3,2053306.302|1948670.3,2053306.302,Ignavibacteria bacterium,2053306.302,Ignavibacteria bacterium,1,2,2,1|4,True,True,True,True,1.0
6596f16d21ed6ef82292bb214999b7d6,genus,1,1,2052143.1196,2052143.1196,2052143.1196,Anaerolineae bacterium,2052143.1196,Anaerolineae bacterium,1,1,1,1,True,True,True,True,1.0
65bbbbf9a954dad41b9ba209ae3d261c,species,2,2,2053538.110|2026780.1498,2053538.110|2026780.1498,2053538.110,Candidatus Competibacteraceae bacterium,2053538.110,Candidatus Competibacteraceae bacterium,2,2,2,2|5,True,True,True,True,1.0
65c255b9ea877a5903debd6a3091bdc8,species,1,1,240412.3,240412.3,240412.3,Chitinimonas taiwanensis,240412.3,Chitinimonas taiwanensis,1,1,1,1,True,True,True,True,1.0
65c390b6462d7782e58791de1f33728d,genus,3,3,291847.4|1488331.4|1048380.9,291847.4|1488331.4|1048380.9,291847.4,uncultured Fusibacter sp.,291847.4,uncultured Fusibacter sp.,1,3,3,1|5|6,True,True,True,True,1.0
65c647ffd0330aa88c24b8bf7674e6c7,genus,3,3,2026770.264|2593020.3|2562317.3,2026770.264|2593020.3|2562317.3,2026770.264,Nitrospiraceae bacterium,2026770.264,Nitrospiraceae bacterium,1,3,3,1|2|5,True,True,True,True,1.0
65daf4d3b319b39af1a40317031d208c,species,2,2,3142262.4|1134435.5,3142262.4|1134435.5,3142262.4,Thauera sp. JM12B12,3142262.4,Thauera sp. JM12B12,1,2,2,1|2,True,True,True,True,1.0
65dcd82af179f8c7be5ab6e6d6226ae0,family,1,1,2026780.367,2026780.367,2026780.367,Planctomycetota bacterium,2026780.367,Planctomycetota bacterium,1,1,1,1,True,True,True,True,1.0
65e0cd027f0d61ce9ad681c51b19b155,genus,1,1,2051041.3,2051041.3,2051041.3,Ravibacter arvi,2051041.3,Ravibacter arvi,1,1,1,1,True,True,True,True,1.0
65e4669fd9b1d0eb85ac8b8e68829689,species,2,2,2073117.174|2026724.2036,2073117.174|2026724.2036,2073117.174,Anaerolineales bacterium,2073117.174,Anaerolineales bacterium,2,2,2,2|3,True,True,True,True,1.0
6602f9aa5de9cb96243e35943b36cc1b,species,1,1,2030806.706,2030806.706,2030806.706,Burkholderiaceae bacterium,2030806.706,Burkholderiaceae bacterium,3,1,1,3,True,True,True,True,1.0
660c9ac06f0bb486ede6651e45d397f3,family,1,1,2024843.44,2024843.44,2024843.44,Candidatus Nitrosopumilus sp.,2024843.44,Candidatus Nitrosopumilus sp.,1,1,1,1,True,True,True,True,1.0
6629f219026c16bc52c53c10d2aeafc0,species,2,2,2053538.110|2026780.1498,2053538.110|2026780.1498,2053538.110,Candidatus Competibacteraceae bacterium,2053538.110,Candidatus Competibacteraceae bacterium,2,2,2,2|5,True,True,True,True,1.0
66406235f4a19d6fcbaa69211d34bee0,genus,2,2,1871068.10|1913961.22,1871068.10|1913961.22,1871068.10,Phyllobacteriaceae bacterium,1871068.10,Phyllobacteriaceae bacterium,1,2,2,1|4,True,True,True,True,1.0
664df3de772af63bc304ed89ab6dc35e,species,1,1,3092586.3,3092586.3,3092586.3,,3092586.3,,1,1,1,1,True,True,True,False,1.0
665e99579a3e1bb482cc5d7cd96bbf54,species,2,2,1159752.6|1352.12137,1159752.6|1352.12137,1159752.6,Enterococcus lemanii,1159752.6,Enterococcus lemanii,1,2,2,1|2,True,True,True,True,1.0
665f539940432e954d0406120ad34635,family,1,1,1869227.7520,1869227.7520,1869227.7520,bacterium,1869227.7520,bacterium,1,1,1,1,True,True,True,True,1.0
667593814be12727bc3e6cedec35cc0c,family,1,1,2035772.183,2035772.183,2035772.183,Candidatus Omnitrophota bacterium,2035772.183,Candidatus Omnitrophota bacterium,1,1,1,1,True,True,True,True,1.0
66a739c11c4148e4d926c0d899ad564b,species,2,2,666685.15|657654.3,666685.15|657654.3,666685.15,Rhodanobacter denitrificans,666685.15,Rhodanobacter denitrificans,1,2,2,1|2,True,True,True,True,1.0
66c80eddc2e1d75f98a210d5a1ce0530,genus,2,2,1977087.1984|91750.4262,1977087.1984|91750.4262,1977087.1984,Pseudomonadota bacterium,1977087.1984,Pseudomonadota bacterium,1,2,2,1|2,True,True,True,True,1.0
66ed82053d1dcf6757bbf4ece185d612,species,2,2,3142262.4|1134435.5,3142262.4|1134435.5,3142262.4,Thauera sp. JM12B12,3142262.4,Thauera sp. JM12B12,1,2,2,1|2,True,True,True,True,1.0
67038b91efddfaf0b588e824c984416b,below,0,0,,,,,,,,0,0,,,,,,
672b6453f598d7b011f83bd5320ffc25,genus,1,1,2081706.43,2081706.43,2081706.43,Bacteriovoracaceae bacterium,2081706.43,Bacteriovoracaceae bacterium,1,1,1,1,True,True,True,True,1.0
67417cc3c8369e491aef155a9e367cb9,genus,2,2,100233.320|2691532.41,100233.320|2691532.41,100233.320,uncultured Planctomycetaceae bacterium,100233.320,uncultured Planctomycetaceae bacterium,1,2,2,1|2,True,True,True,True,1.0
67424ab29fd3cfb164cb0be8ea7488e6,species,1,1,2715253.31,2715253.31,2715253.31,Pirellulales bacterium,2715253.31,Pirellulales bacterium,1,1,1,1,True,True,True,True,1.0
6747c4a1545032454d9da96e35468962,species,2,2,1871066.596|1849104.6,1871066.596|1849104.6,1871066.596,Mesorhizobium sp.,1871066.596,Mesorhizobium sp.,2,2,2,2|3,True,True,True,True,1.0
674c80a33e3c01df163e3c4a48fbd8fa,species,1,1,1735.14,1735.14,1735.14,Holdemanella biformis,1735.14,Holdemanella biformis,1,1,1,1,True,True,True,True,1.0
674f6933835e51d149e144304dc81564,genus,1,1,3107663.7,3107663.7,3107663.7,Vulcanimicrobiota bacterium,3107663.7,Vulcanimicrobiota bacterium,1,1,1,1,True,True,True,True,1.0
67682e0f50721706649e8a7a2a1d420a,family,1,1,2053517.215,2053517.215,2053517.215,Bdellovibrionales bacterium,2053517.215,Bdellovibrionales bacterium,1,1,1,1,True,True,True,True,1.0
6783933ec452ec2b6716c02b1882a807,species,1,1,1869212.175,1869212.175,1869212.175,Chitinophagaceae bacterium,1869212.175,Chitinophagaceae bacterium,1,1,1,1,True,True,True,True,1.0
6786956e5d741de3549e1c89e3a608b0,family,1,1,1898206.155,1898206.155,1898206.155,Spirochaetaceae bacterium,1898206.155,Spirochaetaceae bacterium,1,1,1,1,True,True,True,True,1.0
679fddec230fbd655c1b2b07761d3590,species,2,2,1871052.3|1768760.3,1871052.3|1768760.3,1871052.3,Afipia sp.,1871052.3,Afipia sp.,1,2,2,1|2,True,True,True,True,1.0
67e6b5fb391a2cf333fcaaf3355a2aae,species,0,0,,,,,,,,0,0,,,,,,
6802a74e2549183236aed6f173238e8d,species,1,1,1296.696,1296.696,1296.696,Mammaliicoccus sciuri,1296.696,Mammaliicoccus sciuri,1,1,1,1,True,True,True,True,1.0
68173dd0214f25ba4a1d4794e09f1b56,species,2,2,250.50|2021391.1586,250.50|2021391.1586,250.50,Chryseobacterium gleum,250.50,Chryseobacterium gleum,4,2,2,4|5,True,True,True,True,1.0
68238d61e8ceb8f6e7e8f71790ec3fa4,genus,1,1,2818473.28,2818473.28,2818473.28,Giesbergeria sp.,2818473.28,Giesbergeria sp.,1,1,1,1,True,True,True,True,1.0
6831a336ed39b8839b9d6ed6596586f7,family,1,1,2026724.1152,2026724.1152,2026724.1152,Chloroflexota bacterium,2026724.1152,Chloroflexota bacterium,1,1,1,1,True,True,True,True,1.0
6833fc48f59d61d3dcdc28134813d6d8,species,2,2,2582906.4|188475.4,2582906.4|188475.4,2582906.4,Holophaga sp.,2582906.4,Holophaga sp.,2,2,2,2|1,True,True,True,True,1.0
68397412918f35901abde90c103d8698,species,1,1,1856850.4,1856850.4,1856850.4,Pararhizobium arenae,1856850.4,Pararhizobium arenae,1,1,1,1,True,True,True,True,1.0
6856dd84158af186a1872094d3c68b84,species,1,1,2610843.4,2610843.4,2610843.4,Siculibacillus sp.,2610843.4,Siculibacillus sp.,1,1,1,1,True,True,True,True,1.0
687034296eedbbc67b4a9fd2db36506d,genus,1,1,2053538.102,2053538.102,2053538.102,Candidatus Competibacteraceae bacterium,2053538.102,Candidatus Competibacteraceae bacterium,2,1,1,2,True,True,True,True,1.0
68a7e86d20300d64c5acb88a9021e2f4,species,1,1,1898103.80,1898103.80,1898103.80,Rhodocyclaceae bacterium,1898103.80,Rhodocyclaceae bacterium,1,1,1,1,True,True,True,True,1.0
68ad215ac79f9ac2031f1d51d0d27b56,species,1,1,2528022.3,2528022.3,2528022.3,Botrimarina mediterranea,2528022.3,Botrimarina mediterranea,1,1,1,1,True,True,True,True,1.0
68bcf81175331e6c547b9a2de3ecb59d,genus,1,1,2705082.3,2705082.3,2705082.3,Anaerolineae bacterium clx_SAG46,2705082.3,Anaerolineae bacterium clx_SAG46,1,1,1,1,True,True,True,True,1.0
68d4bc7b04749cdeb44f4d226f814130,genus,1,1,1619078.4,1619078.4,1619078.4,candidate division TM6 bacterium GW2011_GWF2_30_66,1619078.4,candidate division TM6 bacterium GW2011_GWF2_30_66,1,1,1,1,True,True,True,True,1.0
68d8ed7c8b41a1f6e461674c4d220b5a,species,2,2,3400424.3|1389713.12,3400424.3|1389713.12,3400424.3,Mycobacterium sp. 23,3400424.3,Mycobacterium sp. 23,1,2,2,1|3,True,True,True,True,1.0
68fe1146af97783b69ab71ca72322917,family,1,1,1872668.87,1872668.87,1872668.87,Azonexus sp.,1872668.87,Azonexus sp.,1,1,1,1,True,True,True,True,1.0
68ff4d31d5246f8d015f935c41fea267,below,0,0,,,,,,,,0,0,,,,,,
690426f7caf9013460421508f8b60b6e,species,1,1,2026780.1195,2026780.1195,2026780.1195,Planctomycetota bacterium,2026780.1195,Planctomycetota bacterium,1,1,1,1,True,True,True,True,1.0
693f704f53c53ac399a729bae60610b9,genus,1,1,2448779.599,2448779.599,2448779.599,Chitinophagales bacterium,2448779.599,Chitinophagales bacterium,1,1,1,1,True,True,True,True,1.0
694417dc9aa73f1b948e7270a4d7a9d4,species,1,1,2608630.3,2608630.3,2608630.3,Dechloromonas sp. CZR5,2608630.3,Dechloromonas sp. CZR5,1,1,1,1,True,True,True,True,1.0
696998136be9b16e6f8b854e022e8620,species,1,1,2030806.706,2030806.706,2030806.706,Burkholderiaceae bacterium,2030806.706,Burkholderiaceae bacterium,1,1,1,1,True,True,True,True,1.0
697528e77ecbe1e7ee3d5b7518cbdce6,genus,1,1,2862747.3,2862747.3,2862747.3,Pseudobdellovibrio sp.,2862747.3,Pseudobdellovibrio sp.,1,1,1,1,True,True,True,True,1.0
69827fe2a8895dcdc42116e0de897060,species,1,1,229921.16,229921.16,229921.16,Levilinea saccharolytica,229921.16,Levilinea saccharolytica,1,1,1,1,True,True,True,True,1.0
69961532c3f303330a8116aaa4594aee,species,2,2,2994676.4|2795740.3,2994676.4|2795740.3,2994676.4,Alishewanella sp. SMS8,2994676.4,Alishewanella sp. SMS8,1,2,2,1|3,True,True,True,True,1.0
69aa376e71755fcf19cee55920afc9bf,family,1,1,1898104.3469,1898104.3469,1898104.3469,Bacteroidota bacterium,1898104.3469,Bacteroidota bacterium,1,1,1,1,True,True,True,True,1.0
69ad702e5f9a7885c151851de3ec9ed6,species,1,1,77133.3915,77133.3915,77133.3915,uncultured bacterium,77133.3915,uncultured bacterium,1,1,1,1,True,True,True,True,1.0
69b893f09bbd823da6b73c58b50b2afd,below,0,0,,,,,,,,0,0,,,,,,
69e1537c730ee5b8b2ae80044c62cea3,species,1,1,1948831.3,1948831.3,1948831.3,Patescibacteria group bacterium UBA5532,1948831.3,Patescibacteria group bacterium UBA5532,1,1,1,1,True,True,True,True,1.0
69fe011a5836a61a4ae08f451dd81d65,species,1,1,2599937.16,2599937.16,2599937.16,FCB group bacterium,2599937.16,FCB group bacterium,1,1,1,1,True,True,True,True,1.0
6a1091d075ec18598d3bf0544a0c17fa,genus,1,1,2691551.74,2691551.74,2691551.74,Thermoguttaceae bacterium,2691551.74,Thermoguttaceae bacterium,3,1,1,3,True,True,True,True,1.0
6a26c7c03301d89a34548db2388d37d4,genus,1,1,77133.3915,77133.3915,77133.3915,uncultured bacterium,77133.3915,uncultured bacterium,1,1,1,1,True,True,True,True,1.0
6a2f45190f64b3d51bb375ba2d269295,species,2,2,2952227.6|3398229.3,2952227.6|3398229.3,2952227.6,Methylomonas rosea,2952227.6,Methylomonas rosea,1,2,2,1|2,True,True,True,True,1.0
6a448e76c2dc01c3ef1d09eecc9c465f,genus,1,1,120965.178,120965.178,120965.178,uncultured Planctomycetota bacterium,120965.178,uncultured Planctomycetota bacterium,1,1,1,1,True,True,True,True,1.0
6a4c1dfeb6c3138c19f795f81a030010,family,1,1,2991473.5,2991473.5,2991473.5,Lysobacteraceae bacterium PS02065,2991473.5,Lysobacteraceae bacterium PS02065,1,1,1,1,True,True,True,True,1.0
6a50370508ef4429c0cae49dd5e46e94,species,2,2,2052143.231|1664347.22,2052143.231|1664347.22,2052143.231,Anaerolineae bacterium,2052143.231,Anaerolineae bacterium,1,2,2,1|3,True,True,True,True,1.0
6a504bfcf55748414788435c86762b1a,family,1,1,460511.80,460511.80,460511.80,uncultured Spirochaetota bacterium,460511.80,uncultured Spirochaetota bacterium,1,1,1,1,True,True,True,True,1.0
6a7dec8faceec248ce60d45aa01b81d8,species,2,2,1898104.710|2026720.1075,1898104.710|2026720.1075,1898104.710,Bacteroidota bacterium,1898104.710,Bacteroidota bacterium,1,2,2,1|2,True,True,True,True,1.0
6aa8e1d0e5c49b7b2c20ec52f5b61ee5,genus,1,1,2021370.137,2021370.137,2021370.137,Sphingobacteriaceae bacterium,2021370.137,Sphingobacteriaceae bacterium,1,1,1,1,True,True,True,True,1.0
6aaaca60b394696125dffd27e62c4a11,family,1,1,413503.51,413503.51,413503.51,Cronobacter malonaticus,413503.51,Cronobacter malonaticus,1,1,1,1,True,True,True,True,1.0
6abc1d56d2de01fd3a7d58ba445c9584,genus,2,2,2480090.5|86027.1140,2480090.5|86027.1140,2480090.5,Sulfuritalea sp.,2480090.5,Sulfuritalea sp.,3,2,2,3|2,True,True,True,True,1.0
6add7f3698138901bf8df66453439f50,genus,2,2,1977087.4909|2044936.1118,1977087.4909|2044936.1118,1977087.4909,Pseudomonadota bacterium,1977087.4909,Pseudomonadota bacterium,3,2,2,3|1,True,True,True,True,1.0
6adeeb079ef0e0951eee2c76e5db5ddb,genus,1,1,1339210.3,1339210.3,1339210.3,Enterovirga rhinocerotis,1339210.3,Enterovirga rhinocerotis,1,1,1,1,True,True,True,True,1.0
6af212b38b50970eedbe3b77771df1f7,genus,0,0,,,,,,,,0,0,,,,,,
6b077fe45f354018d63a6b488abbc690,species,1,1,2991473.5,2991473.5,2991473.5,Lysobacteraceae bacterium PS02065,2991473.5,Lysobacteraceae bacterium PS02065,1,1,1,1,True,True,True,True,1.0
6b08855ae7211b8ef156bc5b99ea4fa7,species,2,2,453842.10|1966466.16,453842.10|1966466.16,453842.10,Paracoccus aestuarii,453842.10,Paracoccus aestuarii,1,2,2,1|2,True,True,True,True,1.0
6b0a203af2e34ed8c5bd50b00af37d18,species,1,1,3036128.3,3036128.3,3036128.3,Diaphorobacter limosus,3036128.3,Diaphorobacter limosus,1,1,1,1,True,True,True,True,1.0
6b0c0cc67fd069ab14efc27a0804ff82,family,1,1,331634.228,331634.228,331634.228,uncultured Rikenellaceae bacterium,331634.228,uncultured Rikenellaceae bacterium,1,1,1,1,True,True,True,True,1.0
6b1eaa17f54e2143e94e87e3a5d52093,species,1,1,2307179.21,2307179.21,2307179.21,Plasticicumulans sp.,2307179.21,Plasticicumulans sp.,1,1,1,1,True,True,True,True,1.0
6b2030a8d8c47bf09d9b07b826735881,species,2,2,2291710.49|578942.3,2291710.49|578942.3,2291710.49,Dokdonella sp.,2291710.49,Dokdonella sp.,1,2,2,1|5,True,True,True,True,1.0
6b22675ff0bdbd992a3a9f6ff19fb136,genus,1,1,3030912.180,3030912.180,3030912.180,Anaerovoracaceae bacterium,3030912.180,Anaerovoracaceae bacterium,1,1,1,1,True,True,True,True,1.0
6b3cc1fb534e1063a870a8c73ce0c206,genus,2,2,138118.7|146940.3,138118.7|146940.3,138118.7,Quatrionicoccus australiensis,138118.7,Quatrionicoccus australiensis,1,2,2,1|4,True,True,True,True,1.0
6b4b4d0252d155f95b7a41da0ba8fcbd,species,1,1,575378.3,575378.3,575378.3,Sediminibacterium planctonicum,575378.3,Sediminibacterium planctonicum,2,1,1,2,True,True,True,True,1.0
6b4e57c2c2f234adfc6686d27758d325,species,1,1,2964540.102,2964540.102,2964540.102,Smithellaceae bacterium,2964540.102,Smithellaceae bacterium,2,1,1,2,True,True,True,True,1.0
6b56c9608328b2d117758a36aa078e92,species,2,2,3142262.4|1134435.5,3142262.4|1134435.5,3142262.4,Thauera sp. JM12B12,3142262.4,Thauera sp. JM12B12,1,2,2,1|2,True,True,True,True,1.0
6b61f479bfad6b250e35f9ad34fd565b,species,1,1,1869212.157,1869212.157,1869212.157,Chitinophagaceae bacterium,1869212.157,Chitinophagaceae bacterium,1,1,1,1,True,True,True,True,1.0
6b68ebbc9e9e8d26fa7018cf163d4848,species,1,1,1909294.1090,1909294.1090,1909294.1090,Hyphomicrobiales bacterium,1909294.1090,Hyphomicrobiales bacterium,1,1,1,1,True,True,True,True,1.0
6b6961f173c81297f7a0d91f54e1acaf,genus,5,5,1913961.31|3157709.4|43617.5|1871066.490|2957005.3,1913961.31|3157709.4|43617.5|1871066.490|2957005.3,1913961.31,Rhizobiaceae bacterium,1913961.31,Rhizobiaceae bacterium,2,5,5,2|3|4|5|7,True,True,True,True,1.0
6b6e949a916f18c29019ad1df63ee15e,species,2,2,2053538.110|2026780.1498,2053538.110|2026780.1498,2053538.110,Candidatus Competibacteraceae bacterium,2053538.110,Candidatus Competibacteraceae bacterium,2,2,2,2|5,True,True,True,True,1.0
6bb0c2d9f702303eb7749e9c726f59c0,genus,1,1,3034171.123,3034171.123,3034171.123,Polyangiales bacterium,3034171.123,Polyangiales bacterium,1,1,1,1,True,True,True,True,1.0
6bb44720dc440226822b7c31bc424d93,species,1,1,2052180.625,2052180.625,2052180.625,Phycisphaerales bacterium,2052180.625,Phycisphaerales bacterium,1,1,1,1,True,True,True,True,1.0
6bb602f161cd434e740b0b0694a2fe7e,species,2,2,2801846.26|3031239.3,2801846.26|3031239.3,2801846.26,Arachnia sp.,2801846.26,Arachnia sp.,1,2,2,1|2,True,True,True,True,1.0
6bb7b85703c4a4aa57fbc0646e7d5f62,family,2,2,1977087.3137|1892844.3,1977087.3137|1892844.3,1977087.3137,Pseudomonadota bacterium,1977087.3137,Pseudomonadota bacterium,2,2,2,2|3,True,True,True,True,1.0
6bbdef1b8a43845127c85f3b3601ff6a,genus,2,2,1977087.891|153809.1353,1977087.891|153809.1353,1977087.891,Pseudomonadota bacterium,1977087.891,Pseudomonadota bacterium,2,2,2,2|1,True,True,True,True,1.0
6bd691d8b931cc70c4fc99d59830cd0e,species,2,2,2849779.3|2499141.280,2849779.3|2499141.280,2849779.3,Aquihabitans sp. G128,2849779.3,Aquihabitans sp. G128,1,2,2,1|2,True,True,True,True,1.0
6be2fa6e5b5c05086ddfbea315c69bca,genus,4,4,1736551.3|334801.4|1736594.3|1030157.8,1736551.3|334801.4|1736594.3|1030157.8,1736551.3,Sphingomonas sp. Root50,1736551.3,Sphingomonas sp. Root50,4,4,4,4|5|6|7,True,True,True,True,1.0
6be5764ec57f27939c720c501cb77020,species,2,2,3142262.4|1134435.5,3142262.4|1134435.5,3142262.4,Thauera sp. JM12B12,3142262.4,Thauera sp. JM12B12,1,2,2,1|2,True,True,True,True,1.0
6c08e4f4369adb555dec39bcb89f4adb,species,1,1,1977087.1560,1977087.1560,1977087.1560,Pseudomonadota bacterium,1977087.1560,Pseudomonadota bacterium,1,1,1,1,True,True,True,True,1.0
6c0d540b5601f1175fba06f59e2bdf16,family,1,1,2599941.50,2599941.50,2599941.50,Oligoflexia bacterium,2599941.50,Oligoflexia bacterium,1,1,1,1,True,True,True,True,1.0
6c2f70f4c2d90cff3e3432f2d9ff7641,species,2,2,2497619.474|2201156.1435,2497619.474|2201156.1435,2497619.474,Ilumatobacteraceae bacterium,2497619.474,Ilumatobacteraceae bacterium,1,2,2,1|4,True,True,True,True,1.0
6c5769cde345ee7d540e7a66ae1a5f47,genus,1,1,2599941.102,2599941.102,2599941.102,Oligoflexia bacterium,2599941.102,Oligoflexia bacterium,1,1,1,1,True,True,True,True,1.0
6c66b2de3937b47ff4f26623c9d422e2,genus,4,4,50259.34|86027.1187|1314749.5|2664087.3,50259.34|86027.1187|1314749.5|2664087.3,50259.34,Rubrivivax sp.,50259.34,Rubrivivax sp.,1,4,4,1|2|4|6,True,True,True,True,1.0
6c69b67bc429532ce3461ea6f3dc7c82,genus,1,1,2681311.3,2681311.3,2681311.3,,2681311.3,,1,1,1,1,True,True,True,False,1.0
6c6d36d847ce88d1d370c9761431b3ec,species,2,2,2053538.110|2026780.1498,2053538.110|2026780.1498,2053538.110,Candidatus Competibacteraceae bacterium,2053538.110,Candidatus Competibacteraceae bacterium,2,2,2,2|5,True,True,True,True,1.0
6c7852bc10e02a255cf31aabfda2d50f,genus,1,1,2599941.21,2599941.21,2599941.21,Oligoflexia bacterium,2599941.21,Oligoflexia bacterium,1,1,1,1,True,True,True,True,1.0
6c7a1a940865cb8fc19e17d404be6951,species,2,2,2857060.6|2817899.3,2857060.6|2817899.3,2857060.6,Mycobacterium sp. SMC-8,2857060.6,Mycobacterium sp. SMC-8,1,2,2,1|2,True,True,True,True,1.0
6c7cc8df0f1a95808dba30516216d618,species,1,1,1891238.635,1891238.635,1891238.635,Burkholderiales bacterium,1891238.635,Burkholderiales bacterium,1,1,1,1,True,True,True,True,1.0
6c84e7fd64b6c1c1ef1f98cd78f7e524,species,2,2,1815556.3|657651.3,1815556.3|657651.3,1815556.3,Paracoccus fontiphilus,1815556.3,Paracoccus fontiphilus,1,2,2,1|2,True,True,True,True,1.0
6c98efe638154a758cb4fc3e9f34ab69,species,1,1,239729.48,239729.48,239729.48,uncultured Microbacteriaceae bacterium,239729.48,uncultured Microbacteriaceae bacterium,1,1,1,1,True,True,True,True,1.0
6cb97c907f4e77ccce368368dda139dc,species,2,2,1891241.462|1768795.3,1891241.462|1768795.3,1891241.462,Betaproteobacteria bacterium,1891241.462,Betaproteobacteria bacterium,1,2,2,1|2,True,True,True,True,1.0
6cc281b46a575c7ec9525dc2a4ac5def,species,1,1,2829794.6,2829794.6,2829794.6,Novosphingobium sp. CECT 9465,2829794.6,Novosphingobium sp. CECT 9465,1,1,1,1,True,True,True,True,1.0
6cc9fb78a00377ee84d339ad848a407e,species,2,2,2202734.108|2053589.824,2202734.108|2053589.824,2202734.108,Saprospiraceae bacterium,2202734.108,Saprospiraceae bacterium,1,2,2,1|8,True,True,True,True,1.0
6cd68fced82cdcce46bf44a91394c985,species,1,1,179636.6,179636.6,179636.6,Alicycliphilus denitrificans,179636.6,Alicycliphilus denitrificans,1,1,1,1,True,True,True,True,1.0
6ce0bcd8237213c4aed280b76c7dd7a0,species,1,1,1898104.639,1898104.639,1898104.639,Bacteroidota bacterium,1898104.639,Bacteroidota bacterium,1,1,1,1,True,True,True,True,1.0
6ce4b7603488a058260933ab3ff0a918,species,1,1,1869227.3070,1869227.3070,1869227.3070,bacterium,1869227.3070,bacterium,1,1,1,1,True,True,True,True,1.0
6ce791a2ee4ff90c8db46044bd6d3505,species,1,1,429001.8,429001.8,429001.8,Sphingopyxis terrae,429001.8,Sphingopyxis terrae,1,1,1,1,True,True,True,True,1.0
6cf039e2db62dc4808ef056c264d0266,species,2,2,1977087.2400|2818813.3,1977087.2400|2818813.3,1977087.2400,Pseudomonadota bacterium,1977087.2400,Pseudomonadota bacterium,1,2,2,1|2,True,True,True,True,1.0
6d0f92c33f29be3cc4ecc054ef1b440e,species,1,1,2026720.1062,2026720.1062,2026720.1062,Candidatus Saccharimonadota bacterium,2026720.1062,Candidatus Saccharimonadota bacterium,1,1,1,1,True,True,True,True,1.0
6d4462d6c1f18167858055110cf7234f,species,1,1,34034.165,34034.165,34034.165,uncultured delta proteobacterium,34034.165,uncultured delta proteobacterium,1,1,1,1,True,True,True,True,1.0
6d52c1bf5d0b75acc20307af70174836,genus,2,2,2830982.4|229920.8,2830982.4|229920.8,2830982.4,Leptolinea sp. HRD-7,2830982.4,Leptolinea sp. HRD-7,1,2,2,1|2,True,True,True,True,1.0
6d5583964dcdeb9b32867c56c5e19a33,species,1,1,460511.57,460511.57,460511.57,uncultured Spirochaetota bacterium,460511.57,uncultured Spirochaetota bacterium,1,1,1,1,True,True,True,True,1.0
6d5b2eea3c6199978498ab6e123b58f1,species,1,1,3092586.3,3092586.3,3092586.3,,3092586.3,,1,1,1,1,True,True,True,False,1.0
6d65904cb3eb4b876625ec8f5a680b41,species,1,1,2818507.80,2818507.80,2818507.80,Myxococcota bacterium,2818507.80,Myxococcota bacterium,1,1,1,1,True,True,True,True,1.0
6d79358fb4481b385cb38924034d2be0,family,1,1,332614.293,332614.293,332614.293,uncultured Pseudomonadales bacterium,332614.293,uncultured Pseudomonadales bacterium,1,1,1,1,True,True,True,True,1.0
6d83e99a299c375838b7fd011d7f7c02,family,2,2,2053538.110|2026780.1498,2053538.110|2026780.1498,2053538.110,Candidatus Competibacteraceae bacterium,2053538.110,Candidatus Competibacteraceae bacterium,2,2,2,2|5,True,True,True,True,1.0
6d975595efead5d670bdb8d76c05201b,family,1,1,2026724.1127,2026724.1127,2026724.1127,Chloroflexota bacterium,2026724.1127,Chloroflexota bacterium,1,1,1,1,True,True,True,True,1.0
6d98bc98669fa23fe7fd6f365528e40b,species,1,1,2052164.210,2052164.210,2052164.210,Gemmataceae bacterium,2052164.210,Gemmataceae bacterium,1,1,1,1,True,True,True,True,1.0
6da80d4e7c7e2bdc35722de865d272af,genus,0,0,,,,,,,,0,0,,,,,,
6dac365a70e8bb9979c79cc778e2ee6e,genus,1,1,152507.2013,152507.2013,152507.2013,uncultured Actinomycetes bacterium,152507.2013,uncultured Actinomycetes bacterium,1,1,1,1,True,True,True,True,1.0
6dadb3c15a09830522d9098ce8d96222,genus,1,1,2307286.23,2307286.23,2307286.23,Flavipsychrobacter sp.,2307286.23,Flavipsychrobacter sp.,2,1,1,2,True,True,True,True,1.0
6db4887236885a8b8d3bfab25769bd9e,genus,3,3,59406.10|551760.6|92003.7,59406.10|551760.6|92003.7,59406.10,Aromatoleum evansii,59406.10,Aromatoleum evansii,1,3,3,1|2|5,True,True,True,True,1.0
6dcc749f121973d6d68cd84dcb6e4ac3,species,1,1,2910169.42,2910169.42,2910169.42,Micropepsaceae bacterium,2910169.42,Micropepsaceae bacterium,2,1,1,2,True,True,True,True,1.0
6dcd15bd555e89be1a5051024bf0c7e1,species,1,1,2021380.151,2021380.151,2021380.151,Propionibacteriaceae bacterium,2021380.151,Propionibacteriaceae bacterium,1,1,1,1,True,True,True,True,1.0
6de74202f2b005602e0e95eb99780497,genus,1,1,34034.425,34034.425,34034.425,uncultured delta proteobacterium,34034.425,uncultured delta proteobacterium,1,1,1,1,True,True,True,True,1.0
6df509cdde51389b675a6f3a8f45227a,species,1,1,1871047.55,1871047.55,1871047.55,Chryseobacterium sp.,1871047.55,Chryseobacterium sp.,1,1,1,1,True,True,True,True,1.0
6dfa1d3cd280ae1124f11510300535db,species,1,1,1898103.20,1898103.20,1898103.20,Rhodocyclaceae bacterium,1898103.20,Rhodocyclaceae bacterium,1,1,1,1,True,True,True,True,1.0
6dfb10e6d92b2c7ec87175ad560bed2e,species,2,2,212765.9|39691.8,212765.9|39691.8,212765.9,Mycolicibacterium madagascariense,212765.9,Mycolicibacterium madagascariense,5,2,2,5|17,True,True,True,True,1.0
6e01e4385cee37baa2cba8e4af01c030,species,2,2,2030806.99|2026724.2402,2030806.99|2026724.2402,2030806.99,Burkholderiaceae bacterium,2030806.99,Burkholderiaceae bacterium,1,2,2,1|2,True,True,True,True,1.0
6e13c5679b1ca4aa69f3db50b63cd618,species,2,2,3142262.4|1134435.5,3142262.4|1134435.5,3142262.4,Thauera sp. JM12B12,3142262.4,Thauera sp. JM12B12,1,2,2,1|2,True,True,True,True,1.0
6e1e69886157c9df0862d02621fa082d,below,0,0,,,,,,,,0,0,,,,,,
6e2b6abbb72e3973b56c9a0790e3e63e,species,0,0,,,,,,,,0,0,,,,,,
6e4ed450909c446cda8ef7862651626d,genus,1,1,28201.90,28201.90,28201.90,Bdellovibrio sp.,28201.90,Bdellovibrio sp.,1,1,1,1,True,True,True,True,1.0
6e6137ef33b179cded7602557b0ef6d1,genus,3,3,2976818.4|2053589.809|517423.3,2976818.4|2053589.809|517423.3,2976818.4,Cloacibacterium sp. TD35,2976818.4,Cloacibacterium sp. TD35,1,3,3,1|2|3,True,True,True,True,1.0
6e696227f41f15d1f8abf54757759777,species,1,1,1763998.3,1763998.3,1763998.3,Rheinheimera sp. F8,1763998.3,Rheinheimera sp. F8,1,1,1,1,True,True,True,True,1.0
6e72d85c5c29aaa1b7f043f60c8515fa,species,2,2,82.239|2682968.3,82.239|2682968.3,82.239,Hyphomicrobium sp.,82.239,Hyphomicrobium sp.,1,2,2,1|2,True,True,True,True,1.0
6ec99de658e6963811472e437060b8ee,below,0,0,,,,,,,,0,0,,,,,,
6f12436fc06e7cb529499de6a5edfb6c,species,1,1,2021391.799,2021391.799,2021391.799,Flavobacteriales bacterium,2021391.799,Flavobacteriales bacterium,1,1,1,1,True,True,True,True,1.0
6f12c2f377723b5a288bafae6663a51d,genus,1,1,1913988.2137,1913988.2137,1913988.2137,Alphaproteobacteria bacterium,1913988.2137,Alphaproteobacteria bacterium,1,1,1,1,True,True,True,True,1.0
6f16417857574fc399bd4979eb70e57e,species,1,1,1909294.1092,1909294.1092,1909294.1092,Hyphomicrobiales bacterium,1909294.1092,Hyphomicrobiales bacterium,1,1,1,1,True,True,True,True,1.0
6f3130165b23c7905555e4b9cf4a6d0f,family,1,1,1898207.3548,1898207.3548,1898207.3548,Clostridiales bacterium,1898207.3548,Clostridiales bacterium,1,1,1,1,True,True,True,True,1.0
6f462ab0adc534fd8c0f3f926b899c05,species,2,2,2976818.4|2053589.809,2976818.4|2053589.809,2976818.4,Cloacibacterium sp. TD35,2976818.4,Cloacibacterium sp. TD35,1,2,2,1|2,True,True,True,True,1.0
6f4bf7bf82f2000bc06db39e650b4182,below,0,0,,,,,,,,0,0,,,,,,
6f4f1b0e92407366bb4af4db89ebceed,family,2,2,1798264.3|1913989.3828,1798264.3|1913989.3828,1798264.3,Gammaproteobacteria bacterium RBG_16_37_9,1798264.3,Gammaproteobacteria bacterium RBG_16_37_9,1,2,2,1|2,True,True,True,True,1.0
6f641fea03ecea937147828fc5017bfc,below,0,0,,,,,,,,0,0,,,,,,
6f6937250fa67a37f4d115f55640a58a,family,1,1,2715253.337,2715253.337,2715253.337,Pirellulales bacterium,2715253.337,Pirellulales bacterium,1,1,1,1,True,True,True,True,1.0
6f71b337a2341f3665c267efa246a7d2,family,1,1,2818507.452,2818507.452,2818507.452,Myxococcota bacterium,2818507.452,Myxococcota bacterium,1,1,1,1,True,True,True,True,1.0
6f75865bcb51a0f54d630d5377b5dbb0,species,2,2,2053538.110|2026780.1498,2053538.110|2026780.1498,2053538.110,Candidatus Competibacteraceae bacterium,2053538.110,Candidatus Competibacteraceae bacterium,2,2,2,2|5,True,True,True,True,1.0
6fb34904416feabeb2d82f07ccd36a12,family,1,1,2952883.45,2952883.45,2952883.45,Aggregatilineales bacterium,2952883.45,Aggregatilineales bacterium,1,1,1,1,True,True,True,True,1.0
6fe2b12ae3c866fc166010696bac7ff0,species,1,1,2052180.625,2052180.625,2052180.625,Phycisphaerales bacterium,2052180.625,Phycisphaerales bacterium,1,1,1,1,True,True,True,True,1.0
6ff2cdb5d5ee881905df624998959b8a,species,1,1,2282154.51,2282154.51,2282154.51,Geobacteraceae bacterium,2282154.51,Geobacteraceae bacterium,1,1,1,1,True,True,True,True,1.0
7014d88f88b0aff3526b220d68dd16cb,species,1,1,2033014.336,2033014.336,2033014.336,Armatimonadota bacterium,2033014.336,Armatimonadota bacterium,1,1,1,1,True,True,True,True,1.0
7018a433478a7efa768166f739b4a88a,family,2,2,2026777.29|904075.97,2026777.29|904075.97,2026777.29,Phycisphaeraceae bacterium,2026777.29,Phycisphaeraceae bacterium,2,2,2,2|1,True,True,True,True,1.0
701c2c1e250f5abc4041817aac58d228,family,1,1,592834.74,592834.74,592834.74,uncultured Opitutales bacterium,592834.74,uncultured Opitutales bacterium,1,1,1,1,True,True,True,True,1.0
701f7d9eaba3bcea8f27a471874e8fef,species,1,1,2073117.1130,2073117.1130,2073117.1130,Anaerolineales bacterium,2073117.1130,Anaerolineales bacterium,1,1,1,1,True,True,True,True,1.0
702860fda44c0d44ddacb5bd79fd5d24,species,2,2,2223.12|1915557.3,2223.12|1915557.3,2223.12,Methanothrix soehngenii,2223.12,Methanothrix soehngenii,1,2,2,1|8,True,True,True,True,1.0
702d92ce5fdd5f537f6ecf1232fc7696,genus,1,1,904075.145,904075.145,904075.145,uncultured Phycisphaerales bacterium,904075.145,uncultured Phycisphaerales bacterium,1,1,1,1,True,True,True,True,1.0
703b123d3cbe4a7e8c02253f1f55d261,species,1,1,215690.3,215690.3,215690.3,Thermomonas fusca,215690.3,Thermomonas fusca,1,1,1,1,True,True,True,True,1.0
703e5aedab78e1cbba9e50c06db8e1be,genus,1,1,2705082.3,2705082.3,2705082.3,Anaerolineae bacterium clx_SAG46,2705082.3,Anaerolineae bacterium clx_SAG46,1,1,1,1,True,True,True,True,1.0
703ed676b850110d2f6ab9823a9df73a,species,2,2,2053538.110|2026780.1498,2053538.110|2026780.1498,2053538.110,Candidatus Competibacteraceae bacterium,2053538.110,Candidatus Competibacteraceae bacterium,2,2,2,2|5,True,True,True,True,1.0
703facdb092254afa50396bf4b1fd2d8,family,2,2,36813.13|1977087.1360,36813.13|1977087.1360,36813.13,Mycolicibacterium pulveris,36813.13,Mycolicibacterium pulveris,1,2,2,1|3,True,True,True,True,1.0
704083aa874082e2613685b4c2f4597e,genus,1,1,2741701.3,2741701.3,2741701.3,Candidatus Bodocaedibacter vickermanii,2741701.3,Candidatus Bodocaedibacter vickermanii,1,1,1,1,True,True,True,True,1.0
70587a5848f80e8639f9bb824c9236fa,species,2,2,2026770.264|2593020.3,2026770.264|2593020.3,2026770.264,Nitrospiraceae bacterium,2026770.264,Nitrospiraceae bacterium,1,2,2,1|2,True,True,True,True,1.0
70661802af1287e2001afb4829e3ca85,family,2,2,648.112|196024.165,648.112|196024.165,648.112,Aeromonas caviae,648.112,Aeromonas caviae,1,2,2,1|2,True,True,True,True,1.0
70763b9d6af543d0fb17d588fdb979c7,species,1,1,70125.211,70125.211,70125.211,Nitrospira sp.,70125.211,Nitrospira sp.,1,1,1,1,True,True,True,True,1.0
707c2f929c0d81fc4176eca00284add7,genus,1,1,3034175.103,3034175.103,3034175.103,Bdellovibrionota bacterium,3034175.103,Bdellovibrionota bacterium,1,1,1,1,True,True,True,True,1.0
709114ac57082fe5edb58b1a3f574458,below,0,0,,,,,,,,0,0,,,,,,
709c7c7040f23f7845ad1befc91bf812,species,1,1,1869212.1142,1869212.1142,1869212.1142,Chitinophagaceae bacterium,1869212.1142,Chitinophagaceae bacterium,1,1,1,1,True,True,True,True,1.0
70a09969cc07be3420857b4730787830,species,1,1,3042318.3,3042318.3,3042318.3,Phnomibacter sp. MR,3042318.3,Phnomibacter sp. MR,1,1,1,1,True,True,True,True,1.0
70baada3e2d6cddcaf6a099c56f0e2ab,species,2,2,1977087.1504|1913988.705,1977087.1504|1913988.705,1977087.1504,Pseudomonadota bacterium,1977087.1504,Pseudomonadota bacterium,1,2,2,1|2,True,True,True,True,1.0
70d511d2a8af18cd1313926496969e15,species,1,1,3129254.3,3129254.3,3129254.3,Prosthecomicrobium sp. N25,3129254.3,Prosthecomicrobium sp. N25,1,1,1,1,True,True,True,True,1.0
70e165a97152d1f50f5be25f0f3d5698,genus,1,1,1869212.1142,1869212.1142,1869212.1142,Chitinophagaceae bacterium,1869212.1142,Chitinophagaceae bacterium,1,1,1,1,True,True,True,True,1.0
70f4d4f190f1a21ef77138702dca84ec,species,1,1,456163.4,456163.4,456163.4,Thermus parvatiensis,456163.4,Thermus parvatiensis,1,1,1,1,True,True,True,True,1.0
7116bed927bbdaf0240846a104ac07ee,below,0,0,,,,,,,,0,0,,,,,,
712189e82061007889f004dcc83cf4ac,family,1,1,2026770.468,2026770.468,2026770.468,Nitrospiraceae bacterium,2026770.468,Nitrospiraceae bacterium,3,1,1,3,True,True,True,True,1.0
7141921d9117df050c7e3d64516ff8c7,below,0,0,,,,,,,,0,0,,,,,,
7145924d11a114327b185cb6197b60ca,species,1,1,2053538.96,2053538.96,2053538.96,Candidatus Competibacteraceae bacterium,2053538.96,Candidatus Competibacteraceae bacterium,7,1,1,7,True,True,True,True,1.0
715682869e970fcf954e0b1fe3c07d08,family,2,2,2026724.118|2900548.1231,2026724.118|2900548.1231,2026724.118,Chloroflexota bacterium,2026724.118,Chloroflexota bacterium,1,2,2,1|2,True,True,True,True,1.0
715823d36b444c77ef65e51726d0f965,species,2,2,2991463.5|3364190.3,2991463.5|3364190.3,2991463.5,Microbacteriaceae bacterium PS02071,2991463.5,Microbacteriaceae bacterium PS02071,1,2,2,1|3,True,True,True,True,1.0
716df7e4aebfd739b567998387f5bb37,family,1,1,2052180.663,2052180.663,2052180.663,Phycisphaerales bacterium,2052180.663,Phycisphaerales bacterium,3,1,1,3,True,True,True,True,1.0
71777ad603579ec33c2b99ca6be2d100,genus,1,1,1946333.3,1946333.3,1946333.3,Chthonomonas sp. UBA2362,1946333.3,Chthonomonas sp. UBA2362,1,1,1,1,True,True,True,True,1.0
717cc727092dbb7ee3606910f567df96,species,2,2,2053538.110|2026780.1498,2053538.110|2026780.1498,2053538.110,Candidatus Competibacteraceae bacterium,2053538.110,Candidatus Competibacteraceae bacterium,2,2,2,2|5,True,True,True,True,1.0
717f2a29f8f8516f3dc7a7b83595743f,family,2,2,3058048.13|2081706.13,3058048.13|2081706.13,3058048.13,Bacteriovoracia bacterium,3058048.13,Bacteriovoracia bacterium,3,2,2,3|1,True,True,True,True,1.0
71806755cbeab62240bb611dfe1bbe85,family,1,1,2026724.1152,2026724.1152,2026724.1152,Chloroflexota bacterium,2026724.1152,Chloroflexota bacterium,1,1,1,1,True,True,True,True,1.0
7182f3c3ff82c157d3e2f35c711b19ff,family,1,1,2026724.1127,2026724.1127,2026724.1127,Chloroflexota bacterium,2026724.1127,Chloroflexota bacterium,1,1,1,1,True,True,True,True,1.0
7197872e3f38a6410794e0f480dcf72a,below,0,0,,,,,,,,0,0,,,,,,
7198928d1ede795c1d907bad7f727a63,genus,2,2,34034.269|2282155.78,34034.269|2282155.78,34034.269,uncultured delta proteobacterium,34034.269,uncultured delta proteobacterium,1,2,2,1|2,True,True,True,True,1.0
71a4e4dc4778c14deb4fe7c9e9a9f070,species,2,2,1953163.3|1977087.4909,1953163.3|1977087.4909,1953163.3,Bacteroidetes bacterium UBA5697,1953163.3,Bacteroidetes bacterium UBA5697,1,2,2,1|2,True,True,True,True,1.0
71b9b7854be80b6898d9caa25f283891,species,1,1,1852931.3,1852931.3,1852931.3,Verrucomicrobia bacterium ADurb.Bin474,1852931.3,Verrucomicrobia bacterium ADurb.Bin474,1,1,1,1,True,True,True,True,1.0
71bb7c8a89ff40f0beb9d9fe8e800eea,genus,1,1,2026724.1494,2026724.1494,2026724.1494,Chloroflexota bacterium,2026724.1494,Chloroflexota bacterium,1,1,1,1,True,True,True,True,1.0
71cd630003cdefb73053d96dc6a1773a,genus,1,1,563176.3,563176.3,563176.3,Siphonobacter aquaeclarae,563176.3,Siphonobacter aquaeclarae,1,1,1,1,True,True,True,True,1.0
71dc7211a33712c3e25cc2fc9426a92b,genus,2,2,256318.64|2053570.50,256318.64|2053570.50,256318.64,metagenome,256318.64,metagenome,1,2,2,1|2,True,True,True,True,1.0
71e280e2d661cbb40dda4c8f4e71b886,species,1,1,2962578.4,2962578.4,2962578.4,Rothia sp. ARF10,2962578.4,Rothia sp. ARF10,1,1,1,1,True,True,True,True,1.0
71e311b187e2336bc66cb1b384df43ad,species,2,2,2898441.4|2653163.3,2898441.4|2653163.3,2898441.4,Pseudomonas sp. J452,2898441.4,Pseudomonas sp. J452,1,2,2,1|3,True,True,True,True,1.0
71eeeaa22bcb595a1bf71d3cb2c91f2e,species,1,1,1392423.30,1392423.30,1392423.30,uncultured Methanoregulaceae archaeon,1392423.30,uncultured Methanoregulaceae archaeon,1,1,1,1,True,True,True,True,1.0
71f6c4a482bec3b30611eeb266dda6a5,below,0,0,,,,,,,,0,0,,,,,,
720874dd44f1398dde656d25bf3b83ea,genus,3,3,659595.3|2933270.4|2774145.3,659595.3|2933270.4|2774145.3,659595.3,Chiayiivirga flava,659595.3,Chiayiivirga flava,1,3,3,1|2|3,True,True,True,True,1.0
722ecb4a9b5ae5dbdb378ac7213182e6,genus,1,1,2026770.468,2026770.468,2026770.468,Nitrospiraceae bacterium,2026770.468,Nitrospiraceae bacterium,1,1,1,1,True,True,True,True,1.0
72371aa4182f8ed10fe0418b8fbb067c,species,2,2,2053517.178|2053589.824,2053517.178|2053589.824,2053517.178,Bdellovibrionales bacterium,2053517.178,Bdellovibrionales bacterium,1,2,2,1|2,True,True,True,True,1.0
72539cd6e76345ba192c82eac9c9571b,species,1,1,2483812.3,2483812.3,2483812.3,Pseudogemmobacter humi,2483812.3,Pseudogemmobacter humi,1,1,1,1,True,True,True,True,1.0
725897407c64c5824e550565b91b7625,family,1,1,2026786.360,2026786.360,2026786.360,Rhodospirillales bacterium,2026786.360,Rhodospirillales bacterium,1,1,1,1,True,True,True,True,1.0
726f141aac90352b68e0018529534855,species,1,1,1852931.3,1852931.3,1852931.3,Verrucomicrobia bacterium ADurb.Bin474,1852931.3,Verrucomicrobia bacterium ADurb.Bin474,1,1,1,1,True,True,True,True,1.0
7278a050c1e159256bbfe9e30e9e35ca,species,1,1,1917218.11,1917218.11,1917218.11,Dechloromonas sp.,1917218.11,Dechloromonas sp.,1,1,1,1,True,True,True,True,1.0
7284793a5da0c1fb3d22718838cfab21,genus,1,1,2026780.861,2026780.861,2026780.861,Planctomycetota bacterium,2026780.861,Planctomycetota bacterium,1,1,1,1,True,True,True,True,1.0
728d4d9a2b84d2dc3a4734a1fad8d42d,species,1,1,42353.177,42353.177,42353.177,Nitrosomonas sp.,42353.177,Nitrosomonas sp.,1,1,1,1,True,True,True,True,1.0
7290690cd7d5a79639de791d9e99b446,species,2,2,2053538.110|2026780.1498,2053538.110|2026780.1498,2053538.110,Candidatus Competibacteraceae bacterium,2053538.110,Candidatus Competibacteraceae bacterium,2,2,2,2|5,True,True,True,True,1.0
72ac916f69005584aabdc18fe4ba0da8,family,1,1,1233231.13,1233231.13,1233231.13,Scytonema tolypothrichoides,1233231.13,Scytonema tolypothrichoides,1,1,1,1,True,True,True,True,1.0
72b7576186ef5e3c5bcaf199131a5225,species,1,1,28907.6,28907.6,28907.6,Caedibacter taeniospiralis,28907.6,Caedibacter taeniospiralis,1,1,1,1,True,True,True,True,1.0
7304d0acd22be97a3c32261ccf1d2a4e,family,2,2,2024896.238|2030809.131,2024896.238|2030809.131,2024896.238,Anaerolineaceae bacterium,2024896.238,Anaerolineaceae bacterium,1,2,2,1|2,True,True,True,True,1.0
73167a969d83804802edf177655644c5,species,1,1,2991473.5,2991473.5,2991473.5,Lysobacteraceae bacterium PS02065,2991473.5,Lysobacteraceae bacterium PS02065,1,1,1,1,True,True,True,True,1.0
735cc301c31004a203aa1a8e89973dab,species,1,1,1294146.27,1294146.27,1294146.27,uncultured Armatimonadia bacterium,1294146.27,uncultured Armatimonadia bacterium,1,1,1,1,True,True,True,True,1.0
7363aac88b5325ac49cb469e284e10dd,species,2,2,1358.2703|1359.621,1358.2703|1359.621,1358.2703,Lactococcus lactis,1358.2703,Lactococcus lactis,1,2,2,1|3,True,True,True,True,1.0
73767effedcca2c7661f294d4358fb56,below,0,0,,,,,,,,0,0,,,,,,
73798027e58ef9049854435b53ca0dea,species,2,2,1898104.4334|2030927.4471,1898104.4334|2030927.4471,1898104.4334,Bacteroidota bacterium,1898104.4334,Bacteroidota bacterium,2,2,2,2|3,True,True,True,True,1.0
7387a84d75b472328da80139ec6ea4c4,genus,1,1,1921001.4,1921001.4,1921001.4,Candidatus Bealeia paramacronuclearis,1921001.4,Candidatus Bealeia paramacronuclearis,1,1,1,1,True,True,True,True,1.0
73b531a1d6844e48a3f94eac3f309bbf,species,2,2,2595067.37|90426.154,2595067.37|90426.154,2595067.37,Methanotrichaceae archaeon,2595067.37,Methanotrichaceae archaeon,1,2,2,1|2,True,True,True,True,1.0
73d92342a1a933ad12ec3bcace1129b2,genus,2,2,1879010.10588|3083246.38,1879010.10588|3083246.38,1879010.10588,Bacillota bacterium,1879010.10588,Bacillota bacterium,1,2,2,1|2,True,True,True,True,1.0
7420b15cfcbc734cb7f4d2c9724a5bb1,species,2,2,71451.25|160453.3,71451.25|160453.3,71451.25,Enterococcus malodoratus,71451.25,Enterococcus malodoratus,1,2,2,1|2,True,True,True,True,1.0
74266d27a9a14dec7b6bd8064a93216c,species,2,2,74316.15|1913988.1070,74316.15|1913988.1070,74316.15,Brevundimonas aurantiaca,74316.15,Brevundimonas aurantiaca,1,2,2,1|2,True,True,True,True,1.0
74316f0e658505498c0bd04393736a67,species,2,2,1768800.4|2038386.3,1768800.4|2038386.3,1768800.4,Rhizobiales bacterium CCH8-D1,1768800.4,Rhizobiales bacterium CCH8-D1,2,2,2,2|3,True,True,True,True,1.0
7432ceede448f6e5d60567947347a06b,family,1,1,2052139.1271,2052139.1271,2052139.1271,Patescibacteria group bacterium,2052139.1271,Patescibacteria group bacterium,1,1,1,1,True,True,True,True,1.0
74a18c619372a03e9486504c29e1932d,species,1,1,152509.1791,152509.1791,152509.1791,uncultured Bacteroidota bacterium,152509.1791,uncultured Bacteroidota bacterium,1,1,1,1,True,True,True,True,1.0
74a369bafc9efabf60a00dde2ed7aeb7,below,0,0,,,,,,,,0,0,,,,,,
74c18fdfb2949d518d832ded9c067ac4,genus,1,1,3034175.131,3034175.131,3034175.131,Bdellovibrionota bacterium,3034175.131,Bdellovibrionota bacterium,1,1,1,1,True,True,True,True,1.0
74ce04d1fbbb02322b719b8b90d2eea0,below,0,0,,,,,,,,0,0,,,,,,
74d0377d2ae6eaf80cd4105f161803df,genus,1,1,2081706.43,2081706.43,2081706.43,Bacteriovoracaceae bacterium,2081706.43,Bacteriovoracaceae bacterium,1,1,1,1,True,True,True,True,1.0
74d090a72f7ebbc359b459a115e93d81,genus,2,2,412056.31|2212473.363,412056.31|2212473.363,412056.31,uncultured Verrucomicrobiae bacterium,412056.31,uncultured Verrucomicrobiae bacterium,1,2,2,1|2,True,True,True,True,1.0
74d2714eeeaab9558bbfeb2f46afbd0f,family,2,2,1869227.2999|86473.3049,1869227.2999|86473.3049,1869227.2999,bacterium,1869227.2999,bacterium,1,2,2,1|3,True,True,True,True,1.0
74d2f6d63134e96a7f8271fbd7e160c9,species,1,1,3042025.3,3042025.3,3042025.3,Luteimonas kalidii,3042025.3,Luteimonas kalidii,2,1,1,2,True,True,True,True,1.0
74db97b5590394b23a214308d73d160f,species,2,2,1005933.6|1915543.3,1005933.6|1915543.3,1005933.6,uncultured Methanoregula sp.,1005933.6,uncultured Methanoregula sp.,1,2,2,1|3,True,True,True,True,1.0
74eaa20d8aa89dea5b650f23bb02a8d2,genus,1,1,147047.3,147047.3,147047.3,Humidesulfovibrio mexicanus,147047.3,Humidesulfovibrio mexicanus,1,1,1,1,True,True,True,True,1.0
74f950acc581e4b7788bb3efd6d45209,below,0,0,,,,,,,,0,0,,,,,,
75073693099ddccd1747e07839c976e5,species,2,2,1736473.3|1909294.423,1736473.3|1909294.423,1736473.3,Rhizobium sp. Root149,1736473.3,Rhizobium sp. Root149,1,2,2,1|4,True,True,True,True,1.0
7509fefa7ad71f5c962c4ef168d79c1c,species,1,1,2026724.1154,2026724.1154,2026724.1154,Chloroflexota bacterium,2026724.1154,Chloroflexota bacterium,1,1,1,1,True,True,True,True,1.0
751b8a7e707d381f99cebf940e4b5e0d,genus,1,1,1869227.7426,1869227.7426,1869227.7426,bacterium,1869227.7426,bacterium,1,1,1,1,True,True,True,True,1.0
751e2c755dd6167beb72af3396ad4def,family,1,1,1869227.10250,1869227.10250,1869227.10250,bacterium,1869227.10250,bacterium,1,1,1,1,True,True,True,True,1.0
752816d35abeff51623f1d41da3195e0,family,1,1,100371.129,100371.129,100371.129,uncultured Planctomycetales bacterium,100371.129,uncultured Planctomycetales bacterium,1,1,1,1,True,True,True,True,1.0
7543bb0a112cae2d9c45a662e0784171,genus,5,5,1871066.591|3140358.3|3140366.3|2951085.3|2986066.4,1871066.591|3140358.3|3140366.3|2951085.3|2986066.4,1871066.591,Mesorhizobium sp.,1871066.591,Mesorhizobium sp.,1,5,5,1|2|3|5|7,True,True,True,True,1.0
754e219fc3395ede5cbfa6a8d1886504,species,2,2,2006848.250|1977087.4910,2006848.250|1977087.4910,2006848.250,Opitutaceae bacterium,2006848.250,Opitutaceae bacterium,1,2,2,1|2,True,True,True,True,1.0
755025cd89088f99ec5705ead1eb4da7,species,2,2,2073117.959|77133.18342,2073117.959|77133.18342,2073117.959,Anaerolineales bacterium,2073117.959,Anaerolineales bacterium,1,2,2,1|2,True,True,True,True,1.0
755974dcfb9dd8169eada93b06fdc26d,species,1,1,1872668.87,1872668.87,1872668.87,Azonexus sp.,1872668.87,Azonexus sp.,1,1,1,1,True,True,True,True,1.0
7560341d189979061fc67e4bd19f82ca,genus,1,1,91750.4227,91750.4227,91750.4227,uncultured Alphaproteobacteria bacterium,91750.4227,uncultured Alphaproteobacteria bacterium,1,1,1,1,True,True,True,True,1.0
7569ce63b29e4f4fadfebdfb16dc15b8,family,2,2,2053538.110|2026780.1498,2053538.110|2026780.1498,2053538.110,Candidatus Competibacteraceae bacterium,2053538.110,Candidatus Competibacteraceae bacterium,2,2,2,2|5,True,True,True,True,1.0
757173a4cc39115529197aa67bea4f5b,species,2,2,1176255.4|1185653.6,1176255.4|1185653.6,1176255.4,Planococcus dechangensis,1176255.4,Planococcus dechangensis,1,2,2,1|2,True,True,True,True,1.0
757fc9521598cd4d3fe876a606b80f95,species,2,2,2026809.152|3039803.669,2026809.152|3039803.669,2026809.152,Campylobacterota bacterium,2026809.152,Campylobacterota bacterium,5,2,2,5|1,True,True,True,True,1.0
7588bcbe0895d848810eb6d9995af72f,species,2,2,2202144.86|2026757.13,2202144.86|2026757.13,2202144.86,Spirochaetota bacterium,2202144.86,Spirochaetota bacterium,1,2,2,1|2,True,True,True,True,1.0
758a7e9f92314c0e74d8861b6e767d2a,family,1,1,1048380.9,1048380.9,1048380.9,Fusibacter sp. 3D3,1048380.9,Fusibacter sp. 3D3,1,1,1,1,True,True,True,True,1.0
75ae184615957ea74819e0710296a493,species,2,2,2728912.34|1883427.3091,2728912.34|1883427.3091,2728912.34,Dermatophilaceae bacterium,2728912.34,Dermatophilaceae bacterium,1,2,2,1|3,True,True,True,True,1.0
75b05298c8904f09c79cf58bf3dbc434,genus,1,1,45200.35,45200.35,45200.35,Methanospirillum sp.,45200.35,Methanospirillum sp.,2,1,1,2,True,True,True,True,1.0
75b5e06c22e25a2539ce977cd69ac2a8,species,2,2,1453545.3|2983605.4,1453545.3|2983605.4,1453545.3,Tahibacter caeni,1453545.3,Tahibacter caeni,1,2,2,1|2,True,True,True,True,1.0
75c16b2ebcc571f626b18cd65bdb79f7,genus,1,1,2026791.265,2026791.265,2026791.265,Bryobacterales bacterium,2026791.265,Bryobacterales bacterium,1,1,1,1,True,True,True,True,1.0
75c43bd66f718ca75507ff5efd6e4ccb,species,2,2,1874826.21|3230299.3,1874826.21|3230299.3,1874826.21,Novosphingobium sp.,1874826.21,Novosphingobium sp.,1,2,2,1|5,True,True,True,True,1.0
75e18934be37209a093fccd91b5fd572,genus,0,0,,,,,,,,0,0,,,,,,
7617a50864c6776db93d6ce7823c5360,genus,1,1,2599941.21,2599941.21,2599941.21,Oligoflexia bacterium,2599941.21,Oligoflexia bacterium,1,1,1,1,True,True,True,True,1.0
762ec6a667a13feda8d606772bcf2576,family,1,1,2035813.52,2035813.52,2035813.52,Sphingobacteriia bacterium,2035813.52,Sphingobacteriia bacterium,1,1,1,1,True,True,True,True,1.0
762f39f6da95d6ae718dd739d23eec05,species,1,1,444458.236,444458.236,444458.236,uncultured Anaerolineales bacterium,444458.236,uncultured Anaerolineales bacterium,1,1,1,1,True,True,True,True,1.0
7630bf64a564cb9b33f0285c4236e4c2,genus,3,3,1898104.981|2021370.58|77133.4208,1898104.981|2021370.58|77133.4208,1898104.981,Bacteroidota bacterium,1898104.981,Bacteroidota bacterium,1,3,3,1|2|3,True,True,True,True,1.0
7632c22ed1d184bf0be7d14ee4c44521,genus,1,1,120965.188,120965.188,120965.188,uncultured Planctomycetota bacterium,120965.188,uncultured Planctomycetota bacterium,1,1,1,1,True,True,True,True,1.0
7660ff9c0aafe149a4e5ca23950aed33,genus,1,1,1965019.3,1965019.3,1965019.3,Geofilum rhodophaeum,1965019.3,Geofilum rhodophaeum,1,1,1,1,True,True,True,True,1.0
7678d845ce7c008fd9022b1fa0971488,species,2,2,3142262.4|1134435.5,3142262.4|1134435.5,3142262.4,Thauera sp. JM12B12,3142262.4,Thauera sp. JM12B12,1,2,2,1|2,True,True,True,True,1.0
7683d6d6c802eb07021e0eae33b21718,species,2,2,3142262.4|1134435.5,3142262.4|1134435.5,3142262.4,Thauera sp. JM12B12,3142262.4,Thauera sp. JM12B12,1,2,2,1|2,True,True,True,True,1.0
7686e777cbbdaee500c0d2e23bb59a66,species,2,2,418702.14|1891241.436,418702.14|1891241.436,418702.14,Azonexus hydrophilus,418702.14,Azonexus hydrophilus,2,2,2,2|1,True,True,True,True,1.0
768e034e0fefda2af8149f43bf78bcaa,family,1,1,49181.51,49181.51,49181.51,Zoogloea sp.,49181.51,Zoogloea sp.,1,1,1,1,True,True,True,True,1.0
769e10c5c1b9be35b212e37dedf55ae0,family,2,2,3034175.108|1977087.7818,3034175.108|1977087.7818,3034175.108,Bdellovibrionota bacterium,3034175.108,Bdellovibrionota bacterium,1,2,2,1|3,True,True,True,True,1.0
76aa205fe88992f2d8548f7a370ed8e6,family,1,1,2026799.528,2026799.528,2026799.528,Verrucomicrobiota bacterium,2026799.528,Verrucomicrobiota bacterium,1,1,1,1,True,True,True,True,1.0
76b07c73c582d8ef5268a4a93d705792,family,1,1,2026724.1154,2026724.1154,2026724.1154,Chloroflexota bacterium,2026724.1154,Chloroflexota bacterium,1,1,1,1,True,True,True,True,1.0
76b9d510584a13d8e57f616fd189130b,species,1,1,3055390.3,3055390.3,3055390.3,Microcoleus sp. Pol11C3,3055390.3,Microcoleus sp. Pol11C3,1,1,1,1,True,True,True,True,1.0
76bcea39b566ada1e95acc6ea6b88795,genus,2,2,117.83|1632865.4,117.83|1632865.4,117.83,Pirellula sp.,117.83,Pirellula sp.,1,2,2,1|7,True,True,True,True,1.0
76bff201ca59f0210f2c27c49020e487,species,1,1,2212474.127,2212474.127,2212474.127,Kofleriaceae bacterium,2212474.127,Kofleriaceae bacterium,1,1,1,1,True,True,True,True,1.0
76da683c7b87cc132359e85e4d6b665c,species,0,0,,,,,,,,0,0,,,,,,
76fa2c878787a46c1301a7db86d99aec,species,2,2,1783360.3|2940490.3,1783360.3|2940490.3,1783360.3,Comamonas sediminis,1783360.3,Comamonas sediminis,1,2,2,1|4,True,True,True,True,1.0
771fdfaa46cf3ab40de59d81d2b88123,genus,1,1,2202734.111,2202734.111,2202734.111,Saprospiraceae bacterium,2202734.111,Saprospiraceae bacterium,1,1,1,1,True,True,True,True,1.0
7726f3da71c38658576095b06e12ee08,species,2,2,1441723.3|2020506.3,1441723.3|2020506.3,1441723.3,Chryseomicrobium aureum,1441723.3,Chryseomicrobium aureum,1,2,2,1|13,True,True,True,True,1.0
772a35cbcb279cc687799162bff59c4b,species,1,1,2528273.27,2528273.27,2528273.27,Candidatus Liptonbacteria bacterium,2528273.27,Candidatus Liptonbacteria bacterium,1,1,1,1,True,True,True,True,1.0
772c51fc3d0fb2e1bcaeda2b528c17cc,genus,3,3,3108223.3|2448052.93|91750.4277,3108223.3|2448052.93|91750.4277,3108223.3,Benzoatithermus flavus,3108223.3,Benzoatithermus flavus,4,3,3,4|5|7,True,True,True,True,1.0
7781b763c94e148e5d1f22c8f346747d,genus,1,1,70125.92,70125.92,70125.92,Nitrospira sp.,70125.92,Nitrospira sp.,1,1,1,1,True,True,True,True,1.0
77a02ba64461ad3cdee5ac90f6f806ab,species,1,1,1963018.3,1963018.3,1963018.3,Chitinimonas lacunae,1963018.3,Chitinimonas lacunae,1,1,1,1,True,True,True,True,1.0
77aba9f4f4b82f49c0b2f9850bdcbaa4,species,1,1,42353.31,42353.31,42353.31,Nitrosomonas sp.,42353.31,Nitrosomonas sp.,1,1,1,1,True,True,True,True,1.0
77b3679c80d68769243758ddbd49e43b,species,2,2,1629334.6|2804860.4,1629334.6|2804860.4,1629334.6,Caedimonas varicaedens,1629334.6,Caedimonas varicaedens,1,2,2,1|2,True,True,True,True,1.0
77c78aa1f31a08b0e50d8dac3a76897a,species,1,1,2053589.824,2053589.824,2053589.824,Minisyncoccota bacterium,2053589.824,Minisyncoccota bacterium,1,1,1,1,True,True,True,True,1.0
780d0a7a7ec5cf7c0547858e0fa690de,species,1,1,2026742.518,2026742.518,2026742.518,Gemmatimonadota bacterium,2026742.518,Gemmatimonadota bacterium,1,1,1,1,True,True,True,True,1.0
7812303d130810a5242492d556f0d902,species,2,2,1529005.24|589035.6,1529005.24|589035.6,1529005.24,Gemmobacter sp. LW-1,1529005.24,Gemmobacter sp. LW-1,1,2,2,1|2,True,True,True,True,1.0
78123af13d385db4ee6a9342283a042b,species,1,1,293303.83,293303.83,293303.83,uncultured Syntrophaceae bacterium,293303.83,uncultured Syntrophaceae bacterium,2,1,1,2,True,True,True,True,1.0
781af70eed8b17d285d44f49d836a48e,genus,3,3,2866581.4|3346652.3|363840.6,2866581.4|3346652.3|363840.6,2866581.4,Inquilinus sp. Marseille-Q2685,2866581.4,Inquilinus sp. Marseille-Q2685,1,3,3,1|2|9,True,True,True,True,1.0
783a572faa9d67ef65895f4768db2525,family,1,1,1703354.3,1703354.3,1703354.3,Coxiella sp. DG_40,1703354.3,Coxiella sp. DG_40,1,1,1,1,True,True,True,True,1.0
7845ac50324de2307ca5f1907af10731,family,2,2,2599941.102|1978231.1014,2599941.102|1978231.1014,2599941.102,Oligoflexia bacterium,2599941.102,Oligoflexia bacterium,1,2,2,1|3,True,True,True,True,1.0
78571689def5620061b622ab87a928ff,species,1,1,86027.1539,86027.1539,86027.1539,uncultured beta proteobacterium,86027.1539,uncultured beta proteobacterium,1,1,1,1,True,True,True,True,1.0
787adac177d19badcc91fe4cf127d054,species,2,2,3142262.4|1134435.5,3142262.4|1134435.5,3142262.4,Thauera sp. JM12B12,3142262.4,Thauera sp. JM12B12,1,2,2,1|2,True,True,True,True,1.0
7889471e852edc08726fbfe1f02f4720,family,2,2,2448054.233|1935954.9,2448054.233|1935954.9,2448054.233,Gemmatimonadales bacterium,2448054.233,Gemmatimonadales bacterium,1,2,2,1|2,True,True,True,True,1.0
789bc483c37797194125b20f8110cfbe,species,2,2,1926290.10|433647.16,1926290.10|433647.16,1926290.10,Cryobacterium sp.,1926290.10,Cryobacterium sp.,1,2,2,1|2,True,True,True,True,1.0
789bc7f8e404f47aa1a1efd5c70b18cb,species,1,1,665126.8,665126.8,665126.8,Prosthecodimorpha hirschii,665126.8,Prosthecodimorpha hirschii,1,1,1,1,True,True,True,True,1.0
78a4a138167d73f3cc5de5aa09c8c3fa,species,2,2,2053538.110|2026780.1498,2053538.110|2026780.1498,2053538.110,Candidatus Competibacteraceae bacterium,2053538.110,Candidatus Competibacteraceae bacterium,2,2,2,2|5,True,True,True,True,1.0
78b73822c7d92a8712610ea1ce0463aa,family,1,1,2026780.1199,2026780.1199,2026780.1199,Planctomycetota bacterium,2026780.1199,Planctomycetota bacterium,1,1,1,1,True,True,True,True,1.0
78cc98278bf3161cb1541be287179bcf,species,1,1,199683.23,199683.23,199683.23,uncultured Hydrogenophaga sp.,199683.23,uncultured Hydrogenophaga sp.,1,1,1,1,True,True,True,True,1.0
78db9615dca8dff07e4259803eff16d7,genus,1,1,2614250.64,2614250.64,2614250.64,Caldilineaceae bacterium,2614250.64,Caldilineaceae bacterium,1,1,1,1,True,True,True,True,1.0
78dbce068c704844f3ff89ade16bd833,species,1,1,470.35769,470.35769,470.35769,Acinetobacter baumannii,470.35769,Acinetobacter baumannii,1,1,1,1,True,True,True,True,1.0
78f8a48dc0980fcb73adb35e532363d0,genus,1,1,91750.4498,91750.4498,91750.4498,uncultured Alphaproteobacteria bacterium,91750.4498,uncultured Alphaproteobacteria bacterium,1,1,1,1,True,True,True,True,1.0
78f9011b39402e695fb3d23a11948e55,species,1,1,2993316.4,2993316.4,2993316.4,Thermomonas mangrovi,2993316.4,Thermomonas mangrovi,1,1,1,1,True,True,True,True,1.0
7904b6475471be9104b9cd478aac9eda,species,2,2,3041789.3|162426.15,3041789.3|162426.15,3041789.3,Microbacterium sp. SORGH_AS_0862,3041789.3,Microbacterium sp. SORGH_AS_0862,1,2,2,1|4,True,True,True,True,1.0
793d338656ebf6639f9a0ef0d5e7867c,family,2,2,2053538.110|2026780.1498,2053538.110|2026780.1498,2053538.110,Candidatus Competibacteraceae bacterium,2053538.110,Candidatus Competibacteraceae bacterium,2,2,2,2|5,True,True,True,True,1.0
794ad7d0040e2d2724a928e504f5d181,family,2,2,1869227.7440|3107663.7,1869227.7440|3107663.7,1869227.7440,bacterium,1869227.7440,bacterium,1,2,2,1|2,True,True,True,True,1.0
795c8690c3c6c4782e22f2e3532f4a2a,species,1,1,585402.49,585402.49,585402.49,uncultured Flammeovirgaceae bacterium,585402.49,uncultured Flammeovirgaceae bacterium,1,1,1,1,True,True,True,True,1.0
79663175321c877a5796ba3e6553d493,family,1,1,1685.1441,1685.1441,1685.1441,Bifidobacterium breve,1685.1441,Bifidobacterium breve,1,1,1,1,True,True,True,True,1.0
797b54ce517a987f1388766762e3f9a9,species,2,2,267.50|1263728.4,267.50|1263728.4,267.50,Paracoccus sp. (in: a-proteobacteria),267.50,Paracoccus sp. (in: a-proteobacteria),1,2,2,1|2,True,True,True,True,1.0
798678ddf258612b1e1625afe72f2e1c,genus,1,1,1965322.15,1965322.15,1965322.15,Cellvibrio sp.,1965322.15,Cellvibrio sp.,1,1,1,1,True,True,True,True,1.0
7986f0a2c66dcd69b07648b60f17033f,genus,1,1,1672391.402,1672391.402,1672391.402,uncultured Chloroflexia bacterium,1672391.402,uncultured Chloroflexia bacterium,1,1,1,1,True,True,True,True,1.0
7992a92dacb4d741b72a7c0f427fc5be,species,2,2,2079234.3|2719119.10,2079234.3|2719119.10,2079234.3,Corynebacterium gerontici,2079234.3,Corynebacterium gerontici,1,2,2,1|4,True,True,True,True,1.0
79ace7627d2763e38077b1eb61bf2c15,genus,1,1,2052184.18,2052184.18,2052184.18,Syntrophaceae bacterium,2052184.18,Syntrophaceae bacterium,1,1,1,1,True,True,True,True,1.0
79b21480c8e8d5acc9604a9d0fb1edd2,species,2,2,1913989.5251|2026725.65,1913989.5251|2026725.65,1913989.5251,Gammaproteobacteria bacterium,1913989.5251,Gammaproteobacteria bacterium,1,2,2,1|2,True,True,True,True,1.0
79b75647ca21da59ed23b64085748ee2,species,1,1,1951558.3,1951558.3,1951558.3,Chitinophagaceae bacterium UBA4411,1951558.3,Chitinophagaceae bacterium UBA4411,1,1,1,1,True,True,True,True,1.0
79cb6e52049f87696a33ea558e1c3139,species,2,2,3072141.5|2663832.3,3072141.5|2663832.3,3072141.5,Bradyrhizobium sp. LHD-71,3072141.5,Bradyrhizobium sp. LHD-71,3,2,2,3|7,True,True,True,True,1.0
79ce6988b91c8706b1dadc72b94b7b31,species,1,1,2689599.5,2689599.5,2689599.5,Stagnimonas sp.,2689599.5,Stagnimonas sp.,1,1,1,1,True,True,True,True,1.0
79efe1cd1736ed8a32b554407df47820,species,2,2,1898104.421|152509.795,1898104.421|152509.795,1898104.421,Bacteroidota bacterium,1898104.421,Bacteroidota bacterium,1,2,2,1|2,True,True,True,True,1.0
79f4b4c69c43f9fc726deee40b36d3f3,genus,1,1,2026724.1494,2026724.1494,2026724.1494,Chloroflexota bacterium,2026724.1494,Chloroflexota bacterium,1,1,1,1,True,True,True,True,1.0
7a036d2a259ecbb8a50ca68f85ca33cb,species,1,1,2053538.21,2053538.21,2053538.21,Candidatus Competibacteraceae bacterium,2053538.21,Candidatus Competibacteraceae bacterium,6,1,1,6,True,True,True,True,1.0
7a06faf6a4918e7d95d29666a8017695,genus,2,2,77133.4208|1898104.981,77133.4208|1898104.981,77133.4208,uncultured bacterium,77133.4208,uncultured bacterium,1,2,2,1|2,True,True,True,True,1.0
7a177f03bbd07852f4402f6b32f642be,species,2,2,1951558.3|1898104.4353,1951558.3|1898104.4353,1951558.3,Chitinophagaceae bacterium UBA4411,1951558.3,Chitinophagaceae bacterium UBA4411,1,2,2,1|2,True,True,True,True,1.0
7a1fce47a0352ac83474de96ac0dcc61,genus,1,1,2591109.3,2591109.3,2591109.3,Casimicrobium huifangae,2591109.3,Casimicrobium huifangae,1,1,1,1,True,True,True,True,1.0
7a2bf99686ac4c691d79dab9a03f6845,family,1,1,2026724.1154,2026724.1154,2026724.1154,Chloroflexota bacterium,2026724.1154,Chloroflexota bacterium,1,1,1,1,True,True,True,True,1.0
7a5e968f98fcc57653531e909b0e6350,species,2,2,1162967.3|2115981.3,1162967.3|2115981.3,1162967.3,Diaminobutyricimonas aerilata,1162967.3,Diaminobutyricimonas aerilata,1,2,2,1|2,True,True,True,True,1.0
7a74f7f8d0441d4ba317a1646c273c54,family,1,1,77133.7446,77133.7446,77133.7446,uncultured bacterium,77133.7446,uncultured bacterium,1,1,1,1,True,True,True,True,1.0
7a777474146ffbe89e17716b8660dcfb,species,2,2,1793966.17|1905276.3,1793966.17|1905276.3,1793966.17,Pseudomonas fluvialis,1793966.17,Pseudomonas fluvialis,1,2,2,1|2,True,True,True,True,1.0
7a7c96429cd038c333985399c9eb963c,species,1,1,100233.416,100233.416,100233.416,uncultured Planctomycetaceae bacterium,100233.416,uncultured Planctomycetaceae bacterium,1,1,1,1,True,True,True,True,1.0
7aaa0d83a7d517c70db5aee2cd555374,species,2,2,2026735.1906|2660714.16,2026735.1906|2660714.16,2026735.1906,Deltaproteobacteria bacterium,2026735.1906,Deltaproteobacteria bacterium,1,2,2,1|2,True,True,True,True,1.0
7aac8fb7dc335f9919d4d791f27868de,genus,1,1,86027.1120,86027.1120,86027.1120,uncultured beta proteobacterium,86027.1120,uncultured beta proteobacterium,1,1,1,1,True,True,True,True,1.0
7ab4d6f7e14d0dd3589925019ff28ee3,genus,1,1,111831.5,111831.5,111831.5,Defluviicoccus vanus,111831.5,Defluviicoccus vanus,1,1,1,1,True,True,True,True,1.0
7abd56bf72153bef1a5957031b3a4972,genus,1,1,156588.710,156588.710,156588.710,uncultured Verrucomicrobiota bacterium,156588.710,uncultured Verrucomicrobiota bacterium,1,1,1,1,True,True,True,True,1.0
7ac12afa290fc92f73d5203ae97d1df7,genus,1,1,1933926.200,1933926.200,1933926.200,Methylococcaceae bacterium,1933926.200,Methylococcaceae bacterium,1,1,1,1,True,True,True,True,1.0
7ac9047b8f42a496b1640c20ea18156a,species,2,2,104087.97|2738822.3,104087.97|2738822.3,104087.97,Pseudomonas frederiksbergensis,104087.97,Pseudomonas frederiksbergensis,1,2,2,1|3,True,True,True,True,1.0
7acb005545f52cba240718f427adffdc,species,2,2,2737536.23|2986940.3,2737536.23|2986940.3,2737536.23,Micropruina sp.,2737536.23,Micropruina sp.,1,2,2,1|2,True,True,True,True,1.0
7aedb2c8e206435f1a77931cb9cb2c73,family,1,1,1869227.7520,1869227.7520,1869227.7520,bacterium,1869227.7520,bacterium,1,1,1,1,True,True,True,True,1.0
7aee81e594f76199d9672549a13f329e,species,2,2,2053538.110|2026780.1498,2053538.110|2026780.1498,2053538.110,Candidatus Competibacteraceae bacterium,2053538.110,Candidatus Competibacteraceae bacterium,2,2,2,2|5,True,True,True,True,1.0
7af1832ae9e298e116e6bc0c72a5804f,genus,1,1,1909293.389,1909293.389,1909293.389,Acetobacteraceae bacterium,1909293.389,Acetobacteraceae bacterium,1,1,1,1,True,True,True,True,1.0
7aff014132cb31e26ca1bd1e153f5589,species,1,1,1338420.3,1338420.3,1338420.3,Denitratimonas tolerans,1338420.3,Denitratimonas tolerans,2,1,1,2,True,True,True,True,1.0
7b21361a01d7cdab54620d229220cad2,family,2,2,2026724.1876|77133.1015,2026724.1876|77133.1015,2026724.1876,Chloroflexota bacterium,2026724.1876,Chloroflexota bacterium,1,2,2,1|2,True,True,True,True,1.0
7b23ec70851d298da160d8c4d4b78db3,genus,1,1,913024.3,913024.3,913024.3,Paenimyroides ummariense,913024.3,Paenimyroides ummariense,1,1,1,1,True,True,True,True,1.0
7b26814c84a31ebfa5dd66c2d9ae196b,species,1,1,2906456.10,2906456.10,2906456.10,Dyadobacter chenwenxiniae,2906456.10,Dyadobacter chenwenxiniae,1,1,1,1,True,True,True,True,1.0
7b271be76fe9504b5b7d19100e0650f1,family,2,2,2562117.21|543045.23,2562117.21|543045.23,2562117.21,Chloroflexaceae bacterium,2562117.21,Chloroflexaceae bacterium,1,2,2,1|2,True,True,True,True,1.0
7b29e948451d2fdcce6d39ddc6c25520,species,2,2,429001.8|1892848.3,429001.8|1892848.3,429001.8,Sphingopyxis terrae,429001.8,Sphingopyxis terrae,1,2,2,1|2,True,True,True,True,1.0
7b2f0c433d4ce1c9debe662969db6edd,genus,2,2,2030809.178|77133.4122,2030809.178|77133.4122,2030809.178,Candidatus Hydrogenedentota bacterium,2030809.178,Candidatus Hydrogenedentota bacterium,1,2,2,1|2,True,True,True,True,1.0
7b38bded14744e6cd6bceb54464983f4,species,1,1,2699754.287,2699754.287,2699754.287,Pirellulaceae bacterium,2699754.287,Pirellulaceae bacterium,1,1,1,1,True,True,True,True,1.0
7b424d778a65f43754720743898c4419,species,1,1,3138067.3,3138067.3,3138067.3,Dechloromonas sp. ZS-1,3138067.3,Dechloromonas sp. ZS-1,1,1,1,1,True,True,True,True,1.0
7b52f68db73cd04e4b8e7d818fce4701,below,0,0,,,,,,,,0,0,,,,,,
7b8076da83019cd1228f26fdc60ce35c,family,2,2,128785.61|69284.5,128785.61|69284.5,128785.61,Pseudoxanthomonas mexicana,128785.61,Pseudoxanthomonas mexicana,1,2,2,1|2,True,True,True,True,1.0
7b8d7aa38a07311089e871ec71d5cf93,species,2,2,34028.125|1872437.18,34028.125|1872437.18,34028.125,Comamonas sp.,34028.125,Comamonas sp.,1,2,2,1|3,True,True,True,True,1.0
7bb14a7e86a4a260eb59f30855823c94,species,1,1,1886788.3,1886788.3,1886788.3,Sphingopyxis solisilvae,1886788.3,Sphingopyxis solisilvae,1,1,1,1,True,True,True,True,1.0
7bba5f4326004c6b3a313bf7a3e17cda,species,1,1,2699756.31,2699756.31,2699756.31,Syntrophorhabdus sp.,2699756.31,Syntrophorhabdus sp.,1,1,1,1,True,True,True,True,1.0
7bbf231c919bd125a1e3fdacef6b53e3,species,1,1,2099675.13,2099675.13,2099675.13,Cyclobacteriaceae bacterium,2099675.13,Cyclobacteriaceae bacterium,2,1,1,2,True,True,True,True,1.0
7bc76fad53bf2b420a4f13df33c1582a,species,2,2,2053538.110|2026780.1498,2053538.110|2026780.1498,2053538.110,Candidatus Competibacteraceae bacterium,2053538.110,Candidatus Competibacteraceae bacterium,2,2,2,2|5,True,True,True,True,1.0
7bda60b70aa6b2df689e2adfb7c83242,species,1,1,3120121.72,3120121.72,3120121.72,Minisyncoccia bacterium,3120121.72,Minisyncoccia bacterium,1,1,1,1,True,True,True,True,1.0
7bdb1dc02b5fe5876fa9ae797b08cb0d,species,1,1,1913961.31,1913961.31,1913961.31,Rhizobiaceae bacterium,1913961.31,Rhizobiaceae bacterium,1,1,1,1,True,True,True,True,1.0
7be8cece4a97d6766bc90bcb9f656db3,family,1,1,332614.393,332614.393,332614.393,uncultured Pseudomonadales bacterium,332614.393,uncultured Pseudomonadales bacterium,1,1,1,1,True,True,True,True,1.0
7beacf2597ae596a9840843392469783,species,1,1,2053538.21,2053538.21,2053538.21,Candidatus Competibacteraceae bacterium,2053538.21,Candidatus Competibacteraceae bacterium,6,1,1,6,True,True,True,True,1.0
7bf70d1d868133fc82303b1f3fd3317c,genus,1,1,2052181.221,2052181.221,2052181.221,Planctomycetia bacterium,2052181.221,Planctomycetia bacterium,2,1,1,2,True,True,True,True,1.0
7c1a702922a60786e3cb750c02ccf066,species,1,1,2026791.265,2026791.265,2026791.265,Bryobacterales bacterium,2026791.265,Bryobacterales bacterium,2,1,1,2,True,True,True,True,1.0
7c36eb60a960e7395e24e6a72de4945c,species,1,1,69284.5,69284.5,69284.5,Pseudoxanthomonas japonensis,69284.5,Pseudoxanthomonas japonensis,2,1,1,2,True,True,True,True,1.0
7c3d87f928e92192187328ab2a355e06,species,2,2,2268758.7|306.273,2268758.7|306.273,2268758.7,Halopseudomonas laoshanensis,2268758.7,Halopseudomonas laoshanensis,1,2,2,1|2,True,True,True,True,1.0
7c4892f0f76ca8389e90d57a7d07d0df,family,1,1,2026735.822,2026735.822,2026735.822,Deltaproteobacteria bacterium,2026735.822,Deltaproteobacteria bacterium,1,1,1,1,True,True,True,True,1.0
7c4ae9637834e615635a58bc7d4cf313,genus,5,5,1768800.4|2038386.3|2986926.3|1881058.3|1036778.3,1768800.4|2038386.3|2986926.3|1881058.3|1036778.3,1768800.4,Rhizobiales bacterium CCH8-D1,1768800.4,Rhizobiales bacterium CCH8-D1,2,5,5,2|3|5|6|12,True,True,True,True,1.0
7c5eb2c7fafc6cfac2a084c7af974fe8,species,1,1,1403566.3,1403566.3,1403566.3,Brevibacterium salitolerans,1403566.3,Brevibacterium salitolerans,1,1,1,1,True,True,True,True,1.0
7c71b3c36aaf4aa87a78941ec397f7f4,below,0,0,,,,,,,,0,0,,,,,,
7c982bee5a9ed9bced5a6bc1eaff325d,family,2,2,1985673.3|3042299.6,1985673.3|3042299.6,1985673.3,Paragemmobacter ruber,1985673.3,Paragemmobacter ruber,1,2,2,1|4,True,True,True,True,1.0
7cb891f269b47dd8f2305e10c09c1e07,below,0,0,,,,,,,,0,0,,,,,,
7cc440c1e6d03bfc4f664923710b2451,species,1,1,79329.595,79329.595,79329.595,Chitinophaga pinensis,79329.595,Chitinophaga pinensis,1,1,1,1,True,True,True,True,1.0
7ccb76f54bb3e880fc17f0b19e5d5def,species,2,2,3045173.5|1678128.3,3045173.5|1678128.3,3045173.5,Limnohabitans lacus,3045173.5,Limnohabitans lacus,1,2,2,1|2,True,True,True,True,1.0
7ccf62471bf4c196ee3a4480d3df6103,species,2,2,1127.41|2448779.609,1127.41|2448779.609,1127.41,Microcystis sp.,1127.41,Microcystis sp.,4,2,2,4|5,True,True,True,True,1.0
7cde43c15b6d4825f8968e751a9619a3,genus,1,1,2073117.71,2073117.71,2073117.71,Anaerolineales bacterium,2073117.71,Anaerolineales bacterium,1,1,1,1,True,True,True,True,1.0
7d01c02d59769d55a3484c95f77f8632,species,2,2,3054952.5|3064523.3,3054952.5|3064523.3,3054952.5,Galbitalea sp. SE-J8,3054952.5,Galbitalea sp. SE-J8,1,2,2,1|3,True,True,True,True,1.0
7d108d7dc4f0f502a0e847e60c506188,genus,2,2,1977087.719|2053517.329,1977087.719|2053517.329,1977087.719,Pseudomonadota bacterium,1977087.719,Pseudomonadota bacterium,1,2,2,1|3,True,True,True,True,1.0
7d3a4d86066ad26966cb4671a21cf4d2,genus,1,1,77133.17466,77133.17466,77133.17466,uncultured bacterium,77133.17466,uncultured bacterium,1,1,1,1,True,True,True,True,1.0
7d3fe43f28b765f3a7e221b05c431deb,genus,1,1,3092586.3,3092586.3,3092586.3,,3092586.3,,1,1,1,1,True,True,True,False,1.0
7d4d375c9dc25a68b6d81bcd37babb0a,species,1,1,1617422.4,1617422.4,1617422.4,Bacteroidetes bacterium OLB11,1617422.4,Bacteroidetes bacterium OLB11,1,1,1,1,True,True,True,True,1.0
7d58f6ce947d866f90594b24634b1ec9,genus,1,1,1869227.7417,1869227.7417,1869227.7417,bacterium,1869227.7417,bacterium,1,1,1,1,True,True,True,True,1.0
7d6098816d91647b72131cfc49510b46,species,2,2,3366809.3|3385202.3,3366809.3|3385202.3,3366809.3,Anaerococcus sp. WGS1579,3366809.3,Anaerococcus sp. WGS1579,1,2,2,1|6,True,True,True,True,1.0
7d695607cd250aaa3167220d1f1b4cf0,genus,1,1,2485926.50,2485926.50,2485926.50,Atopobiaceae bacterium,2485926.50,Atopobiaceae bacterium,1,1,1,1,True,True,True,True,1.0
7d7350a4ac8d7ed2f221fb57ac11a846,species,1,1,2024841.92,2024841.92,2024841.92,Micavibrio sp.,2024841.92,Micavibrio sp.,1,1,1,1,True,True,True,True,1.0
7d7dfc084e6e05d13b754c024d5de98a,family,2,2,2026763.194|2268199.14,2026763.194|2268199.14,2026763.194,Myxococcales bacterium,2026763.194,Myxococcales bacterium,2,2,2,2|3,True,True,True,True,1.0
7db4ecdbff68ac14a497121abb0512cf,genus,1,1,2996031.3,2996031.3,2996031.3,,2996031.3,,1,1,1,1,True,True,True,False,1.0
7dd27bf7fddd54fe34ae617463d8fa8c,species,2,2,2202144.86|1977087.4909,2202144.86|1977087.4909,2202144.86,Spirochaetota bacterium,2202144.86,Spirochaetota bacterium,1,2,2,1|2,True,True,True,True,1.0
7de13a55503e90292b953209386e0b7b,genus,1,1,28264.26,28264.26,28264.26,Arcanobacterium haemolyticum,28264.26,Arcanobacterium haemolyticum,1,1,1,1,True,True,True,True,1.0
7dfc901a75f2ce3c2335834980657361,species,2,2,2026800.86|1962973.7,2026800.86|1962973.7,2026800.86,Verrucomicrobiaceae bacterium,2026800.86,Verrucomicrobiaceae bacterium,1,2,2,1|2,True,True,True,True,1.0
7dfda645fe03997c478210f17df9db15,below,0,0,,,,,,,,0,0,,,,,,
7e0352c683394a80f3cfc96da1f55837,genus,1,1,1672391.370,1672391.370,1672391.370,uncultured Chloroflexia bacterium,1672391.370,uncultured Chloroflexia bacterium,1,1,1,1,True,True,True,True,1.0
7e090b712313a5206178d3afec9ad522,below,0,0,,,,,,,,0,0,,,,,,
7e1b1aeffe7e6424edb6f1436728c15c,species,2,2,3399679.3|303.1597,3399679.3|303.1597,3399679.3,Pseudomonas sp. OHS18,3399679.3,Pseudomonas sp. OHS18,1,2,2,1|2,True,True,True,True,1.0
7e614f284de4e062f72cb7d63918938a,species,2,2,2053538.110|2026780.1498,2053538.110|2026780.1498,2053538.110,Candidatus Competibacteraceae bacterium,2053538.110,Candidatus Competibacteraceae bacterium,2,2,2,2|5,True,True,True,True,1.0
7e67acb9de0d892a965a686910b4e404,family,1,1,2052143.948,2052143.948,2052143.948,Anaerolineae bacterium,2052143.948,Anaerolineae bacterium,1,1,1,1,True,True,True,True,1.0
7e691cffa77e175af01c78bf2a62b2a5,species,1,1,34034.130,34034.130,34034.130,uncultured delta proteobacterium,34034.130,uncultured delta proteobacterium,1,1,1,1,True,True,True,True,1.0
7e85d45be9b65ca3d747d61e6156856f,genus,2,2,866510.121|2663808.3,866510.121|2663808.3,866510.121,uncultured Chitinophagaceae bacterium,866510.121,uncultured Chitinophagaceae bacterium,1,2,2,1|3,True,True,True,True,1.0
7e927a8b98e6717c89b86d4cdad352ec,genus,1,1,1978231.654,1978231.654,1978231.654,Acidobacteriota bacterium,1978231.654,Acidobacteriota bacterium,1,1,1,1,True,True,True,True,1.0
7e962679574ae49799dce38cc9ecddb8,species,2,2,2013731.3|2026724.578,2013731.3|2026724.578,2013731.3,Chloroflexi bacterium HGW-Chloroflexi-8,2013731.3,Chloroflexi bacterium HGW-Chloroflexi-8,1,2,2,1|2,True,True,True,True,1.0
7ee2c41f5e05423e198d6161433fd0b8,genus,1,1,91750.4229,91750.4229,91750.4229,uncultured Alphaproteobacteria bacterium,91750.4229,uncultured Alphaproteobacteria bacterium,1,1,1,1,True,True,True,True,1.0
7eeadef2b667db954cb835336a44faf6,genus,1,1,1672391.342,1672391.342,1672391.342,uncultured Chloroflexia bacterium,1672391.342,uncultured Chloroflexia bacterium,1,1,1,1,True,True,True,True,1.0
7f0aa11e24396a8d69d13381fb1a854e,genus,4,4,3141376.3|2600299.3|2587854.3|281252.8,3141376.3|2600299.3|2587854.3|281252.8,3141376.3,Roseibium sp. SCP15,3141376.3,Roseibium sp. SCP15,1,4,4,1|14|3|13,True,True,True,True,1.0
7f327f12e8dc0155926093fb10b9e9a2,species,2,2,2053538.110|2026780.1498,2053538.110|2026780.1498,2053538.110,Candidatus Competibacteraceae bacterium,2053538.110,Candidatus Competibacteraceae bacterium,2,2,2,2|5,True,True,True,True,1.0
7f424c736e48bb174c1350c46a378a9a,family,1,1,1946339.3,1946339.3,1946339.3,Chthonomonas sp. UBA2785,1946339.3,Chthonomonas sp. UBA2785,1,1,1,1,True,True,True,True,1.0
7f76ebb6a98aab277f8a6556a9e67ed4,species,1,1,1672391.187,1672391.187,1672391.187,uncultured Chloroflexia bacterium,1672391.187,uncultured Chloroflexia bacterium,1,1,1,1,True,True,True,True,1.0
7f78afb7e1d45cd528fe9cd909c93fb5,species,1,1,2841655.3,2841655.3,2841655.3,Methanobacterium sp. YSL,2841655.3,Methanobacterium sp. YSL,1,1,1,1,True,True,True,True,1.0
7f7a7eec97c55067df847127bd4dcc3a,genus,1,1,360056.5,360056.5,360056.5,Schlesneria paludicola,360056.5,Schlesneria paludicola,1,1,1,1,True,True,True,True,1.0
7f8dbf30984a48a21359fd6b4b9539d0,genus,1,1,2793042.56,2793042.56,2793042.56,Victivallaceae bacterium,2793042.56,Victivallaceae bacterium,1,1,1,1,True,True,True,True,1.0
7fc1233e6b533e7d02887fc099dd6814,family,1,1,1895763.3,1895763.3,1895763.3,Flavobacteriia bacterium 40-80,1895763.3,Flavobacteriia bacterium 40-80,1,1,1,1,True,True,True,True,1.0
7fc688c9e9ca5c649f8b9ef5ea7202e7,species,1,1,2849500.3,2849500.3,2849500.3,Novosphingobium sp. G106,2849500.3,Novosphingobium sp. G106,1,1,1,1,True,True,True,True,1.0
7fcf140d8687a196648d59466e04303e,family,2,2,1127.41|2448779.609,1127.41|2448779.609,1127.41,Microcystis sp.,1127.41,Microcystis sp.,1,2,2,1|2,True,True,True,True,1.0
7fecaf6cf2b64ca44f4f377020f83cf3,family,2,2,1914235.23|1908690.6,1914235.23|1908690.6,1914235.23,Fimbriiglobus sp.,1914235.23,Fimbriiglobus sp.,1,2,2,1|2,True,True,True,True,1.0
8012efec5e42af34e33934264547711b,species,2,2,2963431.6|2761047.3,2963431.6|2761047.3,2963431.6,Janibacter sp. CX7,2963431.6,Janibacter sp. CX7,1,2,2,1|2,True,True,True,True,1.0
80162568d8261e0b34c19558cff8d324,species,2,2,362.87|358.704,362.87|358.704,362.87,Agrobacterium radiobacter,362.87,Agrobacterium radiobacter,1,2,2,1|2,True,True,True,True,1.0
801f81b37293b5b2ab1b7f2200f1db9a,genus,1,1,239745.6,239745.6,239745.6,uncultured Desulfobulbus sp.,239745.6,uncultured Desulfobulbus sp.,1,1,1,1,True,True,True,True,1.0
80344d1dcd2d4b6cef4d4907f9b5a99d,genus,1,1,1353778.5,1353778.5,1353778.5,Flavobacterium lacus,1353778.5,Flavobacterium lacus,1,1,1,1,True,True,True,True,1.0
804ca098399a2f62ac7050dc7ee5895f,genus,1,1,2026778.117,2026778.117,2026778.117,Phycisphaerae bacterium,2026778.117,Phycisphaerae bacterium,1,1,1,1,True,True,True,True,1.0
8067951b417666b27ad1923d92e22b94,below,0,0,,,,,,,,0,0,,,,,,
806ccc9544acef0ba85ab12658c25036,family,2,2,1048380.9|291847.4,1048380.9|291847.4,1048380.9,Fusibacter sp. 3D3,1048380.9,Fusibacter sp. 3D3,1,2,2,1|5,True,True,True,True,1.0
80727dcfaf8c73e3eeda6cae94c81ad2,genus,1,1,157466.59,157466.59,157466.59,uncultured Armatimonadota bacterium,157466.59,uncultured Armatimonadota bacterium,1,1,1,1,True,True,True,True,1.0
807702710b18964917ac32026d87bf80,family,1,1,2052139.1336,2052139.1336,2052139.1336,Patescibacteria group bacterium,2052139.1336,Patescibacteria group bacterium,1,1,1,1,True,True,True,True,1.0
80b8264611656a1a27f6cde31104f9cc,family,1,1,2053306.133,2053306.133,2053306.133,Ignavibacteria bacterium,2053306.133,Ignavibacteria bacterium,1,1,1,1,True,True,True,True,1.0
80c0442c351dd90fed3a3a4003060d02,below,0,0,,,,,,,,0,0,,,,,,
80c46d0fb8b47d56b5ec7a1196e65129,family,2,2,3142262.4|96773.10,3142262.4|96773.10,3142262.4,Thauera sp. JM12B12,3142262.4,Thauera sp. JM12B12,1,2,2,1|2,True,True,True,True,1.0
80d9e2b9be2ada54466d132af648376d,family,1,1,2006849.388,2006849.388,2006849.388,Lysobacterales bacterium,2006849.388,Lysobacterales bacterium,1,1,1,1,True,True,True,True,1.0
80dcfcbaaeba51f9496881759057d909,genus,1,1,1978231.654,1978231.654,1978231.654,Acidobacteriota bacterium,1978231.654,Acidobacteriota bacterium,1,1,1,1,True,True,True,True,1.0
80f4f2e45a1774d34eef494a84a453cc,species,1,1,1898104.711,1898104.711,1898104.711,Bacteroidota bacterium,1898104.711,Bacteroidota bacterium,1,1,1,1,True,True,True,True,1.0
80f743d8087108546f17a3150a65447c,species,1,1,194843.5150,194843.5150,194843.5150,uncultured Bacteroidales bacterium,194843.5150,uncultured Bacteroidales bacterium,1,1,1,1,True,True,True,True,1.0
810bcbf0e79a1e8a1f4c88974fa952b0,family,1,1,2033014.354,2033014.354,2033014.354,Armatimonadota bacterium,2033014.354,Armatimonadota bacterium,1,1,1,1,True,True,True,True,1.0
810ff16138b1858fe4581eb0dc2056b7,genus,2,2,2099675.192|152509.1692,2099675.192|152509.1692,2099675.192,Cyclobacteriaceae bacterium,2099675.192,Cyclobacteriaceae bacterium,3,2,2,3|2,True,True,True,True,1.0
8119c42c5c3b6efc9f9c233ab5f514d9,genus,1,1,1977087.3882,1977087.3882,1977087.3882,Pseudomonadota bacterium,1977087.3882,Pseudomonadota bacterium,1,1,1,1,True,True,True,True,1.0
8131f1467c5210f7f2fc8bd4e4926738,genus,1,1,2448779.36,2448779.36,2448779.36,Chitinophagales bacterium,2448779.36,Chitinophagales bacterium,1,1,1,1,True,True,True,True,1.0
81321d8a1f8bf83849e940be8ebe3f98,genus,3,3,2053538.110|2026780.1498|86473.1588,2053538.110|2026780.1498|86473.1588,2053538.110,Candidatus Competibacteraceae bacterium,2053538.110,Candidatus Competibacteraceae bacterium,2,3,3,2|5|1,True,True,True,True,1.0
81369b110d735f7be5344969d70e3af8,species,2,2,408.47|3364168.3,408.47|3364168.3,408.47,Methylorubrum extorquens,408.47,Methylorubrum extorquens,1,2,2,1|3,True,True,True,True,1.0
8141ac6d9c13680602c30f2585b7d812,species,2,2,1891238.2614|86027.1380,1891238.2614|86027.1380,1891238.2614,Burkholderiales bacterium,1891238.2614,Burkholderiales bacterium,1,2,2,1|3,True,True,True,True,1.0
814b28a9e3ade17fcedb4213c442e208,species,2,2,339340.63|1869212.1327,339340.63|1869212.1327,339340.63,uncultured Chitinophaga sp.,339340.63,uncultured Chitinophaga sp.,4,2,2,4|3,True,True,True,True,1.0
81509ff7ec9a638645a7b560dcef8e03,species,1,1,28141.181,28141.181,28141.181,Cronobacter sakazakii,28141.181,Cronobacter sakazakii,1,1,1,1,True,True,True,True,1.0
815252c0d7759455347656a186e13fbe,family,1,1,3136117.3,3136117.3,3136117.3,Wolbachia endosymbiont of Heterodera humuli,3136117.3,Wolbachia endosymbiont of Heterodera humuli,7,1,1,7,True,True,True,True,1.0
8154b224836ccb59367bf9b4ffa73bf9,species,1,1,1619076.4,1619076.4,1619076.4,candidate division TM6 bacterium GW2011_GWE2_42_60,1619076.4,candidate division TM6 bacterium GW2011_GWE2_42_60,2,1,1,2,True,True,True,True,1.0
8193f5485969053aa122c13affe52916,genus,2,2,863.9|1671630.22,863.9|1671630.22,863.9,Syntrophomonas wolfei,863.9,Syntrophomonas wolfei,1,2,2,1|2,True,True,True,True,1.0
81b33405415423bc8a36fce22dc73ca2,species,0,0,,,,,,,,0,0,,,,,,
81b8078739e6559f538f89a93c2b9429,species,2,2,2044936.158|152509.1563,2044936.158|152509.1563,2044936.158,Bacteroidia bacterium,2044936.158,Bacteroidia bacterium,1,2,2,1|11,True,True,True,True,1.0
81bc976a842b7f49a43deea8e48ae0eb,genus,1,1,1869227.800,1869227.800,1869227.800,bacterium,1869227.800,bacterium,1,1,1,1,True,True,True,True,1.0
81c5fbd102214c2b21d8170b3d450cf6,species,1,1,2925014.5,2925014.5,2925014.5,Desulforhabdus sp. TSK,2925014.5,Desulforhabdus sp. TSK,1,1,1,1,True,True,True,True,1.0
81e951fa3bbca03a1188bb6d282d031c,below,0,0,,,,,,,,0,0,,,,,,
81fd53bf9a5b9db095c0544dcde899c6,genus,2,2,2712865.3|2711216.4,2712865.3|2711216.4,2712865.3,Paludisphaera soli,2712865.3,Paludisphaera soli,1,2,2,1|2,True,True,True,True,1.0
8269b45c5036e380e5f8da54c08f381a,family,1,1,1966486.7,1966486.7,1966486.7,Dehalococcoides sp.,1966486.7,Dehalococcoides sp.,1,1,1,1,True,True,True,True,1.0
827923397265bcdadb2811c9b5f7f366,genus,1,1,2601682.7,2601682.7,2601682.7,Edaphocola aurantiacus,2601682.7,Edaphocola aurantiacus,1,1,1,1,True,True,True,True,1.0
8283a0aad44d0a6a318456bd3ff3cdd5,species,2,2,1970413.3|158751.121,1970413.3|158751.121,1970413.3,Polaromonas sp. 17-63-33,1970413.3,Polaromonas sp. 17-63-33,1,2,2,1|2,True,True,True,True,1.0
82854f4b382ed37beba8f0c53cda2610,family,1,1,2053489.276,2053489.276,2053489.276,Promethearchaeota archaeon,2053489.276,Promethearchaeota archaeon,1,1,1,1,True,True,True,True,1.0
8286e640151590513fffd7c80a5c5803,genus,1,1,34034.666,34034.666,34034.666,uncultured delta proteobacterium,34034.666,uncultured delta proteobacterium,1,1,1,1,True,True,True,True,1.0
828a1b1fa99e247a05c41e3f13a5a663,genus,2,2,2026734.512|2614255.79,2026734.512|2614255.79,2026734.512,Dehalococcoidia bacterium,2026734.512,Dehalococcoidia bacterium,2,2,2,2|3,True,True,True,True,1.0
8290e46f019c7935dfde5768b2a3fc31,species,2,2,404875.4|1490030.4,404875.4|1490030.4,404875.4,Pararhodobacter aggregans,404875.4,Pararhodobacter aggregans,1,2,2,1|2,True,True,True,True,1.0
8293cb3498a8bc022975edb7ed7679f7,species,1,1,2053589.1186,2053589.1186,2053589.1186,Minisyncoccota bacterium,2053589.1186,Minisyncoccota bacterium,1,1,1,1,True,True,True,True,1.0
82a29f692253a38511348014db202411,species,2,2,2211374.3|2823334.3,2211374.3|2823334.3,2211374.3,Candidatus Accumulibacter meliphilus,2211374.3,Candidatus Accumulibacter meliphilus,1,2,2,1|5,True,True,True,True,1.0
82b379b944922fe2e85dc1fd17534be8,species,1,1,2849779.3,2849779.3,2849779.3,Aquihabitans sp. G128,2849779.3,Aquihabitans sp. G128,1,1,1,1,True,True,True,True,1.0
82b97a3f69d64d4fa5fa892227634ce6,species,2,2,1506.1129|2787101.3,1506.1129|2787101.3,1506.1129,Clostridium sp.,1506.1129,Clostridium sp.,1,2,2,1|4,True,True,True,True,1.0
82dba64efee4ca8af889eaa2f64e2f35,species,2,2,2030808.360|1891241.460,2030808.360|1891241.460,2030808.360,Candidatus Cloacimonadota bacterium,2030808.360,Candidatus Cloacimonadota bacterium,1,2,2,1|2,True,True,True,True,1.0
82f01cb6b84420e18f1f7aed8630c878,species,2,2,352475.17|2871820.5,352475.17|2871820.5,352475.17,Shinella zoogloeoides,352475.17,Shinella zoogloeoides,1,2,2,1|2,True,True,True,True,1.0
830d0d10f5b349df40f4d47c6cad771c,family,2,2,53254.5|3075434.3,53254.5|3075434.3,53254.5,Allobosea thiooxidans,53254.5,Allobosea thiooxidans,1,2,2,1|2,True,True,True,True,1.0
830d7d0655c152182d21e4c7cbde8731,species,1,1,2282150.7,2282150.7,2282150.7,Caulobacterales bacterium,2282150.7,Caulobacterales bacterium,1,1,1,1,True,True,True,True,1.0
83109d40cd04d64c0cda211c1e87a77d,species,1,1,86473.3430,86473.3430,86473.3430,uncultured Gammaproteobacteria bacterium,86473.3430,uncultured Gammaproteobacteria bacterium,1,1,1,1,True,True,True,True,1.0
8317562ebc444858349cc0b5230ccc00,below,0,0,,,,,,,,0,0,,,,,,
832794fa94d2a0fac44a3b34669d9c22,below,0,0,,,,,,,,0,0,,,,,,
832c6126b8f5ddf52a48b599bd930d4f,species,2,2,2664436.4|3138067.3,2664436.4|3138067.3,2664436.4,Dechloromonas aquae,2664436.4,Dechloromonas aquae,1,2,2,1|2,True,True,True,True,1.0
834746d6ec774d97cd6ba3cbd9597627,species,2,2,2053538.110|2026780.1498,2053538.110|2026780.1498,2053538.110,Candidatus Competibacteraceae bacterium,2053538.110,Candidatus Competibacteraceae bacterium,2,2,2,2|5,True,True,True,True,1.0
834e8158e419c526138c9172a13e9537,family,1,1,2052156.90,2052156.90,2052156.90,Chlamydiia bacterium,2052156.90,Chlamydiia bacterium,1,1,1,1,True,True,True,True,1.0
83510109999914ef280e7549fd875f52,genus,1,1,1672391.470,1672391.470,1672391.470,uncultured Chloroflexia bacterium,1672391.470,uncultured Chloroflexia bacterium,1,1,1,1,True,True,True,True,1.0
835349c4f0b6ca49252ebf56af09f869,below,0,0,,,,,,,,0,0,,,,,,
83622ee831a53b5795dca453bc597a5a,below,0,0,,,,,,,,0,0,,,,,,
8368b3661e52aaced3a8e9abd3f80448,family,2,2,2053306.302|1948670.3,2053306.302|1948670.3,2053306.302,Ignavibacteria bacterium,2053306.302,Ignavibacteria bacterium,1,2,2,1|4,True,True,True,True,1.0
8386a953222b10d5520cd61b976efbbd,genus,1,1,2692182.3,2692182.3,2692182.3,Criblamydiaceae bacterium,2692182.3,Criblamydiaceae bacterium,1,1,1,1,True,True,True,True,1.0
8387ed8a7bc7e5adf1657a3e663b8556,species,1,1,2034841.15,2034841.15,2034841.15,Lentimicrobium sp.,2034841.15,Lentimicrobium sp.,1,1,1,1,True,True,True,True,1.0
83927c66e49661b09f2981e9f5436a05,genus,1,1,120965.126,120965.126,120965.126,uncultured Planctomycetota bacterium,120965.126,uncultured Planctomycetota bacterium,1,1,1,1,True,True,True,True,1.0
839c4248c8347f3b02235371fdbb0c36,species,1,1,91750.4625,91750.4625,91750.4625,uncultured Alphaproteobacteria bacterium,91750.4625,uncultured Alphaproteobacteria bacterium,1,1,1,1,True,True,True,True,1.0
83a5569a7201409e94f2ac6c3dd41eaa,species,1,1,111831.5,111831.5,111831.5,Defluviicoccus vanus,111831.5,Defluviicoccus vanus,1,1,1,1,True,True,True,True,1.0
83ac555e466ac754139554eca9aec78b,family,2,2,1913988.1549|1797219.3,1913988.1549|1797219.3,1913988.1549,Alphaproteobacteria bacterium,1913988.1549,Alphaproteobacteria bacterium,1,2,2,1|2,True,True,True,True,1.0
83adaf3a09d08c93f2abea6a4c815592,species,1,1,1978337.3,1978337.3,1978337.3,Petrimonas sp. IBARAKI,1978337.3,Petrimonas sp. IBARAKI,1,1,1,1,True,True,True,True,1.0
83bfd9b9d5c9ea35f843e133dd86097b,genus,5,5,3073604.4|1913988.3717|2259340.3|196587.4|1985673.3,3073604.4|1913988.3717|2259340.3|196587.4|1985673.3,3073604.4,Ruixingdingia sedimenti,3073604.4,Ruixingdingia sedimenti,1,5,5,1|2|3|4|5,True,True,True,True,1.0
83d42430394c5f2adbe703fd3343b73d,species,1,1,2052143.137,2052143.137,2052143.137,Anaerolineae bacterium,2052143.137,Anaerolineae bacterium,2,1,1,2,True,True,True,True,1.0
83d76839bcdf716ff92c8b4201fe77a4,genus,1,1,1978231.666,1978231.666,1978231.666,Acidobacteriota bacterium,1978231.666,Acidobacteriota bacterium,1,1,1,1,True,True,True,True,1.0
83eeb239a11ff745fbd87e3757f4f611,species,1,1,2364082.6,2364082.6,2364082.6,Candidatus Obscuribacterales bacterium,2364082.6,Candidatus Obscuribacterales bacterium,1,1,1,1,True,True,True,True,1.0
8407ab54eb4e8d88ae253657654575ae,genus,2,2,2052164.213|1914235.3,2052164.213|1914235.3,2052164.213,Gemmataceae bacterium,2052164.213,Gemmataceae bacterium,1,2,2,1|2,True,True,True,True,1.0
8411ccca9ad761a55b0a15406e85d4fb,genus,2,2,2922717.5|2730080.3,2922717.5|2730080.3,2922717.5,Fundidesulfovibrio agrisoli,2922717.5,Fundidesulfovibrio agrisoli,1,2,2,1|3,True,True,True,True,1.0
8414a5712bde54805a0b3e12e1684607,genus,1,1,2699754.279,2699754.279,2699754.279,Pirellulaceae bacterium,2699754.279,Pirellulaceae bacterium,3,1,1,3,True,True,True,True,1.0
8434d7f94562e24f6c594c4d43d04fa4,genus,1,1,2268199.316,2268199.316,2268199.316,Polyangiaceae bacterium,2268199.316,Polyangiaceae bacterium,1,1,1,1,True,True,True,True,1.0
844639b3678e425778922b92dd4d071b,genus,1,1,1212491.3,1212491.3,1212491.3,Legionella fallonii,1212491.3,Legionella fallonii,1,1,1,1,True,True,True,True,1.0
845ebded608aa7a6bef4ae636f02a937,species,2,2,146021.3|1766.131,146021.3|1766.131,146021.3,Mycolicibacterium houstonense,146021.3,Mycolicibacterium houstonense,1,2,2,1|2,True,True,True,True,1.0
8466f2635d9fbf9c51a04877474f3d09,species,2,2,1367435.3|2991054.4,1367435.3|2991054.4,1367435.3,Alcaligenes sp. DN25,1367435.3,Alcaligenes sp. DN25,1,2,2,1|11,True,True,True,True,1.0
84828ae6549a795ffdf9ef075ea1a310,genus,1,1,688913.4,688913.4,688913.4,Ohtaekwangia kribbensis,688913.4,Ohtaekwangia kribbensis,1,1,1,1,True,True,True,True,1.0
848451a3853d056f1b0b123b39ebf894,species,1,1,735512.15,735512.15,735512.15,uncultured Reyranella sp.,735512.15,uncultured Reyranella sp.,1,1,1,1,True,True,True,True,1.0
84870a5cb33d4c25e1b44fe695371394,species,2,2,2053538.110|2026780.1498,2053538.110|2026780.1498,2053538.110,Candidatus Competibacteraceae bacterium,2053538.110,Candidatus Competibacteraceae bacterium,2,2,2,2|5,True,True,True,True,1.0
84b768ad29c8475ec73313c49ed23898,genus,1,1,2026791.265,2026791.265,2026791.265,Bryobacterales bacterium,2026791.265,Bryobacterales bacterium,1,1,1,1,True,True,True,True,1.0
84bc76d221842dbfecf539a3cc71d23c,species,2,2,2053538.110|2026780.1498,2053538.110|2026780.1498,2053538.110,Candidatus Competibacteraceae bacterium,2053538.110,Candidatus Competibacteraceae bacterium,2,2,2,2|5,True,True,True,True,1.0
84c2bf56296a8d7e095e02a38bd7c74f,species,1,1,2991473.5,2991473.5,2991473.5,Lysobacteraceae bacterium PS02065,2991473.5,Lysobacteraceae bacterium PS02065,1,1,1,1,True,True,True,True,1.0
84ce2db29cdae508bca2727af0d676f9,family,1,1,2053589.1206,2053589.1206,2053589.1206,Minisyncoccota bacterium,2053589.1206,Minisyncoccota bacterium,1,1,1,1,True,True,True,True,1.0
84fbd3d9d8a205884ae0697b6891f92e,species,2,2,1909295.502|1883427.2861,1909295.502|1883427.2861,1909295.502,Solirubrobacterales bacterium,1909295.502,Solirubrobacterales bacterium,1,2,2,1|2,True,True,True,True,1.0
85378f305b0641620475dcd4d7f5647d,species,1,1,1869227.7401,1869227.7401,1869227.7401,bacterium,1869227.7401,bacterium,1,1,1,1,True,True,True,True,1.0
85383fe997f831271fd196fbc652db30,genus,1,1,254247.3,254247.3,254247.3,Aquicella siphonis,254247.3,Aquicella siphonis,2,1,1,2,True,True,True,True,1.0
8538a40e4163fb64d269ea09e781cddd,genus,1,1,2510640.7,2510640.7,2510640.7,Chthoniobacter sp.,2510640.7,Chthoniobacter sp.,1,1,1,1,True,True,True,True,1.0
853909486e41b573fd0ff4cd03c6a72e,below,0,0,,,,,,,,0,0,,,,,,
85445783ba3d7cdde41bac89a1a62db7,genus,1,1,904068.20,904068.20,904068.20,uncultured Leptolinea sp.,904068.20,uncultured Leptolinea sp.,1,1,1,1,True,True,True,True,1.0
85491662ea730f70860be7fa8e72a1d8,species,1,1,1898104.2275,1898104.2275,1898104.2275,Bacteroidota bacterium,1898104.2275,Bacteroidota bacterium,1,1,1,1,True,True,True,True,1.0
856f4e976cd8cb16d80b01f36ee9721a,species,1,1,1497501.182,1497501.182,1497501.182,uncultured Thermoleophilia bacterium,1497501.182,uncultured Thermoleophilia bacterium,1,1,1,1,True,True,True,True,1.0
857d41a565cd167454dfc63a7c1e0bf1,species,1,1,2026735.824,2026735.824,2026735.824,Deltaproteobacteria bacterium,2026735.824,Deltaproteobacteria bacterium,1,1,1,1,True,True,True,True,1.0
8586aa0698f3e5a36f54c1aae303bff1,species,1,1,2053306.95,2053306.95,2053306.95,Ignavibacteria bacterium,2053306.95,Ignavibacteria bacterium,1,1,1,1,True,True,True,True,1.0
85897744f8f37ded7aed36b8f37c4d1a,species,2,2,2053538.110|2026780.1498,2053538.110|2026780.1498,2053538.110,Candidatus Competibacteraceae bacterium,2053538.110,Candidatus Competibacteraceae bacterium,2,2,2,2|5,True,True,True,True,1.0
858e628ffc2797936e1164415dce93c9,family,2,2,2053538.110|2026780.1498,2053538.110|2026780.1498,2053538.110,Candidatus Competibacteraceae bacterium,2053538.110,Candidatus Competibacteraceae bacterium,2,2,2,2|5,True,True,True,True,1.0
85a2b6f76d68688399aa4b933914ce8e,species,1,1,1166257.5,1166257.5,1166257.5,Pleomorphomonas diazotrophica,1166257.5,Pleomorphomonas diazotrophica,1,1,1,1,True,True,True,True,1.0
85af453749b8bfa2a4fd6ff0eacfba35,species,2,2,2944810.8|167065.5,2944810.8|167065.5,2944810.8,Thauera sp. GDN1,2944810.8,Thauera sp. GDN1,1,2,2,1|2,True,True,True,True,1.0
85b3828cd1148b869a305d453acbcf19,species,1,1,3069224.27,3069224.27,3069224.27,Dongiaceae bacterium,3069224.27,Dongiaceae bacterium,1,1,1,1,True,True,True,True,1.0
85bca76ce4d392240944116ba5861980,below,0,0,,,,,,,,0,0,,,,,,
85bcdf9057ab9d5f86df9a303b3a2bf4,species,1,1,2026724.1494,2026724.1494,2026724.1494,Chloroflexota bacterium,2026724.1494,Chloroflexota bacterium,1,1,1,1,True,True,True,True,1.0
85d372bb7cdff601979f30bd52237c90,genus,2,2,1869212.474|1951544.3,1869212.474|1951544.3,1869212.474,Chitinophagaceae bacterium,1869212.474,Chitinophagaceae bacterium,1,2,2,1|3,True,True,True,True,1.0
85dd0f6e2062b578dca9e68b4a140623,species,1,1,194843.5150,194843.5150,194843.5150,uncultured Bacteroidales bacterium,194843.5150,uncultured Bacteroidales bacterium,1,1,1,1,True,True,True,True,1.0
85f670579d1c3a7766ce8df552cb1a83,species,2,2,2486418.3|2817731.3,2486418.3|2817731.3,2486418.3,Pseudotabrizicola sediminis,2486418.3,Pseudotabrizicola sediminis,1,2,2,1|2,True,True,True,True,1.0
85f6db727b9f9f28fa57d33177a6f386,species,2,2,2917991.6|2801335.3,2917991.6|2801335.3,2917991.6,Devosia lacusdianchii,2917991.6,Devosia lacusdianchii,2,2,2,2|3,True,True,True,True,1.0
85faab1d1a1151eae6b9e3dc93dd6ff7,species,2,2,2053538.110|2026780.1498,2053538.110|2026780.1498,2053538.110,Candidatus Competibacteraceae bacterium,2053538.110,Candidatus Competibacteraceae bacterium,2,2,2,2|5,True,True,True,True,1.0
8610ab5b544c955b922c6254c75f3649,family,1,1,2053589.590,2053589.590,2053589.590,Minisyncoccota bacterium,2053589.590,Minisyncoccota bacterium,1,1,1,1,True,True,True,True,1.0
861ca30bbc00e08cfd14bc8ca1da7da0,species,1,1,2991473.5,2991473.5,2991473.5,Lysobacteraceae bacterium PS02065,2991473.5,Lysobacteraceae bacterium PS02065,1,1,1,1,True,True,True,True,1.0
8627abc0dbaf300f3c0c6a4975977b77,genus,1,1,86473.3331,86473.3331,86473.3331,uncultured Gammaproteobacteria bacterium,86473.3331,uncultured Gammaproteobacteria bacterium,1,1,1,1,True,True,True,True,1.0
862ec4f66343b35b148d8435e049742d,species,0,0,,,,,,,,0,0,,,,,,
8636a99c1c64f0037ee03b478eda072e,species,1,1,2991473.5,2991473.5,2991473.5,Lysobacteraceae bacterium PS02065,2991473.5,Lysobacteraceae bacterium PS02065,1,1,1,1,True,True,True,True,1.0
863c46a536cdc0f8941d699100de2c3b,genus,5,5,96773.10|3142262.4|44139.8|1134435.5|82788.3,96773.10|3142262.4|44139.8|1134435.5|82788.3,96773.10,Thauera chlorobenzoica,96773.10,Thauera chlorobenzoica,1,5,5,1|2|3|5|9,True,True,True,True,1.0
8644690edb4430ac35826c049acbee1c,species,1,1,86473.2094,86473.2094,86473.2094,uncultured Gammaproteobacteria bacterium,86473.2094,uncultured Gammaproteobacteria bacterium,1,1,1,1,True,True,True,True,1.0
864c17e1537b128871e11b4ced49c73b,species,1,1,1950223.3,1950223.3,1950223.3,Anaerolineales bacterium UBA6665,1950223.3,Anaerolineales bacterium UBA6665,1,1,1,1,True,True,True,True,1.0
8656a5a9b16758e2e756add32d5a9d37,species,2,2,2053538.110|2026780.1498,2053538.110|2026780.1498,2053538.110,Candidatus Competibacteraceae bacterium,2053538.110,Candidatus Competibacteraceae bacterium,2,2,2,2|5,True,True,True,True,1.0
8657430a9844b132807257d61056cc19,species,2,2,2026735.1906|2660714.16,2026735.1906|2660714.16,2026735.1906,Deltaproteobacteria bacterium,2026735.1906,Deltaproteobacteria bacterium,2,2,2,2|3,True,True,True,True,1.0
8688ae448e2ba483ec812210ca9eddbb,genus,1,1,2485925.1702,2485925.1702,2485925.1702,Oscillospiraceae bacterium,2485925.1702,Oscillospiraceae bacterium,1,1,1,1,True,True,True,True,1.0
869d97dec290a103b9955f8c63940441,family,1,1,592834.74,592834.74,592834.74,uncultured Opitutales bacterium,592834.74,uncultured Opitutales bacterium,1,1,1,1,True,True,True,True,1.0
86a1c48207cf91af5f7d1bf3eaa7d317,family,1,1,2497633.4,2497633.4,2497633.4,Rhodothermia bacterium,2497633.4,Rhodothermia bacterium,1,1,1,1,True,True,True,True,1.0
86b97bab65f9ada5fa58dabb8666b964,family,2,2,49181.55|2026735.698,49181.55|2026735.698,49181.55,Zoogloea sp.,49181.55,Zoogloea sp.,4,2,2,4|5,True,True,True,True,1.0
86cab820dbd5dadd39536650ebf60471,genus,4,4,3141376.3|2600299.3|2587854.3|281252.8,3141376.3|2600299.3|2587854.3|281252.8,3141376.3,Roseibium sp. SCP15,3141376.3,Roseibium sp. SCP15,1,4,4,1|14|3|13,True,True,True,True,1.0
86d82368714a7899de82d29003dd6652,species,1,1,2026724.1154,2026724.1154,2026724.1154,Chloroflexota bacterium,2026724.1154,Chloroflexota bacterium,1,1,1,1,True,True,True,True,1.0
86dc6da8c8444af0e2e1f8063d6efb84,family,1,1,2705084.3,2705084.3,2705084.3,Anaerolineae bacterium clx_SAG14,2705084.3,Anaerolineae bacterium clx_SAG14,1,1,1,1,True,True,True,True,1.0
86f32e238f24ec09c7a9850ceb02eee2,species,2,2,2053538.110|2026780.1498,2053538.110|2026780.1498,2053538.110,Candidatus Competibacteraceae bacterium,2053538.110,Candidatus Competibacteraceae bacterium,2,2,2,2|5,True,True,True,True,1.0
871359e9c24ecdcbdf369b728b0355de,family,2,2,2053306.302|1948670.3,2053306.302|1948670.3,2053306.302,Ignavibacteria bacterium,2053306.302,Ignavibacteria bacterium,1,2,2,1|4,True,True,True,True,1.0
8717744be592c8beffade9c24a1887b2,species,2,2,1891241.432|1869212.1069,1891241.432|1869212.1069,1891241.432,Betaproteobacteria bacterium,1891241.432,Betaproteobacteria bacterium,1,2,2,1|2,True,True,True,True,1.0
87394203db44b5f931e65034c622ca24,species,1,1,2722710.7,2722710.7,2722710.7,Iamia sp.,2722710.7,Iamia sp.,1,1,1,1,True,True,True,True,1.0
875725c452a69e79bf64a8aa775e4409,species,1,1,370973.3,370973.3,370973.3,Runella defluvii,370973.3,Runella defluvii,1,1,1,1,True,True,True,True,1.0
875c468132a95a1d4fa4398591637eb3,genus,2,2,2053517.374|3034175.87,2053517.374|3034175.87,2053517.374,Bdellovibrionales bacterium,2053517.374,Bdellovibrionales bacterium,1,2,2,1|3,True,True,True,True,1.0
878373e79c05a9c44b8799d5b674c104,genus,1,1,1672391.370,1672391.370,1672391.370,uncultured Chloroflexia bacterium,1672391.370,uncultured Chloroflexia bacterium,1,1,1,1,True,True,True,True,1.0
878441a6f394d3e2fd5264ed8249c686,genus,1,1,2026748.183,2026748.183,2026748.183,Hyphomonadaceae bacterium,2026748.183,Hyphomonadaceae bacterium,2,1,1,2,True,True,True,True,1.0
8789001e7eb3e0b99f7223e0c6d1ffa7,species,2,2,2502194.3|1926873.198,2502194.3|1926873.198,2502194.3,Lysobacteraceae bacterium 2PA,2502194.3,Lysobacteraceae bacterium 2PA,1,2,2,1|2,True,True,True,True,1.0
878953a1c5c8a9ee61cc28b66f2ad9aa,below,0,0,,,,,,,,0,0,,,,,,
87a2f37909c971f4a47bc2ef7d8a5f87,species,1,1,2026714.22,2026714.22,2026714.22,Candidatus Bathyarchaeota archaeon,2026714.22,Candidatus Bathyarchaeota archaeon,1,1,1,1,True,True,True,True,1.0
87ba798168a67e3bbb9492c47b67b378,species,1,1,2699754.332,2699754.332,2699754.332,Pirellulaceae bacterium,2699754.332,Pirellulaceae bacterium,1,1,1,1,True,True,True,True,1.0
87cab3e2b10ea8dffd447f7d07a1f726,genus,1,1,77133.19306,77133.19306,77133.19306,uncultured bacterium,77133.19306,uncultured bacterium,1,1,1,1,True,True,True,True,1.0
87ccf66636b08841ae0a6e7b81998ebc,species,1,1,1917697.28,1917697.28,1917697.28,Candidatus Saccharimonas sp.,1917697.28,Candidatus Saccharimonas sp.,1,1,1,1,True,True,True,True,1.0
87d478273053695c737201eb63b00714,genus,1,1,2026780.237,2026780.237,2026780.237,Planctomycetota bacterium,2026780.237,Planctomycetota bacterium,1,1,1,1,True,True,True,True,1.0
87d832a72766fc4873fb02c520336a9d,genus,1,1,2682144.107,2682144.107,2682144.107,Fimbriimonadaceae bacterium,2682144.107,Fimbriimonadaceae bacterium,1,1,1,1,True,True,True,True,1.0
87dac428e820a6ed66f16d9d23a70330,species,2,2,1672391.683|2482790.55,1672391.683|2482790.55,1672391.683,uncultured Chloroflexia bacterium,1672391.683,uncultured Chloroflexia bacterium,1,2,2,1|3,True,True,True,True,1.0
87ec65202e592d81d47b66d1484732df,species,2,2,1833.90|2890836.3,1833.90|2890836.3,1833.90,Rhodococcus erythropolis,1833.90,Rhodococcus erythropolis,1,2,2,1|13,True,True,True,True,1.0
87f5e8e34a8c3f3c17506d3b3b022221,species,2,2,1392423.40|2052170.121,1392423.40|2052170.121,1392423.40,uncultured Methanoregulaceae archaeon,1392423.40,uncultured Methanoregulaceae archaeon,1,2,2,1|3,True,True,True,True,1.0
880ad6f7b86b9c14dd88632e92fd22d3,species,1,1,1212489.5,1212489.5,1212489.5,Legionella drozanskii,1212489.5,Legionella drozanskii,1,1,1,1,True,True,True,True,1.0
881f69e0907491e17f7a3315c386b873,species,1,1,368503.79,368503.79,368503.79,Synechococcus sp. UW140,368503.79,Synechococcus sp. UW140,1,1,1,1,True,True,True,True,1.0
882839cd630f1c4d939b168ed4e18be3,species,2,2,2053538.110|2026780.1498,2053538.110|2026780.1498,2053538.110,Candidatus Competibacteraceae bacterium,2053538.110,Candidatus Competibacteraceae bacterium,2,2,2,2|5,True,True,True,True,1.0
882fb75915aa95758cd528349e72cc6d,species,2,2,2038686.9|2042655.3,2038686.9|2042655.3,2038686.9,Propioniciclava sp.,2038686.9,Propioniciclava sp.,1,2,2,1|3,True,True,True,True,1.0
883359b5b4b3b8057c6c9df5d67f1f49,family,2,2,2026780.292|120965.67,2026780.292|120965.67,2026780.292,Planctomycetota bacterium,2026780.292,Planctomycetota bacterium,1,2,2,1|2,True,True,True,True,1.0
88384645c2dd772f4809784135afc83b,genus,1,1,147047.3,147047.3,147047.3,Humidesulfovibrio mexicanus,147047.3,Humidesulfovibrio mexicanus,1,1,1,1,True,True,True,True,1.0
884a30f70e02008563ffe541fddc87e4,genus,1,1,2033014.717,2033014.717,2033014.717,Armatimonadota bacterium,2033014.717,Armatimonadota bacterium,1,1,1,1,True,True,True,True,1.0
8853b3726f4d23591bf960c966fec781,genus,1,1,1510150.4,1510150.4,1510150.4,Permianibacter aggregans,1510150.4,Permianibacter aggregans,1,1,1,1,True,True,True,True,1.0
8854f58eb093e29f1c82b0ac470314a8,species,2,2,1908224.94|1586240.3,1908224.94|1586240.3,1908224.94,Sphingopyxis sp.,1908224.94,Sphingopyxis sp.,1,2,2,1|2,True,True,True,True,1.0
88665092af198aaeba6eb0d37f7430da,genus,1,1,153809.1481,153809.1481,153809.1481,uncultured Pseudomonadota bacterium,153809.1481,uncultured Pseudomonadota bacterium,1,1,1,1,True,True,True,True,1.0
886de9165cfb8bade1e0a2b06b50600c,genus,2,2,28201.90|1975526.3,28201.90|1975526.3,28201.90,Bdellovibrio sp.,28201.90,Bdellovibrio sp.,1,2,2,1|2,True,True,True,True,1.0
889ea68f9c9a37961b1689dd92ffadd9,family,2,2,870480.3|2059725.3,870480.3|2059725.3,870480.3,Zobellella aerophila,870480.3,Zobellella aerophila,2,2,2,2|3,True,True,True,True,1.0
88b2f675a406bf48a97955797e022f19,species,2,2,1792.7|3090600.3,1792.7|3090600.3,1792.7,Mycolicibacterium chitae,1792.7,Mycolicibacterium chitae,1,2,2,1|5,True,True,True,True,1.0
88c682d86d5979e60d9f98cac1436714,species,0,0,,,,,,,,0,0,,,,,,
88c79ee8e6e9a5c8d591528a4b7e9b72,family,2,2,3236972.3|2838777.5,3236972.3|2838777.5,3236972.3,Candidatus Brachytrichaceae bacterium NZ_4S206,3236972.3,Candidatus Brachytrichaceae bacterium NZ_4S206,1,2,2,1|2,True,True,True,True,1.0
88d408dbcb2fef174d7d9b9e8fafa984,species,2,2,2831643.3|1872122.88,2831643.3|1872122.88,2831643.3,Ideonella benzenivorans,2831643.3,Ideonella benzenivorans,2,2,2,2|3,True,True,True,True,1.0
88dc9b1bf64124875974e6e8ce1bb2e0,species,2,2,161920.6|139021.6,161920.6|139021.6,161920.6,Dietzia natronolimnaea,161920.6,Dietzia natronolimnaea,1,2,2,1|2,True,True,True,True,1.0
88ddec40c60b24d2aaedb9c34c8269b1,species,2,2,2950551.3|3058400.5,2950551.3|3058400.5,2950551.3,Chryseobacterium sp. EO14,2950551.3,Chryseobacterium sp. EO14,1,2,2,1|11,True,True,True,True,1.0
88f114252460d0457b544b569f6a1240,genus,2,2,1914235.38|2807431.5,1914235.38|2807431.5,1914235.38,Fimbriiglobus sp.,1914235.38,Fimbriiglobus sp.,1,2,2,1|2,True,True,True,True,1.0
88f57ec4ded8c80d91da02f87d0a0e37,species,1,1,1961505.3,1961505.3,1961505.3,Bdellovibrionaceae bacterium UBA2316,1961505.3,Bdellovibrionaceae bacterium UBA2316,1,1,1,1,True,True,True,True,1.0
89062dbf70addd191fd6ba9183ef311c,species,2,2,3074146.5|592361.12,3074146.5|592361.12,3074146.5,Pseudomonas sp. SG20056,3074146.5,Pseudomonas sp. SG20056,1,2,2,1|2,True,True,True,True,1.0
890c779ae22cf5d3afda25cd0c85f064,family,2,2,2052180.652|2502237.5,2052180.652|2502237.5,2052180.652,Phycisphaerales bacterium,2052180.652,Phycisphaerales bacterium,1,2,2,1|3,True,True,True,True,1.0
890e8a8aa9fa36907365cd72def44783,species,2,2,2530340.3|2306021.3,2530340.3|2306021.3,2530340.3,,2530340.3,,1,2,2,1|2,True,True,True,False,1.0
892bb109ba2351cff34fdfe14e44d6bd,genus,1,1,2715253.335,2715253.335,2715253.335,Pirellulales bacterium,2715253.335,Pirellulales bacterium,1,1,1,1,True,True,True,True,1.0
8933321e7dbdf47e55a1ec83a6517e09,species,2,2,2035356.5|1929291.112,2035356.5|1929291.112,2035356.5,Reyranella aquatilis,2035356.5,Reyranella aquatilis,1,2,2,1|2,True,True,True,True,1.0
8943d9f238aa1e73a7877d7c068c7060,family,2,2,2030800.424|1797965.3,2030800.424|1797965.3,2030800.424,Elusimicrobiota bacterium,2030800.424,Elusimicrobiota bacterium,3,2,2,3|4,True,True,True,True,1.0
897501452af318285509c469c96d8dcc,genus,2,2,1962908.72|152507.1778,1962908.72|152507.1778,1962908.72,Gemmatimonas sp.,1962908.72,Gemmatimonas sp.,1,2,2,1|2,True,True,True,True,1.0
8977ed171e1e89ca8f5b92ea3e936df1,species,1,1,2172549.5,2172549.5,2172549.5,Candidatus Brocadia sp.,2172549.5,Candidatus Brocadia sp.,1,1,1,1,True,True,True,True,1.0
8985bf411df0ec5ab6efa6c3f9ddb777,species,1,1,2448779.222,2448779.222,2448779.222,Chitinophagales bacterium,2448779.222,Chitinophagales bacterium,1,1,1,1,True,True,True,True,1.0
89ada24fe50a60143e144e668ab1e347,genus,1,1,866510.121,866510.121,866510.121,uncultured Chitinophagaceae bacterium,866510.121,uncultured Chitinophagaceae bacterium,1,1,1,1,True,True,True,True,1.0
89ba9292f33c9346f5643c4d7058227b,species,1,1,1913961.31,1913961.31,1913961.31,Rhizobiaceae bacterium,1913961.31,Rhizobiaceae bacterium,1,1,1,1,True,True,True,True,1.0
89e303ece25737335d1269b85cb34232,genus,1,1,157466.59,157466.59,157466.59,uncultured Armatimonadota bacterium,157466.59,uncultured Armatimonadota bacterium,1,1,1,1,True,True,True,True,1.0
89e53eacc3f92ffd4d51d8038b48f425,below,0,0,,,,,,,,0,0,,,,,,
89e99832f9e259d12d5ab068500e74ae,species,1,1,1962973.17,1962973.17,1962973.17,Luteolibacter sp.,1962973.17,Luteolibacter sp.,1,1,1,1,True,True,True,True,1.0
8a16e9755fcdef6073902dad4abff9bf,family,1,1,1977087.1519,1977087.1519,1977087.1519,Pseudomonadota bacterium,1977087.1519,Pseudomonadota bacterium,1,1,1,1,True,True,True,True,1.0
8a4511bf2e068fbce933461947f99314,genus,1,1,2614250.16,2614250.16,2614250.16,Caldilineaceae bacterium,2614250.16,Caldilineaceae bacterium,1,1,1,1,True,True,True,True,1.0
8a6bdbec77433db16e9685f778def9b3,species,1,1,82346.4,82346.4,82346.4,Ornithinicoccus hortensis,82346.4,Ornithinicoccus hortensis,1,1,1,1,True,True,True,True,1.0
8a7375280adf8cd6889445a727753c68,species,2,2,2570193.3|337779.3,2570193.3|337779.3,2570193.3,Dechloromonas sp. H13,2570193.3,Dechloromonas sp. H13,1,2,2,1|2,True,True,True,True,1.0
8a8d8511bc33506d145c9a7441b7a342,family,2,2,2053538.110|2026780.1498,2053538.110|2026780.1498,2053538.110,Candidatus Competibacteraceae bacterium,2053538.110,Candidatus Competibacteraceae bacterium,2,2,2,2|5,True,True,True,True,1.0
8a935228517a20b4bc3fa5def7bc6b76,genus,1,1,2052139.1689,2052139.1689,2052139.1689,Patescibacteria group bacterium,2052139.1689,Patescibacteria group bacterium,1,1,1,1,True,True,True,True,1.0
8a9c97139a7d864eda93a0dc3e73ecb9,species,2,2,49181.6|350.3,49181.6|350.3,49181.6,Zoogloea sp.,49181.6,Zoogloea sp.,1,2,2,1|6,True,True,True,True,1.0
8aa2b6ffca297590994787fcaed820c3,species,1,1,2052180.625,2052180.625,2052180.625,Phycisphaerales bacterium,2052180.625,Phycisphaerales bacterium,1,1,1,1,True,True,True,True,1.0
8ab3e543517c511b8d789920e9321dff,genus,1,1,1869227.3092,1869227.3092,1869227.3092,bacterium,1869227.3092,bacterium,1,1,1,1,True,True,True,True,1.0
8acd2cc5a2c7b85fba48d8e622bfa1e3,genus,3,3,3376064.3|3157707.4|1295366.7,3376064.3|3157707.4|1295366.7,3376064.3,Mesorhizobium sp. IMUNJ 23232,3376064.3,Mesorhizobium sp. IMUNJ 23232,1,3,3,1|2|4,True,True,True,True,1.0
8ad6d06a0dcc9d3fbb946a22225278df,species,0,0,,,,,,,,0,0,,,,,,
8b048fa8f0d508cd79e765ec9551c2b9,genus,2,2,1005933.6|1915543.3,1005933.6|1915543.3,1005933.6,uncultured Methanoregula sp.,1005933.6,uncultured Methanoregula sp.,1,2,2,1|3,True,True,True,True,1.0
8b063e5e0fb86c27a4c162352e7efcbe,species,1,1,2053570.50,2053570.50,2053570.50,Candidatus Latescibacterota bacterium,2053570.50,Candidatus Latescibacterota bacterium,1,1,1,1,True,True,True,True,1.0
8b1d0613158faf0a281ab4845d7ba119,family,1,1,2030827.64,2030827.64,2030827.64,Candidatus Babelota bacterium,2030827.64,Candidatus Babelota bacterium,1,1,1,1,True,True,True,True,1.0
8b42e63e1fe8e14326fe559f8a2cce81,species,1,1,665126.8,665126.8,665126.8,Prosthecodimorpha hirschii,665126.8,Prosthecodimorpha hirschii,1,1,1,1,True,True,True,True,1.0
8b4539bc106db14b9be0549224c5b3a1,family,1,1,960.22,960.22,960.22,Bacteriovorax stolpii,960.22,Bacteriovorax stolpii,1,1,1,1,True,True,True,True,1.0
8b541735f380a800e25b1e0a7f433262,species,2,2,2211374.3|2823334.3,2211374.3|2823334.3,2211374.3,Candidatus Accumulibacter meliphilus,2211374.3,Candidatus Accumulibacter meliphilus,1,2,2,1|5,True,True,True,True,1.0
8b56eb59f25579bad80448cce326a327,genus,1,1,1576369.4,1576369.4,1576369.4,Planctomicrobium piriforme,1576369.4,Planctomicrobium piriforme,1,1,1,1,True,True,True,True,1.0
8b67dfa2a79dae8d6eb2e39044eafc85,family,1,1,1672391.615,1672391.615,1672391.615,uncultured Chloroflexia bacterium,1672391.615,uncultured Chloroflexia bacterium,1,1,1,1,True,True,True,True,1.0
8b6fc012c68aa1e335fab6f8dbd08308,species,2,2,1898104.646|2053589.824,1898104.646|2053589.824,1898104.646,Bacteroidota bacterium,1898104.646,Bacteroidota bacterium,1,2,2,1|2,True,True,True,True,1.0
8b9ca2a0047982617fe0fe38fabda77f,species,2,2,223556.8|2745873.3,223556.8|2745873.3,223556.8,Deinococcus indicus,223556.8,Deinococcus indicus,1,2,2,1|2,True,True,True,True,1.0
8ba1e1b5947dcb79440dcd41baacaf8e,species,2,2,2184719.3|2987703.3,2184719.3|2987703.3,2184719.3,Clostridium bovifaecis,2184719.3,Clostridium bovifaecis,1,2,2,1|4,True,True,True,True,1.0
8ba60d1574b8e36ac1407de6aab26749,below,0,0,,,,,,,,0,0,,,,,,
8ba66b02ddd19314ed0e6de5965a410b,genus,1,1,708629.4,708629.4,708629.4,uncultured Candidatus Solibacter sp.,708629.4,uncultured Candidatus Solibacter sp.,1,1,1,1,True,True,True,True,1.0
8bd64cc40d2639d5c4f750b67be46809,genus,1,1,866510.114,866510.114,866510.114,uncultured Chitinophagaceae bacterium,866510.114,uncultured Chitinophagaceae bacterium,2,1,1,2,True,True,True,True,1.0
8bf046e05312a64ca895028ee23d2fe4,genus,1,1,2614250.135,2614250.135,2614250.135,Caldilineaceae bacterium,2614250.135,Caldilineaceae bacterium,1,1,1,1,True,True,True,True,1.0
8c2795916359d1111d0c10db77eb65db,species,2,2,2053306.302|1948670.3,2053306.302|1948670.3,2053306.302,Ignavibacteria bacterium,2053306.302,Ignavibacteria bacterium,1,2,2,1|4,True,True,True,True,1.0
8c2f9824cc48f68c209ff8d38d7f4fdd,species,2,2,2053538.110|2026780.1498,2053538.110|2026780.1498,2053538.110,Candidatus Competibacteraceae bacterium,2053538.110,Candidatus Competibacteraceae bacterium,2,2,2,2|5,True,True,True,True,1.0
8c35c82df947ce28c4786cdb3987a6d5,species,2,2,2024896.366|2013731.3,2024896.366|2013731.3,2024896.366,Anaerolineaceae bacterium,2024896.366,Anaerolineaceae bacterium,1,2,2,1|2,True,True,True,True,1.0
8c3712a64b7f99b3e9f8970f8f0e15ec,family,2,2,2234000.3|2081706.13,2234000.3|2081706.13,2234000.3,Halobacteriovorax sp. HLS,2234000.3,Halobacteriovorax sp. HLS,1,2,2,1|3,True,True,True,True,1.0
8c3d2903eebae18d7fbeb205a2ffedf1,species,2,2,2994676.4|2795740.3,2994676.4|2795740.3,2994676.4,Alishewanella sp. SMS8,2994676.4,Alishewanella sp. SMS8,1,2,2,1|3,True,True,True,True,1.0
8c3f4deee3ee5b685c72fac1d740099e,species,2,2,3346529.3|1824.7,3346529.3|1824.7,3346529.3,Nocardia sp. NPDC058497,3346529.3,Nocardia sp. NPDC058497,1,2,2,1|2,True,True,True,True,1.0
8c6677322d1ac9500cc3fcc37ca00073,family,1,1,1977087.1722,1977087.1722,1977087.1722,Pseudomonadota bacterium,1977087.1722,Pseudomonadota bacterium,1,1,1,1,True,True,True,True,1.0
8c782fa3f21132e18755346375cd9fd6,species,1,1,2053538.96,2053538.96,2053538.96,Candidatus Competibacteraceae bacterium,2053538.96,Candidatus Competibacteraceae bacterium,7,1,1,7,True,True,True,True,1.0
8c933d68de5c22d9ae1a1b8e6c3cee47,species,2,2,1815556.3|657651.3,1815556.3|657651.3,1815556.3,Paracoccus fontiphilus,1815556.3,Paracoccus fontiphilus,1,2,2,1|2,True,True,True,True,1.0
8cb8b1d597221d162d1f8c2829287f48,family,2,2,904963.59|2026778.227,904963.59|2026778.227,904963.59,uncultured Phycisphaerae bacterium,904963.59,uncultured Phycisphaerae bacterium,1,2,2,1|2,True,True,True,True,1.0
8cbedcd2b8bd70d5d2bb6e9cc8c09084,species,2,2,2053538.110|2026780.1498,2053538.110|2026780.1498,2053538.110,Candidatus Competibacteraceae bacterium,2053538.110,Candidatus Competibacteraceae bacterium,2,2,2,2|5,True,True,True,True,1.0
8cc4b777d5da71e982a3f995a970b34b,genus,1,1,1978231.2554,1978231.2554,1978231.2554,Acidobacteriota bacterium,1978231.2554,Acidobacteriota bacterium,1,1,1,1,True,True,True,True,1.0
8cc9931af24418de63d22a8573c5cd96,family,1,1,2053306.42,2053306.42,2053306.42,Ignavibacteria bacterium,2053306.42,Ignavibacteria bacterium,1,1,1,1,True,True,True,True,1.0
8cef035d284bc4df4ed785514c909bc8,species,2,2,1882749.3|1961806.36,1882749.3|1961806.36,1882749.3,Opitutus sp. GAS368,1882749.3,Opitutus sp. GAS368,1,2,2,1|3,True,True,True,True,1.0
8cf465dffc54bb657fcecbe978a20a36,species,1,1,1869227.7752,1869227.7752,1869227.7752,bacterium,1869227.7752,bacterium,1,1,1,1,True,True,True,True,1.0
8d1f3eb48e7fb08f9dcb47ad709daf25,species,1,1,1898103.42,1898103.42,1898103.42,Rhodocyclaceae bacterium,1898103.42,Rhodocyclaceae bacterium,1,1,1,1,True,True,True,True,1.0
8d34b4983b2ea21d2f8a7f7358f73bec,species,1,1,2053538.110,2053538.110,2053538.110,Candidatus Competibacteraceae bacterium,2053538.110,Candidatus Competibacteraceae bacterium,2,1,1,2,True,True,True,True,1.0
8d649fad0d18838a4b223b139e35aecf,family,1,1,1879010.10371,1879010.10371,1879010.10371,Bacillota bacterium,1879010.10371,Bacillota bacterium,1,1,1,1,True,True,True,True,1.0
8d6dc4500a89d7f47d1932d22103ed3e,species,2,2,2021391.1465|101383.6,2021391.1465|101383.6,2021391.1465,Flavobacteriales bacterium,2021391.1465,Flavobacteriales bacterium,1,2,2,1|2,True,True,True,True,1.0
8d854dec53b8ab74ecd91448da3915e4,species,2,2,225325.3|317018.11,225325.3|317018.11,225325.3,Nesterenkonia halotolerans,225325.3,Nesterenkonia halotolerans,1,2,2,1|2,True,True,True,True,1.0
8d941eda8589ac6399b9a5eea473711c,species,1,1,176306.10,176306.10,176306.10,uncultured Methanobacterium sp.,176306.10,uncultured Methanobacterium sp.,1,1,1,1,True,True,True,True,1.0
8dacc92b0632cbaadcb94a57cc68f456,species,2,2,2961531.6|2975405.5,2961531.6|2975405.5,2961531.6,Pseudomonas sp. KHPS1,2961531.6,Pseudomonas sp. KHPS1,1,2,2,1|2,True,True,True,True,1.0
8db3eecf74023f0e70c8c6f2c7a06a26,species,1,1,2528024.3,2528024.3,2528024.3,Lacipirellula limnantheis,2528024.3,Lacipirellula limnantheis,1,1,1,1,True,True,True,True,1.0
8dc40e75df9dbd81249c2f24297fd16c,genus,3,3,2570193.3|73030.14|337779.3,2570193.3|73030.14|337779.3,2570193.3,Dechloromonas sp. H13,2570193.3,Dechloromonas sp. H13,1,3,3,1|2|5,True,True,True,True,1.0
8ddb4871966181e329e716b106a857b0,family,2,2,2052182.16|1977087.4910,2052182.16|1977087.4910,2052182.16,Rhodanobacteraceae bacterium,2052182.16,Rhodanobacteraceae bacterium,1,2,2,1|2,True,True,True,True,1.0
8dddc010930174c81129a400de4404f2,species,1,1,1977087.4352,1977087.4352,1977087.4352,Pseudomonadota bacterium,1977087.4352,Pseudomonadota bacterium,1,1,1,1,True,True,True,True,1.0
8dee56b9247149e4d179d45bae511b8d,species,1,1,115547.278,115547.278,115547.278,uncultured archaeon,115547.278,uncultured archaeon,1,1,1,1,True,True,True,True,1.0
8e179d2649a6ae20bfb32dccff3e4b2a,species,2,2,1977087.4909|1917697.28,1977087.4909|1917697.28,1977087.4909,Pseudomonadota bacterium,1977087.4909,Pseudomonadota bacterium,1,2,2,1|3,True,True,True,True,1.0
8e1b23e86ce93863278100bbf85ac482,below,0,0,,,,,,,,0,0,,,,,,
8e33430618aded552597aa0769a2c5b0,family,2,2,1971228.22|2268199.306,1971228.22|2268199.306,1971228.22,Labilithrix sp.,1971228.22,Labilithrix sp.,1,2,2,1|9,True,True,True,True,1.0
8e53ccd05df52d65c052000a88233948,family,1,1,2073117.45,2073117.45,2073117.45,Anaerolineales bacterium,2073117.45,Anaerolineales bacterium,1,1,1,1,True,True,True,True,1.0
8e5ee4e1cc4ad54354ee2238a68084e9,genus,1,1,2099675.124,2099675.124,2099675.124,Cyclobacteriaceae bacterium,2099675.124,Cyclobacteriaceae bacterium,13,1,1,13,True,True,True,True,1.0
8e68a7dd8640534aa7ff67a58067d38a,below,0,0,,,,,,,,0,0,,,,,,
8e8f8a78cdad34d3787026906d26cb6a,species,2,2,2053538.110|2026780.1498,2053538.110|2026780.1498,2053538.110,Candidatus Competibacteraceae bacterium,2053538.110,Candidatus Competibacteraceae bacterium,2,2,2,2|5,True,True,True,True,1.0
8e9415fb1edc2f6f3ccda52f97761c01,species,1,1,1086013.8,1086013.8,1086013.8,Gemmobacter megaterium,1086013.8,Gemmobacter megaterium,1,1,1,1,True,True,True,True,1.0
8e96c49f5a8fb302c45cb05f38881914,genus,1,1,2715253.335,2715253.335,2715253.335,Pirellulales bacterium,2715253.335,Pirellulales bacterium,1,1,1,1,True,True,True,True,1.0
8e9ca557ff1e762f88928ae98419591f,species,2,2,1898104.3208|152509.1191,1898104.3208|152509.1191,1898104.3208,Bacteroidota bacterium,1898104.3208,Bacteroidota bacterium,2,2,2,2|1,True,True,True,True,1.0
8ea6a3dd8cc599cfddda1bea51ac664f,family,1,1,1869227.10076,1869227.10076,1869227.10076,bacterium,1869227.10076,bacterium,1,1,1,1,True,True,True,True,1.0
8eb36a39cffb49c83eeb4b15b170d111,genus,1,1,2033014.295,2033014.295,2033014.295,Armatimonadota bacterium,2033014.295,Armatimonadota bacterium,1,1,1,1,True,True,True,True,1.0
8ebd42f1e17859358a81721d0bd80773,species,2,2,82788.6|3142262.4,82788.6|3142262.4,82788.6,Thauera mechernichensis,82788.6,Thauera mechernichensis,1,2,2,1|2,True,True,True,True,1.0
8ed183fed4368c7369666add87e626a8,family,2,2,2030827.68|2973664.51,2030827.68|2973664.51,2030827.68,Candidatus Babelota bacterium,2030827.68,Candidatus Babelota bacterium,3,2,2,3|1,True,True,True,True,1.0
8ed2c1df4098abb5cb337b884f8b402e,species,1,1,2053573.62,2053573.62,2053573.62,Candidatus Margulisiibacteriota bacterium,2053573.62,Candidatus Margulisiibacteriota bacterium,1,1,1,1,True,True,True,True,1.0
8ed813b88e3c2708afdcbdc5b052d4c6,family,2,2,2024896.238|2030809.131,2024896.238|2030809.131,2024896.238,Anaerolineaceae bacterium,2024896.238,Anaerolineaceae bacterium,1,2,2,1|2,True,True,True,True,1.0
8eeeb8bdae3844b0185705d9ec3dc0c1,species,2,2,2026748.23|1977087.4365,2026748.23|1977087.4365,2026748.23,Hyphomonadaceae bacterium,2026748.23,Hyphomonadaceae bacterium,1,2,2,1|3,True,True,True,True,1.0
8efe2ca0e38bbfa667bbc4205e885149,below,0,0,,,,,,,,0,0,,,,,,
8f01b70ecf73cfb17e97dc73fe55a703,species,2,2,2970917.3|1035067.5,2970917.3|1035067.5,2970917.3,Aminobacter sp. HY435,2970917.3,Aminobacter sp. HY435,1,2,2,1|2,True,True,True,True,1.0
8f5558542a482eec78de014d3fa73dfd,species,2,2,2933292.3|3073814.3,2933292.3|3073814.3,2933292.3,Paracoccus maritimus,2933292.3,Paracoccus maritimus,1,2,2,1|2,True,True,True,True,1.0
8f55dc4f80505751b98c01bf158466f5,genus,2,2,3026384.3|1869227.7417,3026384.3|1869227.7417,3026384.3,Tenuifilaceae bacterium CYCD,3026384.3,Tenuifilaceae bacterium CYCD,1,2,2,1|2,True,True,True,True,1.0
8f5cdd537b0b9cd6e9d0c14a6bedf9c0,genus,1,1,2283092.44,2283092.44,2283092.44,Pyrinomonadaceae bacterium,2283092.44,Pyrinomonadaceae bacterium,1,1,1,1,True,True,True,True,1.0
8f67186939caa2b6949612e8f8120a2d,species,2,2,2026780.489|1664347.22,2026780.489|1664347.22,2026780.489,Planctomycetota bacterium,2026780.489,Planctomycetota bacterium,1,2,2,1|2,True,True,True,True,1.0
8f6c73d31f9f997f8fd90135388043a9,species,2,2,3142262.4|1134435.5,3142262.4|1134435.5,3142262.4,Thauera sp. JM12B12,3142262.4,Thauera sp. JM12B12,1,2,2,1|2,True,True,True,True,1.0
8f87356e501789318de711fd2d52f4de,family,1,1,1672391.980,1672391.980,1672391.980,uncultured Chloroflexia bacterium,1672391.980,uncultured Chloroflexia bacterium,1,1,1,1,True,True,True,True,1.0
8fae4c886c36b02da50bd537bb1b8478,species,1,1,2026724.1158,2026724.1158,2026724.1158,Chloroflexota bacterium,2026724.1158,Chloroflexota bacterium,1,1,1,1,True,True,True,True,1.0
8fb32bec52bfd47a5dc5190f6e84309b,family,2,2,2053538.110|2026780.1498,2053538.110|2026780.1498,2053538.110,Candidatus Competibacteraceae bacterium,2053538.110,Candidatus Competibacteraceae bacterium,2,2,2,2|5,True,True,True,True,1.0
8fb9e9f32a92b98630ce08cf98ceae84,genus,1,1,1869212.1179,1869212.1179,1869212.1179,Chitinophagaceae bacterium,1869212.1179,Chitinophagaceae bacterium,1,1,1,1,True,True,True,True,1.0
8fcbe492aee2651a4f2ddb0aa54d2820,genus,1,1,92487.3,92487.3,92487.3,Thiothrix eikelboomii,92487.3,Thiothrix eikelboomii,2,1,1,2,True,True,True,True,1.0
8fd73ec4984df391713ab76589f8ee41,species,1,1,86473.3430,86473.3430,86473.3430,uncultured Gammaproteobacteria bacterium,86473.3430,uncultured Gammaproteobacteria bacterium,1,1,1,1,True,True,True,True,1.0
8fe554731212d1337b78aeecdefda5a0,genus,1,1,1913989.1176,1913989.1176,1913989.1176,Gammaproteobacteria bacterium,1913989.1176,Gammaproteobacteria bacterium,1,1,1,1,True,True,True,True,1.0
8fe5b1c82900e02876f9364ae46faaa4,species,2,2,2053538.110|2026780.1498,2053538.110|2026780.1498,2053538.110,Candidatus Competibacteraceae bacterium,2053538.110,Candidatus Competibacteraceae bacterium,2,2,2,2|5,True,True,True,True,1.0
9005bae5890bdd97d2a0b785a390f398,species,1,1,42353.177,42353.177,42353.177,Nitrosomonas sp.,42353.177,Nitrosomonas sp.,1,1,1,1,True,True,True,True,1.0
9020c5847c2fad3276b7ff697f41ac9a,genus,2,2,2582906.4|188475.4,2582906.4|188475.4,2582906.4,Holophaga sp.,2582906.4,Holophaga sp.,3,2,2,3|2,True,True,True,True,1.0
90625acb8fa125533b5f77d5cc40f31d,genus,2,2,1127.41|2448779.609,1127.41|2448779.609,1127.41,Microcystis sp.,1127.41,Microcystis sp.,1,2,2,1|2,True,True,True,True,1.0
907c7e56c290df27c659bbdf99e73c01,family,1,1,2026724.1127,2026724.1127,2026724.1127,Chloroflexota bacterium,2026724.1127,Chloroflexota bacterium,1,1,1,1,True,True,True,True,1.0
909600924b34da88b7fe2ec99f244e30,species,2,2,42858.102|2898712.6,42858.102|2898712.6,42858.102,Mammaliicoccus lentus,42858.102,Mammaliicoccus lentus,1,2,2,1|2,True,True,True,True,1.0
90a4be4114624a4a9fe746f25fd453df,species,2,2,2053538.110|2026780.1498,2053538.110|2026780.1498,2053538.110,Candidatus Competibacteraceae bacterium,2053538.110,Candidatus Competibacteraceae bacterium,2,2,2,2|5,True,True,True,True,1.0
90a5e55fa876aa0bf69ffe16087cd920,species,2,2,2482790.201|1664347.22,2482790.201|1664347.22,2482790.201,Thermomicrobiales bacterium,2482790.201,Thermomicrobiales bacterium,1,2,2,1|3,True,True,True,True,1.0
90a7b01da42a833e054a8ee9a60395af,species,1,1,573.81134,573.81134,573.81134,Klebsiella pneumoniae,573.81134,Klebsiella pneumoniae,2,1,1,2,True,True,True,True,1.0
90b8ccdb6fe74a2d61282ec01bf4a9c2,species,1,1,2715253.319,2715253.319,2715253.319,Pirellulales bacterium,2715253.319,Pirellulales bacterium,1,1,1,1,True,True,True,True,1.0
90d166ac2bfb8fd9019bba0379d1393c,species,1,1,1898104.2226,1898104.2226,1898104.2226,Bacteroidota bacterium,1898104.2226,Bacteroidota bacterium,2,1,1,2,True,True,True,True,1.0
90d22952e2c6e36f57c9961bc491aa4a,species,1,1,2971914.4,2971914.4,2971914.4,,2971914.4,,1,1,1,1,True,True,True,False,1.0
90d379b66dc6cfe851a4c73014057893,genus,1,1,2052139.29,2052139.29,2052139.29,Patescibacteria group bacterium,2052139.29,Patescibacteria group bacterium,1,1,1,1,True,True,True,True,1.0
90d40b8ada26c21fe8d99bed68454da5,genus,5,5,1768800.4|2038386.3|2986926.3|1881058.3|1036778.3,1768800.4|2038386.3|2986926.3|1881058.3|1036778.3,1768800.4,Rhizobiales bacterium CCH8-D1,1768800.4,Rhizobiales bacterium CCH8-D1,2,5,5,2|3|5|6|12,True,True,True,True,1.0
90d4d92d632d481e62cfdabf115e4cec,genus,1,1,2760807.7,2760807.7,2760807.7,Lewinellaceae bacterium,2760807.7,Lewinellaceae bacterium,1,1,1,1,True,True,True,True,1.0
90da57e19e777e5e51e810450616e76b,genus,1,1,1869227.108,1869227.108,1869227.108,bacterium,1869227.108,bacterium,1,1,1,1,True,True,True,True,1.0
90f5235c63a2bf33e5c14319c4a995c5,family,1,1,1913988.3000,1913988.3000,1913988.3000,Alphaproteobacteria bacterium,1913988.3000,Alphaproteobacteria bacterium,1,1,1,1,True,True,True,True,1.0
90fa533ffb87dd307b73eb4a3f88b832,genus,4,4,3141376.3|2600299.3|2587854.3|281252.8,3141376.3|2600299.3|2587854.3|281252.8,3141376.3,Roseibium sp. SCP15,3141376.3,Roseibium sp. SCP15,1,4,4,1|14|3|13,True,True,True,True,1.0
911afeecb4bb9075330f7a644505f72c,genus,1,1,2053517.307,2053517.307,2053517.307,Bdellovibrionales bacterium,2053517.307,Bdellovibrionales bacterium,1,1,1,1,True,True,True,True,1.0
91348d63117b9aaa68fa33d1cf0ac077,below,0,0,,,,,,,,0,0,,,,,,
9148b4efb7d47e0fe5e744311209debf,species,1,1,2818473.28,2818473.28,2818473.28,Giesbergeria sp.,2818473.28,Giesbergeria sp.,1,1,1,1,True,True,True,True,1.0
91516efdf86ead83a2beeb9b7183da89,species,1,1,1898103.80,1898103.80,1898103.80,Rhodocyclaceae bacterium,1898103.80,Rhodocyclaceae bacterium,1,1,1,1,True,True,True,True,1.0
915273802d901b717fb2035cde6a1b9d,species,1,1,2052143.979,2052143.979,2052143.979,Anaerolineae bacterium,2052143.979,Anaerolineae bacterium,1,1,1,1,True,True,True,True,1.0
915c2305b4f82dc72745bc8f0ae0dc51,species,1,1,2099678.82,2099678.82,2099678.82,Desulfuromonadales bacterium,2099678.82,Desulfuromonadales bacterium,1,1,1,1,True,True,True,True,1.0
916ef61e7162aac51fc2064646390f7b,genus,1,1,1869227.4983,1869227.4983,1869227.4983,bacterium,1869227.4983,bacterium,1,1,1,1,True,True,True,True,1.0
917fc7d01740c102393e6a1bac0d5bdf,species,2,2,3276282.3|2818471.4,3276282.3|2818471.4,3276282.3,Neotabrizicola sp. sgz301269,3276282.3,Neotabrizicola sp. sgz301269,2,2,2,2|4,True,True,True,True,1.0
9180b8e95198bc9b6029a6a95ba84e2d,species,1,1,1906665.323,1906665.323,1906665.323,archaeon,1906665.323,archaeon,1,1,1,1,True,True,True,True,1.0
9180e3e8823a887844e8746d897ddca7,species,2,2,1592790.3|2038656.4,1592790.3|2038656.4,1592790.3,Sphingobium phenoxybenzoativorans,1592790.3,Sphingobium phenoxybenzoativorans,1,2,2,1|2,True,True,True,True,1.0
9182479045edc7caf02c932b1423825b,family,1,1,2283630.4,2283630.4,2283630.4,Fusibacter sp. A1,2283630.4,Fusibacter sp. A1,2,1,1,2,True,True,True,True,1.0
9184e3493cd56b91d85b8cd3710354fb,species,1,1,91750.4419,91750.4419,91750.4419,uncultured Alphaproteobacteria bacterium,91750.4419,uncultured Alphaproteobacteria bacterium,1,1,1,1,True,True,True,True,1.0
91a3df65b650a282c38c85e8a9466e43,species,1,1,3092586.3,3092586.3,3092586.3,,3092586.3,,1,1,1,1,True,True,True,False,1.0
91f7d316dd700e631f675e49d3fd1678,species,2,2,2950551.3|3058400.5,2950551.3|3058400.5,2950551.3,Chryseobacterium sp. EO14,2950551.3,Chryseobacterium sp. EO14,1,2,2,1|11,True,True,True,True,1.0
9212f7f2b6466bcfa9d26b11a9523d67,genus,1,1,413497.9,413497.9,413497.9,Cronobacter dublinensis,413497.9,Cronobacter dublinensis,1,1,1,1,True,True,True,True,1.0
922daae168c740d829141c432a8cdcd1,species,1,1,377616.3,377616.3,377616.3,Pseudoxanthomonas yeongjuensis,377616.3,Pseudoxanthomonas yeongjuensis,1,1,1,1,True,True,True,True,1.0
92392a51132c9a52e6656c5819c880c1,species,1,1,86473.2094,86473.2094,86473.2094,uncultured Gammaproteobacteria bacterium,86473.2094,uncultured Gammaproteobacteria bacterium,1,1,1,1,True,True,True,True,1.0
925fcd02d545d7ecc1f9c24500f60bbc,genus,1,1,100233.312,100233.312,100233.312,uncultured Planctomycetaceae bacterium,100233.312,uncultured Planctomycetaceae bacterium,1,1,1,1,True,True,True,True,1.0
92681e8cecd334f5595508fafbd9db15,species,1,1,1948831.3,1948831.3,1948831.3,Patescibacteria group bacterium UBA5532,1948831.3,Patescibacteria group bacterium UBA5532,1,1,1,1,True,True,True,True,1.0
9288b039f7a95088b4a1d534657dbb7e,genus,1,1,2682144.110,2682144.110,2682144.110,Fimbriimonadaceae bacterium,2682144.110,Fimbriimonadaceae bacterium,1,1,1,1,True,True,True,True,1.0
928ec1ee934974873b54a9c00e88016a,genus,2,2,2026724.1157|2053589.824,2026724.1157|2053589.824,2026724.1157,Chloroflexota bacterium,2026724.1157,Chloroflexota bacterium,1,2,2,1|4,True,True,True,True,1.0
92affb6e1989bf713301a7ebac17ae82,species,1,1,1977087.4408,1977087.4408,1977087.4408,Pseudomonadota bacterium,1977087.4408,Pseudomonadota bacterium,1,1,1,1,True,True,True,True,1.0
92c47fcdbed61923a784b2fa9e1806f0,species,2,2,313985.19|115783.4,313985.19|115783.4,313985.19,Trichlorobacter lovleyi,313985.19,Trichlorobacter lovleyi,1,2,2,1|3,True,True,True,True,1.0
92d0be1164d80a7795e4ffd6edc5ad4c,genus,5,5,1891238.638|1929293.20|50259.157|1962181.3|2315236.5,1891238.638|1929293.20|50259.157|1962181.3|2315236.5,1891238.638,Burkholderiales bacterium,1891238.638,Burkholderiales bacterium,6,5,5,6|7|9|10|11,True,True,True,True,1.0
92d657624d6f2eb9fc4812726a6006a8,genus,5,5,96773.10|3142262.4|44139.8|1134435.5|82788.3,96773.10|3142262.4|44139.8|1134435.5|82788.3,96773.10,Thauera chlorobenzoica,96773.10,Thauera chlorobenzoica,1,5,5,1|2|3|5|9,True,True,True,True,1.0
92f8142b2b7c7ec25eff6e3312f554e9,species,2,2,2053538.110|2026780.1498,2053538.110|2026780.1498,2053538.110,Candidatus Competibacteraceae bacterium,2053538.110,Candidatus Competibacteraceae bacterium,2,2,2,2|5,True,True,True,True,1.0
92fb114641e27921122496428e2ef0dd,species,1,1,1747.1378,1747.1378,1747.1378,Cutibacterium acnes,1747.1378,Cutibacterium acnes,2,1,1,2,True,True,True,True,1.0
9302df5d0d6a8b067d2c7df62780ac8b,species,1,1,2968500.3,2968500.3,2968500.3,Sphingopyxis sp. DBS4,2968500.3,Sphingopyxis sp. DBS4,1,1,1,1,True,True,True,True,1.0
9304e2489b65588fbb5243e12c9aab48,species,1,1,2099678.82,2099678.82,2099678.82,Desulfuromonadales bacterium,2099678.82,Desulfuromonadales bacterium,1,1,1,1,True,True,True,True,1.0
93271b8dedfb8a7f5f458e7406c4ef8b,below,0,0,,,,,,,,0,0,,,,,,
932c967745864abcaacf4cdc7c68d390,genus,1,1,1797343.3,1797343.3,1797343.3,Bacteroidetes bacterium GWF2_35_48,1797343.3,Bacteroidetes bacterium GWF2_35_48,1,1,1,1,True,True,True,True,1.0
9335b7a207b486ae9975e735cd30a814,genus,1,1,91750.4498,91750.4498,91750.4498,uncultured Alphaproteobacteria bacterium,91750.4498,uncultured Alphaproteobacteria bacterium,1,1,1,1,True,True,True,True,1.0
936ab8bc462f4bb9a3588703560cfb1e,species,1,1,1062.20,1062.20,1062.20,Rhodobacter sp.,1062.20,Rhodobacter sp.,1,1,1,1,True,True,True,True,1.0
938d9f927f4752a24f56271f5feb0a13,species,1,1,28907.6,28907.6,28907.6,Caedibacter taeniospiralis,28907.6,Caedibacter taeniospiralis,1,1,1,1,True,True,True,True,1.0
9396f9af7b53af1679e64c49dd88e200,species,2,2,2838779.293|2026735.725,2838779.293|2026735.725,2838779.293,Candidatus Binatia bacterium,2838779.293,Candidatus Binatia bacterium,1,2,2,1|2,True,True,True,True,1.0
93c4925ad2d63543d1308be7cc963a0e,species,2,2,2053538.110|2026780.1498,2053538.110|2026780.1498,2053538.110,Candidatus Competibacteraceae bacterium,2053538.110,Candidatus Competibacteraceae bacterium,2,2,2,2|5,True,True,True,True,1.0
941c985cd594eddbaa7ba0e614bdf30f,species,1,1,2593684.35,2593684.35,2593684.35,Ancrocorticia sp.,2593684.35,Ancrocorticia sp.,1,1,1,1,True,True,True,True,1.0
941cd1cb762637d4c84aacf04bc6642f,genus,4,4,1898104.3912|1952948.3|1869227.406|2010828.3,1898104.3912|1952948.3|1869227.406|2010828.3,1898104.3912,Bacteroidota bacterium,1898104.3912,Bacteroidota bacterium,1,4,4,1|2|3|5,True,True,True,True,1.0
94285fbe9c0b5fbbdfeb330126791b1c,genus,0,0,,,,,,,,0,0,,,,,,
942e2738437f90a8f1f4bc9f03c966f3,genus,3,3,2053538.110|2026780.1498|86473.1588,2053538.110|2026780.1498|86473.1588,2053538.110,Candidatus Competibacteraceae bacterium,2053538.110,Candidatus Competibacteraceae bacterium,2,3,3,2|5|1,True,True,True,True,1.0
943510d75dff81e8e8a61b414393ad22,genus,3,3,2682968.3|82.239|51670.3,2682968.3|82.239|51670.3,2682968.3,Hyphomicrobium sp. ghe19,2682968.3,Hyphomicrobium sp. ghe19,1,3,3,1|2|4,True,True,True,True,1.0
94439566a07626aaf7e1a86131e7614d,family,1,1,2052143.979,2052143.979,2052143.979,Anaerolineae bacterium,2052143.979,Anaerolineae bacterium,1,1,1,1,True,True,True,True,1.0
9459cc87372e0014ceb236babf6e1693,species,2,2,36809.1964|1774.130,36809.1964|1774.130,36809.1964,Mycobacteroides abscessus,36809.1964,Mycobacteroides abscessus,1,2,2,1|2,True,True,True,True,1.0
946884a482f38c0e128c6ea586640ba0,species,2,2,2053538.110|2026780.1498,2053538.110|2026780.1498,2053538.110,Candidatus Competibacteraceae bacterium,2053538.110,Candidatus Competibacteraceae bacterium,2,2,2,2|5,True,True,True,True,1.0
946fea7c7ce7bb393fc4c27ce36c374c,family,1,1,2026735.822,2026735.822,2026735.822,Deltaproteobacteria bacterium,2026735.822,Deltaproteobacteria bacterium,1,1,1,1,True,True,True,True,1.0
947d399a13d5984bf79148c61c0c2afd,family,1,1,100233.290,100233.290,100233.290,uncultured Planctomycetaceae bacterium,100233.290,uncultured Planctomycetaceae bacterium,1,1,1,1,True,True,True,True,1.0
948a670439e4ca4f7013bcab98283154,species,2,2,2053538.110|2026780.1498,2053538.110|2026780.1498,2053538.110,Candidatus Competibacteraceae bacterium,2053538.110,Candidatus Competibacteraceae bacterium,2,2,2,2|5,True,True,True,True,1.0
949a953df5b40987c877aab2e57a96f0,genus,3,3,2608087.13|3088717.3|2081706.7,2608087.13|3088717.3|2081706.7,2608087.13,Bacteriovorax sp.,2608087.13,Bacteriovorax sp.,1,3,3,1|2|3,True,True,True,True,1.0
949d1c0c7be0fdd9aa940248e7e874d0,genus,1,1,412056.352,412056.352,412056.352,uncultured Verrucomicrobiae bacterium,412056.352,uncultured Verrucomicrobiae bacterium,1,1,1,1,True,True,True,True,1.0
94a6f092832493d6722910c80d524a31,species,1,1,1898104.642,1898104.642,1898104.642,Bacteroidota bacterium,1898104.642,Bacteroidota bacterium,1,1,1,1,True,True,True,True,1.0
94be2f128cbac4fe677619874112c1e7,species,2,2,2053538.110|2026780.1498,2053538.110|2026780.1498,2053538.110,Candidatus Competibacteraceae bacterium,2053538.110,Candidatus Competibacteraceae bacterium,2,2,2,2|5,True,True,True,True,1.0
94cb8b6fb586e9fe9607e3e52891c49a,species,2,2,1494461.20|1348633.3,1494461.20|1348633.3,1494461.20,Pseudolactococcus laudensis,1494461.20,Pseudolactococcus laudensis,1,2,2,1|2,True,True,True,True,1.0
94dbc717737aa9b3d47a07ca10fe0153,species,2,2,3347100.3|162169.4,3347100.3|162169.4,3347100.3,Oerskovia sp. NPDC060338,3347100.3,Oerskovia sp. NPDC060338,2,2,2,2|3,True,True,True,True,1.0
94dc45a4a2c3ad19e173da24cd514f44,species,1,1,2910169.42,2910169.42,2910169.42,Micropepsaceae bacterium,2910169.42,Micropepsaceae bacterium,2,1,1,2,True,True,True,True,1.0
94eb180b2c71d482eb06a7c786382a48,species,1,1,2212468.36,2212468.36,2212468.36,Bryobacteraceae bacterium,2212468.36,Bryobacteraceae bacterium,1,1,1,1,True,True,True,True,1.0
94ef08db649a5339b6de95109a8bad0f,species,2,2,2587845.4|316.762,2587845.4|316.762,2587845.4,,2587845.4,,1,2,2,1|2,True,True,True,False,1.0
94fb500843f4a7de863117b9894dd331,species,2,2,1179225.8|262208.9,1179225.8|262208.9,1179225.8,Kocuria atrinae,1179225.8,Kocuria atrinae,1,2,2,1|4,True,True,True,True,1.0
95181fe328b900845347e7330a06348c,species,2,2,1617415.5|3022862.16,1617415.5|3022862.16,1617415.5,Chloroflexi bacterium OLB14,1617415.5,Chloroflexi bacterium OLB14,1,2,2,1|2,True,True,True,True,1.0
951ac10e57f897611b7bd4d0ca5b0dab,species,1,1,935263.4,935263.4,935263.4,Mesorhizobium sp. J18,935263.4,Mesorhizobium sp. J18,2,1,1,2,True,True,True,True,1.0
9548700d079e894070195fee5dff977b,species,2,2,2603292.3|3138237.3,2603292.3|3138237.3,2603292.3,Salinibacterium sp. dk2585,2603292.3,Salinibacterium sp. dk2585,1,2,2,1|2,True,True,True,True,1.0
9556ed629add12bf69d350023ce028dd,species,2,2,1610527.3|2806348.3,1610527.3|2806348.3,1610527.3,Devosia honganensis,1610527.3,Devosia honganensis,1,2,2,1|3,True,True,True,True,1.0
957ae962515fc301d805491be75f036e,species,2,2,33883.21|3364181.3,33883.21|3364181.3,33883.21,Microbacterium arborescens,33883.21,Microbacterium arborescens,1,2,2,1|2,True,True,True,True,1.0
957cfbe0a2aab77e67a13cbc4c66eeb5,species,1,1,1632864.5,1632864.5,1632864.5,Planctomyces sp. SH-PL14,1632864.5,Planctomyces sp. SH-PL14,1,1,1,1,True,True,True,True,1.0
95c6632397e4914292435e9f150f5c27,genus,3,3,83451.8|83462.19|83450.3,83451.8|83462.19|83450.3,83451.8,Archangium violaceum,83451.8,Archangium violaceum,1,3,3,1|7|20,True,True,True,True,1.0
95decbf6af1633e294410070acf2c213,family,2,2,2528274.24|2026724.1150,2528274.24|2026724.1150,2528274.24,Candidatus Tectimicrobiota bacterium,2528274.24,Candidatus Tectimicrobiota bacterium,2,2,2,2|1,True,True,True,True,1.0
95e21d61b09a2f177bbd8ef029e75ad6,below,0,0,,,,,,,,0,0,,,,,,
95e488206b0462863c2930d5349c5376,below,0,0,,,,,,,,0,0,,,,,,
95f9a4cc26eac1146787030ac626e7b8,species,1,1,34034.668,34034.668,34034.668,uncultured delta proteobacterium,34034.668,uncultured delta proteobacterium,1,1,1,1,True,True,True,True,1.0
95fa96923b6e1ce51a88fad8a3c40ee8,below,0,0,,,,,,,,0,0,,,,,,
963d81eb153a37a6d1327d95e115df20,species,2,2,658457.7|301.58,658457.7|301.58,658457.7,Ectopseudomonas composti,658457.7,Ectopseudomonas composti,1,2,2,1|3,True,True,True,True,1.0
964d5b7e642d0224ea111ad8a99fc767,species,1,1,48465.7,48465.7,48465.7,Prosthecobacter dejongeii,48465.7,Prosthecobacter dejongeii,1,1,1,1,True,True,True,True,1.0
9678b7c6b3d474c31f9babbd285a753f,species,2,2,2053538.110|2026780.1498,2053538.110|2026780.1498,2053538.110,Candidatus Competibacteraceae bacterium,2053538.110,Candidatus Competibacteraceae bacterium,2,2,2,2|5,True,True,True,True,1.0
96a86ad628b236567276b10e489fe012,species,2,2,3078083.4|1298606.3,3078083.4|1298606.3,3078083.4,Methanosarcina hadiensis,3078083.4,Methanosarcina hadiensis,1,2,2,1|3,True,True,True,True,1.0
96d241d0d56ea6ea7012f472353a76e3,species,2,2,2502221.3|1507287.3,2502221.3|1507287.3,2502221.3,Sphingomonadaceae bacterium 3R27E2-A,2502221.3,Sphingomonadaceae bacterium 3R27E2-A,1,2,2,1|2,True,True,True,True,1.0
96d47536b4fcddbd87e6ca552a4f9ae2,species,1,1,2053538.24,2053538.24,2053538.24,Candidatus Competibacteraceae bacterium,2053538.24,Candidatus Competibacteraceae bacterium,1,1,1,1,True,True,True,True,1.0
96d4abd11d71393b9239a8925b64312f,family,1,1,179883.3193,179883.3193,179883.3193,uncultured Candidatus Saccharibacteria bacterium,179883.3193,uncultured Candidatus Saccharibacteria bacterium,1,1,1,1,True,True,True,True,1.0
96e917ee2577bd5eacf1e16e21bd3b5b,species,2,2,2829816.3|33987.12,2829816.3|33987.12,2829816.3,Exiguobacterium sp. PFWT01,2829816.3,Exiguobacterium sp. PFWT01,1,2,2,1|3,True,True,True,True,1.0
972c71fe7162634d1a1c54abae6c64b2,species,1,1,1913961.31,1913961.31,1913961.31,Rhizobiaceae bacterium,1913961.31,Rhizobiaceae bacterium,1,1,1,1,True,True,True,True,1.0
972e9eea41378d4611d7a5cc090d4013,species,1,1,2026780.2629,2026780.2629,2026780.2629,Planctomycetota bacterium,2026780.2629,Planctomycetota bacterium,1,1,1,1,True,True,True,True,1.0
9745fa6025c000b375bf4238ae405d53,family,2,2,870480.3|2059725.3,870480.3|2059725.3,870480.3,Zobellella aerophila,870480.3,Zobellella aerophila,2,2,2,2|3,True,True,True,True,1.0
97553c132d5da70c3ce813743b4f072e,family,1,1,1879010.10762,1879010.10762,1879010.10762,Bacillota bacterium,1879010.10762,Bacillota bacterium,1,1,1,1,True,True,True,True,1.0
9762cb79dea0ad8ac9b2c00da97ee1de,species,2,2,2900548.68|1978231.1291,2900548.68|1978231.1291,2900548.68,Actinomycetota bacterium,2900548.68,Actinomycetota bacterium,1,2,2,1|2,True,True,True,True,1.0
97802598614791bff75f1abd494b8d8d,family,1,1,2035772.1183,2035772.1183,2035772.1183,Candidatus Omnitrophota bacterium,2035772.1183,Candidatus Omnitrophota bacterium,1,1,1,1,True,True,True,True,1.0
9788bc8b7d5f0320385f18a441d192a7,genus,2,2,2268758.7|306.273,2268758.7|306.273,2268758.7,Halopseudomonas laoshanensis,2268758.7,Halopseudomonas laoshanensis,1,2,2,1|2,True,True,True,True,1.0
978e2bfe6cfb284ac5259a8a58a8bc1c,genus,1,1,2818590.3,2818590.3,2818590.3,Microcoleus sp. AT13-A5,2818590.3,Microcoleus sp. AT13-A5,3,1,1,3,True,True,True,True,1.0
9794354a616806c17892bec88519f87f,species,0,0,,,,,,,,0,0,,,,,,
97d932518546b053080ea66b02460dce,species,2,2,3142262.4|1134435.5,3142262.4|1134435.5,3142262.4,Thauera sp. JM12B12,3142262.4,Thauera sp. JM12B12,1,2,2,1|2,True,True,True,True,1.0
98085518edb3e5924f1c4045d1a10f2c,species,1,1,2502221.3,2502221.3,2502221.3,Sphingomonadaceae bacterium 3R27E2-A,2502221.3,Sphingomonadaceae bacterium 3R27E2-A,1,1,1,1,True,True,True,True,1.0
985292d81217b850ffc7dc06a3b0ad43,family,1,1,91750.678,91750.678,91750.678,uncultured Alphaproteobacteria bacterium,91750.678,uncultured Alphaproteobacteria bacterium,1,1,1,1,True,True,True,True,1.0
98584659219e4e58dc0470166941b1f4,genus,1,1,1909293.389,1909293.389,1909293.389,Acetobacteraceae bacterium,1909293.389,Acetobacteraceae bacterium,1,1,1,1,True,True,True,True,1.0
98620e791cf5aae4f87c473b734f0ea3,family,1,1,2803731.99,2803731.99,2803731.99,Candidatus Babeliales bacterium,2803731.99,Candidatus Babeliales bacterium,1,1,1,1,True,True,True,True,1.0
986ac4cc849c71fc3c909527364c25eb,genus,1,1,1898104.462,1898104.462,1898104.462,Bacteroidota bacterium,1898104.462,Bacteroidota bacterium,1,1,1,1,True,True,True,True,1.0
98a2a4ca50513fd85773bd552335c4dd,genus,1,1,181674.373,181674.373,181674.373,uncultured Methylococcaceae bacterium,181674.373,uncultured Methylococcaceae bacterium,1,1,1,1,True,True,True,True,1.0
98b74b1236f25b1470653a381af91d59,species,1,1,2800415.29,2800415.29,2800415.29,Candidatus Competibacter sp.,2800415.29,Candidatus Competibacter sp.,1,1,1,1,True,True,True,True,1.0
98b7519a83303c405bc6db211e758679,species,1,1,1872627.46,1872627.46,1872627.46,Archangium sp.,1872627.46,Archangium sp.,1,1,1,1,True,True,True,True,1.0
98c1665f84c5080fd9baeeb5d9476b17,species,2,2,1978230.17|211442.67,1978230.17|211442.67,1978230.17,Caulobacteraceae bacterium,1978230.17,Caulobacteraceae bacterium,1,2,2,1|2,True,True,True,True,1.0
98e4e11512659a418856c7328b907f43,genus,4,4,3141376.3|2600299.3|2587854.3|281252.8,3141376.3|2600299.3|2587854.3|281252.8,3141376.3,Roseibium sp. SCP15,3141376.3,Roseibium sp. SCP15,1,4,4,1|14|3|13,True,True,True,True,1.0
98e87caeca5487b2d9935936d146e8f7,species,1,1,2202144.530,2202144.530,2202144.530,Spirochaetota bacterium,2202144.530,Spirochaetota bacterium,1,1,1,1,True,True,True,True,1.0
98e8b6cf631c13998ca20195467337a4,genus,1,1,1898103.20,1898103.20,1898103.20,Rhodocyclaceae bacterium,1898103.20,Rhodocyclaceae bacterium,1,1,1,1,True,True,True,True,1.0
98f981ba63c8955865a61d7902d4764a,genus,1,1,191863.59,191863.59,191863.59,Chthoniobacter flavus,191863.59,Chthoniobacter flavus,1,1,1,1,True,True,True,True,1.0
9918c6983a2d8a49a554941297f09e33,species,2,2,490185.4|1898957.28,490185.4|1898957.28,490185.4,Gemmobacter aquaticus,490185.4,Gemmobacter aquaticus,1,2,2,1|2,True,True,True,True,1.0
9922ec4956fdee4f0d093b1cff37fe92,species,1,1,1977087.4408,1977087.4408,1977087.4408,Pseudomonadota bacterium,1977087.4408,Pseudomonadota bacterium,1,1,1,1,True,True,True,True,1.0
994bda015851e45d1185756d3f8dda95,family,1,1,2044944.17,2044944.17,2044944.17,Sphingobacteriales bacterium,2044944.17,Sphingobacteriales bacterium,1,1,1,1,True,True,True,True,1.0
997290137310d138a5a6e479c15c8051,genus,1,1,866510.121,866510.121,866510.121,uncultured Chitinophagaceae bacterium,866510.121,uncultured Chitinophagaceae bacterium,1,1,1,1,True,True,True,True,1.0
998585672e4f61798cba8b86e9841e4f,species,1,1,585402.49,585402.49,585402.49,uncultured Flammeovirgaceae bacterium,585402.49,uncultured Flammeovirgaceae bacterium,1,1,1,1,True,True,True,True,1.0
999548a0d11a5cf66fb91361df8cd8cc,genus,1,1,2053589.824,2053589.824,2053589.824,Minisyncoccota bacterium,2053589.824,Minisyncoccota bacterium,1,1,1,1,True,True,True,True,1.0
99b6b856e4676df229a6e3c11b183293,genus,1,1,91750.4517,91750.4517,91750.4517,uncultured Alphaproteobacteria bacterium,91750.4517,uncultured Alphaproteobacteria bacterium,1,1,1,1,True,True,True,True,1.0
99c3a0d08329b8c185cc2c8701712d9a,genus,1,1,2599941.102,2599941.102,2599941.102,Oligoflexia bacterium,2599941.102,Oligoflexia bacterium,1,1,1,1,True,True,True,True,1.0
99ca84981788881b356492d19579438d,species,1,1,2666341.8,2666341.8,2666341.8,Methanofastidiosum sp.,2666341.8,Methanofastidiosum sp.,2,1,1,2,True,True,True,True,1.0
99cda9596e85769348f0ce777beefdf2,species,2,2,1768800.4|2038386.3,1768800.4|2038386.3,1768800.4,Rhizobiales bacterium CCH8-D1,1768800.4,Rhizobiales bacterium CCH8-D1,2,2,2,2|3,True,True,True,True,1.0
99cfd01dbc3b3e4addc8c789f4f7a6da,species,1,1,2024896.169,2024896.169,2024896.169,Anaerolineaceae bacterium,2024896.169,Anaerolineaceae bacterium,1,1,1,1,True,True,True,True,1.0
99d2491ca9702e5053cb6e62d0349555,species,1,1,2026720.101,2026720.101,2026720.101,Candidatus Saccharimonadota bacterium,2026720.101,Candidatus Saccharimonadota bacterium,1,1,1,1,True,True,True,True,1.0
99f9b204f31c6690c17496f44394b974,species,2,2,1255613.3|340320.8,1255613.3|340320.8,1255613.3,Leucobacter sp. 7(1),1255613.3,Leucobacter sp. 7(1),1,2,2,1|2,True,True,True,True,1.0
9a028b883e75afb0689cc42e562a38c5,species,1,1,3042318.3,3042318.3,3042318.3,Phnomibacter sp. MR,3042318.3,Phnomibacter sp. MR,1,1,1,1,True,True,True,True,1.0
9a0d05c4608a2909bc33cc75cfd0618e,species,2,2,1855728.3|207745.9,1855728.3|207745.9,1855728.3,Variovorax sp. KK3,1855728.3,Variovorax sp. KK3,1,2,2,1|2,True,True,True,True,1.0
9a15c933220db5448c25ae3d5844041a,species,1,1,418702.14,418702.14,418702.14,Azonexus hydrophilus,418702.14,Azonexus hydrophilus,1,1,1,1,True,True,True,True,1.0
9a38fac836b824fbd5c99165b543ca0a,genus,1,1,2026799.1873,2026799.1873,2026799.1873,Verrucomicrobiota bacterium,2026799.1873,Verrucomicrobiota bacterium,1,1,1,1,True,True,True,True,1.0
9a58ee94c1d634fe7522323f2d847028,species,2,2,2518612.352|2900548.1188,2518612.352|2900548.1188,2518612.352,Candidatus Nanopelagicales bacterium,2518612.352,Candidatus Nanopelagicales bacterium,1,2,2,1|2,True,True,True,True,1.0
9a6b4c5f794b4e2953d4726767e18ddc,species,1,1,2448779.36,2448779.36,2448779.36,Chitinophagales bacterium,2448779.36,Chitinophagales bacterium,1,1,1,1,True,True,True,True,1.0
9a6f77574162e1aa671fe214cbde4b59,family,1,1,49181.51,49181.51,49181.51,Zoogloea sp.,49181.51,Zoogloea sp.,1,1,1,1,True,True,True,True,1.0
9a82c41c63c53b61591386fcc0546939,species,1,1,1985673.3,1985673.3,1985673.3,Paragemmobacter ruber,1985673.3,Paragemmobacter ruber,1,1,1,1,True,True,True,True,1.0
9ab63d104f7201202921df46413aec5d,family,1,1,2518609.101,2518609.101,2518609.101,Candidatus Nanopelagicaceae bacterium,2518609.101,Candidatus Nanopelagicaceae bacterium,1,1,1,1,True,True,True,True,1.0
9ac13cb1e6838d9c286210bfbe4e7c78,species,2,2,2053538.110|2026780.1498,2053538.110|2026780.1498,2053538.110,Candidatus Competibacteraceae bacterium,2053538.110,Candidatus Competibacteraceae bacterium,2,2,2,2|5,True,True,True,True,1.0
9ae0c904120e3cbf6b4a5082647ebd38,species,1,1,2015799.219,2015799.219,2015799.219,Hyphomicrobiaceae bacterium,2015799.219,Hyphomicrobiaceae bacterium,1,1,1,1,True,True,True,True,1.0
9ae940e0b29af516f3076ba41980bfce,genus,1,1,2283630.4,2283630.4,2283630.4,Fusibacter sp. A1,2283630.4,Fusibacter sp. A1,1,1,1,1,True,True,True,True,1.0
9b018da6787b06b7d349fdff6ada66bf,genus,2,2,3030827.3|2711216.4,3030827.3|2711216.4,3030827.3,Paludisphaera mucosa,3030827.3,Paludisphaera mucosa,1,2,2,1|2,True,True,True,True,1.0
9b13e5021d68ef93844f65f09f57923c,genus,0,0,,,,,,,,0,0,,,,,,
9b1797d9fd63cc826d98ff14a61b0925,species,2,2,128785.26|1871049.46,128785.26|1871049.46,128785.26,Pseudoxanthomonas mexicana,128785.26,Pseudoxanthomonas mexicana,1,2,2,1|3,True,True,True,True,1.0
9b18b7ffd25021beb07672d898a96057,genus,1,1,2026724.1494,2026724.1494,2026724.1494,Chloroflexota bacterium,2026724.1494,Chloroflexota bacterium,1,1,1,1,True,True,True,True,1.0
9b308485d1ca9d7c763a0361ecd633e7,species,1,1,1617422.4,1617422.4,1617422.4,Bacteroidetes bacterium OLB11,1617422.4,Bacteroidetes bacterium OLB11,1,1,1,1,True,True,True,True,1.0
9b3e84ca780f9d61069585a3b84f7de3,genus,1,1,100371.47,100371.47,100371.47,uncultured Planctomycetales bacterium,100371.47,uncultured Planctomycetales bacterium,1,1,1,1,True,True,True,True,1.0
9b4552aa5e4019b1b3af86a707b575f1,genus,1,1,2304002.91,2304002.91,2304002.91,Methylococcales bacterium,2304002.91,Methylococcales bacterium,1,1,1,1,True,True,True,True,1.0
9b48b70ea2b0fd754aeb65f48f98bfc5,below,0,0,,,,,,,,0,0,,,,,,
9b4d551e7d1dbc1ef6011d7df9c5f042,species,1,1,2268026.3,2268026.3,2268026.3,Runella sp. SP2,2268026.3,Runella sp. SP2,1,1,1,1,True,True,True,True,1.0
9b82cbf89a510b7546c96385b9bb2bdc,genus,1,1,2026791.265,2026791.265,2026791.265,Bryobacterales bacterium,2026791.265,Bryobacterales bacterium,1,1,1,1,True,True,True,True,1.0
9b86310298b7a7ea4ebcc669c85fddf6,species,2,2,409998.14|447106.4,409998.14|447106.4,409998.14,Leptospira wolffii,409998.14,Leptospira wolffii,1,2,2,1|3,True,True,True,True,1.0
9b8c7a7ba94ddec961a6dcbb49c4b6bf,species,2,2,70125.466|1871048.28,70125.466|1871048.28,70125.466,Nitrospira sp.,70125.466,Nitrospira sp.,1,2,2,1|3,True,True,True,True,1.0
9ba4e0949367cd89f4b80d60df1090e8,genus,1,1,411917.26,411917.26,411917.26,uncultured Planctomycetia bacterium,411917.26,uncultured Planctomycetia bacterium,1,1,1,1,True,True,True,True,1.0
9bb8bbdf1857cc47a59be5b9f65c3d1b,species,2,2,2838779.105|2928017.23,2838779.105|2928017.23,2838779.105,Candidatus Binatia bacterium,2838779.105,Candidatus Binatia bacterium,2,2,2,2|5,True,True,True,True,1.0
9bc997e8ebea77d717faea18a7bf4708,species,1,1,2518612.207,2518612.207,2518612.207,Candidatus Nanopelagicales bacterium,2518612.207,Candidatus Nanopelagicales bacterium,1,1,1,1,True,True,True,True,1.0
9bdde80189a6f13398cdcfd5a7a164f3,species,1,1,2006849.388,2006849.388,2006849.388,Lysobacterales bacterium,2006849.388,Lysobacterales bacterium,1,1,1,1,True,True,True,True,1.0
9be4eb1513844bc2494719a921e72c82,genus,0,0,,,,,,,,0,0,,,,,,
9be7d0e5287067c7ffe51e25f416fcf2,species,1,1,2053589.824,2053589.824,2053589.824,Minisyncoccota bacterium,2053589.824,Minisyncoccota bacterium,1,1,1,1,True,True,True,True,1.0
9bf7a1cbe25b437e1b0d8c18fbfb3131,genus,2,2,1869227.7415|153809.1191,1869227.7415|153809.1191,1869227.7415,bacterium,1869227.7415,bacterium,1,2,2,1|2,True,True,True,True,1.0
9c1bc88364f10f3788b9c578774d7b19,species,1,1,2268026.3,2268026.3,2268026.3,Runella sp. SP2,2268026.3,Runella sp. SP2,1,1,1,1,True,True,True,True,1.0
9c2171bd8804e383c95fe4217ce934dc,genus,1,1,179883.3430,179883.3430,179883.3430,uncultured Candidatus Saccharibacteria bacterium,179883.3430,uncultured Candidatus Saccharibacteria bacterium,1,1,1,1,True,True,True,True,1.0
9c3c72220bd00a1384a9465f503e62c6,genus,2,2,3030827.3|2711216.4,3030827.3|2711216.4,3030827.3,Paludisphaera mucosa,3030827.3,Paludisphaera mucosa,1,2,2,1|2,True,True,True,True,1.0
9c7f0997e7729947b07454c3a18a6e86,family,1,1,1672391.947,1672391.947,1672391.947,uncultured Chloroflexia bacterium,1672391.947,uncultured Chloroflexia bacterium,1,1,1,1,True,True,True,True,1.0
9cb41b1fe78219846cde88d8c68f0dbe,species,2,2,2053538.110|2026780.1498,2053538.110|2026780.1498,2053538.110,Candidatus Competibacteraceae bacterium,2053538.110,Candidatus Competibacteraceae bacterium,2,2,2,2|5,True,True,True,True,1.0
9ccaf1770b8ab14d3c747b9dc373912c,genus,1,1,670.1043,670.1043,670.1043,Vibrio parahaemolyticus,670.1043,Vibrio parahaemolyticus,2,1,1,2,True,True,True,True,1.0
9cef27fb5c42d04a7e949300061958c1,species,1,1,2518612.353,2518612.353,2518612.353,Candidatus Nanopelagicales bacterium,2518612.353,Candidatus Nanopelagicales bacterium,1,1,1,1,True,True,True,True,1.0
9d103e9c79fd0dcec91f7e0ac76a056e,genus,1,1,2052143.1196,2052143.1196,2052143.1196,Anaerolineae bacterium,2052143.1196,Anaerolineae bacterium,1,1,1,1,True,True,True,True,1.0
9d1acfe5bda17d651d11b7693ed38d45,family,1,1,1798571.3,1798571.3,1798571.3,Lentisphaerae bacterium GWF2_44_16,1798571.3,Lentisphaerae bacterium GWF2_44_16,1,1,1,1,True,True,True,True,1.0
9d24654b78ed3673e6cb6add2f16f435,species,0,0,,,,,,,,0,0,,,,,,
9d39b90a86fcc29202f4775515a05146,genus,3,3,2172005.3|2866948.7|91750.3813,2172005.3|2866948.7|91750.3813,2172005.3,Methylosinus sp. Ce-a6,2172005.3,Methylosinus sp. Ce-a6,2,3,3,2|3|4,True,True,True,True,1.0
9d3f6e093ccd2a7a310e7889893b51af,family,1,1,2478473.52,2478473.52,2478473.52,Puniceicoccales bacterium,2478473.52,Puniceicoccales bacterium,1,1,1,1,True,True,True,True,1.0
9d4808672447db4c36987421b00718eb,species,1,1,2499141.387,2499141.387,2499141.387,Verrucomicrobiia bacterium,2499141.387,Verrucomicrobiia bacterium,1,1,1,1,True,True,True,True,1.0
9d49b39370f0d43f6f9c49f61f1b8ae5,family,1,1,316068.7,316068.7,316068.7,Leadbetterella byssophila,316068.7,Leadbetterella byssophila,1,1,1,1,True,True,True,True,1.0
9d56a48edd288a8d06e19188bf0aa5a4,family,2,2,1879010.10762|1977087.1468,1879010.10762|1977087.1468,1879010.10762,Bacillota bacterium,1879010.10762,Bacillota bacterium,1,2,2,1|6,True,True,True,True,1.0
9d881ca4c3d3aab116b0c9ddf39dfe6b,genus,1,1,2052143.130,2052143.130,2052143.130,Anaerolineae bacterium,2052143.130,Anaerolineae bacterium,1,1,1,1,True,True,True,True,1.0
9d92d5b8b51b8f2e0fb7367187ef4deb,genus,1,1,1898103.20,1898103.20,1898103.20,Rhodocyclaceae bacterium,1898103.20,Rhodocyclaceae bacterium,1,1,1,1,True,True,True,True,1.0
9de38dad9ff6fcb465ff285ce194ca7f,family,2,2,2053538.110|2026780.1498,2053538.110|2026780.1498,2053538.110,Candidatus Competibacteraceae bacterium,2053538.110,Candidatus Competibacteraceae bacterium,2,2,2,2|5,True,True,True,True,1.0
9dec91dba1546d84adf5357a585c2725,below,0,0,,,,,,,,0,0,,,,,,
9deeed85f1dfec637bc6560584ad1849,species,1,1,2006848.250,2006848.250,2006848.250,Opitutaceae bacterium,2006848.250,Opitutaceae bacterium,1,1,1,1,True,True,True,True,1.0
9df3dc2610f5db61659e5df6d1eb8742,below,0,0,,,,,,,,0,0,,,,,,
9e3e461620d3bc6fb82b614f65a5a69b,species,2,2,2977531.4|162426.8,2977531.4|162426.8,2977531.4,Microbacterium festucae,2977531.4,Microbacterium festucae,1,2,2,1|2,True,True,True,True,1.0
9e457060b1001ce234dd19021ca7164a,species,2,2,2316077.3|3074079.4,2316077.3|3074079.4,2316077.3,,2316077.3,,1,2,2,1|2,True,True,True,False,1.0
9e57495b15e44827dc837eef929a2587,species,2,2,2053538.110|2026780.1498,2053538.110|2026780.1498,2053538.110,Candidatus Competibacteraceae bacterium,2053538.110,Candidatus Competibacteraceae bacterium,2,2,2,2|5,True,True,True,True,1.0
9e5f7d2247ac749d50a226417b3cd59b,species,2,2,1913988.1549|91750.1747,1913988.1549|91750.1747,1913988.1549,Alphaproteobacteria bacterium,1913988.1549,Alphaproteobacteria bacterium,1,2,2,1|2,True,True,True,True,1.0
9e7ed3b61fdde210b54118454549a6d1,species,2,2,2099675.314|1898104.227,2099675.314|1898104.227,2099675.314,Cyclobacteriaceae bacterium,2099675.314,Cyclobacteriaceae bacterium,2,2,2,2|4,True,True,True,True,1.0
9e81dcd765edee468ffb26d86b810795,genus,1,1,2838789.46,2838789.46,2838789.46,Gemmatales bacterium,2838789.46,Gemmatales bacterium,1,1,1,1,True,True,True,True,1.0
9e867ab2fc61335ad69cdb02b1bfa9bc,genus,1,1,2026763.756,2026763.756,2026763.756,Myxococcales bacterium,2026763.756,Myxococcales bacterium,1,1,1,1,True,True,True,True,1.0
9e8d159af3ae2c59d5905ca301d45fe7,genus,1,1,2501586.115,2501586.115,2501586.115,uncultured Candidatus Peribacteria bacterium,2501586.115,uncultured Candidatus Peribacteria bacterium,1,1,1,1,True,True,True,True,1.0
9e8f64890ff5ef28f853d5bdb92ef15c,species,2,2,2004800.13|2590576.18,2004800.13|2590576.18,2004800.13,Luteitalea sp.,2004800.13,Luteitalea sp.,1,2,2,1|2,True,True,True,True,1.0
9eaf3126b1a59d53885da5e5b61ab98f,species,2,2,40214.496|1862567.3,40214.496|1862567.3,40214.496,Acinetobacter johnsonii,40214.496,Acinetobacter johnsonii,1,2,2,1|4,True,True,True,True,1.0
9eb2290d68ba386d073025afae51c11c,species,1,1,1940288.165,1940288.165,1940288.165,Ferruginibacter sp.,1940288.165,Ferruginibacter sp.,1,1,1,1,True,True,True,True,1.0
9ec3e702a471a3c3b7114948ea803efa,species,2,2,1855728.3|207745.9,1855728.3|207745.9,1855728.3,Variovorax sp. KK3,1855728.3,Variovorax sp. KK3,1,2,2,1|2,True,True,True,True,1.0
9ecd1e20b937a69ced652e80617becd5,genus,2,2,89772.4|91750.3689,89772.4|91750.3689,89772.4,Aquamicrobium lusatiense,89772.4,Aquamicrobium lusatiense,2,2,2,2|4,True,True,True,True,1.0
9ecfbaf92361ef5e81a5f6a0a6bdb852,species,2,2,2053538.110|2026780.1498,2053538.110|2026780.1498,2053538.110,Candidatus Competibacteraceae bacterium,2053538.110,Candidatus Competibacteraceae bacterium,2,2,2,2|5,True,True,True,True,1.0
9ed5a386cbec95521ff3570b72c9c211,species,2,2,162426.15|36805.16,162426.15|36805.16,162426.15,Microbacterium hominis,162426.15,Microbacterium hominis,1,2,2,1|3,True,True,True,True,1.0
9ed7db55b1660eea4f040bbdb05b9d9f,genus,1,1,1879010.10638,1879010.10638,1879010.10638,Bacillota bacterium,1879010.10638,Bacillota bacterium,1,1,1,1,True,True,True,True,1.0
9ee2f14ff04353774b55bec0080d0afb,family,1,1,2026734.1424,2026734.1424,2026734.1424,Dehalococcoidia bacterium,2026734.1424,Dehalococcoidia bacterium,1,1,1,1,True,True,True,True,1.0
9efa972d2975a4982b8dfeca8015b724,genus,1,1,2053608.6,2053608.6,2053608.6,Ruminiclostridium sp.,2053608.6,Ruminiclostridium sp.,1,1,1,1,True,True,True,True,1.0
9f00a0027aa960982a4fea2abac3bb32,family,1,1,2715255.5,2715255.5,2715255.5,Candidatus Sumerlaeia bacterium,2715255.5,Candidatus Sumerlaeia bacterium,1,1,1,1,True,True,True,True,1.0
9f034207cc084126bf07cd7173f4461f,species,2,2,3016522.4|1785.630,3016522.4|1785.630,3016522.4,Mycobacterium sp. RTGN5,3016522.4,Mycobacterium sp. RTGN5,1,2,2,1|2,True,True,True,True,1.0
9f320ec9d312f6f94fd8e600383871e2,genus,1,1,91750.4571,91750.4571,91750.4571,uncultured Alphaproteobacteria bacterium,91750.4571,uncultured Alphaproteobacteria bacterium,1,1,1,1,True,True,True,True,1.0
9f3a5f227e2e70c64b16247545719d7b,genus,2,2,1898104.3432|2053306.288,1898104.3432|2053306.288,1898104.3432,Bacteroidota bacterium,1898104.3432,Bacteroidota bacterium,1,2,2,1|2,True,True,True,True,1.0
9f4050eb01836b6d3ead0551af594572,genus,1,1,2024896.6,2024896.6,2024896.6,Anaerolineaceae bacterium,2024896.6,Anaerolineaceae bacterium,2,1,1,2,True,True,True,True,1.0
9f48dc43461af788c9e199cd8c09ecfa,family,1,1,1977087.1350,1977087.1350,1977087.1350,Pseudomonadota bacterium,1977087.1350,Pseudomonadota bacterium,1,1,1,1,True,True,True,True,1.0
9f55778ec208f83c9be5d235c06c7e2e,family,1,1,100233.580,100233.580,100233.580,uncultured Planctomycetaceae bacterium,100233.580,uncultured Planctomycetaceae bacterium,2,1,1,2,True,True,True,True,1.0
9f5606f60cb062846895baa39632c907,species,1,1,117.83,117.83,117.83,Pirellula sp.,117.83,Pirellula sp.,1,1,1,1,True,True,True,True,1.0
9f5e783ff88a1088bd09742287bad251,family,2,2,866510.121|1869212.768,866510.121|1869212.768,866510.121,uncultured Chitinophagaceae bacterium,866510.121,uncultured Chitinophagaceae bacterium,1,2,2,1|4,True,True,True,True,1.0
9f6438c8a527dd08f58abfdb6c691372,species,2,2,2211374.3|2823334.3,2211374.3|2823334.3,2211374.3,Candidatus Accumulibacter meliphilus,2211374.3,Candidatus Accumulibacter meliphilus,1,2,2,1|5,True,True,True,True,1.0
9f7aca78c6d68c40dfae9df946d6634a,species,2,2,1488331.4|291847.4,1488331.4|291847.4,1488331.4,Fusibacter bizertensis,1488331.4,Fusibacter bizertensis,1,2,2,1|2,True,True,True,True,1.0
9f86297104372f6378c6bf3dc1a8e8ec,genus,2,2,1664347.22|2482790.201,1664347.22|2482790.201,1664347.22,uncultured Candidatus Berkelbacteria bacterium,1664347.22,uncultured Candidatus Berkelbacteria bacterium,1,2,2,1|3,True,True,True,True,1.0
9f8a0583985d01b12a595716eb8976d6,genus,1,1,1914235.29,1914235.29,1914235.29,Fimbriiglobus sp.,1914235.29,Fimbriiglobus sp.,1,1,1,1,True,True,True,True,1.0
9f9616cff518b42fa416afd432ea9d99,genus,1,1,332614.302,332614.302,332614.302,uncultured Pseudomonadales bacterium,332614.302,uncultured Pseudomonadales bacterium,1,1,1,1,True,True,True,True,1.0
9f9afd312eff62f873428130f4a2d3de,family,1,1,2053306.133,2053306.133,2053306.133,Ignavibacteria bacterium,2053306.133,Ignavibacteria bacterium,1,1,1,1,True,True,True,True,1.0
9fa766b4e3d6ee9910655388ab2f16bd,species,1,1,2053517.374,2053517.374,2053517.374,Bdellovibrionales bacterium,2053517.374,Bdellovibrionales bacterium,1,1,1,1,True,True,True,True,1.0
9fb67235c68ae13c2cf5f9f7dd7d2461,family,1,1,1879010.10371,1879010.10371,1879010.10371,Bacillota bacterium,1879010.10371,Bacillota bacterium,1,1,1,1,True,True,True,True,1.0
9fc55d666e8fe1b1b34d31d9f340f23d,species,2,2,2053594.172|1869227.406,2053594.172|1869227.406,2053594.172,Prolixibacteraceae bacterium,2053594.172,Prolixibacteraceae bacterium,1,2,2,1|2,True,True,True,True,1.0
9fca62a00b5a006ef5777a565d547615,below,0,0,,,,,,,,0,0,,,,,,
9fe599ae129462cf9d74a6c54192f134,species,1,1,2022747.4,2022747.4,2022747.4,Elstera cyanobacteriorum,2022747.4,Elstera cyanobacteriorum,1,1,1,1,True,True,True,True,1.0
9fe7e3a22967666046b599318ffe3f31,below,0,0,,,,,,,,0,0,,,,,,
9feda0d620fa50b57ce3f848e1b48975,species,1,1,180282.80,180282.80,180282.80,Delftia tsuruhatensis,180282.80,Delftia tsuruhatensis,1,1,1,1,True,True,True,True,1.0
a017db3bfdae612d959f9edcc112104c,species,2,2,1970413.3|158751.121,1970413.3|158751.121,1970413.3,Polaromonas sp. 17-63-33,1970413.3,Polaromonas sp. 17-63-33,1,2,2,1|2,True,True,True,True,1.0
a01d2715e07fdf273d2978261d48ab9b,family,1,1,2026786.360,2026786.360,2026786.360,Rhodospirillales bacterium,2026786.360,Rhodospirillales bacterium,1,1,1,1,True,True,True,True,1.0
a046571fd93f4e94a9aca9c1d8c6e03c,genus,2,2,3034167.8|169962.19,3034167.8|169962.19,3034167.8,Desulfomonilaceae bacterium,3034167.8,Desulfomonilaceae bacterium,2,2,2,2|1,True,True,True,True,1.0
a09faba6e6b6b9f89c9d0270b6c0bedd,family,1,1,1674862.5,1674862.5,1674862.5,Spirochaetales bacterium Spiro_06,1674862.5,Spirochaetales bacterium Spiro_06,1,1,1,1,True,True,True,True,1.0
a0a9754baf3b04bdd6a6ad9e5d182b5d,species,1,1,431489.6,431489.6,431489.6,Demequina lutea,431489.6,Demequina lutea,1,1,1,1,True,True,True,True,1.0
a0ad9e79abfb9045025969ed036f8d2f,species,2,2,74325.6|1871086.275,74325.6|1871086.275,74325.6,Brevundimonas poindexterae,74325.6,Brevundimonas poindexterae,1,2,2,1|7,True,True,True,True,1.0
a0bbaf9e4f0f7178855dab570d0dab71,genus,3,3,2781738.3|1121003.3|1872579.14,2781738.3|1121003.3|1872579.14,2781738.3,Aquamicrobium zhengzhouense,2781738.3,Aquamicrobium zhengzhouense,1,3,3,1|2|3,True,True,True,True,1.0
a0bbfb182e829dcd543eba20abe4bf13,species,2,2,2920941.4|84595.10,2920941.4|84595.10,2920941.4,Gordonia gummivorans,2920941.4,Gordonia gummivorans,1,2,2,1|2,True,True,True,True,1.0
a0c1556ea168162a70cd3a50294c128c,below,0,0,,,,,,,,0,0,,,,,,
a0c3e6c403197604e910935ef3b920a5,genus,1,1,1946927.3,1946927.3,1946927.3,Micavibrio sp. UBA6139,1946927.3,Micavibrio sp. UBA6139,1,1,1,1,True,True,True,True,1.0
a0cf74493584c4f0e8771ec8af16d337,species,1,1,120963.3,120963.3,120963.3,Methanobrevibacter acididurans,120963.3,Methanobrevibacter acididurans,1,1,1,1,True,True,True,True,1.0
a0dfdf37fdd713e262983050a50cde70,genus,1,1,320771.20,320771.20,320771.20,Pedosphaera parvula,320771.20,Pedosphaera parvula,1,1,1,1,True,True,True,True,1.0
a1004df257a6cbef02f3805291d2398e,species,1,1,3394234.3,3394234.3,3394234.3,Bdellovibrio sp. HCB-162,3394234.3,Bdellovibrio sp. HCB-162,1,1,1,1,True,True,True,True,1.0
a1013020a0d157d09343731bdefbcd5b,species,1,1,2053306.332,2053306.332,2053306.332,Ignavibacteria bacterium,2053306.332,Ignavibacteria bacterium,1,1,1,1,True,True,True,True,1.0
a1082c9793c661a28129a0bd9cba39e0,species,2,2,128785.61|69284.5,128785.61|69284.5,128785.61,Pseudoxanthomonas mexicana,128785.61,Pseudoxanthomonas mexicana,1,2,2,1|2,True,True,True,True,1.0
a10e1f2b77a4d6a5ad413dcac2aadda7,family,1,1,464461.11,464461.11,464461.11,uncultured Parachlamydiaceae bacterium,464461.11,uncultured Parachlamydiaceae bacterium,1,1,1,1,True,True,True,True,1.0
a1297e619a92d1bdfd7ef3ff6e1d58cc,family,1,1,2014372.14,2014372.14,2014372.14,uncultured Candidatus Woesearchaeota archaeon,2014372.14,uncultured Candidatus Woesearchaeota archaeon,1,1,1,1,True,True,True,True,1.0
a12e83abdc2857c90690fba4028f4971,family,1,1,2052143.979,2052143.979,2052143.979,Anaerolineae bacterium,2052143.979,Anaerolineae bacterium,1,1,1,1,True,True,True,True,1.0
a132a57d5279039fecabae80a6eda25d,genus,2,2,2044939.4953|422285.13,2044939.4953|422285.13,2044939.4953,Clostridia bacterium,2044939.4953,Clostridia bacterium,1,2,2,1|3,True,True,True,True,1.0
a1625691f95974a0d3e0bdd207bd3017,genus,1,1,2052139.101,2052139.101,2052139.101,Patescibacteria group bacterium,2052139.101,Patescibacteria group bacterium,1,1,1,1,True,True,True,True,1.0
a17c6babed826cb485e2ab6b64426c14,genus,5,5,2565930.4|2184083.3|59406.10|198107.6|2820277.3,2565930.4|2184083.3|59406.10|198107.6|2820277.3,2565930.4,Pseudothauera nasutitermitis,2565930.4,Pseudothauera nasutitermitis,1,5,5,1|2|3|4|6,True,True,True,True,1.0
a183e77506df65f689b8696a1b85a08d,genus,1,1,1898104.2226,1898104.2226,1898104.2226,Bacteroidota bacterium,1898104.2226,Bacteroidota bacterium,2,1,1,2,True,True,True,True,1.0
a18c5acc933e407a7fad008bb220b495,species,2,2,2053538.110|2026780.1498,2053538.110|2026780.1498,2053538.110,Candidatus Competibacteraceae bacterium,2053538.110,Candidatus Competibacteraceae bacterium,2,2,2,2|5,True,True,True,True,1.0
a1957e4dec194dd778161a3d947f8efe,family,1,1,2026734.1424,2026734.1424,2026734.1424,Dehalococcoidia bacterium,2026734.1424,Dehalococcoidia bacterium,1,1,1,1,True,True,True,True,1.0
a1a213d3a52256f258d77a2fd1cb7f8c,species,2,2,2989719.4|1859460.3,2989719.4|1859460.3,2989719.4,Luteolibacter rhizosphaerae,2989719.4,Luteolibacter rhizosphaerae,1,2,2,1|2,True,True,True,True,1.0
a1af46c6171033e48f05d0a8cf37960c,species,0,0,,,,,,,,0,0,,,,,,
a1cc1f348d90a6677fc09eb40d871835,genus,1,1,2030927.4484,2030927.4484,2030927.4484,Bacteroidales bacterium,2030927.4484,Bacteroidales bacterium,1,1,1,1,True,True,True,True,1.0
a1fe3bb7481d6acf10d0de0540ce2481,family,2,2,498749.84|2026791.112,498749.84|2026791.112,498749.84,uncultured Solibacteraceae bacterium,498749.84,uncultured Solibacteraceae bacterium,4,2,2,4|2,True,True,True,True,1.0
a2134149ba42c6f57f22595bdb2f2d04,genus,1,1,2045305.6,2045305.6,2045305.6,Ghiorsea sp.,2045305.6,Ghiorsea sp.,1,1,1,1,True,True,True,True,1.0
a22669c1b3ad7ce865227c50f04dae82,species,2,2,82.231|51670.3,82.231|51670.3,82.231,Hyphomicrobium sp.,82.231,Hyphomicrobium sp.,1,2,2,1|2,True,True,True,True,1.0
a22be74f8733902081f55e528f6fa755,genus,2,2,2448779.29|1917697.28,2448779.29|1917697.28,2448779.29,Chitinophagales bacterium,2448779.29,Chitinophagales bacterium,1,2,2,1|2,True,True,True,True,1.0
a24160f734e6422056651db88f490610,family,2,2,2006849.66|1891241.442,2006849.66|1891241.442,2006849.66,Lysobacterales bacterium,2006849.66,Lysobacterales bacterium,1,2,2,1|2,True,True,True,True,1.0
a24e98c8cdf1fa36eeddaf2d500e801d,genus,1,1,1940288.328,1940288.328,1940288.328,Ferruginibacter sp.,1940288.328,Ferruginibacter sp.,1,1,1,1,True,True,True,True,1.0
a24eaa8dcbc38550ea371e2736ec6bea,genus,1,1,1672391.970,1672391.970,1672391.970,uncultured Chloroflexia bacterium,1672391.970,uncultured Chloroflexia bacterium,1,1,1,1,True,True,True,True,1.0
a255b114d8e5aeef6927e05dd54f1411,species,2,2,43617.5|1871066.490,43617.5|1871066.490,43617.5,Mesorhizobium mediterraneum,43617.5,Mesorhizobium mediterraneum,2,2,2,2|3,True,True,True,True,1.0
a256eb56820ee941739fbf30e911276e,family,1,1,2024843.44,2024843.44,2024843.44,Candidatus Nitrosopumilus sp.,2024843.44,Candidatus Nitrosopumilus sp.,1,1,1,1,True,True,True,True,1.0
a27571034ae9b7a996478df13722416b,genus,3,3,1945863.3|3108754.3|2811234.3,1945863.3|3108754.3|2811234.3,1945863.3,Algoriphagus sp. A40,1945863.3,Algoriphagus sp. A40,1,3,3,1|4|3,True,True,True,True,1.0
a27faba2585967eba812be1a4792c62a,genus,1,1,3107020.3,3107020.3,3107020.3,Candidatus Adiutricales bacterium,3107020.3,Candidatus Adiutricales bacterium,1,1,1,1,True,True,True,True,1.0
a2849d4878b19dd3d3b53df4fe5d2a2e,species,1,1,2212474.127,2212474.127,2212474.127,Kofleriaceae bacterium,2212474.127,Kofleriaceae bacterium,1,1,1,1,True,True,True,True,1.0
a28b9f376ea8fdee5e89a01fc3e947ed,genus,1,1,2026791.112,2026791.112,2026791.112,Bryobacterales bacterium,2026791.112,Bryobacterales bacterium,1,1,1,1,True,True,True,True,1.0
a29755dad8fde39960016bc463099bc2,species,2,2,2482790.201|1664347.22,2482790.201|1664347.22,2482790.201,Thermomicrobiales bacterium,2482790.201,Thermomicrobiales bacterium,1,2,2,1|3,True,True,True,True,1.0
a2ad5df99d5328bfc9acbfa0dec4a724,species,2,2,2798727.3|38502.14,2798727.3|38502.14,2798727.3,Blastococcus sp. TML/M2B,2798727.3,Blastococcus sp. TML/M2B,1,2,2,1|2,True,True,True,True,1.0
a2bc08995e9f89e286e197e24acece5d,species,2,2,3142262.4|1134435.5,3142262.4|1134435.5,3142262.4,Thauera sp. JM12B12,3142262.4,Thauera sp. JM12B12,1,2,2,1|2,True,True,True,True,1.0
a2cdb548bd234c39a30d990087a719f6,species,2,2,1869227.7415|153809.1301,1869227.7415|153809.1301,1869227.7415,bacterium,1869227.7415,bacterium,1,2,2,1|2,True,True,True,True,1.0
a2d51c8dd8ae82d5f6850bac5c438a2a,below,0,0,,,,,,,,0,0,,,,,,
a2ea5245d83eba89a777bfc3af4e28a7,species,1,1,208549.109,208549.109,208549.109,uncultured Hyphomicrobiales bacterium,208549.109,uncultured Hyphomicrobiales bacterium,1,1,1,1,True,True,True,True,1.0
a2eb6838113114793cfacecb335a44ac,species,1,1,2044939.4537,2044939.4537,2044939.4537,Clostridia bacterium,2044939.4537,Clostridia bacterium,1,1,1,1,True,True,True,True,1.0
a2faa58f525dee3f47dc0bfd8b59bddf,family,2,2,128785.61|69284.5,128785.61|69284.5,128785.61,Pseudoxanthomonas mexicana,128785.61,Pseudoxanthomonas mexicana,2,2,2,2|3,True,True,True,True,1.0
a2fd75012cbf3bb6e5abcc6966ab903a,family,2,2,2952883.60|1872519.88,2952883.60|1872519.88,2952883.60,Aggregatilineales bacterium,2952883.60,Aggregatilineales bacterium,1,2,2,1|2,True,True,True,True,1.0
a30880b97160a2b14568a61880f870a8,genus,2,2,1211326.4|1899569.4,1211326.4|1899569.4,1211326.4,Spirosoma aerolatum,1211326.4,Spirosoma aerolatum,2,2,2,2|1,True,True,True,True,1.0
a309c2a2d256fdaed17ec39efd0851fe,genus,1,1,2052178.66,2052178.66,2052178.66,Parachlamydiales bacterium,2052178.66,Parachlamydiales bacterium,1,1,1,1,True,True,True,True,1.0
a3282d8b0bca51557d4436ec1c205ec1,species,1,1,2497627.107,2497627.107,2497627.107,Microthrixaceae bacterium,2497627.107,Microthrixaceae bacterium,1,1,1,1,True,True,True,True,1.0
a32e850a5f65ae413256b32a7943262e,family,1,1,2447898.59,2447898.59,2447898.59,Candidatus Kapaibacterium sp.,2447898.59,Candidatus Kapaibacterium sp.,2,1,1,2,True,True,True,True,1.0
a3335ca4e125cb661544fe29c65449de,genus,1,1,2172549.5,2172549.5,2172549.5,Candidatus Brocadia sp.,2172549.5,Candidatus Brocadia sp.,1,1,1,1,True,True,True,True,1.0
a34eb23095dd0ae203dba5ed1e96003f,genus,5,5,2530452.3|2795123.3|332999.31|405671.6|2723071.3,2530452.3|2795123.3|332999.31|405671.6|2723071.3,2530452.3,Pedobacter frigiditerrae,2530452.3,Pedobacter frigiditerrae,1,5,5,1|4|5|8|9,True,True,True,True,1.0
a35a074b61d16fe9931ff39cd3b577cc,species,2,2,1617415.5|3022862.16,1617415.5|3022862.16,1617415.5,Chloroflexi bacterium OLB14,1617415.5,Chloroflexi bacterium OLB14,1,2,2,1|2,True,True,True,True,1.0
a35dbe56a984701a73ecd671dc1404b9,family,1,1,2053306.284,2053306.284,2053306.284,Ignavibacteria bacterium,2053306.284,Ignavibacteria bacterium,1,1,1,1,True,True,True,True,1.0
a36b617c346af9dc1b8b18938adc2fc9,species,0,0,,,,,,,,0,0,,,,,,
a36df9885f6fc3136908572b8aca54df,species,1,1,1940288.176,1940288.176,1940288.176,Ferruginibacter sp.,1940288.176,Ferruginibacter sp.,1,1,1,1,True,True,True,True,1.0
a36f69e57ee66f65f0b55de85d00d8d7,genus,1,1,1871048.28,1871048.28,1871048.28,Devosia sp.,1871048.28,Devosia sp.,1,1,1,1,True,True,True,True,1.0
a384497d31eaff19e5cfa289e06af43a,species,2,2,2931922.3|2683910.4,2931922.3|2683910.4,2931922.3,Miniphocaeibacter halophilus,2931922.3,Miniphocaeibacter halophilus,1,2,2,1|5,True,True,True,True,1.0
a3a63c33ac5490f5550f95e11bebb751,species,1,1,1898104.3507,1898104.3507,1898104.3507,Bacteroidota bacterium,1898104.3507,Bacteroidota bacterium,1,1,1,1,True,True,True,True,1.0
a3ae39989b511402c504005cc0e50286,genus,1,1,1869212.530,1869212.530,1869212.530,Chitinophagaceae bacterium,1869212.530,Chitinophagaceae bacterium,1,1,1,1,True,True,True,True,1.0
a3d1481fef3b0b3badba2c5eb423d4d7,family,2,2,1898104.3508|2026756.18,1898104.3508|2026756.18,1898104.3508,Bacteroidota bacterium,1898104.3508,Bacteroidota bacterium,6,2,2,6|4,True,True,True,True,1.0
a3d82cd1cb098c3f739bb7684c19a57b,species,2,2,3142262.4|1134435.5,3142262.4|1134435.5,3142262.4,Thauera sp. JM12B12,3142262.4,Thauera sp. JM12B12,1,2,2,1|2,True,True,True,True,1.0
a3de1a313acf4b2066b9a21fc136a8f0,species,2,2,2053538.110|2026780.1498,2053538.110|2026780.1498,2053538.110,Candidatus Competibacteraceae bacterium,2053538.110,Candidatus Competibacteraceae bacterium,2,2,2,2|5,True,True,True,True,1.0
a3e42ac5904747a61cb6146e50f37a5b,genus,0,1,,413497.13,,,413497.13,Cronobacter dublinensis,,0,0,,,,,,
a3e8d420ea1fa54e080ffcda9dc6d507,family,2,2,2053538.110|2026780.1498,2053538.110|2026780.1498,2053538.110,Candidatus Competibacteraceae bacterium,2053538.110,Candidatus Competibacteraceae bacterium,2,2,2,2|5,True,True,True,True,1.0
a3ff266911801a04783054a324c17897,family,1,1,2026727.13,2026727.13,2026727.13,Coxiellaceae bacterium,2026727.13,Coxiellaceae bacterium,6,1,1,6,True,True,True,True,1.0
a437ded863434eb7c8d5f71c09e8504a,species,1,1,2026724.901,2026724.901,2026724.901,Chloroflexota bacterium,2026724.901,Chloroflexota bacterium,1,1,1,1,True,True,True,True,1.0
a4559fd5b7228ddbf24516b70f911b4f,species,2,2,2038397.3|2817844.3,2038397.3|2817844.3,2038397.3,Sphingomonas sp. EC-HK361,2038397.3,Sphingomonas sp. EC-HK361,1,2,2,1|2,True,True,True,True,1.0
a469708ee742596965bd6ea062416d14,family,1,1,233100.6,233100.6,233100.6,Ectothiorhodosinus mongolicus,233100.6,Ectothiorhodosinus mongolicus,1,1,1,1,True,True,True,True,1.0
a46c60a0afb216886b8fbb9e9233fd43,genus,2,2,3376064.3|2986066.4,3376064.3|2986066.4,3376064.3,Mesorhizobium sp. IMUNJ 23232,3376064.3,Mesorhizobium sp. IMUNJ 23232,2,2,2,2|3,True,True,True,True,1.0
a47dd69e2c371a4b8adf13a8a3617491,family,2,2,3046689.3|1879010.10571,3046689.3|1879010.10571,3046689.3,Cloacibacterium sp. Arc16,3046689.3,Cloacibacterium sp. Arc16,1,2,2,1|2,True,True,True,True,1.0
a490e7dcfbdaafbb879f31e77a71221d,genus,2,2,256318.64|2053570.50,256318.64|2053570.50,256318.64,metagenome,256318.64,metagenome,1,2,2,1|2,True,True,True,True,1.0
a4916cd488b94284222fa3c4ab84a4fc,species,1,1,2030809.71,2030809.71,2030809.71,Candidatus Hydrogenedentota bacterium,2030809.71,Candidatus Hydrogenedentota bacterium,1,1,1,1,True,True,True,True,1.0
a4ad6a71cbaa5afccfafe53d498732d6,species,1,1,100233.329,100233.329,100233.329,uncultured Planctomycetaceae bacterium,100233.329,uncultured Planctomycetaceae bacterium,1,1,1,1,True,True,True,True,1.0
a4b033f3c52d2020c0e6d6197c06e002,species,1,1,585402.49,585402.49,585402.49,uncultured Flammeovirgaceae bacterium,585402.49,uncultured Flammeovirgaceae bacterium,1,1,1,1,True,True,True,True,1.0
a4b37e5e97e8dbd080d90c3fec1b48d6,genus,1,1,2927939.33,2927939.33,2927939.33,Candidatus Absconditabacterales bacterium,2927939.33,Candidatus Absconditabacterales bacterium,1,1,1,1,True,True,True,True,1.0
a4b795c7b358faef713b82e07e0ca99e,species,2,2,2587124.3|2975399.3,2587124.3|2975399.3,2587124.3,Mitsuaria sp. BK045,2587124.3,Mitsuaria sp. BK045,1,2,2,1|2,True,True,True,True,1.0
a4b99c746ebe1fbdb6d9281198964a8b,genus,3,3,1473598.7|2026791.112|2212468.382,1473598.7|2026791.112|2212468.382,1473598.7,Paludibaculum fermentans,1473598.7,Paludibaculum fermentans,1,3,3,1|2|5,True,True,True,True,1.0
a4ef6103c68b6e58962ad8003d8c6a91,genus,2,2,1936159.10|2026800.45,1936159.10|2026800.45,1936159.10,Fimbriimonas sp.,1936159.10,Fimbriimonas sp.,1,2,2,1|2,True,True,True,True,1.0
a4f6f7909105c8e6d353696807b67793,family,1,1,2107588.21,2107588.21,2107588.21,Candidatus Sumerlaeota bacterium,2107588.21,Candidatus Sumerlaeota bacterium,1,1,1,1,True,True,True,True,1.0
a503e049962803192cbee71c99ae2f08,genus,1,1,295108.7,295108.7,295108.7,Candidatus Berkiella aquae,295108.7,Candidatus Berkiella aquae,1,1,1,1,True,True,True,True,1.0
a5196143749da04fa614ed6939eb0067,species,1,1,2814259.3,2814259.3,2814259.3,Candidatus Didemnitutus sp.,2814259.3,Candidatus Didemnitutus sp.,1,1,1,1,True,True,True,True,1.0
a528a55b890b96f70205d3e581eddb91,species,2,2,2719119.10|3017361.3,2719119.10|3017361.3,2719119.10,Corynebacterium rouxii,2719119.10,Corynebacterium rouxii,1,2,2,1|3,True,True,True,True,1.0
a53b7a494838590a5600a018277e55ea,species,2,2,3388659.3|410332.12,3388659.3|410332.12,3388659.3,Gordonia sp. SND2,3388659.3,Gordonia sp. SND2,1,2,2,1|3,True,True,True,True,1.0
a553c9643b4fbe8c706d6671a60456a2,species,1,1,2044939.4537,2044939.4537,2044939.4537,Clostridia bacterium,2044939.4537,Clostridia bacterium,1,1,1,1,True,True,True,True,1.0
a55c276584225d1ad237fb3f8c65b33c,species,2,2,2053538.110|2026780.1498,2053538.110|2026780.1498,2053538.110,Candidatus Competibacteraceae bacterium,2053538.110,Candidatus Competibacteraceae bacterium,2,2,2,2|5,True,True,True,True,1.0
a57cbe0ff2f21aeef13fbd5fdec55a92,family,1,1,2202144.535,2202144.535,2202144.535,Spirochaetota bacterium,2202144.535,Spirochaetota bacterium,1,1,1,1,True,True,True,True,1.0
a57e696eee42b79596c65dfdf0546ed8,genus,3,3,1879010.10568|2201156.843|2053589.824,1879010.10568|2201156.843|2053589.824,1879010.10568,Bacillota bacterium,1879010.10568,Bacillota bacterium,1,3,3,1|2|3,True,True,True,True,1.0
a5866514aeec22a7e1ef6b551fbc51c4,below,0,0,,,,,,,,0,0,,,,,,
a59b0053fef939696c578144786a0605,genus,2,2,1898104.3777|152509.1743,1898104.3777|152509.1743,1898104.3777,Bacteroidota bacterium,1898104.3777,Bacteroidota bacterium,8,2,2,8|12,True,True,True,True,1.0
a5a8003978b6b2a59e32c576c99a7189,species,2,2,1869339.304|50421.302,1869339.304|50421.302,1869339.304,Polaromonas sp.,1869339.304,Polaromonas sp.,1,2,2,1|15,True,True,True,True,1.0
a5b073b8b07143fdb510fd6280bf8035,genus,1,1,2030808.311,2030808.311,2030808.311,Candidatus Cloacimonadota bacterium,2030808.311,Candidatus Cloacimonadota bacterium,1,1,1,1,True,True,True,True,1.0
a5b487c69e77b925872e8f7deea038c4,species,1,1,49181.54,49181.54,49181.54,Zoogloea sp.,49181.54,Zoogloea sp.,1,1,1,1,True,True,True,True,1.0
a5c52feec93b3b84b1295044997eec5e,genus,1,1,2711216.4,2711216.4,2711216.4,Paludisphaera rhizosphaerae,2711216.4,Paludisphaera rhizosphaerae,1,1,1,1,True,True,True,True,1.0
a5ed33cbdf42f2a1bf1aac9b9292b5a1,species,2,2,3142262.4|1134435.5,3142262.4|1134435.5,3142262.4,Thauera sp. JM12B12,3142262.4,Thauera sp. JM12B12,1,2,2,1|2,True,True,True,True,1.0
a5fefd54d7a3a12b3b597595e31451c2,species,2,2,2898431.4|2315236.19,2898431.4|2315236.19,2898431.4,Aquabacterium sp. J223,2898431.4,Aquabacterium sp. J223,1,2,2,1|2,True,True,True,True,1.0
a63a61c529e1f6339eb5ce1322e326b1,genus,2,2,2059303.14|152509.1769,2059303.14|152509.1769,2059303.14,Chryseolinea sp.,2059303.14,Chryseolinea sp.,3,2,2,3|1,True,True,True,True,1.0
a63ddf351603c28aec675fe50b9a2b20,genus,1,1,2026729.128,2026729.128,2026729.128,Cytophagaceae bacterium,2026729.128,Cytophagaceae bacterium,1,1,1,1,True,True,True,True,1.0
a64c07677c37866c0ffb6ce58dd15513,genus,1,1,2599941.102,2599941.102,2599941.102,Oligoflexia bacterium,2599941.102,Oligoflexia bacterium,1,1,1,1,True,True,True,True,1.0
a66d685a4d8926f07b8fbdc4cecb8694,genus,4,4,2912854.5|71433.9|2663828.3|1913961.67,2912854.5|71433.9|2663828.3|1913961.67,2912854.5,Terribium retamae,2912854.5,Terribium retamae,1,4,4,1|2|6|7,True,True,True,True,1.0
a68ad45a1eb1d1f6ac04fe8c8db55e05,species,2,2,2013664.3|87.54,2013664.3|87.54,2013664.3,Alphaproteobacteria bacterium HGW-Alphaproteobacteria-18,2013664.3,Alphaproteobacteria bacterium HGW-Alphaproteobacteria-18,1,2,2,1|2,True,True,True,True,1.0
a697c188c3c8c21efc7b7efd7c3aec86,species,2,2,1978231.662|87.132,1978231.662|87.132,1978231.662,Acidobacteriota bacterium,1978231.662,Acidobacteriota bacterium,1,2,2,1|2,True,True,True,True,1.0
a69b6998d254d209bd129f1943f92653,genus,3,3,1382802.3|3040920.3|439529.3,1382802.3|3040920.3|439529.3,1382802.3,Halodurantibacterium flavum,1382802.3,Halodurantibacterium flavum,1,3,3,1|2|3,True,True,True,True,1.0
a6b280c3a23d8e637b7bd85bd1136cb0,genus,4,4,3046689.3|1879010.10571|2021391.770|2026720.1067,3046689.3|1879010.10571|2021391.770|2026720.1067,3046689.3,Cloacibacterium sp. Arc16,3046689.3,Cloacibacterium sp. Arc16,1,4,4,1|2|5|6,True,True,True,True,1.0
a6e3fc566df95629efcdb7c1f29d92a9,species,1,1,77133.18083,77133.18083,77133.18083,uncultured bacterium,77133.18083,uncultured bacterium,1,1,1,1,True,True,True,True,1.0
a6e42d5d467de702202c43337f9ec799,genus,1,1,111831.5,111831.5,111831.5,Defluviicoccus vanus,111831.5,Defluviicoccus vanus,1,1,1,1,True,True,True,True,1.0
a6efdb52a04e05a2a1be52f5516784fa,species,2,2,3142262.4|1134435.5,3142262.4|1134435.5,3142262.4,Thauera sp. JM12B12,3142262.4,Thauera sp. JM12B12,1,2,2,1|2,True,True,True,True,1.0
a7035806203ef4d592519427e0029b7a,genus,1,1,460511.57,460511.57,460511.57,uncultured Spirochaetota bacterium,460511.57,uncultured Spirochaetota bacterium,1,1,1,1,True,True,True,True,1.0
a705c6bb539886b4332a268d76eb96e3,genus,1,1,316068.7,316068.7,316068.7,Leadbetterella byssophila,316068.7,Leadbetterella byssophila,1,1,1,1,True,True,True,True,1.0
a718318f9cf0d36622c6242600702ade,species,1,1,1973496.3,1973496.3,1973496.3,Herpetosiphon gulosus,1973496.3,Herpetosiphon gulosus,1,1,1,1,True,True,True,True,1.0
a71869db00864a730e933cbc4995f09d,below,0,0,,,,,,,,0,0,,,,,,
a72005137d388be3468b2cd29b121ca3,species,2,2,1898104.1117|1664347.22,1898104.1117|1664347.22,1898104.1117,Bacteroidota bacterium,1898104.1117,Bacteroidota bacterium,2,2,2,2|1,True,True,True,True,1.0
a727cb1c1ba4b5b0f3b95de5b1725602,genus,2,2,1618472.4|332614.355,1618472.4|332614.355,1618472.4,Candidatus Pacebacteria bacterium GW2011_GWF2_38_9,1618472.4,Candidatus Pacebacteria bacterium GW2011_GWF2_38_9,3,2,2,3|1,True,True,True,True,1.0
a73127b80e151a116edce8618602affa,below,0,0,,,,,,,,0,0,,,,,,
a733fa1bff77f76c18ca75afaafa5e69,genus,2,2,138118.7|1872668.87,138118.7|1872668.87,138118.7,Quatrionicoccus australiensis,138118.7,Quatrionicoccus australiensis,1,2,2,1|5,True,True,True,True,1.0
a74014684c2eb2039f406e6b532a1ea4,genus,1,1,2052139.29,2052139.29,2052139.29,Patescibacteria group bacterium,2052139.29,Patescibacteria group bacterium,1,1,1,1,True,True,True,True,1.0
a746844bbf7a31493495a116f16c9944,species,2,2,2026790.35|1898104.4663,2026790.35|1898104.4663,2026790.35,Saprospirales bacterium,2026790.35,Saprospirales bacterium,1,2,2,1|2,True,True,True,True,1.0
a76631b9e04eed439fbb4c95e80b6dbe,family,2,2,362.87|358.704,362.87|358.704,362.87,Agrobacterium radiobacter,362.87,Agrobacterium radiobacter,3,2,2,3|4,True,True,True,True,1.0
a79795b282009c0d42759e3f7bd03eaf,species,2,2,2723066.3|1129133.3,2723066.3|1129133.3,2723066.3,Sphingopyxis sp. JAI128,2723066.3,Sphingopyxis sp. JAI128,1,2,2,1|2,True,True,True,True,1.0
a7bbc00c54d171dd80177bfc5dbad0cb,family,2,2,86473.1705|2800415.27,86473.1705|2800415.27,86473.1705,uncultured Gammaproteobacteria bacterium,86473.1705,uncultured Gammaproteobacteria bacterium,1,2,2,1|5,True,True,True,True,1.0
a7bd7f4859303a71baa0688c7f6804b5,species,1,1,2052143.1029,2052143.1029,2052143.1029,Anaerolineae bacterium,2052143.1029,Anaerolineae bacterium,1,1,1,1,True,True,True,True,1.0
a7d2a8a433ca533b7b22c9038938fe82,species,2,2,3081299.3|2937382.3,3081299.3|2937382.3,3081299.3,Sphingomonas sp. MMO-176,3081299.3,Sphingomonas sp. MMO-176,1,2,2,1|2,True,True,True,True,1.0
a7d459a44564902113fa3f8042e7246d,species,2,2,2829816.3|33987.12,2829816.3|33987.12,2829816.3,Exiguobacterium sp. PFWT01,2829816.3,Exiguobacterium sp. PFWT01,1,2,2,1|3,True,True,True,True,1.0
a7e4f8b4a400c5a0a84178c63e589840,species,1,1,3022863.6,3022863.6,3022863.6,Candidatus Macondimonas sp.,3022863.6,Candidatus Macondimonas sp.,1,1,1,1,True,True,True,True,1.0
a8071a0952d645edbce0101c70cec255,species,1,1,1934341.25,1934341.25,1934341.25,Pseudorhodoplanes sp.,1934341.25,Pseudorhodoplanes sp.,1,1,1,1,True,True,True,True,1.0
a8344a3e067f4d413618e226f05fa43b,species,2,2,2976818.4|2053589.809,2976818.4|2053589.809,2976818.4,Cloacibacterium sp. TD35,2976818.4,Cloacibacterium sp. TD35,1,2,2,1|2,True,True,True,True,1.0
a843072d3917b1e24e972528ddd116fb,species,2,2,2053538.110|2026780.1498,2053538.110|2026780.1498,2053538.110,Candidatus Competibacteraceae bacterium,2053538.110,Candidatus Competibacteraceae bacterium,2,2,2,2|5,True,True,True,True,1.0
a85357c7a01470ea240c3445bb68e7db,genus,1,1,2052139.101,2052139.101,2052139.101,Patescibacteria group bacterium,2052139.101,Patescibacteria group bacterium,1,1,1,1,True,True,True,True,1.0
a88ba885c32acda793284b8a91b064eb,species,1,1,1872579.14,1872579.14,1872579.14,Aquamicrobium sp.,1872579.14,Aquamicrobium sp.,1,1,1,1,True,True,True,True,1.0
a89c0ba3d43553f96852ce2fd406aafb,species,1,1,2054177.129,2054177.129,2054177.129,Christensenellaceae bacterium,2054177.129,Christensenellaceae bacterium,1,1,1,1,True,True,True,True,1.0
a8a4c16fe598d8194c73ab5539edd812,species,1,1,2528273.27,2528273.27,2528273.27,Candidatus Liptonbacteria bacterium,2528273.27,Candidatus Liptonbacteria bacterium,1,1,1,1,True,True,True,True,1.0
a8c2f8c7c8562aa2313190d1f0571486,species,2,2,2053306.302|1948670.3,2053306.302|1948670.3,2053306.302,Ignavibacteria bacterium,2053306.302,Ignavibacteria bacterium,1,2,2,1|4,True,True,True,True,1.0
a8ec9805fb1253024e38f18b748248e4,genus,2,2,2730080.3|2922717.5,2730080.3|2922717.5,2730080.3,Fundidesulfovibrio magnetotacticus,2730080.3,Fundidesulfovibrio magnetotacticus,1,2,2,1|2,True,True,True,True,1.0
a90eaf1a46ab8017fbe63130eff2fc01,below,0,0,,,,,,,,0,0,,,,,,
a9144147aedd372cb7a33b0035908559,species,1,1,152509.1759,152509.1759,152509.1759,uncultured Bacteroidota bacterium,152509.1759,uncultured Bacteroidota bacterium,1,1,1,1,True,True,True,True,1.0
a91d59e2e492cde280ffdae6c261ca68,genus,1,1,1672391.947,1672391.947,1672391.947,uncultured Chloroflexia bacterium,1672391.947,uncultured Chloroflexia bacterium,1,1,1,1,True,True,True,True,1.0
a93b7c5d2a63150fb6ef07c16f60a957,family,1,1,2746922.11,2746922.11,2746922.11,Candidatus Paracaedibacteraceae bacterium,2746922.11,Candidatus Paracaedibacteraceae bacterium,1,1,1,1,True,True,True,True,1.0
a93bf99ac2641553388ff63b5fac11c3,species,2,2,2026799.843|86473.1975,2026799.843|86473.1975,2026799.843,Verrucomicrobiota bacterium,2026799.843,Verrucomicrobiota bacterium,1,2,2,1|2,True,True,True,True,1.0
a9542c8a1d79fcaa795a0b419a965182,species,2,2,2044936.158|152509.1563,2044936.158|152509.1563,2044936.158,Bacteroidia bacterium,2044936.158,Bacteroidia bacterium,1,2,2,1|12,True,True,True,True,1.0
a955e3b357dd61bebe626bf1d0af33c4,species,2,2,1903157.3|1298877.4,1903157.3|1298877.4,1903157.3,Piscinibacter sp.,1903157.3,Piscinibacter sp.,1,2,2,1|6,True,True,True,True,1.0
a958096a3ad364deae78f08ed6e2dbeb,family,1,1,2053615.192,2053615.192,2053615.192,Spirochaetia bacterium,2053615.192,Spirochaetia bacterium,1,1,1,1,True,True,True,True,1.0
a98cd7c849b7e442fda3166fdccdf805,species,1,1,1879010.10613,1879010.10613,1879010.10613,Bacillota bacterium,1879010.10613,Bacillota bacterium,1,1,1,1,True,True,True,True,1.0
a99682cdd9dfd59f97b335e8312c2098,species,2,2,2053306.302|1948670.3,2053306.302|1948670.3,2053306.302,Ignavibacteria bacterium,2053306.302,Ignavibacteria bacterium,1,2,2,1|4,True,True,True,True,1.0
a9b9df2026b59ac90c7059e630a01041,species,2,2,158836.4893|548.2183,158836.4893|548.2183,158836.4893,Enterobacter hormaechei,158836.4893,Enterobacter hormaechei,1,2,2,1|4,True,True,True,True,1.0
a9bd604551bc22c84ca2d7c4743fb6a4,genus,1,1,1891238.635,1891238.635,1891238.635,Burkholderiales bacterium,1891238.635,Burkholderiales bacterium,1,1,1,1,True,True,True,True,1.0
a9c5c0dde794e9e8473ad8ed7546abd7,species,2,2,1211806.3|1978525.100,1211806.3|1978525.100,1211806.3,Novosphingobium kunmingense,1211806.3,Novosphingobium kunmingense,1,2,2,1|2,True,True,True,True,1.0
a9d3a8d7e6ab34f69fa91fcce8bda39f,species,2,2,1908224.78|1736675.3,1908224.78|1736675.3,1908224.78,Sphingopyxis sp.,1908224.78,Sphingopyxis sp.,1,2,2,1|2,True,True,True,True,1.0
a9db6ffe77204ec9466769b9566b670e,family,2,2,86473.3049|1869227.2999,86473.3049|1869227.2999,86473.3049,uncultured Gammaproteobacteria bacterium,86473.3049,uncultured Gammaproteobacteria bacterium,1,2,2,1|2,True,True,True,True,1.0
a9db853c619d48b08cb123dc801e356b,species,2,2,2053538.110|2026780.1498,2053538.110|2026780.1498,2053538.110,Candidatus Competibacteraceae bacterium,2053538.110,Candidatus Competibacteraceae bacterium,2,2,2,2|5,True,True,True,True,1.0
a9eadee421f2ae87d909ecd04c89836f,family,1,1,2306054.36,2306054.36,2306054.36,Rhodothermales bacterium,2306054.36,Rhodothermales bacterium,1,1,1,1,True,True,True,True,1.0
a9ec72f7dcfa20aaf51d0070f2cec4ce,genus,1,1,91750.4296,91750.4296,91750.4296,uncultured Alphaproteobacteria bacterium,91750.4296,uncultured Alphaproteobacteria bacterium,1,1,1,1,True,True,True,True,1.0
aa00ac44a18d5cfe172c55e288fec853,species,2,2,1891241.432|1869212.1069,1891241.432|1869212.1069,1891241.432,Betaproteobacteria bacterium,1891241.432,Betaproteobacteria bacterium,1,2,2,1|2,True,True,True,True,1.0
aa3e08767c786670ac6f80173463f090,species,1,1,194843.5133,194843.5133,194843.5133,uncultured Bacteroidales bacterium,194843.5133,uncultured Bacteroidales bacterium,1,1,1,1,True,True,True,True,1.0
aa7c3dbe0ee450dfdbf1549c75924893,genus,4,4,3141376.3|2600299.3|2587854.3|281252.8,3141376.3|2600299.3|2587854.3|281252.8,3141376.3,Roseibium sp. SCP15,3141376.3,Roseibium sp. SCP15,1,4,4,1|14|3|13,True,True,True,True,1.0
aa7e3c383d85a23925114e175d8244f2,family,2,2,120965.67|2026780.292,120965.67|2026780.292,120965.67,uncultured Planctomycetota bacterium,120965.67,uncultured Planctomycetota bacterium,2,2,2,2|1,True,True,True,True,1.0
aa90655af1adaa2768c4abe59140cc14,family,1,1,1978231.1762,1978231.1762,1978231.1762,Acidobacteriota bacterium,1978231.1762,Acidobacteriota bacterium,1,1,1,1,True,True,True,True,1.0
aa941c323e06c180d91db2cdd48a012c,species,1,1,2849149.8,2849149.8,2849149.8,Reyranella humidisoli,2849149.8,Reyranella humidisoli,1,1,1,1,True,True,True,True,1.0
aa99794a810968bf2dc198c4d6e3d706,species,2,2,1933926.195|2052139.2287,1933926.195|2052139.2287,1933926.195,Methylococcaceae bacterium,1933926.195,Methylococcaceae bacterium,1,2,2,1|2,True,True,True,True,1.0
aaa26ab352828c9ba69e53f326a80180,species,2,2,1909292.15|86027.1465,1909292.15|86027.1465,1909292.15,Rhizobacter sp.,1909292.15,Rhizobacter sp.,5,2,2,5|4,True,True,True,True,1.0
aaae8aca1ae069075cf3d783d8f3303c,genus,1,1,1977087.7320,1977087.7320,1977087.7320,Pseudomonadota bacterium,1977087.7320,Pseudomonadota bacterium,1,1,1,1,True,True,True,True,1.0
aab1ccd0cad02f7d2d4fdc471c097970,species,1,1,2013744.3,2013744.3,2013744.3,Deltaproteobacteria bacterium HGW-Deltaproteobacteria-17,2013744.3,Deltaproteobacteria bacterium HGW-Deltaproteobacteria-17,1,1,1,1,True,True,True,True,1.0
aabd950bfff4c84da94aafe83efc9152,species,2,2,2026792.200|1937017.56,2026792.200|1937017.56,2026792.200,Spirochaetales bacterium,2026792.200,Spirochaetales bacterium,5,2,2,5|6,True,True,True,True,1.0
aad96841319e07be091419f2d9374243,family,2,2,1672391.634|2026734.1424,1672391.634|2026734.1424,1672391.634,uncultured Chloroflexia bacterium,1672391.634,uncultured Chloroflexia bacterium,1,2,2,1|3,True,True,True,True,1.0
aadfb6fef177310cfdffb9f3cc005145,species,1,1,69284.5,69284.5,69284.5,Pseudoxanthomonas japonensis,69284.5,Pseudoxanthomonas japonensis,1,1,1,1,True,True,True,True,1.0
ab0a699fcc1c8c24b52d3ef9e65c3d49,species,2,2,2053538.110|2026780.1498,2053538.110|2026780.1498,2053538.110,Candidatus Competibacteraceae bacterium,2053538.110,Candidatus Competibacteraceae bacterium,2,2,2,2|5,True,True,True,True,1.0
ab188b631fea90fe9eee7256ba0882e2,species,1,1,1940288.176,1940288.176,1940288.176,Ferruginibacter sp.,1940288.176,Ferruginibacter sp.,1,1,1,1,True,True,True,True,1.0
ab1cd0338acaa3d99fe2a923792b4eab,species,2,2,1815556.3|657651.3,1815556.3|657651.3,1815556.3,Paracoccus fontiphilus,1815556.3,Paracoccus fontiphilus,1,2,2,1|2,True,True,True,True,1.0
ab2f02e9a12e780e84d2f9ec36c07576,species,2,2,1891238.621|1869339.28,1891238.621|1869339.28,1891238.621,Burkholderiales bacterium,1891238.621,Burkholderiales bacterium,1,2,2,1|2,True,True,True,True,1.0
ab303cef65801f42e469b3a2d3ae34bd,species,1,1,2608985.3,2608985.3,2608985.3,Candidatus Desulfobacillus denitrificans,2608985.3,Candidatus Desulfobacillus denitrificans,1,1,1,1,True,True,True,True,1.0
ab379899791d012bc00501bba1a073f8,family,1,1,2952883.45,2952883.45,2952883.45,Aggregatilineales bacterium,2952883.45,Aggregatilineales bacterium,1,1,1,1,True,True,True,True,1.0
ab42e77b35b4974aff7b356f090a58e2,species,1,1,1632864.5,1632864.5,1632864.5,Planctomyces sp. SH-PL14,1632864.5,Planctomyces sp. SH-PL14,1,1,1,1,True,True,True,True,1.0
ab6433c468a0978275887eced16b4715,genus,0,0,,,,,,,,0,0,,,,,,
ab7be08ec5ac46e9cf3c4f60b733f1d1,species,1,1,1869227.2309,1869227.2309,1869227.2309,bacterium,1869227.2309,bacterium,1,1,1,1,True,True,True,True,1.0
aba0b69d0c3d358f075e175acd9c3b6b,family,1,1,2306054.54,2306054.54,2306054.54,Rhodothermales bacterium,2306054.54,Rhodothermales bacterium,1,1,1,1,True,True,True,True,1.0
aba45fa814b1f66ccf89dd19d0905f72,genus,1,1,2053489.276,2053489.276,2053489.276,Promethearchaeota archaeon,2053489.276,Promethearchaeota archaeon,1,1,1,1,True,True,True,True,1.0
abb606f4206f008ff9e3c29222d9b4bb,genus,1,1,1869212.530,1869212.530,1869212.530,Chitinophagaceae bacterium,1869212.530,Chitinophagaceae bacterium,1,1,1,1,True,True,True,True,1.0
abb9043bd7f2d4e287a72db252bfc3e9,species,1,1,2099675.13,2099675.13,2099675.13,Cyclobacteriaceae bacterium,2099675.13,Cyclobacteriaceae bacterium,2,1,1,2,True,True,True,True,1.0
abc0f1a70e1fd06cdb2d4974f00aeb94,species,2,2,3142262.4|1134435.5,3142262.4|1134435.5,3142262.4,Thauera sp. JM12B12,3142262.4,Thauera sp. JM12B12,1,2,2,1|2,True,True,True,True,1.0
abd819bf660234c18dec2b450be0eee5,genus,2,2,316068.7|3235085.3,316068.7|3235085.3,316068.7,Leadbetterella byssophila,316068.7,Leadbetterella byssophila,1,2,2,1|3,True,True,True,True,1.0
abe544160db63aa647efeaef6dee8632,family,2,2,866510.51|1962976.22,866510.51|1962976.22,866510.51,uncultured Chitinophagaceae bacterium,866510.51,uncultured Chitinophagaceae bacterium,2,2,2,2|3,True,True,True,True,1.0
abfa5d5e91ca2e24a9bb5184173c04a0,species,2,2,2053538.110|2026780.1498,2053538.110|2026780.1498,2053538.110,Candidatus Competibacteraceae bacterium,2053538.110,Candidatus Competibacteraceae bacterium,2,2,2,2|5,True,True,True,True,1.0
ac136a5c5afb20efabe4944f5acc305d,genus,2,2,2026724.982|2052143.898,2026724.982|2052143.898,2026724.982,Chloroflexota bacterium,2026724.982,Chloroflexota bacterium,1,2,2,1|2,True,True,True,True,1.0
ac23a02f377fb57dfe832c00940ba6d0,species,1,1,2593537.4,2593537.4,2593537.4,Desulfobacula sp.,2593537.4,Desulfobacula sp.,1,1,1,1,True,True,True,True,1.0
ac3be6b918490ca8e80c02730c3b9013,genus,1,1,2501586.75,2501586.75,2501586.75,uncultured Candidatus Peribacteria bacterium,2501586.75,uncultured Candidatus Peribacteria bacterium,1,1,1,1,True,True,True,True,1.0
ac3fe1cec28440258d23b90fcff6b6b4,genus,2,2,2026715.109|1913988.46,2026715.109|1913988.46,2026715.109,Pseudobdellovibrionaceae bacterium,2026715.109,Pseudobdellovibrionaceae bacterium,1,2,2,1|2,True,True,True,True,1.0
ac5d162a2afc3f01da075e7a5fdfcf32,species,2,2,1898103.42|1913989.4331,1898103.42|1913989.4331,1898103.42,Rhodocyclaceae bacterium,1898103.42,Rhodocyclaceae bacterium,3,2,2,3|5,True,True,True,True,1.0
ac65a7ba709132b64c7e61fe914d0d07,species,2,2,34073.95|363844.9,34073.95|363844.9,34073.95,Variovorax paradoxus,34073.95,Variovorax paradoxus,1,2,2,1|2,True,True,True,True,1.0
ac73e732d40a7f479a8db786eea35a42,genus,1,1,2026779.894,2026779.894,2026779.894,Planctomycetaceae bacterium,2026779.894,Planctomycetaceae bacterium,1,1,1,1,True,True,True,True,1.0
ac75e43cb9fecd7f58ff0dc631b08747,species,2,2,1872578.48|1903157.3,1872578.48|1903157.3,1872578.48,Aquabacterium sp.,1872578.48,Aquabacterium sp.,1,2,2,1|2,True,True,True,True,1.0
ac89b115a0b249601195ce8dfab01d8e,species,2,2,2053538.110|2026780.1498,2053538.110|2026780.1498,2053538.110,Candidatus Competibacteraceae bacterium,2053538.110,Candidatus Competibacteraceae bacterium,2,2,2,2|5,True,True,True,True,1.0
ac8c40213b5fc94ecf78ceadc242b9d8,species,1,1,2026724.1154,2026724.1154,2026724.1154,Chloroflexota bacterium,2026724.1154,Chloroflexota bacterium,1,1,1,1,True,True,True,True,1.0
ac907ec4b0ce91460bbd2d089af5dc5f,species,1,1,49181.4,49181.4,49181.4,Zoogloea sp.,49181.4,Zoogloea sp.,2,1,1,2,True,True,True,True,1.0
aca1b449edbd276ba6b6b9a63879cf27,species,1,1,1869212.1387,1869212.1387,1869212.1387,Chitinophagaceae bacterium,1869212.1387,Chitinophagaceae bacterium,1,1,1,1,True,True,True,True,1.0
acb819d2b09f090ba6c3112028bbc54b,species,2,2,1978231.1289|2026888.232,1978231.1289|2026888.232,1978231.1289,Acidobacteriota bacterium,1978231.1289,Acidobacteriota bacterium,1,2,2,1|3,True,True,True,True,1.0
acd7852a3b858dcd6e7283a0ce3001b2,genus,1,1,1869227.7417,1869227.7417,1869227.7417,bacterium,1869227.7417,bacterium,1,1,1,1,True,True,True,True,1.0
ace8288544d6e756bfda3e8310d64656,species,1,1,2447898.94,2447898.94,2447898.94,Candidatus Kapaibacterium sp.,2447898.94,Candidatus Kapaibacterium sp.,1,1,1,1,True,True,True,True,1.0
aced9ab56c7a3ab508341f90323343ab,species,2,2,1977087.593|1463158.4,1977087.593|1463158.4,1977087.593,Pseudomonadota bacterium,1977087.593,Pseudomonadota bacterium,4,2,2,4|5,True,True,True,True,1.0
acf81e858e20a7e7011509ccb0dd42d7,genus,2,2,2021391.1626|1898104.3612,2021391.1626|1898104.3612,2021391.1626,Flavobacteriales bacterium,2021391.1626,Flavobacteriales bacterium,1,2,2,1|4,True,True,True,True,1.0
ad059021625b2c71d997ce1351c6d07d,species,2,2,2964540.102|34034.928,2964540.102|34034.928,2964540.102,Smithellaceae bacterium,2964540.102,Smithellaceae bacterium,2,2,2,2|1,True,True,True,True,1.0
ad12436b2909aaea909f7c55d9c07e1d,below,0,0,,,,,,,,0,0,,,,,,
ad25602754d4e8d0529b8d4cbfe9b613,species,2,2,2447898.24|2021391.394,2447898.24|2021391.394,2447898.24,Candidatus Kapaibacterium sp.,2447898.24,Candidatus Kapaibacterium sp.,1,2,2,1|2,True,True,True,True,1.0
ad370300bf7b0fe69d203f697495da1b,species,2,2,2448779.556|1917697.28,2448779.556|1917697.28,2448779.556,Chitinophagales bacterium,2448779.556,Chitinophagales bacterium,1,2,2,1|2,True,True,True,True,1.0
ad4d902bec8a626dd26e229d44f30233,species,1,1,2970805.9,2970805.9,2970805.9,Limnoglobus sp.,2970805.9,Limnoglobus sp.,1,1,1,1,True,True,True,True,1.0
ad54f540d468d23cdbf6c3f764577b28,species,2,2,2013731.3|2026724.578,2013731.3|2026724.578,2013731.3,Chloroflexi bacterium HGW-Chloroflexi-8,2013731.3,Chloroflexi bacterium HGW-Chloroflexi-8,1,2,2,1|2,True,True,True,True,1.0
ad5e3eff9621bf974838d7fd7e372d1b,genus,1,1,34034.425,34034.425,34034.425,uncultured delta proteobacterium,34034.425,uncultured delta proteobacterium,1,1,1,1,True,True,True,True,1.0
ad79970b734970784b16fdc20edb3c91,species,1,1,2651171.310,2651171.310,2651171.310,Thermoanaerobaculia bacterium,2651171.310,Thermoanaerobaculia bacterium,2,1,1,2,True,True,True,True,1.0
ad7a514e0a641feb56c857a14aa54286,species,1,1,66852.198,66852.198,66852.198,Methanobrevibacter sp.,66852.198,Methanobrevibacter sp.,1,1,1,1,True,True,True,True,1.0
ad7aacd9a811bdb92e60fdc6d7fea511,species,2,2,3142262.4|1134435.5,3142262.4|1134435.5,3142262.4,Thauera sp. JM12B12,3142262.4,Thauera sp. JM12B12,1,2,2,1|2,True,True,True,True,1.0
ad7cbd6a0a5ad0c050311ad77da59d9b,species,1,1,2021379.333,2021379.333,2021379.333,Xanthobacteraceae bacterium,2021379.333,Xanthobacteraceae bacterium,1,1,1,1,True,True,True,True,1.0
ad840c15058a760ea1c72d05098eb007,family,1,1,3034171.47,3034171.47,3034171.47,Polyangiales bacterium,3034171.47,Polyangiales bacterium,1,1,1,1,True,True,True,True,1.0
ad922999ec6a8228be4358e848e86bc2,species,0,0,,,,,,,,0,0,,,,,,
ad97643a909b30bf53788a920f290c66,species,1,1,2448779.36,2448779.36,2448779.36,Chitinophagales bacterium,2448779.36,Chitinophagales bacterium,1,1,1,1,True,True,True,True,1.0
adacd3d92a0b333822819d894c52fa74,species,1,1,1617422.4,1617422.4,1617422.4,Bacteroidetes bacterium OLB11,1617422.4,Bacteroidetes bacterium OLB11,1,1,1,1,True,True,True,True,1.0
adae8a46239a2d87cf6b3187212b0c5d,species,2,2,2663828.3|1913961.67,2663828.3|1913961.67,2663828.3,Mesorhizobium sp. OAS926,2663828.3,Mesorhizobium sp. OAS926,2,2,2,2|3,True,True,True,True,1.0
adbaa4d0f167f7753b4253bf2e8cbb53,species,1,1,44577.29,44577.29,44577.29,Nitrosomonas ureae,44577.29,Nitrosomonas ureae,1,1,1,1,True,True,True,True,1.0
adc2e8efe908825125d84a78a73905c1,family,1,1,3092586.3,3092586.3,3092586.3,,3092586.3,,1,1,1,1,True,True,True,False,1.0
adc60e63bed13809a14a854bcbe286ff,species,1,1,575378.3,575378.3,575378.3,Sediminibacterium planctonicum,575378.3,Sediminibacterium planctonicum,2,1,1,2,True,True,True,True,1.0
ae04aa600145131c067812d47b3a77a4,genus,1,1,2053589.824,2053589.824,2053589.824,Minisyncoccota bacterium,2053589.824,Minisyncoccota bacterium,1,1,1,1,True,True,True,True,1.0
ae307960185cde06a67efa6713e3f0bb,species,1,1,3058050.125,3058050.125,3058050.125,Polyangia bacterium,3058050.125,Polyangia bacterium,1,1,1,1,True,True,True,True,1.0
ae49c43fd7a3ea0ac98c3840ef2c750e,genus,3,3,3391832.4|2161864.3|2006848.309,3391832.4|2161864.3|2006848.309,3391832.4,Terrisphaera buseokensis,3391832.4,Terrisphaera buseokensis,4,3,3,4|5|6,True,True,True,True,1.0
ae4cccd813818217aa5ef886dad07548,species,1,1,2044595.35,2044595.35,2044595.35,Candidatus Altimarinota bacterium,2044595.35,Candidatus Altimarinota bacterium,1,1,1,1,True,True,True,True,1.0
ae52ceb1ff600c74d40e1969e75f886e,family,1,1,2026724.1148,2026724.1148,2026724.1148,Chloroflexota bacterium,2026724.1148,Chloroflexota bacterium,1,1,1,1,True,True,True,True,1.0
ae5fcc574bfb9ca2bc95abf7b9c2ab9e,species,1,1,1898104.1110,1898104.1110,1898104.1110,Bacteroidota bacterium,1898104.1110,Bacteroidota bacterium,1,1,1,1,True,True,True,True,1.0
ae69c0430563bb93db2ef7ab4201da3b,species,2,2,3142262.4|1134435.5,3142262.4|1134435.5,3142262.4,Thauera sp. JM12B12,3142262.4,Thauera sp. JM12B12,1,2,2,1|2,True,True,True,True,1.0
ae727c58ab1d2050d63bb9b126e5388d,species,1,1,2099675.277,2099675.277,2099675.277,Cyclobacteriaceae bacterium,2099675.277,Cyclobacteriaceae bacterium,1,1,1,1,True,True,True,True,1.0
ae7c93ad78e4a2de177702d6136881ca,species,2,2,2053306.302|1948670.3,2053306.302|1948670.3,2053306.302,Ignavibacteria bacterium,2053306.302,Ignavibacteria bacterium,1,2,2,1|4,True,True,True,True,1.0
ae8b4a1cde6e060e9931cf7fcb28955e,species,2,2,2053306.302|1948670.3,2053306.302|1948670.3,2053306.302,Ignavibacteria bacterium,2053306.302,Ignavibacteria bacterium,1,2,2,1|4,True,True,True,True,1.0
ae939f0eb26643d71ca83581e677403d,genus,3,3,1978230.24|2282150.9|1752192.4,1978230.24|2282150.9|1752192.4,1978230.24,Caulobacteraceae bacterium,1978230.24,Caulobacteraceae bacterium,2,3,3,2|3|7,True,True,True,True,1.0
aec02b7352634d3f5fde9a91bf725b87,species,2,2,3142262.4|1134435.5,3142262.4|1134435.5,3142262.4,Thauera sp. JM12B12,3142262.4,Thauera sp. JM12B12,1,2,2,1|2,True,True,True,True,1.0
aeda5410be1f130f6b34bafc2a08a9d1,genus,1,1,2691551.112,2691551.112,2691551.112,Thermoguttaceae bacterium,2691551.112,Thermoguttaceae bacterium,1,1,1,1,True,True,True,True,1.0
aef8eacabad32457f84fa66fca81af43,species,1,1,453144.7,453144.7,453144.7,uncultured Luteimonas sp.,453144.7,uncultured Luteimonas sp.,1,1,1,1,True,True,True,True,1.0
af14c898440f12ee503fc8e6d8baa9e4,species,1,1,2991473.5,2991473.5,2991473.5,Lysobacteraceae bacterium PS02065,2991473.5,Lysobacteraceae bacterium PS02065,1,1,1,1,True,True,True,True,1.0
af1b1256151b36c4d7070f248b44ab80,species,2,2,2026725.65|86473.1611,2026725.65|86473.1611,2026725.65,Chromatiales bacterium,2026725.65,Chromatiales bacterium,1,2,2,1|3,True,True,True,True,1.0
af1e470a3dfa3d7986833d44bd2b1a44,family,2,2,2528274.24|2026724.1150,2528274.24|2026724.1150,2528274.24,Candidatus Tectimicrobiota bacterium,2528274.24,Candidatus Tectimicrobiota bacterium,2,2,2,2|1,True,True,True,True,1.0
af2111581aaf12cef2e35dde0bda5fe6,family,1,1,1913989.2288,1913989.2288,1913989.2288,Gammaproteobacteria bacterium,1913989.2288,Gammaproteobacteria bacterium,1,1,1,1,True,True,True,True,1.0
af262f52310eaa1671c014fe46df2299,species,2,2,1909294.841|492774.6,1909294.841|492774.6,1909294.841,Hyphomicrobiales bacterium,1909294.841,Hyphomicrobiales bacterium,1,2,2,1|5,True,True,True,True,1.0
af2d55b0b69191faa50d4ec27b124e9f,below,0,0,,,,,,,,0,0,,,,,,
af5e225c8307cdb39578398fb680a1ca,species,2,2,2963431.6|2761047.3,2963431.6|2761047.3,2963431.6,Janibacter sp. CX7,2963431.6,Janibacter sp. CX7,1,2,2,1|2,True,True,True,True,1.0
af74f35199f4d3636a945abff4991e12,genus,1,1,1869227.3920,1869227.3920,1869227.3920,bacterium,1869227.3920,bacterium,1,1,1,1,True,True,True,True,1.0
af761c6f2f6ef2f5c03cc70cf92adde8,genus,1,1,2024896.3,2024896.3,2024896.3,Anaerolineaceae bacterium,2024896.3,Anaerolineaceae bacterium,2,1,1,2,True,True,True,True,1.0
afb81b6fe925d60e8adec78e7fcb936c,genus,5,5,28082.25|947033.5|45071.8|1212491.3|2184757.3,28082.25|947033.5|45071.8|1212491.3|2184757.3,28082.25,Legionella anisa,28082.25,Legionella anisa,1,5,5,1|2|13|15|18,True,True,True,True,1.0
afd2edf8f560659b489a2073aa8c08d4,species,1,1,86473.2742,86473.2742,86473.2742,uncultured Gammaproteobacteria bacterium,86473.2742,uncultured Gammaproteobacteria bacterium,2,1,1,2,True,True,True,True,1.0
afdb44dd5caaa2e30a8b950f23b34020,species,1,1,2030809.71,2030809.71,2030809.71,Candidatus Hydrogenedentota bacterium,2030809.71,Candidatus Hydrogenedentota bacterium,1,1,1,1,True,True,True,True,1.0
afdfe39510e78bcb087e4c04f7890d5e,species,0,0,,,,,,,,0,0,,,,,,
afe942170c9b5ff7338bf951d84f86aa,family,1,1,913107.7,913107.7,913107.7,Pelolinea submarina,913107.7,Pelolinea submarina,3,1,1,3,True,True,True,True,1.0
afec2d297957851d252f24d3621da761,species,1,1,2307286.29,2307286.29,2307286.29,Flavipsychrobacter sp.,2307286.29,Flavipsychrobacter sp.,1,1,1,1,True,True,True,True,1.0
afed56920465fdd15bc83b98af195dd7,species,1,1,55509.5,55509.5,55509.5,Coprothermobacter sp.,55509.5,Coprothermobacter sp.,1,1,1,1,True,True,True,True,1.0
b01d1334fdb1137b254f5c8945df3d96,species,1,1,1872668.87,1872668.87,1872668.87,Azonexus sp.,1872668.87,Azonexus sp.,1,1,1,1,True,True,True,True,1.0
b034d93cdf4e6992619a2e49c26dcb4d,species,1,1,2030927.5117,2030927.5117,2030927.5117,Bacteroidales bacterium,2030927.5117,Bacteroidales bacterium,1,1,1,1,True,True,True,True,1.0
b038a686e6f0a54c06e1da14d0280ebc,species,1,1,2030800.133,2030800.133,2030800.133,Elusimicrobiota bacterium,2030800.133,Elusimicrobiota bacterium,1,1,1,1,True,True,True,True,1.0
b045bfba018c6f66448b995ea055eccb,genus,2,2,1940288.328|1310416.3,1940288.328|1310416.3,1940288.328,Ferruginibacter sp.,1940288.328,Ferruginibacter sp.,1,2,2,1|2,True,True,True,True,1.0
b053a8886f66ad04237dc5ec1f23da9b,species,2,2,3376064.3|3157707.4,3376064.3|3157707.4,3376064.3,Mesorhizobium sp. IMUNJ 23232,3376064.3,Mesorhizobium sp. IMUNJ 23232,1,2,2,1|2,True,True,True,True,1.0
b059fdee69cf482257da8daee015de27,genus,1,1,91915.40,91915.40,91915.40,Asaia bogorensis,91915.40,Asaia bogorensis,1,1,1,1,True,True,True,True,1.0
b06f649b93d256cb1f283939413232fe,species,2,2,2053538.110|2026780.1498,2053538.110|2026780.1498,2053538.110,Candidatus Competibacteraceae bacterium,2053538.110,Candidatus Competibacteraceae bacterium,2,2,2,2|5,True,True,True,True,1.0
b07f2a0e7247920d7909aa4aa7cf6a36,family,2,2,2053538.110|2026780.1498,2053538.110|2026780.1498,2053538.110,Candidatus Competibacteraceae bacterium,2053538.110,Candidatus Competibacteraceae bacterium,2,2,2,2|5,True,True,True,True,1.0
b0904ab0409035a6c30ba5c6a64aae85,species,1,1,2780399.6,2780399.6,2780399.6,Nostoc favosum,2780399.6,Nostoc favosum,1,1,1,1,True,True,True,True,1.0
b0a86494f097555c1f3a40d0fa4abe35,species,1,1,2026799.426,2026799.426,2026799.426,Verrucomicrobiota bacterium,2026799.426,Verrucomicrobiota bacterium,1,1,1,1,True,True,True,True,1.0
b0bad59ff6be84ba100d8d913b479ac8,species,1,1,2991473.5,2991473.5,2991473.5,Lysobacteraceae bacterium PS02065,2991473.5,Lysobacteraceae bacterium PS02065,1,1,1,1,True,True,True,True,1.0
b0d83a043b4eb1a4a149514ed0156d0d,species,2,2,2080749.3|2883208.5,2080749.3|2883208.5,2080749.3,Dorea sp. Marseille-P4042,2080749.3,Dorea sp. Marseille-P4042,1,2,2,1|2,True,True,True,True,1.0
b0d9e3546a043b2fdae2d9d790d862ae,genus,1,1,2021391.497,2021391.497,2021391.497,Flavobacteriales bacterium,2021391.497,Flavobacteriales bacterium,1,1,1,1,True,True,True,True,1.0
b0de28353618e5dfc65f5447f9d38794,species,2,2,1977087.4411|3116489.3,1977087.4411|3116489.3,1977087.4411,Pseudomonadota bacterium,1977087.4411,Pseudomonadota bacterium,3,2,2,3|5,True,True,True,True,1.0
b0f54603be7b9a66fced41b4c9e8d380,genus,1,1,1869212.530,1869212.530,1869212.530,Chitinophagaceae bacterium,1869212.530,Chitinophagaceae bacterium,1,1,1,1,True,True,True,True,1.0
b110d1c7e5396e05e5ecf99db3d014a4,genus,1,1,1891238.962,1891238.962,1891238.962,Burkholderiales bacterium,1891238.962,Burkholderiales bacterium,1,1,1,1,True,True,True,True,1.0
b132dd4a8d00985eac19df7433309707,genus,3,3,2044936.33|2053624.293|2013842.3,2044936.33|2053624.293|2013842.3,2044936.33,Bacteroidia bacterium,2044936.33,Bacteroidia bacterium,1,3,3,1|2|4,True,True,True,True,1.0
b1352fc9435c80732c2d137c453be280,species,2,2,1898104.4334|194843.1029,1898104.4334|194843.1029,1898104.4334,Bacteroidota bacterium,1898104.4334,Bacteroidota bacterium,2,2,2,2|1,True,True,True,True,1.0
b13616375086da98c983588400632ac6,family,1,1,244582.8,244582.8,244582.8,Candidatus Paracaedibacter symbiosus,244582.8,Candidatus Paracaedibacter symbiosus,1,1,1,1,True,True,True,True,1.0
b14689734f2736e7287b3b4533adeb22,species,2,2,2026715.109|1913988.46,2026715.109|1913988.46,2026715.109,Pseudobdellovibrionaceae bacterium,2026715.109,Pseudobdellovibrionaceae bacterium,1,2,2,1|2,True,True,True,True,1.0
b1599f9adf7e48226f8eae3205e5f5fd,species,1,1,2053589.824,2053589.824,2053589.824,Minisyncoccota bacterium,2053589.824,Minisyncoccota bacterium,1,1,1,1,True,True,True,True,1.0
b171f56eb3df33c7c8708373851b4a6a,species,1,1,34034.848,34034.848,34034.848,uncultured delta proteobacterium,34034.848,uncultured delta proteobacterium,1,1,1,1,True,True,True,True,1.0
b180a2455b236c103cf0bfe620095736,species,2,2,2724150.3|1115758.5,2724150.3|1115758.5,2724150.3,Romboutsia sp. CE17,2724150.3,Romboutsia sp. CE17,1,2,2,1|2,True,True,True,True,1.0
b197f3fe9b5e8447764f18a43859fc02,family,1,1,1382359.5,1382359.5,1382359.5,Pseudacidobacterium ailaaui,1382359.5,Pseudacidobacterium ailaaui,1,1,1,1,True,True,True,True,1.0
b19a6e4c845337579974898a87af6efb,species,1,1,2717368.4,2717368.4,2717368.4,Ochrobactrum sp. SFR4,2717368.4,Ochrobactrum sp. SFR4,1,1,1,1,True,True,True,True,1.0
b19f66914b8cc02b1f56f65c78da92d3,species,2,2,2053306.302|1948670.3,2053306.302|1948670.3,2053306.302,Ignavibacteria bacterium,2053306.302,Ignavibacteria bacterium,1,2,2,1|4,True,True,True,True,1.0
b1a12be5e88edf77bfaef78dd01159eb,species,1,1,413497.13,413497.13,413497.13,Cronobacter dublinensis,413497.13,Cronobacter dublinensis,2,1,1,2,True,True,True,True,1.0
b1a591b229eeb0a21c42f2bce710c17b,species,2,2,2026780.489|1664347.22,2026780.489|1664347.22,2026780.489,Planctomycetota bacterium,2026780.489,Planctomycetota bacterium,1,2,2,1|2,True,True,True,True,1.0
b1b15f01b17108e9133db2f1eae6fcfe,species,2,2,3142262.4|1134435.5,3142262.4|1134435.5,3142262.4,Thauera sp. JM12B12,3142262.4,Thauera sp. JM12B12,1,2,2,1|2,True,True,True,True,1.0
b1b4924f78108cdb7f9c18a5636481c8,species,1,1,243904.503,243904.503,243904.503,uncultured Chlorobiaceae bacterium,243904.503,uncultured Chlorobiaceae bacterium,1,1,1,1,True,True,True,True,1.0
b1c3c777d953bc0d4036eaf4686d239b,species,2,2,1879010.9840|591373.4,1879010.9840|591373.4,1879010.9840,Bacillota bacterium,1879010.9840,Bacillota bacterium,1,2,2,1|2,True,True,True,True,1.0
b1c485c90315261f0aa097ffbc96fbe0,species,1,1,2044936.833,2044936.833,2044936.833,Bacteroidia bacterium,2044936.833,Bacteroidia bacterium,1,1,1,1,True,True,True,True,1.0
b1cb0294e44fdc3dfb2296933f837f97,genus,1,1,2052143.595,2052143.595,2052143.595,Anaerolineae bacterium,2052143.595,Anaerolineae bacterium,1,1,1,1,True,True,True,True,1.0
b1d08a5c630f4c243c504ad5196a6565,species,1,1,100233.312,100233.312,100233.312,uncultured Planctomycetaceae bacterium,100233.312,uncultured Planctomycetaceae bacterium,1,1,1,1,True,True,True,True,1.0
b1d2439b506f482510d007f8e4bb73c3,genus,1,1,1353778.5,1353778.5,1353778.5,Flavobacterium lacus,1353778.5,Flavobacterium lacus,1,1,1,1,True,True,True,True,1.0
b1d457396d3c2851488991b56c51963e,genus,4,4,3141376.3|2600299.3|2587854.3|281252.8,3141376.3|2600299.3|2587854.3|281252.8,3141376.3,Roseibium sp. SCP15,3141376.3,Roseibium sp. SCP15,1,4,4,1|14|3|13,True,True,True,True,1.0
b1e4a8853b123e4cadaf3b13180e9a87,species,1,1,2895980.5,2895980.5,2895980.5,Terrirubrum flagellatum,2895980.5,Terrirubrum flagellatum,1,1,1,1,True,True,True,True,1.0
b1f1c624b121c47dd445765549758153,below,0,0,,,,,,,,0,0,,,,,,
b2092074812d18696ebe2d4d8db4b8b5,species,2,2,3142262.4|1134435.5,3142262.4|1134435.5,3142262.4,Thauera sp. JM12B12,3142262.4,Thauera sp. JM12B12,1,2,2,1|2,True,True,True,True,1.0
b21c4fbccab4d33a3e68a8a3998d8938,family,1,1,2044944.17,2044944.17,2044944.17,Sphingobacteriales bacterium,2044944.17,Sphingobacteriales bacterium,1,1,1,1,True,True,True,True,1.0
b24869ea82789feabea685e0ea0a3b05,species,2,2,1874826.21|2025349.6,1874826.21|2025349.6,1874826.21,Novosphingobium sp.,1874826.21,Novosphingobium sp.,1,2,2,1|5,True,True,True,True,1.0
b24f5a90bf3907d189210ac135142154,species,2,2,376.565|2698826.3,376.565|2698826.3,376.565,Bradyrhizobium sp.,376.565,Bradyrhizobium sp.,1,2,2,1|3,True,True,True,True,1.0
b26eb5a5ca6820d220d5433b1cffa5e6,species,2,2,1892848.3|1219058.3,1892848.3|1219058.3,1892848.3,Sphingopyxis sp. P1IMeth2,1892848.3,Sphingopyxis sp. P1IMeth2,1,2,2,1|3,True,True,True,True,1.0
b28df5669a5a25e1580eda59e6d66d6f,genus,2,2,2026804.104|2052139.1176,2026804.104|2052139.1176,2026804.104,Candidatus Woesebacteria bacterium,2026804.104,Candidatus Woesebacteria bacterium,1,2,2,1|2,True,True,True,True,1.0
b296c56fc501ca8a86851886d533c693,species,1,1,2212473.221,2212473.221,2212473.221,Kiritimatiellia bacterium,2212473.221,Kiritimatiellia bacterium,1,1,1,1,True,True,True,True,1.0
b29e6a069a357fc47aec01bf9057592c,genus,2,2,1962975.53|543037.5,1962975.53|543037.5,1962975.53,Rhodoblastus sp.,1962975.53,Rhodoblastus sp.,2,2,2,2|1,True,True,True,True,1.0
b2bc70db3485414e5608b3617610f989,genus,2,2,2026792.299|460511.36,2026792.299|460511.36,2026792.299,Spirochaetales bacterium,2026792.299,Spirochaetales bacterium,1,2,2,1|3,True,True,True,True,1.0
b2cb3e085136e9d95d5ad59acbd08122,family,1,1,1672391.278,1672391.278,1672391.278,uncultured Chloroflexia bacterium,1672391.278,uncultured Chloroflexia bacterium,1,1,1,1,True,True,True,True,1.0
b2e54e0dbe70f259b028eea6b6eee481,family,1,1,1672391.396,1672391.396,1672391.396,uncultured Chloroflexia bacterium,1672391.396,uncultured Chloroflexia bacterium,1,1,1,1,True,True,True,True,1.0
b30381c0ac72ecb30669e26fb740f005,genus,1,1,317577.8,317577.8,317577.8,Deinococcus ficus,317577.8,Deinococcus ficus,1,1,1,1,True,True,True,True,1.0
b31c455aef82da2b3f948c3ceaae406e,species,2,2,3110231.4|1977087.1914,3110231.4|1977087.1914,3110231.4,Thiobacillus sedimenti,3110231.4,Thiobacillus sedimenti,1,2,2,1|3,True,True,True,True,1.0
b3212e5999b2caeca27dde5e430dc18d,genus,3,3,1869212.483|2849502.3|249.11,1869212.483|2849502.3|249.11,1869212.483,Chitinophagaceae bacterium,1869212.483,Chitinophagaceae bacterium,1,3,3,1|2|5,True,True,True,True,1.0
b321310e99fd47766c90d02f6de9a0ef,species,2,2,1977087.1003|1965277.3,1977087.1003|1965277.3,1977087.1003,Pseudomonadota bacterium,1977087.1003,Pseudomonadota bacterium,1,2,2,1|2,True,True,True,True,1.0
b33446ef842d2c5e3464a8c6c6559dc9,genus,2,2,3156345.4|91750.3113,3156345.4|91750.3113,3156345.4,Devosia sp. UYZn731,3156345.4,Devosia sp. UYZn731,1,2,2,1|2,True,True,True,True,1.0
b3369301f9b2b6872f25e4baaadb0951,genus,1,1,2052139.101,2052139.101,2052139.101,Patescibacteria group bacterium,2052139.101,Patescibacteria group bacterium,1,1,1,1,True,True,True,True,1.0
b343f39b79cbce1c7b232d00dec8b2b9,species,2,2,3142262.4|1134435.5,3142262.4|1134435.5,3142262.4,Thauera sp. JM12B12,3142262.4,Thauera sp. JM12B12,1,2,2,1|2,True,True,True,True,1.0
b3451c09cf39eb1aa658a4233897c27f,species,2,2,2291710.95|529810.4,2291710.95|529810.4,2291710.95,Dokdonella sp.,2291710.95,Dokdonella sp.,1,2,2,1|3,True,True,True,True,1.0
b34ffbe35e7c2090e735d224986dbcf1,species,1,1,2022747.4,2022747.4,2022747.4,Elstera cyanobacteriorum,2022747.4,Elstera cyanobacteriorum,1,1,1,1,True,True,True,True,1.0
b35349931da166fab528984ef03bd9a8,genus,1,1,1783274.4,1783274.4,1783274.4,Arsenicitalea aurantiaca,1783274.4,Arsenicitalea aurantiaca,2,1,1,2,True,True,True,True,1.0
b35785a777a46870e1517241871634c7,species,2,2,70125.110|330214.37,70125.110|330214.37,70125.110,Nitrospira sp.,70125.110,Nitrospira sp.,1,2,2,1|3,True,True,True,True,1.0
b35c84f9bd5249935d8b348fefa7c8b7,species,1,1,1913988.3699,1913988.3699,1913988.3699,Alphaproteobacteria bacterium,1913988.3699,Alphaproteobacteria bacterium,1,1,1,1,True,True,True,True,1.0
b36751ea6530ad40b15286027a12d57b,genus,2,2,2021391.304|2030806.13,2021391.304|2030806.13,2021391.304,Flavobacteriales bacterium,2021391.304,Flavobacteriales bacterium,2,2,2,2|3,True,True,True,True,1.0
b367d40523545c5b6833645787c6c7ee,genus,1,1,120965.191,120965.191,120965.191,uncultured Planctomycetota bacterium,120965.191,uncultured Planctomycetota bacterium,1,1,1,1,True,True,True,True,1.0
b3719b1dd711ed6985ef55623d44f430,species,2,2,2053538.110|2026780.1498,2053538.110|2026780.1498,2053538.110,Candidatus Competibacteraceae bacterium,2053538.110,Candidatus Competibacteraceae bacterium,2,2,2,2|5,True,True,True,True,1.0
b37426568bcdff4ec929b51493991de5,species,1,1,2030809.71,2030809.71,2030809.71,Candidatus Hydrogenedentota bacterium,2030809.71,Candidatus Hydrogenedentota bacterium,1,1,1,1,True,True,True,True,1.0
b39262b4faf73eddcb00af1b4706431b,species,1,1,2026780.487,2026780.487,2026780.487,Planctomycetota bacterium,2026780.487,Planctomycetota bacterium,1,1,1,1,True,True,True,True,1.0
b39cca3ab8c233b1be14ce265493ce46,genus,1,1,2268199.312,2268199.312,2268199.312,Polyangiaceae bacterium,2268199.312,Polyangiaceae bacterium,1,1,1,1,True,True,True,True,1.0
b3a2124dd8d486ac0ebed9e6c98a748d,species,1,1,1973496.3,1973496.3,1973496.3,Herpetosiphon gulosus,1973496.3,Herpetosiphon gulosus,1,1,1,1,True,True,True,True,1.0
b3d0f3fd67266cc7a7d8efa5c3c3bdbf,species,2,2,2053538.110|2026780.1498,2053538.110|2026780.1498,2053538.110,Candidatus Competibacteraceae bacterium,2053538.110,Candidatus Competibacteraceae bacterium,2,2,2,2|5,True,True,True,True,1.0
b3e4d9d82bf4073dc7c06489dea2005e,species,1,1,2022747.4,2022747.4,2022747.4,Elstera cyanobacteriorum,2022747.4,Elstera cyanobacteriorum,1,1,1,1,True,True,True,True,1.0
b40d8b68c8f863161b9a59f35aa52263,species,2,2,2053538.110|2026780.1498,2053538.110|2026780.1498,2053538.110,Candidatus Competibacteraceae bacterium,2053538.110,Candidatus Competibacteraceae bacterium,2,2,2,2|5,True,True,True,True,1.0
b42660dda36ebd2a4d4c8a075ce026f0,genus,2,2,1873125.5|1604334.3,1873125.5|1604334.3,1873125.5,Luteimonas sp.,1873125.5,Luteimonas sp.,1,2,2,1|2,True,True,True,True,1.0
b430b235c13dc290a318fab2a6fbe71a,genus,1,1,3034171.123,3034171.123,3034171.123,Polyangiales bacterium,3034171.123,Polyangiales bacterium,1,1,1,1,True,True,True,True,1.0
b441db6d96699b204a69c21e2fef96cd,family,1,1,316068.7,316068.7,316068.7,Leadbetterella byssophila,316068.7,Leadbetterella byssophila,1,1,1,1,True,True,True,True,1.0
b445278a89631823b61e5cfca7d3cd88,genus,2,2,1869227.1765|179883.2131,1869227.1765|179883.2131,1869227.1765,bacterium,1869227.1765,bacterium,1,2,2,1|2,True,True,True,True,1.0
b46555f0611bb581918b821b3bdb41f3,species,1,1,2202734.37,2202734.37,2202734.37,Saprospiraceae bacterium,2202734.37,Saprospiraceae bacterium,1,1,1,1,True,True,True,True,1.0
b48f712193bab6b71947a2d4d01c518b,species,2,2,2053306.139|114054.16,2053306.139|114054.16,2053306.139,Ignavibacteria bacterium,2053306.139,Ignavibacteria bacterium,1,2,2,1|2,True,True,True,True,1.0
b4900060b15cd3eab0697bdc00bfc33a,species,2,2,408.47|3364168.3,408.47|3364168.3,408.47,Methylorubrum extorquens,408.47,Methylorubrum extorquens,1,2,2,1|3,True,True,True,True,1.0
b4b5b1fdeca2a56f1cc8509d31ff35e0,species,1,1,2044936.837,2044936.837,2044936.837,Bacteroidia bacterium,2044936.837,Bacteroidia bacterium,1,1,1,1,True,True,True,True,1.0
b4b86881cf8ff3a9f091e29c5b31a5c7,species,2,2,2053538.110|2026780.1498,2053538.110|2026780.1498,2053538.110,Candidatus Competibacteraceae bacterium,2053538.110,Candidatus Competibacteraceae bacterium,2,2,2,2|5,True,True,True,True,1.0
b4b9f6c28822fd3169b3703ebb2e7101,species,1,1,2026792.315,2026792.315,2026792.315,Spirochaetales bacterium,2026792.315,Spirochaetales bacterium,1,1,1,1,True,True,True,True,1.0
b4bfd128b90b02723eb9640d844f66bb,species,1,1,2026800.58,2026800.58,2026800.58,Verrucomicrobiaceae bacterium,2026800.58,Verrucomicrobiaceae bacterium,1,1,1,1,True,True,True,True,1.0
b4c1d1d86ab5cf31620546136fb5d9a1,species,1,1,3092586.3,3092586.3,3092586.3,,3092586.3,,1,1,1,1,True,True,True,False,1.0
b4d8f1710ef92b0d0aea840005b6289b,below,0,0,,,,,,,,0,0,,,,,,
b4e841138ea95d19e6e1efcb45afcde2,species,1,1,1904441.236,1904441.236,1904441.236,Paracoccaceae bacterium,1904441.236,Paracoccaceae bacterium,1,1,1,1,True,True,True,True,1.0
b4f6a50767fbcbf7247490c54a47bad3,family,1,1,1869227.10076,1869227.10076,1869227.10076,bacterium,1869227.10076,bacterium,1,1,1,1,True,True,True,True,1.0
b5025b678a3f3dfd092ec583dfd7f3d6,species,2,2,453162.3|2886963.7,453162.3|2886963.7,453162.3,Candidatus Nitrotoga arctica,453162.3,Candidatus Nitrotoga arctica,3,2,2,3|5,True,True,True,True,1.0
b50c63588544dc85ceeca372f7b5a331,species,2,2,2053538.110|2026780.1498,2053538.110|2026780.1498,2053538.110,Candidatus Competibacteraceae bacterium,2053538.110,Candidatus Competibacteraceae bacterium,2,2,2,2|5,True,True,True,True,1.0
b517db2b70b74818b8fa506c3a9a4148,genus,2,2,1936159.10|2026800.45,1936159.10|2026800.45,1936159.10,Fimbriimonas sp.,1936159.10,Fimbriimonas sp.,1,2,2,1|2,True,True,True,True,1.0
b51aa67566af30a05ed365157dec32db,genus,1,1,2705082.3,2705082.3,2705082.3,Anaerolineae bacterium clx_SAG46,2705082.3,Anaerolineae bacterium clx_SAG46,1,1,1,1,True,True,True,True,1.0
b5252c84c8df1f74d5e9c8b22b392029,species,1,1,1891238.1721,1891238.1721,1891238.1721,Burkholderiales bacterium,1891238.1721,Burkholderiales bacterium,1,1,1,1,True,True,True,True,1.0
b528831103dfdeab71e1fbe709dbb01b,genus,1,1,2052139.29,2052139.29,2052139.29,Patescibacteria group bacterium,2052139.29,Patescibacteria group bacterium,1,1,1,1,True,True,True,True,1.0
b539142021ee37fc023a989c08caddb4,genus,2,2,1879010.10588|3083246.38,1879010.10588|3083246.38,1879010.10588,Bacillota bacterium,1879010.10588,Bacillota bacterium,1,2,2,1|2,True,True,True,True,1.0
b556b48f4869bb4663940b8861bac9ee,species,1,1,1898104.5357,1898104.5357,1898104.5357,Bacteroidota bacterium,1898104.5357,Bacteroidota bacterium,1,1,1,1,True,True,True,True,1.0
b58282f98f28c2e087666f285713d26f,species,2,2,2053538.110|2026780.1498,2053538.110|2026780.1498,2053538.110,Candidatus Competibacteraceae bacterium,2053538.110,Candidatus Competibacteraceae bacterium,2,2,2,2|5,True,True,True,True,1.0
b58a75d4365148a3cc3e0ec8aa879ef7,species,1,1,2499140.25,2499140.25,2499140.25,Negativicutes bacterium,2499140.25,Negativicutes bacterium,1,1,1,1,True,True,True,True,1.0
b591de8fcef00f9f5052abfc92ab5436,species,1,1,1672391.215,1672391.215,1672391.215,uncultured Chloroflexia bacterium,1672391.215,uncultured Chloroflexia bacterium,1,1,1,1,True,True,True,True,1.0
b59c39710af1ff25e0a7f7f7ac782cb2,species,2,2,50421.57|86027.672,50421.57|86027.672,50421.57,Rhodoferax sp.,50421.57,Rhodoferax sp.,1,2,2,1|2,True,True,True,True,1.0
b5b0791d9091f261b0bddcc3a3f4d45d,species,1,1,152509.1759,152509.1759,152509.1759,uncultured Bacteroidota bacterium,152509.1759,uncultured Bacteroidota bacterium,1,1,1,1,True,True,True,True,1.0
b5d1ebb13e719af9a1b46f4ab63f60e9,species,2,2,3142262.4|1134435.5,3142262.4|1134435.5,3142262.4,Thauera sp. JM12B12,3142262.4,Thauera sp. JM12B12,1,2,2,1|2,True,True,True,True,1.0
b5f031730aa16c43b904be1915f302a9,species,2,2,2026720.1067|413497.34,2026720.1067|413497.34,2026720.1067,Candidatus Saccharimonadota bacterium,2026720.1067,Candidatus Saccharimonadota bacterium,1,2,2,1|2,True,True,True,True,1.0
b62cc31b5ab7e4b588b7c4c8e87a5565,species,0,0,,,,,,,,0,0,,,,,,
b6634d964cf5588501cf64bb70a7c763,species,2,2,419596.9|2982694.3,419596.9|2982694.3,419596.9,,419596.9,,3,2,2,3|4,True,True,True,False,1.0
b6659ef305819aabacf82fa333d503b6,species,2,2,1869227.2999|86473.3049,1869227.2999|86473.3049,1869227.2999,bacterium,1869227.2999,bacterium,1,2,2,1|3,True,True,True,True,1.0
b69dd156f88737e495899ef14ac00a46,species,2,2,2211374.3|2823334.3,2211374.3|2823334.3,2211374.3,Candidatus Accumulibacter meliphilus,2211374.3,Candidatus Accumulibacter meliphilus,1,2,2,1|5,True,True,True,True,1.0
b69ec8f81ae30411991a564bdf54c823,genus,1,1,1632865.4,1632865.4,1632865.4,Pirellula sp. SH-Sr6A,1632865.4,Pirellula sp. SH-Sr6A,1,1,1,1,True,True,True,True,1.0
b6a97c9904bbcb36a3198524eda764cd,family,1,1,2026763.588,2026763.588,2026763.588,Myxococcales bacterium,2026763.588,Myxococcales bacterium,1,1,1,1,True,True,True,True,1.0
b6a9f7a93d2d22d2aeb25a1d58a88129,species,2,2,1904441.801|3276282.3,1904441.801|3276282.3,1904441.801,Paracoccaceae bacterium,1904441.801,Paracoccaceae bacterium,1,2,2,1|2,True,True,True,True,1.0
b6aad32851d90af36e41f27ddd2402fc,genus,1,1,1921001.4,1921001.4,1921001.4,Candidatus Bealeia paramacronuclearis,1921001.4,Candidatus Bealeia paramacronuclearis,1,1,1,1,True,True,True,True,1.0
b6d89983b0408b8a8e06315df5945470,family,2,2,370973.3|2902720.19,370973.3|2902720.19,370973.3,Runella defluvii,370973.3,Runella defluvii,2,2,2,2|3,True,True,True,True,1.0
b6fc92b706999e8ad24c29e6616599c6,species,1,1,1476973.4,1476973.4,1476973.4,Peptostreptococcaceae bacterium VA2,1476973.4,Peptostreptococcaceae bacterium VA2,3,1,1,3,True,True,True,True,1.0
b711996402d0bb9abbe0a9ae33afbd43,genus,1,1,1883427.1332,1883427.1332,1883427.1332,Actinomycetes bacterium,1883427.1332,Actinomycetes bacterium,1,1,1,1,True,True,True,True,1.0
b7191fab88f8637bd54091cec9775a14,family,2,2,2035772.1785|2053573.46,2035772.1785|2053573.46,2035772.1785,Candidatus Omnitrophota bacterium,2035772.1785,Candidatus Omnitrophota bacterium,1,2,2,1|3,True,True,True,True,1.0
b71c9307b1a7e2b4d89ac9645cc752d4,species,1,1,2715253.31,2715253.31,2715253.31,Pirellulales bacterium,2715253.31,Pirellulales bacterium,1,1,1,1,True,True,True,True,1.0
b7292cbb94f004a8f6390ff507c1d044,family,1,1,1869227.2999,1869227.2999,1869227.2999,bacterium,1869227.2999,bacterium,1,1,1,1,True,True,True,True,1.0
b72e84f8f7a4a3f5074662a152a7bc45,species,2,2,2026780.489|1664347.22,2026780.489|1664347.22,2026780.489,Planctomycetota bacterium,2026780.489,Planctomycetota bacterium,1,2,2,1|2,True,True,True,True,1.0
b7306b75b8fe0c70e9ff915d4dc2b6f1,genus,1,1,2026799.426,2026799.426,2026799.426,Verrucomicrobiota bacterium,2026799.426,Verrucomicrobiota bacterium,1,1,1,1,True,True,True,True,1.0
b73107905edd542aba4628db2d5c2f7f,species,1,1,2026735.824,2026735.824,2026735.824,Deltaproteobacteria bacterium,2026735.824,Deltaproteobacteria bacterium,1,1,1,1,True,True,True,True,1.0
b731271183aab123284f9067faa51124,species,1,1,1898104.611,1898104.611,1898104.611,Bacteroidota bacterium,1898104.611,Bacteroidota bacterium,1,1,1,1,True,True,True,True,1.0
b731d53e7952dc9dd093e0135e5cfc74,genus,1,1,2030809.165,2030809.165,2030809.165,Candidatus Hydrogenedentota bacterium,2030809.165,Candidatus Hydrogenedentota bacterium,1,1,1,1,True,True,True,True,1.0
b7377a5ed46b4f658159191d1836683e,species,1,1,2024896.169,2024896.169,2024896.169,Anaerolineaceae bacterium,2024896.169,Anaerolineaceae bacterium,1,1,1,1,True,True,True,True,1.0
b74f864b1347a3da2f3a9d094ca14316,family,1,1,2030927.4585,2030927.4585,2030927.4585,Bacteroidales bacterium,2030927.4585,Bacteroidales bacterium,1,1,1,1,True,True,True,True,1.0
b7539111ef92a034b5c815fea80e72d9,species,2,2,2976818.4|2053589.809,2976818.4|2053589.809,2976818.4,Cloacibacterium sp. TD35,2976818.4,Cloacibacterium sp. TD35,1,2,2,1|2,True,True,True,True,1.0
b75416c48f46e93a9e3622080cde9b06,family,2,2,2053591.246|2026779.717,2053591.246|2026779.717,2053591.246,Planctomycetales bacterium,2053591.246,Planctomycetales bacterium,1,2,2,1|2,True,True,True,True,1.0
b75afa51d42ca53d92fb1604b1592968,genus,1,1,1871037.1098,1871037.1098,1871037.1098,Flavobacteriaceae bacterium,1871037.1098,Flavobacteriaceae bacterium,1,1,1,1,True,True,True,True,1.0
b77657f1a0921612f77bd5f42d66e29a,species,2,2,337779.3|86027.1246,337779.3|86027.1246,337779.3,Dechloromonas hortensis,337779.3,Dechloromonas hortensis,1,2,2,1|2,True,True,True,True,1.0
b77a2c349d59e26e1a4089997a339356,genus,1,1,2026804.146,2026804.146,2026804.146,Candidatus Woesebacteria bacterium,2026804.146,Candidatus Woesebacteria bacterium,1,1,1,1,True,True,True,True,1.0
b7806c4f83108800a9c32dc83c148d95,species,2,2,2053634.216|2022749.209,2053634.216|2022749.209,2053634.216,Candidatus Uhrbacteria bacterium,2053634.216,Candidatus Uhrbacteria bacterium,1,2,2,1|2,True,True,True,True,1.0
b78362f8ddb660d8452d2bdc4dbadc85,family,1,1,3034171.47,3034171.47,3034171.47,Polyangiales bacterium,3034171.47,Polyangiales bacterium,1,1,1,1,True,True,True,True,1.0
b786cca4dd078cd2bee383cb279449ba,family,1,1,2052139.2450,2052139.2450,2052139.2450,Patescibacteria group bacterium,2052139.2450,Patescibacteria group bacterium,1,1,1,1,True,True,True,True,1.0
b78c48dde87fdbdaae4ae1672ab76230,species,2,2,2053538.110|2026780.1498,2053538.110|2026780.1498,2053538.110,Candidatus Competibacteraceae bacterium,2053538.110,Candidatus Competibacteraceae bacterium,2,2,2,2|5,True,True,True,True,1.0
b79d14bf75914234583b7bf7ff7e8f47,species,1,1,77133.18342,77133.18342,77133.18342,uncultured bacterium,77133.18342,uncultured bacterium,1,1,1,1,True,True,True,True,1.0
b7a2f949d87f6ce14145811c2d2974af,species,2,2,82803.45|2094020.5,82803.45|2094020.5,82803.45,Trichococcus flocculiformis,82803.45,Trichococcus flocculiformis,2,2,2,2|6,True,True,True,True,1.0
b7a980efaaa173b295ac29984e63a0e5,species,2,2,1913989.5251|86473.1611,1913989.5251|86473.1611,1913989.5251,Gammaproteobacteria bacterium,1913989.5251,Gammaproteobacteria bacterium,1,2,2,1|2,True,True,True,True,1.0
b7b44df75940fa34eeb25a051c38fcb3,genus,3,3,400774.3|1835606.3|2663797.3,400774.3|1835606.3|2663797.3,400774.3,Nocardioides panacihumi,400774.3,Nocardioides panacihumi,1,3,3,1|3|4,True,True,True,True,1.0
b7c21bc8fbb84f63989ebb8c2ace60aa,family,2,2,96773.10|3142262.4,96773.10|3142262.4,96773.10,Thauera chlorobenzoica,96773.10,Thauera chlorobenzoica,1,2,2,1|2,True,True,True,True,1.0
b7cb7fd682d525d0569a0088a3c008ee,genus,1,1,2570190.3,2570190.3,2570190.3,Zoogloea sp. 1C4,2570190.3,Zoogloea sp. 1C4,1,1,1,1,True,True,True,True,1.0
b7cbff559af65a6d60db88c804c7b920,species,1,1,1898104.640,1898104.640,1898104.640,Bacteroidota bacterium,1898104.640,Bacteroidota bacterium,1,1,1,1,True,True,True,True,1.0
b7d99e7e41d68f37a0f909440f8f0cb3,species,2,2,1869337.100|1879010.10571,1869337.100|1879010.10571,1869337.100,Parabacteroides sp.,1869337.100,Parabacteroides sp.,1,2,2,1|2,True,True,True,True,1.0
b7f74040869199a20280aedf96cb1da9,genus,1,1,77133.17677,77133.17677,77133.17677,uncultured bacterium,77133.17677,uncultured bacterium,1,1,1,1,True,True,True,True,1.0
b8023a8ea58f5203b9d52546f6f7d0cb,family,1,1,86473.1718,86473.1718,86473.1718,uncultured Gammaproteobacteria bacterium,86473.1718,uncultured Gammaproteobacteria bacterium,1,1,1,1,True,True,True,True,1.0
b81a266792aaaa42138dcf23fe4139ac,genus,2,2,152507.2742|2080302.839,152507.2742|2080302.839,152507.2742,uncultured Actinomycetes bacterium,152507.2742,uncultured Actinomycetes bacterium,1,2,2,1|5,True,True,True,True,1.0
b830e2e2f204a0c0e1e48a296244d798,species,1,1,2818473.28,2818473.28,2818473.28,Giesbergeria sp.,2818473.28,Giesbergeria sp.,1,1,1,1,True,True,True,True,1.0
b84ef0fd84cc6fd73c17bd6345ff63cd,species,2,2,2570193.3|337779.3,2570193.3|337779.3,2570193.3,Dechloromonas sp. H13,2570193.3,Dechloromonas sp. H13,1,2,2,1|2,True,True,True,True,1.0
b860c06c26ea7ff16406b9aef4ec0340,below,0,0,,,,,,,,0,0,,,,,,
b864ee081425e1169c3a97db5f56d8a2,genus,1,1,2026763.534,2026763.534,2026763.534,Myxococcales bacterium,2026763.534,Myxococcales bacterium,1,1,1,1,True,True,True,True,1.0
b87169030deed04dc4b504c53964ffbe,species,2,2,94.4|2499141.280,94.4|2499141.280,94.4,Allostella humosa,94.4,Allostella humosa,1,2,2,1|2,True,True,True,True,1.0
b894db39327d5c15e3476a546515e3e5,species,1,1,2991473.5,2991473.5,2991473.5,Lysobacteraceae bacterium PS02065,2991473.5,Lysobacteraceae bacterium PS02065,1,1,1,1,True,True,True,True,1.0
b8a46f8e6a452ab29f73995adde49bf6,genus,1,1,3394234.3,3394234.3,3394234.3,Bdellovibrio sp. HCB-162,3394234.3,Bdellovibrio sp. HCB-162,1,1,1,1,True,True,True,True,1.0
b8a91e481f7c10120bba992c0b92eee2,species,2,2,2006848.228|2201154.138,2006848.228|2201154.138,2006848.228,Opitutaceae bacterium,2006848.228,Opitutaceae bacterium,2,2,2,2|3,True,True,True,True,1.0
b8b11430e411f011bc3a8ed9f66ecd77,species,1,1,183759.6,183759.6,183759.6,uncultured Methanomethylovorans sp.,183759.6,uncultured Methanomethylovorans sp.,1,1,1,1,True,True,True,True,1.0
b8bfaaba6e728867c817ec471a8c77bc,species,2,2,2202734.160|261514.183,2202734.160|261514.183,2202734.160,Saprospiraceae bacterium,2202734.160,Saprospiraceae bacterium,1,2,2,1|6,True,True,True,True,1.0
b8d1dfe23a34aac2ec9fda84dc272238,species,2,2,2026735.698|3034171.125,2026735.698|3034171.125,2026735.698,Deltaproteobacteria bacterium,2026735.698,Deltaproteobacteria bacterium,1,2,2,1|2,True,True,True,True,1.0
b8d78c0e3b80b1218d80475ec19bbea0,species,1,1,2497639.23,2497639.23,2497639.23,Thermoflexales bacterium,2497639.23,Thermoflexales bacterium,1,1,1,1,True,True,True,True,1.0
b8f4cde0fde19c5c0d78cc385344aa23,species,1,1,768556.424,768556.424,768556.424,uncultured Solirubrobacterales bacterium,768556.424,uncultured Solirubrobacterales bacterium,1,1,1,1,True,True,True,True,1.0
b8f552d83d716bc34a7d41184414a6d5,species,2,2,128785.61|69284.5,128785.61|69284.5,128785.61,Pseudoxanthomonas mexicana,128785.61,Pseudoxanthomonas mexicana,1,2,2,1|2,True,True,True,True,1.0
b8ff58df29ee3eedc7f6864d970f5e3c,species,2,2,53406.4|2994661.3,53406.4|2994661.3,53406.4,Pseudomonas anguilliseptica,53406.4,Pseudomonas anguilliseptica,1,2,2,1|4,True,True,True,True,1.0
b916a9c2804b408fac764e2b74e0933f,species,1,1,86027.1520,86027.1520,86027.1520,uncultured beta proteobacterium,86027.1520,uncultured beta proteobacterium,1,1,1,1,True,True,True,True,1.0
b933c1a1181507571845c07ebfd4dd4f,genus,2,2,2478482.10|2099678.82,2478482.10|2099678.82,2478482.10,Hydrogenophilales bacterium,2478482.10,Hydrogenophilales bacterium,1,2,2,1|2,True,True,True,True,1.0
b93bb79fdcac8a234ba92f6ba8a8b580,genus,1,1,2044936.833,2044936.833,2044936.833,Bacteroidia bacterium,2044936.833,Bacteroidia bacterium,1,1,1,1,True,True,True,True,1.0
b954740db386b6d32d09b926b4359a9c,genus,1,1,2073117.44,2073117.44,2073117.44,Anaerolineales bacterium,2073117.44,Anaerolineales bacterium,1,1,1,1,True,True,True,True,1.0
b95b6780c4c860d32cbcc5163e9201c1,species,2,2,194843.939|2053589.824,194843.939|2053589.824,194843.939,uncultured Bacteroidales bacterium,194843.939,uncultured Bacteroidales bacterium,1,2,2,1|3,True,True,True,True,1.0
b9628a918cba13602a55978c53b99e51,species,1,1,2282154.51,2282154.51,2282154.51,Geobacteraceae bacterium,2282154.51,Geobacteraceae bacterium,2,1,1,2,True,True,True,True,1.0
b966c3a2ab79ebca13128c8a61f81ef8,species,1,1,2030800.133,2030800.133,2030800.133,Elusimicrobiota bacterium,2030800.133,Elusimicrobiota bacterium,1,1,1,1,True,True,True,True,1.0
b975f9ae1ec1547436840c0bbedeef1c,family,2,2,1127.41|2448779.609,1127.41|2448779.609,1127.41,Microcystis sp.,1127.41,Microcystis sp.,1,2,2,1|2,True,True,True,True,1.0
b9779a83e705307c6596e4741240726c,species,2,2,1396.3703|2026186.362,1396.3703|2026186.362,1396.3703,Bacillus cereus,1396.3703,Bacillus cereus,1,2,2,1|2,True,True,True,True,1.0
b9785039f8256a0d4c8c15551eecb7b4,species,2,2,2976818.4|2053589.809,2976818.4|2053589.809,2976818.4,Cloacibacterium sp. TD35,2976818.4,Cloacibacterium sp. TD35,1,2,2,1|2,True,True,True,True,1.0
b98943815751dceedf833621296779d1,species,1,1,2073117.137,2073117.137,2073117.137,Anaerolineales bacterium,2073117.137,Anaerolineales bacterium,1,1,1,1,True,True,True,True,1.0
b98b4f920f43bd0a1fb21139395c5993,species,2,2,3142262.4|1134435.5,3142262.4|1134435.5,3142262.4,Thauera sp. JM12B12,3142262.4,Thauera sp. JM12B12,1,2,2,1|2,True,True,True,True,1.0
b99fb7ecf674bd969696be4c72a50593,genus,4,4,1952931.3|3069120.78|2499141.297|412056.163,1952931.3|3069120.78|2499141.297|412056.163,1952931.3,Verrucomicrobia subdivision 3 bacterium UBA6082,1952931.3,Verrucomicrobia subdivision 3 bacterium UBA6082,1,4,4,1|2|3|4,True,True,True,True,1.0
b9a730ece1e912ebe324b0573c475b31,species,1,1,2026803.670,2026803.670,2026803.670,Candidatus Woesearchaeota archaeon,2026803.670,Candidatus Woesearchaeota archaeon,1,1,1,1,True,True,True,True,1.0
b9b44c7294075a62f00b7dc90f4695ce,species,2,2,2053589.824|2052139.2287,2053589.824|2052139.2287,2053589.824,Minisyncoccota bacterium,2053589.824,Minisyncoccota bacterium,1,2,2,1|2,True,True,True,True,1.0
b9bbd457c47d9314b46ba20260b5dedd,family,2,2,2073117.820|1672391.401,2073117.820|1672391.401,2073117.820,Anaerolineales bacterium,2073117.820,Anaerolineales bacterium,1,2,2,1|3,True,True,True,True,1.0
b9bcc4da180cadfdcc7aae9f3578c456,species,2,2,267128.12|462372.3,267128.12|462372.3,267128.12,Sphingopyxis granuli,267128.12,Sphingopyxis granuli,1,2,2,1|2,True,True,True,True,1.0
b9cd973e117650e0f1bbd9dd4e521db3,genus,1,1,2692182.3,2692182.3,2692182.3,Criblamydiaceae bacterium,2692182.3,Criblamydiaceae bacterium,1,1,1,1,True,True,True,True,1.0
b9db3e87893901fc66eddce9abfcab02,species,2,2,1965318.11|2014369.31,1965318.11|2014369.31,1965318.11,Draconibacterium sp.,1965318.11,Draconibacterium sp.,2,2,2,2|1,True,True,True,True,1.0
b9e0f6f1b40ddc614ccc37f9b2c6b93f,species,2,2,3142262.4|1134435.5,3142262.4|1134435.5,3142262.4,Thauera sp. JM12B12,3142262.4,Thauera sp. JM12B12,1,2,2,1|2,True,True,True,True,1.0
b9e20f75c6f26ed3da44a8a674f39fb5,species,1,1,147645.199,147645.199,147645.199,Paracoccus yeei,147645.199,Paracoccus yeei,1,1,1,1,True,True,True,True,1.0
b9fb393bf9fab6b8b4e64aaea1858555,species,2,2,33889.100|1136497.4,33889.100|1136497.4,33889.100,Brevibacterium casei,33889.100,Brevibacterium casei,1,2,2,1|20,True,True,True,True,1.0
b9fcc126dde18fa248f7b0336af1c85a,species,2,2,1873125.5|1604334.3,1873125.5|1604334.3,1873125.5,Luteimonas sp.,1873125.5,Luteimonas sp.,1,2,2,1|2,True,True,True,True,1.0
ba0d49399955aec4ea76295f72217f6b,genus,1,1,2026729.127,2026729.127,2026729.127,Cytophagaceae bacterium,2026729.127,Cytophagaceae bacterium,1,1,1,1,True,True,True,True,1.0
ba0dfb9ee21c8b7ed117741a702a0487,genus,1,1,1913988.441,1913988.441,1913988.441,Alphaproteobacteria bacterium,1913988.441,Alphaproteobacteria bacterium,1,1,1,1,True,True,True,True,1.0
ba2331fb566b5b300531441442223aa3,species,2,2,1442385.3|477680.7,1442385.3|477680.7,1442385.3,Flavihumibacter cheonanensis,1442385.3,Flavihumibacter cheonanensis,1,2,2,1|3,True,True,True,True,1.0
ba2934379f8876c882a7a587c86f2a29,species,2,2,2822718.3|1858609.4,2822718.3|1858609.4,2822718.3,Acidovorax sp. JG5,2822718.3,Acidovorax sp. JG5,1,2,2,1|2,True,True,True,True,1.0
ba2eb1b0becf23b5ee9ea32ea133bc2f,species,1,1,91750.3095,91750.3095,91750.3095,uncultured Alphaproteobacteria bacterium,91750.3095,uncultured Alphaproteobacteria bacterium,1,1,1,1,True,True,True,True,1.0
ba2f2b5b2d52760df282b2df02f3deeb,genus,1,1,153809.1301,153809.1301,153809.1301,uncultured Pseudomonadota bacterium,153809.1301,uncultured Pseudomonadota bacterium,1,1,1,1,True,True,True,True,1.0
ba35d64264fa1ccb74eeca37b951ee39,species,1,1,2099675.13,2099675.13,2099675.13,Cyclobacteriaceae bacterium,2099675.13,Cyclobacteriaceae bacterium,2,1,1,2,True,True,True,True,1.0
ba396ad8eabfe63433e59a5576b8e385,family,1,1,411917.46,411917.46,411917.46,uncultured Planctomycetia bacterium,411917.46,uncultured Planctomycetia bacterium,1,1,1,1,True,True,True,True,1.0
ba43ee3e4c8a5313a9ef8c4ab8d7c489,family,1,1,2052139.2253,2052139.2253,2052139.2253,Patescibacteria group bacterium,2052139.2253,Patescibacteria group bacterium,2,1,1,2,True,True,True,True,1.0
ba5351b9ce5fd0d252dfa26751cba423,species,2,2,2053538.110|2026780.1498,2053538.110|2026780.1498,2053538.110,Candidatus Competibacteraceae bacterium,2053538.110,Candidatus Competibacteraceae bacterium,2,2,2,2|5,True,True,True,True,1.0
ba70287747d0212a9d4da5b1e3627e58,species,2,2,1978231.684|2212468.211,1978231.684|2212468.211,1978231.684,Acidobacteriota bacterium,1978231.684,Acidobacteriota bacterium,2,2,2,2|3,True,True,True,True,1.0
ba7a268a7fbc9d7bb46203ee81d3ac90,species,1,1,3389798.3,3389798.3,3389798.3,Aeromicrobium sp. LTX1,3389798.3,Aeromicrobium sp. LTX1,1,1,1,1,True,True,True,True,1.0
ba891f774938c2e1b5c86afe1cdca359,family,1,1,1672391.659,1672391.659,1672391.659,uncultured Chloroflexia bacterium,1672391.659,uncultured Chloroflexia bacterium,1,1,1,1,True,True,True,True,1.0
ba99e797590266c42f60e128018f0f4b,family,1,1,2052156.90,2052156.90,2052156.90,Chlamydiia bacterium,2052156.90,Chlamydiia bacterium,1,1,1,1,True,True,True,True,1.0
ba9ad45340b6251af70d589183999f1e,below,0,0,,,,,,,,0,0,,,,,,
baa16afb81fac27e77479b45f9f11658,species,1,1,2757768.3,2757768.3,2757768.3,Emticicia sp. BO119,2757768.3,Emticicia sp. BO119,1,1,1,1,True,True,True,True,1.0
baa840052844d978bd3ed0e68d7a5d4e,family,0,0,,,,,,,,0,0,,,,,,
baabb4e6a8ae77c17424475c16839198,species,2,2,2829816.3|33987.12,2829816.3|33987.12,2829816.3,Exiguobacterium sp. PFWT01,2829816.3,Exiguobacterium sp. PFWT01,1,2,2,1|3,True,True,True,True,1.0
bab0ed3035ce36c68a5744f9c71b85ad,below,0,0,,,,,,,,0,0,,,,,,
bac2e2703d225cf9256e778aa0aa4c00,genus,1,1,2910169.42,2910169.42,2910169.42,Micropepsaceae bacterium,2910169.42,Micropepsaceae bacterium,2,1,1,2,True,True,True,True,1.0
bac4275833d1f1eba320e1de0a07bc4d,species,1,1,2202734.1195,2202734.1195,2202734.1195,Saprospiraceae bacterium,2202734.1195,Saprospiraceae bacterium,1,1,1,1,True,True,True,True,1.0
bad3678daf87cf1036da3cc02c47842a,species,0,0,,,,,,,,0,0,,,,,,
bafd529526ff3f42a59f904e411bb733,species,2,2,3093698.3|1306.81,3093698.3|1306.81,3093698.3,Streptococcus sp. TATVAM-FAB21,3093698.3,Streptococcus sp. TATVAM-FAB21,1,2,2,1|4,True,True,True,True,1.0
bafeb1f97127f2f6ade4aa5d582ef5f6,genus,1,1,2035772.802,2035772.802,2035772.802,Candidatus Omnitrophota bacterium,2035772.802,Candidatus Omnitrophota bacterium,1,1,1,1,True,True,True,True,1.0
bb08aa8cd804c407eb84bca48e92ebda,species,1,1,44472.12,44472.12,44472.12,Microcoleus sp.,44472.12,Microcoleus sp.,1,1,1,1,True,True,True,True,1.0
bb1059351a482907ba7f6c8c10f24a5b,genus,1,1,1898206.19,1898206.19,1898206.19,Spirochaetaceae bacterium,1898206.19,Spirochaetaceae bacterium,1,1,1,1,True,True,True,True,1.0
bb20af6b807060d32e3cf5f6360b4898,genus,3,3,172043.6|2795107.3|1871086.15,172043.6|2795107.3|1871086.15,172043.6,Brevundimonas nasdae,172043.6,Brevundimonas nasdae,2,3,3,2|3|15,True,True,True,True,1.0
bb21ed86721147e7c8feeadc8dc5f7cd,genus,4,4,1871086.64|1523422.3|74316.15|74329.9,1871086.64|1523422.3|74316.15|74329.9,1871086.64,Brevundimonas sp.,1871086.64,Brevundimonas sp.,1,4,4,1|3|4|9,True,True,True,True,1.0
bb2868e807dded8b8c537da33c7c882a,species,1,1,1678841.5,1678841.5,1678841.5,Lentimicrobium saccharophilum,1678841.5,Lentimicrobium saccharophilum,1,1,1,1,True,True,True,True,1.0
bb2eb1fb5af99b490cae0d83734cdb11,species,2,2,1433403.4|1666904.3,1433403.4|1666904.3,1433403.4,Glycocaulis abyssi,1433403.4,Glycocaulis abyssi,1,2,2,1|3,True,True,True,True,1.0
bb3a108bef7fa674281068f717ed6563,genus,1,1,2026791.112,2026791.112,2026791.112,Bryobacterales bacterium,2026791.112,Bryobacterales bacterium,1,1,1,1,True,True,True,True,1.0
bb49eff321ec8e8a8c10dbf3f7a57340,genus,4,4,3141376.3|2600299.3|2587854.3|281252.8,3141376.3|2600299.3|2587854.3|281252.8,3141376.3,Roseibium sp. SCP15,3141376.3,Roseibium sp. SCP15,1,4,4,1|14|3|13,True,True,True,True,1.0
bb87ce59ea59d04c1cab2a826d8c89bf,species,2,2,1869227.7415|153809.1301,1869227.7415|153809.1301,1869227.7415,bacterium,1869227.7415,bacterium,1,2,2,1|2,True,True,True,True,1.0
bb8dd1016667c701097e8b7486a16f9e,genus,1,1,2604146.12,2604146.12,2604146.12,Leptospirales bacterium,2604146.12,Leptospirales bacterium,1,1,1,1,True,True,True,True,1.0
bbb265fb3e7a0752ebf597a8844bfc16,species,1,1,1898104.1192,1898104.1192,1898104.1192,Bacteroidota bacterium,1898104.1192,Bacteroidota bacterium,1,1,1,1,True,True,True,True,1.0
bbc9a6bb7327822ed62eb0c9c889e548,species,2,2,1245526.3|2849492.3,1245526.3|2849492.3,1245526.3,Geopseudomonas guangdongensis,1245526.3,Geopseudomonas guangdongensis,1,2,2,1|2,True,True,True,True,1.0
bbd74bbdacf73b0fa13a1aa5fb524e15,species,0,0,,,,,,,,0,0,,,,,,
bbe4e5b9587770a27ebbd3fdd247c073,species,2,2,2813034.84|2052180.682,2813034.84|2052180.682,2813034.84,Sedimentisphaerales bacterium,2813034.84,Sedimentisphaerales bacterium,1,2,2,1|2,True,True,True,True,1.0
bbf4b96cca50ba796489ee821b2fcbfe,species,2,2,376.217|91750.3159,376.217|91750.3159,376.217,Bradyrhizobium sp.,376.217,Bradyrhizobium sp.,2,2,2,2|1,True,True,True,True,1.0
bc128d1423815e5f7407b17b13a2410b,genus,1,1,28201.90,28201.90,28201.90,Bdellovibrio sp.,28201.90,Bdellovibrio sp.,1,1,1,1,True,True,True,True,1.0
bc21e194896241b86f1fd75ba1fb9947,species,2,2,3093698.3|1306.81,3093698.3|1306.81,3093698.3,Streptococcus sp. TATVAM-FAB21,3093698.3,Streptococcus sp. TATVAM-FAB21,1,2,2,1|4,True,True,True,True,1.0
bc23a9c6efa52ce9b56e8b46558cf749,genus,1,1,111831.5,111831.5,111831.5,Defluviicoccus vanus,111831.5,Defluviicoccus vanus,1,1,1,1,True,True,True,True,1.0
bc2ad95014942c22f00ba3ccacd12138,species,1,1,2651163.3,2651163.3,2651163.3,Ignavibacteriaceae bacterium,2651163.3,Ignavibacteriaceae bacterium,1,1,1,1,True,True,True,True,1.0
bc2e7d139f70cad70378a5f158f2bb77,genus,1,1,2283092.706,2283092.706,2283092.706,Pyrinomonadaceae bacterium,2283092.706,Pyrinomonadaceae bacterium,1,1,1,1,True,True,True,True,1.0
bc605b62ccfa8bea0235434364d14423,below,0,0,,,,,,,,0,0,,,,,,
bc85938f61bfb977747f0b4d8a86f2b9,species,2,2,2898435.7|2448054.515,2898435.7|2448054.515,2898435.7,Phenylobacterium sp. J367,2898435.7,Phenylobacterium sp. J367,1,2,2,1|3,True,True,True,True,1.0
bcccd1bb278dcd3428e0ff53e4bcbf33,family,2,2,2053538.110|2026780.1498,2053538.110|2026780.1498,2053538.110,Candidatus Competibacteraceae bacterium,2053538.110,Candidatus Competibacteraceae bacterium,2,2,2,2|5,True,True,True,True,1.0
bcd7657be0c2607dcc1d37fa909e5660,family,2,2,2202144.490|460511.70,2202144.490|460511.70,2202144.490,Spirochaetota bacterium,2202144.490,Spirochaetota bacterium,3,2,2,3|1,True,True,True,True,1.0
bcfc5d3c9a3586094059acfae2f253f4,species,2,2,2518612.352|2900548.1188,2518612.352|2900548.1188,2518612.352,Candidatus Nanopelagicales bacterium,2518612.352,Candidatus Nanopelagicales bacterium,1,2,2,1|2,True,True,True,True,1.0
bd19d6e3448adca4b29890b29f8fb132,genus,2,2,2053589.824|3235085.3,2053589.824|3235085.3,2053589.824,Minisyncoccota bacterium,2053589.824,Minisyncoccota bacterium,1,2,2,1|2,True,True,True,True,1.0
bd231cb2164b75b1c6f783fc87f880a4,genus,1,1,2837399.3,2837399.3,2837399.3,Chitinophagaceae bacterium LGM1,2837399.3,Chitinophagaceae bacterium LGM1,1,1,1,1,True,True,True,True,1.0
bd243b31f7ae6db842fd23d489d25ac4,species,2,2,46610.9|2282154.78,46610.9|2282154.78,46610.9,Geobacter sp.,46610.9,Geobacter sp.,1,2,2,1|2,True,True,True,True,1.0
bd2d5857d105867b90175d4d3a62bfe8,species,2,2,2875247.5|1844708.4,2875247.5|1844708.4,2875247.5,Desulfovibrio sp. JY,2875247.5,Desulfovibrio sp. JY,1,2,2,1|3,True,True,True,True,1.0
bd41c0064f3cb092d26714c65e29d291,genus,1,1,866510.114,866510.114,866510.114,uncultured Chitinophagaceae bacterium,866510.114,uncultured Chitinophagaceae bacterium,2,1,1,2,True,True,True,True,1.0
bd45d85f924803527e15864c84999761,species,1,1,2026763.635,2026763.635,2026763.635,Myxococcales bacterium,2026763.635,Myxococcales bacterium,1,1,1,1,True,True,True,True,1.0
bd592042554204b545aa5b1fb467fb71,family,2,2,36813.13|287609.3,36813.13|287609.3,36813.13,Mycolicibacterium pulveris,36813.13,Mycolicibacterium pulveris,1,2,2,1|4,True,True,True,True,1.0
bd5dc59f41635fa48c10eb8a497a92ce,species,1,1,2052160.11,2052160.11,2052160.11,Fibrobacterota bacterium,2052160.11,Fibrobacterota bacterium,1,1,1,1,True,True,True,True,1.0
bd7a2a5d92940b7619dc8dc7beac1c12,genus,4,4,3141376.3|2600299.3|2587854.3|281252.8,3141376.3|2600299.3|2587854.3|281252.8,3141376.3,Roseibium sp. SCP15,3141376.3,Roseibium sp. SCP15,1,4,4,1|14|3|13,True,True,True,True,1.0
bdc9acab91798171afb03366b5505429,family,2,2,464461.11|2081524.35,464461.11|2081524.35,464461.11,uncultured Parachlamydiaceae bacterium,464461.11,uncultured Parachlamydiaceae bacterium,5,2,2,5|7,True,True,True,True,1.0
bdf3736e4f94ec82ac9dbc85033fd164,species,2,2,2053538.110|2026780.1498,2053538.110|2026780.1498,2053538.110,Candidatus Competibacteraceae bacterium,2053538.110,Candidatus Competibacteraceae bacterium,2,2,2,2|5,True,True,True,True,1.0
bdfcff76224c822f16ce3456441da72f,species,2,2,36813.13|287609.3,36813.13|287609.3,36813.13,Mycolicibacterium pulveris,36813.13,Mycolicibacterium pulveris,1,2,2,1|2,True,True,True,True,1.0
be032fcf22cd3cd082c413ba38cb41de,species,2,2,2053589.824|748857.3,2053589.824|748857.3,2053589.824,Minisyncoccota bacterium,2053589.824,Minisyncoccota bacterium,1,2,2,1|2,True,True,True,True,1.0
be0832fb9aef8cfd9b893b2712c9ea15,genus,3,3,2976818.4|2053589.809|517423.3,2976818.4|2053589.809|517423.3,2976818.4,Cloacibacterium sp. TD35,2976818.4,Cloacibacterium sp. TD35,1,3,3,1|2|3,True,True,True,True,1.0
be16afca0ac0703776895db2bb7c9e52,genus,2,2,86473.3125|2282145.47,86473.3125|2282145.47,86473.3125,uncultured Gammaproteobacteria bacterium,86473.3125,uncultured Gammaproteobacteria bacterium,1,2,2,1|2,True,True,True,True,1.0
be2204390387056b0baa6ee4e8c7751b,species,2,2,3025317.5|2817730.3,3025317.5|2817730.3,3025317.5,Luteimonas sp. BLCC-B24,3025317.5,Luteimonas sp. BLCC-B24,1,2,2,1|3,True,True,True,True,1.0
be39e6dc2321147f584ae2845c5a3505,genus,2,2,2030809.71|2053589.824,2030809.71|2053589.824,2030809.71,Candidatus Hydrogenedentota bacterium,2030809.71,Candidatus Hydrogenedentota bacterium,1,2,2,1|2,True,True,True,True,1.0
be3d1269a135238db91ab151cb0cd96f,species,2,2,3142262.4|1134435.5,3142262.4|1134435.5,3142262.4,Thauera sp. JM12B12,3142262.4,Thauera sp. JM12B12,1,2,2,1|2,True,True,True,True,1.0
be4242eed865ca22382f8593596bbe41,species,1,1,1898104.3557,1898104.3557,1898104.3557,Bacteroidota bacterium,1898104.3557,Bacteroidota bacterium,1,1,1,1,True,True,True,True,1.0
be5a40e5faddad582753c380d6e248c2,genus,1,1,2800415.29,2800415.29,2800415.29,Candidatus Competibacter sp.,2800415.29,Candidatus Competibacter sp.,1,1,1,1,True,True,True,True,1.0
be5d00f382bf0d94f6d7e2a3b9fc0817,genus,1,1,3064265.5,3064265.5,3064265.5,Planctellipticum variicoloris,3064265.5,Planctellipticum variicoloris,1,1,1,1,True,True,True,True,1.0
be6a4f3110a295c885d14b7092833889,species,2,2,1265445.10|3163299.4,1265445.10|3163299.4,1265445.10,Chryseobacterium camelliae,1265445.10,Chryseobacterium camelliae,1,2,2,1|2,True,True,True,True,1.0
be6eb70ef495d0ec38dbe2c577547f28,family,1,1,2026724.1152,2026724.1152,2026724.1152,Chloroflexota bacterium,2026724.1152,Chloroflexota bacterium,1,1,1,1,True,True,True,True,1.0
be77094f680dbc1668a4c89fec19d07a,species,2,2,3122054.4|2663823.3,3122054.4|2663823.3,3122054.4,Sphingopyxis sp. J-6,3122054.4,Sphingopyxis sp. J-6,2,2,2,2|3,True,True,True,True,1.0
be7cf632bae66ba48fd837b722228763,species,2,2,1879010.10568|2201156.843,1879010.10568|2201156.843,1879010.10568,Bacillota bacterium,1879010.10568,Bacillota bacterium,1,2,2,1|2,True,True,True,True,1.0
be807712e7bf8187c4537c7c0434dd3b,species,2,2,1597.2502|1582.193,1597.2502|1582.193,1597.2502,Lacticaseibacillus paracasei,1597.2502,Lacticaseibacillus paracasei,1,2,2,1|7,True,True,True,True,1.0
be909a27385688dda9d3e2b27c42d6b3,species,2,2,1891238.638|1872668.76,1891238.638|1872668.76,1891238.638,Burkholderiales bacterium,1891238.638,Burkholderiales bacterium,1,2,2,1|2,True,True,True,True,1.0
bec9c74505a9ee4486bd4255c921dbe1,species,1,1,2053589.824,2053589.824,2053589.824,Minisyncoccota bacterium,2053589.824,Minisyncoccota bacterium,1,1,1,1,True,True,True,True,1.0
bf09b0f040776bdd7fca5c5c5e44ce11,species,1,1,1869212.936,1869212.936,1869212.936,Chitinophagaceae bacterium,1869212.936,Chitinophagaceae bacterium,1,1,1,1,True,True,True,True,1.0
bf0b49d950c5199259514cdf88c7c20d,species,1,1,2026742.383,2026742.383,2026742.383,Gemmatimonadota bacterium,2026742.383,Gemmatimonadota bacterium,1,1,1,1,True,True,True,True,1.0
bf170e414a436916d7fd670cacddbcd1,genus,1,1,2024841.90,2024841.90,2024841.90,Micavibrio sp.,2024841.90,Micavibrio sp.,1,1,1,1,True,True,True,True,1.0
bf27583a7d2920cbf7a3dd2ca3cdbe1c,species,0,0,,,,,,,,0,0,,,,,,
bf2c4e949fcc3529b3df52f7be497b7f,below,0,0,,,,,,,,0,0,,,,,,
bf469a346ae35929e6a1942cce432413,species,1,1,1917218.12,1917218.12,1917218.12,Dechloromonas sp.,1917218.12,Dechloromonas sp.,1,1,1,1,True,True,True,True,1.0
bf672442ffe792aee5ace19c1b0064ed,genus,2,2,2052143.893|34034.398,2052143.893|34034.398,2052143.893,Anaerolineae bacterium,2052143.893,Anaerolineae bacterium,2,2,2,2|3,True,True,True,True,1.0
bf801383d7e87f1565f57f0d95149ad8,genus,1,1,1946339.3,1946339.3,1946339.3,Chthonomonas sp. UBA2785,1946339.3,Chthonomonas sp. UBA2785,1,1,1,1,True,True,True,True,1.0
bfb0239bf57c811193900798259c5f1a,below,0,0,,,,,,,,0,0,,,,,,
bfb3a92b8e78f1ece4312bd44962c238,species,1,1,70125.511,70125.511,70125.511,Nitrospira sp.,70125.511,Nitrospira sp.,1,1,1,1,True,True,True,True,1.0
bfbe10dc9f3c2fe2ebe41ceba61f6ecb,species,1,1,2035772.1263,2035772.1263,2035772.1263,Candidatus Omnitrophota bacterium,2035772.1263,Candidatus Omnitrophota bacterium,1,1,1,1,True,True,True,True,1.0
bfbfe6f46bd1fb39752778d5756d0ea2,species,2,2,1869227.7415|153809.1191,1869227.7415|153809.1191,1869227.7415,bacterium,1869227.7415,bacterium,1,2,2,1|2,True,True,True,True,1.0
bfc80b47aa8ac665cf55eb4ad2858021,species,2,2,2026779.896|1869227.7374,2026779.896|1869227.7374,2026779.896,Planctomycetaceae bacterium,2026779.896,Planctomycetaceae bacterium,1,2,2,1|3,True,True,True,True,1.0
bfd117d19e0ddbe9832e6a4a70679537,species,1,1,2250708.3,2250708.3,2250708.3,Pseudogemmobacter bohemicus,2250708.3,Pseudogemmobacter bohemicus,1,1,1,1,True,True,True,True,1.0
bfe7a3fcd86dab399659901f1f56771a,family,1,1,2024843.44,2024843.44,2024843.44,Candidatus Nitrosopumilus sp.,2024843.44,Candidatus Nitrosopumilus sp.,1,1,1,1,True,True,True,True,1.0
bff84e21a60854da8669c123a3a65f80,species,2,2,2212468.367|1978231.1527,2212468.367|1978231.1527,2212468.367,Bryobacteraceae bacterium,2212468.367,Bryobacteraceae bacterium,1,2,2,1|4,True,True,True,True,1.0
bff971a596f456d1cf199620b69cc44b,species,2,2,2052180.862|2026780.509,2052180.862|2026780.509,2052180.862,Phycisphaerales bacterium,2052180.862,Phycisphaerales bacterium,1,2,2,1|3,True,True,True,True,1.0
c000a9e936720c05c7c0d905e8987303,species,2,2,1907725.231|2986281.3,1907725.231|2986281.3,1907725.231,Limnohabitans sp.,1907725.231,Limnohabitans sp.,1,2,2,1|2,True,True,True,True,1.0
c00a40af817ac987313351ade0151a50,family,2,2,2682144.107|2033014.156,2682144.107|2033014.156,2682144.107,Fimbriimonadaceae bacterium,2682144.107,Fimbriimonadaceae bacterium,1,2,2,1|2,True,True,True,True,1.0
c013014f1e46b9147d8cf8791bfd4c62,species,1,1,1940288.253,1940288.253,1940288.253,Ferruginibacter sp.,1940288.253,Ferruginibacter sp.,1,1,1,1,True,True,True,True,1.0
c0203a5a1ef7f67d7d8894b46caeda1a,genus,1,1,1672391.205,1672391.205,1672391.205,uncultured Chloroflexia bacterium,1672391.205,uncultured Chloroflexia bacterium,1,1,1,1,True,True,True,True,1.0
c028f1592cc61edd287ab613f2c5c7b0,species,1,1,1913988.2806,1913988.2806,1913988.2806,Alphaproteobacteria bacterium,1913988.2806,Alphaproteobacteria bacterium,1,1,1,1,True,True,True,True,1.0
c02b31051c5a15e8340f3cb41c94bae8,family,1,1,2740538.49,2740538.49,2740538.49,Ktedonobacteraceae bacterium,2740538.49,Ktedonobacteraceae bacterium,2,1,1,2,True,True,True,True,1.0
c02b937044bdecbae864fc14bb4099f4,family,1,1,413497.9,413497.9,413497.9,Cronobacter dublinensis,413497.9,Cronobacter dublinensis,1,1,1,1,True,True,True,True,1.0
c04a72ad7f9b55697c046e03498f3b4e,genus,5,5,2735903.3|3041758.4|3041785.4|2991463.5|1906742.8,2735903.3|3041758.4|3041785.4|2991463.5|1906742.8,2735903.3,Microbacterium sp. B8U3A,2735903.3,Microbacterium sp. B8U3A,1,5,5,1|2|3|5|7,True,True,True,True,1.0
c053b6b8ede03e51e6c5d3264864cd31,genus,1,1,254247.3,254247.3,254247.3,Aquicella siphonis,254247.3,Aquicella siphonis,2,1,1,2,True,True,True,True,1.0
c0587b9e6c09717a182a841fa407335b,species,2,2,3030912.181|2818044.3,3030912.181|2818044.3,3030912.181,Anaerovoracaceae bacterium,3030912.181,Anaerovoracaceae bacterium,1,2,2,1|2,True,True,True,True,1.0
c05d4f5b46f63e73b7cf53258aad195c,species,2,2,2053589.824|2447898.10,2053589.824|2447898.10,2053589.824,Minisyncoccota bacterium,2053589.824,Minisyncoccota bacterium,2,2,2,2|3,True,True,True,True,1.0
c07c3dbc8e15fe3ee2eb1a274f896601,species,2,2,3046689.3|1879010.10571,3046689.3|1879010.10571,3046689.3,Cloacibacterium sp. Arc16,3046689.3,Cloacibacterium sp. Arc16,1,2,2,1|2,True,True,True,True,1.0
c09305c29479546a081817c3df4019cc,species,2,2,1633223.3|2962571.4,1633223.3|2962571.4,1633223.3,Gordonia sp. LAM0048,1633223.3,Gordonia sp. LAM0048,1,2,2,1|2,True,True,True,True,1.0
c0947789c6bc0bf2d479eab1b610e20d,species,1,1,91750.4456,91750.4456,91750.4456,uncultured Alphaproteobacteria bacterium,91750.4456,uncultured Alphaproteobacteria bacterium,1,1,1,1,True,True,True,True,1.0
c0985d2c2b099b7c3d8b86e6730bdb26,genus,2,2,1211326.4|1899569.4,1211326.4|1899569.4,1211326.4,Spirosoma aerolatum,1211326.4,Spirosoma aerolatum,2,2,2,2|1,True,True,True,True,1.0
c0a213becc98f1f2cb25e9f740e6911e,family,1,1,1871071.61,1871071.61,1871071.61,Comamonadaceae bacterium,1871071.61,Comamonadaceae bacterium,1,1,1,1,True,True,True,True,1.0
c0bc7eb2053eab5f7c7e0331df66950c,family,2,2,2053538.110|2026780.1498,2053538.110|2026780.1498,2053538.110,Candidatus Competibacteraceae bacterium,2053538.110,Candidatus Competibacteraceae bacterium,2,2,2,2|5,True,True,True,True,1.0
c0c8e36e326c9eb887d2dbdd240d3123,species,1,1,3041274.13,3041274.13,3041274.13,Desulfomonilia bacterium,3041274.13,Desulfomonilia bacterium,1,1,1,1,True,True,True,True,1.0
c0ce0fba52dd870d2e72149052db1f59,species,2,2,2053538.110|2026780.1498,2053538.110|2026780.1498,2053538.110,Candidatus Competibacteraceae bacterium,2053538.110,Candidatus Competibacteraceae bacterium,2,2,2,2|5,True,True,True,True,1.0
c0ecfbee48fce0f115f9263ee8c91f93,species,1,1,2026735.824,2026735.824,2026735.824,Deltaproteobacteria bacterium,2026735.824,Deltaproteobacteria bacterium,1,1,1,1,True,True,True,True,1.0
c0f89f821d7bcd06fa090a8842f57413,species,2,2,3059026.4|2986835.4,3059026.4|2986835.4,3059026.4,Flavobacterium sp. ZE23DGlu08,3059026.4,Flavobacterium sp. ZE23DGlu08,1,2,2,1|2,True,True,True,True,1.0
c107dd11cd9980efe16966ed7004b55d,species,1,1,42353.177,42353.177,42353.177,Nitrosomonas sp.,42353.177,Nitrosomonas sp.,1,1,1,1,True,True,True,True,1.0
c11e6760f48ee1d858c9edccde1e9534,family,1,1,2793042.5,2793042.5,2793042.5,Victivallaceae bacterium,2793042.5,Victivallaceae bacterium,1,1,1,1,True,True,True,True,1.0
c12c3704b9956b33eb108d2b9ff1cc21,species,1,1,239.136,239.136,239.136,Flavobacterium sp.,239.136,Flavobacterium sp.,1,1,1,1,True,True,True,True,1.0
c1517ea1947cb5a5743f533a99f3ade7,species,1,1,1869212.1334,1869212.1334,1869212.1334,Chitinophagaceae bacterium,1869212.1334,Chitinophagaceae bacterium,1,1,1,1,True,True,True,True,1.0
c160869f507739980498473d219e2a05,species,1,1,2448054.506,2448054.506,2448054.506,Gemmatimonadales bacterium,2448054.506,Gemmatimonadales bacterium,1,1,1,1,True,True,True,True,1.0
c162d5a1b4b395e4aca298053ba70363,genus,0,0,,,,,,,,0,0,,,,,,
c16523f65893a4ae77f895d4ba28f384,family,2,2,2478473.52|2026772.131,2478473.52|2026772.131,2478473.52,Puniceicoccales bacterium,2478473.52,Puniceicoccales bacterium,1,2,2,1|2,True,True,True,True,1.0
c1b04b3b9585ed83c4427958b7e1fddd,species,1,1,1898104.4356,1898104.4356,1898104.4356,Bacteroidota bacterium,1898104.4356,Bacteroidota bacterium,1,1,1,1,True,True,True,True,1.0
c1b31ad56feb642dd04a84e50d348ad8,genus,1,1,3394234.3,3394234.3,3394234.3,Bdellovibrio sp. HCB-162,3394234.3,Bdellovibrio sp. HCB-162,1,1,1,1,True,True,True,True,1.0
c1c82727ea30740e8affb1e07b1cd2f7,family,2,2,1502156.5|1909294.1293,1502156.5|1909294.1293,1502156.5,Tianweitania sediminis,1502156.5,Tianweitania sediminis,1,2,2,1|2,True,True,True,True,1.0
c1d124895abfcf22ca400f1a8653dd3e,species,2,2,2821509.16|1869212.234,2821509.16|1869212.234,2821509.16,Agriterribacter sp.,2821509.16,Agriterribacter sp.,1,2,2,1|2,True,True,True,True,1.0
c1e164af44d03ec76a41e1005f2aeb4f,genus,1,1,100233.320,100233.320,100233.320,uncultured Planctomycetaceae bacterium,100233.320,uncultured Planctomycetaceae bacterium,3,1,1,3,True,True,True,True,1.0
c1f0cf3c2915b88aba6a0500c3c3dd51,genus,1,1,1576369.4,1576369.4,1576369.4,Planctomicrobium piriforme,1576369.4,Planctomicrobium piriforme,1,1,1,1,True,True,True,True,1.0
c1f2fe52e3fb1959dbe6d16ec77c4936,species,2,2,1786003.4|59779.36,1786003.4|59779.36,1786003.4,Pararhodobacter sp. CCB-MM2,1786003.4,Pararhodobacter sp. CCB-MM2,1,2,2,1|2,True,True,True,True,1.0
c1f3624d8c67f03e6b40197d1fdd0b98,species,1,1,2660714.64,2660714.64,2660714.64,Syntrophorhabdaceae bacterium,2660714.64,Syntrophorhabdaceae bacterium,1,1,1,1,True,True,True,True,1.0
c1f4680021416872fc34118509da2434,species,2,2,2769295.3|128785.56,2769295.3|128785.56,2769295.3,Pseudoxanthomonas sp. PXM01,2769295.3,Pseudoxanthomonas sp. PXM01,14,2,2,14|2,True,True,True,True,1.0
c2057dfa2b1de99459af111d881833c2,genus,1,1,2049916.3,2049916.3,2049916.3,Rurimicrobium arvi,2049916.3,Rurimicrobium arvi,1,1,1,1,True,True,True,True,1.0
c243bf47010b549a9554294a944811f5,species,2,2,3142262.4|1134435.5,3142262.4|1134435.5,3142262.4,Thauera sp. JM12B12,3142262.4,Thauera sp. JM12B12,1,2,2,1|2,True,True,True,True,1.0
c259cda388580d886e6cbb43a1272e68,species,1,1,2026779.942,2026779.942,2026779.942,Planctomycetaceae bacterium,2026779.942,Planctomycetaceae bacterium,1,1,1,1,True,True,True,True,1.0
c26a5001cf4702698ab01ddfcc3ca9a5,genus,1,1,2715253.337,2715253.337,2715253.337,Pirellulales bacterium,2715253.337,Pirellulales bacterium,1,1,1,1,True,True,True,True,1.0
c27a01848b51e9f80f4d51fc05603dec,species,1,1,2026724.901,2026724.901,2026724.901,Chloroflexota bacterium,2026724.901,Chloroflexota bacterium,1,1,1,1,True,True,True,True,1.0
c2a63e5593cc5d91688af8f3abd60f16,species,1,1,1977087.938,1977087.938,1977087.938,Pseudomonadota bacterium,1977087.938,Pseudomonadota bacterium,1,1,1,1,True,True,True,True,1.0
c2ace7f006b2086fba393df8bfa9cfbd,genus,1,1,2485925.2969,2485925.2969,2485925.2969,Oscillospiraceae bacterium,2485925.2969,Oscillospiraceae bacterium,1,1,1,1,True,True,True,True,1.0
c2c5b6b5471595e6a1737994b35df893,species,2,2,2448779.605|2099675.34,2448779.605|2099675.34,2448779.605,Chitinophagales bacterium,2448779.605,Chitinophagales bacterium,1,2,2,1|2,True,True,True,True,1.0
c2d14a8f983d165066945baa211d8803,species,0,0,,,,,,,,0,0,,,,,,
c2d1c5eafd74bbfea9af4258a7a46e03,family,1,1,1802431.3,1802431.3,1802431.3,Verrucomicrobia bacterium GWF2_51_19,1802431.3,Verrucomicrobia bacterium GWF2_51_19,1,1,1,1,True,True,True,True,1.0
c2ec4bda2addc55473c7e72063a52560,species,1,1,2053574.21,2053574.21,2053574.21,Marinilabiliaceae bacterium,2053574.21,Marinilabiliaceae bacterium,1,1,1,1,True,True,True,True,1.0
c2f96373912e3d239e5695e7205884b6,genus,1,1,3034175.123,3034175.123,3034175.123,Bdellovibrionota bacterium,3034175.123,Bdellovibrionota bacterium,1,1,1,1,True,True,True,True,1.0
c311d771036efa1fd81b1a6d55817007,genus,2,2,1913989.5152|2026725.65,1913989.5152|2026725.65,1913989.5152,Gammaproteobacteria bacterium,1913989.5152,Gammaproteobacteria bacterium,1,2,2,1|4,True,True,True,True,1.0
c330f425a2b4a214ec02feb1b513a9fe,family,1,1,2030800.133,2030800.133,2030800.133,Elusimicrobiota bacterium,2030800.133,Elusimicrobiota bacterium,1,1,1,1,True,True,True,True,1.0
c332230b2df810b7eca7e04dfb6aae66,genus,2,2,1977087.4909|2044936.1118,1977087.4909|2044936.1118,1977087.4909,Pseudomonadota bacterium,1977087.4909,Pseudomonadota bacterium,3,2,2,3|1,True,True,True,True,1.0
c332a32cb0c900fc3a048631044fa0ed,species,1,1,2837399.3,2837399.3,2837399.3,Chitinophagaceae bacterium LGM1,2837399.3,Chitinophagaceae bacterium LGM1,1,1,1,1,True,True,True,True,1.0
c3746d0f767793b2ca30618cb35e393e,genus,1,1,2601682.7,2601682.7,2601682.7,Edaphocola aurantiacus,2601682.7,Edaphocola aurantiacus,1,1,1,1,True,True,True,True,1.0
c3836043cdf2350508dc42c36172ec6a,species,2,2,70125.110|330214.37,70125.110|330214.37,70125.110,Nitrospira sp.,70125.110,Nitrospira sp.,1,2,2,1|3,True,True,True,True,1.0
c39cb2e387aa8a99c050889d02ebfadc,species,2,2,96773.10|3142262.4,96773.10|3142262.4,96773.10,Thauera chlorobenzoica,96773.10,Thauera chlorobenzoica,1,2,2,1|2,True,True,True,True,1.0
c39f594d9d2493b66260c1f7503e5ea1,species,1,1,1915431.3,1915431.3,1915431.3,Methanobacterium sp. UBA299,1915431.3,Methanobacterium sp. UBA299,1,1,1,1,True,True,True,True,1.0
c3c85bf7410ec3ea8de391e321c423e0,genus,1,1,147047.3,147047.3,147047.3,Humidesulfovibrio mexicanus,147047.3,Humidesulfovibrio mexicanus,1,1,1,1,True,True,True,True,1.0
c3cd0af851fb88c3d2ce4a302caf3f22,family,2,2,2053538.110|2026780.1498,2053538.110|2026780.1498,2053538.110,Candidatus Competibacteraceae bacterium,2053538.110,Candidatus Competibacteraceae bacterium,2,2,2,2|5,True,True,True,True,1.0
c3ce68b0618c25be8a6ebc2d73d7e0c2,species,2,2,2053538.110|2026780.1498,2053538.110|2026780.1498,2053538.110,Candidatus Competibacteraceae bacterium,2053538.110,Candidatus Competibacteraceae bacterium,2,2,2,2|5,True,True,True,True,1.0
c3cf197e17da41ef3ec0f6df46a5cedd,species,2,2,2724150.3|1115758.5,2724150.3|1115758.5,2724150.3,Romboutsia sp. CE17,2724150.3,Romboutsia sp. CE17,1,2,2,1|2,True,True,True,True,1.0
c3cfe23337c04ecc82d731453dce029d,species,1,1,3120121.72,3120121.72,3120121.72,Minisyncoccia bacterium,3120121.72,Minisyncoccia bacterium,1,1,1,1,True,True,True,True,1.0
c3e6a4d92e551d79b031203f4fcf71bb,species,0,0,,,,,,,,0,0,,,,,,
c3fe209fd965f4889e599ac4922477b7,species,1,1,1904254.101,1904254.101,1904254.101,Hydrogenophaga sp.,1904254.101,Hydrogenophaga sp.,1,1,1,1,True,True,True,True,1.0
c4064eaec452c57aee5ad832079ba07b,genus,1,1,147047.3,147047.3,147047.3,Humidesulfovibrio mexicanus,147047.3,Humidesulfovibrio mexicanus,1,1,1,1,True,True,True,True,1.0
c40d115717b04721ea2acc3f5f098a45,species,1,1,3129254.3,3129254.3,3129254.3,Prosthecomicrobium sp. N25,3129254.3,Prosthecomicrobium sp. N25,1,1,1,1,True,True,True,True,1.0
c41af7c569ee07f93b7e4d51a5965dc8,species,1,1,33052.10,33052.10,33052.10,Sphingopyxis terrae,33052.10,Sphingopyxis terrae,1,1,1,1,True,True,True,True,1.0
c42295328979d214bcd45b3dbf433682,species,1,1,2053589.824,2053589.824,2053589.824,Minisyncoccota bacterium,2053589.824,Minisyncoccota bacterium,1,1,1,1,True,True,True,True,1.0
c427fd3983ab9d29ac22f00eec4c65fc,genus,1,1,147047.3,147047.3,147047.3,Humidesulfovibrio mexicanus,147047.3,Humidesulfovibrio mexicanus,1,1,1,1,True,True,True,True,1.0
c4377a0604322bfd56ea9a6858cee8e9,species,1,1,531312.4,531312.4,531312.4,Aliidiomarina maris,531312.4,Aliidiomarina maris,1,1,1,1,True,True,True,True,1.0
c438ee7544777c193322311efdfae386,genus,1,1,2771430.3,2771430.3,2771430.3,Allosphingosinicella flava,2771430.3,Allosphingosinicella flava,1,1,1,1,True,True,True,True,1.0
c44955b592f8ddbeaea72c979b2a9cbe,family,2,2,2030808.326|2818468.5,2030808.326|2818468.5,2030808.326,Candidatus Cloacimonadota bacterium,2030808.326,Candidatus Cloacimonadota bacterium,1,2,2,1|2,True,True,True,True,1.0
c45770b083fbdc1982d69e8220308814,species,2,2,2697565.3|3085816.3,2697565.3|3085816.3,2697565.3,Brevibacterium limosum,2697565.3,Brevibacterium limosum,1,2,2,1|3,True,True,True,True,1.0
c463b7bd57d7c1c9600a96d82d13ae41,species,2,2,3142262.4|1134435.5,3142262.4|1134435.5,3142262.4,Thauera sp. JM12B12,3142262.4,Thauera sp. JM12B12,1,2,2,1|2,True,True,True,True,1.0
c477d06d44d2489a84635c31c359810b,species,1,1,2584004.41,2584004.41,2584004.41,uncultured Lentimicrobiaceae bacterium,2584004.41,uncultured Lentimicrobiaceae bacterium,3,1,1,3,True,True,True,True,1.0
c48173edffffa280a694e1df0395aa5b,family,1,1,2051041.3,2051041.3,2051041.3,Ravibacter arvi,2051041.3,Ravibacter arvi,1,1,1,1,True,True,True,True,1.0
c48edd41ff21f02e8977dbec9935b0f9,species,1,1,2682493.3,2682493.3,2682493.3,Mariniflexile maritimum,2682493.3,Mariniflexile maritimum,1,1,1,1,True,True,True,True,1.0
c497624a36b4ab5adeb4246fef96daa0,genus,2,2,2795609.7|2699754.15,2795609.7|2699754.15,2795609.7,Aureliella sp.,2795609.7,Aureliella sp.,1,2,2,1|2,True,True,True,True,1.0
c4a8a6505f5fd0f838318f8a6d1b6a68,species,2,2,2268456.3|2502257.3,2268456.3|2502257.3,2268456.3,Taklimakanibacter lacteus,2268456.3,Taklimakanibacter lacteus,1,2,2,1|2,True,True,True,True,1.0
c4c1d4b1ef58d52ae676d54787bb8862,species,2,2,2006848.65|179883.4710,2006848.65|179883.4710,2006848.65,Opitutaceae bacterium,2006848.65,Opitutaceae bacterium,2,2,2,2|1,True,True,True,True,1.0
c4dfbd3083bf1b72a62c11d86cf2e5a9,genus,2,2,2053634.216|2022749.209,2053634.216|2022749.209,2053634.216,Candidatus Uhrbacteria bacterium,2053634.216,Candidatus Uhrbacteria bacterium,1,2,2,1|2,True,True,True,True,1.0
c4ea8f695c31cd3c13734b2ab593a42f,species,2,2,2053538.110|2026780.1498,2053538.110|2026780.1498,2053538.110,Candidatus Competibacteraceae bacterium,2053538.110,Candidatus Competibacteraceae bacterium,2,2,2,2|5,True,True,True,True,1.0
c4f9fb481fab395c765f8c8587731d08,genus,1,1,1869227.2310,1869227.2310,1869227.2310,bacterium,1869227.2310,bacterium,1,1,1,1,True,True,True,True,1.0
c508849585be6d5b5a5f8e94e4350879,species,1,1,3042025.3,3042025.3,3042025.3,Luteimonas kalidii,3042025.3,Luteimonas kalidii,2,1,1,2,True,True,True,True,1.0
c50f60a388691a68e5334af6d448408c,genus,2,2,2052176.23|305355.52,2052176.23|305355.52,2052176.23,Parachlamydiaceae bacterium,2052176.23,Parachlamydiaceae bacterium,2,2,2,2|1,True,True,True,True,1.0
c52cf1ae25efe2391488fbe2f53e8dd2,species,1,1,2030927.885,2030927.885,2030927.885,Bacteroidales bacterium,2030927.885,Bacteroidales bacterium,1,1,1,1,True,True,True,True,1.0
c53135b39b9b4aed823378968de5b774,species,1,1,2026724.1039,2026724.1039,2026724.1039,Chloroflexota bacterium,2026724.1039,Chloroflexota bacterium,2,1,1,2,True,True,True,True,1.0
c55a7b123e3924ebb7a2abb6f81f8b33,species,1,1,2026735.823,2026735.823,2026735.823,Deltaproteobacteria bacterium,2026735.823,Deltaproteobacteria bacterium,1,1,1,1,True,True,True,True,1.0
c56bb917675560bda6dfb57dd4035813,species,2,2,3142262.4|1134435.5,3142262.4|1134435.5,3142262.4,Thauera sp. JM12B12,3142262.4,Thauera sp. JM12B12,1,2,2,1|2,True,True,True,True,1.0
c5716051e065b06a3e125fa7565e340a,genus,5,5,453582.5|2545756.3|3014768.3|3073604.4|1529005.24,453582.5|2545756.3|3014768.3|3073604.4|1529005.24,453582.5,Rhodobacter aestuarii,453582.5,Rhodobacter aestuarii,1,5,5,1|2|5|6|7,True,True,True,True,1.0
c571cb007a7d9e2dfc56e8c0b4e24104,species,2,2,57706.365|546.1947,57706.365|546.1947,57706.365,Citrobacter braakii,57706.365,Citrobacter braakii,1,2,2,1|2,True,True,True,True,1.0
c573c8ffca58bb3e595d3ce9da1c490e,species,2,2,179636.19|1603291.3,179636.19|1603291.3,179636.19,Alicycliphilus denitrificans,179636.19,Alicycliphilus denitrificans,1,2,2,1|2,True,True,True,True,1.0
c588281453c502b6f1cccd6c4d859a73,species,2,2,3142262.4|1134435.5,3142262.4|1134435.5,3142262.4,Thauera sp. JM12B12,3142262.4,Thauera sp. JM12B12,1,2,2,1|2,True,True,True,True,1.0
c59851d5bda34e574bb65b9f25a35fd1,family,2,2,1869227.7783|2053306.89,1869227.7783|2053306.89,1869227.7783,bacterium,1869227.7783,bacterium,1,2,2,1|2,True,True,True,True,1.0
c59c958f6640e263bce2320a718ced6c,genus,1,1,2053589.824,2053589.824,2053589.824,Minisyncoccota bacterium,2053589.824,Minisyncoccota bacterium,1,1,1,1,True,True,True,True,1.0
c5b18a48741603b0c9ae0b989223a835,below,0,0,,,,,,,,0,0,,,,,,
c5cfa61000d907f95f1c5ce16d74321e,family,2,2,2053306.302|1948670.3,2053306.302|1948670.3,2053306.302,Ignavibacteria bacterium,2053306.302,Ignavibacteria bacterium,1,2,2,1|4,True,True,True,True,1.0
c5d2063c9d1358ab3a8eccae85aa258d,genus,1,1,3018265.34,3018265.34,3018265.34,Candidatus Izemoplasmatales bacterium,3018265.34,Candidatus Izemoplasmatales bacterium,1,1,1,1,True,True,True,True,1.0
c5d67704f90c0266ffeb44d6534b9d5e,genus,1,1,2212468.86,2212468.86,2212468.86,Bryobacteraceae bacterium,2212468.86,Bryobacteraceae bacterium,1,1,1,1,True,True,True,True,1.0
c5da7d7303dcc692abbe791f382b08bb,genus,1,1,2053591.249,2053591.249,2053591.249,Planctomycetales bacterium,2053591.249,Planctomycetales bacterium,1,1,1,1,True,True,True,True,1.0
c5df47abe448e93cb1e63cfa9019f749,species,2,2,2053538.110|2026780.1498,2053538.110|2026780.1498,2053538.110,Candidatus Competibacteraceae bacterium,2053538.110,Candidatus Competibacteraceae bacterium,2,2,2,2|5,True,True,True,True,1.0
c5e0fff8db5bfc61c45651f5983f65d8,genus,5,5,2978392.4|1909294.797|1502156.5|1149773.4|1520277.3,2978392.4|1909294.797|1502156.5|1149773.4|1520277.3,2978392.4,Phyllobacterium sp. A18/5-2,2978392.4,Phyllobacterium sp. A18/5-2,2,5,5,2|3|5|9|12,True,True,True,True,1.0
c5f0dff22d82995fb2c3edccb2af02e0,species,2,2,1891238.585|2030809.136,1891238.585|2030809.136,1891238.585,Burkholderiales bacterium,1891238.585,Burkholderiales bacterium,1,2,2,1|2,True,True,True,True,1.0
c606fe7ccc4c23589984f1f792308d7c,genus,1,1,2053591.246,2053591.246,2053591.246,Planctomycetales bacterium,2053591.246,Planctomycetales bacterium,1,1,1,1,True,True,True,True,1.0
c60d470e449d6f9d60579f6824a3b314,below,0,0,,,,,,,,0,0,,,,,,
c61e4c1c913f69d0eb6b37fff92dae63,genus,1,1,2212468.23,2212468.23,2212468.23,Bryobacteraceae bacterium,2212468.23,Bryobacteraceae bacterium,1,1,1,1,True,True,True,True,1.0
c6273b354b29697c5f3071ab12cd3e06,genus,1,1,2024896.6,2024896.6,2024896.6,Anaerolineaceae bacterium,2024896.6,Anaerolineaceae bacterium,2,1,1,2,True,True,True,True,1.0
c637fa308218046b0503c42eb1fbf9c4,species,2,2,3142262.4|1134435.5,3142262.4|1134435.5,3142262.4,Thauera sp. JM12B12,3142262.4,Thauera sp. JM12B12,1,2,2,1|2,True,True,True,True,1.0
c63db3bd0b49b1065e9222e0ba380c8a,species,2,2,3390204.3|1869227.3118,3390204.3|1869227.3118,3390204.3,Aphanothece microscopica,3390204.3,Aphanothece microscopica,1,2,2,1|2,True,True,True,True,1.0
c646845d0e13f5b2baabdea6b26ee2c7,species,1,1,2053306.91,2053306.91,2053306.91,Ignavibacteria bacterium,2053306.91,Ignavibacteria bacterium,1,1,1,1,True,True,True,True,1.0
c64a09533a48e4b76e42d1617c7b148e,species,1,1,1902410.22,1902410.22,1902410.22,Phycicoccus sp.,1902410.22,Phycicoccus sp.,1,1,1,1,True,True,True,True,1.0
c64fefbb5929b86d604fbb288bfb1617,species,1,1,2099376.6,2099376.6,2099376.6,Desulforhopalus sp.,2099376.6,Desulforhopalus sp.,1,1,1,1,True,True,True,True,1.0
c66389018fbd97cb73d600ee984b7cae,genus,1,1,1965019.3,1965019.3,1965019.3,Geofilum rhodophaeum,1965019.3,Geofilum rhodophaeum,1,1,1,1,True,True,True,True,1.0
c69c0c0c0ea5b6fa3890573a30e2787a,genus,1,1,2024896.6,2024896.6,2024896.6,Anaerolineaceae bacterium,2024896.6,Anaerolineaceae bacterium,2,1,1,2,True,True,True,True,1.0
c6a3c81eb8e218cd295ef25d92fe0df6,species,2,2,1176255.4|1185653.6,1176255.4|1185653.6,1176255.4,Planococcus dechangensis,1176255.4,Planococcus dechangensis,1,2,2,1|2,True,True,True,True,1.0
c6a6df351c0f4f7838dc1fbb3eba6edd,species,2,2,2053538.110|2026780.1498,2053538.110|2026780.1498,2053538.110,Candidatus Competibacteraceae bacterium,2053538.110,Candidatus Competibacteraceae bacterium,2,2,2,2|5,True,True,True,True,1.0
c6aa640c69ad7d341eb7a3c23ebc61c8,species,1,1,3394234.3,3394234.3,3394234.3,Bdellovibrio sp. HCB-162,3394234.3,Bdellovibrio sp. HCB-162,1,1,1,1,True,True,True,True,1.0
c6bc73385df5fc446ead0a18e530ac34,family,1,1,100233.358,100233.358,100233.358,uncultured Planctomycetaceae bacterium,100233.358,uncultured Planctomycetaceae bacterium,1,1,1,1,True,True,True,True,1.0
c6c2c0e3a6cfe684b8969d3ac094be7f,genus,1,1,2202144.362,2202144.362,2202144.362,Spirochaetota bacterium,2202144.362,Spirochaetota bacterium,1,1,1,1,True,True,True,True,1.0
c6cf3faf58fab9c124436677bf0c0bf1,species,2,2,1855727.3|2486273.3,1855727.3|2486273.3,1855727.3,Sphingopyxis sp. KK2,1855727.3,Sphingopyxis sp. KK2,1,2,2,1|2,True,True,True,True,1.0
c6d1c8a43afe01b7401a3595ad0a5640,species,1,1,2614250.222,2614250.222,2614250.222,Caldilineaceae bacterium,2614250.222,Caldilineaceae bacterium,1,1,1,1,True,True,True,True,1.0
c6d62e2937c5377fc30542368a7b105c,below,0,0,,,,,,,,0,0,,,,,,
c6e49e291c8d5276a4e989d8bf9b589d,species,1,1,1940288.180,1940288.180,1940288.180,Ferruginibacter sp.,1940288.180,Ferruginibacter sp.,1,1,1,1,True,True,True,True,1.0
c712ba15252e7904c5e42b99d9c24e92,genus,1,1,2283092.44,2283092.44,2283092.44,Pyrinomonadaceae bacterium,2283092.44,Pyrinomonadaceae bacterium,1,1,1,1,True,True,True,True,1.0
c723a8fd01c07a484be32da73fcfdf0b,species,1,1,1672391.378,1672391.378,1672391.378,uncultured Chloroflexia bacterium,1672391.378,uncultured Chloroflexia bacterium,1,1,1,1,True,True,True,True,1.0
c724ce7c2ef314d813e63fbadbb9a6dc,species,1,1,2026720.1033,2026720.1033,2026720.1033,Candidatus Saccharimonadota bacterium,2026720.1033,Candidatus Saccharimonadota bacterium,1,1,1,1,True,True,True,True,1.0
c741aa9cea5052eb5ecf470b7169e1c5,family,1,1,2025608.95,2025608.95,2025608.95,Sulfuricurvum sp.,2025608.95,Sulfuricurvum sp.,1,1,1,1,True,True,True,True,1.0
c76513eaacfcbb58ac462e8f07c88786,family,2,2,164400.7|2944810.8,164400.7|2944810.8,164400.7,Thauera phenylacetica,164400.7,Thauera phenylacetica,1,2,2,1|4,True,True,True,True,1.0
c780b7bc6f60504a6201222bc9283fd8,species,2,2,2053538.110|2026780.1498,2053538.110|2026780.1498,2053538.110,Candidatus Competibacteraceae bacterium,2053538.110,Candidatus Competibacteraceae bacterium,2,2,2,2|5,True,True,True,True,1.0
c78357b322fe7311cadd26463dd713c7,species,2,2,2073117.174|2026724.2036,2073117.174|2026724.2036,2073117.174,Anaerolineales bacterium,2073117.174,Anaerolineales bacterium,2,2,2,2|3,True,True,True,True,1.0
c783f325335f93813ad680017878b3c6,genus,4,4,2717368.4|2978974.3|464029.6|1349800.3,2717368.4|2978974.3|464029.6|1349800.3,2717368.4,Ochrobactrum sp. SFR4,2717368.4,Ochrobactrum sp. SFR4,1,4,4,1|4|14|17,True,True,True,True,1.0
c79002759fcb96c941b94a808c3c59cc,species,1,1,1913979.14,1913979.14,1913979.14,Microcella sp.,1913979.14,Microcella sp.,1,1,1,1,True,True,True,True,1.0
c79e742eebf15a486ad1e2cf3cbbf8b9,species,1,1,2294114.3,2294114.3,2294114.3,Mesorhizobium denitrificans,2294114.3,Mesorhizobium denitrificans,1,1,1,1,True,True,True,True,1.0
c8080721bf9326bb39e5be38141fb4ab,species,2,2,2053306.302|1948670.3,2053306.302|1948670.3,2053306.302,Ignavibacteria bacterium,2053306.302,Ignavibacteria bacterium,1,2,2,1|4,True,True,True,True,1.0
c8095feba2ce1aa5c0ae34129a1fbbc3,genus,1,1,2447898.187,2447898.187,2447898.187,Candidatus Kapaibacterium sp.,2447898.187,Candidatus Kapaibacterium sp.,1,1,1,1,True,True,True,True,1.0
c80cf77f7a9d249d68f2098e8229aea4,species,0,0,,,,,,,,0,0,,,,,,
c81e470c7b8e3f8619935455e7f0b7f2,species,2,2,2774189.4|3133089.3,2774189.4|3133089.3,2774189.4,Brevundimonas pondensis,2774189.4,Brevundimonas pondensis,1,2,2,1|3,True,True,True,True,1.0
c81fa25663abeb054ec3657e9f3bc6a4,genus,1,1,1672391.911,1672391.911,1672391.911,uncultured Chloroflexia bacterium,1672391.911,uncultured Chloroflexia bacterium,1,1,1,1,True,True,True,True,1.0
c8276023027b0195a53b0e30a22ee5fa,genus,1,1,332614.302,332614.302,332614.302,uncultured Pseudomonadales bacterium,332614.302,uncultured Pseudomonadales bacterium,1,1,1,1,True,True,True,True,1.0
c84c09715b8afcf3d662c434623262fb,genus,1,1,1913989.6082,1913989.6082,1913989.6082,Gammaproteobacteria bacterium,1913989.6082,Gammaproteobacteria bacterium,1,1,1,1,True,True,True,True,1.0
c865215653a7a4e84c8ee2553dae44b5,species,1,1,2268199.316,2268199.316,2268199.316,Polyangiaceae bacterium,2268199.316,Polyangiaceae bacterium,1,1,1,1,True,True,True,True,1.0
c865df92c0a0be18e7225b4aeb71ebb4,species,1,1,2268026.3,2268026.3,2268026.3,Runella sp. SP2,2268026.3,Runella sp. SP2,1,1,1,1,True,True,True,True,1.0
c880485a492de916a06d71e7599ea5d3,species,2,2,2026724.3243|2073117.63,2026724.3243|2073117.63,2026724.3243,Chloroflexota bacterium,2026724.3243,Chloroflexota bacterium,1,2,2,1|2,True,True,True,True,1.0
c8832ed0725e4f7797e83259fd402a5d,family,1,1,2699749.3,2699749.3,2699749.3,Leptolinea sp.,2699749.3,Leptolinea sp.,1,1,1,1,True,True,True,True,1.0
c8aa56841e58751cdf713eed9ba69446,species,1,1,1909294.1092,1909294.1092,1909294.1092,Hyphomicrobiales bacterium,1909294.1092,Hyphomicrobiales bacterium,1,1,1,1,True,True,True,True,1.0
c8b845cbb13bb42e9faadbf6c2cea2cf,genus,1,1,2026763.635,2026763.635,2026763.635,Myxococcales bacterium,2026763.635,Myxococcales bacterium,1,1,1,1,True,True,True,True,1.0
c8d70bf87c3ad29499c478e4530b84bd,species,2,2,1892848.3|1219058.3,1892848.3|1219058.3,1892848.3,Sphingopyxis sp. P1IMeth2,1892848.3,Sphingopyxis sp. P1IMeth2,1,2,2,1|3,True,True,True,True,1.0
c8df297a6b48b98681f2cba6fb772aec,genus,1,1,2052143.130,2052143.130,2052143.130,Anaerolineae bacterium,2052143.130,Anaerolineae bacterium,1,1,1,1,True,True,True,True,1.0
c8fe99c6faa517e87039c1e485be2b7c,species,0,0,,,,,,,,0,0,,,,,,
c8ff0962bd82a5d55392fac2403fb7dd,family,1,1,3034171.47,3034171.47,3034171.47,Polyangiales bacterium,3034171.47,Polyangiales bacterium,1,1,1,1,True,True,True,True,1.0
c9079c12e180d2b668d24c139e064c74,genus,1,1,316068.7,316068.7,316068.7,Leadbetterella byssophila,316068.7,Leadbetterella byssophila,1,1,1,1,True,True,True,True,1.0
c90e41fa7df0d32bc9a9e89e5b36e42c,species,2,2,79329.603|1869212.1059,79329.603|1869212.1059,79329.603,Chitinophaga pinensis,79329.603,Chitinophaga pinensis,1,2,2,1|2,True,True,True,True,1.0
c9209e2a22c08ecdf2762a15fb6e44e1,species,2,2,2024896.421|1951401.3,2024896.421|1951401.3,2024896.421,Anaerolineaceae bacterium,2024896.421,Anaerolineaceae bacterium,1,2,2,1|2,True,True,True,True,1.0
c9514f244e7369000f10455c7d34cc2f,species,1,1,100371.32,100371.32,100371.32,uncultured Planctomycetales bacterium,100371.32,uncultured Planctomycetales bacterium,1,1,1,1,True,True,True,True,1.0
c955424540a5fb97976249c5c1d055b9,family,2,2,1977087.7818|3034175.125,1977087.7818|3034175.125,1977087.7818,Pseudomonadota bacterium,1977087.7818,Pseudomonadota bacterium,1,2,2,1|2,True,True,True,True,1.0
c95ba2f613e442fc81b57b3dfee20e9c,genus,2,2,291847.4|1488331.4,291847.4|1488331.4,291847.4,uncultured Fusibacter sp.,291847.4,uncultured Fusibacter sp.,1,2,2,1|6,True,True,True,True,1.0
c97b49b5849b709da91fb5f6f48cd9eb,species,2,2,335406.5|256318.66,335406.5|256318.66,335406.5,Sphingosinicella microcystinivorans,335406.5,Sphingosinicella microcystinivorans,1,2,2,1|2,True,True,True,True,1.0
c97df728d890895e241ca322f2bd7af7,genus,1,1,1121276.3,1121276.3,1121276.3,Chitinilyticum litopenaei,1121276.3,Chitinilyticum litopenaei,1,1,1,1,True,True,True,True,1.0
c99affce1f4289abe2a1a8ed5b5fa412,species,2,2,2575682.4|1913989.1483,2575682.4|1913989.1483,2575682.4,Gammaproteobacteria bacterium PRO2,2575682.4,Gammaproteobacteria bacterium PRO2,1,2,2,1|2,True,True,True,True,1.0
c9c3178fb4f2bf42525c6e5d80c9e308,genus,1,1,3080285.5,3080285.5,3080285.5,,3080285.5,,1,1,1,1,True,True,True,False,1.0
c9c3666aab6369c43fe21732df0208cb,genus,5,5,2161748.3|43263.27|3041817.6|1793966.17|1198456.6,2161748.3|43263.27|3041817.6|1793966.17|1198456.6,2161748.3,Pseudomonas mangrovi,2161748.3,Pseudomonas mangrovi,1,5,5,1|14|2|3|5,True,True,True,True,1.0
c9c4daa9cccd911d49cd8234abf36a18,genus,0,0,,,,,,,,0,0,,,,,,
c9c67162f7c789677c2438e05416942e,family,1,1,904075.139,904075.139,904075.139,uncultured Phycisphaerales bacterium,904075.139,uncultured Phycisphaerales bacterium,1,1,1,1,True,True,True,True,1.0
c9c883796b6fb86e03a20132fd127231,species,2,2,2769295.3|128785.56,2769295.3|128785.56,2769295.3,Pseudoxanthomonas sp. PXM01,2769295.3,Pseudoxanthomonas sp. PXM01,14,2,2,14|2,True,True,True,True,1.0
c9cb6913577f536fb502430323545a5d,family,2,2,2890869.72|1869227.779,2890869.72|1869227.779,2890869.72,Candidatus Saccharimonadia bacterium,2890869.72,Candidatus Saccharimonadia bacterium,1,2,2,1|2,True,True,True,True,1.0
c9e0a746de00d7137b84614e7ae84762,species,2,2,2053538.110|2026780.1498,2053538.110|2026780.1498,2053538.110,Candidatus Competibacteraceae bacterium,2053538.110,Candidatus Competibacteraceae bacterium,2,2,2,2|5,True,True,True,True,1.0
c9f6f6d0323c0509c21576a1d08f4732,species,2,2,2835643.4|1983769.9,2835643.4|1983769.9,2835643.4,Cyanobacteria bacterium TGS_CYA1,2835643.4,Cyanobacteria bacterium TGS_CYA1,2,2,2,2|1,True,True,True,True,1.0
ca3b823c41e85ede6372c59cd3004183,genus,3,3,2053538.22|2800415.26|77133.17509,2053538.22|2800415.26|77133.17509,2053538.22,Candidatus Competibacteraceae bacterium,2053538.22,Candidatus Competibacteraceae bacterium,2,3,3,2|3|1,True,True,True,True,1.0
ca4828bd9fff9713432c4def47c94187,family,2,2,1871071.61|511901.3,1871071.61|511901.3,1871071.61,Comamonadaceae bacterium,1871071.61,Comamonadaceae bacterium,14,2,2,14|6,True,True,True,True,1.0
ca4877a551f2cb66efebd5e65f22664c,species,2,2,2211374.3|2823334.3,2211374.3|2823334.3,2211374.3,Candidatus Accumulibacter meliphilus,2211374.3,Candidatus Accumulibacter meliphilus,1,2,2,1|5,True,True,True,True,1.0
ca500688b4e84cd9db6c3613ab38baaf,species,1,1,1869227.7885,1869227.7885,1869227.7885,bacterium,1869227.7885,bacterium,1,1,1,1,True,True,True,True,1.0
ca64b8aaaae1f2a6b68e23501fbcb38e,genus,1,1,1523422.3,1523422.3,1523422.3,Brevundimonas sp. AAP58,1523422.3,Brevundimonas sp. AAP58,1,1,1,1,True,True,True,True,1.0
ca91d84854598d74808f909af4958fc3,genus,1,1,2026780.454,2026780.454,2026780.454,Planctomycetota bacterium,2026780.454,Planctomycetota bacterium,1,1,1,1,True,True,True,True,1.0
caafd6d1ef718ac1a2b7473f47d9340b,species,2,2,290.4|1768760.3,290.4|1768760.3,290.4,Afipia carboxydohydrogena,290.4,Afipia carboxydohydrogena,1,2,2,1|2,True,True,True,True,1.0
cac26f416c3893ea7714d92e87f07bc3,species,2,2,2053306.302|1948670.3,2053306.302|1948670.3,2053306.302,Ignavibacteria bacterium,2053306.302,Ignavibacteria bacterium,1,2,2,1|4,True,True,True,True,1.0
caea036a727245d0a2ca8b9d149211bb,species,2,2,2448782.95|2482790.170,2448782.95|2482790.170,2448782.95,Chloroflexia bacterium,2448782.95,Chloroflexia bacterium,1,2,2,1|2,True,True,True,True,1.0
cb193f806564b61a8293d7c14c191bcb,family,1,1,2838792.5,2838792.5,2838792.5,Limisphaera sp.,2838792.5,Limisphaera sp.,1,1,1,1,True,True,True,True,1.0
cb51cc770819453776ec6ad2ff34e9a5,species,1,1,735512.15,735512.15,735512.15,uncultured Reyranella sp.,735512.15,uncultured Reyranella sp.,1,1,1,1,True,True,True,True,1.0
cb5f1ae83a73e4da605761f64382d115,species,1,1,2022747.4,2022747.4,2022747.4,Elstera cyanobacteriorum,2022747.4,Elstera cyanobacteriorum,1,1,1,1,True,True,True,True,1.0
cb635bda421b95a8446ed8a1f2845814,genus,1,1,1935954.15,1935954.15,1935954.15,uncultured Isosphaeraceae bacterium,1935954.15,uncultured Isosphaeraceae bacterium,1,1,1,1,True,True,True,True,1.0
cb9ca6512887aeaf0cdd21a386bf3317,species,2,2,2021613.11|31872.21,2021613.11|31872.21,2021613.11,Tagaea sp.,2021613.11,Tagaea sp.,1,2,2,1|2,True,True,True,True,1.0
cbe5c89d78091b4c89985efabd65b06a,species,1,1,77133.4208,77133.4208,77133.4208,uncultured bacterium,77133.4208,uncultured bacterium,1,1,1,1,True,True,True,True,1.0
cbe68c3325ad018f58b9eecf75bd173e,species,1,1,2497627.107,2497627.107,2497627.107,Microthrixaceae bacterium,2497627.107,Microthrixaceae bacterium,1,1,1,1,True,True,True,True,1.0
cc222a7ff51836e31dfaa67b0bd112be,genus,3,3,1869227.4421|2052139.1280|171953.752,1869227.4421|2052139.1280|171953.752,1869227.4421,bacterium,1869227.4421,bacterium,1,3,3,1|2|3,True,True,True,True,1.0
cc237fd6a3f9028d2fb87bc52f7265e2,species,1,1,1948831.3,1948831.3,1948831.3,Patescibacteria group bacterium UBA5532,1948831.3,Patescibacteria group bacterium UBA5532,1,1,1,1,True,True,True,True,1.0
cc367ad09eb886e299fa8702a252ad51,genus,1,1,2689616.561,2689616.561,2689616.561,Steroidobacteraceae bacterium,2689616.561,Steroidobacteraceae bacterium,1,1,1,1,True,True,True,True,1.0
cc3e904757fa80d4c95aba81800c65b7,family,1,1,1672391.239,1672391.239,1672391.239,uncultured Chloroflexia bacterium,1672391.239,uncultured Chloroflexia bacterium,1,1,1,1,True,True,True,True,1.0
cc6d23f24d43a4ef6168998f1f30e0d7,genus,1,1,2044936.833,2044936.833,2044936.833,Bacteroidia bacterium,2044936.833,Bacteroidia bacterium,1,1,1,1,True,True,True,True,1.0
cc8b6a7bb55fe3fb9a98e3b8e4f62786,species,2,2,2053538.110|2026780.1498,2053538.110|2026780.1498,2053538.110,Candidatus Competibacteraceae bacterium,2053538.110,Candidatus Competibacteraceae bacterium,2,2,2,2|5,True,True,True,True,1.0
ccadfba86f1c5e7d3370fd31e6c6f4da,family,1,1,1891241.417,1891241.417,1891241.417,Betaproteobacteria bacterium,1891241.417,Betaproteobacteria bacterium,1,1,1,1,True,True,True,True,1.0
ccb7616bee823c2ea828922b9d101a9d,genus,1,1,2996031.3,2996031.3,2996031.3,,2996031.3,,1,1,1,1,True,True,True,False,1.0
cccbc61fae92011ee4198e9712553ab1,species,2,2,2013833.3|49181.4,2013833.3|49181.4,2013833.3,Spirochaetae bacterium HGW-Spirochaetae-10,2013833.3,Spirochaetae bacterium HGW-Spirochaetae-10,1,2,2,1|2,True,True,True,True,1.0
ccd8c51003c6724304379157cbbb67a3,species,1,1,2033014.625,2033014.625,2033014.625,Armatimonadota bacterium,2033014.625,Armatimonadota bacterium,1,1,1,1,True,True,True,True,1.0
ccdd4521f9341f78bd592715c82df8af,below,0,0,,,,,,,,0,0,,,,,,
cd09765b1f8b9b36b2c13f77224f9c97,genus,2,2,1854708.3|2026733.142,1854708.3|2026733.142,1854708.3,Maribacter arenosus,1854708.3,Maribacter arenosus,1,2,2,1|4,True,True,True,True,1.0
cd1087395246915e31afc3dfb0421f07,genus,1,1,1962667.5,1962667.5,1962667.5,Nannocystis sp.,1962667.5,Nannocystis sp.,1,1,1,1,True,True,True,True,1.0
cd1107846d43e94155a3a6d07366e62d,family,1,1,77133.755,77133.755,77133.755,uncultured bacterium,77133.755,uncultured bacterium,1,1,1,1,True,True,True,True,1.0
cd1c70165636b58a73926965a6155a52,species,1,1,2099377.29,2099377.29,2099377.29,Sulfuricella sp.,2099377.29,Sulfuricella sp.,1,1,1,1,True,True,True,True,1.0
cd4a3d0ac95a72eed300ee8a39f2287f,species,1,1,2497627.7,2497627.7,2497627.7,Microthrixaceae bacterium,2497627.7,Microthrixaceae bacterium,1,1,1,1,True,True,True,True,1.0
cd4a861b25deb1d45adfd933b95ebda9,species,1,1,2692182.3,2692182.3,2692182.3,Criblamydiaceae bacterium,2692182.3,Criblamydiaceae bacterium,1,1,1,1,True,True,True,True,1.0
cd4bf7726e3134e83afbcfdf592d55b7,species,2,2,2035356.5|1929291.112,2035356.5|1929291.112,2035356.5,Reyranella aquatilis,2035356.5,Reyranella aquatilis,1,2,2,1|2,True,True,True,True,1.0
cd521200885e09ca51eb7fdb30132648,species,2,2,3142262.4|1134435.5,3142262.4|1134435.5,3142262.4,Thauera sp. JM12B12,3142262.4,Thauera sp. JM12B12,1,2,2,1|2,True,True,True,True,1.0
cd5a90e48ecab9609ecaaeee72c17cfb,species,0,0,,,,,,,,0,0,,,,,,
cd62c03c7f5016c1b7fe33f64079c8d6,genus,4,4,424796.3|3093845.3|74326.3|2774190.3,424796.3|3093845.3|74326.3|2774190.3,424796.3,Brevundimonas lenta,424796.3,Brevundimonas lenta,1,4,4,1|2|8|11,True,True,True,True,1.0
cd8294ca2713038f3176ee78bfbac680,species,2,2,2841654.9|1898104.2963,2841654.9|1898104.2963,2841654.9,Microcoleus sp. EPA2,2841654.9,Microcoleus sp. EPA2,2,2,2,2|3,True,True,True,True,1.0
cd868fdf3e91497c8fb17e225eef51b4,species,2,2,2968500.3|592051.8,2968500.3|592051.8,2968500.3,Sphingopyxis sp. DBS4,2968500.3,Sphingopyxis sp. DBS4,1,2,2,1|2,True,True,True,True,1.0
cdae7cd8e083c96804804ab93d0d894f,species,1,1,2053589.380,2053589.380,2053589.380,Minisyncoccota bacterium,2053589.380,Minisyncoccota bacterium,1,1,1,1,True,True,True,True,1.0
cdba3317ad2f43147cb23e437e730413,genus,1,1,2053589.1019,2053589.1019,2053589.1019,Minisyncoccota bacterium,2053589.1019,Minisyncoccota bacterium,1,1,1,1,True,True,True,True,1.0
cdcc338c9219935b758b402e9aa437e4,species,2,2,3142262.4|1134435.5,3142262.4|1134435.5,3142262.4,Thauera sp. JM12B12,3142262.4,Thauera sp. JM12B12,1,2,2,1|2,True,True,True,True,1.0
cdd9cd6ace156680346df05634e82fa7,genus,2,2,2026763.197|50259.22,2026763.197|50259.22,2026763.197,Myxococcales bacterium,2026763.197,Myxococcales bacterium,1,2,2,1|2,True,True,True,True,1.0
cdda4a6f6527c29d5a8ebdffadbd1166,below,0,0,,,,,,,,0,0,,,,,,
cddcca3bd84219c87dfd999f341ae893,genus,3,3,2053538.22|2800415.26|77133.17509,2053538.22|2800415.26|77133.17509,2053538.22,Candidatus Competibacteraceae bacterium,2053538.22,Candidatus Competibacteraceae bacterium,2,3,3,2|3|1,True,True,True,True,1.0
cdf32964ec2439222db45e3c95c8a398,species,1,1,34034.956,34034.956,34034.956,uncultured delta proteobacterium,34034.956,uncultured delta proteobacterium,1,1,1,1,True,True,True,True,1.0
ce2b87adb2d2a63ad869e7d07d67e616,species,2,2,100233.311|2026779.142,100233.311|2026779.142,100233.311,uncultured Planctomycetaceae bacterium,100233.311,uncultured Planctomycetaceae bacterium,1,2,2,1|2,True,True,True,True,1.0
ce34ff8194ebb6f23b6baff41fdc2b81,species,2,2,879969.11|1869227.4377,879969.11|1869227.4377,879969.11,Macellibacteroides fermentans,879969.11,Macellibacteroides fermentans,1,2,2,1|6,True,True,True,True,1.0
ce47598b62e76d7d8d3bbf6158722124,species,2,2,2053538.110|2026780.1498,2053538.110|2026780.1498,2053538.110,Candidatus Competibacteraceae bacterium,2053538.110,Candidatus Competibacteraceae bacterium,2,2,2,2|5,True,True,True,True,1.0
ce49556ef3a4415c3af975fd44281d43,genus,1,1,411917.6,411917.6,411917.6,uncultured Planctomycetia bacterium,411917.6,uncultured Planctomycetia bacterium,1,1,1,1,True,True,True,True,1.0
ce5dd04a3a7965bd6cccde1227cd6081,species,2,2,3142262.4|1134435.5,3142262.4|1134435.5,3142262.4,Thauera sp. JM12B12,3142262.4,Thauera sp. JM12B12,1,2,2,1|2,True,True,True,True,1.0
ce95a8fc3706515c612fbf138e4ea357,family,1,1,3242729.3,3242729.3,3242729.3,Pseudoxanthomonas fibrivorans,3242729.3,Pseudoxanthomonas fibrivorans,3,1,1,3,True,True,True,True,1.0
cebc1cee29657699227e03187e758d8b,species,1,1,256318.71,256318.71,256318.71,metagenome,256318.71,metagenome,1,1,1,1,True,True,True,True,1.0
ced1a181aa7de58dcbe1f2f5be41f79d,species,1,1,2499140.25,2499140.25,2499140.25,Negativicutes bacterium,2499140.25,Negativicutes bacterium,1,1,1,1,True,True,True,True,1.0
cef59943b50f7a93d373a8d62675d0c1,species,1,1,3121628.5,3121628.5,3121628.5,Candidatus Obscuribacteraceae bacterium,3121628.5,Candidatus Obscuribacteraceae bacterium,1,1,1,1,True,True,True,True,1.0
cf04845719247149d455954bd1537412,genus,1,1,34034.473,34034.473,34034.473,uncultured delta proteobacterium,34034.473,uncultured delta proteobacterium,2,1,1,2,True,True,True,True,1.0
cf063983116efa8d305dd1c7ffeed7a1,species,1,1,1940288.296,1940288.296,1940288.296,Ferruginibacter sp.,1940288.296,Ferruginibacter sp.,1,1,1,1,True,True,True,True,1.0
cf27536f4951c8880df0022c5a448490,family,2,2,1898104.853|1906665.323,1898104.853|1906665.323,1898104.853,Bacteroidota bacterium,1898104.853,Bacteroidota bacterium,1,2,2,1|2,True,True,True,True,1.0
cf2e7b0c10686d715548250543275225,species,1,1,1969813.25,1969813.25,1969813.25,Nevskiaceae bacterium,1969813.25,Nevskiaceae bacterium,1,1,1,1,True,True,True,True,1.0
cf3cd93619c1af36f2215e35c20873e3,species,2,2,2603292.3|3138237.3,2603292.3|3138237.3,2603292.3,Salinibacterium sp. dk2585,2603292.3,Salinibacterium sp. dk2585,1,2,2,1|2,True,True,True,True,1.0
cf3e180e655c7a5654ae4ee643e35a6b,species,1,1,2497627.141,2497627.141,2497627.141,Microthrixaceae bacterium,2497627.141,Microthrixaceae bacterium,1,1,1,1,True,True,True,True,1.0
cf69b7c25ac23d414fb4c645d58fefd4,species,2,2,2211374.3|2823334.3,2211374.3|2823334.3,2211374.3,Candidatus Accumulibacter meliphilus,2211374.3,Candidatus Accumulibacter meliphilus,1,2,2,1|5,True,True,True,True,1.0
cf792c7c6b6316c9478eb6d7e4e52d7f,below,0,0,,,,,,,,0,0,,,,,,
cfad1004e0f79507d8c40156cf979732,family,1,1,2026734.1424,2026734.1424,2026734.1424,Dehalococcoidia bacterium,2026734.1424,Dehalococcoidia bacterium,1,1,1,1,True,True,True,True,1.0
cfad6ccabfab92bb61daa51dd12e326d,species,1,1,2964540.102,2964540.102,2964540.102,Smithellaceae bacterium,2964540.102,Smithellaceae bacterium,2,1,1,2,True,True,True,True,1.0
cfaf74878a575739bd1083987af3d1a8,family,1,1,3036772.5,3036772.5,3036772.5,Candidatus Xenobia bacterium,3036772.5,Candidatus Xenobia bacterium,1,1,1,1,True,True,True,True,1.0
cff57e66035dd2d254ce357b0c4db4d8,species,1,1,3042025.3,3042025.3,3042025.3,Luteimonas kalidii,3042025.3,Luteimonas kalidii,2,1,1,2,True,True,True,True,1.0
cffae90a3915ff2c6d6bc918a410cccb,species,1,1,2201156.1298,2201156.1298,2201156.1298,Acidimicrobiales bacterium,2201156.1298,Acidimicrobiales bacterium,1,1,1,1,True,True,True,True,1.0
d011e7637acb1f690149c8e867bb12aa,family,1,1,2052139.696,2052139.696,2052139.696,Patescibacteria group bacterium,2052139.696,Patescibacteria group bacterium,1,1,1,1,True,True,True,True,1.0
d018254f3fa1ae2dfcb4566792d4fb87,species,2,2,2518612.352|2900548.1188,2518612.352|2900548.1188,2518612.352,Candidatus Nanopelagicales bacterium,2518612.352,Candidatus Nanopelagicales bacterium,1,2,2,1|2,True,True,True,True,1.0
d02253de552a5856a37bde7f1d950462,species,2,2,2051955.54|256318.70,2051955.54|256318.70,2051955.54,Methylobacter sp.,2051955.54,Methylobacter sp.,2,2,2,2|1,True,True,True,True,1.0
d03401b2417d5e4348592ae239124ed2,species,2,2,49181.6|350.3,49181.6|350.3,49181.6,Zoogloea sp.,49181.6,Zoogloea sp.,1,2,2,1|6,True,True,True,True,1.0
d0396f31c93e8dce2c237870994d1599,family,1,1,1898206.222,1898206.222,1898206.222,Spirochaetaceae bacterium,1898206.222,Spirochaetaceae bacterium,1,1,1,1,True,True,True,True,1.0
d0417be59ef1437f116d6d1569a97af6,species,2,2,915.9|42353.225,915.9|42353.225,915.9,Nitrosomonas europaea,915.9,Nitrosomonas europaea,2,2,2,2|4,True,True,True,True,1.0
d0425a80968683b0e626636dc93c1f7a,species,2,2,1871076.5|239.357,1871076.5|239.357,1871076.5,Flavobacterium azooxidireducens,1871076.5,Flavobacterium azooxidireducens,1,2,2,1|2,True,True,True,True,1.0
d04bc1cfdd441510f9908f956a0d04c3,species,1,1,1681.1473,1681.1473,1681.1473,Bifidobacterium bifidum,1681.1473,Bifidobacterium bifidum,1,1,1,1,True,True,True,True,1.0
d05002986e2b3ae4528f0200b2b685b2,genus,1,1,2762014.114,2762014.114,2762014.114,Candidatus Parcubacteria bacterium,2762014.114,Candidatus Parcubacteria bacterium,1,1,1,1,True,True,True,True,1.0
d0523d37afb5bc2f584d3c22ab93316e,family,1,1,1233231.13,1233231.13,1233231.13,Scytonema tolypothrichoides,1233231.13,Scytonema tolypothrichoides,1,1,1,1,True,True,True,True,1.0
d05573870356d1de50f434c7876b3f14,genus,1,1,215691.3,215691.3,215691.3,Thermomonas brevis,215691.3,Thermomonas brevis,1,1,1,1,True,True,True,True,1.0
d05b1ded137395d607dd74d7875f9345,species,1,1,2052164.210,2052164.210,2052164.210,Gemmataceae bacterium,2052164.210,Gemmataceae bacterium,1,1,1,1,True,True,True,True,1.0
d06d44239b90535b8676553dfd598fa1,species,1,1,2021370.137,2021370.137,2021370.137,Sphingobacteriaceae bacterium,2021370.137,Sphingobacteriaceae bacterium,1,1,1,1,True,True,True,True,1.0
d0753c069f0c184cd800e971115eec98,species,1,1,1898104.3542,1898104.3542,1898104.3542,Bacteroidota bacterium,1898104.3542,Bacteroidota bacterium,1,1,1,1,True,True,True,True,1.0
d0a1db1c2d478ddb0fc536d7aea62527,family,2,2,2053306.302|1948670.3,2053306.302|1948670.3,2053306.302,Ignavibacteria bacterium,2053306.302,Ignavibacteria bacterium,1,2,2,1|4,True,True,True,True,1.0
d0bf96311d2531baaecbb6c5a35d790c,genus,1,1,3030912.180,3030912.180,3030912.180,Anaerovoracaceae bacterium,3030912.180,Anaerovoracaceae bacterium,1,1,1,1,True,True,True,True,1.0
d0c404ff7e0920d264b64f5a6de63210,species,2,2,2053538.110|2026780.1498,2053538.110|2026780.1498,2053538.110,Candidatus Competibacteraceae bacterium,2053538.110,Candidatus Competibacteraceae bacterium,2,2,2,2|5,True,True,True,True,1.0
d0f3a900bee1d14d3010ee2511609eaf,genus,1,1,147047.3,147047.3,147047.3,Humidesulfovibrio mexicanus,147047.3,Humidesulfovibrio mexicanus,1,1,1,1,True,True,True,True,1.0
d0f8f2c839a86407967290ab2543bfac,genus,1,1,1946333.3,1946333.3,1946333.3,Chthonomonas sp. UBA2362,1946333.3,Chthonomonas sp. UBA2362,1,1,1,1,True,True,True,True,1.0
d110aaec209cdc048ffa1c7ec9e0af0b,species,1,1,2026780.490,2026780.490,2026780.490,Planctomycetota bacterium,2026780.490,Planctomycetota bacterium,1,1,1,1,True,True,True,True,1.0
d11688337a8b830a6a9b37c9aba53e80,species,1,1,2202734.76,2202734.76,2202734.76,Saprospiraceae bacterium,2202734.76,Saprospiraceae bacterium,1,1,1,1,True,True,True,True,1.0
d11bdbd7ccb6e020e46bb12d3903ef0a,species,1,1,1898104.863,1898104.863,1898104.863,Bacteroidota bacterium,1898104.863,Bacteroidota bacterium,1,1,1,1,True,True,True,True,1.0
d13123338dd49b928b0252f069820301,genus,1,1,1879010.10588,1879010.10588,1879010.10588,Bacillota bacterium,1879010.10588,Bacillota bacterium,1,1,1,1,True,True,True,True,1.0
d138039aa448cc373b2e7cf4d5e62028,species,1,1,86027.1378,86027.1378,86027.1378,uncultured beta proteobacterium,86027.1378,uncultured beta proteobacterium,1,1,1,1,True,True,True,True,1.0
d13bfe575c92b3d721dd84b3858327c5,species,2,2,1891238.2612|1891241.448,1891238.2612|1891241.448,1891238.2612,Burkholderiales bacterium,1891238.2612,Burkholderiales bacterium,1,2,2,1|2,True,True,True,True,1.0
d15b176c9d1d2e76a7fb21a63c097661,genus,1,1,2053589.1206,2053589.1206,2053589.1206,Minisyncoccota bacterium,2053589.1206,Minisyncoccota bacterium,1,1,1,1,True,True,True,True,1.0
d17215a93698b41d098c32098757018f,genus,2,2,2058085.4|2546226.3,2058085.4|2546226.3,2058085.4,Arenimonas caeni,2058085.4,Arenimonas caeni,1,2,2,1|3,True,True,True,True,1.0
d17d217b047d997803d6c932e4bcb1bc,species,1,1,1121886.3,1121886.3,1121886.3,Flavobacterium croceum,1121886.3,Flavobacterium croceum,1,1,1,1,True,True,True,True,1.0
d1a835231446692ca36239751e1248c8,genus,1,1,2832348.60,2832348.60,2832348.60,Terrimicrobiaceae bacterium,2832348.60,Terrimicrobiaceae bacterium,2,1,1,2,True,True,True,True,1.0
d1ad18c582956541d775c4d6e0d7823d,family,1,1,1935954.10,1935954.10,1935954.10,uncultured Isosphaeraceae bacterium,1935954.10,uncultured Isosphaeraceae bacterium,1,1,1,1,True,True,True,True,1.0
d1aed3390f4be80a683e0014485c01f0,species,1,1,2818473.28,2818473.28,2818473.28,Giesbergeria sp.,2818473.28,Giesbergeria sp.,1,1,1,1,True,True,True,True,1.0
d1bb3a8e9a23ba644ac6eb4f9c7ae991,species,1,1,1933926.193,1933926.193,1933926.193,Methylococcaceae bacterium,1933926.193,Methylococcaceae bacterium,2,1,1,2,True,True,True,True,1.0
d1c6d7fd6172206647b0402336dbca5a,species,2,2,2651171.17|171953.322,2651171.17|171953.322,2651171.17,Thermoanaerobaculia bacterium,2651171.17,Thermoanaerobaculia bacterium,1,2,2,1|4,True,True,True,True,1.0
d1c7c531d9f34fc6deaa9ca6081d68ca,genus,1,1,1933926.200,1933926.200,1933926.200,Methylococcaceae bacterium,1933926.200,Methylococcaceae bacterium,1,1,1,1,True,True,True,True,1.0
d1dc8c5f6a93fae592269b49e4cfc716,family,2,2,2052180.652|2502237.5,2052180.652|2502237.5,2052180.652,Phycisphaerales bacterium,2052180.652,Phycisphaerales bacterium,1,2,2,1|3,True,True,True,True,1.0
d22e9586f51f2b4d4e2ae0d29f34fc19,genus,1,1,2026779.942,2026779.942,2026779.942,Planctomycetaceae bacterium,2026779.942,Planctomycetaceae bacterium,1,1,1,1,True,True,True,True,1.0
d235ec6b10c514d64660bd9d74f2e71c,species,2,2,3041817.6|1198456.6,3041817.6|1198456.6,3041817.6,Pseudomonas sp. CW003PS,3041817.6,Pseudomonas sp. CW003PS,1,2,2,1|2,True,True,True,True,1.0
d2461b8c5e5090876e455245c61fb29d,species,2,2,2053538.110|2026780.1498,2053538.110|2026780.1498,2053538.110,Candidatus Competibacteraceae bacterium,2053538.110,Candidatus Competibacteraceae bacterium,2,2,2,2|5,True,True,True,True,1.0
d26dfa41440fb6a1cb66a96256aa966f,species,1,1,2044936.330,2044936.330,2044936.330,Bacteroidia bacterium,2044936.330,Bacteroidia bacterium,1,1,1,1,True,True,True,True,1.0
d271605ba46d39cda9f507ce8c0c338c,genus,2,2,3030827.3|2711216.4,3030827.3|2711216.4,3030827.3,Paludisphaera mucosa,3030827.3,Paludisphaera mucosa,1,2,2,1|2,True,True,True,True,1.0
d27891ec7eaa21b0099ce51c7b38bc5c,genus,1,1,2026779.820,2026779.820,2026779.820,Planctomycetaceae bacterium,2026779.820,Planctomycetaceae bacterium,1,1,1,1,True,True,True,True,1.0
d28ced77e00f6aeeeb71f47a4cf0d3d5,family,1,1,1879010.10615,1879010.10615,1879010.10615,Bacillota bacterium,1879010.10615,Bacillota bacterium,1,1,1,1,True,True,True,True,1.0
d292084fc1f40bc2ae02cc8d7d0aa1a5,species,1,1,1913961.66,1913961.66,1913961.66,Rhizobiaceae bacterium,1913961.66,Rhizobiaceae bacterium,1,1,1,1,True,True,True,True,1.0
d2af58d88f2cbbc2e0cc9121a4591f97,family,1,1,562.28305,562.28305,562.28305,Escherichia coli,562.28305,Escherichia coli,1,1,1,1,True,True,True,True,1.0
d2bf1b25c8da134597c2f6da64f71120,family,1,1,1977087.1722,1977087.1722,1977087.1722,Pseudomonadota bacterium,1977087.1722,Pseudomonadota bacterium,1,1,1,1,True,True,True,True,1.0
d2cedb2deaea5268cd42afd292eb6696,family,1,1,1798571.3,1798571.3,1798571.3,Lentisphaerae bacterium GWF2_44_16,1798571.3,Lentisphaerae bacterium GWF2_44_16,1,1,1,1,True,True,True,True,1.0
d3072bc037e8ec5081926db9554c70a3,genus,3,3,2866581.4|3346652.3|363840.6,2866581.4|3346652.3|363840.6,2866581.4,Inquilinus sp. Marseille-Q2685,2866581.4,Inquilinus sp. Marseille-Q2685,1,3,3,1|2|9,True,True,True,True,1.0
d31853aa8a44ba04d2119518947e74be,species,2,2,1450134.45|2479851.3,1450134.45|2479851.3,1450134.45,Stenotrophomonas bentonitica,1450134.45,Stenotrophomonas bentonitica,1,2,2,1|5,True,True,True,True,1.0
d31de3b91680cb80a142dd622fbf1d2d,genus,2,2,77133.4208|1898104.981,77133.4208|1898104.981,77133.4208,uncultured bacterium,77133.4208,uncultured bacterium,1,2,2,1|2,True,True,True,True,1.0
d323934346cd24554880990fa3025613,species,1,1,1872588.12,1872588.12,1872588.12,Aquimonas sp.,1872588.12,Aquimonas sp.,1,1,1,1,True,True,True,True,1.0
d32589238ae2ebd49e2ad06318f3240f,species,2,2,2211374.3|2823334.3,2211374.3|2823334.3,2211374.3,Candidatus Accumulibacter meliphilus,2211374.3,Candidatus Accumulibacter meliphilus,1,2,2,1|5,True,True,True,True,1.0
d32a654208fa94cbd34e4e6e8fc8d2a1,family,1,1,2052143.723,2052143.723,2052143.723,Anaerolineae bacterium,2052143.723,Anaerolineae bacterium,1,1,1,1,True,True,True,True,1.0
d33b8db2948391cd4fee52e8f3d4471e,family,2,2,35789.16|35790.38,35789.16|35790.38,35789.16,Rickettsia helvetica,35789.16,Rickettsia helvetica,2,2,2,2|3,True,True,True,True,1.0
d3409a774be9751ed668a21fdd93f904,species,1,1,50259.267,50259.267,50259.267,Rubrivivax sp.,50259.267,Rubrivivax sp.,1,1,1,1,True,True,True,True,1.0
d34e40f3be77de0bb9ccb0d186c64c46,genus,1,1,1869212.1179,1869212.1179,1869212.1179,Chitinophagaceae bacterium,1869212.1179,Chitinophagaceae bacterium,1,1,1,1,True,True,True,True,1.0
d35099e081262e70b3591f88858f25c7,genus,1,1,147047.3,147047.3,147047.3,Humidesulfovibrio mexicanus,147047.3,Humidesulfovibrio mexicanus,1,1,1,1,True,True,True,True,1.0
d351acdf8899b4bc24be030d17d4eb6e,species,1,1,2499140.25,2499140.25,2499140.25,Negativicutes bacterium,2499140.25,Negativicutes bacterium,1,1,1,1,True,True,True,True,1.0
d39e861e6fc302c2a3c112d2462db613,species,1,1,1898103.487,1898103.487,1898103.487,Rhodocyclaceae bacterium,1898103.487,Rhodocyclaceae bacterium,1,1,1,1,True,True,True,True,1.0
d3a7ba97bb01f823a4a360e3b1c7a52d,genus,1,1,191863.59,191863.59,191863.59,Chthoniobacter flavus,191863.59,Chthoniobacter flavus,2,1,1,2,True,True,True,True,1.0
d3cf9feb082be9ef399e72f566f8d184,genus,2,2,3140366.3|2951085.3,3140366.3|2951085.3,3140366.3,Mesorhizobium sp. CAU 1741,3140366.3,Mesorhizobium sp. CAU 1741,1,2,2,1|2,True,True,True,True,1.0
d3f1185a9a790c3507ef6ed64123f91c,species,1,1,1869212.157,1869212.157,1869212.157,Chitinophagaceae bacterium,1869212.157,Chitinophagaceae bacterium,1,1,1,1,True,True,True,True,1.0
d3fc8eeeb539bc7d3d9a3de541bb94b6,genus,1,1,2021391.497,2021391.497,2021391.497,Flavobacteriales bacterium,2021391.497,Flavobacteriales bacterium,1,1,1,1,True,True,True,True,1.0
d40238b6e6c47b51c94b10008b551af4,species,2,2,2821116.9|69367.3,2821116.9|69367.3,2821116.9,Microbacterium sp. Bi98,2821116.9,Microbacterium sp. Bi98,1,2,2,1|3,True,True,True,True,1.0
d4100b19f443b88614f49337a1ea14c9,species,2,2,3142262.4|1134435.5,3142262.4|1134435.5,3142262.4,Thauera sp. JM12B12,3142262.4,Thauera sp. JM12B12,1,2,2,1|2,True,True,True,True,1.0
d4121c69bfc87a2524cd2abf34702ce7,family,2,2,1733.9535|1201292.8,1733.9535|1201292.8,1733.9535,uncultured bacterium 'eubacterium sp.',1733.9535,uncultured bacterium 'eubacterium sp.',1,2,2,1|2,True,True,True,True,1.0
d428681e0895cb3ef2d51fad383057f0,species,1,1,2049428.158,2049428.158,2049428.158,Ignavibacteriales bacterium,2049428.158,Ignavibacteriales bacterium,1,1,1,1,True,True,True,True,1.0
d456c182db682a872e77196acf21c114,family,2,2,128785.61|69284.5,128785.61|69284.5,128785.61,Pseudoxanthomonas mexicana,128785.61,Pseudoxanthomonas mexicana,1,2,2,1|2,True,True,True,True,1.0
d45bbab14253294fdf87ad63aa05c16b,species,2,2,2976818.4|2053589.809,2976818.4|2053589.809,2976818.4,Cloacibacterium sp. TD35,2976818.4,Cloacibacterium sp. TD35,1,2,2,1|2,True,True,True,True,1.0
d4620a8cc5b28c934c65b74941c8f0ce,species,2,2,111770.3|1032.27,111770.3|1032.27,111770.3,Thiothrix fructosivorans,111770.3,Thiothrix fructosivorans,1,2,2,1|3,True,True,True,True,1.0
d464bc33e5f1f76150b33aca10d664ca,genus,1,1,2021391.497,2021391.497,2021391.497,Flavobacteriales bacterium,2021391.497,Flavobacteriales bacterium,1,1,1,1,True,True,True,True,1.0
d4709fa3564b8000b7fdf2356552de62,family,1,1,1871071.232,1871071.232,1871071.232,Comamonadaceae bacterium,1871071.232,Comamonadaceae bacterium,1,1,1,1,True,True,True,True,1.0
d47809ed2fc2304ad758ed602f9df502,species,1,1,77133.3915,77133.3915,77133.3915,uncultured bacterium,77133.3915,uncultured bacterium,1,1,1,1,True,True,True,True,1.0
d47b161962a2a6b73ac689988f174f5a,genus,1,1,100371.50,100371.50,100371.50,uncultured Planctomycetales bacterium,100371.50,uncultured Planctomycetales bacterium,1,1,1,1,True,True,True,True,1.0
d483981e0a2629c6d142213cdabc62d4,genus,3,3,1672391.113|2030808.226|2026724.2448,1672391.113|2030808.226|2026724.2448,1672391.113,uncultured Chloroflexia bacterium,1672391.113,uncultured Chloroflexia bacterium,1,3,3,1|2|3,True,True,True,True,1.0
d48ff8fc0290b4f3af558dbeb3c32da4,species,2,2,1977087.1003|1965277.3,1977087.1003|1965277.3,1977087.1003,Pseudomonadota bacterium,1977087.1003,Pseudomonadota bacterium,1,2,2,1|2,True,True,True,True,1.0
d4b2bd68c8a88033bc0abe0f59f8c2e8,genus,1,1,153809.1301,153809.1301,153809.1301,uncultured Pseudomonadota bacterium,153809.1301,uncultured Pseudomonadota bacterium,1,1,1,1,True,True,True,True,1.0
d4c6b23fc43b7c77cdf98561bfc20a65,genus,1,1,2026748.183,2026748.183,2026748.183,Hyphomonadaceae bacterium,2026748.183,Hyphomonadaceae bacterium,2,1,1,2,True,True,True,True,1.0
d4ca7fe5975184c89fb0b8c95d5b0e39,family,1,1,1913988.2137,1913988.2137,1913988.2137,Alphaproteobacteria bacterium,1913988.2137,Alphaproteobacteria bacterium,1,1,1,1,True,True,True,True,1.0
d4e1e33c3fbf34d052e615a94f6df628,species,2,2,2053538.110|2026780.1498,2053538.110|2026780.1498,2053538.110,Candidatus Competibacteraceae bacterium,2053538.110,Candidatus Competibacteraceae bacterium,2,2,2,2|5,True,True,True,True,1.0
d4f1497709000f513dbb45c769943358,genus,1,1,1935954.15,1935954.15,1935954.15,uncultured Isosphaeraceae bacterium,1935954.15,uncultured Isosphaeraceae bacterium,1,1,1,1,True,True,True,True,1.0
d5004573c96ec6eedcc4348d1145db37,genus,2,2,113574.3|82.231,113574.3|82.231,113574.3,Hyphomicrobium sp. GJ21,113574.3,Hyphomicrobium sp. GJ21,6,2,2,6|4,True,True,True,True,1.0
d51f051e9e3426b6c4c18377f693daca,genus,1,1,1672391.112,1672391.112,1672391.112,uncultured Chloroflexia bacterium,1672391.112,uncultured Chloroflexia bacterium,1,1,1,1,True,True,True,True,1.0
d53f28b60570d16d36f54408b4938d6d,species,2,2,2026735.1906|2660714.16,2026735.1906|2660714.16,2026735.1906,Deltaproteobacteria bacterium,2026735.1906,Deltaproteobacteria bacterium,1,2,2,1|2,True,True,True,True,1.0
d56438f3fb296749ad838564072ac0fd,species,1,1,2447898.94,2447898.94,2447898.94,Candidatus Kapaibacterium sp.,2447898.94,Candidatus Kapaibacterium sp.,1,1,1,1,True,True,True,True,1.0
d572e46017f48e32ff337a58fb82429c,species,2,2,2053594.172|1869227.406,2053594.172|1869227.406,2053594.172,Prolixibacteraceae bacterium,2053594.172,Prolixibacteraceae bacterium,1,2,2,1|2,True,True,True,True,1.0
d575992b99f994fdc4f618a0c520ddcb,genus,1,1,2026791.265,2026791.265,2026791.265,Bryobacterales bacterium,2026791.265,Bryobacterales bacterium,1,1,1,1,True,True,True,True,1.0
d5a2f933539895d50d9ac6f596cf4923,species,2,2,3142262.4|1134435.5,3142262.4|1134435.5,3142262.4,Thauera sp. JM12B12,3142262.4,Thauera sp. JM12B12,1,2,2,1|2,True,True,True,True,1.0
d5a7a23fbbc2fc87321de6ad89b68e5d,family,1,1,1672391.659,1672391.659,1672391.659,uncultured Chloroflexia bacterium,1672391.659,uncultured Chloroflexia bacterium,1,1,1,1,True,True,True,True,1.0
d5c1cd0537685f7a47fbb2e8e24f5992,genus,1,1,3034171.123,3034171.123,3034171.123,Polyangiales bacterium,3034171.123,Polyangiales bacterium,1,1,1,1,True,True,True,True,1.0
d5cef3fde970edec04e8d31121de5795,family,2,2,2762020.9|2014260.3,2762020.9|2014260.3,2762020.9,Candidatus Sericytochromatia bacterium,2762020.9,Candidatus Sericytochromatia bacterium,1,2,2,1|2,True,True,True,True,1.0
d5d08460890e015cada4e235e7f83a94,species,0,0,,,,,,,,0,0,,,,,,
d5d631557acd6dd1b839123493fc6c2f,genus,2,2,2212474.107|2026763.646,2212474.107|2026763.646,2212474.107,Kofleriaceae bacterium,2212474.107,Kofleriaceae bacterium,2,2,2,2|3,True,True,True,True,1.0
d5dbbce1a10800f25883589e6d205b5d,genus,2,2,2922717.5|2730080.3,2922717.5|2730080.3,2922717.5,Fundidesulfovibrio agrisoli,2922717.5,Fundidesulfovibrio agrisoli,1,2,2,1|3,True,True,True,True,1.0
d5f0029ac4c18ac709875d14dea2a8b0,genus,1,1,2448052.94,2448052.94,2448052.94,Geminicoccaceae bacterium,2448052.94,Geminicoccaceae bacterium,1,1,1,1,True,True,True,True,1.0
d6016ff8282ca62ae4625db6da9ae433,genus,0,0,,,,,,,,0,0,,,,,,
d6183f5106001e020c031e4de4dc2f6c,genus,1,1,2053589.824,2053589.824,2053589.824,Minisyncoccota bacterium,2053589.824,Minisyncoccota bacterium,1,1,1,1,True,True,True,True,1.0
d625a9dd8918787fcf4b92616b9ce75b,family,1,1,2053589.1206,2053589.1206,2053589.1206,Minisyncoccota bacterium,2053589.1206,Minisyncoccota bacterium,1,1,1,1,True,True,True,True,1.0
d63d9347caf61699323bff3767bf2d7e,genus,1,1,2026780.454,2026780.454,2026780.454,Planctomycetota bacterium,2026780.454,Planctomycetota bacterium,1,1,1,1,True,True,True,True,1.0
d64fb69c0784fa934397682c9ebaeb55,species,2,2,2053538.110|2026780.1498,2053538.110|2026780.1498,2053538.110,Candidatus Competibacteraceae bacterium,2053538.110,Candidatus Competibacteraceae bacterium,2,2,2,2|5,True,True,True,True,1.0
d6512dc13dc82d66fedb2ba3ca7182b5,species,2,2,2099680.25|176233.15,2099680.25|176233.15,2099680.25,Methanobacteriaceae archaeon,2099680.25,Methanobacteriaceae archaeon,1,2,2,1|2,True,True,True,True,1.0
d676e358ac189c9b3b61247f2c1644c7,species,2,2,128785.61|69284.5,128785.61|69284.5,128785.61,Pseudoxanthomonas mexicana,128785.61,Pseudoxanthomonas mexicana,1,2,2,1|2,True,True,True,True,1.0
d68a6a468ccb51143ce0f8f084584a81,species,1,1,317577.8,317577.8,317577.8,Deinococcus ficus,317577.8,Deinococcus ficus,1,1,1,1,True,True,True,True,1.0
d699c19daa0057d6826c1a53b51b1b6a,species,2,2,1898103.42|86027.1439,1898103.42|86027.1439,1898103.42,Rhodocyclaceae bacterium,1898103.42,Rhodocyclaceae bacterium,2,2,2,2|3,True,True,True,True,1.0
d6bd5dab94ee03c61ccc8aad35ee59db,below,0,0,,,,,,,,0,0,,,,,,
d6dd9a08ce5f14d7321e9f85b9599764,family,2,2,2052143.418|2024896.62,2052143.418|2024896.62,2052143.418,Anaerolineae bacterium,2052143.418,Anaerolineae bacterium,4,2,2,4|5,True,True,True,True,1.0
d6fd8cc30f52c997d8a550fdb5b27dfd,species,2,2,2053634.216|2022749.209,2053634.216|2022749.209,2053634.216,Candidatus Uhrbacteria bacterium,2053634.216,Candidatus Uhrbacteria bacterium,1,2,2,1|2,True,True,True,True,1.0
d700d709d5e22d34cbfc69da0e69088c,species,0,0,,,,,,,,0,0,,,,,,
d701ec9561f5fea8ba97b5b3137c6748,genus,2,2,2033014.625|2448782.95,2033014.625|2448782.95,2033014.625,Armatimonadota bacterium,2033014.625,Armatimonadota bacterium,1,2,2,1|2,True,True,True,True,1.0
d71103671af42cfc6464b7dbcd63c918,genus,2,2,2053538.22|2800415.26,2053538.22|2800415.26,2053538.22,Candidatus Competibacteraceae bacterium,2053538.22,Candidatus Competibacteraceae bacterium,3,2,2,3|4,True,True,True,True,1.0
d71e190c501bc3cbc3c220352fcf300e,genus,2,2,1960880.28|91750.4539,1960880.28|91750.4539,1960880.28,Pseudolabrys sp.,1960880.28,Pseudolabrys sp.,3,2,2,3|1,True,True,True,True,1.0
d72be58733ddb9b9ec172cd768b828f3,genus,3,3,1142394.72|2052180.752|904980.18,1142394.72|2052180.752|904980.18,1142394.72,Phycisphaera mikurensis,1142394.72,Phycisphaera mikurensis,1,3,3,1|2|3,True,True,True,True,1.0
d73a21d1ba4f0af8af0deb6ce6b245a1,genus,1,1,91750.3719,91750.3719,91750.3719,uncultured Alphaproteobacteria bacterium,91750.3719,uncultured Alphaproteobacteria bacterium,1,1,1,1,True,True,True,True,1.0
d742cce28a1b04520050e1e5e2ca39a7,species,1,1,2026791.112,2026791.112,2026791.112,Bryobacterales bacterium,2026791.112,Bryobacterales bacterium,1,1,1,1,True,True,True,True,1.0
d767732025a8359df0a99915193edd79,genus,3,3,2034841.34|1898104.2290|2026792.199,2034841.34|1898104.2290|2026792.199,2034841.34,Lentimicrobium sp.,2034841.34,Lentimicrobium sp.,1,3,3,1|2|3,True,True,True,True,1.0
d796f50ade1b68114200246abd151d32,genus,3,3,291847.4|1488331.4|1048380.9,291847.4|1488331.4|1048380.9,291847.4,uncultured Fusibacter sp.,291847.4,uncultured Fusibacter sp.,1,3,3,1|5|6,True,True,True,True,1.0
d7998d599e6cb482d9566816ad3d168f,genus,1,1,2283092.706,2283092.706,2283092.706,Pyrinomonadaceae bacterium,2283092.706,Pyrinomonadaceae bacterium,1,1,1,1,True,True,True,True,1.0
d7a6992b6deb9f66974cfd0fd1651ddb,species,2,2,50421.331|1977087.1360,50421.331|1977087.1360,50421.331,Rhodoferax sp.,50421.331,Rhodoferax sp.,1,2,2,1|2,True,True,True,True,1.0
d7b582f650ef0cca47a4b8a259494d32,genus,1,1,2053517.55,2053517.55,2053517.55,Bdellovibrionales bacterium,2053517.55,Bdellovibrionales bacterium,1,1,1,1,True,True,True,True,1.0
d7c5a597d0b691edc6e55982d53b6d35,species,1,1,1604902.3,1604902.3,1604902.3,Clostridium omnivorum,1604902.3,Clostridium omnivorum,1,1,1,1,True,True,True,True,1.0
d7c784ced8a5e48bafb943bd004423dc,genus,1,1,2502893.3,2502893.3,2502893.3,Spirosoma sordidisoli,2502893.3,Spirosoma sordidisoli,1,1,1,1,True,True,True,True,1.0
d7d180493def1700902673d46e98cfed,species,2,2,3142262.4|1134435.5,3142262.4|1134435.5,3142262.4,Thauera sp. JM12B12,3142262.4,Thauera sp. JM12B12,1,2,2,1|2,True,True,True,True,1.0
d7dcfa78f5b1d1d0e5a9ba3305d20957,genus,1,1,1672391.209,1672391.209,1672391.209,uncultured Chloroflexia bacterium,1672391.209,uncultured Chloroflexia bacterium,1,1,1,1,True,True,True,True,1.0
d7fa2275e1899045eded9bd1c107ee4c,family,1,1,592834.74,592834.74,592834.74,uncultured Opitutales bacterium,592834.74,uncultured Opitutales bacterium,1,1,1,1,True,True,True,True,1.0
d8068346a97e65e96478038353ab1266,species,2,2,2570193.3|337779.3,2570193.3|337779.3,2570193.3,Dechloromonas sp. H13,2570193.3,Dechloromonas sp. H13,1,2,2,1|2,True,True,True,True,1.0
d81c07d1b7a77a99d0f0ede69bc3497a,genus,3,3,2653171.3|3034017.3|2984949.4,2653171.3|3034017.3|2984949.4,2653171.3,Sphingomonas sp. AX6,2653171.3,Sphingomonas sp. AX6,1,3,3,1|2|3,True,True,True,True,1.0
d8274db409cce4a7f96766a603337d1b,species,1,1,2026724.901,2026724.901,2026724.901,Chloroflexota bacterium,2026724.901,Chloroflexota bacterium,1,1,1,1,True,True,True,True,1.0
d83c0d8fbc6ae1fe1c0dd12cbea1833a,genus,1,1,2026770.468,2026770.468,2026770.468,Nitrospiraceae bacterium,2026770.468,Nitrospiraceae bacterium,2,1,1,2,True,True,True,True,1.0
d85692fc1fec26a5b15dce544ca4fe57,species,2,2,2995142.3|128785.61,2995142.3|128785.61,2995142.3,Pseudoxanthomonas sp. SL93,2995142.3,Pseudoxanthomonas sp. SL93,1,2,2,1|2,True,True,True,True,1.0
d86e1406fcd8229e2cd6bf2375ba6a0b,species,2,2,2035772.120|498747.48,2035772.120|498747.48,2035772.120,Candidatus Omnitrophota bacterium,2035772.120,Candidatus Omnitrophota bacterium,1,2,2,1|2,True,True,True,True,1.0
d898979b7936bdd169f42c8434648156,below,0,0,,,,,,,,0,0,,,,,,
d8ce15ba44918b15b5a08de40c713595,species,1,1,2026720.1067,2026720.1067,2026720.1067,Candidatus Saccharimonadota bacterium,2026720.1067,Candidatus Saccharimonadota bacterium,1,1,1,1,True,True,True,True,1.0
d8d9aa6ea1e20cf154e8ebd5a569bcae,family,1,1,77133.6911,77133.6911,77133.6911,uncultured bacterium,77133.6911,uncultured bacterium,1,1,1,1,True,True,True,True,1.0
d8e664a1d848c118ed401a1191db7aa3,genus,1,1,1898104.3431,1898104.3431,1898104.3431,Bacteroidota bacterium,1898104.3431,Bacteroidota bacterium,1,1,1,1,True,True,True,True,1.0
d8f3f4d8d0a6498d307679923623a9e1,species,1,1,2026770.468,2026770.468,2026770.468,Nitrospiraceae bacterium,2026770.468,Nitrospiraceae bacterium,1,1,1,1,True,True,True,True,1.0
d900b5767e2b5e851300b18d41770098,family,1,1,2306054.54,2306054.54,2306054.54,Rhodothermales bacterium,2306054.54,Rhodothermales bacterium,1,1,1,1,True,True,True,True,1.0
d929cce403bc9abe9119ac1a671ecd3e,species,1,1,2006849.84,2006849.84,2006849.84,Lysobacterales bacterium,2006849.84,Lysobacterales bacterium,1,1,1,1,True,True,True,True,1.0
d92fdf7420ca8760786195c0bcfd60b6,species,2,2,1869337.100|1879010.10571,1869337.100|1879010.10571,1869337.100,Parabacteroides sp.,1869337.100,Parabacteroides sp.,1,2,2,1|2,True,True,True,True,1.0
d93f75e95a0cc74cb7d257fa83827a8b,species,1,1,1404245.7,1404245.7,1404245.7,Corynebacterium glyciniphilum,1404245.7,Corynebacterium glyciniphilum,1,1,1,1,True,True,True,True,1.0
d96e74e5371ae71740ec418d088b7a5a,genus,3,3,1978525.84|1550733.4|1930536.231,1978525.84|1550733.4|1930536.231,1978525.84,Sphingomonadales bacterium,1978525.84,Sphingomonadales bacterium,1,3,3,1|3|4,True,True,True,True,1.0
d976f1562ee096324ac5cff93188bc0d,species,1,1,2021613.7,2021613.7,2021613.7,Tagaea sp.,2021613.7,Tagaea sp.,1,1,1,1,True,True,True,True,1.0
d98eac256940dd50ed0ebfa55353c606,species,2,2,490185.4|1898957.28,490185.4|1898957.28,490185.4,Gemmobacter aquaticus,490185.4,Gemmobacter aquaticus,1,2,2,1|2,True,True,True,True,1.0
d99dccb7436719f476f823aa9ed6479f,species,1,1,1869227.837,1869227.837,1869227.837,bacterium,1869227.837,bacterium,1,1,1,1,True,True,True,True,1.0
d9a050675685ef5f031aa58f3ea2bc75,genus,1,1,2026715.165,2026715.165,2026715.165,Pseudobdellovibrionaceae bacterium,2026715.165,Pseudobdellovibrionaceae bacterium,3,1,1,3,True,True,True,True,1.0
d9aa1795c9f73d034cad4a0c6baa2184,species,2,2,1296565.3|3120155.3,1296565.3|3120155.3,1296565.3,Geodermatophilus amargosae,1296565.3,Geodermatophilus amargosae,1,2,2,1|6,True,True,True,True,1.0
d9b00c82e52301fcc6aeb62bd47aa2de,species,2,2,2026799.843|86473.1975,2026799.843|86473.1975,2026799.843,Verrucomicrobiota bacterium,2026799.843,Verrucomicrobiota bacterium,1,2,2,1|2,True,True,True,True,1.0
d9b843d39d16b12bd43b851875bfdde8,family,1,1,1879010.10762,1879010.10762,1879010.10762,Bacillota bacterium,1879010.10762,Bacillota bacterium,1,1,1,1,True,True,True,True,1.0
d9bf7eb939d75411980e053ca6f19783,species,2,2,249409.3|3043856.3,249409.3|3043856.3,249409.3,Hydrogenophaga atypica,249409.3,Hydrogenophaga atypica,3,2,2,3|5,True,True,True,True,1.0
d9c40d1f962d51a60b4d273b9a68f9e7,genus,2,2,256318.64|2053570.50,256318.64|2053570.50,256318.64,metagenome,256318.64,metagenome,1,2,2,1|2,True,True,True,True,1.0
d9d068664dc293c8a55ca8d605c7d966,species,2,2,2053538.110|2026780.1498,2053538.110|2026780.1498,2053538.110,Candidatus Competibacteraceae bacterium,2053538.110,Candidatus Competibacteraceae bacterium,2,2,2,2|5,True,True,True,True,1.0
d9d0d60349a16f8354c90ad68f542bd0,genus,1,1,157466.66,157466.66,157466.66,uncultured Armatimonadota bacterium,157466.66,uncultured Armatimonadota bacterium,1,1,1,1,True,True,True,True,1.0
d9e3d8b7cb311dd2f52acd7c23b42438,genus,1,1,2073117.1083,2073117.1083,2073117.1083,Anaerolineales bacterium,2073117.1083,Anaerolineales bacterium,1,1,1,1,True,True,True,True,1.0
d9f41ca096eeb883de3ecd6b10dce0f8,family,2,2,2053538.110|2026780.1498,2053538.110|2026780.1498,2053538.110,Candidatus Competibacteraceae bacterium,2053538.110,Candidatus Competibacteraceae bacterium,2,2,2,2|5,True,True,True,True,1.0
da08cf4beac0ca5ecca675ec1dbfc3b0,species,1,1,2053306.133,2053306.133,2053306.133,Ignavibacteria bacterium,2053306.133,Ignavibacteria bacterium,1,1,1,1,True,True,True,True,1.0
da0e6548b94c1dd00fb07e21f3ac6643,family,1,1,2991473.5,2991473.5,2991473.5,Lysobacteraceae bacterium PS02065,2991473.5,Lysobacteraceae bacterium PS02065,1,1,1,1,True,True,True,True,1.0
da3b50d07ad4fb09f3967bf2f1a273ed,species,2,2,2576305.3|1904254.103,2576305.3|1904254.103,2576305.3,Rhodoferax bucti,2576305.3,Rhodoferax bucti,1,2,2,1|2,True,True,True,True,1.0
da401aa3f6be79160d5824f407330799,species,2,2,2950551.3|3058400.5,2950551.3|3058400.5,2950551.3,Chryseobacterium sp. EO14,2950551.3,Chryseobacterium sp. EO14,1,2,2,1|11,True,True,True,True,1.0
da51071d69c2707eb3220f111d2f8841,species,1,1,2771435.3,2771435.3,2771435.3,Planobacterium oryzisoli,2771435.3,Planobacterium oryzisoli,1,1,1,1,True,True,True,True,1.0
da56286842ceea19f755d8a7df3a67f5,species,1,1,2448779.68,2448779.68,2448779.68,Chitinophagales bacterium,2448779.68,Chitinophagales bacterium,2,1,1,2,True,True,True,True,1.0
da795dae0d37336450590d4de7546e85,family,1,1,1773.18193,1773.18193,1773.18193,Mycobacterium tuberculosis,1773.18193,Mycobacterium tuberculosis,1,1,1,1,True,True,True,True,1.0
da898af44ce858c2bbb2450a94b98d51,species,1,1,1911079.32,1911079.32,1911079.32,Methylocystis sp.,1911079.32,Methylocystis sp.,1,1,1,1,True,True,True,True,1.0
da8e11db2a5991af0711e561cc470b28,genus,1,1,77133.3915,77133.3915,77133.3915,uncultured bacterium,77133.3915,uncultured bacterium,1,1,1,1,True,True,True,True,1.0
da910b55da76b9c155b38882001e8d57,species,1,1,1891241.417,1891241.417,1891241.417,Betaproteobacteria bacterium,1891241.417,Betaproteobacteria bacterium,1,1,1,1,True,True,True,True,1.0
da928e5c49c8d9087e3f9394821de986,species,1,1,3350178.3,3350178.3,3350178.3,Tahibacter sp. UC22_41,3350178.3,Tahibacter sp. UC22_41,1,1,1,1,True,True,True,True,1.0
da9a89264fb33c30c7d708837cf325dc,genus,1,1,1672391.947,1672391.947,1672391.947,uncultured Chloroflexia bacterium,1672391.947,uncultured Chloroflexia bacterium,1,1,1,1,True,True,True,True,1.0
da9e8bf0b066024bbb14244b580a1af8,genus,0,0,,,,,,,,0,0,,,,,,
daa77caa8a4b4634298825b012419e0b,species,1,1,531312.4,531312.4,531312.4,Aliidiomarina maris,531312.4,Aliidiomarina maris,1,1,1,1,True,True,True,True,1.0
daa87b70c3ac250917c4ea1630a9f869,genus,1,1,2026724.1150,2026724.1150,2026724.1150,Chloroflexota bacterium,2026724.1150,Chloroflexota bacterium,1,1,1,1,True,True,True,True,1.0
dab16aec7b2563987b61df08c90f7210,species,1,1,2052143.979,2052143.979,2052143.979,Anaerolineae bacterium,2052143.979,Anaerolineae bacterium,1,1,1,1,True,True,True,True,1.0
dabc9f9604ba21ee96d2587a53735805,below,0,0,,,,,,,,0,0,,,,,,
dacb010cb72c4097bb501382b7affd0d,species,2,2,2490941.3|2860336.3,2490941.3|2860336.3,2490941.3,Devosia equisanguinis,2490941.3,Devosia equisanguinis,1,2,2,1|3,True,True,True,True,1.0
dadde95b85df73e01cca65790386d1ab,species,1,1,2902720.28,2902720.28,2902720.28,Spirosomataceae bacterium,2902720.28,Spirosomataceae bacterium,1,1,1,1,True,True,True,True,1.0
daec04577d1843ad73efa35de1d48151,species,1,1,1892845.3,1892845.3,1892845.3,Hyphomicrobium sp. CS1GBMeth3,1892845.3,Hyphomicrobium sp. CS1GBMeth3,1,1,1,1,True,True,True,True,1.0
dafdd655262ce0d4488790934783ee52,species,1,1,2026724.1154,2026724.1154,2026724.1154,Chloroflexota bacterium,2026724.1154,Chloroflexota bacterium,1,1,1,1,True,True,True,True,1.0
db0d2bf7b96d4430d6b5d3fc5f364e47,below,0,0,,,,,,,,0,0,,,,,,
db2f48edfc3112c798c3a4e38f820efc,species,2,2,1869337.100|1879010.10571,1869337.100|1879010.10571,1869337.100,Parabacteroides sp.,1869337.100,Parabacteroides sp.,1,2,2,1|2,True,True,True,True,1.0
db41ebd5c8fc44b26a3d7d93bc12bb21,species,2,2,3142262.4|1134435.5,3142262.4|1134435.5,3142262.4,Thauera sp. JM12B12,3142262.4,Thauera sp. JM12B12,1,2,2,1|2,True,True,True,True,1.0
db4ad64ea34adaaaa9ca75c5932380d4,species,1,1,3103948.3,3103948.3,3103948.3,Algoriphagus aurantiacus,3103948.3,Algoriphagus aurantiacus,1,1,1,1,True,True,True,True,1.0
db55a9c648dcd7536814f7d1947411d7,species,2,2,592050.5|1349763.3,592050.5|1349763.3,592050.5,Acidovorax soli,592050.5,Acidovorax soli,1,2,2,1|2,True,True,True,True,1.0
db628ad3c7c74e0f34fde43ed0c3c1be,species,2,2,1929293.5|77133.6370,1929293.5|77133.6370,1929293.5,Ideonella sp.,1929293.5,Ideonella sp.,3,2,2,3|4,True,True,True,True,1.0
db6c7ce1a37e8601f346ff1365721965,genus,0,0,,,,,,,,0,0,,,,,,
dba0a15607f28d43f841277b0dee4d31,species,1,1,2448779.36,2448779.36,2448779.36,Chitinophagales bacterium,2448779.36,Chitinophagales bacterium,1,1,1,1,True,True,True,True,1.0
dba97157790aa3144e9464a03e0fe5ea,genus,1,1,460511.73,460511.73,460511.73,uncultured Spirochaetota bacterium,460511.73,uncultured Spirochaetota bacterium,1,1,1,1,True,True,True,True,1.0
dbab3a338ecbc85250418504ab8a55b6,family,1,1,2026780.864,2026780.864,2026780.864,Planctomycetota bacterium,2026780.864,Planctomycetota bacterium,1,1,1,1,True,True,True,True,1.0
dbe506174c12c1493c6811c87f0b110f,genus,1,1,1576369.4,1576369.4,1576369.4,Planctomicrobium piriforme,1576369.4,Planctomicrobium piriforme,1,1,1,1,True,True,True,True,1.0
dbe9dee2adc8e3d22f409d232684ecb0,species,1,1,2818507.450,2818507.450,2818507.450,Myxococcota bacterium,2818507.450,Myxococcota bacterium,1,1,1,1,True,True,True,True,1.0
dbecc9e8493f9f9f3816c44467a0b7d4,species,1,1,35761.152,35761.152,35761.152,Nocardioides sp.,35761.152,Nocardioides sp.,1,1,1,1,True,True,True,True,1.0
dbecddfdb4c39e60616c3958d43cfc8e,species,2,2,989370.12|1619232.5,989370.12|1619232.5,989370.12,Bradyrhizobium manausense,989370.12,Bradyrhizobium manausense,1,2,2,1|2,True,True,True,True,1.0
dc0ea7878cef93431f59cb8b65ab917b,genus,1,1,157466.59,157466.59,157466.59,uncultured Armatimonadota bacterium,157466.59,uncultured Armatimonadota bacterium,1,1,1,1,True,True,True,True,1.0
dc13b8c16cf1e2b85312a3be641ab6a6,species,1,1,2691551.100,2691551.100,2691551.100,Thermoguttaceae bacterium,2691551.100,Thermoguttaceae bacterium,1,1,1,1,True,True,True,True,1.0
dc31e25fc97ff80cb4e60cc44772cfb9,species,2,2,1948267.3|2202731.28,1948267.3|2202731.28,1948267.3,Verrucomicrobia bacterium UBA5540,1948267.3,Verrucomicrobia bacterium UBA5540,1,2,2,1|2,True,True,True,True,1.0
dc6be2f46ce522b6dfa787fc79fa88e1,genus,2,2,2927945.17|34034.866,2927945.17|34034.866,2927945.17,Byssovorax sp.,2927945.17,Byssovorax sp.,2,2,2,2|1,True,True,True,True,1.0
dc72d9f5977d2189d1b3c9893811724d,below,0,0,,,,,,,,0,0,,,,,,
dc8f5ffb4f5fe578b41f078fe854247c,species,2,2,1882438.36|1913988.2128,1882438.36|1913988.2128,1882438.36,Mucilaginibacter sp.,1882438.36,Mucilaginibacter sp.,1,2,2,1|2,True,True,True,True,1.0
dc8f9e7232861151ffbc9d9dcb834eca,species,1,1,2202734.37,2202734.37,2202734.37,Saprospiraceae bacterium,2202734.37,Saprospiraceae bacterium,1,1,1,1,True,True,True,True,1.0
dcbadf283ea57fc4a8093269172ea5c3,genus,2,2,2599941.102|3034169.27,2599941.102|3034169.27,2599941.102,Oligoflexia bacterium,2599941.102,Oligoflexia bacterium,1,2,2,1|5,True,True,True,True,1.0
dcbcb6e5d96b22d4d249f79f462455ff,species,1,1,2964540.102,2964540.102,2964540.102,Smithellaceae bacterium,2964540.102,Smithellaceae bacterium,1,1,1,1,True,True,True,True,1.0
dcc165b336217fc326df247c11115217,genus,1,1,2024896.394,2024896.394,2024896.394,Anaerolineaceae bacterium,2024896.394,Anaerolineaceae bacterium,1,1,1,1,True,True,True,True,1.0
dcc3a9511ff610de63c3c85def6563af,species,1,1,1917218.11,1917218.11,1917218.11,Dechloromonas sp.,1917218.11,Dechloromonas sp.,1,1,1,1,True,True,True,True,1.0
dccb07622e900a3bc9ccc71fc09b9778,genus,1,1,2202144.358,2202144.358,2202144.358,Spirochaetota bacterium,2202144.358,Spirochaetota bacterium,1,1,1,1,True,True,True,True,1.0
dcdae59f0222790eed02081048dbf0c6,genus,1,1,768556.461,768556.461,768556.461,uncultured Solirubrobacterales bacterium,768556.461,uncultured Solirubrobacterales bacterium,1,1,1,1,True,True,True,True,1.0
dce7c5b4e339227f2fa57b59ae3cc8df,species,1,1,2073117.71,2073117.71,2073117.71,Anaerolineales bacterium,2073117.71,Anaerolineales bacterium,1,1,1,1,True,True,True,True,1.0
dcf148cbd702a269d6414a568bc95f4c,genus,1,1,2202153.241,2202153.241,2202153.241,Thermodesulfobacteriota bacterium,2202153.241,Thermodesulfobacteriota bacterium,1,1,1,1,True,True,True,True,1.0
dcf705f41807b8eadce3732c3f03417b,species,1,1,1869212.1268,1869212.1268,1869212.1268,Chitinophagaceae bacterium,1869212.1268,Chitinophagaceae bacterium,2,1,1,2,True,True,True,True,1.0
dd060d108b81f57b82ea08c8f4bc0ed5,genus,1,1,2049049.19,2049049.19,2049049.19,Veillonellaceae bacterium,2049049.19,Veillonellaceae bacterium,1,1,1,1,True,True,True,True,1.0
dd10382b168dfae06ebb444f08f57651,genus,1,1,1618472.4,1618472.4,1618472.4,Candidatus Pacebacteria bacterium GW2011_GWF2_38_9,1618472.4,Candidatus Pacebacteria bacterium GW2011_GWF2_38_9,1,1,1,1,True,True,True,True,1.0
dd158192070641efe3c82d6f831d834f,genus,2,2,1776034.3|1872588.6,1776034.3|1872588.6,1776034.3,Coralloluteibacterium stylophorae,1776034.3,Coralloluteibacterium stylophorae,3,2,2,3|4,True,True,True,True,1.0
dd21a34ccb5b7f3a3e791e0b58806ddc,species,2,2,2447898.180|2053306.328,2447898.180|2053306.328,2447898.180,Candidatus Kapaibacterium sp.,2447898.180,Candidatus Kapaibacterium sp.,1,2,2,1|2,True,True,True,True,1.0
dd2ec12b5ae86c01f41c1e1a64043646,species,2,2,2840456.3|419475.49,2840456.3|419475.49,2840456.3,Ochrobactrum sp. BTU1,2840456.3,Ochrobactrum sp. BTU1,1,2,2,1|2,True,True,True,True,1.0
dd3579a767a818f63ec4ffa7d6debad8,species,1,1,2592382.6,2592382.6,2592382.6,Paenalkalicoccus suaedae,2592382.6,Paenalkalicoccus suaedae,1,1,1,1,True,True,True,True,1.0
dd5ec5e3a4d1362dff68210468e8fa09,genus,1,1,2282154.14,2282154.14,2282154.14,Geobacteraceae bacterium,2282154.14,Geobacteraceae bacterium,1,1,1,1,True,True,True,True,1.0
dd68406ba66e0da4345a5cf751dfa60d,genus,1,1,2026724.1494,2026724.1494,2026724.1494,Chloroflexota bacterium,2026724.1494,Chloroflexota bacterium,1,1,1,1,True,True,True,True,1.0
dd6a3a614f9ac089028e62334751b096,species,2,2,1977087.4909|2805397.36,1977087.4909|2805397.36,1977087.4909,Pseudomonadota bacterium,1977087.4909,Pseudomonadota bacterium,1,2,2,1|2,True,True,True,True,1.0
dd6b4918f4f9b12f50ddd33d13ebfec7,genus,1,1,2099376.6,2099376.6,2099376.6,Desulforhopalus sp.,2099376.6,Desulforhopalus sp.,1,1,1,1,True,True,True,True,1.0
dd6fefe041303ae392d88c1a58620a4d,species,1,1,1898104.587,1898104.587,1898104.587,Bacteroidota bacterium,1898104.587,Bacteroidota bacterium,1,1,1,1,True,True,True,True,1.0
dd711446f41302e50a1ee2434bea6ebf,genus,1,1,670.1043,670.1043,670.1043,Vibrio parahaemolyticus,670.1043,Vibrio parahaemolyticus,2,1,1,2,True,True,True,True,1.0
dda469174b171885483a8e8eeff94509,species,2,2,1977087.1003|1965277.3,1977087.1003|1965277.3,1977087.1003,Pseudomonadota bacterium,1977087.1003,Pseudomonadota bacterium,1,2,2,1|2,True,True,True,True,1.0
ddb2df1bc8533eecf2c7162db800fa5e,genus,2,2,2830982.4|229920.8,2830982.4|229920.8,2830982.4,Leptolinea sp. HRD-7,2830982.4,Leptolinea sp. HRD-7,1,2,2,1|2,True,True,True,True,1.0
ddb4e5c7e5018b37b099a9f88c9f1199,genus,4,4,2026799.1086|2212473.244|2026735.2530|90427.40,2026799.1086|2212473.244|2026735.2530|90427.40,2026799.1086,Verrucomicrobiota bacterium,2026799.1086,Verrucomicrobiota bacterium,3,4,4,3|4|6|7,True,True,True,True,1.0
ddc8d3d5e0f5a44cb2ea7a6ad1865292,species,2,2,2053538.110|2026780.1498,2053538.110|2026780.1498,2053538.110,Candidatus Competibacteraceae bacterium,2053538.110,Candidatus Competibacteraceae bacterium,2,2,2,2|5,True,True,True,True,1.0
ddfbe02fd47be898874e0b789c391ecf,species,1,1,2053589.824,2053589.824,2053589.824,Minisyncoccota bacterium,2053589.824,Minisyncoccota bacterium,1,1,1,1,True,True,True,True,1.0
ddfc13b627d3e6635a7c02e09a54a318,species,1,1,2026780.490,2026780.490,2026780.490,Planctomycetota bacterium,2026780.490,Planctomycetota bacterium,1,1,1,1,True,True,True,True,1.0
de01bda11a605830172cb82d0a6dfa72,species,2,2,2202144.86|1977087.4909,2202144.86|1977087.4909,2202144.86,Spirochaetota bacterium,2202144.86,Spirochaetota bacterium,1,2,2,1|2,True,True,True,True,1.0
de1c6ebe836244d9834bd71255a712ed,genus,4,4,3141376.3|2600299.3|2587854.3|281252.8,3141376.3|2600299.3|2587854.3|281252.8,3141376.3,Roseibium sp. SCP15,3141376.3,Roseibium sp. SCP15,1,4,4,1|14|3|13,True,True,True,True,1.0
de1fd91100b9b5357b5ac39e8bcdc005,species,2,2,49181.6|350.3,49181.6|350.3,49181.6,Zoogloea sp.,49181.6,Zoogloea sp.,1,2,2,1|6,True,True,True,True,1.0
de378a241e6e8f064cca2755eefda349,species,2,2,2053538.110|2026780.1498,2053538.110|2026780.1498,2053538.110,Candidatus Competibacteraceae bacterium,2053538.110,Candidatus Competibacteraceae bacterium,2,2,2,2|5,True,True,True,True,1.0
de3a8d7f915ff6f740e69bd3797f29e6,family,1,1,3350244.3,3350244.3,3350244.3,Methanosphaerula subterraneus,3350244.3,Methanosphaerula subterraneus,1,1,1,1,True,True,True,True,1.0
de4090c830fababc6ced64b1c6e4b735,species,0,0,,,,,,,,0,0,,,,,,
de4191d1bbe70204a64ebe4aea5678bb,genus,1,1,413497.9,413497.9,413497.9,Cronobacter dublinensis,413497.9,Cronobacter dublinensis,1,1,1,1,True,True,True,True,1.0
de612a1445baccbe6913b7c074bd707c,family,1,1,1898104.3469,1898104.3469,1898104.3469,Bacteroidota bacterium,1898104.3469,Bacteroidota bacterium,1,1,1,1,True,True,True,True,1.0
de6886ad1e515181a3fe14383ca53711,family,2,2,2052152.35|2053589.880,2052152.35|2053589.880,2052152.35,Candidatus Nomurabacteria bacterium,2052152.35,Candidatus Nomurabacteria bacterium,1,2,2,1|2,True,True,True,True,1.0
de76749d8f0fa337f3b2a54efe14f4bb,genus,1,1,2294114.3,2294114.3,2294114.3,Mesorhizobium denitrificans,2294114.3,Mesorhizobium denitrificans,1,1,1,1,True,True,True,True,1.0
de9ad3e5491bf76109710071e57cbe69,species,1,1,3041274.13,3041274.13,3041274.13,Desulfomonilia bacterium,3041274.13,Desulfomonilia bacterium,1,1,1,1,True,True,True,True,1.0
dea0889dbf7cbb7c29e6747e9ae38518,genus,1,1,1946333.3,1946333.3,1946333.3,Chthonomonas sp. UBA2362,1946333.3,Chthonomonas sp. UBA2362,1,1,1,1,True,True,True,True,1.0
deaf532f6e916399d2c69777cc22b8d1,genus,1,1,290053.11,290053.11,290053.11,Bacteroides helcogenes,290053.11,Bacteroides helcogenes,2,1,1,2,True,True,True,True,1.0
deb86ee3b9ffcae94d402b1d92d0bcda,family,1,1,2053589.824,2053589.824,2053589.824,Minisyncoccota bacterium,2053589.824,Minisyncoccota bacterium,1,1,1,1,True,True,True,True,1.0
dec1f506998c978e6799bfe5718e752a,genus,2,2,1854708.3|2026733.142,1854708.3|2026733.142,1854708.3,Maribacter arenosus,1854708.3,Maribacter arenosus,1,2,2,1|4,True,True,True,True,1.0
dec21d55511b3673e457876cc2797df6,species,1,1,2717368.4,2717368.4,2717368.4,Ochrobactrum sp. SFR4,2717368.4,Ochrobactrum sp. SFR4,1,1,1,1,True,True,True,True,1.0
dec390e62f6dfeec57cda3c9b64b2f4f,family,2,2,1869227.2999|86473.3049,1869227.2999|86473.3049,1869227.2999,bacterium,1869227.2999,bacterium,1,2,2,1|3,True,True,True,True,1.0
dec54d5efc4e0537a54ed2ef56f589cc,genus,1,1,92487.3,92487.3,92487.3,Thiothrix eikelboomii,92487.3,Thiothrix eikelboomii,2,1,1,2,True,True,True,True,1.0
dec64f0ec61a132314d25393ab6895ef,genus,3,3,138118.7|266126.3|1872668.87,138118.7|266126.3|1872668.87,138118.7,Quatrionicoccus australiensis,138118.7,Quatrionicoccus australiensis,1,3,3,1|5|8,True,True,True,True,1.0
decd7ac98a557c78af023b71c56e9ba2,species,2,2,374606.11|2979870.4,374606.11|2979870.4,374606.11,Aminobacter sp. MSH1,374606.11,Aminobacter sp. MSH1,1,2,2,1|2,True,True,True,True,1.0
def4cc877c1af986d01d5ea2a3b1b62e,species,1,1,2053574.21,2053574.21,2053574.21,Marinilabiliaceae bacterium,2053574.21,Marinilabiliaceae bacterium,1,1,1,1,True,True,True,True,1.0
df02865620b8f82ec6d97b480e4a37b3,species,2,2,2053538.110|2026780.1498,2053538.110|2026780.1498,2053538.110,Candidatus Competibacteraceae bacterium,2053538.110,Candidatus Competibacteraceae bacterium,2,2,2,2|5,True,True,True,True,1.0
df23977d295f5d388e7c594d7baac139,genus,1,1,1879010.7570,1879010.7570,1879010.7570,Bacillota bacterium,1879010.7570,Bacillota bacterium,1,1,1,1,True,True,True,True,1.0
df3740dd405ee6d0b8d40247f0e1fb5c,species,1,1,2802972.3,2802972.3,2802972.3,Bryobacterales bacterium F-183,2802972.3,Bryobacterales bacterium F-183,1,1,1,1,True,True,True,True,1.0
df394f02ba840a66809cdfb6b1c6250a,genus,1,1,2052164.113,2052164.113,2052164.113,Gemmataceae bacterium,2052164.113,Gemmataceae bacterium,1,1,1,1,True,True,True,True,1.0
df6c598a15f82c8db80a4d334460b7ac,species,1,1,1940288.165,1940288.165,1940288.165,Ferruginibacter sp.,1940288.165,Ferruginibacter sp.,1,1,1,1,True,True,True,True,1.0
df6da89046e8095de061ad4ea5cc00e1,genus,4,4,3350173.3|2563444.3|2923277.5|1476464.5,3350173.3|2563444.3|2923277.5|1476464.5,3350173.3,Pedobacter sp. UC225_65,3350173.3,Pedobacter sp. UC225_65,1,4,4,1|2|3|4,True,True,True,True,1.0
df76cebd1444142453a4569987787710,species,2,2,1194168.15|225991.76,1194168.15|225991.76,1194168.15,Comamonas jiangduensis,1194168.15,Comamonas jiangduensis,1,2,2,1|2,True,True,True,True,1.0
df94cb7c1f51d6e7df4a969d561b0a4d,species,2,2,2900548.68|1978231.1291,2900548.68|1978231.1291,2900548.68,Actinomycetota bacterium,2900548.68,Actinomycetota bacterium,1,2,2,1|2,True,True,True,True,1.0
dfac3bcfefd893b75651b62e60e79f3f,genus,1,1,2212470.323,2212470.323,2212470.323,Candidatus Eiseniibacteriota bacterium,2212470.323,Candidatus Eiseniibacteriota bacterium,1,1,1,1,True,True,True,True,1.0
dfaff429d9e47abc65abc0d380e1ea3b,species,1,1,2030827.43,2030827.43,2030827.43,Candidatus Babelota bacterium,2030827.43,Candidatus Babelota bacterium,1,1,1,1,True,True,True,True,1.0
dfc4ef3d2a0b3b1aad13467450cc619b,below,0,0,,,,,,,,0,0,,,,,,
dfcf9677e644f2cd18faa0d783f6353c,family,1,1,2979464.4,2979464.4,2979464.4,Reichenbachiella agarivorans,2979464.4,Reichenbachiella agarivorans,7,1,1,7,True,True,True,True,1.0
dfdb54bf539db8304012e0f62679b947,family,2,2,2024896.394|2052143.1154,2024896.394|2052143.1154,2024896.394,Anaerolineaceae bacterium,2024896.394,Anaerolineaceae bacterium,1,2,2,1|2,True,True,True,True,1.0
dfe084ed2a4be66cd40b30864f3009ec,species,2,2,49181.6|2052904.5,49181.6|2052904.5,49181.6,Zoogloea sp.,49181.6,Zoogloea sp.,1,2,2,1|2,True,True,True,True,1.0
dfef2d2214d4732d2f4fcd804752c526,species,1,1,1948831.3,1948831.3,1948831.3,Patescibacteria group bacterium UBA5532,1948831.3,Patescibacteria group bacterium UBA5532,1,1,1,1,True,True,True,True,1.0
dff6c540e7ae1b40b64ab5f106e8f6ad,family,2,2,2044939.990|867686.3,2044939.990|867686.3,2044939.990,Clostridia bacterium,2044939.990,Clostridia bacterium,1,2,2,1|3,True,True,True,True,1.0
e01edba16809671e5ecc08be3e27b17c,family,2,2,2026724.2402|2053615.186,2026724.2402|2053615.186,2026724.2402,Chloroflexota bacterium,2026724.2402,Chloroflexota bacterium,1,2,2,1|4,True,True,True,True,1.0
e040ade6cc38bfa3573ebf3ef4344978,below,0,0,,,,,,,,0,0,,,,,,
e04de0208514fe84c6339ad7890cf3b4,genus,3,3,1869212.483|2849502.3|249.11,1869212.483|2849502.3|249.11,1869212.483,Chitinophagaceae bacterium,1869212.483,Chitinophagaceae bacterium,1,3,3,1|2|5,True,True,True,True,1.0
e0567b5f8202f0ed9908c1a821a3d781,species,1,1,2584004.41,2584004.41,2584004.41,uncultured Lentimicrobiaceae bacterium,2584004.41,uncultured Lentimicrobiaceae bacterium,2,1,1,2,True,True,True,True,1.0
e07234d27599c1c07f02f5b0e1eb2c48,family,0,0,,,,,,,,0,0,,,,,,
e073b562eafd267fe500fb68805c0c1b,genus,1,1,1962908.11,1962908.11,1962908.11,Gemmatimonas sp.,1962908.11,Gemmatimonas sp.,1,1,1,1,True,True,True,True,1.0
e0aa4ef9eed4270e820cc67933e0a20c,below,0,0,,,,,,,,0,0,,,,,,
e0ae9845e149ad334181ad5ce4635a62,family,1,1,2306054.54,2306054.54,2306054.54,Rhodothermales bacterium,2306054.54,Rhodothermales bacterium,1,1,1,1,True,True,True,True,1.0
e0afebc0bfe14b866e8f63da3be396da,species,1,1,1062.290,1062.290,1062.290,Rhodobacter sp.,1062.290,Rhodobacter sp.,1,1,1,1,True,True,True,True,1.0
e0bc601a4a2d520e12f79f332cd8575f,species,1,1,295108.7,295108.7,295108.7,Candidatus Berkiella aquae,295108.7,Candidatus Berkiella aquae,1,1,1,1,True,True,True,True,1.0
e0d953cdee5c868270edabd2f2937909,species,1,1,1672391.215,1672391.215,1672391.215,uncultured Chloroflexia bacterium,1672391.215,uncultured Chloroflexia bacterium,1,1,1,1,True,True,True,True,1.0
e0e885bd1c3caf2944590f22ee24b4d1,species,2,2,1629334.6|2804860.4,1629334.6|2804860.4,1629334.6,Caedimonas varicaedens,1629334.6,Caedimonas varicaedens,1,2,2,1|2,True,True,True,True,1.0
e1086be1d17091ffc548257cd9827e79,species,1,1,2053589.1186,2053589.1186,2053589.1186,Minisyncoccota bacterium,2053589.1186,Minisyncoccota bacterium,1,1,1,1,True,True,True,True,1.0
e11cf2d611dac2608f38ae66f12bf35d,genus,2,2,179883.3091|2762014.138,179883.3091|2762014.138,179883.3091,uncultured Candidatus Saccharibacteria bacterium,179883.3091,uncultured Candidatus Saccharibacteria bacterium,1,2,2,1|2,True,True,True,True,1.0
e1382120e151d51cb3b3b6900845f1c8,species,2,2,2952228.3|52561.3,2952228.3|52561.3,2952228.3,Desulfomicrobium sp. ZS1,2952228.3,Desulfomicrobium sp. ZS1,1,2,2,1|2,True,True,True,True,1.0
e144d237c973d831d708cac2c17df968,species,2,2,52694.18|1068975.15,52694.18|1068975.15,52694.18,Acetobacterium wieringae,52694.18,Acetobacterium wieringae,2,2,2,2|3,True,True,True,True,1.0
e14ce815f817c753217b7dd249fde76d,genus,3,3,2663829.3|1335043.4|1447062.4,2663829.3|1335043.4|1447062.4,2663829.3,Devosia sp. OAS928,2663829.3,Devosia sp. OAS928,1,3,3,1|3|5,True,True,True,True,1.0
e1524ab6d2e1a20e969980e3c56dd7b1,species,1,1,1951558.3,1951558.3,1951558.3,Chitinophagaceae bacterium UBA4411,1951558.3,Chitinophagaceae bacterium UBA4411,1,1,1,1,True,True,True,True,1.0
e17c42b6dbe158b8b8dd97c1f5440e18,below,0,0,,,,,,,,0,0,,,,,,
e17ced43ed9be80fe0aa4f9ccf1756db,species,2,2,1917697.28|1898104.3550,1917697.28|1898104.3550,1917697.28,Candidatus Saccharimonas sp.,1917697.28,Candidatus Saccharimonas sp.,1,2,2,1|2,True,True,True,True,1.0
e1834e9a378700a9e28ae5ba56501923,genus,1,1,2307286.20,2307286.20,2307286.20,Flavipsychrobacter sp.,2307286.20,Flavipsychrobacter sp.,2,1,1,2,True,True,True,True,1.0
e18d508d7c9da79f55e6c71fc498cb02,species,0,0,,,,,,,,0,0,,,,,,
e19113d032bdd450a2a77e3085d1bbaa,genus,1,1,2717288.3,2717288.3,2717288.3,Victivallis sp. Marseille-Q1083,2717288.3,Victivallis sp. Marseille-Q1083,1,1,1,1,True,True,True,True,1.0
e1914a1a2416e904bae94be1f4856340,family,1,1,239935.3627,239935.3627,239935.3627,Akkermansia muciniphila,239935.3627,Akkermansia muciniphila,1,1,1,1,True,True,True,True,1.0
e1a56d2319481e836b2be61fdea404c7,species,2,2,173362.47|47845.36,173362.47|47845.36,173362.47,Brachybacterium paraconglomeratum,173362.47,Brachybacterium paraconglomeratum,1,2,2,1|2,True,True,True,True,1.0
e1ada57563a9316a71ef6c97b0252589,genus,1,1,1898104.5629,1898104.5629,1898104.5629,Bacteroidota bacterium,1898104.5629,Bacteroidota bacterium,1,1,1,1,True,True,True,True,1.0
e1de3aef938c275e70df59752ebe59df,genus,3,3,191863.64|2201154.303|1133324.14,191863.64|2201154.303|1133324.14,191863.64,Chthoniobacter flavus,191863.64,Chthoniobacter flavus,1,3,3,1|4|8,True,True,True,True,1.0
e1ed272c020275f449abf36c6bd3dd0c,species,2,2,2053538.110|2026780.1498,2053538.110|2026780.1498,2053538.110,Candidatus Competibacteraceae bacterium,2053538.110,Candidatus Competibacteraceae bacterium,2,2,2,2|5,True,True,True,True,1.0
e206de89a7d211ee29c43b03253a8b25,species,1,1,2651163.3,2651163.3,2651163.3,Ignavibacteriaceae bacterium,2651163.3,Ignavibacteriaceae bacterium,1,1,1,1,True,True,True,True,1.0
e21152b7ebab7976442328dd728f4dc1,species,2,2,3142262.4|1134435.5,3142262.4|1134435.5,3142262.4,Thauera sp. JM12B12,3142262.4,Thauera sp. JM12B12,1,2,2,1|2,True,True,True,True,1.0
e2193c1d8565b7514083b6d1a1a19292,species,1,1,1852931.3,1852931.3,1852931.3,Verrucomicrobia bacterium ADurb.Bin474,1852931.3,Verrucomicrobia bacterium ADurb.Bin474,1,1,1,1,True,True,True,True,1.0
e2240b591ea0dcf78cd636129608bb03,genus,1,1,3083246.37,3083246.37,3083246.37,Christensenellales bacterium,3083246.37,Christensenellales bacterium,1,1,1,1,True,True,True,True,1.0
e2523e3b8e22f0f6143544e6dae97137,genus,1,1,728005.4,728005.4,728005.4,Devosia psychrophila,728005.4,Devosia psychrophila,1,1,1,1,True,True,True,True,1.0
e25be464cb2caf3f6c932a03a7e544bc,genus,1,1,2202734.84,2202734.84,2202734.84,Saprospiraceae bacterium,2202734.84,Saprospiraceae bacterium,1,1,1,1,True,True,True,True,1.0
e25d2ee85313d5970608c3272676203c,species,1,1,2518612.303,2518612.303,2518612.303,Candidatus Nanopelagicales bacterium,2518612.303,Candidatus Nanopelagicales bacterium,2,1,1,2,True,True,True,True,1.0
e26adb0e1f08842bf6b5dd252a4e1190,species,1,1,1632865.4,1632865.4,1632865.4,Pirellula sp. SH-Sr6A,1632865.4,Pirellula sp. SH-Sr6A,1,1,1,1,True,True,True,True,1.0
e2719f914b45cb0384d34443068c5c7f,species,1,1,2691551.100,2691551.100,2691551.100,Thermoguttaceae bacterium,2691551.100,Thermoguttaceae bacterium,1,1,1,1,True,True,True,True,1.0
e27f13019764d1ee69759e1bae8b3424,species,2,2,1929291.106|1205680.36,1929291.106|1205680.36,1929291.106,Reyranella sp.,1929291.106,Reyranella sp.,1,2,2,1|2,True,True,True,True,1.0
e28a53202ff0677d3a36b748e4ea7204,below,0,0,,,,,,,,0,0,,,,,,
e2971ff29ac8868b0befc2267ea27cfe,genus,1,1,1977087.894,1977087.894,1977087.894,Pseudomonadota bacterium,1977087.894,Pseudomonadota bacterium,1,1,1,1,True,True,True,True,1.0
e299603beaca20719639d7c485c45fc6,genus,1,1,1898104.844,1898104.844,1898104.844,Bacteroidota bacterium,1898104.844,Bacteroidota bacterium,1,1,1,1,True,True,True,True,1.0
e2a0ad7251142b8be4954edc982a12c3,family,2,2,2026749.200|2053306.231,2026749.200|2053306.231,2026749.200,Ignavibacteriota bacterium,2026749.200,Ignavibacteriota bacterium,1,2,2,1|2,True,True,True,True,1.0
e2a0b08da06ff05129c10f67cb8a580f,species,1,1,332614.406,332614.406,332614.406,uncultured Pseudomonadales bacterium,332614.406,uncultured Pseudomonadales bacterium,1,1,1,1,True,True,True,True,1.0
e2a742c54092b4893ad26368612d86d5,species,0,0,,,,,,,,0,0,,,,,,
e2bdc0b09b4824774820d5e3a7807c17,genus,2,2,2283092.647|91750.3245,2283092.647|91750.3245,2283092.647,Pyrinomonadaceae bacterium,2283092.647,Pyrinomonadaceae bacterium,2,2,2,2|1,True,True,True,True,1.0
e2be1c122e82a72edf45f55f1ed1b0cb,species,1,1,3034175.21,3034175.21,3034175.21,Bdellovibrionota bacterium,3034175.21,Bdellovibrionota bacterium,1,1,1,1,True,True,True,True,1.0
e2c33399aae3fc6b2dff402fe706ba80,species,2,2,2944810.8|167065.5,2944810.8|167065.5,2944810.8,Thauera sp. GDN1,2944810.8,Thauera sp. GDN1,1,2,2,1|2,True,True,True,True,1.0
e2d99e5264b73d35d6c5ea8d666a963e,species,1,1,575378.3,575378.3,575378.3,Sediminibacterium planctonicum,575378.3,Sediminibacterium planctonicum,2,1,1,2,True,True,True,True,1.0
e2fe44ebbe75882c62fd04ccd553805d,genus,1,1,86473.3331,86473.3331,86473.3331,uncultured Gammaproteobacteria bacterium,86473.3331,uncultured Gammaproteobacteria bacterium,1,1,1,1,True,True,True,True,1.0
e2feba1c95630a3aa74cfae2ed8dbe0a,genus,2,2,2282154.51|2212460.43,2282154.51|2212460.43,2282154.51,Geobacteraceae bacterium,2282154.51,Geobacteraceae bacterium,1,2,2,1|2,True,True,True,True,1.0
e30a21f7708d480397e8745d6f72da08,family,2,2,2035772.1783|2202153.332,2035772.1783|2202153.332,2035772.1783,Candidatus Omnitrophota bacterium,2035772.1783,Candidatus Omnitrophota bacterium,1,2,2,1|3,True,True,True,True,1.0
e3254a1272de55369a80e50e89002b2b,family,1,1,2818507.452,2818507.452,2818507.452,Myxococcota bacterium,2818507.452,Myxococcota bacterium,1,1,1,1,True,True,True,True,1.0
e330798db7e87e4d00a56876a61388a4,family,1,1,2306054.54,2306054.54,2306054.54,Rhodothermales bacterium,2306054.54,Rhodothermales bacterium,1,1,1,1,True,True,True,True,1.0
e33412910ab497e3839d87719eab08a8,genus,1,1,2080302.555,2080302.555,2080302.555,Acidimicrobiia bacterium,2080302.555,Acidimicrobiia bacterium,1,1,1,1,True,True,True,True,1.0
e335f67cf1669ada412b9138e50ffa3a,species,1,1,44577.29,44577.29,44577.29,Nitrosomonas ureae,44577.29,Nitrosomonas ureae,1,1,1,1,True,True,True,True,1.0
e33a45d19da3370eac597a9429b92747,species,1,1,3030912.181,3030912.181,3030912.181,Anaerovoracaceae bacterium,3030912.181,Anaerovoracaceae bacterium,1,1,1,1,True,True,True,True,1.0
e344644c91722ec531aa4755945c4d92,species,1,1,418702.14,418702.14,418702.14,Azonexus hydrophilus,418702.14,Azonexus hydrophilus,1,1,1,1,True,True,True,True,1.0
e365435131636ef7ce291a7a45a05e08,genus,1,1,77133.6472,77133.6472,77133.6472,uncultured bacterium,77133.6472,uncultured bacterium,1,1,1,1,True,True,True,True,1.0
e376dd305fbdb97d79ece3342540201e,species,2,2,3142262.4|1134435.5,3142262.4|1134435.5,3142262.4,Thauera sp. JM12B12,3142262.4,Thauera sp. JM12B12,1,2,2,1|2,True,True,True,True,1.0
e38481ce6f00f2d1cfc0a98e7efcf9b6,species,1,1,2022747.4,2022747.4,2022747.4,Elstera cyanobacteriorum,2022747.4,Elstera cyanobacteriorum,1,1,1,1,True,True,True,True,1.0
e38af5a07a5229e44f0e621a673c6e35,family,1,1,2172549.5,2172549.5,2172549.5,Candidatus Brocadia sp.,2172549.5,Candidatus Brocadia sp.,2,1,1,2,True,True,True,True,1.0
e39ee604ac8a34e3b83950dda8724276,species,1,1,2307179.21,2307179.21,2307179.21,Plasticicumulans sp.,2307179.21,Plasticicumulans sp.,1,1,1,1,True,True,True,True,1.0
e3a21f89f28ae2a432800e07bb7c419c,genus,1,1,1032.4,1032.4,1032.4,Thiothrix sp.,1032.4,Thiothrix sp.,1,1,1,1,True,True,True,True,1.0
e3b9706e5e6a8e9fc76489132b03ea4c,species,1,1,2497639.23,2497639.23,2497639.23,Thermoflexales bacterium,2497639.23,Thermoflexales bacterium,1,1,1,1,True,True,True,True,1.0
e3ce7ccb73ad24501e84d94b5e7c527b,species,2,2,2717303.8|2202734.717,2717303.8|2202734.717,2717303.8,Haliscomenobacter sp.,2717303.8,Haliscomenobacter sp.,1,2,2,1|2,True,True,True,True,1.0
e3d6fd9f73820240bc996a995bc960e1,species,2,2,2026888.253|1497501.84,2026888.253|1497501.84,2026888.253,Thermoleophilia bacterium,2026888.253,Thermoleophilia bacterium,1,2,2,1|2,True,True,True,True,1.0
e3f4783679c3ed363ae704505dbbd9e7,family,1,1,332614.393,332614.393,332614.393,uncultured Pseudomonadales bacterium,332614.393,uncultured Pseudomonadales bacterium,1,1,1,1,True,True,True,True,1.0
e3fb36508e8c39f15e3e49237e73463b,family,1,1,2052143.836,2052143.836,2052143.836,Anaerolineae bacterium,2052143.836,Anaerolineae bacterium,1,1,1,1,True,True,True,True,1.0
e3fd1b1a1fa643e6dd7d00c6d4633c2d,species,2,2,3142262.4|1134435.5,3142262.4|1134435.5,3142262.4,Thauera sp. JM12B12,3142262.4,Thauera sp. JM12B12,1,2,2,1|2,True,True,True,True,1.0
e42eea2c703538886b3703f092c934be,genus,1,1,2681311.3,2681311.3,2681311.3,,2681311.3,,1,1,1,1,True,True,True,False,1.0
e43a7c4116fe6347c54c9d39bb66e86e,species,1,1,70125.92,70125.92,70125.92,Nitrospira sp.,70125.92,Nitrospira sp.,1,1,1,1,True,True,True,True,1.0
e43eb8c5f8c70242960c156da3d70398,genus,1,1,3034175.21,3034175.21,3034175.21,Bdellovibrionota bacterium,3034175.21,Bdellovibrionota bacterium,1,1,1,1,True,True,True,True,1.0
e443abeee4f4141cc7a97c1f24bbefc3,species,2,2,1930536.116|1768743.3,1930536.116|1768743.3,1930536.116,Sphingomonadaceae bacterium,1930536.116,Sphingomonadaceae bacterium,1,2,2,1|3,True,True,True,True,1.0
e4584b51fe909644e9845c5dc09526e9,species,1,1,2493692.3,2493692.3,2493692.3,,2493692.3,,1,1,1,1,True,True,True,False,1.0
e46f91af422b045c425e2a15296de587,family,2,2,2053538.110|2026780.1498,2053538.110|2026780.1498,2053538.110,Candidatus Competibacteraceae bacterium,2053538.110,Candidatus Competibacteraceae bacterium,2,2,2,2|5,True,True,True,True,1.0
e47753c72791fe570faf6c7f256460f0,genus,1,1,2779161.13,2779161.13,2779161.13,Kouleothrix sp.,2779161.13,Kouleothrix sp.,1,1,1,1,True,True,True,True,1.0
e48cca4ee1f21d6dfa33a6a6caf8c9f5,genus,1,1,1977087.7831,1977087.7831,1977087.7831,Pseudomonadota bacterium,1977087.7831,Pseudomonadota bacterium,1,1,1,1,True,True,True,True,1.0
e49293781e5e88136cf8d7e2e9dcb9cc,species,1,1,2991473.5,2991473.5,2991473.5,Lysobacteraceae bacterium PS02065,2991473.5,Lysobacteraceae bacterium PS02065,1,1,1,1,True,True,True,True,1.0
e4a4ced657613f0708c90eb001766aba,genus,1,1,904068.16,904068.16,904068.16,uncultured Leptolinea sp.,904068.16,uncultured Leptolinea sp.,2,1,1,2,True,True,True,True,1.0
e4aa658c963fb8da68abf652a0802af3,genus,1,1,1121448.10,1121448.10,1121448.10,Megalodesulfovibrio gigas,1121448.10,Megalodesulfovibrio gigas,1,1,1,1,True,True,True,True,1.0
e4bace4a1abdbf1a48e9af7822e15a87,species,1,1,1895763.3,1895763.3,1895763.3,Flavobacteriia bacterium 40-80,1895763.3,Flavobacteriia bacterium 40-80,1,1,1,1,True,True,True,True,1.0
e4bb10426b10b182894e8d9833f2a6a4,species,2,2,2651167.6|1869212.1130,2651167.6|1869212.1130,2651167.6,Ignavibacterium sp.,2651167.6,Ignavibacterium sp.,1,2,2,1|2,True,True,True,True,1.0
e4c18c3d21e58dbb2bd2fe9dba75b684,genus,1,1,1338420.3,1338420.3,1338420.3,Denitratimonas tolerans,1338420.3,Denitratimonas tolerans,1,1,1,1,True,True,True,True,1.0
e4c43f1926710a5f52833b5aed4c191e,species,1,1,2026742.383,2026742.383,2026742.383,Gemmatimonadota bacterium,2026742.383,Gemmatimonadota bacterium,1,1,1,1,True,True,True,True,1.0
e4d6784a0a7487bde2d4330d334b197b,genus,3,3,2044936.33|2053624.293|2013842.3,2044936.33|2053624.293|2013842.3,2044936.33,Bacteroidia bacterium,2044936.33,Bacteroidia bacterium,1,3,3,1|2|4,True,True,True,True,1.0
e5102970b33a5a095b1036826b87e949,genus,1,1,1869227.108,1869227.108,1869227.108,bacterium,1869227.108,bacterium,1,1,1,1,True,True,True,True,1.0
e51c463f8787ab34aed6ed5e8ecfd3ba,genus,1,1,153809.1301,153809.1301,153809.1301,uncultured Pseudomonadota bacterium,153809.1301,uncultured Pseudomonadota bacterium,1,1,1,1,True,True,True,True,1.0
e520b891c76a0de01f0724ed8a801014,below,0,0,,,,,,,,0,0,,,,,,
e543cb672f6cba6694786b8ecacd7a03,species,1,1,2212468.316,2212468.316,2212468.316,Bryobacteraceae bacterium,2212468.316,Bryobacteraceae bacterium,1,1,1,1,True,True,True,True,1.0
e548e6d89490bae8705a94db69fb4a42,genus,2,2,1854708.3|2026733.142,1854708.3|2026733.142,1854708.3,Maribacter arenosus,1854708.3,Maribacter arenosus,1,2,2,1|4,True,True,True,True,1.0
e55e20c54e618f31177927da16b1c7ab,family,1,1,2026729.16,2026729.16,2026729.16,Cytophagaceae bacterium,2026729.16,Cytophagaceae bacterium,2,1,1,2,True,True,True,True,1.0
e574c9134ada62fd4ad4026804cd460e,species,1,1,2282150.7,2282150.7,2282150.7,Caulobacterales bacterium,2282150.7,Caulobacterales bacterium,1,1,1,1,True,True,True,True,1.0
e57b83193ddb2bf7ce35fc01e3b61ae2,species,2,2,59779.36|1603292.4,59779.36|1603292.4,59779.36,Paracoccus marcusii,59779.36,Paracoccus marcusii,1,2,2,1|4,True,True,True,True,1.0
e5896f3c387a09ec326831870d4ec7af,genus,1,1,1977087.4365,1977087.4365,1977087.4365,Pseudomonadota bacterium,1977087.4365,Pseudomonadota bacterium,1,1,1,1,True,True,True,True,1.0
e59daa06caa2e003fa78a17b70f98d81,genus,1,1,866510.121,866510.121,866510.121,uncultured Chitinophagaceae bacterium,866510.121,uncultured Chitinophagaceae bacterium,1,1,1,1,True,True,True,True,1.0
e5a5d80f2f5e18103ac2dcabf80f8e88,genus,1,1,2052143.256,2052143.256,2052143.256,Anaerolineae bacterium,2052143.256,Anaerolineae bacterium,1,1,1,1,True,True,True,True,1.0
e5d17e04fee2bd3bead5d1eea57d1c14,species,1,1,2026779.942,2026779.942,2026779.942,Planctomycetaceae bacterium,2026779.942,Planctomycetaceae bacterium,1,1,1,1,True,True,True,True,1.0
e5e089e059da889289ee4eda3c3a2d00,species,1,1,2202734.76,2202734.76,2202734.76,Saprospiraceae bacterium,2202734.76,Saprospiraceae bacterium,1,1,1,1,True,True,True,True,1.0
e5e92205624b228abc7121a2e224f742,family,2,2,2026715.45|3034175.77,2026715.45|3034175.77,2026715.45,Pseudobdellovibrionaceae bacterium,2026715.45,Pseudobdellovibrionaceae bacterium,1,2,2,1|2,True,True,True,True,1.0
e5f1d61773d799a26e4361862205253e,species,2,2,1756020.3|2506424.5,1756020.3|2506424.5,1756020.3,Flavobacterium orientale,1756020.3,Flavobacterium orientale,1,2,2,1|2,True,True,True,True,1.0
e60c37e245051d1d5ea59116bb2856c1,genus,2,2,2994676.4|2795740.3,2994676.4|2795740.3,2994676.4,Alishewanella sp. SMS8,2994676.4,Alishewanella sp. SMS8,2,2,2,2|4,True,True,True,True,1.0
e6341ba7ffa92fae27c7833219873cbe,species,2,2,3120109.22|2030809.246,3120109.22|2030809.246,3120109.22,Candidatus Hydrogenedentales bacterium,3120109.22,Candidatus Hydrogenedentales bacterium,1,2,2,1|2,True,True,True,True,1.0
e6530b88f833596aa7e3a178d6150978,genus,1,1,2485925.1702,2485925.1702,2485925.1702,Oscillospiraceae bacterium,2485925.1702,Oscillospiraceae bacterium,1,1,1,1,True,True,True,True,1.0
e65d34c8427218185bb05f240617e55e,genus,1,1,2220073.3,2220073.3,2220073.3,Bdellovibrio sp. NC01,2220073.3,Bdellovibrio sp. NC01,3,1,1,3,True,True,True,True,1.0
e667b365216197b5285aaec1ad1c51f6,species,2,2,2026724.1157|2053589.824,2026724.1157|2053589.824,2026724.1157,Chloroflexota bacterium,2026724.1157,Chloroflexota bacterium,1,2,2,1|4,True,True,True,True,1.0
e66cfe3a42a1848a5ebb85dca3a8701c,species,2,2,3299029.3|398562.7,3299029.3|398562.7,3299029.3,Pelomonas dachongensis,3299029.3,Pelomonas dachongensis,1,2,2,1|2,True,True,True,True,1.0
e677d19e4debe80464e7776165004c75,species,2,2,3055406.3|2026735.190,3055406.3|2026735.190,3055406.3,Microcoleus sp. Pol1C5,3055406.3,Microcoleus sp. Pol1C5,1,2,2,1|2,True,True,True,True,1.0
e685930aacf3da60489b478376160f01,genus,1,1,2049432.22,2049432.22,2049432.22,Chromatiaceae bacterium,2049432.22,Chromatiaceae bacterium,1,1,1,1,True,True,True,True,1.0
e685dc44525e8ec7783caa6ab7f5b4b8,species,1,1,2021380.151,2021380.151,2021380.151,Propionibacteriaceae bacterium,2021380.151,Propionibacteriaceae bacterium,1,1,1,1,True,True,True,True,1.0
e686ddfef8b1923ee698499d6f5caeef,species,1,1,2094568.3,2094568.3,2094568.3,Herpetosiphon llansteffanensis,2094568.3,Herpetosiphon llansteffanensis,1,1,1,1,True,True,True,True,1.0
e69ae76ad538dec3a6ea7f30c904123a,genus,2,2,3026384.3|1869227.7417,3026384.3|1869227.7417,3026384.3,Tenuifilaceae bacterium CYCD,3026384.3,Tenuifilaceae bacterium CYCD,1,2,2,1|2,True,True,True,True,1.0
e6a7dffbdc6ce1194eb95aa242f90625,below,0,0,,,,,,,,0,0,,,,,,
e6c1b97b37281c8763716889aa2fcd4b,species,2,2,1898104.1117|1664347.22,1898104.1117|1664347.22,1898104.1117,Bacteroidota bacterium,1898104.1117,Bacteroidota bacterium,2,2,2,2|1,True,True,True,True,1.0
e6f1c2a723e62f8a83e062a42e9fe0f7,species,1,1,2021391.306,2021391.306,2021391.306,Flavobacteriales bacterium,2021391.306,Flavobacteriales bacterium,1,1,1,1,True,True,True,True,1.0
e72faa9a3e08e40239c5e1ebed8b98eb,species,2,2,53317.3|399176.3,53317.3|399176.3,53317.3,Sphingomonas trueperi,53317.3,Sphingomonas trueperi,2,2,2,2|4,True,True,True,True,1.0
e75076fb12df85dba8b4f74b8359d6f6,genus,1,1,2053517.330,2053517.330,2053517.330,Bdellovibrionales bacterium,2053517.330,Bdellovibrionales bacterium,1,1,1,1,True,True,True,True,1.0
e75fd72fb216d3d4c964602d8c338f65,species,2,2,332949.8|417368.65,332949.8|417368.65,332949.8,Enterococcus silesiacus,332949.8,Enterococcus silesiacus,1,2,2,1|2,True,True,True,True,1.0
e79a45f432d0ccc86adbf9bbe7cef2a7,species,2,2,3110231.4|1977087.1914,3110231.4|1977087.1914,3110231.4,Thiobacillus sedimenti,3110231.4,Thiobacillus sedimenti,1,2,2,1|3,True,True,True,True,1.0
e7a976062285e7c9e4f54891a408832f,genus,1,1,2014784.65,2014784.65,2014784.65,Neisseriaceae bacterium,2014784.65,Neisseriaceae bacterium,1,1,1,1,True,True,True,True,1.0
e7b370ff345e03484ae24100501d0783,species,2,2,2964540.102|34034.928,2964540.102|34034.928,2964540.102,Smithellaceae bacterium,2964540.102,Smithellaceae bacterium,2,2,2,2|1,True,True,True,True,1.0
e7d14e61e84b19b03908062d0a528bb7,species,1,1,2818473.28,2818473.28,2818473.28,Giesbergeria sp.,2818473.28,Giesbergeria sp.,1,1,1,1,True,True,True,True,1.0
e7e157467113d1bf9ad38600a66245df,species,1,1,1869212.1334,1869212.1334,1869212.1334,Chitinophagaceae bacterium,1869212.1334,Chitinophagaceae bacterium,1,1,1,1,True,True,True,True,1.0
e7e7e8dc6205f419af1a7755ed0972c0,species,1,1,2026777.34,2026777.34,2026777.34,Phycisphaeraceae bacterium,2026777.34,Phycisphaeraceae bacterium,2,1,1,2,True,True,True,True,1.0
e8080e944f2c519966585e37ddd10f32,family,2,2,34034.956|1869227.7852,34034.956|1869227.7852,34034.956,uncultured delta proteobacterium,34034.956,uncultured delta proteobacterium,1,2,2,1|2,True,True,True,True,1.0
e8278e5505332c3309d65feba7f57580,species,1,1,418702.14,418702.14,418702.14,Azonexus hydrophilus,418702.14,Azonexus hydrophilus,1,1,1,1,True,True,True,True,1.0
e83841b65e2ca525df1948c0b2516b64,genus,1,1,147047.3,147047.3,147047.3,Humidesulfovibrio mexicanus,147047.3,Humidesulfovibrio mexicanus,1,1,1,1,True,True,True,True,1.0
e83f3de56b8e20b8db465aa303106f67,family,1,1,1914538.132,1914538.132,1914538.132,Pseudomonadaceae bacterium,1914538.132,Pseudomonadaceae bacterium,1,1,1,1,True,True,True,True,1.0
e841aed62e1636390fc4c9d2800079ec,species,2,2,2818473.30|2015802.3,2818473.30|2015802.3,2818473.30,Giesbergeria sp.,2818473.30,Giesbergeria sp.,1,2,2,1|4,True,True,True,True,1.0
e843b0e0535e8033ed7c08faf28016ca,species,2,2,2482790.201|1664347.22,2482790.201|1664347.22,2482790.201,Thermomicrobiales bacterium,2482790.201,Thermomicrobiales bacterium,1,2,2,1|3,True,True,True,True,1.0
e8499ff61a0580bb18c06078ff676d9d,species,1,1,79329.171,79329.171,79329.171,Chitinophaga pinensis,79329.171,Chitinophaga pinensis,1,1,1,1,True,True,True,True,1.0
e8738af609feea6f1fda54a7d4cf4461,genus,1,1,2026770.468,2026770.468,2026770.468,Nitrospiraceae bacterium,2026770.468,Nitrospiraceae bacterium,1,1,1,1,True,True,True,True,1.0
e87b7c2c236e7c82ea91b04f09fa9f6b,species,2,2,1977087.1003|1965277.3,1977087.1003|1965277.3,1977087.1003,Pseudomonadota bacterium,1977087.1003,Pseudomonadota bacterium,1,2,2,1|2,True,True,True,True,1.0
e8a24164756796ef726226e4f6c4e5d2,family,1,1,2026788.312,2026788.312,2026788.312,Rickettsiales bacterium,2026788.312,Rickettsiales bacterium,1,1,1,1,True,True,True,True,1.0
e8b9e42a6dd73a4ada262f52235997d6,species,2,2,1961806.12|91750.5282,1961806.12|91750.5282,1961806.12,Lacunisphaera sp.,1961806.12,Lacunisphaera sp.,2,2,2,2|1,True,True,True,True,1.0
e8c1e783e60161fe039cc419a3717b1f,species,1,1,2755587.5,2755587.5,2755587.5,Alishewanella sp. BS5-314,2755587.5,Alishewanella sp. BS5-314,1,1,1,1,True,True,True,True,1.0
e8c4c6e3b59ef250dd6693fb2f429590,species,1,1,3083246.37,3083246.37,3083246.37,Christensenellales bacterium,3083246.37,Christensenellales bacterium,1,1,1,1,True,True,True,True,1.0
e8c83a56bca71607334d3d612dc7b602,species,2,2,3142262.4|1134435.5,3142262.4|1134435.5,3142262.4,Thauera sp. JM12B12,3142262.4,Thauera sp. JM12B12,1,2,2,1|2,True,True,True,True,1.0
e8dd18e9a9e3ac2941738c9468d74fcd,species,1,1,1946316.4,1946316.4,1946316.4,Chloracidobacterium sp. UBA2345,1946316.4,Chloracidobacterium sp. UBA2345,1,1,1,1,True,True,True,True,1.0
e8f2c3b75593c3e2f0273abfe54fada8,species,1,1,3120121.72,3120121.72,3120121.72,Minisyncoccia bacterium,3120121.72,Minisyncoccia bacterium,1,1,1,1,True,True,True,True,1.0
e91f95731ee228056bb3e1dd686ff61c,genus,1,1,2220073.3,2220073.3,2220073.3,Bdellovibrio sp. NC01,2220073.3,Bdellovibrio sp. NC01,3,1,1,3,True,True,True,True,1.0
e9452b3d0c5537551219e25ed4cbde96,genus,1,1,2052180.842,2052180.842,2052180.842,Phycisphaerales bacterium,2052180.842,Phycisphaerales bacterium,1,1,1,1,True,True,True,True,1.0
e94703a062164e08df51e6b4c18775ff,genus,1,1,1672391.947,1672391.947,1672391.947,uncultured Chloroflexia bacterium,1672391.947,uncultured Chloroflexia bacterium,1,1,1,1,True,True,True,True,1.0
e9471b678951263003f0257ac9e94e0b,genus,1,1,1121448.10,1121448.10,1121448.10,Megalodesulfovibrio gigas,1121448.10,Megalodesulfovibrio gigas,1,1,1,1,True,True,True,True,1.0
e94fc064136016d8a4ff367eb7d53491,genus,2,2,2478482.10|2099678.82,2478482.10|2099678.82,2478482.10,Hydrogenophilales bacterium,2478482.10,Hydrogenophilales bacterium,1,2,2,1|2,True,True,True,True,1.0
e9580c8f17c2650e331a39d7641e9325,species,1,1,2651171.613,2651171.613,2651171.613,Thermoanaerobaculia bacterium,2651171.613,Thermoanaerobaculia bacterium,1,1,1,1,True,True,True,True,1.0
e96145ffe1d375878003908de3cb42e2,genus,1,1,2052143.256,2052143.256,2052143.256,Anaerolineae bacterium,2052143.256,Anaerolineae bacterium,1,1,1,1,True,True,True,True,1.0
e969463a2fba8404723eda38ccce2522,species,1,1,2545255.25,2545255.25,2545255.25,Nannocystaceae bacterium,2545255.25,Nannocystaceae bacterium,1,1,1,1,True,True,True,True,1.0
e97ee128aa14a884050e4aad1d8cb415,family,1,1,2651163.91,2651163.91,2651163.91,Ignavibacteriaceae bacterium,2651163.91,Ignavibacteriaceae bacterium,1,1,1,1,True,True,True,True,1.0
e98755383558571dcf3cda1829a0052a,species,1,1,2991473.5,2991473.5,2991473.5,Lysobacteraceae bacterium PS02065,2991473.5,Lysobacteraceae bacterium PS02065,1,1,1,1,True,True,True,True,1.0
e990c43fdd54f9a1fae0a3bb63a2dba7,genus,1,1,100233.312,100233.312,100233.312,uncultured Planctomycetaceae bacterium,100233.312,uncultured Planctomycetaceae bacterium,1,1,1,1,True,True,True,True,1.0
e9a71787d59079ee5ba26f7533e248c2,family,1,1,100233.290,100233.290,100233.290,uncultured Planctomycetaceae bacterium,100233.290,uncultured Planctomycetaceae bacterium,1,1,1,1,True,True,True,True,1.0
e9b34224d98724dfed43123e7a893cec,species,1,1,330835.3,330835.3,330835.3,Nostocoides vanveenii,330835.3,Nostocoides vanveenii,1,1,1,1,True,True,True,True,1.0
e9b4d5beea052247c6965e1e894eac74,species,2,2,2914832.3|1219052.3,2914832.3|1219052.3,2914832.3,Sphingomonas sp. CROZ-RG-20F-R02-07,2914832.3,Sphingomonas sp. CROZ-RG-20F-R02-07,1,2,2,1|3,True,True,True,True,1.0
e9dc3bbabd001c94c13190c60eecbc33,family,1,1,77133.6008,77133.6008,77133.6008,uncultured bacterium,77133.6008,uncultured bacterium,1,1,1,1,True,True,True,True,1.0
e9e060e5e0e46911cad92b8292aeefd7,species,2,2,398199.6|3374101.3,398199.6|3374101.3,398199.6,Proteiniclasticum ruminis,398199.6,Proteiniclasticum ruminis,1,2,2,1|2,True,True,True,True,1.0
ea0cbd844bf1d82b0503227cef01cb1f,family,1,1,2053589.1206,2053589.1206,2053589.1206,Minisyncoccota bacterium,2053589.1206,Minisyncoccota bacterium,1,1,1,1,True,True,True,True,1.0
ea1f657cde9ba047c7291ce6f1de6651,species,1,1,2689616.477,2689616.477,2689616.477,Steroidobacteraceae bacterium,2689616.477,Steroidobacteraceae bacterium,1,1,1,1,True,True,True,True,1.0
ea2c5b26d30d8af745dfa7fd48206caa,species,1,1,2049044.565,2049044.565,2049044.565,Erysipelotrichaceae bacterium,2049044.565,Erysipelotrichaceae bacterium,1,1,1,1,True,True,True,True,1.0
ea356eadfcbbc83181a30eade6da43f4,species,2,2,913252.3|267.50,913252.3|267.50,913252.3,Paracoccus limosus,913252.3,Paracoccus limosus,1,2,2,1|2,True,True,True,True,1.0
ea47c7d8fae6f0ade8df9aa067b2e27b,species,2,2,2052143.231|1664347.22,2052143.231|1664347.22,2052143.231,Anaerolineae bacterium,2052143.231,Anaerolineae bacterium,1,2,2,1|3,True,True,True,True,1.0
ea5aceea63ccfcba018f28df1c3bff64,family,1,1,244582.8,244582.8,244582.8,Candidatus Paracaedibacter symbiosus,244582.8,Candidatus Paracaedibacter symbiosus,1,1,1,1,True,True,True,True,1.0
ea5eeef4adcd29b79e56e455f9025517,species,2,2,2986940.3|2737536.23,2986940.3|2737536.23,2986940.3,Micropruina sonneratiae,2986940.3,Micropruina sonneratiae,1,2,2,1|3,True,True,True,True,1.0
ea622e8d662f6c16055597f71c651fd6,genus,1,1,59201.2046,59201.2046,59201.2046,Salmonella enterica,59201.2046,Salmonella enterica,2,1,1,2,True,True,True,True,1.0
ea623d00e809654b8b5cef82a83a7b1d,family,2,2,3083246.38|1879010.10044,3083246.38|1879010.10044,3083246.38,Christensenellales bacterium,3083246.38,Christensenellales bacterium,1,2,2,1|3,True,True,True,True,1.0
eac14c06aa001a7b1f9a5814db779c3c,family,2,2,1917528.3|243904.503,1917528.3|243904.503,1917528.3,Chlorobium sp. KB01,1917528.3,Chlorobium sp. KB01,1,2,2,1|2,True,True,True,True,1.0
ead39f70edecc8f60252c9053a3640d0,species,2,2,2026801.178|2026799.956,2026801.178|2026799.956,2026801.178,Verrucomicrobiales bacterium,2026801.178,Verrucomicrobiales bacterium,1,2,2,1|2,True,True,True,True,1.0
eaf9f67bccafc8235f7ff84802a9b8a9,family,2,2,128785.61|69284.5,128785.61|69284.5,128785.61,Pseudoxanthomonas mexicana,128785.61,Pseudoxanthomonas mexicana,1,2,2,1|2,True,True,True,True,1.0
eb19fb98bf6f966ab4db98cceb5b2f9b,family,1,1,413497.34,413497.34,413497.34,Cronobacter dublinensis,413497.34,Cronobacter dublinensis,1,1,1,1,True,True,True,True,1.0
eb2990f11b8457c4975e886eede1fc6e,genus,1,1,411917.48,411917.48,411917.48,uncultured Planctomycetia bacterium,411917.48,uncultured Planctomycetia bacterium,1,1,1,1,True,True,True,True,1.0
eb32b6f64fd3fdee4342ac56240ab624,species,2,2,3142262.4|1134435.5,3142262.4|1134435.5,3142262.4,Thauera sp. JM12B12,3142262.4,Thauera sp. JM12B12,1,2,2,1|2,True,True,True,True,1.0
eb33d5cf0a32f7a15cd5a3bef07a03e3,genus,4,4,2954380.4|3092586.3|2954386.5|2954381.3,2954380.4|3092586.3|2954386.5|2954381.3,2954380.4,Candidatus Accumulibacter propinquus,2954380.4,Candidatus Accumulibacter propinquus,1,4,4,1|3|4|9,True,True,True,True,1.0
eb3527e910089069545175e8e05be705,species,1,1,70125.92,70125.92,70125.92,Nitrospira sp.,70125.92,Nitrospira sp.,1,1,1,1,True,True,True,True,1.0
eb41af02b18dc957ef593cfd11261be5,species,2,2,34062.96|2653185.3,34062.96|2653185.3,34062.96,Faucicola osloensis,34062.96,Faucicola osloensis,1,2,2,1|14,True,True,True,True,1.0
eb56f0d3939546db4d0dedcbde1d36a1,species,1,1,573.81134,573.81134,573.81134,Klebsiella pneumoniae,573.81134,Klebsiella pneumoniae,1,1,1,1,True,True,True,True,1.0
eb5dab65d55f6ff373466a69652b4d89,species,1,1,2026735.824,2026735.824,2026735.824,Deltaproteobacteria bacterium,2026735.824,Deltaproteobacteria bacterium,1,1,1,1,True,True,True,True,1.0
eb73587fe68533f6bb0586d29bd4d3c7,genus,3,3,1940288.304|1869212.787|866510.83,1940288.304|1869212.787|866510.83,1940288.304,Ferruginibacter sp.,1940288.304,Ferruginibacter sp.,2,3,3,2|3|1,True,True,True,True,1.0
eb7d39fef4ce4329e4bd8f686bd3388f,species,2,2,1792.7|3090600.3,1792.7|3090600.3,1792.7,Mycolicibacterium chitae,1792.7,Mycolicibacterium chitae,1,2,2,1|5,True,True,True,True,1.0
eb806bb1dd30405c489b4706cacd2d26,species,2,2,2202734.160|261514.183,2202734.160|261514.183,2202734.160,Saprospiraceae bacterium,2202734.160,Saprospiraceae bacterium,1,2,2,1|6,True,True,True,True,1.0
eb8e2e7b5176438d3944ce8b64e9f0f7,genus,1,1,316068.7,316068.7,316068.7,Leadbetterella byssophila,316068.7,Leadbetterella byssophila,1,1,1,1,True,True,True,True,1.0
eb9a947cf8ff42b8234a0f323fc59800,family,2,2,2600299.3|2816037.3,2600299.3|2816037.3,2600299.3,Roseibium aestuarii,2600299.3,Roseibium aestuarii,1,2,2,1|2,True,True,True,True,1.0
ebb62e28782741304da90c67493b71a5,genus,1,1,100233.320,100233.320,100233.320,uncultured Planctomycetaceae bacterium,100233.320,uncultured Planctomycetaceae bacterium,3,1,1,3,True,True,True,True,1.0
ebbd82ea864ec2b9ad8ca7d5257926a0,species,1,1,1909294.1269,1909294.1269,1909294.1269,Hyphomicrobiales bacterium,1909294.1269,Hyphomicrobiales bacterium,1,1,1,1,True,True,True,True,1.0
ebbf805a92de594d7860282d322d7eff,family,1,1,2026728.545,2026728.545,2026728.545,Crocinitomicaceae bacterium,2026728.545,Crocinitomicaceae bacterium,1,1,1,1,True,True,True,True,1.0
ebfa96385993ccdd7af3a700e9957945,genus,2,2,2448779.29|1917697.28,2448779.29|1917697.28,2448779.29,Chitinophagales bacterium,2448779.29,Chitinophagales bacterium,1,2,2,1|2,True,True,True,True,1.0
ec0bdcf7f893bd92711ed514785af638,species,2,2,2053538.110|2026780.1498,2053538.110|2026780.1498,2053538.110,Candidatus Competibacteraceae bacterium,2053538.110,Candidatus Competibacteraceae bacterium,2,2,2,2|5,True,True,True,True,1.0
ec1181481728a61badd3bbae6f6918e0,species,2,2,2800415.27|2053492.15,2800415.27|2053492.15,2800415.27,Candidatus Competibacter sp.,2800415.27,Candidatus Competibacter sp.,1,2,2,1|2,True,True,True,True,1.0
ec14ab48adef7b5cc6e17e7f2fe8e96e,genus,1,1,2021391.496,2021391.496,2021391.496,Flavobacteriales bacterium,2021391.496,Flavobacteriales bacterium,1,1,1,1,True,True,True,True,1.0
ec6b6603d2ced02e85347f5f92820427,genus,1,1,2821509.17,2821509.17,2821509.17,Agriterribacter sp.,2821509.17,Agriterribacter sp.,1,1,1,1,True,True,True,True,1.0
ec716420b2bb28ff5cfc5b19edbe2dfa,species,2,2,85698.438|32002.71,85698.438|32002.71,85698.438,Achromobacter xylosoxidans,85698.438,Achromobacter xylosoxidans,1,2,2,1|5,True,True,True,True,1.0
ec8d76047007f031188c2bd78d4eaa6d,species,0,0,,,,,,,,0,0,,,,,,
ec949b0cab3c02898150d1543266d808,genus,1,1,2024896.6,2024896.6,2024896.6,Anaerolineaceae bacterium,2024896.6,Anaerolineaceae bacterium,2,1,1,2,True,True,True,True,1.0
eca10eeeb6e1df778866cd8241f10b4a,species,1,1,91750.4328,91750.4328,91750.4328,uncultured Alphaproteobacteria bacterium,91750.4328,uncultured Alphaproteobacteria bacterium,1,1,1,1,True,True,True,True,1.0
eca3565262e560bd0fb511a19d3b7a0b,family,1,1,1898206.222,1898206.222,1898206.222,Spirochaetaceae bacterium,1898206.222,Spirochaetaceae bacterium,1,1,1,1,True,True,True,True,1.0
eca5354db9209f2c7a090da3fabca87f,species,1,1,2052904.4,2052904.4,2052904.4,Uliginosibacterium sp.,2052904.4,Uliginosibacterium sp.,1,1,1,1,True,True,True,True,1.0
eca92bf31e3a3b7a727ab8a837fbd55a,family,1,1,413503.37,413503.37,413503.37,Cronobacter malonaticus,413503.37,Cronobacter malonaticus,1,1,1,1,True,True,True,True,1.0
ecb342f224ba158c3d613e8e08e5ac99,species,2,2,2053538.110|2026780.1498,2053538.110|2026780.1498,2053538.110,Candidatus Competibacteraceae bacterium,2053538.110,Candidatus Competibacteraceae bacterium,2,2,2,2|5,True,True,True,True,1.0
ece72c13c8a111f0bc60bc739f8eb1a2,genus,1,1,3391182.3,3391182.3,3391182.3,Bdellovibrio sp. HCB-110,3391182.3,Bdellovibrio sp. HCB-110,1,1,1,1,True,True,True,True,1.0
ecf3bc985d8acafaf1b827155588d5f8,genus,1,1,1975526.3,1975526.3,1975526.3,Bdellovibrio sp. CG10_big_fil_rev_8_21_14_0_10_47_8,1975526.3,Bdellovibrio sp. CG10_big_fil_rev_8_21_14_0_10_47_8,1,1,1,1,True,True,True,True,1.0
ed0a6819c9b1eacacd37e07fffa36d28,species,1,1,171953.209,171953.209,171953.209,uncultured Acidobacteriota bacterium,171953.209,uncultured Acidobacteriota bacterium,1,1,1,1,True,True,True,True,1.0
ed0fd00f7bef4085157998cff06b96e3,below,0,0,,,,,,,,0,0,,,,,,
ed17a33af36a2bf22b5ab2f25d0789e1,genus,2,2,2922717.5|2730080.3,2922717.5|2730080.3,2922717.5,Fundidesulfovibrio agrisoli,2922717.5,Fundidesulfovibrio agrisoli,1,2,2,1|3,True,True,True,True,1.0
ed1bfca51af077146313eee30f693b94,species,2,2,3142262.4|1134435.5,3142262.4|1134435.5,3142262.4,Thauera sp. JM12B12,3142262.4,Thauera sp. JM12B12,1,2,2,1|2,True,True,True,True,1.0
ed367bc481894caa9185876ee0b3cdb8,family,2,2,3058050.124|91750.4563,3058050.124|91750.4563,3058050.124,Polyangia bacterium,3058050.124,Polyangia bacterium,2,2,2,2|4,True,True,True,True,1.0
ed541c87d5df87ae71fac96b59bc34aa,species,1,1,115547.278,115547.278,115547.278,uncultured archaeon,115547.278,uncultured archaeon,1,1,1,1,True,True,True,True,1.0
ed56e580be22beda5d7536ba3524286c,genus,2,2,2030927.5905|1898104.689,2030927.5905|1898104.689,2030927.5905,Bacteroidales bacterium,2030927.5905,Bacteroidales bacterium,1,2,2,1|2,True,True,True,True,1.0
ed7582371d19ffeb0290e922cbd1e9a9,species,1,1,2053538.21,2053538.21,2053538.21,Candidatus Competibacteraceae bacterium,2053538.21,Candidatus Competibacteraceae bacterium,6,1,1,6,True,True,True,True,1.0
ed9739f006b4093db4d76ca2ff6a3ffc,genus,3,3,2570193.3|73030.14|337779.3,2570193.3|73030.14|337779.3,2570193.3,Dechloromonas sp. H13,2570193.3,Dechloromonas sp. H13,1,3,3,1|2|5,True,True,True,True,1.0
edb731a5013cc4bcaf0ce56fbd850e20,species,2,2,2954380.4|2954386.5,2954380.4|2954386.5,2954380.4,Candidatus Accumulibacter propinquus,2954380.4,Candidatus Accumulibacter propinquus,1,2,2,1|3,True,True,True,True,1.0
edbf6893a8768f7fd6a970b07e67c4f5,species,2,2,2605434.3|2030798.6,2605434.3|2030798.6,2605434.3,Rhodobacteraceae bacterium LNNU 3342,2605434.3,Rhodobacteraceae bacterium LNNU 3342,1,2,2,1|2,True,True,True,True,1.0
edd07d78a6810ed4590cc2d46c8f3bae,genus,1,1,497635.20,497635.20,497635.20,uncultured Paludibacter sp.,497635.20,uncultured Paludibacter sp.,1,1,1,1,True,True,True,True,1.0
ede9cda5d90914ec0bde4530bc094867,species,0,0,,,,,,,,0,0,,,,,,
edf7381412338149c87c4d34894b3efa,species,2,2,2053538.110|2026780.1498,2053538.110|2026780.1498,2053538.110,Candidatus Competibacteraceae bacterium,2053538.110,Candidatus Competibacteraceae bacterium,2,2,2,2|5,True,True,True,True,1.0
ee042a76ecb1a6de77f2670456bad4ad,species,0,0,,,,,,,,0,0,,,,,,
ee094410e209741c2a13efc2920be61c,species,1,1,3079796.11,3079796.11,3079796.11,Deinococcaceae bacterium,3079796.11,Deinococcaceae bacterium,1,1,1,1,True,True,True,True,1.0
ee1a9b0d354173827d0881ab14552c0f,species,1,1,1798571.3,1798571.3,1798571.3,Lentisphaerae bacterium GWF2_44_16,1798571.3,Lentisphaerae bacterium GWF2_44_16,1,1,1,1,True,True,True,True,1.0
ee1ff1dc0dd8d21601dcda9a5936a436,species,0,0,,,,,,,,0,0,,,,,,
ee2dd39b51745c9b87c06d42324d733e,species,2,2,1912891.46|2506423.3,1912891.46|2506423.3,1912891.46,Sphingobium sp.,1912891.46,Sphingobium sp.,2,2,2,2|4,True,True,True,True,1.0
ee3a166e94e08f26353ea3b44a19489d,species,2,2,2053538.110|2026780.1498,2053538.110|2026780.1498,2053538.110,Candidatus Competibacteraceae bacterium,2053538.110,Candidatus Competibacteraceae bacterium,2,2,2,2|5,True,True,True,True,1.0
ee40fbcad6785e1ab7887edf8c829479,species,1,1,215690.3,215690.3,215690.3,Thermomonas fusca,215690.3,Thermomonas fusca,1,1,1,1,True,True,True,True,1.0
ee46ff8d3c13cbe5340aaf8231a3a5c5,species,0,0,,,,,,,,0,0,,,,,,
ee66de122edffc4bf9e11790f84c61d6,genus,1,1,1879010.9295,1879010.9295,1879010.9295,Bacillota bacterium,1879010.9295,Bacillota bacterium,1,1,1,1,True,True,True,True,1.0
ee8e24c331a00c52d94b99d83fb32ade,species,2,2,2004800.13|2590576.18,2004800.13|2590576.18,2004800.13,Luteitalea sp.,2004800.13,Luteitalea sp.,1,2,2,1|2,True,True,True,True,1.0
ee9f6b92bf91db4a6de4d9b6b0a39a1f,species,1,1,1911079.32,1911079.32,1911079.32,Methylocystis sp.,1911079.32,Methylocystis sp.,1,1,1,1,True,True,True,True,1.0
eec25b8bfc1eaf1f354bb270dd86e22e,species,1,1,1968276.4,1968276.4,1968276.4,Spirosoma terrae,1968276.4,Spirosoma terrae,1,1,1,1,True,True,True,True,1.0
eecf91fc0e63f6135d1526ffb31f6f7f,family,1,1,2762014.252,2762014.252,2762014.252,Candidatus Parcubacteria bacterium,2762014.252,Candidatus Parcubacteria bacterium,1,1,1,1,True,True,True,True,1.0
eedd9aa1db4aff13bc6c99d340e9b24c,genus,1,1,2073117.71,2073117.71,2073117.71,Anaerolineales bacterium,2073117.71,Anaerolineales bacterium,1,1,1,1,True,True,True,True,1.0
eee7e6e152fc9d82452837af15ebf95f,family,1,1,316068.7,316068.7,316068.7,Leadbetterella byssophila,316068.7,Leadbetterella byssophila,1,1,1,1,True,True,True,True,1.0
eeefa65c98191328c92ff8dc72314fc0,species,1,1,2499140.25,2499140.25,2499140.25,Negativicutes bacterium,2499140.25,Negativicutes bacterium,1,1,1,1,True,True,True,True,1.0
eef646ce737d72b0aa1a8c0ec4525af2,species,0,0,,,,,,,,0,0,,,,,,
ef02721bdb053ce7c78e0cf1dae9bc38,genus,1,1,2026801.403,2026801.403,2026801.403,Verrucomicrobiales bacterium,2026801.403,Verrucomicrobiales bacterium,1,1,1,1,True,True,True,True,1.0
ef04cb4a2111360e7187fba3b2a1aac4,genus,1,1,1672391.947,1672391.947,1672391.947,uncultured Chloroflexia bacterium,1672391.947,uncultured Chloroflexia bacterium,1,1,1,1,True,True,True,True,1.0
ef2f933f0192865ace3c9676ded56212,species,2,2,288436.9|1620421.3,288436.9|1620421.3,288436.9,Parahoeflea alexandrii,288436.9,Parahoeflea alexandrii,1,2,2,1|2,True,True,True,True,1.0
ef2fcbd1c69d02d6b0b6d246e2bd30be,species,1,1,2030806.1501,2030806.1501,2030806.1501,Burkholderiaceae bacterium,2030806.1501,Burkholderiaceae bacterium,1,1,1,1,True,True,True,True,1.0
ef584352cf0669773add69977706b959,genus,5,5,96773.10|3142262.4|44139.8|1134435.5|82788.3,96773.10|3142262.4|44139.8|1134435.5|82788.3,96773.10,Thauera chlorobenzoica,96773.10,Thauera chlorobenzoica,1,5,5,1|2|3|5|9,True,True,True,True,1.0
ef5a07691f0be55d106bd1bf37158071,species,2,2,3142262.4|1134435.5,3142262.4|1134435.5,3142262.4,Thauera sp. JM12B12,3142262.4,Thauera sp. JM12B12,1,2,2,1|2,True,True,True,True,1.0
ef75bcfc20315429a3384ad5433a6e3c,genus,1,1,2614250.135,2614250.135,2614250.135,Caldilineaceae bacterium,2614250.135,Caldilineaceae bacterium,1,1,1,1,True,True,True,True,1.0
ef7c28bb28866912b76003ee110bdf6b,species,2,2,128785.61|69284.5,128785.61|69284.5,128785.61,Pseudoxanthomonas mexicana,128785.61,Pseudoxanthomonas mexicana,1,2,2,1|2,True,True,True,True,1.0
ef9a71a9d12cd3440f17b7617fa885b5,family,1,1,2315423.3,2315423.3,2315423.3,Candidatus Sumerlaeaceae bacterium,2315423.3,Candidatus Sumerlaeaceae bacterium,1,1,1,1,True,True,True,True,1.0
efa220710d4b55bf0233dc3cc988f15e,species,2,2,2053538.110|2026780.1498,2053538.110|2026780.1498,2053538.110,Candidatus Competibacteraceae bacterium,2053538.110,Candidatus Competibacteraceae bacterium,2,2,2,2|5,True,True,True,True,1.0
efab418ccbc1fbdc3febfafde85b781f,genus,3,3,2923277.5|3350173.3|2126353.3,2923277.5|3350173.3|2126353.3,2923277.5,Pedobacter montanisoli,2923277.5,Pedobacter montanisoli,1,3,3,1|2|3,True,True,True,True,1.0
efaca758a3dc605a1e7fca59f311179e,family,1,1,2762014.252,2762014.252,2762014.252,Candidatus Parcubacteria bacterium,2762014.252,Candidatus Parcubacteria bacterium,1,1,1,1,True,True,True,True,1.0
efdc7cd0aa615a3a967236f75581ddb5,genus,1,1,91750.4177,91750.4177,91750.4177,uncultured Alphaproteobacteria bacterium,91750.4177,uncultured Alphaproteobacteria bacterium,1,1,1,1,True,True,True,True,1.0
f005aff8251e7c0a528afd0423e9abd4,family,1,1,2026724.1127,2026724.1127,2026724.1127,Chloroflexota bacterium,2026724.1127,Chloroflexota bacterium,1,1,1,1,True,True,True,True,1.0
f0168ca6a9999f5a57ed2408fc48937a,species,2,2,77097.32|29570.15,77097.32|29570.15,77097.32,Vreelandella aquamarina,77097.32,Vreelandella aquamarina,1,2,2,1|2,True,True,True,True,1.0
f01d67968dfddc87f623c8b4f7b00faa,species,1,1,2033014.336,2033014.336,2033014.336,Armatimonadota bacterium,2033014.336,Armatimonadota bacterium,1,1,1,1,True,True,True,True,1.0
f02c668cd748e741973895c421e3a93c,family,2,2,2053538.110|2026780.1498,2053538.110|2026780.1498,2053538.110,Candidatus Competibacteraceae bacterium,2053538.110,Candidatus Competibacteraceae bacterium,2,2,2,2|5,True,True,True,True,1.0
f04369bd163fa958956f0705b3a9549e,species,2,2,1848973.6|3062169.3,1848973.6|3062169.3,1848973.6,Sphingomonas colocasiae,1848973.6,Sphingomonas colocasiae,1,2,2,1|2,True,True,True,True,1.0
f0547f74dbcfeca9eef70572311914b5,family,1,1,2053624.147,2053624.147,2053624.147,Synergistaceae bacterium,2053624.147,Synergistaceae bacterium,1,1,1,1,True,True,True,True,1.0
f056484b2fb599af6b6dbcefc4032164,family,2,2,2053538.80|2026780.1498,2053538.80|2026780.1498,2053538.80,Candidatus Competibacteraceae bacterium,2053538.80,Candidatus Competibacteraceae bacterium,1,2,2,1|6,True,True,True,True,1.0
f071d0fd1b57c75da697394163f1aadc,species,1,1,2800415.25,2800415.25,2800415.25,Candidatus Competibacter sp.,2800415.25,Candidatus Competibacter sp.,1,1,1,1,True,True,True,True,1.0
f0c172c09fbf815c33cd7bae5023387e,family,2,2,77133.13740|3121696.5,77133.13740|3121696.5,77133.13740,uncultured bacterium,77133.13740,uncultured bacterium,4,2,2,4|1,True,True,True,True,1.0
f0c1c39ccb24badaf817ec9940df3145,genus,4,4,2049428.73|1898104.1110|2099675.34|2651163.85,2049428.73|1898104.1110|2099675.34|2651163.85,2049428.73,Ignavibacteriales bacterium,2049428.73,Ignavibacteriales bacterium,1,4,4,1|3|4|6,True,True,True,True,1.0
f0c59f6ecbfb7353dcc05679f413d5c7,genus,1,1,1940288.328,1940288.328,1940288.328,Ferruginibacter sp.,1940288.328,Ferruginibacter sp.,1,1,1,1,True,True,True,True,1.0
f0d8cf2a155aca768bee497d6e94f7c9,species,2,2,2079234.3|2719119.10,2079234.3|2719119.10,2079234.3,Corynebacterium gerontici,2079234.3,Corynebacterium gerontici,1,2,2,1|4,True,True,True,True,1.0
f0eaf15e9f91f650bde47d1ebdef57a3,species,1,1,1940288.253,1940288.253,1940288.253,Ferruginibacter sp.,1940288.253,Ferruginibacter sp.,1,1,1,1,True,True,True,True,1.0
f12ed33e3dd474f54c82a7244a019879,species,2,2,1879010.10568|2201156.843,1879010.10568|2201156.843,1879010.10568,Bacillota bacterium,1879010.10568,Bacillota bacterium,1,2,2,1|2,True,True,True,True,1.0
f14ff3088241f042c597f8943c9a1414,genus,1,1,1869212.1331,1869212.1331,1869212.1331,Chitinophagaceae bacterium,1869212.1331,Chitinophagaceae bacterium,1,1,1,1,True,True,True,True,1.0
f15a3216911c6ef8d830b06cb7398aa4,genus,1,1,3232135.3,3232135.3,3232135.3,Tautonia sp. JC769,3232135.3,Tautonia sp. JC769,1,1,1,1,True,True,True,True,1.0
f1759ab15ec2823b1b645d9d1eb5f52f,genus,1,1,157466.59,157466.59,157466.59,uncultured Armatimonadota bacterium,157466.59,uncultured Armatimonadota bacterium,1,1,1,1,True,True,True,True,1.0
f19058a643e28796ad773f9a4ea0ede1,family,1,1,2053517.307,2053517.307,2053517.307,Bdellovibrionales bacterium,2053517.307,Bdellovibrionales bacterium,1,1,1,1,True,True,True,True,1.0
f19fe4530cc11cf9d65e7e9fdb69ec0e,species,2,2,1898104.4334|194843.1029,1898104.4334|194843.1029,1898104.4334,Bacteroidota bacterium,1898104.4334,Bacteroidota bacterium,2,2,2,2|1,True,True,True,True,1.0
f1aa0ea145fc7098b3403eb2badbe65b,species,2,2,1907725.60|86027.1334,1907725.60|86027.1334,1907725.60,Limnohabitans sp.,1907725.60,Limnohabitans sp.,3,2,2,3|1,True,True,True,True,1.0
f1acd31719aa916f3fd1bac4b1e6d102,species,1,1,1873136.8,1873136.8,1873136.8,Microvirga sp.,1873136.8,Microvirga sp.,1,1,1,1,True,True,True,True,1.0
f1c37cb1c376c881233e55a6a8048ae6,family,1,1,2052182.13,2052182.13,2052182.13,Rhodanobacteraceae bacterium,2052182.13,Rhodanobacteraceae bacterium,1,1,1,1,True,True,True,True,1.0
f1c55e07383024e0fa6ea1bef3c0d3a0,genus,1,1,2026780.1751,2026780.1751,2026780.1751,Planctomycetota bacterium,2026780.1751,Planctomycetota bacterium,1,1,1,1,True,True,True,True,1.0
f1c8cd7455545f0d424e3da9ced1daae,species,1,1,1193518.4,1193518.4,1193518.4,Nostocoides jenkinsii,1193518.4,Nostocoides jenkinsii,1,1,1,1,True,True,True,True,1.0
f1ccb6335662615965c1f26577cb4344,species,2,2,3122054.4|2663823.3,3122054.4|2663823.3,3122054.4,Sphingopyxis sp. J-6,3122054.4,Sphingopyxis sp. J-6,2,2,2,2|3,True,True,True,True,1.0
f1f83595d160616a68bc573df305b480,genus,3,3,74325.6|1871086.275|13160.39,74325.6|1871086.275|13160.39,74325.6,Brevundimonas poindexterae,74325.6,Brevundimonas poindexterae,1,3,3,1|7|11,True,True,True,True,1.0
f2126d67d457c75787258130f49ef2e0,family,2,2,447060.29|2202144.446,447060.29|2202144.446,447060.29,uncultured Leptospiraceae bacterium,447060.29,uncultured Leptospiraceae bacterium,2,2,2,2|1,True,True,True,True,1.0
f22127d506a9def12c0d7c6dd59dcdc5,genus,1,1,1871068.10,1871068.10,1871068.10,Phyllobacteriaceae bacterium,1871068.10,Phyllobacteriaceae bacterium,1,1,1,1,True,True,True,True,1.0
f226dd72ff3982cfeb695ab4978f9e74,species,1,1,2480090.11,2480090.11,2480090.11,Sulfuritalea sp.,2480090.11,Sulfuritalea sp.,1,1,1,1,True,True,True,True,1.0
f22a0d5b01c90cf321a5f80092b35a46,species,1,1,418702.14,418702.14,418702.14,Azonexus hydrophilus,418702.14,Azonexus hydrophilus,1,1,1,1,True,True,True,True,1.0
f23d5b11821a421d5c38c070010cb605,species,1,1,2605990.3,2605990.3,2605990.3,Rhizobiales bacterium SYSU XM002,2605990.3,Rhizobiales bacterium SYSU XM002,1,1,1,1,True,True,True,True,1.0
f249323b4cc0f8f6af0316244be1a225,species,1,1,2502221.3,2502221.3,2502221.3,Sphingomonadaceae bacterium 3R27E2-A,2502221.3,Sphingomonadaceae bacterium 3R27E2-A,1,1,1,1,True,True,True,True,1.0
f250bd03136c616b24d3b836b4faf36f,species,2,2,1891241.450|86027.1370,1891241.450|86027.1370,1891241.450,Betaproteobacteria bacterium,1891241.450,Betaproteobacteria bacterium,1,2,2,1|4,True,True,True,True,1.0
f2554dd70468f7aecb2dfcbe82f88d49,species,2,2,3142262.4|1134435.5,3142262.4|1134435.5,3142262.4,Thauera sp. JM12B12,3142262.4,Thauera sp. JM12B12,1,2,2,1|2,True,True,True,True,1.0
f28c021b3fc876dccaf49ed4584c2056,genus,4,4,2818881.3|2818681.3|2849500.3|1977087.2128,2818881.3|2818681.3|2849500.3|1977087.2128,2818881.3,Microcoleus sp. Pol17_C1,2818881.3,Microcoleus sp. Pol17_C1,1,4,4,1|6|8|12,True,True,True,True,1.0
f28cbcd24727309d9f26770b85ffa676,species,1,1,1869212.157,1869212.157,1869212.157,Chitinophagaceae bacterium,1869212.157,Chitinophagaceae bacterium,1,1,1,1,True,True,True,True,1.0
f28f7d080cc8cb736adfbe87e4e10fde,family,2,2,2053306.302|1948670.3,2053306.302|1948670.3,2053306.302,Ignavibacteria bacterium,2053306.302,Ignavibacteria bacterium,1,2,2,1|4,True,True,True,True,1.0
f291b04e088de724fc023a7a2408b73f,genus,1,1,1946339.3,1946339.3,1946339.3,Chthonomonas sp. UBA2785,1946339.3,Chthonomonas sp. UBA2785,1,1,1,1,True,True,True,True,1.0
f294afc0a33d872a70bcfd54ef5bfa1f,family,1,1,2026724.1127,2026724.1127,2026724.1127,Chloroflexota bacterium,2026724.1127,Chloroflexota bacterium,1,1,1,1,True,True,True,True,1.0
f2a63c3cf7a7d4d5f1474c89d73df5ee,genus,1,1,861534.3,861534.3,861534.3,Flavisphingomonas formosensis,861534.3,Flavisphingomonas formosensis,1,1,1,1,True,True,True,True,1.0
f2b221225f3016df02961ae18026c31d,species,1,1,2837399.3,2837399.3,2837399.3,Chitinophagaceae bacterium LGM1,2837399.3,Chitinophagaceae bacterium LGM1,1,1,1,1,True,True,True,True,1.0
f2b4bc518e389388b710b16fb8fa4666,species,2,2,2053538.110|2026780.1498,2053538.110|2026780.1498,2053538.110,Candidatus Competibacteraceae bacterium,2053538.110,Candidatus Competibacteraceae bacterium,2,2,2,2|5,True,True,True,True,1.0
f2b4f2268468d9343b1aaf9055a9b7a3,family,1,1,2099675.277,2099675.277,2099675.277,Cyclobacteriaceae bacterium,2099675.277,Cyclobacteriaceae bacterium,1,1,1,1,True,True,True,True,1.0
f2baec2247327b7b9e4ecda2cdf3b604,species,1,1,1898104.2486,1898104.2486,1898104.2486,Bacteroidota bacterium,1898104.2486,Bacteroidota bacterium,1,1,1,1,True,True,True,True,1.0
f2c2e3b52d7d22fa29651035ee11ca23,species,1,1,2044936.833,2044936.833,2044936.833,Bacteroidia bacterium,2044936.833,Bacteroidia bacterium,1,1,1,1,True,True,True,True,1.0
f2cd13764c9588bd921f3a53138830da,species,2,2,1506.1047|1879010.10484,1506.1047|1879010.10484,1506.1047,Clostridium sp.,1506.1047,Clostridium sp.,1,2,2,1|3,True,True,True,True,1.0
f2e112501be5625111320cb72490fcc8,family,2,2,128785.61|69284.5,128785.61|69284.5,128785.61,Pseudoxanthomonas mexicana,128785.61,Pseudoxanthomonas mexicana,1,2,2,1|2,True,True,True,True,1.0
f2eca23f19e371515c5834d8d91556f2,genus,1,1,2741071.3,2741071.3,2741071.3,Pendulispora albinea,2741071.3,Pendulispora albinea,1,1,1,1,True,True,True,True,1.0
f34b66a0d03fa09eee1ae89ccef0e96e,species,2,2,3142262.4|1134435.5,3142262.4|1134435.5,3142262.4,Thauera sp. JM12B12,3142262.4,Thauera sp. JM12B12,1,2,2,1|2,True,True,True,True,1.0
f354f85b351a0c18267e9125a3d4d9d0,genus,2,2,1442595.3|239.704,1442595.3|239.704,1442595.3,Flavobacterium qiangtangense,1442595.3,Flavobacterium qiangtangense,1,2,2,1|4,True,True,True,True,1.0
f3722f94e968818c8ce7eb00783235a4,species,1,1,2202734.76,2202734.76,2202734.76,Saprospiraceae bacterium,2202734.76,Saprospiraceae bacterium,1,1,1,1,True,True,True,True,1.0
f3917d20358e35650a87db104fdd43a9,species,1,1,2595067.34,2595067.34,2595067.34,Methanotrichaceae archaeon,2595067.34,Methanotrichaceae archaeon,4,1,1,4,True,True,True,True,1.0
f39658bbde17b6b143ee6672035fa737,genus,2,2,2052143.893|34034.398,2052143.893|34034.398,2052143.893,Anaerolineae bacterium,2052143.893,Anaerolineae bacterium,2,2,2,2|3,True,True,True,True,1.0
f3a76dd353b02c53a186e575972c65da,species,1,1,3064265.5,3064265.5,3064265.5,Planctellipticum variicoloris,3064265.5,Planctellipticum variicoloris,1,1,1,1,True,True,True,True,1.0
f3af31787632a9a0a82052a23288342b,species,2,2,2053538.110|2026780.1498,2053538.110|2026780.1498,2053538.110,Candidatus Competibacteraceae bacterium,2053538.110,Candidatus Competibacteraceae bacterium,2,2,2,2|5,True,True,True,True,1.0
f3b0c1ca6db45b506fb047dbb5c1432b,species,2,2,2026735.1906|2660714.16,2026735.1906|2660714.16,2026735.1906,Deltaproteobacteria bacterium,2026735.1906,Deltaproteobacteria bacterium,1,2,2,1|2,True,True,True,True,1.0
f3b1980869485a394cf518ef70508f89,species,1,1,3103948.3,3103948.3,3103948.3,Algoriphagus aurantiacus,3103948.3,Algoriphagus aurantiacus,1,1,1,1,True,True,True,True,1.0
f3e3550d5c03f579839220110d88f60a,below,0,0,,,,,,,,0,0,,,,,,
f3e73ccdcf06f2af3fa5c6f5f7eb9e08,species,2,2,2987531.3|3039852.3,2987531.3|3039852.3,2987531.3,Methylocella sp. CPCC 101449,2987531.3,Methylocella sp. CPCC 101449,1,2,2,1|3,True,True,True,True,1.0
f3fb5ed0c67f27aea2cfa0a33509006f,genus,2,2,2582906.4|188475.4,2582906.4|188475.4,2582906.4,Holophaga sp.,2582906.4,Holophaga sp.,2,2,2,2|1,True,True,True,True,1.0
f408454f4aa37a0477ba00584219f4c4,species,2,2,2800415.25|2053538.22,2800415.25|2053538.22,2800415.25,Candidatus Competibacter sp.,2800415.25,Candidatus Competibacter sp.,1,2,2,1|3,True,True,True,True,1.0
f419f2e24f6748ba42642d8421774921,species,2,2,2211374.3|2823334.3,2211374.3|2823334.3,2211374.3,Candidatus Accumulibacter meliphilus,2211374.3,Candidatus Accumulibacter meliphilus,1,2,2,1|5,True,True,True,True,1.0
f450ca7f566c55323d6351dd9df2ae8e,species,1,1,1913989.6082,1913989.6082,1913989.6082,Gammaproteobacteria bacterium,1913989.6082,Gammaproteobacteria bacterium,1,1,1,1,True,True,True,True,1.0
f4515aec49362d788e907975b194704f,species,1,1,339340.63,339340.63,339340.63,uncultured Chitinophaga sp.,339340.63,uncultured Chitinophaga sp.,4,1,1,4,True,True,True,True,1.0
f463bf4516264912d662bfbc099c9417,family,1,1,2044944.17,2044944.17,2044944.17,Sphingobacteriales bacterium,2044944.17,Sphingobacteriales bacterium,1,1,1,1,True,True,True,True,1.0
f47b0cc139d67356ef010969e525072d,species,2,2,1952201.3|2026757.8,1952201.3|2026757.8,1952201.3,Leptospiraceae bacterium UBA2033,1952201.3,Leptospiraceae bacterium UBA2033,1,2,2,1|3,True,True,True,True,1.0
f47d09e305b7c24f34218afee259af75,genus,3,3,1977087.1003|1965277.3|2570190.3,1977087.1003|1965277.3|2570190.3,1977087.1003,Pseudomonadota bacterium,1977087.1003,Pseudomonadota bacterium,1,3,3,1|2|3,True,True,True,True,1.0
f487b59e64249c8b990dd593343c5f8a,species,1,1,2818769.3,2818769.3,2818769.3,Microcoleus sp. F8-C3,2818769.3,Microcoleus sp. F8-C3,2,1,1,2,True,True,True,True,1.0
f49e719f02c0660375d830dc5d3c8c6b,species,1,1,1446479.3,1446479.3,1446479.3,Arenimonas maotaiensis,1446479.3,Arenimonas maotaiensis,1,1,1,1,True,True,True,True,1.0
f4acc40b7b61bf7126ad84af26e93ed9,species,2,2,3016522.4|1785.630,3016522.4|1785.630,3016522.4,Mycobacterium sp. RTGN5,3016522.4,Mycobacterium sp. RTGN5,1,2,2,1|2,True,True,True,True,1.0
f54cc169cdfafaaa5a97d4a8bf99426a,species,1,1,1617422.4,1617422.4,1617422.4,Bacteroidetes bacterium OLB11,1617422.4,Bacteroidetes bacterium OLB11,1,1,1,1,True,True,True,True,1.0
f5566ce5d2e82ab6cf70839775530fd8,genus,1,1,1898104.640,1898104.640,1898104.640,Bacteroidota bacterium,1898104.640,Bacteroidota bacterium,1,1,1,1,True,True,True,True,1.0
f57b31d16f701f312e4e0ddc082a1d21,species,2,2,1940288.297|866510.136,1940288.297|866510.136,1940288.297,Ferruginibacter sp.,1940288.297,Ferruginibacter sp.,1,2,2,1|3,True,True,True,True,1.0
f5857bc7d5b5b75c8bcbf4aadc8c3343,genus,1,1,2030809.255,2030809.255,2030809.255,Candidatus Hydrogenedentota bacterium,2030809.255,Candidatus Hydrogenedentota bacterium,1,1,1,1,True,True,True,True,1.0
f592f089aaa06cfc34e0dde0f3603af1,species,1,1,1869337.100,1869337.100,1869337.100,Parabacteroides sp.,1869337.100,Parabacteroides sp.,1,1,1,1,True,True,True,True,1.0
f59f3a01a0348e8b0cc3f405cdf94203,genus,1,1,1513793.10,1513793.10,1513793.10,Pseudobacteriovorax antillogorgiicola,1513793.10,Pseudobacteriovorax antillogorgiicola,1,1,1,1,True,True,True,True,1.0
f5a5bc3fc7c2468c4930ee99c7749ed1,species,1,1,1906665.323,1906665.323,1906665.323,archaeon,1906665.323,archaeon,1,1,1,1,True,True,True,True,1.0
f5c0d18c86c21d26eadca328e829a02d,genus,1,1,2052139.1048,2052139.1048,2052139.1048,Patescibacteria group bacterium,2052139.1048,Patescibacteria group bacterium,1,1,1,1,True,True,True,True,1.0
f5c3d6e0f0fa60f13e39f7b39d67ca5a,species,1,1,147645.199,147645.199,147645.199,Paracoccus yeei,147645.199,Paracoccus yeei,1,1,1,1,True,True,True,True,1.0
f5e6f6570d4b64e72a67be50cd411508,species,2,2,2080302.1180|2201156.1160,2080302.1180|2201156.1160,2080302.1180,Acidimicrobiia bacterium,2080302.1180,Acidimicrobiia bacterium,1,2,2,1|2,True,True,True,True,1.0
f5ec59d59b201d9d82b91bbfb69dc2fc,genus,1,1,669455.3,669455.3,669455.3,Sediminibacterium magnilacihabitans,669455.3,Sediminibacterium magnilacihabitans,1,1,1,1,True,True,True,True,1.0
f5f09c7c006133dc3f8f0809267c3624,genus,1,1,2913411.5,2913411.5,2913411.5,Sandaracinobacteroides sayramensis,2913411.5,Sandaracinobacteroides sayramensis,1,1,1,1,True,True,True,True,1.0
f5f49532525ad668dd3e7197c6d6b8cc,genus,2,2,2049916.3|1869212.936,2049916.3|1869212.936,2049916.3,Rurimicrobium arvi,2049916.3,Rurimicrobium arvi,1,2,2,1|2,True,True,True,True,1.0
f5fa9fbd65bdbb793c8e0c123886e03c,species,1,1,453144.7,453144.7,453144.7,uncultured Luteimonas sp.,453144.7,uncultured Luteimonas sp.,1,1,1,1,True,True,True,True,1.0
f60423f493129b3e6e4e744c72febc29,genus,1,1,28141.181,28141.181,28141.181,Cronobacter sakazakii,28141.181,Cronobacter sakazakii,1,1,1,1,True,True,True,True,1.0
f6089b0177d78a08901f4ab8f0e2238f,genus,1,1,2052143.595,2052143.595,2052143.595,Anaerolineae bacterium,2052143.595,Anaerolineae bacterium,1,1,1,1,True,True,True,True,1.0
f6130786b2eb6d29d72208b977deb392,species,2,2,2053538.110|2026780.1498,2053538.110|2026780.1498,2053538.110,Candidatus Competibacteraceae bacterium,2053538.110,Candidatus Competibacteraceae bacterium,2,2,2,2|5,True,True,True,True,1.0
f655121153e2dae8eb32f474d19f1306,species,2,2,194843.939|2053589.824,194843.939|2053589.824,194843.939,uncultured Bacteroidales bacterium,194843.939,uncultured Bacteroidales bacterium,1,2,2,1|3,True,True,True,True,1.0
f6557ec717bb37df62d9fe95ddcde8bd,species,1,1,2026724.1154,2026724.1154,2026724.1154,Chloroflexota bacterium,2026724.1154,Chloroflexota bacterium,1,1,1,1,True,True,True,True,1.0
f67bfc33bddfbd4d03ce7ae694c2dcdc,species,1,1,477666.28,477666.28,477666.28,Bacteroides graminisolvens,477666.28,Bacteroides graminisolvens,1,1,1,1,True,True,True,True,1.0
f6853fce21233ee47ff85fd89fe1d7d0,species,1,1,2902720.28,2902720.28,2902720.28,Spirosomataceae bacterium,2902720.28,Spirosomataceae bacterium,1,1,1,1,True,True,True,True,1.0
f6bd7fd47ffec45beb857a6dd16af5dd,family,1,1,2026724.1154,2026724.1154,2026724.1154,Chloroflexota bacterium,2026724.1154,Chloroflexota bacterium,1,1,1,1,True,True,True,True,1.0
f6c20ccf3ad6113a85914407027b0600,species,1,1,2026724.1154,2026724.1154,2026724.1154,Chloroflexota bacterium,2026724.1154,Chloroflexota bacterium,1,1,1,1,True,True,True,True,1.0
f6d89fb1697f47c9700e581dc2f06f36,species,1,1,1792543.3,1792543.3,1792543.3,Thauera phenolivorans,1792543.3,Thauera phenolivorans,1,1,1,1,True,True,True,True,1.0
f7066351125639513e771ae51ce6b0ea,genus,1,1,2518609.101,2518609.101,2518609.101,Candidatus Nanopelagicaceae bacterium,2518609.101,Candidatus Nanopelagicaceae bacterium,1,1,1,1,True,True,True,True,1.0
f7156876c5d46766be6fe525ae8fefaa,species,1,1,2790688.13,2790688.13,2790688.13,uncultured Vicinamibacteraceae bacterium,2790688.13,uncultured Vicinamibacteraceae bacterium,1,1,1,1,True,True,True,True,1.0
f7186fb45866a0249fdd7907f2a829ca,below,0,0,,,,,,,,0,0,,,,,,
f7245695e0ff05d416b44662b23306ea,genus,1,1,1672391.378,1672391.378,1672391.378,uncultured Chloroflexia bacterium,1672391.378,uncultured Chloroflexia bacterium,1,1,1,1,True,True,True,True,1.0
f7250769b87e4ec3f36493cf1be28df8,species,1,1,2482790.55,2482790.55,2482790.55,Thermomicrobiales bacterium,2482790.55,Thermomicrobiales bacterium,1,1,1,1,True,True,True,True,1.0
f725bff64e47398109377d25f57c4055,species,2,2,350.3|49181.6,350.3|49181.6,350.3,Zoogloea ramigera,350.3,Zoogloea ramigera,1,2,2,1|2,True,True,True,True,1.0
f72a9daafa68f7bfbf97e0e4c600a3e7,family,1,1,2715255.5,2715255.5,2715255.5,Candidatus Sumerlaeia bacterium,2715255.5,Candidatus Sumerlaeia bacterium,1,1,1,1,True,True,True,True,1.0
f72aecfda76ca2e372a4a581de85ea45,genus,2,2,1953163.3|1977087.4909,1953163.3|1977087.4909,1953163.3,Bacteroidetes bacterium UBA5697,1953163.3,Bacteroidetes bacterium UBA5697,1,2,2,1|2,True,True,True,True,1.0
f72b0366cf4d314af395312e416b2c9b,genus,3,3,2026735.1906|2660714.16|34034.848,2026735.1906|2660714.16|34034.848,2026735.1906,Deltaproteobacteria bacterium,2026735.1906,Deltaproteobacteria bacterium,2,3,3,2|3|5,True,True,True,True,1.0
f73643818be77b42b6fa0d91aaa1032e,species,1,1,2692213.3,2692213.3,2692213.3,Chelativorans sp. ZYF759,2692213.3,Chelativorans sp. ZYF759,1,1,1,1,True,True,True,True,1.0
f73c78885c1751b8eb5df7dc3e9d2ecd,family,2,2,35789.16|35790.38,35789.16|35790.38,35789.16,Rickettsia helvetica,35789.16,Rickettsia helvetica,2,2,2,2|3,True,True,True,True,1.0
f74440ecf0b7196cc974c2b715fea832,species,2,2,453842.10|1966466.16,453842.10|1966466.16,453842.10,Paracoccus aestuarii,453842.10,Paracoccus aestuarii,1,2,2,1|2,True,True,True,True,1.0
f75560a57a6092deed578d96b4f52ed0,genus,2,2,91891.24|2992042.3,91891.24|2992042.3,91891.24,Legionella pneumophila,91891.24,Legionella pneumophila,1,2,2,1|19,True,True,True,True,1.0
f768afb4f2b0b704970be43064f39b76,species,1,1,2099678.82,2099678.82,2099678.82,Desulfuromonadales bacterium,2099678.82,Desulfuromonadales bacterium,1,1,1,1,True,True,True,True,1.0
f770d4bbf5a2d79f1d58501b41ecab1e,genus,1,1,1934341.25,1934341.25,1934341.25,Pseudorhodoplanes sp.,1934341.25,Pseudorhodoplanes sp.,1,1,1,1,True,True,True,True,1.0
f7715186ec4c22bd72753d2dcb17e796,species,1,1,2026723.10,2026723.10,2026723.10,Cellvibrionaceae bacterium,2026723.10,Cellvibrionaceae bacterium,1,1,1,1,True,True,True,True,1.0
f77b0d2585041bda6fc6c32a34efabfa,below,0,0,,,,,,,,0,0,,,,,,
f7812a0ecfce41bad44c8f8e5025f576,genus,1,1,2099675.289,2099675.289,2099675.289,Cyclobacteriaceae bacterium,2099675.289,Cyclobacteriaceae bacterium,1,1,1,1,True,True,True,True,1.0
f79974c87fa450c22a4cca89c58fa683,species,2,2,2015799.164|2682968.3,2015799.164|2682968.3,2015799.164,Hyphomicrobiaceae bacterium,2015799.164,Hyphomicrobiaceae bacterium,1,2,2,1|2,True,True,True,True,1.0
f79c0b2a68abff32e588de44affa5a95,genus,1,1,1869212.1142,1869212.1142,1869212.1142,Chitinophagaceae bacterium,1869212.1142,Chitinophagaceae bacterium,1,1,1,1,True,True,True,True,1.0
f7a251a489ac21c2f7921e6e7f357480,species,1,1,86027.1120,86027.1120,86027.1120,uncultured beta proteobacterium,86027.1120,uncultured beta proteobacterium,1,1,1,1,True,True,True,True,1.0
f7a2b1d6d2852f698815c65986568b68,species,1,1,2053589.824,2053589.824,2053589.824,Minisyncoccota bacterium,2053589.824,Minisyncoccota bacterium,1,1,1,1,True,True,True,True,1.0
f7c82a03c1d8a5b263c4aebc23906961,species,2,2,3228749.3|3043854.3,3228749.3|3043854.3,3228749.3,Massilia sp. SR12,3228749.3,Massilia sp. SR12,1,2,2,1|4,True,True,True,True,1.0
f7e3570953c4fb24f9d2550b9ba28ce9,family,1,1,3034171.47,3034171.47,3034171.47,Polyangiales bacterium,3034171.47,Polyangiales bacterium,1,1,1,1,True,True,True,True,1.0
f7ec6b0b555c4937326fa022eba5cc40,genus,1,1,2283092.265,2283092.265,2283092.265,Pyrinomonadaceae bacterium,2283092.265,Pyrinomonadaceae bacterium,1,1,1,1,True,True,True,True,1.0
f7f76d9c0fc0c29167e4b3569420ec4b,genus,1,1,2030806.133,2030806.133,2030806.133,Burkholderiaceae bacterium,2030806.133,Burkholderiaceae bacterium,1,1,1,1,True,True,True,True,1.0
f84354d0576a74ba1d002c8dad230f26,species,2,2,2053538.110|2026780.1498,2053538.110|2026780.1498,2053538.110,Candidatus Competibacteraceae bacterium,2053538.110,Candidatus Competibacteraceae bacterium,2,2,2,2|5,True,True,True,True,1.0
f845a109e224e0c5a8933f152d0c7a68,genus,2,2,2053615.200|2026792.214,2053615.200|2026792.214,2053615.200,Spirochaetia bacterium,2053615.200,Spirochaetia bacterium,1,2,2,1|4,True,True,True,True,1.0
f86e4e85aad39b874e531be8848dcb97,species,1,1,2054177.129,2054177.129,2054177.129,Christensenellaceae bacterium,2054177.129,Christensenellaceae bacterium,1,1,1,1,True,True,True,True,1.0
f876caf52e4104f0cc8ab4d479208703,family,2,2,2448782.97|2482790.202,2448782.97|2482790.202,2448782.97,Chloroflexia bacterium,2448782.97,Chloroflexia bacterium,1,2,2,1|2,True,True,True,True,1.0
f884e7c97aec0344c47316cb3f0b27bf,species,2,2,2922717.5|2730080.3,2922717.5|2730080.3,2922717.5,Fundidesulfovibrio agrisoli,2922717.5,Fundidesulfovibrio agrisoli,1,2,2,1|3,True,True,True,True,1.0
f884f4f031b6e1a5efbbc64b8a1ee0cb,species,1,1,2053589.824,2053589.824,2053589.824,Minisyncoccota bacterium,2053589.824,Minisyncoccota bacterium,1,1,1,1,True,True,True,True,1.0
f88f337aa8f1cc8561f6b5636b8ad5b0,species,1,1,1869212.1179,1869212.1179,1869212.1179,Chitinophagaceae bacterium,1869212.1179,Chitinophagaceae bacterium,1,1,1,1,True,True,True,True,1.0
f898c7a8c566d0beb46d5448dde2387c,species,2,2,2782641.4|3341829.3,2782641.4|3341829.3,2782641.4,Bradyrhizobium sp. 170,2782641.4,Bradyrhizobium sp. 170,1,2,2,1|2,True,True,True,True,1.0
f8b8054859951df3c0593ba759b10654,species,0,0,,,,,,,,0,0,,,,,,
f8bbc78ccf7d748d3964cecf53b2e17f,species,0,0,,,,,,,,0,0,,,,,,
f8bd00e321b6463732465090b2b56c43,genus,1,1,2283092.265,2283092.265,2283092.265,Pyrinomonadaceae bacterium,2283092.265,Pyrinomonadaceae bacterium,1,1,1,1,True,True,True,True,1.0
f8c6b690b4df9c6d9beba18e8aba8285,family,1,1,244582.8,244582.8,244582.8,Candidatus Paracaedibacter symbiosus,244582.8,Candidatus Paracaedibacter symbiosus,1,1,1,1,True,True,True,True,1.0
f8c9c4f42f6641d5e0f5b67ff8bb8964,species,2,2,2912794.5|332186.150,2912794.5|332186.150,2912794.5,Shewanella sp. SM23,2912794.5,Shewanella sp. SM23,1,2,2,1|3,True,True,True,True,1.0
f8d136857b296b4233cd0d1576fc22c4,family,1,1,1914239.7,1914239.7,1914239.7,uncultured Gemmataceae bacterium,1914239.7,uncultured Gemmataceae bacterium,1,1,1,1,True,True,True,True,1.0
f8dbe4cd50f3320d3d8da40554b9a3e0,family,2,2,2715253.196|77133.3915,2715253.196|77133.3915,2715253.196,Pirellulales bacterium,2715253.196,Pirellulales bacterium,1,2,2,1|2,True,True,True,True,1.0
f8e0faa0efb532934d600f4216fe24a9,species,1,1,2307179.21,2307179.21,2307179.21,Plasticicumulans sp.,2307179.21,Plasticicumulans sp.,1,1,1,1,True,True,True,True,1.0
f8ec439cb9f26e97be2793df3c52b03d,species,2,2,1004901.3|1733.3944,1004901.3|1733.3944,1004901.3,Gordonia iterans,1004901.3,Gordonia iterans,1,2,2,1|4,True,True,True,True,1.0
f8f0c664ff7039f9883ef5a392b9a63e,species,0,0,,,,,,,,0,0,,,,,,
f8f5fc272c3ae6ac42dd0e943cd9433d,genus,1,1,460511.50,460511.50,460511.50,uncultured Spirochaetota bacterium,460511.50,uncultured Spirochaetota bacterium,1,1,1,1,True,True,True,True,1.0
f9064f30857bcc580608baa5095caa79,species,0,0,,,,,,,,0,0,,,,,,
f907b40986fcf9458591c20a4873f291,species,1,1,1872588.6,1872588.6,1872588.6,Aquimonas sp.,1872588.6,Aquimonas sp.,3,1,1,3,True,True,True,True,1.0
f910521f470e554eb2c696d3e4c9643b,genus,1,1,464461.3,464461.3,464461.3,uncultured Parachlamydiaceae bacterium,464461.3,uncultured Parachlamydiaceae bacterium,2,1,1,2,True,True,True,True,1.0
f91a09ad47dbee057274e3a636c4e6cc,family,1,1,1869212.1069,1869212.1069,1869212.1069,Chitinophagaceae bacterium,1869212.1069,Chitinophagaceae bacterium,1,1,1,1,True,True,True,True,1.0
f92027005027149166108809508ce86c,species,2,2,3142262.4|1134435.5,3142262.4|1134435.5,3142262.4,Thauera sp. JM12B12,3142262.4,Thauera sp. JM12B12,1,2,2,1|2,True,True,True,True,1.0
f92d01b3a5b97368d03de1c629565442,species,2,2,3156612.4|2820278.3,3156612.4|2820278.3,3156612.4,Xanthobacter sp. KR7-65,3156612.4,Xanthobacter sp. KR7-65,1,2,2,1|2,True,True,True,True,1.0
f93aefdeb5ecb8c02693c1d62a7ab132,genus,1,1,1962667.5,1962667.5,1962667.5,Nannocystis sp.,1962667.5,Nannocystis sp.,2,1,1,2,True,True,True,True,1.0
f960451beb4695239e6f884ffa67e045,genus,1,1,91750.3259,91750.3259,91750.3259,uncultured Alphaproteobacteria bacterium,91750.3259,uncultured Alphaproteobacteria bacterium,1,1,1,1,True,True,True,True,1.0
f97212fdb1d05b1db87d93e5499a22fa,genus,3,3,2053554.123|1869227.5033|2052139.2193,2053554.123|1869227.5033|2052139.2193,2053554.123,Candidatus Falkowbacteria bacterium,2053554.123,Candidatus Falkowbacteria bacterium,4,3,3,4|1|2,True,True,True,True,1.0
f97732f947e35b614231156c82fe1aed,genus,1,1,2053591.65,2053591.65,2053591.65,Planctomycetales bacterium,2053591.65,Planctomycetales bacterium,1,1,1,1,True,True,True,True,1.0
f97f07e18807b58676b39bac2dfe4adf,family,1,1,2952883.45,2952883.45,2952883.45,Aggregatilineales bacterium,2952883.45,Aggregatilineales bacterium,1,1,1,1,True,True,True,True,1.0
f99255233bfa2b9c3c1dcb4113913925,species,2,2,1751046.3|2026762.55,1751046.3|2026762.55,1751046.3,Fluviibacter phosphoraccumulans,1751046.3,Fluviibacter phosphoraccumulans,1,2,2,1|3,True,True,True,True,1.0
f99505f44cb418007af689cfcf75262b,genus,1,1,2026782.168,2026782.168,2026782.168,Porticoccaceae bacterium,2026782.168,Porticoccaceae bacterium,1,1,1,1,True,True,True,True,1.0
f9adeee2b342e3416dbb34a61e7d15cb,genus,1,1,2067065.3,2067065.3,2067065.3,Aquella oligotrophica,2067065.3,Aquella oligotrophica,1,1,1,1,True,True,True,True,1.0
f9c316c14a1d8b4da0c17e4df8a643bf,species,1,1,2021370.137,2021370.137,2021370.137,Sphingobacteriaceae bacterium,2021370.137,Sphingobacteriaceae bacterium,1,1,1,1,True,True,True,True,1.0
f9cc37deff6bb923ded87a99b5de76df,below,0,0,,,,,,,,0,0,,,,,,
f9db2ceb51711cd5c8db8c618015232c,species,1,1,2762020.9,2762020.9,2762020.9,Candidatus Sericytochromatia bacterium,2762020.9,Candidatus Sericytochromatia bacterium,1,1,1,1,True,True,True,True,1.0
f9f53074a6c8961816c9e43749745bf3,genus,1,1,1977087.4909,1977087.4909,1977087.4909,Pseudomonadota bacterium,1977087.4909,Pseudomonadota bacterium,1,1,1,1,True,True,True,True,1.0
f9f7c2ae5f4bda29a7a0b5735d0b14a9,species,2,2,2053538.110|2026780.1498,2053538.110|2026780.1498,2053538.110,Candidatus Competibacteraceae bacterium,2053538.110,Candidatus Competibacteraceae bacterium,2,2,2,2|5,True,True,True,True,1.0
fa056a5c91b0b397027112ce824c8563,species,1,1,2053589.824,2053589.824,2053589.824,Minisyncoccota bacterium,2053589.824,Minisyncoccota bacterium,1,1,1,1,True,True,True,True,1.0
fa06aefbd97af183e718f035c5f14d7e,species,1,1,100233.307,100233.307,100233.307,uncultured Planctomycetaceae bacterium,100233.307,uncultured Planctomycetaceae bacterium,1,1,1,1,True,True,True,True,1.0
fa0b4b96e91f00b5d2d7e7fb615d6536,species,1,1,1909296.55,1909296.55,1909296.55,Marmoricola sp.,1909296.55,Marmoricola sp.,1,1,1,1,True,True,True,True,1.0
fa1dd707401ef7b8d0f0aae044f3d9e7,below,0,0,,,,,,,,0,0,,,,,,
fa1e51c0442f8e2b8f4b117edbd5e21e,family,1,1,1869212.1069,1869212.1069,1869212.1069,Chitinophagaceae bacterium,1869212.1069,Chitinophagaceae bacterium,1,1,1,1,True,True,True,True,1.0
fa21ba243656bcb4bbe55f9d053866be,family,1,1,2053517.45,2053517.45,2053517.45,Bdellovibrionales bacterium,2053517.45,Bdellovibrionales bacterium,1,1,1,1,True,True,True,True,1.0
fa35a6084a13dc1875937e93c265a4a9,species,1,1,1969813.25,1969813.25,1969813.25,Nevskiaceae bacterium,1969813.25,Nevskiaceae bacterium,1,1,1,1,True,True,True,True,1.0
fa39c2a4d08d23c45083c0261b4ed91a,species,1,1,456163.4,456163.4,456163.4,Thermus parvatiensis,456163.4,Thermus parvatiensis,1,1,1,1,True,True,True,True,1.0
fa43aa3ed03653465b419f65ab5fbd3d,below,0,0,,,,,,,,0,0,,,,,,
fa6c6569f1f1673751761db62cf27b0f,genus,1,1,2052186.144,2052186.144,2052186.144,Limisphaerales bacterium,2052186.144,Limisphaerales bacterium,1,1,1,1,True,True,True,True,1.0
fa6e2a515d6b2a2357bbfffaa9cbf8d5,genus,5,5,2944810.8|167065.5|49181.6|44139.8|1134435.5,2944810.8|167065.5|49181.6|44139.8|1134435.5,2944810.8,Thauera sp. GDN1,2944810.8,Thauera sp. GDN1,1,5,5,1|2|8|10|12,True,True,True,True,1.0
fa7c87fa4b9a4e257a04cbb761dd77b9,genus,3,3,82.61|2015799.213|91750.4570,82.61|2015799.213|91750.4570,82.61,Hyphomicrobium sp.,82.61,Hyphomicrobium sp.,1,3,3,1|3|2,True,True,True,True,1.0
fa9fbb999b6dce3b6d340cb2f75ad0cb,species,2,2,1179225.8|262208.9,1179225.8|262208.9,1179225.8,Kocuria atrinae,1179225.8,Kocuria atrinae,1,2,2,1|4,True,True,True,True,1.0
fab2c4c54cd5034675223cf06e3eb8c2,genus,1,1,1447062.4,1447062.4,1447062.4,Paradevosia tibetensis,1447062.4,Paradevosia tibetensis,1,1,1,1,True,True,True,True,1.0
faceaa2c1288cd7dd869572e7769059f,species,1,1,77133.3915,77133.3915,77133.3915,uncultured bacterium,77133.3915,uncultured bacterium,1,1,1,1,True,True,True,True,1.0
fad0e84c666985e18e90c2e3a6406e4e,species,2,2,128785.61|69284.5,128785.61|69284.5,128785.61,Pseudoxanthomonas mexicana,128785.61,Pseudoxanthomonas mexicana,1,2,2,1|2,True,True,True,True,1.0
fad86f2c9eef9bf0128d6c19142e04f2,species,1,1,370973.3,370973.3,370973.3,Runella defluvii,370973.3,Runella defluvii,1,1,1,1,True,True,True,True,1.0
fadfcb2a169d7f594a74663c40c0393c,genus,2,2,777.450|1592897.25,777.450|1592897.25,777.450,Coxiella burnetii,777.450,Coxiella burnetii,1,2,2,1|5,True,True,True,True,1.0
fae2a25362bf097e32b56b01e0348de7,genus,3,3,446.1230|28082.25|3367288.3,446.1230|28082.25|3367288.3,446.1230,Legionella pneumophila,446.1230,Legionella pneumophila,1,3,3,1|6|17,True,True,True,True,1.0
faed5829e9b0680f2aa8d50878a9ea7a,genus,2,2,3003134.3|1868589.3,3003134.3|1868589.3,3003134.3,Phreatobacter sp. AB_2022a,3003134.3,Phreatobacter sp. AB_2022a,1,2,2,1|9,True,True,True,True,1.0
fb04336833c15b688d620cedba437d37,genus,1,1,2026791.265,2026791.265,2026791.265,Bryobacterales bacterium,2026791.265,Bryobacterales bacterium,1,1,1,1,True,True,True,True,1.0
fb6cd592b88be07aa51c7c83221bc8d1,species,1,1,2026749.200,2026749.200,2026749.200,Ignavibacteriota bacterium,2026749.200,Ignavibacteriota bacterium,1,1,1,1,True,True,True,True,1.0
fb6dd49810d7bcec66ba58b44e2b6d54,species,2,2,2995142.3|128785.61,2995142.3|128785.61,2995142.3,Pseudoxanthomonas sp. SL93,2995142.3,Pseudoxanthomonas sp. SL93,1,2,2,1|2,True,True,True,True,1.0
fb9d8df11e01ae4c33acac6db5a518b8,genus,1,1,91750.3719,91750.3719,91750.3719,uncultured Alphaproteobacteria bacterium,91750.3719,uncultured Alphaproteobacteria bacterium,1,1,1,1,True,True,True,True,1.0
fb9e8b69b404c05a14170a68e1112cf3,family,2,2,2746922.7|2567971.3,2746922.7|2567971.3,2746922.7,Candidatus Paracaedibacteraceae bacterium,2746922.7,Candidatus Paracaedibacteraceae bacterium,3,2,2,3|2,True,True,True,True,1.0
fbabb6bdccabc77bf74e2eb712c2a399,genus,1,1,636.240,636.240,636.240,Edwardsiella tarda,636.240,Edwardsiella tarda,1,1,1,1,True,True,True,True,1.0
fbd329abd34c84c740b5c7e645e0c5c1,species,1,1,2872636.3,2872636.3,2872636.3,Nitratidesulfovibrio sp. SRB-5,2872636.3,Nitratidesulfovibrio sp. SRB-5,1,1,1,1,True,True,True,True,1.0
fbe42b7ff0f281c56c26f35193918ef2,genus,1,1,2053589.824,2053589.824,2053589.824,Minisyncoccota bacterium,2053589.824,Minisyncoccota bacterium,1,1,1,1,True,True,True,True,1.0
fbeddbab501d54bfb228fca29bb06685,species,1,1,2026801.182,2026801.182,2026801.182,Verrucomicrobiales bacterium,2026801.182,Verrucomicrobiales bacterium,1,1,1,1,True,True,True,True,1.0
fc04e16197c57fb88b24928cfe61521f,family,1,1,2026724.1148,2026724.1148,2026724.1148,Chloroflexota bacterium,2026724.1148,Chloroflexota bacterium,1,1,1,1,True,True,True,True,1.0
fc0fcef044c7c05752561a414f0c7823,genus,1,1,2885219.3,2885219.3,2885219.3,Eubacteriales bacterium OttesenSCG-928-M02,2885219.3,Eubacteriales bacterium OttesenSCG-928-M02,1,1,1,1,True,True,True,True,1.0
fc18b5bf8508db5c0d079858236b9aa5,family,2,2,254247.3|86473.1959,254247.3|86473.1959,254247.3,Aquicella siphonis,254247.3,Aquicella siphonis,5,2,2,5|2,True,True,True,True,1.0
fc1de2785e1120c08b5ef3873f9f748d,species,2,2,69392.197|165438.3,69392.197|165438.3,69392.197,Stenotrophomonas sp.,69392.197,Stenotrophomonas sp.,3,2,2,3|1,True,True,True,True,1.0
fc47c14ce772666e246b84aad171b237,species,2,2,3054952.5|193384.3,3054952.5|193384.3,3054952.5,Galbitalea sp. SE-J8,3054952.5,Galbitalea sp. SE-J8,1,2,2,1|4,True,True,True,True,1.0
fc4b4ede676dbd265c08b7b2a83a30f9,genus,1,1,416016.4,416016.4,416016.4,Flavobacterium cucumis,416016.4,Flavobacterium cucumis,1,1,1,1,True,True,True,True,1.0
fc57ac568755634d4c7823e05857b4db,family,1,1,1869227.2032,1869227.2032,1869227.2032,bacterium,1869227.2032,bacterium,1,1,1,1,True,True,True,True,1.0
fc58749507ce3af19d3161a1be8de483,species,0,0,,,,,,,,0,0,,,,,,
fc59a416633564a518ce45237867427d,species,1,1,1934341.25,1934341.25,1934341.25,Pseudorhodoplanes sp.,1934341.25,Pseudorhodoplanes sp.,1,1,1,1,True,True,True,True,1.0
fc77b6329439fa3c5b2e72bc704130c8,species,0,0,,,,,,,,0,0,,,,,,
fc903414934574b58a67fdb153d9745e,species,1,1,2006848.55,2006848.55,2006848.55,Opitutaceae bacterium,2006848.55,Opitutaceae bacterium,1,1,1,1,True,True,True,True,1.0
fc979a3d6f3edaeee8cdd1882d670153,family,2,2,1869227.2999|86473.3049,1869227.2999|86473.3049,1869227.2999,bacterium,1869227.2999,bacterium,1,2,2,1|3,True,True,True,True,1.0
fc9e566f2653026b3d0245d065e03c95,species,2,2,1929293.5|77133.6370,1929293.5|77133.6370,1929293.5,Ideonella sp.,1929293.5,Ideonella sp.,3,2,2,3|4,True,True,True,True,1.0
fca1d8388db7a02fea61a34c0027e30a,genus,3,3,2781738.3|1121003.3|1872579.14,2781738.3|1121003.3|1872579.14,2781738.3,Aquamicrobium zhengzhouense,2781738.3,Aquamicrobium zhengzhouense,1,3,3,1|2|3,True,True,True,True,1.0
fcb77940913773931f63fcde2771f087,genus,1,1,100233.319,100233.319,100233.319,uncultured Planctomycetaceae bacterium,100233.319,uncultured Planctomycetaceae bacterium,1,1,1,1,True,True,True,True,1.0
fcd440ee90ed7a838d67a52025c2c7d6,genus,1,1,1672391.467,1672391.467,1672391.467,uncultured Chloroflexia bacterium,1672391.467,uncultured Chloroflexia bacterium,1,1,1,1,True,True,True,True,1.0
fcd92e76d4e8d4a91d2ef4b335acfa07,genus,1,1,344338.1252,344338.1252,344338.1252,uncultured Bacillota bacterium,344338.1252,uncultured Bacillota bacterium,1,1,1,1,True,True,True,True,1.0
fcda9e65450e2de3ea0744f9e7ae22c3,species,1,1,2026724.1154,2026724.1154,2026724.1154,Chloroflexota bacterium,2026724.1154,Chloroflexota bacterium,1,1,1,1,True,True,True,True,1.0
fd0ce7302df4a3ab548245c90f171199,genus,1,1,2026780.1751,2026780.1751,2026780.1751,Planctomycetota bacterium,2026780.1751,Planctomycetota bacterium,1,1,1,1,True,True,True,True,1.0
fd0eefdbb8eac639e219e5a10045e1bd,species,2,2,2976818.4|2053589.809,2976818.4|2053589.809,2976818.4,Cloacibacterium sp. TD35,2976818.4,Cloacibacterium sp. TD35,1,2,2,1|2,True,True,True,True,1.0
fd2617e136858372d64805e3069f3631,genus,1,1,2053541.247,2053541.247,2053541.247,Cytophagales bacterium,2053541.247,Cytophagales bacterium,1,1,1,1,True,True,True,True,1.0
fd2fe0e6a6ee4691e5cb86fcca9c13bf,species,1,1,1898104.640,1898104.640,1898104.640,Bacteroidota bacterium,1898104.640,Bacteroidota bacterium,1,1,1,1,True,True,True,True,1.0
fd4628b0eff039908d2aeb7c5bb7442d,species,1,1,1898112.201,1898112.201,1898112.201,Rhodospirillaceae bacterium,1898112.201,Rhodospirillaceae bacterium,1,1,1,1,True,True,True,True,1.0
fd544124fae503d43c4d629a0c11fc84,genus,2,2,1211326.4|1899569.4,1211326.4|1899569.4,1211326.4,Spirosoma aerolatum,1211326.4,Spirosoma aerolatum,2,2,2,2|1,True,True,True,True,1.0
fd66e5cb637048d13c8d0f0bece6c831,genus,1,1,2589815.3,2589815.3,2589815.3,Amaricoccus solimangrovi,2589815.3,Amaricoccus solimangrovi,1,1,1,1,True,True,True,True,1.0
fd780915f34981a09828deec7e10d4a6,species,1,1,2026720.101,2026720.101,2026720.101,Candidatus Saccharimonadota bacterium,2026720.101,Candidatus Saccharimonadota bacterium,1,1,1,1,True,True,True,True,1.0
fda4498f7bd367c0d4588f376d35d6e5,family,1,1,2715255.5,2715255.5,2715255.5,Candidatus Sumerlaeia bacterium,2715255.5,Candidatus Sumerlaeia bacterium,1,1,1,1,True,True,True,True,1.0
fdc664639ba2f8551a6f2e16e60c3b84,below,0,0,,,,,,,,0,0,,,,,,
fdc79ae75ef7a93d75fcde6e5b7a0597,family,1,1,2073117.45,2073117.45,2073117.45,Anaerolineales bacterium,2073117.45,Anaerolineales bacterium,1,1,1,1,True,True,True,True,1.0
fdcfc0c50b3671d51fe6350c528ac361,species,2,2,1898104.3528|194843.5070,1898104.3528|194843.5070,1898104.3528,Bacteroidota bacterium,1898104.3528,Bacteroidota bacterium,1,2,2,1|2,True,True,True,True,1.0
fdfc9e69d2e2c637b744e8c0eb8904cb,genus,1,1,1513793.10,1513793.10,1513793.10,Pseudobacteriovorax antillogorgiicola,1513793.10,Pseudobacteriovorax antillogorgiicola,1,1,1,1,True,True,True,True,1.0
fe051e59e14fa137ce10efc82c87a8b8,genus,1,1,229919.9,229919.9,229919.9,Anaerolinea thermolimosa,229919.9,Anaerolinea thermolimosa,2,1,1,2,True,True,True,True,1.0
fe160087a3a8a3707871141b627e6360,species,1,1,2233776.5,2233776.5,2233776.5,Pedobacter chitinilyticus,2233776.5,Pedobacter chitinilyticus,2,1,1,2,True,True,True,True,1.0
fe25ba66d8b2c596ab3be543cbc652eb,species,1,1,69284.5,69284.5,69284.5,Pseudoxanthomonas japonensis,69284.5,Pseudoxanthomonas japonensis,1,1,1,1,True,True,True,True,1.0
fe28f11bcfd77852edc4f8f330c7b0f9,species,2,2,3142262.4|1134435.5,3142262.4|1134435.5,3142262.4,Thauera sp. JM12B12,3142262.4,Thauera sp. JM12B12,1,2,2,1|2,True,True,True,True,1.0
fe33204168f404b9301ff9438d769004,genus,1,1,2045305.6,2045305.6,2045305.6,Ghiorsea sp.,2045305.6,Ghiorsea sp.,1,1,1,1,True,True,True,True,1.0
fe44050c8de144b1182d62e632a65c06,species,1,1,1619076.4,1619076.4,1619076.4,candidate division TM6 bacterium GW2011_GWE2_42_60,1619076.4,candidate division TM6 bacterium GW2011_GWE2_42_60,1,1,1,1,True,True,True,True,1.0
fe56f7c1f58db9cb329d5f5740d74841,species,1,1,2610843.4,2610843.4,2610843.4,Siculibacillus sp.,2610843.4,Siculibacillus sp.,1,1,1,1,True,True,True,True,1.0
fe6adc859cb6229f93bef2c93b198742,genus,1,1,2053517.330,2053517.330,2053517.330,Bdellovibrionales bacterium,2053517.330,Bdellovibrionales bacterium,1,1,1,1,True,True,True,True,1.0
fe7961f6b376e71eee6d9dfa41aff981,genus,2,2,2268199.318|34034.689,2268199.318|34034.689,2268199.318,Polyangiaceae bacterium,2268199.318,Polyangiaceae bacterium,3,2,2,3|2,True,True,True,True,1.0
fe7eb51fa1d2b0c98f8ec5192e72bd53,species,2,2,3142262.4|1134435.5,3142262.4|1134435.5,3142262.4,Thauera sp. JM12B12,3142262.4,Thauera sp. JM12B12,1,2,2,1|2,True,True,True,True,1.0
fe7f1896964d75be40696d4e739be186,genus,1,1,2026729.128,2026729.128,2026729.128,Cytophagaceae bacterium,2026729.128,Cytophagaceae bacterium,1,1,1,1,True,True,True,True,1.0
fe9a37c2b5043c05f56bcd7c0c9c04e4,species,1,1,2448779.36,2448779.36,2448779.36,Chitinophagales bacterium,2448779.36,Chitinophagales bacterium,1,1,1,1,True,True,True,True,1.0
fec75f0a326ca2109737f9519e71d3c1,genus,1,1,91915.55,91915.55,91915.55,Asaia bogorensis,91915.55,Asaia bogorensis,1,1,1,1,True,True,True,True,1.0
fed17791a05567e9bdb322310ebc1c6a,species,1,1,2480090.10,2480090.10,2480090.10,Sulfuritalea sp.,2480090.10,Sulfuritalea sp.,1,1,1,1,True,True,True,True,1.0
fed8b75ffa9893d014a67b36fa432b90,genus,1,1,2033014.110,2033014.110,2033014.110,Armatimonadota bacterium,2033014.110,Armatimonadota bacterium,1,1,1,1,True,True,True,True,1.0
fedc8a0e7384249dee0621cdda749f0f,species,2,2,511108.17|34028.125,511108.17|34028.125,511108.17,Ottowia pentelensis,511108.17,Ottowia pentelensis,2,2,2,2|3,True,True,True,True,1.0
fef34e7fa03c36381857511c7755324d,species,2,2,1977087.3137|1892844.3,1977087.3137|1892844.3,1977087.3137,Pseudomonadota bacterium,1977087.3137,Pseudomonadota bacterium,2,2,2,2|3,True,True,True,True,1.0
fef8ab0f116be8ded389acc2b5816343,genus,1,1,2026735.822,2026735.822,2026735.822,Deltaproteobacteria bacterium,2026735.822,Deltaproteobacteria bacterium,1,1,1,1,True,True,True,True,1.0
fefd01a50efd5746e1c88e5b758abcb5,species,1,1,2026724.1158,2026724.1158,2026724.1158,Chloroflexota bacterium,2026724.1158,Chloroflexota bacterium,1,1,1,1,True,True,True,True,1.0
ff025d0d1e4e8d1718a1b0c819e09393,species,1,1,187319.32,187319.32,187319.32,uncultured Fibrobacterota bacterium,187319.32,uncultured Fibrobacterota bacterium,1,1,1,1,True,True,True,True,1.0
ff129d6dfce92e3a89f7c227ca3e4f98,species,2,2,2026724.1897|2073117.844,2026724.1897|2073117.844,2026724.1897,Chloroflexota bacterium,2026724.1897,Chloroflexota bacterium,1,2,2,1|2,True,True,True,True,1.0
ff12b39a75c0ec5f091f5a49c5864806,family,1,1,1869212.1069,1869212.1069,1869212.1069,Chitinophagaceae bacterium,1869212.1069,Chitinophagaceae bacterium,2,1,1,2,True,True,True,True,1.0
ff13ef7366a8d5e07ad3fe7d115ebf27,family,2,2,128785.61|69284.5,128785.61|69284.5,128785.61,Pseudoxanthomonas mexicana,128785.61,Pseudoxanthomonas mexicana,1,2,2,1|2,True,True,True,True,1.0
ff1bd8113a59e63cbb44713fe3645ed6,species,2,2,192843.24|50421.54,192843.24|50421.54,192843.24,Rhodoferax ferrireducens,192843.24,Rhodoferax ferrireducens,1,2,2,1|2,True,True,True,True,1.0
ff21626b31f0151d45ccdf6beaa26d73,species,2,2,50421.331|1977087.1360,50421.331|1977087.1360,50421.331,Rhodoferax sp.,50421.331,Rhodoferax sp.,1,2,2,1|2,True,True,True,True,1.0
ff26b8874f132b75d595e0ddbb7ba4b1,genus,1,1,2545255.22,2545255.22,2545255.22,Nannocystaceae bacterium,2545255.22,Nannocystaceae bacterium,1,1,1,1,True,True,True,True,1.0
ff2db4e8634af784e822887fd8eae6f1,genus,1,1,166.784,166.784,166.784,Treponema sp.,166.784,Treponema sp.,1,1,1,1,True,True,True,True,1.0
ff6c120ca49882408496efd65510fcbb,genus,4,4,3073604.4|1529005.24|589035.6|2545756.3,3073604.4|1529005.24|589035.6|2545756.3,3073604.4,Ruixingdingia sedimenti,3073604.4,Ruixingdingia sedimenti,1,4,4,1|2|3|6,True,True,True,True,1.0
ffc2cde45c0eb1ce17b81e9d1fa7da65,genus,1,1,1977087.4365,1977087.4365,1977087.4365,Pseudomonadota bacterium,1977087.4365,Pseudomonadota bacterium,1,1,1,1,True,True,True,True,1.0
fffb548b9cfb26a983c6fcbb3663c2bb,species,1,1,77133.3915,77133.3915,77133.3915,uncultured bacterium,77133.3915,uncultured bacterium,1,1,1,1,True,True,True,True,1.0
