asv,asv_len,midas_genus,best_hit_organism,best_cosine,naive_best_cosine,genus_concordant,novel,best_taxon_id,best_n_genomes
0fec351445f84bd482075ceda6123f46,378,,Methanobacterium sp. MBAC-LM,1.0,0.9902,False,False,3412034.0,1
63f37ee4b481fccdffca10160ed5b944,378,,Methanobrevibacter arboriphilus A2,1.0,0.9927,False,False,39441.0,3
7f78afb7e1d45cd528fe9cd909c93fb5,378,,Methanobacterium sp. YSL,1.0,0.9893,False,False,2841655.0,1
b64cf0e9dea8cef6b9500b364c179b98,372,,Burkholderia pseudomallei 490f,1.0,0.9961,False,False,28450.0,3272
c55a8101fb6c187736f0af61f720cb92,370,,Lentimicrobium saccharophilum strain TBC1,0.999,0.9922,False,False,1678841.0,1
8466f2635d9fbf9c51a04877474f3d09,372,,Alcaligenes pakistanensis KUR1110,1.0,0.9941,False,False,1482717.0,3
83adaf3a09d08c93f2abea6a4c815592,370,,Petrimonas sp. IBARAKI,1.0,0.9932,False,False,1978337.0,5
35dbde30af820a2c3bcd85216229ad6a,378,,Methanosarcina barkeri 227,1.0,0.9824,False,False,1434106.0,22
04869be25e3dc4d526ce3824d407aedf,371,,Aminivibrio pyruvatiphilus strain DSM 25964,1.0,0.9912,False,False,1005740.0,1
25c54c57b4a4283237b33fdae82003c0,372,,Candidatus Cloacimonetes bacterium strain M1-B19,0.998,0.9907,False,False,2030808.0,3
a039c1ac15b3f4bc5cf1db8a5f1cc0fd,371,,Terrisporobacter petrolearius ELB,1.0,0.9961,False,False,1460447.0,9
38b371de3be6ddef03bea94294e9830d,378,,Methanobacterium movens JCM 15415,1.0,0.9912,False,False,493461.0,2
37a9f9625f201b6e61c29ac09ec54683,374,,Gracilibacter sp. BRH_c7a,0.9971,0.9951,False,False,1734398.0,1
c571cb007a7d9e2dfc56e8c0b4e24104,373,,Citrobacter braakii K1125,1.0,0.9946,False,False,57706.0,2646
d3cf08daefed96f494257ceff63a6cf8,373,,Synergistaceae bacterium CTOTU7657,1.0,0.9839,False,False,2053624.0,1
b3d8bf326297fb9b18ea4fef1ce8d4a6,371,,Cupidesulfovibrio sp. SRB-5,1.0,0.9883,False,False,2872636.0,10
a5b2537343a26f4daf0379a8b46eb2ef,371,,bacterium 5-aug_S3_029,1.0,0.9907,False,False,1869227.0,1
e6485d233ed2b8b9a2f3f50f0747b9d2,370,,Porphyromonadaceae bacterium NLAE-zl-C104,1.0,0.9912,False,False,1855399.0,2
09ee5eb3e6c726c7c8242f6e97453fc2,378,,Methanobacterium formicicum strain Mb9,1.0,0.9902,False,False,2162.0,5
4c31c3e198534eab45b6d92b61f75b10,371,,Paraclostridium bifermentans strain DSM 14991,1.0,0.9971,False,False,1490.0,80
be9dcf562f0ab066c0b252d527a42d19,371,,Romboutsia lituseburensis MY01,0.9995,0.9961,False,False,1537.0,4
e75fd72fb216d3d4c964602d8c338f65,374,,Enterococcus faecium CCP465,1.0,0.9956,False,False,1352.0,8740
430c875622713c0d7662add2d8e7db60,370,,Desulfovibrio carbinolicus strain DSM 3852,1.0,0.9902,False,False,296842.0,1
e29f9ab1342fe7d53d4f1e2d03bb5969,371,,bacterium 5-aug_S3_029,1.0,0.9902,False,False,1869227.0,1
e144d237c973d831d708cac2c17df968,366,,uncultured Acetobacterium sp. a0d58640-2bdf-407d-bedf-8d20b14cd168,1.0,0.9956,False,False,217139.0,18
ec92f6331d8ecb50e3f0dee8fbf3bcb0,370,,Rikenellaceae bacterium CA_44,1.0,0.9897,False,False,2049048.0,1
6aa300d5323cbf75dc53cec3e6acb87c,374,,Candidatus Cloacimonadota bacterium USMO_maxbin.063_sub,0.999,0.9932,False,False,2030808.0,2
8e6faab8acc1bdcba46f098a739aec14,372,,Massilibacterium senegalense strain mt8,0.9995,0.9917,False,False,1632858.0,2
160417c8184691818a991a146e5402d7,372,,Massilibacterium senegalense strain MGYG-HGUT-01511,0.998,0.9897,False,False,1632858.0,2
d42912a22b570ab99938b745999ae2cc,370,,uncultured Bacteroides sp. MGYG-HGUT-03363,1.0,0.9951,False,False,162156.0,2
b7806c4f83108800a9c32dc83c148d95,369,,Candidatus Uhrbacteria bacterium AMX-MBFR-16,1.0,0.9937,False,False,2053634.0,2
4bea53b2aad77f2569a0182f6b84255e,370,,Dysgonomonas mossii strain 19428wE4_P11,1.0,0.9956,False,False,163665.0,13
472fdc0687378563f0c9da6da7638e1a,374,,Stenotrophomonas acidaminiphila CTOTU49681,1.0,0.9941,False,False,128780.0,11
93fadef301b62aa732e42bf1142b3afa,370,,uncultured candidate division WWE3 bacterium SRR6007446_bin.103_CONCOCT_v1.1_MAG,0.9995,0.9937,False,False,422285.0,1
da47a34fd036b068ca0c5eaf185e2082,372,,Synergistales bacterium UFZ-4H10,0.9985,0.9922,False,False,2268201.0,10
765b69d9c4313cc8630769db523cc54c,373,,uncultured Oscillibacter sp. strain UMGS1273,1.0,0.9956,False,False,876091.0,4
e9e060e5e0e46911cad92b8292aeefd7,374,,Proteiniclasticum ruminis strain ML2,1.0,0.9946,False,False,398199.0,2
29b313a5262947210e3e9de415abaead,372,,Ochrobactrum sp. A-1,1.0,0.9937,False,False,2920940.0,82
ea156f972cd3802c3fac147e4200ba7a,370,,Bacteroidales bacterium 6865eb80-0167-452b-a26f-3b1968b004fa,0.9976,0.9917,False,False,2030927.0,1
01bc6f144e0f577c7a5364ebafdb3509,365,,[Clostridium] innocuum strain I46,0.9976,0.9941,False,False,1522.0,10
3343d19c0bc1759a66023cbc86c92592,373,,Candidatus Cloacimonadaceae bacterium SO_2017_CLC_73,0.9995,0.9888,False,False,3064664.0,2
0709277372b3816e3986842fb10c8e96,370,,Proteiniphilum sp. STA_37,0.9995,0.9932,False,False,1926877.0,5
a061d8883eca2028db1d268500722130,373,,Candidatus Cloacimonadaceae bacterium SO_2017_CLC_73,0.999,0.9893,False,False,3064664.0,2
a82691ab5fd4e8d3d3b23b7958c8e764,374,,Ruminiclostridium sp. strain MnB_11,0.9937,0.9897,False,False,2053608.0,1
181a2b6fbc1d5f5de022772f08fb875c,373,,Pseudoflavonifractor sp. Marseille-P3106 strain Marseille-P3106,0.998,0.9951,False,False,1871015.0,1
28f1a500a5a6ebd1cede9322b50bcaad,374,,Firmicutes bacterium strain THP_Bin_10,1.0,0.9912,False,False,1879010.0,1
5976a56adfe903f7348b5eb5689e3c55,370,,Bacteroidales bacterium MB20-C3-3,0.9976,0.9917,False,False,3108503.0,3
ff6f97ce50ea01298f8e58b53b97d489,373,,Acinetobacter sp. 5254fb5e-ffb1-44dc-93a9-3377016d251e,1.0,0.9941,False,False,472.0,342
499a635c6e7dcd5c8ef518302aa50011,370,,Lascolabacillus massiliensis strain SIT8,1.0,0.9937,False,False,1627894.0,5
4b50be28c2cc7c6a4dbc6300155c5218,372,,Brevundimonas sp. NCCP 15609 2003-09-23,1.0,0.9937,False,False,3021811.0,98
19463e5fe824700110e4a4ec8afe0512,378,,uncultured archaeon CTOTU39356,0.9995,0.9917,False,False,115547.0,2
cd05a4b1cda569ae366c6980823f4c72,374,,Uliginosibacterium sp. H1,0.998,0.9951,False,False,3114757.0,1
c7553191e309cfc2e28aea2507e7afdf,371,,Anaerovoracaceae bacterium 4d0eff97-7de3-49ad-953d-66426f0db4f8,0.9995,0.9951,False,False,3030912.0,2
9feda0d620fa50b57ce3f848e1b48975,372,,Delftia tsuruhatensis HA60,1.0,0.9961,False,False,180282.0,98
07e00e1bcc9d9a3c50591f721785e591,374,,Bacillota bacterium MAG288,0.9951,0.9893,False,False,1879010.0,1
28b5f35cfb5f0516e5e5f896428abdcd,372,,Aquamicrobium lusatiense D-9,1.0,0.9932,False,False,89772.0,4
113b0d8ebf97fc5aba85fa06ecfdbb1a,374,,Candidatus Darwinibacter acetoxidans M4B_bin34,0.998,0.9937,False,False,3082383.0,1
cd1f95189b8375347f827f4a8b08dcf7,369,,Gudongella sp. M17C-05,0.9995,0.9951,False,False,2692384.0,5
a402fc6f0fd057decbe746f48bf12862,370,,Petrimonas sp. IBARAKI,0.9995,0.9927,False,False,1978337.0,5
793ecb5ed65cd96425a35698e8ab9e78,373,,Cronobacter dublinensis strain cro3214W,0.9995,0.9951,False,False,413497.0,1
1f4fb4bfdca6c9d13106ed533362a62e,374,,Desulfitobacterium hafniense strain MGYG-HGUT-01388,1.0,0.9941,False,False,49338.0,3
e8e82cf023a3abd684fe7e817acc9bf0,374,,Christensenellales bacterium AnMBR.bin514,0.9995,0.9888,False,False,3083246.0,1
5631fe818e588992529f6071afc9cda5,374,,Clostridia bacterium binned_ad_5.133,0.9971,0.9922,False,False,2044939.0,1
deb262fd92af4fdcd3b6240303048b2a,374,,Burkholderiales bacterium Beta_02,0.9995,0.9897,False,False,1674888.0,4
58b2cf308363fb35b932620518786116,371,,Proteiniborus ethanoligenes strain DSM 21650,1.0,0.9956,False,False,415015.0,1
a353b92733af5260a57dd1a0ba3001e1,378,,Methanobacterium movens JCM 15415,0.9995,0.9917,False,False,493461.0,1
abaecd8b82d14efc7ccc4dcb7f864cba,369,,Pseudomonadaceae bacterium CTOTU49256,1.0,0.9893,False,False,1914538.0,1
43a52ec4605b37f3671b33e61ff6fedd,370,,Bacteroidetes bacterium 41-46,0.9976,0.9917,False,False,1895922.0,1
b4eac52cfa36ce63f24be2fc530ad204,370,,Bacteroidetes bacterium 5-aug_S3_006,0.9995,0.9932,False,False,1898104.0,2
f63e76a4ce2cd0f7f39e8195d8302dcf,374,,Enterococcus faecium CCP465,1.0,0.9956,False,False,1352.0,8740
d863bc6a2fa6a8a93787e45a6abe3304,374,,Stenotrophomonas maltophilia JV3,0.9995,0.9946,False,False,868597.0,78
4adbf4beb8d2b17f63b543e4d9aa39b6,370,,uncultured candidate division WWE3 bacterium SRR6007446_bin.103_CONCOCT_v1.1_MAG,1.0,0.9937,False,False,422285.0,1
52708c2cfa926ba9b2f69878c97cee2c,372,,Stappia sp. WLB29,1.0,0.9941,False,False,2925220.0,14
efbade8cc54695abfc5c07f21eecb6e7,373,,Mycobacteroides abscessus subsp. abscessus strain 1130,1.0,0.9922,False,False,1185650.0,99
bb617d32673d5f60d6216a07ad7a42bc,371,,Desulfovibrio psychrotolerans strain JS1,0.9995,0.9883,False,False,415242.0,1
206069e5a5041e6c7f39a4141aefdc19,374,,uncultured Eubacteriales bacterium O89_L4_395395_idba_bin.134,0.9985,0.9893,False,False,172733.0,4
89d1d4064aa11fd1f3efb8e1345c813f,374,,Ruminiclostridium sp. strain MnB_11,0.9941,0.9902,False,False,2053608.0,1
a49becf5a5dbcb201f091757c62fc6bb,373,,Cronobacter dublinensis strain cro3214W,0.9995,0.9912,False,False,413497.0,1
d02e8e093df5064814273f652473189e,373,,Intestinimonas sp. CLA-AA-H199,0.998,0.9893,False,False,2881257.0,6
d48429274cd09a4257ad8b24c009e8fd,370,,Bacteroidales bacterium 6E,0.9961,0.9907,False,False,1688776.0,1
0b736ddea36ed16291fa058fe28061f8,372,,Firmicutes bacterium strain MES11,0.9951,0.9907,False,False,1879010.0,1
7d537f12eaa3231c2c2b58b74901051c,374,,Firmicutes bacterium Bin_53,0.9956,0.9902,False,False,1879010.0,1
5cb2b4186e2e95521540e2ccbafcb4c9,371,,Nitratidesulfovibrio sp. 1201_IL3209,1.0,0.9878,False,False,3084053.0,1
659d1fe872c9b31a9e0b81eef5ca6218,375,,Pelotomaculum schinkii strain HH,0.9976,0.9873,False,False,78350.0,2
a43c475502b54cdee1385dcca3109bfe,373,,[Clostridium] celerecrescens 18A,1.0,0.9946,False,False,1286362.0,11
e1382120e151d51cb3b3b6900845f1c8,371,,Desulfomicrobium sp. ZS1,0.9995,0.9922,False,False,2952228.0,10
19083703874fec5c0e976f6ca4fa6bc9,375,,Rhodococcus ruber strain WS3521,0.9995,0.9927,False,False,1830.0,108
868a2dd217365ddd6d6ab64d48aeed4a,374,,Bacillota bacterium LX-D,0.9956,0.9937,False,False,3072787.0,2
21ceeb224e15175f0c85797abce40d0a,372,,Achromobacter denitrificans strain FDAARGOS_787 strain Not applicable,1.0,0.9932,False,False,32002.0,30
de329304e57f0e32da3a08e64625a2e1,373,,Oscillospiraceae bacterium CM18GR63 CM18GR_63,0.998,0.9951,False,False,3085305.0,4
dc9b83b9dbf521d0d0b0e1576e44d06a,374,,Proteiniphilum sp. SO_2017_CLC_125,0.9897,0.9839,False,False,1926877.0,1
fa0525ece71fa3362210e904b24a9b62,374,,Firmicutes bacterium strain THP_Bin_10,0.9995,0.9922,False,False,1879010.0,1
04e715f54c06e9ccf25afba02b343b5c,373,,Syntrophomonadaceae bacterium strain B1Sed10_75,0.9927,0.9873,False,False,2093811.0,1
3badde1c4760a921d723409ee05fead0,371,,Anaerobaculum sp. S15,1.0,0.9829,False,False,2529858.0,1
09383f3babfd32418e7ba07634680e12,372,,Pannonibacter sp. TSB10GB1,0.9995,0.9946,False,False,2003583.0,13
66575db7635d648549a9eb5a4eafb710,376,,Armatimonadetes bacterium strain Ch33,0.9951,0.9858,False,False,2033014.0,1
df94cb7c1f51d6e7df4a969d561b0a4d,377,,Actinobacteria bacterium strain HK-STAS-ACTI-17,1.0,0.9883,False,False,1883427.0,4
3679eb1918d142d7e468ea32c2f42595,372,,Bosea sp. BK498,1.0,0.9961,False,False,2512178.0,9
ac9e79a82beb3b70c0c7193fff0a8524,371,,Anaerovoracaceae bacterium f78f2883-c260-4f33-9859-2a80832d1289,0.998,0.9941,False,False,3030912.0,1
ec716420b2bb28ff5cfc5b19edbe2dfa,372,,Achromobacter xylosoxidans OI64,1.0,0.9932,False,False,85698.0,331
cb08126894ac0c8eeddc7b86d1ab1eb9,374,,Bacillota bacterium LX-D,0.998,0.9927,False,False,3072787.0,2
42655605abb4cc7bd5f1be954adf23b0,374,,Ruminiclostridium sp. strain MnB_11,0.9966,0.9888,False,False,2053608.0,1
b47908de018aea1744738eba767e1034,369,,Anaerosalibacter sp. Marseille-P3206 strain Marseille-P3206,0.9995,0.9941,False,False,1871005.0,1
6e50cfec46931f3d8e0af8e75af55b43,373,,Lawsonibacter sp. OA9,0.9976,0.9951,False,False,2914163.0,9
0eff2f70a09cbdfd1a1684adcb990931,372,,Provencibacterium massiliense strain MGYG-HGUT-02410,1.0,0.9888,False,False,1841868.0,4
f876e4d5cbaa6ac5f3c225bcaf146791,375,,anaerobic bacterium MO-CFX2,0.9932,0.9878,False,False,913108.0,1
dcc552ee0bfe584a9f79fd3d7893047f,373,,Pseudomonas caeni strain Isolate_2,0.998,0.9917,False,False,521720.0,1
b180a2455b236c103cf0bfe620095736,371,,Romboutsia sp. CE17,1.0,0.9971,False,False,2724150.0,24
5040d210b906c738569bf1c3505ad558,374,,Clostridium sp. strain L1_008_000M1_dasL1_008_000M1_concoct_27,1.0,0.9893,False,False,1506.0,1
c05932b0e9b0bcf5f076c8971c6bab60,373,,Clostridiales bacterium LB2,0.9961,0.9917,False,False,2731377.0,1
db5aaacffe4ca31116f5b0e292074588,373,,uncultured Selenomonadales bacterium MFD04492.bin.2.38,0.9966,0.9897,False,False,1387507.0,1
212e304679f170a464d2616b3f94a250,372,,Oscillospiraceae bacterium MB24-C1,1.0,0.9932,False,False,3070655.0,4
6322c84c5ee6585bf9973a931d8f279d,374,,Eubacteriales bacterium SUG2561,0.9995,0.9937,False,False,2831996.0,1
e1c573f885ed4c9191a32116f583d78a,374,,Armatimonadota bacterium USMO_maxbin.175,0.9941,0.9888,False,False,2033014.0,1
3487ee381e9bba57861b67ac3936d665,373,,Pseudomonas sp. JS15-10A1,1.0,0.9922,False,False,2078689.0,2
a5ea8c2ae0dc9882cf9358924dd4f453,370,,Cronobacter dublinensis strain cro2915W,0.9985,0.9868,False,False,413497.0,1
89dfaf0aa4a8af8e27a826ba8dd97044,369,,Sporanaerobacter sp. UW_FK_SPOR1_1,1.0,0.9941,False,False,2010183.0,4
e357ec372ce3fdd9cc473b8f57edc002,374,,Clostridia bacterium strain INTA.CYC.057,1.0,0.9888,False,False,2044939.0,1
9711e5e56376fe411f8d9ca9e739c6f1,374,,Christensenellaceae bacterium c84a42d1-d9c9-443e-85ff-73520b584de8,0.998,0.9927,False,False,2054177.0,1
7281c911136ba2bdcafebb9c71729dea,378,,Methanomicrobiales archaeon E05-015,0.999,0.9912,False,False,2184052.0,1
acb819d2b09f090ba6c3112028bbc54b,374,,Thermoleophilia bacterium AnMBR.bin237,1.0,0.9932,False,False,2026888.0,4
492422c8881f2e782fccb0225f1c68ab,372,,bacterium SGD-2,1.0,0.9917,False,False,2713607.0,3
2f5695c1563063d2b821ab2eecfa3bd3,373,,Pseudomonas caeni strain Isolate_2,0.998,0.9922,False,False,521720.0,1
8db3a14ae839a3bee50b9a192c59f8f9,373,,Oscillospiraceae bacterium STF2_30,0.998,0.9917,False,False,2485925.0,1
01a7c19fe64d4300e6e5a8a7280a10bb,372,,Comamonas jiangduensis 4-AB0-8,1.0,0.9971,False,False,1194168.0,14
8ebc39e79a930b5db089420489c40543,371,,Sphaerochaeta associata GLS2,1.0,0.9844,False,False,1129264.0,3
6075255b58efbd350ad34112f80f970a,374,,Candidatus Contubernalis alkalaceticum Z-7904,0.9971,0.9907,False,False,338645.0,1
0e9cc4c909306f5a9562d84888902e09,374,,Armatimonadota bacterium Uz-U4-35,0.9951,0.9907,False,False,2033014.0,2
b26eb5a5ca6820d220d5433b1cffa5e6,373,,Sphingopyxis sp. NFH-91,1.0,0.9883,False,False,2744457.0,5
7f1023e871bcd3a4f7ac96f3a40c9a8d,370,,Firmicutes bacterium OH_CFB_145,1.0,0.9951,False,False,1879010.0,5
afd6038f44400cf165c3d637f88be98a,371,,Clostridiales bacterium BAD-6,0.999,0.9946,False,False,2818044.0,1
fc7dec198c007a0622c9acba71b1edb1,371,,Sphaerochaeta globosa str. Buddy,0.999,0.9854,False,False,158189.0,1
894d5f2608f2a0e9e3bf2499f1cc6130,373,,Atribacter sp. AnMBR.bin213,1.0,0.9814,False,False,2847780.0,3
496ed1835247fa310353bd53160fad4a,375,,Coriobacteriia bacterium strain KA18,0.9971,0.9912,False,False,2052159.0,1
6dfb10e6d92b2c7ec87175ad560bed2e,375,,uncultured Actinomycetota bacterium MFD03975.bin.2.193,1.0,0.9932,False,False,3039803.0,16
d96a2ea1b09f080f66ce79b9ddfa768e,372,,Hyphomicrobiales bacterium 3-JJ_aug_S1_052,1.0,0.9932,False,False,1909294.0,1
5a6520a634bb27352c524ba237fd0d64,365,,Erysipelotrichaceae bacterium RS262_metabat.bin.6,0.9985,0.9941,False,False,2049044.0,1
bdc8f8a67a910d09965f2c9975bb00c8,374,,Thermoclostridium caenicola strain DSM 19027,0.9971,0.9912,False,False,659425.0,1
f59f09ec54e73f740708fa68eeb78a8c,370,,Lentimicrobium sp. CTOTU40361,1.0,0.9888,False,False,2034841.0,5
08ea1c9b9d368cd6d9bfeb8857e90315,374,,Arthrospira platensis SPKY2,0.9995,0.9897,False,False,3122438.0,2
0f312394fc32d16cfdca183b11aad4ad,373,,Enterocloster bolteae VE303-01,1.0,0.9946,False,False,208479.0,53
0c488eee4c6d02abb4e34df3ec16a09b,375,,Aeromicrobium sp. strain bin3,1.0,0.9917,False,False,1871063.0,1
c39f594d9d2493b66260c1f7503e5ea1,378,,Methanobacteriaceae archaeon CTOTU40153,1.0,0.9824,False,False,2099680.0,9
acfe0924c0f9c6ca3720854b5b458d54,374,,Stenotrophomonas acidaminiphila strain ZAC14D2_NAIMI4_2,1.0,0.9941,False,False,128780.0,31
e79a45f432d0ccc86adbf9bbe7cef2a7,374,,Thiobacillus sp. SCUT-2,1.0,0.9902,False,False,3110231.0,3
a84e1039f9b157a2085d23b4114bc888,374,,Armatimonadota bacterium Uz-U4-35,0.9946,0.9902,False,False,2033014.0,2
e4486fa2f00016fa6078468bfe73bb89,369,,Tissierella praeacuta strain NCTC11158,1.0,0.9951,False,False,43131.0,5
4c7b0d554a1103b7872deded4bccb4ea,374,,Clostridia bacterium 80130c35-1b44-45cf-b5f4-dec04e696a57,0.9961,0.9932,False,False,2044939.0,1
4ced6b735a53af484d0cf4f620846dcd,371,,Dehalogenimonas sp. W,0.9951,0.9888,False,False,2005070.0,1
ab2050607cb3fe172ea918d5a17a46c7,372,,Aquamicrobium defluvii strain DSM 11603,1.0,0.9922,False,False,69279.0,1
02809af9a001c44a58624822e0e44569,369,,Firmicutes bacterium OH_SDB_161,0.998,0.9956,False,False,1879010.0,1
69dee006368ff49af541d111152b40c6,370,,Thermotogales bacterium Thermo_01,1.0,0.9917,False,False,1674910.0,1
d3156233792852376762d588f607ac71,372,,Clostridium polyendosporum strain JCM 30710,0.998,0.9941,False,False,69208.0,1
e6141036b0768b50c8079ce8ba7222f9,374,,Azonexus hydrophilus strain Isolate_3,1.0,0.9927,False,False,418702.0,1
4f3989d95e7611bb6b5307454d75d3ce,370,,Anaerolineaceae bacterium maxbin2.bin.9,0.9985,0.9922,False,False,2024896.0,1
1d4b9f3ddf33afdf5308213897846090,374,,Chloroflexi bacterium UR.bin95,1.0,0.9902,False,False,2026724.0,7
1d33e98c9d94c262ab0d8b56d0936eb4,372,,Hydrogenophaga sp. SO_2017_LW2_128,1.0,0.9927,False,False,1904254.0,1
179e72f0ecdfeb920df685432f3f2d1a,370,,Edaphocola sp. MAG_CPA_31,0.9995,0.9888,False,False,2601698.0,1
a27f37aae2a34101f8a61c6f0b1cd246,369,,Clostridium aceticum strain DSM 1496,1.0,0.9937,False,False,84022.0,1
92f305372628ccbd74b7b28b933d306b,370,,uncultured candidate division WWE3 bacterium SRR6007446_bin.103_CONCOCT_v1.1_MAG,0.9995,0.9937,False,False,422285.0,1
00e66df34e257e501593d8fab7b76b0d,373,,[Clostridium] symbiosum ET58,1.0,0.9941,False,False,1512.0,82
0d1f62d4f2f7227766a17f0340567129,374,,Candidatus Darwinibacter acetoxidans M4B_bin34,0.998,0.9946,False,False,3082383.0,1
8c86a02bd0f2c7a90bb40b735577a623,365,,Candidatus Desulforudis sp. strain J_13,0.9976,0.9922,False,False,,1
8c740d5ca21893b47c7619df1247c75d,374,,Christensenellales bacterium AnMBR.bin225,0.9985,0.9917,False,False,3083246.0,1
e1abbababbc410f2f1faa24f6ccbc7f9,374,,Alkalihalobacterium chitinilyticum MEB 203,1.0,0.9951,False,False,2980103.0,4
3d34374d81a96ce4972b93ef5dae9b82,373,,Thiopseudomonas sp. CY1220,0.9985,0.9922,False,False,3041622.0,2
0f4c04cefd226f6854ad0fbc2a2de226,372,,Camelimonas lactis CCM 7696,1.0,0.9917,False,False,659006.0,3
405dff4269ebcff0dbc2d5c0c63a1ee3,374,,Ruminiclostridium sp. strain MnB_11,0.9966,0.9893,False,False,2053608.0,1
99daab1404e1c027be5dce96473d53ab,373,,Flavonifractor sp. DFI.6.63,1.0,0.9927,False,False,2963704.0,7
945e47119242497c2e0bc5b3c6b6ba8e,371,,Aminiphilus circumscriptus DSM 16581,1.0,0.9902,False,False,1304874.0,1
a19152d55f42fc72a3a0f985d2615aab,374,,Desulfuromonas acetexigens strain DSM 1397,1.0,0.9907,False,False,38815.0,3
1ad05a58bf23396d80f11695ad750b75,374,,Geobacter anodireducens R1Feb2020-bin.17,1.0,0.9927,False,False,1340425.0,6
b24e75b90cb37f9b407738a392646776,379,,Methanobacterium sp. SBF912LR0HQ0213,1.0,0.9829,False,False,2164.0,1
9adabf530b49244e64c1142cf42a502a,373,,Evtepia gabavorous 17-1_61,0.9946,0.9878,False,False,2211183.0,10
4835c874610f20a02421b283dbe2f2b6,374,,Christensenellales bacterium AnMBR.bin500,0.999,0.9951,False,False,3083246.0,1
60da7a21ae2997bc70a9730fd8151a29,374,,Clostridium peptidivorans strain src2,1.0,0.9956,False,False,100174.0,2
ee14afe4571845779465f8dc9646c7b4,374,,uncultured Clostridia bacterium SRR5024280_bin.45_CONCOCT_v1.1_MAG,0.9976,0.9927,False,False,244328.0,1
2c452b25c7f3c62be462d8f47ed179e3,374,,uncultured delta proteobacterium MFD00905.bin.2.105,0.999,0.9937,False,False,34034.0,1
0138936a169c4a0914606cedbcd38fa6,377,,Candidatus Nanopelagicales bacterium AS_Ams2_Bin44,0.999,0.9912,False,False,2518612.0,2
15c0fe41b25c6504b8dbe48ae72283d0,374,,Spirochaetaceae bacterium 4-aug_S1_010,1.0,0.9888,False,False,1898206.0,2
b64f2cd0b47a6548ebe2077c728b213f,370,,Bacteroidetes bacterium 5-aug_S3_006,1.0,0.9937,False,False,1898104.0,2
09304de7bcdde93714df6d4800a79b4d,375,,Terriglobales bacterium SMAG_U9582,1.0,0.9927,False,False,2282142.0,81
f42aeaf1c13130f1fdfc8bafa43ded29,372,,Diaphorobacter sp. C33,1.0,0.9976,False,False,3060154.0,13
a53b7a494838590a5600a018277e55ea,375,,Gordonia sihwensis RL-BY03,1.0,0.9932,False,False,173559.0,26
1da23dee00520d2c9e0e21bac4a70bca,374,,Arthrospira platensis SPKY2,1.0,0.9902,False,False,3122438.0,2
20823322077cf511c8eff4f0840466fd,374,,Stenotrophomonas acidaminiphila strain ZAC14D2_NAIMI4_2,1.0,0.9941,False,False,128780.0,31
aa9c5ae2ec6da55f30edd92e3de37eff,374,,Desulfitobacterium hafniense strain MGYG-HGUT-01388,0.9995,0.9937,False,False,49338.0,3
dbbd92eb5552c552aab4544c331ac6e2,370,,Hydrogenoanaerobacterium saccharovorans strain CGMCC 1.5070,1.0,0.9922,False,False,474960.0,2
c88944b6267ea10d43d5ee264d29ae94,371,,Sinanaerobacter sp. ZZT-01,0.9985,0.9883,False,False,3111540.0,4
a01649ff3a222398d49af46d04781535,376,,Actinomycetaceae bacterium L2_0104,1.0,0.9907,False,False,3114290.0,1
d081020b6bdf3bf279b93bd42598e1e1,373,,Oscillibacter sp. CTOTU46994,1.0,0.9946,False,False,1945593.0,2
fd28148d0cd2eca274f8a3bb38944793,373,,Lachnospiraceae bacterium bin.692,0.998,0.9961,False,False,1898203.0,3
f3c13bc899928e8043766ca73a046487,374,,Desulfitobacterium hafniense strain MGYG-HGUT-01388,0.999,0.9946,False,False,49338.0,3
0e487ab2d5669f87e21a4c0c09d8d952,372,,Ruminococcaceae bacterium Marseille-P2935,0.9951,0.9888,False,False,1852383.0,1
f61f4c9b8258738ad3ee7663e43e7907,373,,bacterium 210820-DFI.5.26,0.998,0.9897,False,False,2883291.0,19
fbb4d97e016a3fae74e1e3b81805e48e,374,,uncultured Eubacteriales bacterium O89_L4_395395_idba_bin.134,0.998,0.9893,False,False,172733.0,4
924ba8e00fb9f76de6bf217aac8ca9d4,374,,Pelotomaculum terephthalicicum JT,0.9941,0.9902,False,False,947009.0,1
76ef356d895e6434580f18ab74a63e6c,365,,uncultured Clostridium sp. strain ERR260200-bin.19,0.9912,0.9888,False,False,59620.0,1
4e4ca97fadb8b8e92470ccce2ff91460,374,,Dehalobacterium formicoaceticum strain DMC,0.999,0.9941,False,False,51515.0,1
b65ddb808f41ed58f0a87829f790124c,370,,Burkholderiales bacterium UW1SPNA077,1.0,0.9883,False,False,1891238.0,7
5ab9c9baf340ca93a35be10b4a5b294a,374,,Firmicutes bacterium OH_PDB_197,1.0,0.9922,False,False,1879010.0,1
80b0dd7e363e6128b4335d08d57b5618,373,,Clostridia bacterium strain SM1-B15.1,1.0,0.9902,False,False,2044939.0,1
f23be2076b7f3e2088503d4841c51f06,374,,Gracilibacter sp. BRH_c7a,0.998,0.9941,False,False,1734398.0,1
22a4e0f758de753ed7e9463edeed304c,374,,Oscillospiraceae bacterium LBM23126,1.0,0.9927,False,False,3381350.0,1
fe74d2e267ad3ebb8fbfe24bbb464049,368,,uncultured Mollicutes bacterium SRR2175768_bin.38_CONCOCT_v1.1_MAG,0.9951,0.9907,False,False,220137.0,1
9afd475513b0a626050fef80f7d864d4,378,,Methanobacterium movens JCM 15415,0.9995,0.9912,False,False,493461.0,2
678452b1266654469afd6625a7ec25f5,374,,Candidatus Brocadia sp. strain SB37,0.9985,0.9907,False,False,2172549.0,1
1f1ff56fd37c5c9b1a9ac7b1d99e10b0,374,,Solirubrobacterales bacterium CTOTU2467,0.999,0.9951,False,False,1909295.0,2
ebef4f7d86a3b71b870100599f233ff8,374,,Christensenellaceae bacterium d7c23e02-40a4-4312-836d-43190f2e112a,0.9985,0.9922,False,False,2054177.0,2
8bc8eb4392eecf9f922bfb55df2c4144,371,,Romboutsia lituseburensis MY01,0.9995,0.9966,False,False,1537.0,4
2e707ae206fd30644537a8329e2b9476,374,,Desulfobotulus sp. H1,0.998,0.9878,False,False,2823377.0,1
49d8ed77132802ef1ad7036f31e0117a,368,,uncultured Bacteroidales bacterium SRR6425747_bin.33_CONCOCT_v1.1_MAG,0.9971,0.9937,False,False,194843.0,1
61d14f45268668061628d7a7990641b2,374,,uncultured Eubacteriales bacterium MGYG-HGUT-02132,0.9966,0.9932,False,False,172733.0,1
619ac3ad257e70633292af469a960d56,369,,Soehngenia sp. W6,1.0,0.9956,False,False,1582259.0,1
2b7dca9f823dab555a368d87f194804f,370,,Petrimonas sp. 5L_21_R1,0.999,0.9927,False,False,2023866.0,1
5ec4e02584b8c58b33bde92395188ffa,375,,Leucobacter denitrificans strain KACC 14055,1.0,0.9922,False,False,,2
3fb688a9024c5d9e0c97cf7a6859063a,370,,Ligaoa zhengdingensis 1001713st1_C3_2218SCRN_220325,0.9961,0.9927,False,False,2763658.0,8
a6efdb52a04e05a2a1be52f5516784fa,374,,Thauera sp. JM12B12,1.0,0.9946,False,False,3142262.0,14
22958f01426d8f1fe3f4922e13710669,377,,Actinomycetia bacterium USSF_maxbin.020,1.0,0.9912,False,False,1883427.0,3
cfa7e5524c99aac7db9399503a7e846a,369,,uncultured Sedimentibacter sp. 90ad4bd6-3e3f-41ea-a839-0ac70987d3d1,0.9985,0.9937,False,False,348580.0,1
826b2dad200d99cccec78d01acb38da4,371,,Paraclostridium bifermentans strain DSM 14991,1.0,0.9966,False,False,1490.0,80
b49bff6b867f0818155aa2ee1b77e93a,370,,Bacteroidetes bacterium 5-aug_S3_006,0.9995,0.9932,False,False,1898104.0,2
070ad707f633c0df5a19f11bcfa699c1,370,,Bacteroidetes bacterium 5-aug_S3_006,0.999,0.9927,False,False,1898104.0,2
b757c414a3bc227758c09624ca177986,374,,Proteiniphilum sp. STF2_60,0.9976,0.9951,False,False,1926877.0,1
3e524f0bf09623c8530930bb8b27045c,371,,Synergistaceae bacterium strain SM1-B17.2,0.9995,0.9893,False,False,2053624.0,1
779e393e6ff91129f826c691a0d16db3,374,,uncultured Eubacteriales bacterium SRR16279954_bin.6_MetaWRAP_v1.3_MAG,0.9951,0.9922,False,False,172733.0,1
d4cf4bfef77541da66524a9292252fa2,370,,Bacteroidetes bacterium 5-aug_S3_006,0.999,0.9932,False,False,1898104.0,2
10ba1c6a051a49b25b443bebd244b71c,373,,Propionispora hippei DSM 15287,0.9995,0.9932,False,False,1123003.0,1
7b43b24e8c817bba9f0008696985ae06,376,,Anaerolineae bacterium F3_97,0.9888,0.9824,False,False,2052143.0,1
916d15ab17794198ea4c5ad1e3fb6258,374,,Desulfocucumis palustris NAW-5,0.9976,0.9927,False,False,1898651.0,2
8a1c973b6094cbd560f363581ce1beba,374,,Methanothrix soehngenii STF1_32,0.9985,0.9946,False,False,2223.0,2
3e09043820433588bf896d8e55bc1423,374,,Synergistales bacterium DMC4,0.9985,0.9946,False,False,2268201.0,1
dcb31c0c036636a36840c1f3341898d9,374,,Gracilibacter sp. BRH_c7a,0.9971,0.9951,False,False,1734398.0,1
613cd0ab8ed46a361940e06efaecdb6d,372,,Spirochaetaceae bacterium 2-no_aug_S1_011,0.9976,0.9897,False,False,1898206.0,1
d693c275c376753e40770f95ba69a9f9,375,,Pelotomaculum schinkii strain HH,0.998,0.9863,False,False,78350.0,2
495cc889a2e82868482b1feb2f71fbd0,375,,uncultured Actinomycetota bacterium MFD09212.bin.2.26,1.0,0.9922,False,False,3039803.0,1
aa15b94e77f3955a73a15e15187b6482,372,,Candidatus Darwinibacter acetoxidans M4B_bin13,0.9985,0.9873,False,False,3082383.0,2
2b335f368deba69c6c95c18da31dc5f4,373,,Clostridium sp. D3029bin37,1.0,0.9912,False,False,1506.0,62
6e21064675bd1626771d39886cc9d88b,374,,Methanothrix soehngenii STF1_32,0.999,0.9946,False,False,2223.0,2
f847d5bbe9c5a3555db3988cfa1b838f,374,,Dehalobacterium formicoaceticum strain DMC,0.9956,0.9893,False,False,51515.0,1
baa4a4f4c8d40a784e35ff0313bf0ccb,374,,Uliginosibacterium sp. H1,0.9985,0.9951,False,False,3114757.0,1
fde5fbd4507f68a2eabc92fb449d9965,369,,Firmicutes bacterium OH_HBB_247,0.9976,0.9937,False,False,1879010.0,1
6a00993959cfffcd3e54203b0cb659a2,373,,Dehalobacter sp. TBBPA1,0.9995,0.9922,False,False,3235037.0,2
8b05c693d167b0c68f1316963744f122,375,,Pelotomaculum schinkii strain HH,1.0,0.9873,False,False,78350.0,2
33e423de05448134722fcf4bd6a224d7,373,,Oscillospiraceae bacterium CE91-St41,0.999,0.9917,False,False,2485925.0,2
8a4c692c01077fa5a93913725097b3bc,372,,Xanthobacter flavus SS-20,1.0,0.9912,False,False,281.0,27
7b29e948451d2fdcce6d39ddc6c25520,373,,Sphingopyxis terrae subsp. ummariensis CCM 7428,0.9995,0.9893,False,False,429001.0,4
62e1d1dac671aff6e6dc206418fd79c6,373,,Rubeoparvulum massiliense strain mt6,1.0,0.9883,False,False,1631346.0,2
817555c3b5d93664c38e8fbec64eba2e,372,,Synergistales bacterium UFZ-4H10,0.9976,0.9917,False,False,2268201.0,10
9b6a7459b2c92cee0abfc36d503488b7,372,,Mesorhizobium plurifarium strain LMG 11892,1.0,0.9932,False,False,69974.0,55
9413dd54243692b250670640c660758d,375,,anaerobic bacterium MO-CFX2,0.9932,0.9873,False,False,913108.0,1
34bd302b38c473a6dc69875818ebfb23,374,,Firmicutes bacterium strain RUG352,0.9912,0.9888,False,False,1879010.0,1
87db021bd3fb687eba7b420338158435,373,,Clostridiales bacterium CTOTU40111,1.0,0.9907,False,False,1898207.0,1
54e41d7748bdb8fe71a73a47ad58423e,369,,Clostridiaceae bacterium strain M1-B18,0.9995,0.9941,False,False,1898204.0,1
50bef0776b442d38fe4de5a83b9187a8,374,,Clostridium senegalense strain MGYG-HGUT-01407,1.0,0.9941,False,False,1465809.0,3
7b35a5b1674bbaefc9af01283da529c1,372,,Clostridium homopropionicum DSM 5847,0.9995,0.9932,False,False,1121318.0,1
33ee5a4f23a0bf945ce5b4ffa11feef5,374,,Rummeliibacillus sp. SL167,1.0,0.9966,False,False,2579792.0,1
31b772f3e0f36755cdb6cd584a8a105f,373,,Intestinimonas massiliensis strain GD2,1.0,0.9927,False,False,1673721.0,6
05771e0f1c5425fc486934e2beb87956,374,,Christensenellales bacterium AnMBR.bin536,0.9976,0.9917,False,False,3083246.0,2
164212c0910ca9770a6bd13bcb2c5d05,372,,Alphaproteobacteria bacterium HGW-Alphaproteobacteria-18,1.0,0.9927,False,False,2013664.0,2
ed583664a71759ab4da92119efb0df87,374,,Lutispora thermophila DSM 19022,0.9985,0.9946,False,False,1122184.0,1
94ef08db649a5339b6de95109a8bad0f,373,,Stutzerimonas stutzeri SOCE 002,1.0,0.9922,False,False,316.0,242
d801b2110a503327da848c95357ca4a5,374,,Desulfuromonas acetexigens strain DSM 1397,0.999,0.9912,False,False,38815.0,3
cead0ca51f97bc24bf11b1d1d12aee6e,374,,Christensenellales bacterium AnMBR.bin225,0.9966,0.9927,False,False,3083246.0,1
93b2f6310a4ce172502298f06cf628cf,374,,Christensenellaceae bacterium c6a5e122-909e-4aed-a635-5b19112204bb,0.998,0.9917,False,False,2054177.0,1
9d169a06854ffc97e3fa36d6dad78813,370,,Bacteroidales bacterium 6865eb80-0167-452b-a26f-3b1968b004fa,0.9966,0.9912,False,False,2030927.0,1
669b72740b8bed1bcedbdbaa4b8be1e7,374,,Candidatus Hydrogenedentes bacterium AMR_MDS_2725,0.9976,0.9912,False,False,2030809.0,1
201a9f507c9b354eb162adf1f311c607,374,,Thermotogota bacterium AMR_MDS_3564,1.0,0.9922,False,False,2053689.0,4
387fd7acb95a1f0053edacb08ca9384d,371,,Anaerovoracaceae bacterium 4d0eff97-7de3-49ad-953d-66426f0db4f8,0.999,0.9951,False,False,3030912.0,2
fd4dc2d3654041c497b3d8e6cee4d18b,374,,Thermotogota bacterium AMR_MDS_3564,0.9995,0.9922,False,False,2053689.0,4
405648482a348320fe4470fddebb64c6,372,,Pseudochelatococcus contaminans strain DSM 28760,0.9985,0.9951,False,False,1538103.0,1
34bc76cd76ea83cf74430a3bbb56ac82,376,,uncultured Actinomycetota bacterium MFD05684.bin.2.146,0.9985,0.9927,False,False,3039803.0,1
5ab25dcdb272bc212f8833c23f30c16e,372,,Alcaligenes pakistanensis KUR1110,0.9995,0.9941,False,False,1482717.0,3
05728a4572e292df51f34610249d4fa9,374,,Lutispora thermophila DSM 19022,0.9976,0.9932,False,False,1122184.0,1
6868203f42c3571c5d284d6fd8077b84,375,,Armatimonadetes bacterium strain Ch33,0.9907,0.9863,False,False,2033014.0,1
9cef27fb5c42d04a7e949300061958c1,375,,Candidatus Nanopelagicales bacterium STL-ACT32,1.0,0.9932,False,False,2518612.0,1
9c90a0c962c8b6283f7a71b644fce90c,372,,Pseudomonadota bacterium JPNA_maxbin.194_sub,1.0,0.9878,False,False,1977087.0,2
b5b93f7fc3d0a88dff0ced83eb0bb5ab,373,,Firmicutes bacterium strain Bu02,0.9956,0.9863,False,False,1879010.0,1
058f50a8bccf06f41d115822bdfe37fb,374,,Christensenellales bacterium AnMBR.bin536,0.9976,0.9912,False,False,3083246.0,2
5837405da6036e7481240160de143774,370,,Eubacteriales bacterium T1900044631_TS20190097.MAGScoT_cleanbin_000004,0.9956,0.9932,False,False,2831996.0,1
9ab23c4d99ca81eaa9c30826e3201dd4,369,,Clostridium aceticum strain DSM 1496,0.9995,0.9932,False,False,84022.0,1
7a7c96429cd038c333985399c9eb963c,374,,uncultured Planctomycetaceae bacterium binchicken_co43_353,1.0,0.9917,False,False,100233.0,1
1351e87aa6c89a114e5104be8fe7c817,373,,Clostridium botulinum strain KM89-1-202F,1.0,0.9917,False,False,1491.0,319
213ec0ef843de45b3db9302876229bed,372,,Hydrogenophaga sp. RWCD_12,1.0,0.9956,False,False,3391190.0,5
197c1736a92b42d2671a7ea927a9d7d8,372,,Parvibaculum sp. E2-BRE-07,1.0,0.9927,False,False,2024848.0,47
e94618b44f9856c9a2151cab1800a460,373,,Oceanibaculum indicum strain USBA 36,1.0,0.9902,False,False,526216.0,2
44f513ba8d222b088ba2ad6e7ab85b8c,374,,Propionibacteriaceae bacterium strain SCN18_26_2_15_R1_B_70_19,0.9995,0.9932,False,False,2021380.0,1
cbe80782cb7eff2eb8427fae47b49d1a,372,,Firmicutes bacterium strain MES11,0.9956,0.9922,False,False,1879010.0,1
9795a55dde06c4761698039cf60bd637,374,,Lachnospiraceae bacterium STD2_92,0.9985,0.9961,False,False,1898203.0,1
aa20c972229ba580ad2044118ab67181,373,,Scrofimicrobium sp. R131,1.0,0.9868,False,False,3079930.0,2
9e54e8d50785a84f97b38e3eb665dda0,374,,Syntrophobacteraceae bacterium AnMBR.bin493,0.9985,0.9932,False,False,2052185.0,1
b78bdac2d66434f67db2a71b6f893639,374,,Christensenellaceae bacterium ebc0edfe-de01-4de5-b550-b82b2926f268,0.998,0.9917,False,False,2054177.0,1
0baae4d70749907f3e1f9be33a159e80,373,,[Ruminococcus] lactaris 14-2_69,0.9961,0.9932,False,False,46228.0,75
d5e86e0fe7c13c5751606c96f3788345,370,,Firmicutes bacterium OH_CBB_126,0.998,0.9951,False,False,1879010.0,1
bc15f0e20879b79188fa5ea9e191428c,372,,Aphanothece microscopica RSMan92,1.0,0.9951,False,False,3390204.0,3
f12686b1d3e4d79217d2b79924ed502d,371,,Paraclostridium bifermentans strain DSM 14991,1.0,0.9966,False,False,1490.0,80
f0f5fe3a3ccc66ce7e67e82294654107,370,,Shivajiella indica JCM 12139,0.998,0.9912,False,False,872115.0,1
14cf2dc39880985bc2129f16b8f963f5,369,,Tissierella praeacuta strain NCTC11158,1.0,0.9951,False,False,43131.0,5
e27928b6f9a580b0d7f95feeb01ba523,373,,Propionispora hippei DSM 15287,0.999,0.9932,False,False,1123003.0,1
daac17ca54538cbc9aada8497262da96,373,,Bacteroidetes bacterium 4-aug_S1_005,0.9956,0.9878,False,False,1898104.0,2
50285c59a58cda2d889cb954c022a93a,372,,Hyphomicrobium sp. CS1GBMeth3,0.9995,0.9946,False,False,1892845.0,1
dc21153823efbfe6f4e092f110775cde,372,,Eubacteriales bacterium CE91-St47,0.9985,0.9917,False,False,2831996.0,10
1d837cc6d80881adecbb106f01c1b042,374,,Bacillota bacterium MAG288,0.9985,0.9902,False,False,1879010.0,1
3ade0fa13e56aac194bb3373200d6def,373,,Candidatus Cloacimonetes bacterium USPA_maxbin.001,1.0,0.9854,False,False,2030808.0,2
c4f3196c3b0c08f6f808e3ee3465b781,370,,Hydrogenoanaerobacterium saccharovorans strain CGMCC 1.5070,0.9995,0.9932,False,False,474960.0,2
6178807a00a64843e5bb9f31f0a5f42c,373,,Flavonifractor sp. CLA-AP-H34,0.9961,0.9897,False,False,3133178.0,1
56eed20694eeebce9a5a6bc4626aca89,373,,Flavonifractor plautii 1001287st1_A8_1001285I_161205,0.9961,0.9893,False,False,292800.0,2
b7bc2902499297dc5de20e8748a42d33,374,,Dethiobacter alkaliphilus Z1002,0.9995,0.9941,False,False,427926.0,1
0a1ad45b3f804b63062c39bed1fc1132,374,,Stenotrophomonas acidaminiphila CTOTU49681,0.9995,0.9951,False,False,128780.0,11
b022522a963a8f8fa28d9d2fc3344e87,374,,Dethiobacter alkaliphilus Z1002,0.9985,0.9922,False,False,427926.0,1
da28c80a7a1b2838789eb2ad598db9a0,374,,Gracilibacter sp. BRH_c7a,0.9966,0.9951,False,False,1734398.0,1
7c4029c77a50ad0582c758eabe8c1410,374,,Bacillota bacterium bin10.1,0.9966,0.9927,False,False,1879010.0,2
2c1453fb27de0eb5e19ae61028df3294,400,,Candidatus Methanofastidiosia archaeon D1103U20metaG_Bin_2542,0.9834,0.9883,False,False,2099674.0,1
dc22433569281cc665fba3df53e3f566,371,,[Clostridium] paradoxum JW-YL-7 = DSM 7308,1.0,0.9946,False,False,1121328.0,1
ec0ca50d7a1c6ee56a7ed9d776d9c0d1,373,,uncultured Clostridium sp. min17_bin72,0.9937,0.9897,False,False,59620.0,3
2d4f702bfdf848fddbfe1e84a30c73b1,372,,Thermoanaerobacter kivui LKT-1,0.9932,0.9912,False,False,2325.0,3
06246fa4c1b00ea76b5539442f32c012,375,,Coriobacteriia bacterium 5C_7,1.0,0.9878,False,False,2052159.0,2
b24d3443426aac9dca3451d65ba14d55,374,,Clostridia bacterium 80130c35-1b44-45cf-b5f4-dec04e696a57,0.9956,0.9932,False,False,2044939.0,1
477487d12077a9fbaf195faaf466d827,374,,Dehalococcoidia bacterium strain BS5B11,0.9961,0.9927,False,False,2026734.0,2
a0ccae889b93969deefa92b4da7cb2f7,374,,Eubacteriales bacterium UW_FK_CAPRO1_1,0.9995,0.9878,False,False,2831996.0,1
8fabb679415fe6a9969015076873e211,370,,Turicibacter bilis ISU324,1.0,0.9956,False,False,2735723.0,26
6148c6e49d72c0f24a187a979ba7a5aa,374,,Propionibacteriaceae bacterium strain SCN18_26_2_15_R1_B_70_19,1.0,0.9937,False,False,2021380.0,1
9f86297104372f6378c6bf3dc1a8e8ec,374,,Chloroflexota bacterium KUW bin4,0.9985,0.9814,False,False,2026724.0,1
637ec5730f0da83790b96ca6708f5309,369,,Firmicutes bacterium OH_HBB_247,0.9976,0.9937,False,False,1879010.0,1
7bc28b86485f80b7996a6a115aa31176,370,,Fermentimonas sp. STC_109,1.0,0.9951,False,False,2023870.0,1
a7d0101041a4ff2c176cc0616423387a,372,,Alicycliphilus denitrificans strain I51,1.0,0.9956,False,False,179636.0,1
7e2246947e40512267840e3645e8c570,369,,uncultured Sedimentibacter sp. strain HGM13799,0.9976,0.9917,False,False,348580.0,1
534d7b1bce2cf035866320576094f81e,378,,Methanobacterium sp. MBAC-LM,0.9995,0.9897,False,False,3412034.0,1
7f0b196864a7620b20920d9883da587e,374,,Eubacteriales bacterium UW_FK_CAPRO1_1,1.0,0.9878,False,False,2831996.0,1
87ec65202e592d81d47b66d1484732df,374,,Rhodococcus erythropolis strain MI2,1.0,0.9951,False,False,1833.0,322
085c382879bb22ae25c77dca748d1387,370,,Clostridium sp. M3/9,1.0,0.9941,False,False,2934315.0,1
c9a5de56046a818a6f69569090af6d1c,371,,Firmicutes bacterium OH_HBrB_62,0.9976,0.9912,False,False,1879010.0,1
919c50490dbc9552a946f26b32c4ae12,369,,Falsiroseomonas sp. C8_maxbin.050,1.0,0.9937,False,False,2870721.0,2
9418ffbc4dee96cca486adf8b5f5493d,374,,Lutispora thermophila DSM 19022,0.9976,0.9937,False,False,1122184.0,1
d23e07dc0f848e8921532df36254ce29,372,,Arenimonas sp. strain B91_maxbin.001,1.0,0.9961,False,False,1872635.0,4
65c689dc4b8772012494d43535fd1102,374,,Sphingobacteriales bacterium strain PMG_148,0.998,0.9907,False,False,2044944.0,1
522fc29c9966a380a17ce86687cc600b,371,,Aminivibrio sp. AnMBR.bin272,0.999,0.9912,False,False,1872489.0,1
0ef7e12e6eb35a8fd9fac7badac0c381,372,,uncultured Anaerolineales bacterium SRP241326_co4_134,0.9971,0.9937,False,False,444458.0,1
c668608bc7be0382064b57d5505c7e23,374,,Anaerolineaceae bacterium CANAV_udea05,1.0,0.9917,False,False,2024896.0,6
8f5c4dec742c9287a0f71ebe671bdc16,373,,Pseudoflavonifractor sp. Marseille-P3106 strain Marseille-P3106,0.9995,0.9941,False,False,1871015.0,1
48ca5b4f7cb58d4a146837de341a2604,372,,Microcoleus sp. Pol1C5,1.0,0.9927,False,False,3055406.0,3
9e67f564a732feffc50f5fc690ec2e71,378,,Methanobacterium sp. MBAC-LM,0.9995,0.9897,False,False,3412034.0,1
18ec5da6c765ede0c426af393f8ce656,374,,Thermoleophilia bacterium AnMBR.bin144,1.0,0.9883,False,False,2026888.0,2
f8ec439cb9f26e97be2793df3c52b03d,375,,Gordonia iterans strain Co17,1.0,0.9937,False,False,1004901.0,2
a67c7071b283c3513d9aa4cf63879d6e,372,,Pseudomonadota bacterium MAG038,0.9966,0.9907,False,False,1977087.0,1
4bcf2ed3c27ef7222d2bf177640edef4,371,,Acetivibrio sp. MSJd-27,0.9946,0.9932,False,False,2841523.0,1
e2c63d5718cf9ea95828084c3b843443,372,,Christensenellales bacterium AnMBR.bin221,0.998,0.9927,False,False,3083246.0,1
f0547f74dbcfeca9eef70572311914b5,371,,Synergistaceae bacterium strain SM1-B17.2,0.9937,0.9863,False,False,2053624.0,1
26ef86afa44dbbdebbae8f35e590f52e,372,,Amaricoccus sp. HB172011,0.9985,0.9937,False,False,2589815.0,1
49c907377454c6980ff0a520fe40abe2,374,,uncultured Halothermothrix sp. SRR5007349_bin.152_CONCOCT_v1.1_MAG,0.9946,0.9893,False,False,543059.0,1
cf9d6956cc5e9b057171f8ba480e6fbf,374,,Christensenellaceae bacterium c84a42d1-d9c9-443e-85ff-73520b584de8,0.998,0.9937,False,False,2054177.0,1
999031908a04b1e2fca9b265ee4e0aba,373,,Acutalibacteraceae bacterium T1900045192_TC20190188.MAGScoT_cleanbin_000001,0.9971,0.9927,False,False,3077420.0,1
75dd0ee2682cb0bf3146f334b0c41c93,374,,Clostridium polynesiense strain MGYG-HGUT-01479,0.9995,0.9946,False,False,1325933.0,2
eb8d145285d4d18dd0c43c75115adbf9,373,,Sporomusaceae bacterium FL31,0.9966,0.9912,False,False,2163554.0,2
aca43babf06d3410ce71cad5778ff102,374,,Gracilibacter sp. BRH_c7a,0.9985,0.9951,False,False,1734398.0,1
40870adeb00d39b72fbca1d2be29ab07,374,,Bacillota bacterium MAG288,0.9966,0.9893,False,False,1879010.0,1
19cfc988be2bc698e4e8e24f3c017dad,374,,Bacillota bacterium USDV_metabat.107,1.0,0.9883,False,False,1879010.0,1
ef48b24d461ead26b22d8e442656ccc0,374,,Thermotogales bacterium strain R1-B14.2,1.0,0.9937,False,False,2093812.0,1
2da3ff46bfa58a914368731cfd699785,375,,uncultured Actinomycetota bacterium MFD01299.bin.1.126,1.0,0.9951,False,False,3039803.0,1
a85ae3de6b2dd626049270444199438e,373,,Anaeromusa sp. CA_92,1.0,0.9858,False,False,1872520.0,1
b61513eef1a69690c5d43ca0cb8f5c1b,374,,uncultured Methylobacillus sp. strain Methylobacillus_sp_nbed10b35,0.999,0.9897,False,False,281697.0,5
b0c74390aa5ac540757eb2256575019e,374,,Cronobacter dublinensis strain cro2915W,0.9976,0.9941,False,False,413497.0,1
f2cd13764c9588bd921f3a53138830da,373,,Clostridium sp. bin.858,1.0,0.9917,False,False,1506.0,10
29d5a1f45c97760080e874715394bcfe,373,,uncultured Alphaproteobacteria bacterium MFD01721.bin.2.6,0.9888,0.9844,False,False,91750.0,1
01b5383db868117f04bfd197603f736b,374,,Gracilibacter sp. BRH_c7a,0.9966,0.9932,False,False,1734398.0,1
7560406411c714b613d36584ec43158e,372,,uncultured Oscillospiraceae bacterium MGG22425_1680015517,0.9946,0.9902,False,False,707003.0,1
e8c1e783e60161fe039cc419a3717b1f,373,,Alishewanella sp. BS5-314,1.0,0.9937,False,False,2755587.0,4
0c9da253a23c96e308df82e07408f9f0,374,,Lutispora thermophila DSM 19022,1.0,0.9917,False,False,1122184.0,1
051d14c7d7e9a5358e8da8a52b48bca3,370,,uncultured Marinilabiliaceae bacterium SRR1562005_bin.65_CONCOCT_v1.1_MAG,0.9976,0.9946,False,False,860784.0,1
ecff8099a19480a2264b0e2dfbd1f968,369,,Gudongella sp. M17C-05,0.999,0.9951,False,False,2692384.0,5
cd991e2f230049eb76c8e3b3fcece79f,372,,Chiayiivirga sp. BF4_81,1.0,0.9922,False,False,2041042.0,1
0a25bdc3567a1af9c215a6efaf816439,374,,Syntrophomonas sp. DTU018,0.9976,0.9922,False,False,1671629.0,2
d6fd8cc30f52c997d8a550fdb5b27dfd,369,,Mycobacterium tuberculosis ERR176690,0.9976,0.9956,False,False,1773.0,1
c412c4daad0adeb07fedba1aed394245,372,,Christensenellales bacterium AnMBR.bin221,0.9976,0.9932,False,False,3083246.0,1
efc6541354a63e71f60f085f48f73909,374,,Desulfitobacterium sp. CA_182,0.9995,0.9902,False,False,49981.0,1
664e1ee046659d47ded4a40ad1133a33,371,,uncultured Leptospirales bacterium binchicken_co39_387,0.9961,0.9878,False,False,3062804.0,1
f1ebac6585a1d66aeb6238227f0db6be,374,,Christensenellales bacterium AnMBR.bin225,0.9966,0.9922,False,False,3083246.0,1
48d3df1c8c87428a5ef19a3ea0a4c6d1,370,,Turicibacter bilis ISU324,1.0,0.9961,False,False,2735723.0,26
e1809c067af83a3dc4623ce28f35fe79,370,,Bacteroidales bacterium AMR_MDS_1354,1.0,0.9922,False,False,2030927.0,2
e4197eeb4aaad91a8a4a38678c3b073e,369,,Bacteroidota bacterium USMO_maxbin.076_sub,0.9951,0.9907,False,False,1898104.0,2
6eeec78da7ff573c0bb7f7ddc3eefa8a,371,,Anaerovoracaceae bacterium f78f2883-c260-4f33-9859-2a80832d1289,0.999,0.9937,False,False,3030912.0,1
43c8008fb032a5ed2cb06dafa83e23ec,373,,uncultured Ruminococcus sp. strain UMGS283,0.9927,0.9878,False,False,165186.0,2
021d1583edfe105a9c99264ea9f3d2d6,370,,Dysgonamonadaceae bacterium STE_176,0.9976,0.9927,False,False,2065189.0,1
eca00dcc9a01255b6cb66fbd5b3bd285,361,,Pseudomonadota bacterium samp_2117_metabat2_274,0.9888,0.9707,False,False,1977087.0,1
eaa1d57a577a4aa93aceab1782827ea8,374,,Clostridia bacterium AnMBR.bin524,0.998,0.9951,False,False,2044939.0,1
0b291123c105140e6524bb2a3cf8e278,374,,Syntrophaceae bacterium strain LM1-B42D,1.0,0.9932,False,False,2052184.0,1
24b5476371dc34ef4f12b359d6ea6fe4,373,,Oscillospiraceae bacterium bin.299,0.9941,0.9902,False,False,2485925.0,1
ae2245c2d637b8badfb1037f95ffd4f7,374,,Christensenellales bacterium AnMBR.bin514,0.9946,0.9863,False,False,3083246.0,1
344b8fcfc08a17bb7443c1ad11ea3151,372,,Sphingopyxis sp. SMAG_U6396,0.9995,0.9956,False,False,1908224.0,2
482bb3761a6b11b4cfb4e1b618231157,372,,Comamonas sp. MFD12223_ilm_asm_bin4,1.0,0.9946,False,False,34028.0,2
70775be7835f6d6a6ecb0d7039b355e3,374,,Clostridia bacterium AnMBR.bin494,0.999,0.9917,False,False,2044939.0,1
55c520d7fe25c3a704fca36f36fde991,374,,Clostridium amylolyticum strain DSM 21864,1.0,0.9951,False,False,1121298.0,1
5db694edf839eff28cb6a47bb5b50693,374,,Lacipirellula limnantheis I41,1.0,0.9897,False,False,2528024.0,3
ea5eeef4adcd29b79e56e455f9025517,374,,Micropruina sp. 5N128,1.0,0.9922,False,False,2737536.0,1
b5a22689fdda6393715cd10a326927d3,372,,Hydrogenophaga sp. YM1,1.0,0.9941,False,False,2806262.0,3
36e38981bc99d5d7fdd5959ca41f6313,372,,Devosia sp. M6-77 strain aCIP1116281,1.0,0.9946,False,False,2490941.0,2
c99dd2353697161faecee673e0eda7b2,374,,Syntrophobacteraceae bacterium strain UFZ-4H3,1.0,0.9883,False,False,2052185.0,8
687530ef97a8574b08b65e6100ed1f16,374,,Clostridia bacterium AnMBR.bin494,0.9985,0.9932,False,False,2044939.0,1
95d0db82a69ee10f3b5ed0f06ba96949,372,,Candidatus Wallacebacter cryptica M4b_bin43,0.9961,0.9888,False,False,3082386.0,1
25e038c681656412cc697571c2d30118,373,,Oscillospiraceae bacterium CE91-St41,0.9985,0.9927,False,False,2485925.0,2
b4ac0621ed68fda2b501520e951949e1,378,,Methanobacterium sp. MBAC-LM,1.0,0.9907,False,False,3412034.0,1
8b35589e4e1ef82328d78d533f5fa1a1,372,,Parapusillimonas granuli strain DSM 18079,0.9995,0.9941,False,False,380911.0,2
85b80813a3be5e162f462e085b709b85,374,,Christensenellaceae bacterium ebc0edfe-de01-4de5-b550-b82b2926f268,0.9976,0.9927,False,False,2054177.0,1
bffbf44642d65b943681a01244ca6c0b,374,,Mycobacterium tuberculosis ERR036231,0.9985,0.9951,False,False,1773.0,1
00fb4699f8a2077aa4225851ec609f82,370,,Lentimicrobium saccharophilum strain TBC1,0.999,0.9922,False,False,1678841.0,1
923d1e7b6ceac97721615d80cf869780,372,,Bacillota bacterium JPMR_metabat.40_sub,0.9985,0.9927,False,False,1879010.0,1
18b7af5d1e7696bb8cd541bdde042b51,372,,Bacillota bacterium JPMR_metabat.40_sub,0.9971,0.9902,False,False,1879010.0,1
af62b8aa99dba188ac2f26d05dff89d1,374,,Proteiniclasticum ruminis strain CGMCC 1.5058,0.9995,0.9941,False,False,398199.0,1
708def8fa07ef5fd728004ace6c578d0,373,,Pseudoflavonifractor phocaeensis DFI.9.84,1.0,0.9873,False,False,1870988.0,1
380c64674875dbcea485ba8f1ce26a6c,374,,Ruminiclostridium sp. MA18,0.9985,0.9932,False,False,2488810.0,2
9335b7a207b486ae9975e735cd30a814,372,,uncultured Alphaproteobacteria bacterium MFD09730.bin.2.16,0.999,0.9961,False,False,91750.0,1
b62a0f483de49257919f98dd32320443,371,,Sphaerochaeta sp. UBA6095,1.0,0.9858,False,False,1947478.0,1
1cbf580d763d0eb5497ff2d6468e7668,373,,Candidatus Darwinibacter acetoxidans M4B_bin26,0.9932,0.9907,False,False,3082383.0,1
caafd6d1ef718ac1a2b7473f47d9340b,372,,Bradyrhizobium sp. CCH4-A6,0.9995,0.9961,False,False,1768759.0,2
f397a6809dc09fd4f5cc5f425c5eb0ba,370,,Anaerolineaceae bacterium maxbin2.bin.9,0.9976,0.9893,False,False,2024896.0,1
6f14a88c7074fb3b48a9f8be3f7852c8,374,,Calditrichales bacterium MX18-03,0.9985,0.9883,False,False,2890832.0,3
de794e5f913a822d437c41f82c49a80e,375,,Microbacterium sp. ET2 (Ac-2212) ET2 (Ac-2212) strain ET2 (Ac-2212),1.0,0.9941,False,False,3050384.0,38
ff2a3877c5cf4808816900f51bc130ba,374,,uncultured Halothermothrix sp. SRR5007349_bin.152_CONCOCT_v1.1_MAG,0.9961,0.9912,False,False,543059.0,1
6dbf54dfd0a3207126af074af10be296,371,,Terrisporobacter petrolearius ELB,1.0,0.9961,False,False,1460447.0,9
79ba36cfcb1bdd16bc3aad97c47a1e6b,374,,Sphingobium yanoikuyae A-TP,0.998,0.9878,False,False,13690.0,1
5e833ded530b3d037092d0691ec3589f,374,,Lutispora thermophila DSM 19022,0.998,0.9932,False,False,1122184.0,1
41f01f3e3cbf6beb908ae1ebb553208e,374,,Stenotrophomonas pavanii AR042,1.0,0.9932,False,False,487698.0,764
7aaece58fc746f9480457f6056857dfe,374,,uncultured Eubacteriales bacterium MGYG-HGUT-02132,0.9966,0.9927,False,False,172733.0,1
9026ee9ce58d36be3646689861848080,372,,Phyllobacteriaceae bacterium Z3-1,0.9985,0.9927,False,False,2448161.0,2
23a68909643e167f508a7baac78d7026,373,,Clostridium swellfunianum CICC 10730,0.998,0.9922,False,False,1367462.0,1
49eb7db9bbd667a245fcb40e7be64a28,370,,Dysgonamonadaceae bacterium STE_176,0.9927,0.9902,False,False,2065189.0,1
f028df8f84e6a5ff0a4512a509e23477,369,,[Eubacterium] angustum strain DSM 1989,0.9985,0.9941,False,False,39480.0,2
07c98191a29a6be9185f213be81a429f,370,,Parabacteroides sp. RA_AS_maxbin.228_sub,0.9976,0.9897,False,False,1869337.0,1
702860fda44c0d44ddacb5bd79fd5d24,378,,Methanothrix soehngenii strain UFZ-4H12,1.0,0.9849,False,False,2223.0,20
6de274487e1c875df3c574ec3fcd05d0,371,,Clostridium aminobutyricum strain DSM 2634,0.999,0.9941,False,False,33953.0,1
0dda2781d785ae2fff6a81eabdeb9143,369,,Falsiroseomonas sp. C8_maxbin.050,0.999,0.9941,False,False,2870721.0,2
16e7c551b44e75be84ce23f95da7cb8d,374,,Intestinibacillus massiliensis strain SL.2.10,0.9951,0.9912,False,False,1871029.0,4
e21f14506da976def600538a8f860f0b,374,,Dehalococcoidia bacterium strain BS5B11,0.9995,0.9937,False,False,2026734.0,1
66d9eb13f3c8549ed0ac95f646c23ead,369,,Proteobacteria bacterium OH_PBlB_80,0.9995,0.9956,False,False,1977087.0,1
f15d9912ad67ff3efb5f911bac709f3b,369,,Sedimentibacter sp. MB36-C1,0.9971,0.9927,False,False,3109366.0,3
ce21e0d8c29a8e91b8f8ed03fb21d296,370,,Fermentimonas sp. STC_109,1.0,0.9951,False,False,2023870.0,1
4a18801bf3179876e3e063abc1fa1b5c,370,,Bacteroidetes bacterium 5-aug_S3_006,0.9995,0.9937,False,False,1898104.0,2
61bffb5ed48deb86adad74d3d45df340,372,,Phenylobacterium haematophilum strain DSM 21793,1.0,0.9941,False,False,98513.0,4
4ce8113a40dc776a5daa50784544c8b8,372,,Clostridium sp. ZS2-4,0.999,0.9912,False,False,2987703.0,1
07d5f956dc0652fbd2d22ea90b1bb136,374,,Cronobacter dublinensis strain cro2915W,0.998,0.9946,False,False,413497.0,1
07bb3ab197992af0b741d1b71fc16c74,374,,Bacillota bacterium binned_ad_9.77,0.9995,0.9951,False,False,1879010.0,2
4bac007f22152b0afd81f2d32ec400c5,372,,Firmicutes bacterium strain MES11,0.9951,0.9912,False,False,1879010.0,1
42bdb37eaf4585993d2dadc410341bfc,374,,Christensenellaceae bacterium 20c35e01-8a7f-49ef-9147-7de253b6e4f4,0.9985,0.9922,False,False,2054177.0,1
8d422552eb2392c7c2d4743727d1ff33,373,,metagenome,0.998,0.9937,False,False,256318.0,1
dd07e924156039f8e953d5ea58ab5023,374,,Deltaproteobacteria bacterium binned_ad_9.7,1.0,0.9897,False,False,2026735.0,7
71c170ae2a1a4f99b40b9fb4850c55fb,372,,Eubacteriales bacterium CE91-St47,1.0,0.9922,False,False,2831996.0,10
717e65e6ba1d91587e9c1fc36b2b0c44,373,,Escherichia coli 21-W08-080,1.0,0.9956,False,False,562.0,268
8aa84c2bb23089b38845d45b2f4742a7,374,,Dehalobacterium formicoaceticum strain DMC,0.9946,0.9897,False,False,51515.0,1
c4118088ab2644671a1d9d540c060b19,374,,uncultured Clostridia bacterium MFD08669.bin.2.65,0.9932,0.9878,False,False,244328.0,1
6533ef83a51929f69e6f95d7a59a421c,372,,Spirochaetaceae bacterium 2-no_aug_S1_011,0.9956,0.9907,False,False,1898206.0,1
e438545696891f9da484c32c04332871,373,,Flavonifractor plautii SL.2.32,0.9971,0.9932,False,False,292800.0,148
e95282c3197d4315d84f31d177642c58,373,,Clostridiales bacterium LB2,0.9995,0.9912,False,False,2731377.0,1
8aa21df13e2d324fd17fe7d44bc77099,374,,uncultured Saccharofermentans sp. 009b34df-6986-4c74-874c-2c53a54848ac,0.999,0.9946,False,False,1434378.0,2
e72dd431023ad44a88305647a224790d,373,,Evtepia sp. bin.893,0.9961,0.9902,False,False,2773933.0,4
b23666d941d0a07a15cb33ba4ffb1f5f,374,,Lutispora thermophila DSM 19022,0.998,0.9922,False,False,1122184.0,1
ae53fe95ad7f469e3187a126d6098100,374,,Anaerolineaceae bacterium AnMBR.bin189,1.0,0.9912,False,False,2024896.0,1
65db89cb7753aa9ae2885315cf5ffe04,370,,Burkholderiales bacterium UW1SPNA077,0.9995,0.9888,False,False,1891238.0,7
8855fec4062970bb235780d6469a1d6d,370,,Rectinema sp. AMR_MDS_2813,1.0,0.9946,False,False,1937017.0,8
b6e342d9f4e409f24eea3859aa76e82a,374,,Gracilibacter sp. BRH_c7a,0.9976,0.9946,False,False,1734398.0,1
7ba3402ab86ac791941e0dc862234ee8,371,,Synergistota bacterium USPA_metabat.50_sub,0.9995,0.9937,False,False,2268202.0,1
3bb8c91a23a86c8601f5dead53c7b241,374,,Gracilibacter sp. BRH_c7a,0.9961,0.9937,False,False,1734398.0,1
ad922999ec6a8228be4358e848e86bc2,372,,Pseudomonadota bacterium KLAP69,1.0,0.9941,False,False,1977087.0,1
535887d75db6f21831a65b42a9d5752f,374,,uncultured Gammaproteobacteria bacterium MFD00709.bin.2.216,0.9985,0.9937,False,False,86473.0,1
0a052939cf0cfd20acc22c826676e32c,373,,Dehalobacter sp. DAD,0.9976,0.9917,False,False,1962289.0,1
3d34df899c737d07c37a5141fecdc373,374,,Clostridia bacterium AnMBR.bin495,0.9985,0.9951,False,False,2044939.0,1
b9a98bd6fcede4fa31c9da7f86747666,366,,uncultured Acetobacterium sp. a0d58640-2bdf-407d-bedf-8d20b14cd168,1.0,0.9961,False,False,217139.0,18
0944c80185fbba7f13e44329a3276e65,373,,Bacteroides uniformis MAG4275,0.9956,0.9927,False,False,820.0,3
025ef58ad4c94b135c69cb93c2320909,373,,Caproiciproducens galactitolivorans YR-4,0.998,0.9893,False,False,642589.0,1
9bc997e8ebea77d717faea18a7bf4708,375,,Candidatus Nanopelagicales bacterium AS_Ams2_Bin27,1.0,0.9917,False,False,2518612.0,1
2df9e7b11fe11f679f52c25fe8d3c27f,374,,Aminobacterium sp. 5-aug_S3_019,1.0,0.9922,False,False,1872491.0,1
f816f5de71e4c19785cd5dfa8ee073db,372,,bacterium SGD-2,0.9966,0.9912,False,False,2713607.0,3
5ccde7f0ad35d7a47123478dd67b2774,374,,Christensenellales bacterium AnMBR.bin225,0.9995,0.9927,False,False,3083246.0,1
543dc760699879a2b12cd2e2525e6729,372,,Shinella sp. JR1-6,1.0,0.9961,False,False,2527671.0,17
87e2bfb52174f1764d735f93e86017d3,372,,Paracoccus solventivorans strain DSM 6637,1.0,0.9922,False,False,53463.0,2
61f3d4479c517d056179e27ae91cd284,374,,Clostridia bacterium strain SM1-B15.1,0.9985,0.9937,False,False,2044939.0,1
b8be4a864e591a2801a0b9194efc1060,371,,Intestinibacter bartlettii BSD3178071175st1_G7_BSD3178071175_160912,1.0,0.9951,False,False,261299.0,47
82864a780f7d57947ef3451dd7539740,369,,Vibrio parahaemolyticus strain Vb2209,1.0,0.9932,False,False,670.0,2
b1dd093a530c4f323e45823253ee9e15,374,,[Clostridium] hungatei strain DSM 14427,0.999,0.9922,False,False,48256.0,1
7767ca8c82d1d254c5d3228f43b2b213,369,,Crassaminicella profunda strain Ra1766H,0.998,0.9951,False,False,1286698.0,5
bd1731c0114c40d5784dd170ea5f3422,371,,Firmicutes bacterium strain MES11,0.9956,0.9907,False,False,1879010.0,1
40f33a63b1b706f8fee517f9f6f6d367,374,,Dethiobacter alkaliphilus Z1002,0.998,0.9927,False,False,427926.0,1
da131e54714432d2efe40ba671d42f55,369,,Candidatus Uhrbacteria bacterium AMX-MBFR-16,0.999,0.9946,False,False,2053634.0,2
ac2b4531feeeea309e70b76c5033f7e4,371,,Synergistota bacterium USPA_metabat.50_sub,0.9995,0.9941,False,False,2268202.0,1
af9554a6cc07a34c1cb6004e3dbb865a,370,,Dysgonamonadaceae bacterium Z2-37_MAG_36,0.999,0.9932,False,False,2065189.0,1
520e1fc076185aa3704e9367026eabde,374,,Christensenellaceae bacterium 38ba8450-c70d-4108-8ba4-09623ba0e347,0.9956,0.9932,False,False,2054177.0,1
eea1a23b6354f47190568b72cf235aa2,374,,uncultured Halothermothrix sp. SRR5007349_bin.152_CONCOCT_v1.1_MAG,0.9966,0.9922,False,False,543059.0,1
911ddc4e1da558630158fa05fba14992,368,,Tenericutes bacterium strain zrk4,0.9985,0.9922,False,False,2231116.0,1
3273539459d13e139159461e38ba3987,374,,Bacteroidaceae bacterium G02641-L1_cleanbin_000048,0.9976,0.9932,False,False,2212467.0,1
6d866900ddd4436c1634c5209005c604,374,,Dehalococcoidia bacterium strain BS5B11,0.9971,0.9946,False,False,2026734.0,2
c99bcc4ed3b2887c914e9faf48d63e3f,372,,Pseudorhodoplanes sp. bin.109,1.0,0.9961,False,False,1934341.0,1
af1a97638ae7817e6dc243cfe90ba23b,372,,Paracoccus ferrooxidans NCCB 100066,1.0,0.9927,False,False,327104.0,20
7e614d8925e124b39916f22fdeb64c3f,373,,Acinetobacter towneri AT235,1.0,0.9941,False,False,202956.0,6
a489f58a63d2317f6ff094edb3fbd55d,374,,Syntrophomonas zehnderi OL-4,0.998,0.9941,False,False,690567.0,2
0ac09c35a4ef5356c779c2c282c506a1,374,,Bacillus alkalinitrilicus strain DSM 22532,1.0,0.9946,False,False,427920.0,1
b73b1ef694c71eec29bf86c697f26b20,374,,uncultured Saccharofermentans sp. 009b34df-6986-4c74-874c-2c53a54848ac,0.9985,0.9937,False,False,1434378.0,2
c6d0e484e529a485ffc0b1f08f1fb158,378,,Methanobacterium sp. MBAC-LM,0.999,0.9907,False,False,3412034.0,1
4277458ff73b444855fb03eaf11e4ab5,371,,Bacillota bacterium JPNG_maxbin.111_sub,0.998,0.9951,False,False,1879010.0,1
cb6e61a6c468d63ca89dc4f8c67e8554,370,,Bacteroidales bacterium 3-JJ_aug_S1_021,1.0,0.9922,False,False,2030927.0,7
99a197229849c15140fc329cff0ccb90,374,,Sphingobium yanoikuyae A-TP,0.998,0.9878,False,False,13690.0,1
b50c901a9773cf8216278d2bb4e70644,369,,Clostridiaceae bacterium strain M1-B18,0.999,0.9932,False,False,1898204.0,1
f8e946bdec673e40686c9ab157a63ac0,371,,uncultured Clostridia bacterium strain Reindeer_2_mag_174,0.9951,0.9868,False,False,244328.0,1
39514d7e0d952fb5735d67b878688bc8,375,,Brooklawnia sp. SH051,1.0,0.9951,False,False,3041175.0,10
68c7aa8355d0b7c6e75c67d5df51d569,371,,Thermobrachium celere strain A9,1.0,0.9907,False,False,53422.0,1
f95801513925a658f6f017e67e77e9a0,374,,Gracilibacter sp. BRH_c7a,0.9985,0.9951,False,False,1734398.0,1
9579787280965385b425a1d323e3c6d3,373,,uncultured Eubacteriales bacterium SRR22541660_bin.8_MetaWRAP_v1.3_MAG,0.9976,0.9941,False,False,172733.0,1
3038f96d4805d0546256c1e7766247e0,374,,Clostridia bacterium strain INTA.CYC.057,0.9956,0.9883,False,False,2044939.0,1
ef9fddde19882aba901f1b0419ec09d8,373,,Candidatus Cloacimonetes bacterium strain BF1 Bin 72,1.0,0.9795,False,False,2030808.0,16
82520638c5842f94b7203788b78b3b92,374,,Christensenellaceae bacterium strain SQ_MAG_4,0.9971,0.9956,False,False,2054177.0,1
e56be085db1687a19866f0fdfd6d63f1,369,,Firmicutes bacterium OH_SDB_161,0.998,0.9956,False,False,1879010.0,1
8b0ebd33e66653c42aa292e40bf6291c,371,,Caloramator mitchellensis strain VF08,0.9956,0.9917,False,False,908809.0,1
53b91ed8941d63dc6bdcf622f25e3b10,374,,Candidatus Pullichristensenella sp. AnMBR.bin484,1.0,0.9937,False,False,3097447.0,1
e5632edb0fd267dbaf571c758b91be2a,365,,Erysipelotrichaceae bacterium NSW-5,0.9971,0.9927,False,False,2049044.0,1
212a34f4dcb9f9a8c0941fcf86f0e6bc,374,,Acetivibrio straminisolvens FC2,0.9976,0.9932,False,False,253314.0,3
b4900060b15cd3eab0697bdc00bfc33a,372,,Methylorubrum pseudosasae SLI 233,1.0,0.9922,False,False,582670.0,101
ce8d585abe69c46ac0fba61726d046c5,374,,Ruminiclostridium thermocellum AD2,0.9971,0.9897,False,False,1138384.0,7
283755ba25c1e02155384ef6f268c2ae,372,,Clostridium perfringens cp60,1.0,0.9971,False,False,1502.0,1064
63adbcb1936348ae36887abcd1e4af55,374,,Ruminiclostridium papyrosolvens DSM 2782,0.998,0.9946,False,False,588581.0,1
5e2e0a4cfc3ab5f1a074ef61d2d6f68b,370,,Proteiniphilum sp. STF2_43,0.999,0.9927,False,False,,1
47bb78bbb9b7eab1a487de7f1521ddd6,373,,Christensenellaceae bacterium f66689b3-5376-4084-bd6a-22509cc8097c,0.9951,0.9907,False,False,2054177.0,1
58a5d06b791283b4270f688e0b7408c9,377,,Methanomassiliicoccaceae archaeon strain T1Sed10_112,0.9941,0.9883,False,False,2052168.0,1
e843b0e0535e8033ed7c08faf28016ca,374,,Thermomicrobiales bacterium STL-CHL30,1.0,0.9795,False,False,2482790.0,2
6c7a1a940865cb8fc19e17d404be6951,375,,Mycolicibacterium tokaiense SRL2023-035,0.9995,0.9922,False,False,39695.0,46
758b8307071957eb86c89a180b187482,374,,Candidatus Cloacimonetes bacterium 8-LJY_003,1.0,0.9873,False,False,2030808.0,1
80ec5ef8c3af388c768221021941877e,374,,Clostridia bacterium 80130c35-1b44-45cf-b5f4-dec04e696a57,0.998,0.9951,False,False,2044939.0,1
123c678eddb7c7e2b7393ca738c84596,372,,Candidatus Darwinibacter acetoxidans M4B_bin13,0.9971,0.9849,False,False,3082383.0,2
efe6fa9e73779825320958490553322f,374,,Candidatus Cloacimonadota bacterium USMO_maxbin.063_sub,0.9966,0.9946,False,False,2030808.0,2
6beaf7c505778021c6d149ffc3a6d02d,371,,Caloramator sp. KatS3mg079,0.9985,0.9912,False,False,1871330.0,1
a954a29c70499c3c72ee396f69b71c51,372,,Brevundimonas naejangsanensis TWI573,1.0,0.9932,False,False,588932.0,8
0c0dcadbd501e2c17ca71995ed0b7ee1,374,,Pirellulales bacterium Bin_30_5,1.0,0.9893,False,False,2715253.0,1
ffb24eab9531da0542b30ff802e34b65,374,,uncultured Saccharofermentans sp. 009b34df-6986-4c74-874c-2c53a54848ac,0.9985,0.9946,False,False,1434378.0,2
9e3e461620d3bc6fb82b614f65a5a69b,375,,Microbacterium sp. BLY,1.0,0.9941,False,False,2823280.0,245
caddc7c3f8e30f2e74778fca73689c4b,374,,Clostridium sp. OS1-26,1.0,0.9946,False,False,3070681.0,5
fb9d8df11e01ae4c33acac6db5a518b8,373,,uncultured Alphaproteobacteria bacterium MFD05442.bin.2.187,0.999,0.9897,False,False,91750.0,1
e1d678e0c2f5463421eec27874b0fab3,374,,Rhodanobacter thiooxydans FW510-R12,0.999,0.9849,False,False,416169.0,11
564dff3148781f436e49ebbfb2590a6a,372,,Mesorhizobium sp. L-8-3,0.9985,0.9907,False,False,2744522.0,2
7bfcdea57cc8e4bab6f3f3505b0dd682,372,,Provencibacterium massiliense strain MGYG-HGUT-02410,0.9932,0.9888,False,False,1841868.0,4
cbbd3fd672febff085d5ca40c28282da,369,,Firmicutes bacterium OH_SDB_161,0.9985,0.9951,False,False,1879010.0,1
f4acc40b7b61bf7126ad84af26e93ed9,375,,Mycolicibacterium tokaiense SRL2023-035,1.0,0.9932,False,False,39695.0,46
0b9c934012caa8a6606599ddcb49c15b,372,,Acidithiobacillaceae bacterium TVZ.SD19.121,0.9946,0.9932,False,False,2813020.0,1
8fa90e60ddaccabffcd68f6a481318a2,374,,Anaerolineaceae bacterium 6_bin.133,0.9956,0.9902,False,False,2024896.0,1
72d63057d6e53e6e72b1af409c9ed0fb,373,,uncultured Clostridiales bacterium strain 86,0.9985,0.9897,False,False,172733.0,1
33bf7c73050395fa47eea57f63c0f87f,371,,[Eubacterium] infirmum SRR17738114_bin.5_MetaWRAP_v1.3_MAG,0.9971,0.9922,False,False,56774.0,3
26410d712017c834dccf638a040f9002,373,,Hungatella sp. UBA4396,1.0,0.9951,False,False,1946596.0,1
c1795fae23a34030462cf6e6267b85b3,378,,Methanobacterium sp. MBAC-LM,0.999,0.9902,False,False,3412034.0,1
39e25be575139fbcbcacc15a872bdbad,373,,Intestinimonas gabonensis strain NSJ-47,1.0,0.9927,False,False,1702285.0,1
556209f2b9e893a0e4b6559c1528e596,373,,Oscillospiraceae bacterium CE91-St41,0.998,0.9897,False,False,2485925.0,2
90a5e55fa876aa0bf69ffe16087cd920,374,,Thermomicrobiales bacterium STL-CHL30,0.9995,0.9805,False,False,2482790.0,2
ba17ca70d77eba42e5aef9d3fcc1adf3,373,,Propionispora hippei DSM 15287,0.999,0.9937,False,False,1123003.0,1
c9e59947328c667e941ac56abed5c99f,374,,Bacillota bacterium MAG288,0.9976,0.9927,False,False,1879010.0,1
62925abc081ef537aea1336e58a4548a,370,,Bacteroidales bacterium 1-no_shock_S1_025,1.0,0.9937,False,False,2030927.0,2
b0d25a3bc288f3c5ac8b993c6e4504dd,373,,Oscillospiraceae bacterium CM18GR63 CM18GR_63,0.9985,0.9951,False,False,3085305.0,4
c2d746ce5aed150d6696eed8143ec2c7,374,,Christensenellaceae bacterium 01a02c0c-5802-4c47-8e2d-6646ecf7da28,0.9985,0.9941,False,False,2054177.0,1
2c4fdd0845cdde26dc7d98f576bb10e7,374,,Desulfotomaculum sp. strain UBA7919,0.9951,0.9917,False,False,41211.0,3
47515cfa358287ae00ead27b78b2285b,370,,Petrimonas sp. 5L_21_R1,0.999,0.9932,False,False,2023866.0,1
7cdf5d7931b4f4bcf64b7de23217f933,374,,Clostridia bacterium strain SM1-B15.1,1.0,0.9941,False,False,2044939.0,1
93d1b2dac4133553194837dd9fc38d46,373,,Anaeromusa sp. CA_92,0.9985,0.9868,False,False,1872520.0,1
d5004573c96ec6eedcc4348d1145db37,372,,Hyphomicrobium methylovorum strain Bras1,0.998,0.9927,False,False,84.0,1
39e228b03b2c3090589f7da2c5ae6038,372,,Eubacteriales bacterium CE91-St47,0.9951,0.9922,False,False,2831996.0,10
76822eb34ea3cf76c00fb31b39d43b12,375,,Mycobacterium tuberculosis strain 01-R1235,0.9995,0.9927,False,False,1773.0,8
a214ccee6e9a8749c048daa053ae51dc,378,,Methanobacterium sp. MBAC-LM,0.9995,0.9897,False,False,3412034.0,1
b9894ecd47f62b16d09553eba88c3e8d,369,,Firmicutes bacterium OH_HBB_247,0.9971,0.9937,False,False,1879010.0,1
ee4ac6545a6964811ec188369b533ff7,374,,[Clostridium] hungatei strain DSM 14427,0.9995,0.9922,False,False,48256.0,1
40e233849dcafd1ca1e5dd020826ec04,374,,uncultured Thermoleophilia bacterium MFD00032.bin.2.201,0.9995,0.9917,False,False,1497501.0,1
8a7df6e8751646d9927c0f0ed34cbf5b,374,,Eubacteriales bacterium STE_66,0.9995,0.9937,False,False,2831996.0,1
ac535b64f804c2eee5084adc741f7839,373,,Bacteroides uniformis MAG4275,0.9971,0.9941,False,False,820.0,3
6ba96f5208b35a9fa58a1e50271ece5c,372,,Melghirimyces algeriensis strain DSM 45474,0.9922,0.9888,False,False,910412.0,1
95efcfc5bf54e543b76173209e6ecfd9,374,,Christensenellales bacterium AnMBR.bin225,0.9985,0.9927,False,False,3083246.0,1
194253bf7725522741f6f5467928510d,374,,Christensenellales bacterium MAG790,0.9946,0.9912,False,False,3083246.0,1
c5f63d06bc0e136c998bf43f719776c3,370,,Geofilum rubicundum JCM 15548,0.9941,0.9873,False,False,1236989.0,1
f0b4d6d49281190556a6cc4d5286dfb6,371,,Proteiniborus sp. MB09-C3,0.999,0.9912,False,False,3050072.0,5
9895ece38025393ef9ccafafea501d77,373,,Robinsoniella peoriensis strain 6600698,1.0,0.9946,False,False,180332.0,5
5f50c109f3a9cdf90470d389e4797c67,375,,Mycolicibacterium sp. MU0050 strain Mu0050,0.9995,0.9922,False,False,3064284.0,4
134153c893d92731f1779897c269f055,370,,Methanothrix soehngenii STE_41,1.0,0.9893,False,False,2223.0,1
6786956e5d741de3549e1c89e3a608b0,371,,Clostridia bacterium strain HGM12673,0.9946,0.9897,False,False,2044939.0,1
e561c5c5f92aa66e6b1befb81385d1fc,370,,Bacteroidales bacterium strain R1-B4.1,1.0,0.9795,False,False,2030927.0,5
ba7e734314ca58b585509a99c1dc8f97,372,,Clostridium sp. MSJ-11,0.9985,0.9941,False,False,2841512.0,1
22b437d42a93adf1a1f4912a2f2bc487,372,,Betaproteobacteria bacterium strain Skiv_18-Q3-R9-52_BAT3C.176,1.0,0.9966,False,False,1891241.0,28
5cf9be63b0ce8289c8ac73ac5162ad0b,374,,Acetivibrio straminisolvens FC2,0.9985,0.9937,False,False,253314.0,3
18c8a1caa02afa9f20b6974f6da7568c,375,,Synergistota bacterium JPAS_maxbin.078,1.0,0.9849,False,False,2268202.0,1
8b2843ccdbc3d39c6d758b7f91388341,374,,Litorilinea sp. AnMBR.bin499,0.999,0.9878,False,False,2838787.0,2
5b2a2d09315ded235146cac2e767e89a,372,,uncultured Pygmaiobacter sp. ab326b93-8740-4076-8c40-45ee24942a32,0.9946,0.9932,False,False,1929308.0,1
d2f6165d08abe7fc34cde6d0173b9a8a,374,,uncultured Clostridia bacterium SRR5024280_bin.45_CONCOCT_v1.1_MAG,0.9985,0.9932,False,False,244328.0,1
b4675aefcee3975954467e51b228d6f2,373,,Clostridium sp. KNHs216,1.0,0.9878,False,False,1550235.0,3
2548f61c3083181969197199a1a27bf5,373,,Oscillospiraceae bacterium STF2_30,0.999,0.9902,False,False,2485925.0,1
ce94860005cb569777791022ac3014af,378,,Methanobacterium sp. YSL,1.0,0.9893,False,False,2841655.0,1
c97b49b5849b709da91fb5f6f48cd9eb,373,,Sphingosinicella microcystinivorans strain B9 strain B-9,1.0,0.9888,False,False,335406.0,6
5c8ca1fddc8497f2db7a63141e5cdc7f,369,,Soehngenia sp. W6,1.0,0.9956,False,False,1582259.0,1
9b38c83e9f4e2a1c9ccca312a8701603,373,,Candidatus Cloacimonadaceae bacterium AnMBR.bin480,1.0,0.9912,False,False,3064664.0,1
966a27b7648de7ac63f5c15a8be0d10a,374,,Phycisphaerae bacterium strain MAG49,0.9951,0.9902,False,False,2026778.0,1
2096bed8d8d3c009cd128c5f66954ed4,370,,Bacteroidetes bacterium ADurb.Bin123,1.0,0.9907,False,False,1852804.0,4
2b7920f905d876304aa83fc776cd91a4,374,,Hungateiclostridium alkalicellulosi strain DSM 17461,0.9995,0.9927,False,False,320502.0,1
a78a93326d787b79c22198acbce80e81,373,,Candidatus Cloacimonetes bacterium JPNA_maxbin.078,1.0,0.9912,False,False,2030808.0,1
d8c78611226dae60111f022dc0a9f947,372,,Alkalihalobacillus sp. R86527,0.9971,0.9941,False,False,3093863.0,5
5a68a3cca9a0816f321222936d3c0cb8,374,,Bacillota bacterium JPMR_maxbin.038_sub,0.9941,0.9883,False,False,1879010.0,1
4a76bdc5b45d149d7aa31d04b9f46dbe,370,,Spirochaetes bacterium ADurb.Bin001,1.0,0.9932,False,False,1852907.0,4
fa29a08838db72d944922cbf3ca72b38,365,,Firmicutes bacterium OH_CDB_149,1.0,0.9927,False,False,1879010.0,1
d5ba4ee44ca72bb2c78ee918d3d0707d,374,,Alkalihalobacillus sp. LMS39,0.9995,0.9956,False,False,2924032.0,2
3e7c933c821c9f18e53e1dda439951cf,374,,Anaerolineae bacterium AnMBR.bin280,0.999,0.9897,False,False,2052143.0,1
78655baa8fe07fac3df14b89c91be2bb,372,,uncultured Bacillaceae bacterium MFD05684.bin.3.35,0.9951,0.9932,False,False,197516.0,47
0e50bf3eae192d3ce32f00a74ffb97e3,374,,Bacillota bacterium MAG288,0.9976,0.9893,False,False,1879010.0,1
308aa3982d3c398eaae8efce7b0803f2,374,,Candidatus Cloacimonadota bacterium USMO_maxbin.063_sub,0.9995,0.9937,False,False,2030808.0,2
70d288ad69e9db19c1dac3bf211eaeb9,374,,Bacillus sp. FJAT-45350,1.0,0.9956,False,False,2011014.0,1
d7df91c0a9354c5b73ddf9b28799ae43,372,,Ralstonia solanacearum CMR15,0.9995,0.9956,False,False,859655.0,64
edb1b7dc98830cdfb83ef9466ad4aaaa,374,,Chloroflexi bacterium UR.bin258,1.0,0.9902,False,False,2026724.0,6
b0d26647a7f6153005ecd3ce5683ef89,374,,Sphingobium yanoikuyae A-TP,0.9956,0.9907,False,False,13690.0,1
caeb52da9a42b79671c85be97e7e6a89,374,,Firmicutes bacterium OH_PDB_197,0.9985,0.9907,False,False,1879010.0,1
2ac77d9e71c04c362eb0b22647bc57f5,374,,Dehalococcoidia bacterium strain BS5B11,0.9985,0.9922,False,False,2026734.0,1
60aded12db04cbb8ba0091f3bb63d0a6,375,,Leucobacter komagatae strain DSM 8803,0.999,0.9922,False,False,55969.0,2
0e94ac060981402de47bbf85360fea8b,378,,Methanobacterium sp. YSL,0.9995,0.9893,False,False,2841655.0,1
a8c0192a45a12e2f86fe50245c36917d,374,,Eubacteriales bacterium mix99,0.998,0.9946,False,False,3039678.0,3
800e0527da5f9218e61c70f7d0ec8715,368,,Flavobacterium sp. N503310,0.999,0.9937,False,False,2986839.0,2
e111f26c316c8b919015c64090c7cdef,369,,Clostridium aceticum strain DSM 1496,0.9995,0.9937,False,False,84022.0,1
aad81ac0351dcd619b00c97e690dfa5f,374,,Anaerolineae bacterium AnMBR.bin235,1.0,0.9912,False,False,2052143.0,1
fa83652d0f1eca666000903a370b6e14,374,,Lysinibacillus fusiformis PAMB2377,1.0,0.9961,False,False,28031.0,188
aa4b8fb0330c049740437e03fc90a40e,371,,Crassaminicella profunda strain Ra1766H,0.9971,0.9946,False,False,1286698.0,5
4e39e7f278e094156ebfcc28868dd7dd,378,,Methanobacterium sp. MBAC-LM,1.0,0.9902,False,False,3412034.0,1
6b68ebbc9e9e8d26fa7018cf163d4848,372,,Rhizobiales bacterium strain Hjor_18-Q3-R7-51_MAXAC.078,1.0,0.9937,False,False,1909294.0,1
371f00ae446e2e0a412ac4e6dcdacf85,374,,uncultured Clostridia bacterium MFD08669.bin.2.65,0.9951,0.9888,False,False,244328.0,1
cae75e1117d316c3a8f12909f766135b,375,,uncultured Actinomycetota bacterium MFD01299.bin.2.216,0.9995,0.9932,False,False,3039803.0,1
c2cac7d762781f38d91567c99eba157e,373,,Intestinimonas sp. CLA-AA-H199,0.9951,0.9893,False,False,2881257.0,6
c4112b995ef6cd2f05559f6a3057bc7c,378,,Methanobacterium sp. MZD130B,1.0,0.9849,False,False,3394378.0,3
2e8ba4a2f665cc3ad88530fc739b1f9c,374,,Pelotomaculum propionicicum strain MGP,0.998,0.9937,False,False,258475.0,1
faea8df7b37bdc2fd653a1c156baf7db,374,,Firmicutes bacterium JA1.bin10,0.9927,0.9868,False,False,1879010.0,1
6d9f5e802552ba002b8efdef2f9bbfec,374,,Dethiobacter alkaliphilus Z1002,0.9985,0.9927,False,False,427926.0,1
d22ab0227295d4646e98ca484b96c239,372,,Clostridium homopropionicum DSM 5847,0.9985,0.9932,False,False,1121318.0,1
f2fbdc2b912ea775653691981335232f,371,,Chloroflexota bacterium MEGAHIT-group-0.244,0.9946,0.9932,False,False,2026724.0,1
55f0a15d367f1f98823a8accf53c1ab4,372,,Oryzisolibacter sp. LB2S,0.9995,0.9961,False,False,3228789.0,1
b9d27d1dc44fea66778479161f6ed7c6,374,,Firmicutes bacterium ADurb.Bin248,0.9985,0.9927,False,False,1852886.0,1
fff6f2b1de224120c999dde9f25fcd0a,372,,Achromobacter sp. CA_2019_NHSR_37,0.9995,0.9941,False,False,134375.0,2
e8b184a091b069447aaa71429105e326,373,,Sphingopyxis granuli A2-E30,1.0,0.9883,False,False,267128.0,6
326834f69c357dad79f31e792597dd1d,378,,Methanoregulaceae archaeon CTOTU18331,1.0,0.9897,False,False,2485498.0,6
351fdba7f02fbaff27a231855c689a8a,375,,uncultured Actinomycetota bacterium SRP098346_co1_226,0.9995,0.9932,False,False,3039803.0,1
9fd90ca5d6775c90e4e6e46e09b38313,374,,Christensenellales bacterium AnMBR.bin536,0.9971,0.9922,False,False,3083246.0,2
3b04ef795d02d4d5ddc42f2c2598e1d7,374,,Thiobacillus sp. strain SCN18_31_3_15_R5_B_63_816,0.9995,0.9902,False,False,924.0,1
4ff2d0f9ff5860f0d61f045ebb308e0d,375,,Mycobacterium tuberculosis strain 01-R1235,0.9995,0.9927,False,False,1773.0,8
9e91972e602f744d92a27f9585c4a19d,371,,Paraclostridium bifermentans strain DSM 14991,1.0,0.9966,False,False,1490.0,80
b7533224f1ef2f4739006dd83c6bf4d2,374,,Bacillota bacterium MAG288,0.9971,0.9888,False,False,1879010.0,1
5adea97be7d61a174324b19e19ba1dea,375,,Salinibacterium sp. dk2585,1.0,0.9946,False,False,2603292.0,7
65f35a04bab9de1b0fa33126b4db52e7,372,,Achromobacter sp. CA_2019_NHSR_37,1.0,0.9937,False,False,134375.0,2
1449d53a8ab97ad249f2332b5bd012b9,374,,Proteiniphilum sp. strain Rep1_Bin026,0.999,0.9946,False,False,1926877.0,1
043c5bc3b765f90981eb6625127663ef,371,,Aminivibrio pyruvatiphilus strain DSM 25964,0.9995,0.9922,False,False,1005740.0,1
bea331330a1f00d2ccef18e7b8d75a4b,371,,uncultured Peptostreptococcaceae bacterium MFD05674.bin.3.33,0.9995,0.9966,False,False,331629.0,1
82eeb8631b1f7982fd141bbf2ed2f4dc,372,,Proteiniphilum sp. SO_2017_LW3_98,1.0,0.9888,False,False,1926877.0,3
899bfc3202ef1effff6e234fa8517ff3,370,,Paludibacter sp. RA_AS_maxbin.074,0.998,0.9941,False,False,1898105.0,1
44292adaa0ea18b1b38d7e38695a72b1,372,,Christensenellales bacterium AnMBR.bin221,0.999,0.9922,False,False,3083246.0,1
29cd0f756cdd319b032b1b1eb1be4c8f,370,,Anaerotignaceae bacterium D1125bin47,0.9985,0.9946,False,False,3121680.0,1
c4c43c34cccdf1faffcd3c478db50fee,374,,Acetivibrio straminisolvens FC2,0.9976,0.9927,False,False,253314.0,3
3133e9e795b0c90e4bcd8791956042d1,374,,Anaerobranca californiensis DSM 14826,0.999,0.9907,False,False,1120989.0,1
873b71b30dcfcdbdf2e7080dd9db241f,373,,uncultured Chloroflexia bacterium MFD05942.bin.2.46,0.9985,0.9839,False,False,1672391.0,1
88399278e67a6f27c1c493c39b174391,379,,Paenibacillus phyllosphaerae DSM 17399,1.0,0.9888,False,False,274593.0,14
299ccc8e8ff39974e43c21db8583539d,371,,Romboutsia sp. CE17,1.0,0.9971,False,False,2724150.0,24
cadb4455b724f027fc10968f3b93c4f5,372,,Hyphomicrobium sulfonivorans strain S1,1.0,0.9917,False,False,121290.0,6
e04d49b3a01d91878d1c27f4e22b074e,378,,Candidatus Hadarchaeum sp. AfrMine_MM5_34_173,0.9971,0.9834,False,False,2883567.0,4
8bf3a15fcb9d5db4fd6f5f1e60dbdd2f,374,,Candidatus Brocadia sp. strain SB37,0.998,0.9907,False,False,2172549.0,1
704d9e2c5c3cea3c4683fe56146b043e,371,,Aminobacteriaceae bacterium AnMBR.bin347,0.9976,0.9883,False,False,3034609.0,1
74316f0e658505498c0bd04393736a67,372,,Bosea sp. NBC_00550,0.9995,0.9961,False,False,2969621.0,2
64fc10f0a6641c24f1fc81c23d55d3b7,369,,Clostridium aceticum strain DSM 1496,0.9995,0.9927,False,False,84022.0,1
b1b1498a8ac17d5a79c894f70b0ff7c3,374,,Hungateiclostridium clariflavum strain 4-2A,0.9966,0.9907,False,False,288965.0,2
f988ea53dbaa37384a49d4315240db30,374,,Lysobacter sp. Alg18-2.2,1.0,0.9873,False,False,2699169.0,1
a73d6b4ed74fd4af4a3c77ef62e48ec5,374,,Caldicoprobacter algeriensis TH7C1,0.9956,0.9927,False,False,699281.0,2
e49e2d1740b2969d15197f16c4681997,374,,Firmicutes bacterium strain THP_Bin_10,0.998,0.9932,False,False,1879010.0,1
4e9f7176de6f2af840aa8a369a060705,372,,Bosea sp. TND4EK4 strain TND4EK4,1.0,0.9966,False,False,1907408.0,15
494686a85ca80380a18f37e6e723f6ff,374,,uncultured Gammaproteobacteria bacterium MFD02579.bin.2.49,0.9956,0.9917,False,False,86473.0,1
3f621680f877f8755d3bf38982001f7b,374,,Victivallaceae bacterium STCSWMC_215,0.9971,0.9932,False,False,2793042.0,1
475e27bf3e60bc624563dd2d438e0a64,374,,Alkalihalobacillus sp. DSM 8715,1.0,0.9951,False,False,79885.0,8
d049fee266c4b987284237c65812bd8b,365,,Erysipelotrichaceae bacterium a6ca34db-146c-4b31-b779-49751cb40439,0.9966,0.9907,False,False,2049044.0,1
f898c7a8c566d0beb46d5448dde2387c,372,,Bradyrhizobium algeriense strain RST89,1.0,0.9971,False,False,634784.0,852
fa7c27da02160cd4642de54d236e78fc,371,,Clostridium sp. CCUG 7971,1.0,0.9961,False,False,2811414.0,5
bc3c95276ce632909affc67f9294bde6,373,,Clostridiales bacterium LB2,0.9937,0.9912,False,False,2731377.0,1
19dccdcbb0a9ad59e58d289bcdb09295,372,,Marasmitruncus massiliensis strain Marseille-P3646,0.9985,0.9912,False,False,1944642.0,1
82027df46b4cddd4d7136ccfaa25a19f,374,,Candidatus Cloacimonadota bacterium USMO_maxbin.063_sub,0.998,0.9937,False,False,2030808.0,2
3ab03e560dde34c45b0a4e71c809c190,378,,Candidatus Hadarchaeum sp. AfrMine_MM5_34_173,0.9976,0.9854,False,False,2883567.0,4
deac35bb9d47f67965b800fa6c414dea,373,,Stenotrophomonas sp. CTOTU47170,0.9932,0.9912,False,False,69392.0,1
9c4d55fa490cfb3be28c93ed90a4859d,374,,Candidatus Bathyarchaeota archaeon DYS_5,0.9966,0.9917,False,False,2026714.0,1
d98dabbea4fe10de13ec5310782324e8,372,,Xanthobacter sp. V3C-3,1.0,0.9907,False,False,3119935.0,2
07751ebfb567d65db3f366d9c4037e68,377,,Methanomassiliicoccales archaeon RumEn M1 EST-A-0001,0.999,0.9907,False,False,1713724.0,2
712f87f5d819a247fd620da2e5d1ba23,374,,Christensenellaceae bacterium c84a42d1-d9c9-443e-85ff-73520b584de8,0.999,0.9917,False,False,2054177.0,1
d5c1df7b4eb6d1dad40cfc965a64dc91,374,,Candidatus Contubernalis alkalaceticum Z-7904,0.9976,0.9917,False,False,338645.0,1
3756db37fff5d61b7ec84aad15fa4c44,374,,Thermoanaerobacterales bacterium SK-G1,0.9941,0.9888,False,False,2316383.0,2
48583aa878619934f2f6d8583cccae68,378,,Methanobacterium sp. MBAC-LM,0.9995,0.9902,False,False,3412034.0,1
50f6937d35cf193c1881b6fb7c273225,378,,Methanobacterium sp. MBAC-LM,0.9995,0.9897,False,False,3412034.0,1
5c331188779be5bb65a2e80544aa8dea,374,,Bellilinea caldifistulae strain GOMI-1,1.0,0.9868,False,False,360411.0,3
4cbb5aa3c9c081eb194c9ef48904828d,371,,Anaerovoracaceae bacterium d0a44124-bd0d-43a8-b654-cc1806fddd19,0.9995,0.9946,False,False,3030912.0,1
3ab7c5dece6b62c7faf92b667d63b4a0,373,,Oscillibacter sp. CTOTU46994,0.999,0.9946,False,False,1945593.0,2
6239566d7bda185bbc00c6475202b675,365,,Acholeplasmataceae bacterium strain UBA12080,0.9976,0.9883,False,False,1898209.0,1
f07216e3758674127b729897fc2945ba,374,,Actinobacteria bacterium strain palsa_647,0.9961,0.9893,False,False,1883427.0,1
462e7271eadc14fcbbd7f4fda8ca193a,374,,Firmicutes bacterium Bin_53,0.9956,0.9932,False,False,1879010.0,1
0d01943ed06ec0c8998ac39665f5452a,374,,Candidatus Darwinibacter acetoxidans M4B_bin34,0.9956,0.9937,False,False,3082383.0,1
9d172cf068d4eda0c6d68f5b9cc75a1e,374,,Firmicutes bacterium OH_CDB_78,0.998,0.9937,False,False,1879010.0,1
6c75ae436af6e5a1e5b5cdec03d1fd65,374,,Syntrophomonas wolfei strain UFZ-1H7,0.9976,0.9922,False,False,863.0,12
9351cccfbe9ec3b210cc47272367a7df,371,,Bacillota bacterium JPMR_metabat.53_sub,0.9976,0.9922,False,False,1879010.0,1
300fe288268b05ea9ab54feeaac5ac13,374,,uncultured Halothermothrix sp. SRR5007349_bin.152_CONCOCT_v1.1_MAG,0.9971,0.9912,False,False,543059.0,1
5346417a16a786a9003aaee8d9cf6253,369,,Bacteroidetes bacterium ADurb.BinA104,0.999,0.9946,False,False,1852816.0,1
57d80e7465d3924d85b75767855a3c4f,374,,Desulfosporosinus sp. SbF1 strain Peat soil MAG SbF1,0.9961,0.9932,False,False,2043169.0,1
bcfc5d3c9a3586094059acfae2f253f4,375,,Candidatus Nanopelagicales bacterium STL-ACT33,1.0,0.9917,False,False,2518612.0,2
32d1077d28b29a3f6b93e1c0cbad6fda,375,,Chloroflexota bacterium JPNA_maxbin.017_sub,1.0,0.9927,False,False,2026724.0,17
9686ac0f1487906d7d6ebd3fd7dc8d2b,373,,Bacteroides thetaiotaomicron SRR22541664_bin.3_MetaWRAP_v1.3_MAG,0.9971,0.9922,False,False,818.0,1
69b20cc817bea5dcb9b42ccea6416abb,367,,Acholeplasma laidlawii strain NCTC10116,1.0,0.9873,False,False,2148.0,9
a049ac86c03db7991ef693a1bb025681,378,,Methanobacterium sp. MBAC-LM,1.0,0.9897,False,False,3412034.0,1
7229a1a874924db8456664b2a5985136,374,,Herbinix hemicellulosilytica strain LL1355,0.9985,0.9961,False,False,1564487.0,1
41d1c01fdc01041978b943ebfa386bdb,372,,Candidatus Darwinibacter acetoxidans M4B_bin13,0.9951,0.9902,False,False,3082383.0,2
eefd58e34806834774cf090051744fd6,370,,Anaerolineaceae bacterium maxbin2.bin.9,0.9995,0.9927,False,False,2024896.0,1
07a0a37967e31e9f4fe1683f99cc42b7,374,,Eubacteriales bacterium mix99,0.9976,0.9941,False,False,3039678.0,3
ce835292dded53d610b8b1ca216711c5,371,,Anaerovoracaceae bacterium cdaadf04-e2f3-4fd8-80f9-b39a06479d73,0.9985,0.9946,False,False,3030912.0,2
7c6299b064794dfea9e563a4645d1bbf,378,,Methanobacterium sp. MBAC-LM,0.9985,0.9902,False,False,3412034.0,1
54c489de5ec8c0e9aa68974f8f39d713,372,,Aquamicrobium sp. ACE_NR_PROT10,1.0,0.9946,False,False,1872579.0,1
fd7c9ad162f78a62dda5099c417becc6,373,,Anaerolineae bacterium AnMBR.bin199,1.0,0.9917,False,False,2052143.0,2
f04ff31f64577aa1ffb8bae8e5bb7028,373,,uncultured Eubacteriales bacterium metabat2_pooled_hifiasm.126 MAG,0.9902,0.9854,False,False,172733.0,1
64303da63d4474d55a0486a7f379c2ba,374,,Spirochaetales bacterium Spiro_06,0.9976,0.9932,False,False,1674862.0,1
7c02fc116dfd968c72ec176c6b121a3a,372,,Bacillota bacterium JPMR_metabat.40_sub,0.9956,0.9888,False,False,1879010.0,1
527903fbf386db15505deed22209fe0a,374,,uncultured Saccharofermentans sp. 009b34df-6986-4c74-874c-2c53a54848ac,0.9985,0.9951,False,False,1434378.0,2
cfd8b4faf14870a6bdb89a001e770060,372,,Comamonas sp. MFD12223_ilm_asm_bin4,1.0,0.9946,False,False,34028.0,2
d2324169a6d55451e2666edc82665cba,372,,Firmicutes bacterium strain MES11,0.9956,0.9927,False,False,1879010.0,1
947e4a587725a525a54833c06fcbab42,373,,Candidatus Darwinibacter acetoxidans M4B_bin26,0.9937,0.9893,False,False,3082383.0,1
402e6b5b282305d18249bfd6887eee0a,373,,Lacrimispora sp. BS-2,0.9995,0.9946,False,False,3151850.0,2
b513381a51c3d1b0d7e568a804954430,378,,Methanobacterium sp. MBAC-LM,0.999,0.9883,False,False,3412034.0,1
713956008008d889ae4a6327cb4f1061,371,,Synergistaceae bacterium strain SM1-B17.2,0.9995,0.9893,False,False,2053624.0,1
1be424347c91d4aef0664f5e7d157c32,373,,Christensenella sp. MSJ-20,1.0,0.9878,False,False,2841518.0,1
144e3876b7943b5474d329bec54856a4,378,,Methanoculleus sp. 7T,1.0,0.9858,False,False,2937282.0,1
1b928ac12dc87878c3c36113baa33d56,372,,Microcoleus sp. Pol1C5,0.9985,0.9927,False,False,3055406.0,3
281228d4a8faf2330f12bda44eeeb6af,370,,Anaerolinea sp. Uz-U4-01,1.0,0.9844,False,False,1872519.0,2
8fd7af3fd41ce627d8be20317e594132,369,,Clostridium aceticum strain DSM 1496,0.9971,0.9907,False,False,84022.0,1
068318d9dda2d16e8aa77418261bd64b,371,,bacterium 5-aug_S3_029,1.0,0.9912,False,False,1869227.0,1
7ca0aa981440578673a435c612592e0b,371,,Aminivibrio sp. AnMBR.bin272,1.0,0.9912,False,False,1872489.0,1
67eb9981d1bfffccac7b787cebaaa01b,370,,Bacteroidales bacterium 6865eb80-0167-452b-a26f-3b1968b004fa,0.9971,0.9907,False,False,2030927.0,1
cac0146ef6e3485fd6a9f6cd8f6ccb06,372,,Christensenellales bacterium AnMBR.bin221,0.9985,0.9922,False,False,3083246.0,1
9ff60b1660430eecb3f6b31e6f3db189,372,,Firmicutes bacterium OH_HBrB_188,0.9961,0.9922,False,False,1879010.0,1
349d6e0ff74f02b6d2d55d29a6084ea2,375,,Marmoricola sp. AS_Ams2_Bin1,1.0,0.9946,False,False,1909296.0,1
99f9b204f31c6690c17496f44394b974,375,,Leucobacter sp. 7(1) strain 7(1),1.0,0.9941,False,False,1255613.0,17
dbb33c04baa39aa2036f66ac54d07dac,374,,Syntrophomonadaceae bacterium AnMBR.bin200,0.998,0.9951,False,False,2093811.0,3
203409814477d3107596c93e9ba7e5bc,374,,Eubacteriales bacterium STE_66,0.999,0.9932,False,False,2831996.0,1
8e9415fb1edc2f6f3ccda52f97761c01,372,,Gemmobacter megaterium strain DSM 26375,1.0,0.9951,False,False,1086013.0,2
cff8e2e801a0c5c478ebbe42363d2ee7,374,,[Clostridium] stercorarium subsp. stercorarium DSM 8532,0.9956,0.9883,False,False,1121335.0,3
effac6ec8d11ae5d2d4f029c5f18e3be,370,,uncultured bacterium SRR3901694_bin.115_CONCOCT_v1.1_MAG,0.9937,0.9873,False,False,77133.0,1
fb89ee34d5f2ddb3d1ce9da15080b792,368,,Tenericutes bacterium strain zrk4,0.9985,0.9946,False,False,2231116.0,1
07e45dbcdbdf6f14162122517de780b0,371,,Intestinibacter bartlettii 29-1_95,1.0,0.9956,False,False,261299.0,1
10bb410cab85c3ad55c3e1b7a643ae2a,370,,Cronobacter dublinensis strain cro2915W,1.0,0.9927,False,False,413497.0,4
fa8e5e27d8fba25e37fc05340a105914,377,,Methanomassiliicoccaceae archaeon AnMBR.bin132,1.0,0.9907,False,False,2052168.0,5
a5ad9574a1f8aea06b6dfaff6eddfff7,373,,Crocinitomicaceae bacterium CTOTU27890,1.0,0.9922,False,False,2026728.0,10
ffc8f144edd6d82dce1b1b9056b59bef,375,,Tautonia sp. JC769,0.9971,0.9805,False,False,3232135.0,1
1ec11c735d1eb801372d246be26034d7,374,,Firmicutes bacterium OH_PDB_197,0.9985,0.9917,False,False,1879010.0,1
88dc9b1bf64124875974e6e8ce1bb2e0,374,,Dietzia sp. 2505,1.0,0.9941,False,False,3156457.0,10
713e9dcfb8f87d843735061fd6bfe1e1,376,,Armatimonadetes bacterium strain Ch33,0.9927,0.9888,False,False,2033014.0,1
b4ddae050e7f8cb4e050ab8c7595731c,372,,Christensenellaceae bacterium da5b4d75-ff56-416d-93ad-0d8c7092aa02,0.9971,0.9941,False,False,2054177.0,1
3182f7f1481c062400961d614823e485,373,,Lacrimispora sp. BS-2,1.0,0.9946,False,False,3151850.0,2
37d606d03d54c46da31b937d8f5b6b61,373,,Propionispora hippei DSM 15287,0.999,0.9932,False,False,1123003.0,1
c97244fcde2f912b5f515df2d4803f23,374,,Bacillota bacterium bin10.1,0.999,0.9946,False,False,1879010.0,2
057bcefe7d185d0daf7b610144b1fa59,374,,Thermomicrobiales bacterium ACE_NR_CHLO14,0.9995,0.978,False,False,2482790.0,3
49c2b5d0aaf2ac8b0ee6cae5b6c5a8f4,372,,Pseudolabrys sp. GY_H,1.0,0.9956,False,False,2292256.0,2
8d5c57433a03e4329c7e6b3aaf6668a1,371,,Rhodoligotrophos appendicifer strain 120-1,0.9961,0.9956,False,False,987056.0,1
6ebfd1a0916bd58f511567f732c9a115,369,,Bacteroidota bacterium USMO_maxbin.076_sub,0.9951,0.9912,False,False,1898104.0,2
f20c6c1ebf09a1b98bf630fc9920e8b6,374,,Bacillota bacterium JPNG_maxbin.056_sub,0.9976,0.9922,False,False,1879010.0,1
270c5d9a2223e0f5d99547e426bc19e4,378,,Methanobacterium sp. MBAC-LM,0.9995,0.9897,False,False,3412034.0,1
0530769e11e7f6b51e29aec47064b7cf,373,,Candidatus Avoscillospira stercorigallinarum metabat2_pooled_hifiasm.146 MAG,0.9976,0.9897,False,False,2840708.0,1
bdd1ff0b7dda6da30f922fc86600543a,372,,Clostridium culturomicum strain Marseille-P3545,1.0,0.9917,False,False,1964382.0,1
8d6e9c000ccfb1a2eb70d805990db95d,371,,Lachnospiraceae bacterium AnMBR.bin497,0.9995,0.9937,False,False,1898203.0,1
3892a23964c9001040eea776fb2181d7,378,,Cronobacter dublinensis strain cro2915W,0.9995,0.9888,False,False,413497.0,1
4cec2826da45c90930f69ae290165f1d,373,,Syntrophorhabdus sp. strain Gw_SlDig_bin_301,1.0,0.9922,False,False,,4
43c0b25b6784fa0e906d10eea57852c8,374,,Clostridia bacterium AnMBR.bin524,0.9971,0.9956,False,False,2044939.0,1
353932b8f9bc8551107028bbc48b250c,372,,Clostridiales bacterium SUG1374,0.9941,0.9893,False,False,1898207.0,1
b97547037e6bed020583b930bd3684cc,371,,Smithellaceae bacterium AMR_MDS_4314,1.0,0.9922,False,False,2964540.0,2
6bbba65392a923662648a61d94002b30,371,,Clostridium estertheticum CF007,0.9951,0.9937,False,False,238834.0,51
3e0febfb4a6a1915ac7dbadd489360be,372,,uncultured Alphaproteobacteria bacterium MFD04651.bin.1.141,0.9995,0.9951,False,False,91750.0,1
0cdf6b354c008cd74c18af9f484f8bf7,370,,Anaerolinea sp. Uz-U4-01,0.9995,0.9839,False,False,1872519.0,2
df20ccfbfc0741ee313d9e9433dbac01,373,,Dehalobacter sp. DAD,0.9976,0.9922,False,False,1962289.0,1
1cb61b915d95b3ecc06c6a25f791670e,370,,Geofilum rubicundum JCM 15548,0.9951,0.9902,False,False,1236989.0,1
94c501c5d59dddbd80effa77dbceebe0,374,,Firmicutes bacterium Bin_53,0.9951,0.9912,False,False,1879010.0,1
ee84ea845fe5d8d3ed55ae230c5b7e62,374,,uncultured Halothermothrix sp. SRR5007349_bin.152_CONCOCT_v1.1_MAG,0.9946,0.9917,False,False,543059.0,1
f16e4c6266ddf5fc9dd22ebb744cb295,371,,Anaerovoracaceae bacterium 4d0eff97-7de3-49ad-953d-66426f0db4f8,0.9985,0.9946,False,False,3030912.0,2
bab46dfd2ebedb1ecc30e955eb423156,369,,Alkaliphilus hydrothermalis strain DSM 25890,0.999,0.9946,False,False,1482730.0,1
fdbf76a389e7e1045f64dcd50696b8e7,374,,Candidatus Pullichristensenella sp. AnMBR.bin484,0.9995,0.9937,False,False,3097447.0,1
a6e69a1d97c797ccefc9a46e1e9d59b9,376,,Planctomycetota bacterium AMR_MDS_2265,1.0,0.9844,False,False,2026780.0,19
1071b98661dd8853c0e46701d6b23af6,374,,Christensenellaceae bacterium strain SQ_MAG_4,0.9966,0.9941,False,False,2054177.0,1
c1ed97b9675b1d0f08c9cd6e6ab9eb76,370,,Bacillota bacterium USOA134_maxbin.217_sub,1.0,0.9907,False,False,1879010.0,1
6ba11aa98436328c7d53c0b5db9dd2b0,374,,Cronobacter dublinensis strain cro2915W,0.9961,0.9937,False,False,,1
592e037654532013ab7258e4ae16b0b5,374,,Armatimonadota bacterium AS-MESO-3CA.311,0.9961,0.9907,False,False,2033014.0,1
99b459540b7b4682716095be1962981e,373,,Candidatus Cloacimonetes bacterium JPAS_maxbin.214,1.0,0.9902,False,False,2030808.0,2
91ae0ed28c5142ecc8b8e9a5d5f707d5,374,,Clostridium botulinum SC009,1.0,0.9941,False,False,1491.0,407
b659fcf2b17787c3e45bedfc42a89936,368,,Tenericutes bacterium strain zrk4,0.9976,0.9932,False,False,2231116.0,1
440cf59737156116c2e42f84552562b8,372,,Aquamicrobium sp. cd-1,0.9995,0.9951,False,False,2781738.0,2
4427597bcba686e28f83a29252ed6e17,392,,Lentimicrobiaceae bacterium strain DFE_LEN,0.9907,0.9902,False,False,2026756.0,1
c0accb6471609a9265cb168064555980,371,,Bacillota bacterium JPMR_metabat.53_sub,0.998,0.9937,False,False,1879010.0,1
e17dcd58f6ca08bacf65afcde751be53,374,,Bacillota bacterium MAG288,0.9956,0.9902,False,False,1879010.0,1
beb16d17921d9d616810cfda4d470651,375,,Leucobacter luti strain RF6,1.0,0.9937,False,False,340320.0,8
c04f2aa72eb5915198cc74dedbb985ea,372,,Christensenellaceae bacterium da5b4d75-ff56-416d-93ad-0d8c7092aa02,0.9976,0.9932,False,False,2054177.0,1
0cfcb3be22238be1393c01bbede5d1d9,393,,Burkholderia cenocepacia strain K56-2,0.9897,0.9912,False,False,95486.0,1
147f672fdb531def69cb4b3f1c5029da,375,,Leucobacter exalbidus strain DSM 22850,0.999,0.9946,False,False,662960.0,1
85f6db727b9f9f28fa57d33177a6f386,372,,Nostoc sp. CHAB 5715,0.9995,0.9961,False,False,2780400.0,6
5c52186b7c44d5709af099adc5dea216,378,,Methanobacterium sp. MBAC-LM,0.9995,0.9907,False,False,3412034.0,1
b59754bec2dc431ceec006fa8d612183,369,,Serpentinicella alkaliphila strain 3B,1.0,0.9917,False,False,1734049.0,2
5f41d216306c604d87ba8ffe56340e7f,374,,Thermoanaerobacterales bacterium SK-G1,0.9956,0.9893,False,False,2316383.0,2
d7e616d63605ffd0d9129244621edbfc,372,,Synergistaceae bacterium DZ-S5,1.0,0.9888,False,False,3397570.0,3
4faa3699baba0e697f56b8f69a2a1f40,374,,Clostridia bacterium AnMBR.bin495,0.998,0.9946,False,False,2044939.0,1
da066c0fbe0dcc118b4086184c3a4833,374,,Christensenellales bacterium AnMBR.bin514,0.999,0.9883,False,False,3083246.0,1
135f3b8eaf65e4c59bcd692de4f6d6ae,378,,uncultured archaeon CTOTU39356,1.0,0.9907,False,False,115547.0,2
941c985cd594eddbaa7ba0e614bdf30f,376,,Ancrocorticia sp. 5N183,1.0,0.9927,False,False,2593684.0,3
f9e991f7932771f75b908089e6a3c5f0,371,,Cronobacter dublinensis strain cro3214W,1.0,0.9907,False,False,413497.0,1
471ee7e3392aa06c75547eca0d50fdec,374,,Acetivibrio straminisolvens FC2,0.998,0.9927,False,False,253314.0,3
da42156b748b0af3ebc3c6268720755e,374,,uncultured Chloroflexia bacterium MFD09964.bin.2.199,0.9961,0.9858,False,False,1672391.0,1
51f21ba905941f4cf5d9c5e0d6e00bd4,372,,Marasmitruncus massiliensis strain Marseille-P3646,0.999,0.9902,False,False,1944642.0,1
8e6aad6b74b9b6601b06801e804b3ab3,372,,Plastorhodobacter daqingensis CGMCC 1.12750,1.0,0.9937,False,False,1387281.0,1
14ce80de12b0526121a4d0f4058099d1,373,,Intestinimonas butyriciproducens 1001302st2_G10_1001302B_160321,0.9966,0.9932,False,False,1297617.0,39
e7fedde48db99c6379c14aea36d0e5d2,373,,Eubacteriales bacterium mix99,0.9946,0.9927,False,False,3039678.0,3
a017db3bfdae612d959f9edcc112104c,372,,Polaromonas sp. 17-63-33,1.0,0.9961,False,False,1970413.0,1
1910bfda20570cb1978198cf2fa8e330,374,,Bacillota bacterium CTOTU1827,0.9976,0.9941,False,False,1879010.0,1
937806dd600ece921faa49ac16d4cdb0,372,,Bacillota bacterium JPMR_metabat.40_sub,0.998,0.9912,False,False,1879010.0,1
18ad5983778a83a204dd34420be14f74,372,,Bosea minatitlanensis #10 (MBG-DUTH)/DSM 13099 (ELTE) strain #10 (MBG-DUTH)/DSM 13099 (ELTE),0.9995,0.9961,False,False,128782.0,11
d0d582d9d9b71467f236f9bace54eea5,372,,Oryzisolibacter sp. LB2S,0.9995,0.9961,False,False,3228789.0,1
0b9435a851d1e394bd12d008525a6197,374,,uncultured Planococcaceae bacterium MFD07841.bin.2.61,0.9995,0.9966,False,False,349279.0,1
eb689bb0db80cb3fc1f81366f262fd18,370,,Myroides odoratus IAM,0.9956,0.9922,False,False,256.0,1
c66eb033bf0d849bf345c2a07db3727e,374,,Bacillota bacterium MAG288,0.9985,0.9907,False,False,1879010.0,1
2b62bf55e8226888eabfb4f4da82a02f,374,,uncultured archaeon MFD03899.bin.2.173,0.999,0.9927,False,False,115547.0,1
ef7c28bb28866912b76003ee110bdf6b,374,,Pseudoxanthomonas mexicana isolate_71,1.0,0.9951,False,False,128785.0,3
d56e57f7a7e3a1b98778de802e7097d0,372,,Clostridium cochlearium strain NCTC13028,0.9956,0.9941,False,False,1494.0,12
451acf82a2350fce17f55d27708aa232,373,,Bacillota bacterium MAG64_SZBP,0.9966,0.9907,False,False,1879010.0,2
d947bf2404132e0163f3c59d1bce36f7,370,,Bacteroidetes bacterium ADurb.BinA104,1.0,0.9907,False,False,1852816.0,2
519b05506b5c8269406e94701c3ff01a,372,,Christensenellales bacterium AnMBR.bin221,0.9971,0.9897,False,False,3083246.0,1
4c6fec9eef4f5c3e8e6b7fee60a68994,372,,Comamonas sp. MFD12223_ilm_asm_bin4,1.0,0.9946,False,False,34028.0,2
de6e665cc2a0ca6ca74b71b0581558e7,377,,Methanomassiliicoccus sp. l1m-96,0.9995,0.9902,False,False,2528041.0,1
25fd077b762513468941fbac535c9506,374,,uncultured Candidatus Berkelbacteria bacterium SRR5576005_bin.117_CONCOCT_v1.1_MAG,1.0,0.9766,False,False,1664347.0,1
ec32cc6605cedce13a2049357143079a,374,,uncultured Saccharofermentans sp. 009b34df-6986-4c74-874c-2c53a54848ac,0.9961,0.9922,False,False,1434378.0,2
d2e29353b6ede10f1607456fa86e6300,372,,Chelativorans oligotrophicus strain LPM-4,0.9995,0.9937,False,False,449974.0,2
01a80919b32734264f4c21669d8f2713,370,,Firmicutes bacterium OH_CBB_126,0.998,0.9946,False,False,1879010.0,1
ea4234d46b05a73fb2775aca82c702a2,374,,Thermanaerosceptrum fracticalcis DRI-13,0.9985,0.9946,False,False,1712410.0,1
956d35dae808c86e4c2763cba7d609fa,373,,Hungatella xylanolytica strain ASCUSBR21,1.0,0.9946,False,False,384636.0,1
5b02c8639023ea8693ddee6bf1597c70,378,,Methanobacterium sp. MBAC-LM,0.999,0.9878,False,False,3412034.0,1
41394ade15d1e8762a8d0b3599068bf2,370,,Fermentimonas sp. STC_109,0.998,0.9956,False,False,2023870.0,1
de46181cbf8f5129eec604079cf07d1f,374,,Eubacteriales bacterium STE_66,0.999,0.9941,False,False,2831996.0,1
8207352f9586edf5c23e242fba24021c,372,,Aquamicrobium soli KCTC 52165,0.999,0.9941,False,False,1811518.0,1
839049ed2eabc492bfa76bca3e4f9075,375,,Bacillota bacterium MAG326_KBP,0.9995,0.9873,False,False,1879010.0,1
58bcdde420158eabe69c67e4c9eb9245,374,,Thauera mechernichensis #50 (MBG-DUTH)/TV-105 (ELTE) strain #50 (MBG-DUTH)/TV-105 (ELTE),1.0,0.9951,False,False,82788.0,1
f652e7d536f18c98ef07c023937cfdb7,374,,Christensenellaceae bacterium 20c35e01-8a7f-49ef-9147-7de253b6e4f4,0.9956,0.9937,False,False,2054177.0,1
45f57e55f2f3051645343e39b90396ec,372,,Clostridiales bacterium DTU012,0.9946,0.9868,False,False,1671647.0,1
54b3f4205c019f5490d9dbe5af08955a,372,,Ruminococcaceae bacterium Marseille-P2935,0.9961,0.9868,False,False,1852383.0,1
136c27e1efa2b99fb71cdff938615daa,395,,Candidatus Hadarchaeum sp. AfrMine_MM5_34_173,0.9932,0.9814,False,False,2883567.0,4
bab16dfe7bab8f56e30de9733e5a5964,374,,Deltaproteobacteria bacterium USST_maxbin.014,1.0,0.9917,False,False,2026735.0,6
6650a92f75285af3244da368e945c376,374,,Oscillospiraceae bacterium nC33_bin.3.fa,0.9941,0.9902,False,False,2485925.0,1
723bd8389de26603c3e8283a20c163c7,374,,uncultured Candidatus Berkelbacteria bacterium SRR5576005_bin.117_CONCOCT_v1.1_MAG,0.9985,0.9771,False,False,1664347.0,1
5b346ae9f12ee4f745413918a78c62cc,371,,Clostridia bacterium strain HGM12673,0.9966,0.9927,False,False,2044939.0,1
c287fac948d2152e5ef093dc4b9ea1c6,374,,[Clostridium] hungatei strain DSM 14427,0.9985,0.9912,False,False,48256.0,1
01a540c3219dcfac8683674bf53a3d63,374,,Bacillota bacterium bin10.1,0.9985,0.9946,False,False,1879010.0,2
5f438bcb87bf9d011daee383cbf8268b,375,,Micropruina glycogenica JCM 10248,1.0,0.9922,False,False,75385.0,2
ca8aae833263295a5d0b4d66b8c06fdb,374,,Gracilibacter sp. BRH_c7a,0.9961,0.9941,False,False,1734398.0,1
27201d8b9c2a23edc5ee1b093c39fe46,371,,Clostridiales bacterium BAD-6,0.9995,0.9941,False,False,2818044.0,1
0eb81b066b350fa8fb0846020748be98,374,,Gracilibacter sp. BRH_c7a,0.9956,0.9937,False,False,1734398.0,1
be2d073abdb45af47fc76fa5752fb3f5,373,,uncultured Clostridium sp. min17_bin72,0.9932,0.9902,False,False,59620.0,3
c4587a7b24a6c49f9de0882e32f519f5,374,,Mycobacterium tuberculosis ERR176767,0.999,0.9937,False,False,1773.0,2
955d34a1529b6fbcf425ced56e3b7fc1,374,,Thermomicrobiales bacterium ACE_NR_CHLO9,0.9985,0.9766,False,False,2482790.0,1
76a43b01e1b397fed9d963f273f17a59,374,,uncultured Clostridia bacterium Lapin-026__bin27,0.9961,0.9888,False,False,244328.0,1
0425278120412320bdcb2c4814278c6f,375,,Phycisphaerales bacterium OFTM33,0.9941,0.9917,False,False,2052180.0,1
66c7b79c2f08d329223a3f4b048a6b10,374,,Ruminiclostridium thermocellum AD2,0.9985,0.9927,False,False,1138384.0,7
86ce8e836244a989d26315bf84d75d99,374,,Bellilinea sp. OMB012,0.9976,0.9902,False,False,2838785.0,1
d883b22e464393102af5c3372d061397,371,,Clostridia bacterium strain HGM12673,0.9956,0.9897,False,False,2044939.0,1
2afb474b8a2ab64685b85624763d2186,374,,Mageeibacillus sp. UBA5734,0.9941,0.9907,False,False,1946797.0,1
9e679d7c299efc7140f026781b04d72c,369,,Alkaliphilus sp. B6464,0.999,0.9951,False,False,2731219.0,2
beb160f1d174dc940a6dd9816c42ca01,375,,uncultured Actinomycetota bacterium MFD02840.bin.1.267,0.9995,0.9932,False,False,3039803.0,1
46984bc1f36f8a8835a4a7914c2502b2,372,,Christensenellaceae bacterium da5b4d75-ff56-416d-93ad-0d8c7092aa02,0.9976,0.9937,False,False,2054177.0,1
bbb8d866124b76dccef1a07447e2e183,375,,Gordonia iterans strain Co17,1.0,0.9932,False,False,1004901.0,2
c3764288be8ac8815185c4ee6d913e81,370,,Bacteroidetes bacterium ADurb.Bin037,1.0,0.9922,False,False,1852800.0,1
7dc6bc8a29e523ea6cd464f8db0a770d,374,,Clostridium peptidivorans strain src2,1.0,0.9956,False,False,100174.0,2
2b33fe69214c39198384dc9686326117,374,,Phycisphaerae bacterium 15dZY3.bin.36,0.999,0.9907,False,False,2026778.0,1
f829de4b8d089b0995e255f3335729a0,374,,Desulfitobacterium sp. CA_182,1.0,0.9922,False,False,49981.0,1
83d1208a372f046a842442d3a156c435,373,,Rhodothalassium salexigens strain IM265,0.9927,0.9868,False,False,1086.0,5
43c944338e9f3b7dbdf05108887a754a,374,,Cronobacter dublinensis strain cro3214W,0.9995,0.9902,False,False,413497.0,1
6575c99cec435a76668a7c45a05dd227,369,,Mycobacterium tuberculosis ERR176690,0.9976,0.9951,False,False,1773.0,1
85a27e670e0e57e67484195e26028b19,378,,Methanobacterium sp. MBAC-LM,0.9995,0.9907,False,False,3412034.0,1
3f9bbc037aa14387f62bff9e2cc84700,374,,Desulfuromonas sp. CSMB_57,1.0,0.9902,False,False,2807629.0,5
e5f056df23811f3fe0e48de4aafd0d9b,374,,Rhodanobacter sp. AS-Z3,0.9995,0.9863,False,False,3031330.0,7
ed2edabe2a0c276357f7f1f210bdeda7,373,,Candidatus Atribacteria bacterium strain RT761,0.9985,0.9819,False,False,2053509.0,1
4659fa38e38fa03ccd272117c33e2d0f,365,,Erysipelotrichaceae bacterium NSW-5,0.998,0.9956,False,False,2049044.0,1
c41c5795922c324df06444964515a11f,375,,Microbacterium pygmaeum strain DSM 23142,1.0,0.9932,False,False,370764.0,22
8afde037c611bdd1b53997b0f6b4dd7a,372,,uncultured Rhodoferax sp. binchicken_co296_124,0.9858,0.9858,False,False,223188.0,1
6cd5cb3562f8ff28e2e21339a4fc55c1,374,,uncultured Gammaproteobacteria bacterium MFD04434.bin.1.124,0.9966,0.9883,False,False,86473.0,1
3f9749b4bbd55e95797da2d7e27eb072,373,,Candidatus Atribacteria bacterium strain RT761,0.9985,0.9814,False,False,2053509.0,1
568d3fd2ad10e30c40ebd6793f956aaa,373,,Oscillibacter valericigenes Sjm18-20,1.0,0.9941,False,False,693746.0,1
aa64c95548409d1e294cd29e20473af0,374,,bacterium SUG591,0.9976,0.9902,False,False,1869227.0,1
6589433bc08b7cdc5ea1e4928683ed00,375,,Corynebacterium sp. NPDC060344,1.0,0.9917,False,False,3347101.0,25
913e8b6ddca7947f95db836301d8e9cd,372,,Rhizobium sp. strain LANL01E,1.0,0.9951,False,False,391.0,10
6504a13e2edb3328fffb344daf7b2ee3,374,,Flexilinea sp. AMR_MDS_2135,1.0,0.9907,False,False,2017390.0,6
892351141be327d407d7d063c3a74f59,374,,Eubacteriales bacterium mix99,0.9976,0.9937,False,False,3039678.0,3
80696a8e4c14013684c162880b99abc9,372,,Burkholderia semiarida CLM7-1,0.9995,0.9961,False,False,2843303.0,1042
026600da36b900cf6ff6ee481b90793a,374,,uncultured beta proteobacterium MFD04716.bin.1.308,1.0,0.9849,False,False,86027.0,3
87ced6667f7e72e893d3f02ac08066a2,372,,Angelakisella sp. strain RACS_027,0.9961,0.9927,False,False,1935177.0,1
a9d3a8d7e6ab34f69fa91fcce8bda39f,372,,Sphingopyxis sp. SMAG_U6396,1.0,0.9946,False,False,1908224.0,2
2e009092df813643f303457c87387ced,372,,Pseudorhodoplanes sp. bin.109,1.0,0.9961,False,False,1934341.0,1
0b1e8bf53bfe9e7b085b38ee902e1f4e,372,,Cronobacter sakazakii strain cro1509W,0.9932,0.9868,False,False,28141.0,1
61786e38b934cbe33d5850a578a7ee22,374,,Desulfitobacterium hafniense strain MGYG-HGUT-01388,0.9961,0.9946,False,False,49338.0,3
67ab6a8c32dcb38e12415ef305a06ce6,374,,Saccharofermentanales bacterium SO_2017_LW2_24,0.9985,0.9941,False,False,3107571.0,1
114bc1da00dea879e58c42626058bb7e,372,,Xanthobacteraceae bacterium NJ_NJASGE3bin.14,0.9995,0.9961,False,False,2021379.0,1
95d7089b4d7799ace0a9c5d9acd3b32f,374,,Proteiniphilum sp. STF2_58,0.999,0.9951,False,False,,2
61637c95fcfd388d16465d5d8ae30f0a,374,,Dietzia sp. DQ11-38-2,1.0,0.9937,False,False,2711155.0,3
aa994f6ce33aa806c707bdc34ef908ef,372,,Sphingopyxis sp. SMAG_U6396,1.0,0.9946,False,False,1908224.0,2
dd365165667aed1d7e806ab8ded914dd,374,,Intestinibacillus massiliensis strain type strain: Marseille-P3216,0.9971,0.9888,False,False,1871029.0,1
46636732082e8b359502809c48875633,372,,uncultured Alphaproteobacteria bacterium MFD04651.bin.1.44,0.9995,0.9927,False,False,91750.0,1
df443df991086de26795466fa2bdd4f2,372,,Firmicutes bacterium OH_HBrB_188,0.9937,0.9888,False,False,1879010.0,1
c2a63e5593cc5d91688af8f3abd60f16,372,,Proteobacteria bacterium strain SZAS TMP-24,1.0,0.9941,False,False,1977087.0,1
77e5e44634d0afe9cd0385ef1e17f3ea,374,,Anaerolineaceae bacterium 6_bin.133,0.9956,0.9902,False,False,2024896.0,1
6e01e4385cee37baa2cba8e4af01c030,372,,Burkholderiaceae bacterium strain Hjor_18-Q3-R7-51_BATAC.292,1.0,0.9907,False,False,2030806.0,3
418ebbfcf9fe4c2ccea934ba2533ec35,370,,Proteiniphilum sp. strain SM3-B12.2,0.9961,0.9893,False,False,1926877.0,1
90180ad539e48d0fd6f3161438f747b7,370,,Eubacteriales bacterium STF1_200,0.9976,0.9912,False,False,2831996.0,1
0ce454899698457894ff03330870f380,372,,Phaeovulum sp. NW3,1.0,0.9932,False,False,2934933.0,1
89be024198d6c2575cdec2fecfd9129a,370,,Synergistaceae bacterium bin97,0.9976,0.9922,False,False,2053624.0,1
09eb7e9f361c0d842f96d14184871ffb,373,,Lacrimispora saccharolytica strain FDAARGOS_1340 strain Not applicable,0.9995,0.9946,False,False,84030.0,4
021debed55af14cc6451649e0fcd3ad0,371,,Clostridium ventriculi strain NCTC12966,1.0,0.9941,False,False,1267.0,13
89bd7c45f05c79d6fbb1fbda696d5bae,374,,uncultured delta proteobacterium MFD02159.bin.3.67,0.9961,0.9917,False,False,34034.0,1
e98a78fb93f10ea212298a128d9cadc1,374,,Actinobacteria bacterium strain palsa_647,0.9961,0.9902,False,False,1883427.0,1
c9209e2a22c08ecdf2762a15fb6e44e1,374,,Anaerolineaceae bacterium AnMBR.bin501,0.9995,0.9922,False,False,2024896.0,1
3c03432eaf221246493e3a132da50df9,373,,Oscillospiraceae bacterium STF2_30,0.9966,0.9888,False,False,2485925.0,1
201f8219b3baeb8ce71eb8de62e49ca7,374,,Clostridiales bacterium AnMBR.bin276,0.9956,0.9902,False,False,1898207.0,1
1e2c02998bd1e6ff2aad5bd96b138e35,374,,Syntrophobacteraceae bacterium AnMBR.bin493,1.0,0.9932,False,False,2052185.0,1
c80287fd598d09df08b50511b22020e5,374,,Thermoleophilia bacterium AnMBR.bin184,1.0,0.9902,False,False,2026888.0,2
798933fd16ab772e1e547b6af3461e47,372,,Anaerolineae bacterium AnMBR.bin314,0.9995,0.9888,False,False,2052143.0,2
48ba7ddef24819311ff90ffc578df02e,374,,metagenome,1.0,0.9912,False,False,256318.0,1
2e3414cd356e335e4f675efeb43938b3,366,,Eubacterium callanderi strain DFI.4.62,1.0,0.9902,False,False,53442.0,55
234b81fb7fa91bcfef74c8511c07a219,374,,Christensenellales bacterium AnMBR.bin536,0.999,0.9902,False,False,3083246.0,2
1557e1ae96e182db04d667afa2262c8e,374,,Christensenellaceae bacterium 0331014a-650e-4a65-af59-ba9b8a5570f7,0.9971,0.9937,False,False,2054177.0,1
91fa6ee5c19d623255d7e4df9204f876,372,,Alcaligenaceae bacterium strain CAII-53,0.9985,0.9941,False,False,2021368.0,5
573471302da724edb5d0fa958385fb6d,374,,Denitratimonas tolerans KACC 17565,1.0,0.9932,False,False,1338420.0,1
a5855fa4fbc240bfd25ccc70b1627be3,374,,Clostridiaceae bacterium CA_23,1.0,0.9932,False,False,1898204.0,1
3d89b82f7dc8f2f24e7c65124529a879,372,,Xenophilus aerolatus DSM 19424,1.0,0.9971,False,False,452922.0,8
a6a4ec1b84af5b137949eecef0fa36f4,374,,Aromatoleum pumilum SY39,0.999,0.9902,False,False,2067960.0,2
a09579da0b2f87eae05c1c9886c4bfc7,374,,Gracilibacter sp. BRH_c7a,0.998,0.9951,False,False,1734398.0,1
676c29f329b29adbd48921804b86030e,370,,uncultured bacterium CTOTU23009,1.0,0.9941,False,False,77133.0,3
c5fd2a45a5ac6f49a4089d35044de207,374,,Pseudobacteroides cellulosolvens ATCC 35603 = DSM 2933,0.9966,0.9937,False,False,398512.0,1
6cd824d1e0974fbbf83448af65c0def7,374,,Clostridia bacterium AnMBR.bin239,0.9995,0.9946,False,False,2044939.0,2
8e87f6187c3bff96717578fafac261ae,372,,Oscillospiraceae bacterium 356554d1-49d8-4da2-9fb0-4e541081e6ce,0.9956,0.9912,False,False,2485925.0,1
14714ae799409c7a3851511d8e0e2b63,372,,Burkholderia ambifaria strain 3723STDY6145927,0.9995,0.9961,False,False,152480.0,7
618e77ab00abd20cfb2694d45fe07df1,372,,Comamonas sp. MFD12223_ilm_asm_bin4,0.999,0.9941,False,False,34028.0,2
89056b9f86a0886730db47a8c45825eb,378,,Methanoregulaceae archaeon AMR_MDS_4829,1.0,0.9912,False,False,2485498.0,4
26897509b56c5bcf18626b728a146bca,369,,Bacteroidota bacterium USMO_maxbin.076_sub,1.0,0.9922,False,False,1898104.0,2
21d26093efc917ced0c94fc534aa8bcc,372,,Nitratireductor sp. CI.26.F.C1_514_8,0.9985,0.9932,False,False,1872084.0,69
fd66678cf39f676cb57820da4a793b6f,372,,uncultured Alphaproteobacteria bacterium MFD05442.bin.2.182,0.9995,0.9932,False,False,91750.0,1
a90eba220f100c5da89e40e34598c4c7,371,,Anaerovoracaceae bacterium f78f2883-c260-4f33-9859-2a80832d1289,0.9985,0.9941,False,False,3030912.0,1
1db7fb888012089960006f42143c48af,372,,Roseiarcaceae bacterium H3SJ34-1,0.9995,0.9956,False,False,3032367.0,3
36cf1853edbaec342c271909f87ca1b6,372,,Phenylobacterium koreense DSM 17809,1.0,0.9932,False,False,266125.0,2
b205f848c768d43fafbde2ffda36af13,378,,Methanobrevibacter arboriphilus A2,0.9995,0.9927,False,False,39441.0,3
40fca1aa386161b3788c78a2ea46b746,374,,Anaerolineaceae bacterium 6_bin.133,0.9971,0.9907,False,False,2024896.0,1
f095ea0711dbffa2a1c48745983b9c5f,372,,Xylanivirga thermophila UW_FK_XYLA1_1,0.9927,0.9873,False,False,2496273.0,2
e8844a58e856442c10b5075b197b3f74,373,,[Clostridium] celerecrescens 18A,0.9995,0.9946,False,False,1286362.0,11
cb886014283a43df6af104cecc83cfc9,373,,uncultured Gammaproteobacteria bacterium MFD04434.bin.1.124,0.9907,0.9873,False,False,86473.0,1
03a6a6d84a7be4b11b6467c91ca79d57,364,,Firmicutes bacterium OH_PDB_28,0.9971,0.9839,False,False,1879010.0,1
fef34e7fa03c36381857511c7755324d,372,,uncultured Alphaproteobacteria bacterium MFD01275.bin.1.206,1.0,0.9902,False,False,91750.0,3
b7a2f949d87f6ce14145811c2d2974af,374,,uncultured Trichococcus sp. 89dd5069-8a97-4626-b422-1b216a6d8d00,1.0,0.9956,False,False,189665.0,28
16bc6160df59f42ec2c49c8ee41d95fc,372,,Verticiella sediminum JCM 19223,0.9985,0.9937,False,False,1247510.0,1
fac97a83c02393096a49a357cb0e0f28,373,,Proteinivorax tanatarense Z-910T,0.9951,0.9917,False,False,1260629.0,1
07246a1fc2c2fed9e54374f5ee46c333,375,,Ornithinibacter aureus JCM 17738,0.9995,0.9927,False,False,622664.0,5
7762e0345755e644245415ce796d6cfa,378,,uncultured Methanoregulaceae archaeon MFD03899.bin.2.175,0.9985,0.9873,False,False,1392423.0,1
f2898c48280ac39868a2fa71eb0211f3,373,,Oscillospiraceae bacterium C014_67,0.9966,0.9956,False,False,2485925.0,2
af7a5c90aaa1a98d17616ee1ce8cbd96,374,,Thermoclostridium stercorarium RKWS1,0.9956,0.9917,False,False,1510.0,1
923e86a70ad8194f9dab67ab8397371f,374,,bacterium strain BIN46,0.9976,0.9927,False,False,1869227.0,1
0c293c4324023e0fc942ba2a40ef7f59,372,,uncultured Pseudomonadota bacterium MFD00905.bin.2.198,1.0,0.9956,False,False,153809.0,2
ad2e05a74003003b855aee86cdc921fd,373,,Anaerobranca californiensis DSM 14826,0.9956,0.9932,False,False,1120989.0,1
f04944690d5cdfed3a6e59cfaa04ce13,374,,uncultured Ruminococcus sp. ERR10960892_bin.5_MetaWRAP_v1.3_MAG,0.9976,0.9941,False,False,165186.0,1
a41371aa833164c1e707004fdfb16b36,374,,uncultured Chloroflexia bacterium MFD05442.bin.2.301,0.9922,0.9868,False,False,1672391.0,1
38007bfc5e4b3c58b1d91a0bc9c4fdb2,373,,Acutalibacteraceae bacterium DOME_MAG_12468,0.9941,0.9897,False,False,3077420.0,16
4597728556b60e620b133a6bac86bcfc,371,,[Clostridium] paradoxum JW-YL-7 = DSM 7308,0.9995,0.9946,False,False,1121328.0,1
1b8a948ece330b43c14f1197c1813886,372,,Christensenellaceae bacterium da5b4d75-ff56-416d-93ad-0d8c7092aa02,0.998,0.9927,False,False,2054177.0,1
36d76dffedbcada31ceaa357ebb4456f,393,,Pseudomonadota bacterium NASQAN2011_177_F_bin.16,0.9912,0.9941,False,False,1977087.0,1
7e19fffce24aab1692689a26dff5f328,374,,Christensenellaceae bacterium ebc0edfe-de01-4de5-b550-b82b2926f268,0.9985,0.9922,False,False,2054177.0,1
ce96aba4d82cdb5ffa5b76128cfbb917,372,,Firmicutes bacterium OH_SBrB_79,0.9937,0.9893,False,False,1879010.0,1
daec04577d1843ad73efa35de1d48151,372,,Hyphomicrobium sp. CS1GBMeth3,1.0,0.9946,False,False,1892845.0,1
5dfc291183ca333ed56e93c1c38c393c,372,,Burkholderia pseudomallei 490f,0.9995,0.9951,False,False,28450.0,3272
e46ddfb99131631f2f2bba8eb3297ca3,371,,Sphaerochaeta associata GLS2,0.9995,0.9854,False,False,1129264.0,3
cb6ed263fa824af0ae08633dc7c0583e,374,,Rhodanobacter thiooxydans FW510-R12,0.999,0.9849,False,False,416169.0,11
78571689def5620061b622ab87a928ff,372,,uncultured beta proteobacterium MFD04716.bin.2.242,0.9985,0.9917,False,False,86027.0,1
8cc30cd689a26a6e2a699449745a088e,372,,Bacillota bacterium R1Mar2020-bin.3,0.9922,0.9893,False,False,1879010.0,1
fa7b14c7182ca146fc0261039890966f,394,,Burkholderia semiarida CCRMBC74,0.9951,0.9932,False,False,2843303.0,1
0ae59fc9a5ae0356656c682a2d34b696,374,,Clostridiales bacterium PH28_bin88,0.9985,0.9922,False,False,1605376.0,1
e0987c7b47c2fb3b4638ebd7a04f69a0,374,,Candidatus Darwinibacter acetoxidans M4B_bin34,0.9976,0.9868,False,False,3082383.0,2
f8451982c6df9c7c753b7c8a3ac6298b,369,,Candidatus Darwinibacter acetoxidans M4B_bin10,0.9985,0.9951,False,False,3082383.0,1
67551524f244fa1d912a5ae3dc5321ac,371,,Clostridia bacterium AnMBR.bin524,0.9951,0.9951,False,False,2044939.0,1
5177bd1019c0a59f8762ecb3f683babd,374,,Rossellomorea aquimaris strain AcN35-1,0.9961,0.9941,False,False,189382.0,38
6891aea14e9e48ed890aa10cc84e4d40,373,,Caldicoprobacter algeriensis TH7C1,0.9956,0.9917,False,False,699281.0,2
908b89aa5bac523dd293e900d0677895,374,,Dehalococcoidia bacterium strain BS5B11,0.9951,0.9937,False,False,2026734.0,2
489ebda75c9174b8e7ad565ac0f52b97,374,,Eubacteriales bacterium mix99,0.9976,0.9932,False,False,3039678.0,3
17123c2e3b5a49f1a34d33c72878a37e,371,,Aminobacteriaceae bacterium 73440aae-3b96-4bfa-a47d-8f80ded2de5b,1.0,0.9912,False,False,3034609.0,1
02541e05438ebd6cd913200972ef5e4b,369,,Rickettsiales endosymbiont of Trichoplax sp. H2 strain REH2,0.9907,0.9893,False,False,2021221.0,1
720ef8366f0bd5fb2cb193ce02e53799,374,,Dietzia kunjamensis strain DSM 44907,1.0,0.9917,False,False,322509.0,36
ce264b1fd05f8dfc0dd2941a2b170a3a,374,,Desulfovibrio sp. 5-aug_S3_011,0.9961,0.9897,False,False,885.0,2
4d974c10bc3f6eb4c9f44f3dd9696401,374,,Candidatus Brocadia sp. strain SB37,0.998,0.9897,False,False,2172549.0,1
614e12aec73ab6030db3c1a7f5141bba,373,,Candidatus Cloacimonadaceae bacterium AnMBR.bin480,0.9995,0.9917,False,False,3064664.0,1
5009ec83dc7d2e70acc5d0426d8abceb,374,,Puniceicoccales bacterium Pcl387_bin136,0.9922,0.9902,False,False,2478473.0,1
d672caef391233490da769c3f156fc0a,372,,Pigmentiphaga sp. CHJ604,0.9985,0.9941,False,False,3081984.0,10
aded20d81ae85d32dc13bca7fbd3340d,397,,Methanotrichaceae archaeon MFD02138.bin.1.95,0.9795,0.9868,False,False,2595067.0,1
817505ccf93a252d80ac6191376cc419,374,,Candidatus Hydrogenedentes bacterium USPA_metabat.4_sub,1.0,0.9902,False,False,2030809.0,5
be817fedc78d38052d17146829adb06d,371,,Alphaproteobacteria bacterium Co_bin.34,0.9912,0.9917,False,False,1913988.0,1
118852b957010ee00ae4dbb8665ad57e,373,,Bauldia sp. TGS_PRO15,1.0,0.9912,False,False,2575872.0,1
4b322ffec8bcd2c849beaeaaab778b16,374,,Anaerolineae bacterium AnMBR.bin235,0.9966,0.9917,False,False,2052143.0,1
585e90bf1c66fcff8dcf4f2d24aba2cd,374,,Christensenellaceae bacterium 20c35e01-8a7f-49ef-9147-7de253b6e4f4,0.9956,0.9922,False,False,2054177.0,1
af2f68999329d11971cc4eeb7d338c1c,370,,Clostridia bacterium binned_ad_5.11,0.9961,0.9883,False,False,2044939.0,1
9ccaa8cf8d7eeb8aafaae75175346f12,374,,uncultured Clostridia bacterium Lapin-026__bin27,0.9966,0.9907,False,False,244328.0,1
3ef47d732a719a9c649132016afeb5e2,370,,Succinatimonas hippei strain W1P18.007,0.9922,0.9912,False,False,626938.0,1
4293552e270e9654178ff729c07282fd,374,,Sphingobium yanoikuyae A-TP,0.9966,0.9912,False,False,13690.0,1
4c61879ca2f0594335aa69f539fa89c3,375,,Leucobacter soli CCM 9020,0.9995,0.9922,False,False,2812850.0,3
4c65953d2d9c04292134fc5013f3a21e,372,,uncultured Ruminococcus sp. strain 2789STDY5608855,0.9971,0.9941,False,False,165186.0,6
af2d8d803a1e0df98789044e20c2646a,378,,Methanobrevibacter arboriphilus A2,0.999,0.9932,False,False,39441.0,3
be437fdb39ff4822fcaf0522cbd7c1e0,378,,Methanobacterium sp. MBAC-LM,1.0,0.9897,False,False,3412034.0,1
b5db33c8e764e787ba1a51f46cfa1db8,374,,Gracilibacter sp. BRH_c7a,0.9966,0.9951,False,False,1734398.0,1
f213ec50ee3f0c0c4a7b47b321d081a9,374,,uncultured Methylobacillus sp. strain Methylobacillus_sp_nbed10b35,1.0,0.9883,False,False,281697.0,5
0b359e0da05bbff15ce4ea980bfaa286,374,,Anaerolineaceae bacterium CANAV_udea05,0.9976,0.9902,False,False,2024896.0,6
71b89747d9e5f39535d7cd2ac1005789,368,,uncultured Haloplasmataceae bacterium MFD05502.bin.1.178,0.998,0.9937,False,False,1233400.0,1
204059649d5553ccc15a44ccd09de89c,373,,[Clostridium] josui JCM 17888,0.9961,0.9917,False,False,1291050.0,1
f47e716aa12f00e50b727000440e1256,372,,Alcaligenes pakistanensis KUR1110,0.999,0.9946,False,False,1482717.0,3
424c5645f91f0d2c1ddce0523e2e5481,373,,Flavonifractor plautii SL.2.32,0.9961,0.9897,False,False,292800.0,148
2d89f76fef6aec747e4f8f3e47743c45,396,,Methanobrevibacter arboriphilus JCM 13429 = DSM 1125 strain DH1,0.9966,0.9878,False,False,1300164.0,2
ced3d95a776f5047eb0ab75ebeaa0555,374,,Candidatus Cryptobacteroides sp. fecal_MAG_8,0.9961,0.9917,False,False,2952915.0,1
3f82999a4623343cbba40859d44329b0,372,,uncultured Alphaproteobacteria bacterium MFD04651.bin.1.215,1.0,0.9941,False,False,91750.0,1
51d1bc05cfe3f4f9fd53eb552e293c01,369,,Anaerovirgula multivorans strain SCA,0.999,0.9941,False,False,312168.0,1
896d6a6108564a7d73a7114e2266891a,374,,Christensenellaceae bacterium ebc0edfe-de01-4de5-b550-b82b2926f268,0.9976,0.9917,False,False,2054177.0,1
335d0b23ffa0a12a5048771a0c89e3b1,369,,Gudongella sp. M17C-05,0.999,0.9951,False,False,2692384.0,5
e9930334cceb400c8d1aba7848ccc83f,378,,Methanobrevibacter arboriphilus A2,0.9995,0.9932,False,False,39441.0,3
db74361e1059284f58f7b72bfb21758c,373,,Acutalibacteraceae bacterium DOME_MAG_12468,0.9941,0.9902,False,False,3077420.0,16
06894625cc4725640c9c1bba0d9aefc8,372,,Verrucomicrobiae bacterium RA_AS_maxbin.390,0.999,0.9932,False,False,2499141.0,1
c54740e67850b527400a77af33bd3d89,377,,Euryarchaeota archaeon UR.bin65,1.0,0.9858,False,False,2026739.0,20
4b847baea94497568fe03f94a68afb3c,375,,Tessaracoccus sp. J1M15,1.0,0.9941,False,False,2829499.0,7
37e4420bd53e9fdbe33fa465e829f030,373,,Blautia sp. RD014232,1.0,0.9966,False,False,2877528.0,52
451f992938efa5e0c6523168817f30f8,378,,Methanobacterium sp. MBAC-LM,0.999,0.9873,False,False,3412034.0,1
40da09c73f84b20e7a882a02f485f1f3,374,,Desulfofundulus thermobenzoicus strain DSM 14055,0.9951,0.9902,False,False,29376.0,1
dbecddfdb4c39e60616c3958d43cfc8e,372,,Nitrobacteraceae bacterium AZCC 2299,1.0,0.9966,False,False,3119824.0,6
fa6189d828a79eb80234db2985c10e19,372,,Devosia sp. ZB163,0.9995,0.9956,False,False,3025938.0,3
9a0ea06f99eb653b4104f7809547dc61,372,,Aquamicrobium sp. cd-1,0.9995,0.9951,False,False,2781738.0,2
2c76f558846fa9aa57c59ddacefeacb2,342,,Candidatus Carsonella ruddii PC isolate NHV,0.9702,0.9678,False,False,1202540.0,1
f1aa0ea145fc7098b3403eb2badbe65b,372,,Burkholderiales bacterium strain AalW_18-Q3-R10-53_MAXAC.061,0.9995,0.9937,False,False,1891238.0,8
e61e6021af25969dd347b921fc6389a4,369,,uncultured SAR116 cluster alpha proteobacterium strain AG-337-L07,0.9907,0.9902,False,False,281031.0,1
55e1b429253da6e1fed80ef04d052eeb,371,,Anaerovoracaceae bacterium f78f2883-c260-4f33-9859-2a80832d1289,0.998,0.9956,False,False,3030912.0,1
fae223fac07c33613d2f851500010fdb,378,,Methanobacterium kanagiense JCM 15797,0.9985,0.9883,False,False,483896.0,1
3ec71ebbc127b83786bd4d26c123ef7d,398,,Candidatus Krumholzibacteriia bacterium MFD05684.bin.2.24,0.9863,0.9863,False,False,2774603.0,1
de1f954072ef273959e798b81a39a1f1,374,,Legionella quateirensis strain NCTC12376,0.9976,0.9907,False,False,45072.0,3
aca75c6d71a8933275a447e83269faba,374,,Dehalococcoidia bacterium strain BS5B11,0.9985,0.9932,False,False,2026734.0,1
52ecb4b1abf93593276cb066f1446900,374,,uncultured bacterium N1_Bin_MAXBIN__043_1,0.9971,0.9902,False,False,77133.0,1
551f70cf3f951806a9b28706825acfeb,374,,bacterium WY2.bin167,0.9937,0.9893,False,False,1869227.0,1
6c75b6547a775bd435d6121ea181a298,374,,uncultured Halothermothrix sp. SRR5007349_bin.152_CONCOCT_v1.1_MAG,0.9951,0.9897,False,False,543059.0,1
ad38e923c9aca989b782888445b843f9,374,,Thermoclostridium caenicola strain DSM 19027,0.9976,0.9917,False,False,659425.0,1
4d472a0025391001536abf639f86372b,374,,Miltoncostaeaceae bacterium G1-WW12-10,1.0,0.9927,False,False,2952967.0,2
c7b5ccd6001f20b113bf480efab552c9,372,,Candidatus Aminicenantes bacterium MFD04492.bin.2.17,0.9956,0.9878,False,False,2052149.0,1
fcf151e90a9e26826087929c8e6cf412,373,,Clostridiales bacterium LB2,0.9956,0.9912,False,False,2731377.0,1
3f0bc3f2b8d9b380ec319501754eca38,372,,Hyphomicrobiaceae bacterium binned_ad_9.222,1.0,0.9917,False,False,2015799.0,1
1a33b954694a3eddcd95ead6c562cfb2,374,,Solirubrobacterales bacterium SMAG_U1960,0.9976,0.9912,False,False,1909295.0,8
2adce772c19bf78aca62501a10d63509,373,,Bacteroidetes bacterium 4-aug_S1_005,0.9966,0.9883,False,False,1898104.0,2
77b0fc3d2cdfed133689d19939bd753c,375,,uncultured Actinomycetota bacterium MFD01275.bin.2.121,1.0,0.9917,False,False,3039803.0,10
9a48d66f52c47289df8517641c188d9b,371,,uncultured Sphaerochaeta sp. 1b98e73a-bd30-4e9f-89b7-3eee384ba34d,0.9932,0.9907,False,False,886478.0,9
08c5a92f42b9bd6cf258a65dc845fd17,371,,[Clostridium] paradoxum JW-YL-7 = DSM 7308,1.0,0.9951,False,False,1121328.0,1
38bf20edfc69975afa1d93d5f2c8598a,373,,Clostridiales bacterium LB2,0.9961,0.9917,False,False,2731377.0,1
372e53abd78532e75f0b7c98fa758cc1,372,,Planctomicrobium piriforme strain DSM 26348,0.9961,0.9863,False,False,1576369.0,1
f538d22fdb4f50b77253747c9f18ed18,374,,uncultured Clostridia bacterium ERR589771_bin.64_CONCOCT_v1.1_MAG,0.9971,0.9937,False,False,244328.0,1
61b47b9e51cba36e07b09f783d91532d,375,,Propioniciclava sp. 5N021,1.0,0.9922,False,False,2038686.0,2
a82d89679bc6017e06e5a11b255c5bf6,374,,Calditrichales bacterium MX18-03,0.998,0.9897,False,False,2890832.0,3
f3faa99f0acc0df8ae5f557d0ca39c08,372,,Alcaligenaceae bacterium strain CAII-56,1.0,0.9941,False,False,2021368.0,1
c667b7a7367b1dbad8a24df3fef9441a,373,,Clostridium saccharobutylicum strain DJ087,1.0,0.9922,False,False,169679.0,24
95a05bf179625c68dbfdd8e357f791cf,369,,Tissierella praeacuta strain NCTC11158,0.999,0.9956,False,False,43131.0,5
c8e5908cbbf128920eb03bfbe95f95a9,373,,Chloroflexi bacterium ADurb.Bin325,0.9985,0.9902,False,False,1852859.0,1
04bc2a095282907ef4df7a2a9447166f,374,,Oligoflexia bacterium RA_AS_maxbin.396_sub,1.0,0.9912,False,False,2599941.0,2
65c647ffd0330aa88c24b8bf7674e6c7,372,,uncultured Alphaproteobacteria bacterium MFD04651.bin.1.17,0.9985,0.9932,False,False,91750.0,1
5f69c3b4eaeff62fafe6366f19a2fab3,370,,Anaerotignum sp. MB30-C6,0.9985,0.9946,False,False,3070814.0,4
cae0d3b0980184e9483154fe9b393493,374,,Cronobacter dublinensis strain cro2915W,0.9976,0.9941,False,False,413497.0,1
4767afde4b029b318194cf99b257de2d,370,,Chryseobacterium sp. XH07,1.0,0.9937,False,False,2058346.0,3
cb13db7c2341f7fb498c476454c50a21,370,,Paludibacteraceae bacterium AnMBR.bin506,1.0,0.9922,False,False,2748031.0,5
e8d0c712ad2ea5d27abd8b1e23eb6f7a,374,,uncultured bacterium CTOTU25552,0.9985,0.9907,False,False,77133.0,1
c147046b02be565ad186287629d4a843,372,,Bacillota bacterium JPMR_metabat.40_sub,0.9985,0.9922,False,False,1879010.0,1
e808c9a57b23d000151dd0526336e8de,372,,Chiayiivirga sp. BF4_81,0.998,0.9897,False,False,2041042.0,1
1034f9305f9e8af991841f0741e8ce44,369,,Anaerovirgula multivorans strain SCA,0.998,0.9932,False,False,312168.0,1
a0ecf69202e62fe969206ad4b1445b61,373,,Elioraea sp. E_56292_2011,0.9995,0.9932,False,False,2592070.0,3
643cecdf78d7a5f104fd135492479199,372,,Mycoplana sp. BE70,0.9995,0.9951,False,False,2817775.0,1
0e941c919146c9d562604083a4eeadc8,400,,Candidatus Methanofastidiosia archaeon D1103U20metaG_Bin_2542,0.9844,0.9888,False,False,2099674.0,1
e64aa0d53a0727d6fb6d3fcd8667e49d,374,,uncultured Thermoactinomycetaceae bacterium MFD08669.bin.1.45,0.9907,0.9858,False,False,310089.0,2
3d94d8b70e7c5bf96bbb6b29f432ec1b,374,,Dethiobacter alkaliphilus Z1002,0.998,0.9927,False,False,427926.0,1
4ffb03b5c0bfc3fffc60057381aa071c,372,,Pseudorhodoplanes sinuspersici strain CECT 8374,0.999,0.9956,False,False,1235591.0,1
334b1d727a1edd0d17d589993ea3a1ab,374,,Candidatus Darwinibacter acetoxidans M4B_bin12,0.9976,0.9937,False,False,3082383.0,1
b78b814af10f7643be0ef223f80cb573,374,,Anaerolineae bacterium AnMBR.bin280,0.9985,0.9902,False,False,2052143.0,1
9cf7d9633bfa9472ea4578871edcdd08,370,,Petrimonas sp. AS-MESO-OLR.59,1.0,0.9922,False,False,2023866.0,1
eed3ead2d719313207afd241a3e462ad,374,,uncultured Eubacteriales bacterium SRR16279954_bin.6_MetaWRAP_v1.3_MAG,0.9976,0.9927,False,False,172733.0,1
421b4676c5bde303e399360e708db7fc,369,,Tissierella sp. Yu-01,0.998,0.9946,False,False,3035694.0,7
4a1539d5c420d910c842f2dfd2531a6d,374,,uncultured Thermoleophilia bacterium MFD02979.bin.2.124,0.9995,0.9932,False,False,1497501.0,1
82f01cb6b84420e18f1f7aed8630c878,372,,Shinella zoogloeoides XJ20,1.0,0.9956,False,False,352475.0,23
7e112350867950f176b414f5f71178fd,374,,Actinomadura syzygii TBRC 3957,1.0,0.9897,False,False,1427538.0,44
3ede9a0384a29cd63d3cebf0f09b96c1,372,,Comamonas denitrificans CGMCC 1.15385,0.9995,0.9951,False,False,117506.0,1
9762cb79dea0ad8ac9b2c00da97ee1de,377,,Candidatus Nanopelagicales bacterium AS_Ams2_Bin44,0.999,0.9922,False,False,2518612.0,2
3ccbd454b224dc84efdde550255ca527,374,,uncultured Chloroflexia bacterium MFD02242.bin.2.300,0.9917,0.9878,False,False,1672391.0,1
6e6136a51bc1d0612894175086e106cd,371,,Euryarchaeota archaeon USPA_maxbin.074_sub,1.0,0.9917,False,False,2026739.0,1
a8a3fd004219cc6476d68c8902fb52a3,372,,Defluviitalea phaphyphila strain Alg1,0.9941,0.9917,False,False,1473580.0,1
b04a73565cfbfe585d234694b827d9d1,370,,Chitinophagaceae bacterium M18BS1SP3A03MG,0.9985,0.9907,False,False,1869212.0,4
c9b1d29de9ba6aaa6bd23b386b8c8331,395,,Methanobacterium sp. OMB003,0.9951,0.9854,False,False,2164.0,1
ab4d207ba005958298be140605c5a8fb,374,,Anaerolineaceae bacterium strain AS05jafATM_106,1.0,0.9863,False,False,2024896.0,4
1289562118919e6f9a67cdf153688a18,372,,Rhizobiaceae bacterium strain ACE_PRO27,0.9985,0.9951,False,False,1913961.0,2
5d31a7ba11fffdbcb915a4ba1aac75e6,375,,uncultured bacterium CTOTU23005,1.0,0.9922,False,False,77133.0,1
b94b3e9177961551c08f311f8515f346,371,,Flaviflexus huanghaiensis strain CICC 10486,0.9995,0.9907,False,False,1111473.0,1
230f936bbde428b48c67b563c84f874a,374,,Propionicimonas sp. D180_maxbin.014,0.9995,0.9932,False,False,1955623.0,1
ec3fc3f61c2e9c1a7f32bc622801ac2c,372,,Telmatospirillum sp. J64-1,0.9971,0.9927,False,False,2502183.0,1
27af05757211c4e22e274f6521c2b033,375,,Microbacterium foliorum strain M2,1.0,0.9937,False,False,104336.0,221
4d9f444d7b7f1f6de3b53c732536296a,371,,Terrisporobacter petrolearius ELB,1.0,0.9956,False,False,1460447.0,9
dd34ba859b98a1d6bb3897c876d3b92d,374,,Acetivibrio straminisolvens FC2,0.9985,0.9932,False,False,253314.0,3
d545914a091c15dc4913586bf390bfe6,374,,Ruminiclostridium thermocellum AD2,0.999,0.9907,False,False,1138384.0,7
326f3a76100742d3ceb2bc49506997fc,372,,Bacillota bacterium JPMR_metabat.40_sub,0.9985,0.9912,False,False,1879010.0,1
14d87a227e9cbf80d583db1f6eaf48b4,372,,Haematospirillum jordaniae strain 16-489,0.9956,0.9922,False,False,1549855.0,3
0a4dae6c36a924945c5ad8318aff7ecb,372,,Firmicutes bacterium OH_SBrB_79,0.9951,0.9922,False,False,1879010.0,1
933c1a437592c012f7169968b9045854,370,,Spirochaetaceae bacterium strain UBA12155,0.998,0.9902,False,False,1898206.0,1
bb50ac888e677e82816ea70b2ab33eca,372,,Delftia tsuruhatensis HA60,0.9985,0.9961,False,False,180282.0,98
950c432d4df367cfd29389f23c4272f6,378,,Methanobrevibacter smithii EST-A-0039,1.0,0.9956,False,False,2173.0,90
82243ab47000b0bb9500a7f65bf04630,372,,uncultured Alphaproteobacteria bacterium MFD10097.bin.1.3,0.9985,0.9907,False,False,91750.0,1
9d93bbfc68509916e75cf218443f9b1b,372,,Eubacteriaceae bacterium ES2,0.9937,0.9912,False,False,3064259.0,5
3ab282a70cea4c1440512ab7820c4cad,374,,Firmicutes bacterium OH_PFB_43,0.9912,0.9858,False,False,1879010.0,1
4d145a769891543537f2c8681627eff6,374,,Proteiniphilum sp. SO_2017_CLC_125,0.9937,0.9907,False,False,1926877.0,1
a0138f57c9f1b4f6a71bceb94b56572f,370,,Cronobacter dublinensis strain cro3214W,0.9976,0.9922,False,False,413497.0,1
29b981c98faa891c7e4d3ed2e5ff9aab,370,,Rectinema sp. AMR_MDS_2813,0.999,0.9941,False,False,1937017.0,8
27b310dd4ffe5fc8db8b41f66bdb3175,370,,Anaerolineaceae bacterium maxbin2.bin.9,0.999,0.9927,False,False,2024896.0,1
ee00e22b5b23fa6d7e2502177a8a70c7,374,,Natranaerobius thermophilus JW/NM-WN-LF,0.9951,0.9927,False,False,457570.0,1
2018829be0affbac011bf1b8e30981ad,372,,Hyphomicrobiaceae bacterium binned_ad_9.222,0.999,0.9937,False,False,2015799.0,1
534be7183f24b21ccc3a792f5c7e5169,374,,uncultured Eubacteriales bacterium MGYG-HGUT-02132,0.9971,0.9927,False,False,172733.0,1
f687f9aecd37880d471fc69c13c4f256,374,,Lutispora thermophila DSM 19022,0.9966,0.9917,False,False,1122184.0,1
9f73559d08e3d2aebe9872ed20eb92cb,374,,Nitrosomonas sp. GH22,1.0,0.9951,False,False,153947.0,1
d57543b38df2129448b58807cb5965d0,374,,Thermoguttaceae bacterium 59a178bd-4d43-489e-8141-130334ec1781,0.9946,0.9868,False,False,2691551.0,2
c5818942f7219725c098917e39a7e7bb,374,,Legionella moravica strain NCTC12239,0.9985,0.9907,False,False,39962.0,6
fc91b1d6efa2d63ad830349556a06220,372,,Rhizobium sp. Q54 strain ZH-13nov19-49,0.9995,0.9956,False,False,1335060.0,2
6c1758cff014a807d58bd737c76ec233,373,,Clostridium disporicum,1.0,0.9917,False,False,84024.0,12
a52b829bf001efa256aeabe5472b2638,374,,Escherichia coli MAG9147,0.9976,0.9941,False,False,562.0,1
de81a26ccacc05d41aeda73937929a7e,374,,Christensenellales bacterium AnMBR.bin220,0.9995,0.9927,False,False,3083246.0,1
2c46a6bd519e153e57e33cbee296bb41,369,,Sporanaerobacter sp. NJN-17,1.0,0.9951,False,False,2507161.0,2
f7ac318fad126f8dc75f70e09fd5c4dd,373,,Eubacteriaceae bacterium CHKCI005,0.9956,0.9917,False,False,1780381.0,3
07ab589574a5adeae211c91efb58a71f,370,,Trueperaceae bacterium SMAG_U659,0.9995,0.9907,False,False,2026798.0,2
a890e281ef9de265199252d45d16a904,372,,Spirochaetaceae bacterium 2-no_aug_S1_011,0.9976,0.9888,False,False,1898206.0,1
a989e16b5beae59a0a6bc423abdd16e7,372,,Hyphomicrobium sp. GJ21,0.9995,0.9902,False,False,113574.0,1
36b46a254875314bef7628b94ef8d7b6,375,,Nocardioides taihuensis DFY41,0.999,0.9932,False,False,1835606.0,1
8c932073a2765a0e8639a784955bd290,372,,Candidatus Gracilibacteria bacterium strain BROCD037,0.9961,0.9956,False,False,2044595.0,1
28e70a00b942f129979d73aacfbf7bcd,374,,Candidatus Cloacimonetes bacterium USST_maxbin.031_sub,0.9976,0.9937,False,False,2030808.0,1
a759ddc94367592f2474e1de3acdb224,373,,Clostridium tertium 2217st1_D1_2217SCRN_200827,1.0,0.9907,False,False,1559.0,51
26de1fff4ab68ef5ec24949c1a27d329,374,,Firmicutes bacterium OH_CDB_78,0.998,0.9946,False,False,1879010.0,1
349e5c52e64bf4223e4b96bd1aa54075,372,,Bacillota bacterium JPMR_metabat.40_sub,0.9966,0.9927,False,False,1879010.0,1
147c28a497af9f823da70571c88b5ebe,371,,Anaerovoracaceae bacterium d0a44124-bd0d-43a8-b654-cc1806fddd19,0.999,0.9946,False,False,3030912.0,1
943510d75dff81e8e8a61b414393ad22,372,,Hyphomicrobium sp. ghe19 hypp,0.998,0.9917,False,False,2682968.0,1
503e3f397b970f03e626474b548327b4,374,,Syntrophothermus sp. strain Ch98,0.9961,0.9897,False,False,2736299.0,1
075005ef79b14f0787674852faab9e2e,374,,Mycobacterium tuberculosis ERR036231,0.998,0.9951,False,False,1773.0,1
5dd79bb2be6e24d95fcc33b497b078b5,371,,Anaerovoracaceae bacterium 4d0eff97-7de3-49ad-953d-66426f0db4f8,0.999,0.9946,False,False,3030912.0,2
00f898781984ce51010f520e28aca483,372,,Alicycliphilus denitrificans A12,0.999,0.9956,False,False,179636.0,1
8466c6dfab56e8746ea47bc3c0e571e0,374,,Methylococcales bacterium C15_maxbin.099_sub,1.0,0.9897,False,False,2304002.0,1
7a8d2549f0a2623a5f45a138e85aedd0,373,,Rhodothalassium salexigens strain IM265,0.9917,0.9868,False,False,1086.0,5
e9610e4b261eb260ad4e507e8c1d634e,374,,Dehalococcoidia bacterium HKST-UBA81,0.9961,0.9785,False,False,2026734.0,4
4a6f9dd6166c1d7f2c4af6440718c03b,374,,Candidatus Atribacteria bacterium USDE_maxbin.108,0.999,0.9863,False,False,2053509.0,1
fc7c6eed68d83b0078b51ba3581a953b,375,,uncultured bacterium CTOTU23005,0.9995,0.9932,False,False,77133.0,1
9252a9854a55ae3605817df259632d05,372,,Cronobacter sakazakii strain cro2802A1,0.9951,0.9922,False,False,28141.0,1
e6bdf194852a3017f2294a9236f98dfc,374,,Peptococcaceae bacterium BRH_c4b,0.9941,0.9893,False,False,1629717.0,1
f1270b35cb1a572502eb1f6a417b4ce9,378,,Methanobacterium sp. MBAC-LM,0.9995,0.9897,False,False,3412034.0,1
8bbcf048be9561d00c6ed8f597643925,375,,Cutibacterium acnes subsp. acnes CCSM0331,1.0,0.9951,False,False,1734925.0,63
c8b7afd58453fa7f61cb3486e65de8f0,372,,Desulfuromonadales bacterium L4_maxbin.016_sub,0.9976,0.9927,False,False,2099678.0,1
5a05b28cfb802977240bc925ee59d1fc,374,,uncultured Eubacteriales bacterium SRR16279954_bin.6_MetaWRAP_v1.3_MAG,0.9976,0.9941,False,False,172733.0,1
09eb2ace0ecf6426286819c37b4010e0,370,,Mycobacterium tuberculosis ERR037510,0.9941,0.9902,False,False,1773.0,1
ad7b37d7259f65ae5d2d898c539a6297,368,,Sphingobacteriales bacterium strain PMG_087,0.9844,0.9824,False,False,2044944.0,1
07ebfd1673dbe181c7a499218a46ef80,371,,Terrisporobacter petrolearius ELB,0.9995,0.9946,False,False,1460447.0,9
8dde56a6b6263c9ff1d677c7a17456ec,374,,Bacillota bacterium JPNG_maxbin.056_sub,0.9976,0.9937,False,False,1879010.0,1
92d6b69fbdf22335e1e29eb7ddea612a,370,,bacterium ELA587,0.9985,0.9932,False,False,1869227.0,1
5eef1e65ed73d122236c933fe9327adb,372,,Cronobacter sakazakii strain cro1509W,0.9966,0.9907,False,False,28141.0,1
0bd4b1e42bd92aa97b0e3256b8b9f685,375,,Nocardioides aquiterrae JCM 11813,0.9985,0.9932,False,False,203799.0,3
8b42e63e1fe8e14326fe559f8a2cce81,372,,Prosthecomicrobium hirschii R2D2,1.0,0.9961,False,False,665126.0,3
60d23b6a7047719eb79dc09d360c62cc,375,,uncultured Actinomycetota bacterium MFD10113.bin.1.138,1.0,0.9937,False,False,3039803.0,2
8d94059665b326451d66d86b45255634,374,,Bacillota bacterium JPNG_maxbin.100_sub,1.0,0.9937,False,False,1879010.0,3
d0805d57a9a2267c7f9372624fa92147,375,,Mycobacterium tuberculosis 036TB020062,1.0,0.9937,False,False,1773.0,15
357ad9f4f9251dd5f1a70dec188b23a3,372,,Hydrogenophaga sp. RWCD_12,0.9995,0.9956,False,False,3391190.0,5
8dba5d94c21557246f8c48418b0f3bda,378,,Candidatus Pacearchaeota archaeon AMR_MDS_4079,1.0,0.9912,False,False,2026773.0,13
b923bc5d99ffa071df805bfb578547c4,372,,Frigidibacter sp. SD6-1,0.9995,0.9912,False,False,3032581.0,6
3c6c6b674785246a706fea426f2f4dd9,372,,Beijerinckiaceae bacterium LE19-338.1D,0.9976,0.9932,False,False,1978229.0,1
5901c122dbe9545a6149416c6397f234,370,,Cronobacter dublinensis strain cro3214W,0.9995,0.9907,False,False,413497.0,1
afadb45931725b52385058d29f76447e,374,,Dehalococcoidia bacterium strain BS5B11,0.9956,0.9907,False,False,2026734.0,2
2b7ce440bd256b23d5e09f40e46698ad,374,,Cronobacter dublinensis strain cro2915W,0.9976,0.9941,False,False,413497.0,1
bbb066ff0d8c41323c27c93a1a3c35a7,372,,Burkholderiaceae bacterium ME2018-07-11_3300044614_group8_bin30,0.9976,0.9917,False,False,2030806.0,3
78f289cd472d09e153e93361d0beeb2f,374,,Frisingicoccus caecimuris DSM 28559,0.9985,0.9961,False,False,1796636.0,3
b8299c90e4c775b18c1c5ff6d23ad616,398,,Candidatus Lightella neohaematopini L208,0.9839,0.9854,False,False,2974994.0,2
ed09d7afbe54912303e1d4ad8b7b1d32,370,,Cronobacter dublinensis strain cro3214W,0.9971,0.9917,False,False,413497.0,1
015be9e29980c3340bc973769ffd53c5,374,,Syntrophomonadaceae bacterium AnMBR.bin228,0.998,0.9937,False,False,2093811.0,1
0c9b81e16ab4e3c0b202044ce6d7ba57,374,,Legionella erythra strain SE-32A-C8,0.9956,0.9858,False,False,448.0,2
6bb602f161cd434e740b0b0694a2fe7e,375,,Arachnia sp. 5N002,0.9995,0.9932,False,False,2801846.0,1
316c252396afd490a718db47b7e13385,372,,Nitrospirae bacterium strain NC_groundwater_2000_Pr3_S-0.65um_44_7,0.9951,0.9946,False,False,2026887.0,1
16d7e7a57ee5a4d1019a0343f5008fd3,372,,Flavonifractor plautii NB2A-20-GAM,0.9917,0.9863,False,False,292800.0,1
be017454a0758945d4ec45fbf9ac6f48,378,,Methanobacterium sp. MBAC-LM,0.9995,0.9907,False,False,3412034.0,1
3f8f8630434452f6a8a5cd1693c5e5e3,374,,Dehalococcoidales bacterium BF4_59,0.9966,0.9937,False,False,2026733.0,1
1541d3f52b75573d379c2d7efdd61f0e,369,,Bacteroidales bacterium Bact_19,1.0,0.9932,False,False,1674833.0,1
21154dbe9d1fd27c98e5ee78bb11560c,372,,uncultured Alphaproteobacteria bacterium MFD09779.bin.1.294,0.998,0.9902,False,False,91750.0,1
5b6d589e4b8374ae05953faf3e0ec415,372,,Rhodobacteraceae bacterium strain X2_MetaBAT.20,1.0,0.9951,False,False,1904441.0,1
30722c9b979a324b1a9e507436496b08,369,,Clostridium aceticum strain DSM 1496,0.9985,0.9946,False,False,84022.0,1
86d8b22d008c02c166ab930218a92e10,374,,Anaerolineae bacterium strain CSSed162cmA_203,0.9966,0.9932,False,False,2052143.0,1
b70cf1cd83f125ce28f989f55d2ca2d2,388,,Terrisporobacter sp. MCA3,0.9971,0.9937,False,False,2813371.0,4
645dd8b575c7e7c0952933bbe90b4bb9,373,,Pseudomonas paraeruginosa E051GPA,1.0,0.9956,False,False,2994495.0,14064
4067001164170581ba105a05e975bbe3,374,,Cyanobacteria/Melainabacteria group bacterium S15B-MN24 CBMW_12 strain S15B-MN24 CBMW_12,0.999,0.9907,False,False,1919279.0,1
1b93fe44c90e856e28e8586500b42103,374,,Candidatus Darwinibacter acetoxidans M4B_bin34,0.9956,0.9937,False,False,3082383.0,1
29b2f8399229daa8138a86a37fa795f1,374,,Proteiniclasticum ruminis strain CGMCC 1.5058,0.999,0.9946,False,False,398199.0,1
296a64ff9ac191c4f1c886ba988e1706,374,,uncultured Gammaproteobacteria bacterium MFD02832.bin.1.63,0.999,0.9907,False,False,86473.0,1
eb6a99a43cef2237af9b344c4df7f907,372,,Bosea sp. OK403,0.9995,0.9946,False,False,1855286.0,9
6e72d85c5c29aaa1b7f043f60c8515fa,372,,Hyphomicrobium sp. ghe19 hypp,0.999,0.9912,False,False,2682968.0,1
91203c4512e4b08f343fbec0de1a3b9e,372,,uncultured Ruminococcus sp. strain 2789STDY5608855,0.9961,0.9927,False,False,165186.0,6
28a57cdaa30629405422c8fde4881357,375,,Micropruina sp. 5N177,0.9995,0.9932,False,False,2737536.0,1
79f2b1b38f1fbd05cc7592334ee0803d,370,,uncultured bacterium CTOTU23009,0.9976,0.9927,False,False,77133.0,3
1fd28ae75bb3ec630b2de2e3430c8f1e,374,,[Clostridium] stercorarium subsp. stercorarium DSM 8532,0.9971,0.9907,False,False,1121335.0,3
9cf1aa88a0fc0c5655a20cd94313b748,374,,Christensenellales bacterium AnMBR.bin536,0.9966,0.9917,False,False,3083246.0,2
749376b5f9975100a175a587f222e10e,372,,Afipia sp. strain SCN18_30_10_14_R3_P_62_188,0.9985,0.9961,False,False,1871052.0,1
e4e59d9f49c532675b55e61340b2179e,374,,Ruminiclostridium sp. MA18,0.9976,0.9937,False,False,2488810.0,2
26491960a83d9ec238fcf87efff319e2,372,,Christensenellales bacterium AnMBR.bin221,0.9961,0.9897,False,False,3083246.0,1
f88d741fc5f4fa1ec110a6aafc7393f2,372,,Candidatus Darwinibacter acetoxidans M4B_bin13,0.9961,0.9873,False,False,3082383.0,2
d16549567d9b503e05d935bd5ca038a6,372,,Alkalibacillus haloalkaliphilus BZ-TG-HK233,0.9951,0.9922,False,False,94136.0,2
626c469cde244cf9b780fe8a6e952018,372,,Parvibaculum sp. AMR_MDS_0035,1.0,0.9883,False,False,2024848.0,1
81658f20c85c240a8529c9f65f993851,374,,Christensenellales bacterium MAG8007,0.9956,0.9932,False,False,3083246.0,11
7bc40a9c22f90b2ce6c97edc8248f810,372,,Alsobacter sp. STL-PRO20,0.9976,0.9893,False,False,1872479.0,1
15d96e4d97ef38ceedf0ad18f07e0240,372,,Aphanothece microscopica RSMan92,0.999,0.9951,False,False,3390204.0,3
426bda34df28a503259476e54950b730,373,,Christensenellales bacterium 47-2_05,0.9956,0.9863,False,False,3083246.0,1
32fde07abf6b53007080027dbf4cf88f,372,,Alcaligenes pakistanensis KUR1110,0.9995,0.9941,False,False,1482717.0,3
064ea8c0c174b991b890a76af66da802,371,,Anaerovoracaceae bacterium 4d0eff97-7de3-49ad-953d-66426f0db4f8,0.999,0.9951,False,False,3030912.0,2
34646d0e803268c026a7c33066998a77,374,,Syntrophomonas wolfei strain UFZ-1H7,0.9971,0.9907,False,False,863.0,12
bc71146ccc3a63837fc7d874a28a173c,374,,Clostridiaceae bacterium CA_23,1.0,0.9932,False,False,1898204.0,1
6fc9eb297f26be9914cfbb2e96bbc086,378,,Methanobacterium aggregans strain DSM 29428,0.998,0.9897,False,False,1615586.0,1
f437261ff1458ebf1aa7f6dc7bf69e58,373,,Caproiciproducens galactitolivorans YR-4,0.9995,0.9878,False,False,642589.0,1
191627a5d4511a32856d4a033e4bf1cb,374,,uncultured Halothermothrix sp. SRR5007349_bin.152_CONCOCT_v1.1_MAG,0.9951,0.9907,False,False,543059.0,1
469c376c54706d2a04589d78e87c8780,375,,uncultured Actinomycetes bacterium MFD09779.bin.2.78,0.9995,0.9922,False,False,152507.0,1
d9d30d32406d0d1f7d847cdbbdda6137,372,,Cronobacter dublinensis strain cro2864A2,0.9937,0.9902,False,False,413497.0,1
ecb869631711bf81e94c27a768dfdd0b,372,,Ottowia beijingensis CCUG 53909,1.0,0.9956,False,False,1207057.0,1
cd74519f8627d952e9422b81ea695058,374,,Candidatus Brocadia sp. strain SB37,0.9971,0.9902,False,False,2172549.0,1
116dc9851c69f16ec8c27a12ce358fa4,374,,Anaerolineae bacterium AnMBR.bin280,0.999,0.9897,False,False,2052143.0,1
3561691a3832d2ec98315c3412a98fa3,366,,Alkalibacter sp. M17DMB,0.9985,0.9927,False,False,2787712.0,1
8fa174b717385600595ec8771240bfe8,372,,uncultured Actinomycetes bacterium MFD05176.bin.2.99,0.9966,0.9951,False,False,152507.0,1
51aa4d9105ecfeb7a7d4f5afa1773cdc,373,,Intestinimonas massiliensis strain GD2,0.9995,0.9917,False,False,1673721.0,6
9e188c20ff4d59650dfc2cb435a88512,372,,Burkholderia pseudomallei 490f,0.9995,0.9951,False,False,28450.0,3272
dfa00f358503d3a79cb2c330ee60c1e2,378,,Methanobrevibacter arboriphilus A2,0.9995,0.9932,False,False,39441.0,3
6ed1f425cd7d234afdf0906b91293ae2,374,,Anaerolineaceae bacterium strain Go_SlDig_bin_452,0.9966,0.9883,False,False,2024896.0,2
d14450ec065af47ce09cf95309f24072,374,,Phycisphaerae bacterium strain AS06rmzACSIP_475,0.998,0.9927,False,False,2026778.0,1
99974302fcd8d2101cbc28c8141e0ee9,374,,uncultured Actinomycetota bacterium MFD05942.bin.1.451,0.9985,0.9902,False,False,3039803.0,1
7ede4b72fe5210d181d31d0161d8f153,374,,Polyangium sp. rjm3,0.9976,0.9883,False,False,2995306.0,4
455b517d5e3be97a7c74805de5f26850,372,,uncultured Alphaproteobacteria bacterium MFD01721.bin.1.104,0.9976,0.9927,False,False,91750.0,1
0f4a7eac09f580255faedbb1da343681,374,,uncultured Eubacteriales bacterium MGYG-HGUT-02132,0.9976,0.9937,False,False,172733.0,1
d6ff6bbe079674401094c1a932da80ab,372,,Sinirhodobacter sp. HNIBRBA609,0.999,0.9932,False,False,3015995.0,7
37a53b3aab9bc373c583f6be8ab1d858,372,,Spirochaetaceae bacterium 2-no_aug_S1_011,0.9966,0.9902,False,False,1898206.0,1
ae9418ce9d02c32999138b34c48512fb,371,,Cronobacter dublinensis strain cro3214W,0.9995,0.9912,False,False,413497.0,1
37e77987f6db9eb8df82f8185f8440b7,374,,Bacillota bacterium USDV_metabat.107,0.9971,0.9878,False,False,1879010.0,1
2d86655f5770d1ddf5947021a53b57cb,374,,Planctomycetota bacterium USOA134_maxbin.073,0.9966,0.9888,False,False,2026780.0,1
43a837e225147b88f58a65ccc8412c7c,374,,Desulfallas geothermicus strain BL5_bin.4,0.9966,0.9893,False,False,39060.0,1
70bc60bf6b649f62bb1ee7538331006f,374,,Eubacteriales bacterium mix99,0.9976,0.9941,False,False,3039678.0,3
d40238b6e6c47b51c94b10008b551af4,375,,Microbacterium foliorum strain M2,1.0,0.9937,False,False,104336.0,221
7cd022d3e8231b6befc5e3e2259a6813,374,,Calditrichales bacterium MX18-03,0.9976,0.9878,False,False,2890832.0,3
46156799234f2a8e18eb868be7da1d1a,373,,Dehalobacter sp. DAD,0.998,0.9922,False,False,1962289.0,1
6332a8b08afb6aa3ef5901e06a2c287f,378,,Methanobacterium ferruginis NBRC 105197,0.9985,0.9893,False,False,710191.0,2
4561fef494acf771179203cc14f5d372,374,,Luteimonas notoginsengisoli KCTC 42211,0.9995,0.9897,False,False,1578200.0,1
d5cecae93845498f6d38b6b144a7e330,374,,Firmicutes bacterium strain THP_Bin_10,0.9961,0.9893,False,False,1879010.0,1
f527a3626856c74b3bf1c926561baf11,374,,uncultured Planctomycetota bacterium MFD04944.bin.1.246,0.9995,0.9868,False,False,120965.0,1
5645208dbd4272e443c0bfd58a60b9b9,374,,[Clostridium] stercorarium subsp. stercorarium DSM 8532,0.9956,0.9897,False,False,1121335.0,3
9874202de61384a91f48d042f2ccafbc,374,,Proteiniclasticum sp. CTOTU49245,0.9995,0.9951,False,False,2053595.0,1
dcc3c223f6007f2b75ad31366a34a983,372,,Kaistia defluvii 3207,1.0,0.9941,False,False,410841.0,9
be2708e1bdcddac994cdfd7ddf921d52,375,,uncultured Actinomycetota bacterium MFD01213.bin.c.4,0.999,0.9912,False,False,3039803.0,1
40dc5c18cc4351517876235855be9721,374,,Desulfallas geothermicus strain BL5_bin.4,0.9976,0.9878,False,False,39060.0,1
15bf273330928f57de2f3b24ca2a5135,376,,Planctomycetes bacterium Pan216,0.9917,0.9878,False,False,2527975.0,1
2641fe1f99500e1a2d08cabe3073566b,374,,Bacillota bacterium USOA134_maxbin.119_sub,0.9956,0.9854,False,False,1879010.0,1
54211010aefd9707190f47101648a23c,372,,Xanthobacter sp. V3C-3,0.9995,0.9917,False,False,3119935.0,2
4ae80f5b33241febaf3739096afd09ca,378,,Methanobacterium sp. YSL,0.9995,0.9893,False,False,2841655.0,1
8602056eba9f104692f2ddf8938871c5,372,,Aquincola sp. J276,0.999,0.9966,False,False,2898432.0,7
50addb775b43dc6766013d2b80081ce3,372,,Candidatus Wallacebacter cryptica M4b_bin43,0.9951,0.9907,False,False,3082386.0,1
8d8be8b2507c837431e2e91d5b78faa9,372,,nitrifying bacterium enrichment culture strain ENR4_AEF_assembly,0.999,0.9941,False,False,1648056.0,2
17cd9e80e0f41c506e23257e356ac923,374,,Eubacteriales bacterium mix99,0.9971,0.9941,False,False,3039678.0,3
dd845f9a83e4214b3e9e1a1ead34f609,373,,uncultured Clostridium sp. min17_bin72,1.0,0.9917,False,False,59620.0,3
ddfc7fa44eb695c1a36fab946176dbdc,375,,Actinobacteria bacterium strain PROP2,0.999,0.9932,False,False,1883427.0,5
88d969d851523ed5828eb0c9dee1855d,372,,Alcaligenes pakistanensis KUR1110,1.0,0.9941,False,False,1482717.0,3
ae6befdc531c744b9165106d3c3f6739,372,,Alcaligenes pakistanensis KUR1110,0.9995,0.9941,False,False,1482717.0,3
dc211776d6a734cf180f697b098c47d3,374,,Desulfitobacterium sp. CA_182,0.999,0.9907,False,False,49981.0,1
286e6b7f2a15a9ef97faca363e6a6800,374,,uncultured Actinomycetes bacterium MFD09779.bin.2.256,0.998,0.9907,False,False,152507.0,1
9c426d26d1334efd88b234484348abbf,372,,Reyranella massiliensis 521 JJ-LUK12B-28-7-m2-bin89,0.9985,0.9937,False,False,1205680.0,1
3e5c0929aa7ec948ea82be82637549b1,376,,Armatimonadota bacterium AB_3033_Bin_184,0.9941,0.9849,False,False,2033014.0,1
328120c708098f9f55e4b6945d8cf31d,372,,Aquamicrobium sp. ACE_NR_PROT10,0.999,0.9951,False,False,1872579.0,1
5db86c73cb3a69940374cd84e1457a2f,372,,Devosia sp. UYZn731,0.9976,0.9966,False,False,3156345.0,1
ce79d4435bd130dc3503269a9b397170,375,,Microbacterium sp. ET2 (Ac-2212) ET2 (Ac-2212) strain ET2 (Ac-2212),0.9995,0.9946,False,False,3050384.0,38
5842b861c82007643d496c3860a149f9,374,,[Clostridium] thermosuccinogenes strain DSM 5809,0.9966,0.9927,False,False,84032.0,4
0be5f4770658b90f11dc058c6006f780,372,,Bacillota bacterium JPMR_metabat.40_sub,0.9985,0.9927,False,False,1879010.0,1
2f0e324704bd4ac738072c50d4eba0ea,375,,Paludisphaera sp. JC747,0.9971,0.9858,False,False,2711216.0,3
34e20439c680b4b5689f8355e1b87165,371,,Caloramator sp. E03,0.9961,0.9927,False,False,2576307.0,1
7056f0ca7e34feb91ddfdb617582fd12,374,,Acetivibrio straminisolvens FC2,0.999,0.9932,False,False,253314.0,3
ad942c95632b90b7d01e5c5e77b99ebc,373,,Robinsoniella peoriensis strain 6600698,0.9995,0.9941,False,False,180332.0,5
36932f198f0d72739c13f82998a6364d,374,,Firmicutes bacterium ADurb.Bin248,0.998,0.9937,False,False,1852886.0,1
00822d53733c27d8119b5fc4ed19f687,378,,Methanobrevibacter arboriphilus A2,0.9995,0.9937,False,False,39441.0,3
ef29434876e20a83290e58de1f4e09c2,374,,Tepidanaerobacter sp. GT38,0.999,0.9888,False,False,2722793.0,1
3f602caee36e03c625a1f30eb97314e2,370,,Hanamia sp. SMAG_U7412,0.9995,0.9917,False,False,2930256.0,1
865b36b85a2b2a8cdbd204a37e088b94,372,,Christensenellales bacterium AnMBR.bin221,0.9976,0.9917,False,False,3083246.0,1
703b123d3cbe4a7e8c02253f1f55d261,374,,Thermomonas fusca strain SHC 3-19,1.0,0.9951,False,False,215690.0,3
523a7e01fa5c47d91e959292759c7ac7,371,,Rhabdobacter roseus strain DSM 105074,0.9946,0.9927,False,False,1655419.0,1
daa33b68bffced185af681590ffd372e,371,,[Eubacterium] tenue strain 1001254J_160919_B3,1.0,0.9966,False,False,1737.0,89
7fea81a0fb9031b1aa53e4dcc0334bf4,373,,Lutispora thermophila DSM 19022,0.9956,0.9907,False,False,1122184.0,1
76861e4fd720b21d96693697fa6b48fc,374,,Gammaproteobacteria bacterium SMAG_U10908,0.9971,0.9937,False,False,1913989.0,1
8610085898359abd9388c49fcfbbcb2a,374,,Christensenellales bacterium AnMBR.bin514,0.9966,0.9873,False,False,3083246.0,1
d50903b75a954b0f707171e84a573a5f,372,,Methylocella sp. CPCC 101449,0.998,0.9961,False,False,2987531.0,2
e4584b51fe909644e9845c5dc09526e9,370,,Chryseobacterium sp. XH07,0.9995,0.9941,False,False,2058346.0,3
41afcb39b8689b8b9b59ad8a8215958f,395,,Candidatus Bathyarchaeia archaeon SO_2017_LW3_134,0.9912,0.9897,False,False,3045160.0,1
89628653ce7d25046e81ec1e41c9122f,398,,Methanobrevibacter arboriphilus JCM 9315,0.9844,0.9858,False,False,1293039.0,1
7bc4b6055f77dc4acb835bf59f37bba2,374,,Candidatus Darwinibacter acetoxidans M4B_bin13,1.0,0.9868,False,False,3082383.0,1
8a652928ef13cc45fe6fad624a6fa1d2,374,,Anaerolineaceae bacterium AnMBR.bin289,0.999,0.9922,False,False,2024896.0,1
f486ad1bcca90a8bd9b68c76212312c3,370,,Bacteroidetes bacterium UR.bin105,1.0,0.9878,False,False,1898104.0,2
64cbb145bf7546cd909ccdfc390477a7,372,,Anaerolineae bacterium AnMBR.bin515,0.9966,0.9907,False,False,2052143.0,1
8cc8b34be2f3cb1e12e390328759aaf7,373,,Roseburia inulinivorans 47-1_09,1.0,0.9951,False,False,360807.0,33
1d8cbc23caf68cfc1c0505901772f517,373,,Candidatus Scatomorpha stercorigallinarum metabat2_6755_HET_CTRL_hicanu.336 MAG,0.9966,0.9917,False,False,2840931.0,1
bfd0c8d60af26ef218a387e70ec45b54,371,,Terrisporobacter petrolearius ELB,1.0,0.9956,False,False,1460447.0,9
6068fd60909c15a33c7dd6f3cf41a189,374,,Gracilibacter sp. BRH_c7a,0.9971,0.9951,False,False,1734398.0,1
b9daacd0e5fb8ea4e35fc84e8a40253e,372,,Kaistia defluvii 3207,0.9995,0.9941,False,False,410841.0,9
02e5aa8b2279bb6d9eef1591c1bd5c44,374,,Oscillospiraceae bacterium 47-2_50,0.998,0.9927,False,False,2485925.0,1
4c301bbaaa0d8e3dc3356271c20fc5b5,378,,Methanothrix sp. AnMBR.bin331,1.0,0.9839,False,False,90426.0,1
8ac7ad6e4b6501eb143d97f10bcc2b6d,372,,Hyphomicrobiales bacterium STL-PRO17,1.0,0.9941,False,False,1909294.0,2
f9d19abf0ac81bcc64d02d91350fce35,370,,Cyclobacteriaceae bacterium MAG_20,0.999,0.9937,False,False,2099675.0,7
58775dbd44f0df19b94bc37ab4e4c579,372,,Cronobacter dublinensis strain cro3214W,0.999,0.9937,False,False,413497.0,1
3ba3a0a8948fba9b0c25ad37b41b3342,373,,uncultured Prevotella sp. ERR14130906_bin_11587,0.9941,0.9868,False,False,159272.0,28
a4d4e17dbb14f15384261ddd56409439,372,,Candidatus Sumerlaeales bacterium LC101,1.0,0.9932,False,False,2925322.0,1
5a282585ef16397041df72979907593f,374,,Legionella tucsonensis strain 1087-AZ-H,0.999,0.9912,False,False,40335.0,2
98e48e291e82614b662dd427ed669231,372,,Anaerolineae bacterium AnMBR.bin515,1.0,0.9907,False,False,2052143.0,1
ebe6058ea1fbc7f77df40e51f0a20dca,370,,Clostridia bacterium binned_ad_5.11,0.9966,0.9888,False,False,2044939.0,1
449442ea32d59c45c20f49095f206f1d,374,,Syntrophomonas sp. DTU018,1.0,0.9927,False,False,1671629.0,2
e72958d316af4633e03cda644ee44b40,374,,Clostridiales bacterium PH28_bin88,0.9971,0.9927,False,False,1605376.0,1
c9c58ce6cfd82ba2d1a35ed4588dc1db,378,,Methanosarcina barkeri 227,0.9995,0.9829,False,False,1434106.0,22
8e411053229e1cc8814cc8c0d1989251,374,,uncultured Clostridia bacterium ERR589771_bin.64_CONCOCT_v1.1_MAG,0.9971,0.9922,False,False,244328.0,1
60afbfee9ee6fb92816d66611d1ffb57,374,,Christensenellaceae bacterium 20c35e01-8a7f-49ef-9147-7de253b6e4f4,0.999,0.9932,False,False,2054177.0,1
cb300bfb8d8466c3f220d5f95c2a03c2,378,,Methanobrevibacter arboriphilus A2,0.9995,0.9917,False,False,39441.0,3
72c6706063e2325bd12c28ea8b23e872,408,,Candidatus Carsonella ruddii CCH-AH,0.9878,0.9888,False,False,114186.0,1
c487c317433b2236a0872af25cb3b3de,374,,Candidatus Cloacimonetes bacterium 7-NCT_003,0.9961,0.9897,False,False,2030808.0,1
3fbd0537ef4f3242fb50a2ddb91061ad,375,,Actinobacteria bacterium strain SCN18_13_7_16_R1_B_69_21,0.9995,0.9927,False,False,1883427.0,1
350764427a7e15d2e95ee77951ea5c6c,372,,Eubacterium aggregans strain SR12,0.9927,0.9897,False,False,81409.0,2
d23e031b9dfbdb8f41323c8c5c775f26,371,,Candidatus Copromorpha sp. AnMBR.bin224,1.0,0.9907,False,False,2952913.0,1
9e1c950d882ef8c3e0f61aa7ec52060e,373,,Thermotogales bacterium strain R1-B14.2,1.0,0.9912,False,False,2093812.0,1
53cc13652f54147209456977b76cea50,372,,Bacillota bacterium R1Mar2020-bin.3,1.0,0.9888,False,False,1879010.0,1
a2ea5245d83eba89a777bfc3af4e28a7,372,,uncultured Alphaproteobacteria bacterium MFD05502.bin.2.35,0.9995,0.9966,False,False,91750.0,7
96a7203e72563b1502356df04aa19f42,372,,Lacticaseibacillus casei CUL06,0.9985,0.9961,False,False,1582.0,1
46106a1395497d731c64d8d5b56c3771,374,,Clostridiales bacterium strain SIG369,0.9951,0.9912,False,False,1898207.0,1
a9ea2ae2f8893f91cf4ca523ea7d4cfe,373,,uncultured Flavonifractor sp. strain 2789STDY5834933,0.9971,0.9897,False,False,1193534.0,3
8bea27e05e23cdeacb4dda62cfb59aaa,378,,Methanobacterium ferruginis NBRC 105197,0.999,0.9878,False,False,710191.0,2
d2e381c85060771ec94f8f66bf491409,373,,Candidatus Cloacimonetes bacterium JPAS_maxbin.214,0.9995,0.9902,False,False,2030808.0,2
2b03838ca7687263d84571109aa7de49,374,,Anaerolineaceae bacterium 6_bin.133,0.9966,0.9912,False,False,2024896.0,1
0717587ee3e819d58ad9801323db963c,370,,Cronobacter dublinensis strain cro3214W,0.998,0.9907,False,False,413497.0,1
643242de6c8b6447dd4187d002a08beb,374,,Gracilibacter sp. BRH_c7a,0.9971,0.9946,False,False,1734398.0,1
c2b43f5fc401b8ae942e9f83213eef32,375,,Candidatus Saccharibacteria bacterium strain Go_SlDig_bin_267,1.0,0.9922,False,False,2026720.0,1
f877e829ece2e97efc2208f33e765ce3,370,,Candidatus Latescibacteria bacterium JPNA_maxbin.122_sub,1.0,0.9878,False,False,2053570.0,1
ac96db42031919a640395a42626c4cfe,372,,Clostridiales bacterium DTU012,1.0,0.9888,False,False,1671647.0,1
cf94c789ff082528101c344b74e994c7,369,,Bacillota bacterium USSF_maxbin.137_sub,0.9951,0.9922,False,False,1879010.0,1
dc34e8512b788fb682511c00370ee4c7,374,,Desulfotomaculaceae bacterium AnMBR.bin218,1.0,0.9941,False,False,2937913.0,1
7de13a55503e90292b953209386e0b7b,376,,Buchananella sp. 22MD1512,0.9976,0.9937,False,False,3231492.0,4
1343e87d3913871b8120eddf9b9aedc6,375,,Leucobacter soli CCM 9020,1.0,0.9927,False,False,2812850.0,3
8a86fb52c58e6597a806872e474d6ac1,374,,uncultured Chloroflexia bacterium MFD09368.bin.2.46,0.9976,0.9775,False,False,1672391.0,2
6a639263c07c310881a6085392276536,372,,uncultured Bacillales bacterium strain SRR15057923_bin.18_metaWRAP_v1.3_MAG,0.9868,0.9858,False,False,157472.0,4
73fc872cf74b23112d674efd5f773616,375,,Bacillota bacterium MAG326_KBP,0.999,0.9863,False,False,1879010.0,1
e71d7fce3b720ea2b97354f4a94a19a7,369,,Clostridiaceae bacterium strain M1-B18,0.9985,0.9922,False,False,1898204.0,1
4c4c77a6783079489f146bf3f51d11e6,370,,Spirochaetes bacterium 3-JJ_aug_S1_002,1.0,0.9937,False,False,2202144.0,4
f7e31d1689b9fa6e5639ba7fb856967a,368,,uncultured Bacteroidales bacterium SRR6425747_bin.33_CONCOCT_v1.1_MAG,0.9976,0.9941,False,False,194843.0,1
630dbfa8fbc034c9f8692f9d429ea57e,378,,Methanobrevibacter sp. CTOTU7683,0.9995,0.9927,False,False,66852.0,1
a565d5baee9e444ca1446d3cfb0a6ce5,373,,Oscillospiraceae bacterium CM18GR63 CM18GR_63,0.9985,0.9951,False,False,3085305.0,4
15c6e0bf37328b13715a4ae6571a255e,388,,Lentimicrobium saccharophilum strain TBC1,0.9966,0.9932,False,False,1678841.0,1
1d808a941e29c1b4f33534431001dd27,399,,uncultured Verrucomicrobiae bacterium MFD05502.bin.2.110,0.9805,0.9839,False,False,412056.0,1
baeffa790bb6f528c4085a869a0d213e,372,,Burkholderia semiarida CLM7-1,0.9995,0.9961,False,False,2843303.0,1042
c2ce31d453f856c02c1925a535ca7d46,378,,Methanobacterium sp. MBAC-LM,0.9995,0.9902,False,False,3412034.0,1
829161d9eeb2bc71c936ceac625d9240,396,,Methanobrevibacter arboriphilus JCM 13429 = DSM 1125 strain DH1,0.998,0.9883,False,False,1300164.0,2
ad093ee4a3c24932837db32cf7007813,372,,Cypionkella sp. G6_concoct.bin.17,1.0,0.9937,False,False,2811411.0,5
a4f5e4b88460bc4713747b9e266d3144,374,,Anaerolineae bacterium AnMBR.bin232,1.0,0.9834,False,False,2052143.0,1
2a19b898afc817194e7a4996c2501bd5,399,,uncultured Verrucomicrobiae bacterium MFD01275.bin.2.181,0.9819,0.9834,False,False,412056.0,1
c3f093ce4164155c9b0f097a9ae7de70,376,,Firmicutes bacterium OH_HBB_204,0.998,0.9912,False,False,1879010.0,1
99d2491ca9702e5053cb6e62d0349555,374,,Candidatus Saccharibacteria bacterium strain INTA.CYC.018,1.0,0.9912,False,False,2026720.0,1
cf80116cb789ecdda4cb662ab3fd1b4c,372,,Diaphorobacter sp. Y-1,0.999,0.9966,False,False,3036128.0,2
848451a3853d056f1b0b123b39ebf894,372,,Nostoc sp. CHAB 5836,0.999,0.9927,False,False,2780404.0,2
7578a180cda060d7cd1d0948563f9f6d,372,,Alcaligenes pakistanensis KUR1110,0.9995,0.9946,False,False,1482717.0,3
335d9330fb71ae0d90dd21af0c78d794,372,,Rhizobium sp. NTR19,0.998,0.9946,False,False,2937795.0,4
e382176877a8994aed9f5835e1779aba,389,,Burkholderia cenocepacia 2011Ycf942II,0.9966,0.9941,False,False,95486.0,1
c9a17300b01aca353abdbbc6283a4af0,372,,Afipia sp. strain SCN18_30_10_14_R3_P_62_188,0.9995,0.9966,False,False,1871052.0,1
7b1ad2f99dd41971e10e79aaeb45e994,378,,Methanobacterium sp. MBAC-LM,0.9995,0.9912,False,False,3412034.0,1
e488b5e82b70653740e0253dd342d132,378,,Methanobrevibacter arboriphilus A2,0.999,0.9932,False,False,39441.0,3
84bee12f9a868308b8d822a4791ff8b1,374,,Dehalococcoidia bacterium strain BS5B11,0.9976,0.9941,False,False,2026734.0,1
133665f9942b3d081efe500725f373da,374,,Syntrophomonadaceae bacterium AnMBR.bin200,0.9995,0.9941,False,False,2093811.0,3
19f57e5afe22be9a7efe64bedb272f7d,374,,Bacillus sp. FSL W7-1360,0.9976,0.9932,False,False,2954698.0,2
52b9510cbb34f48661b26bc88b568e98,374,,Syntrophobacterales bacterium strain Gw_SlDig_bin_8,1.0,0.9937,False,False,2282155.0,2
dcc60ede2cc11c8503b4f31fab9233b8,370,,Porphyromonadaceae bacterium KHP3R9,0.9971,0.9932,False,False,1855398.0,2
2efff3ec5ec80431bec254de17da2fcd,374,,Aggregatilineaceae bacterium AnMBR.bin285,1.0,0.9844,False,False,2952881.0,1
ad552f09200febf499158c052101079b,374,,Longilinea sp. R89_285,0.9995,0.9922,False,False,2478918.0,1
e763da20f3043ecff1e6087da0de0512,374,,Clostridiales bacterium nC33_bin.2.fa,0.998,0.9932,False,False,1898207.0,1
c86ca8792c7be96d7699dead5edccd91,374,,Thermoanaerobaculaceae bacterium strain Go_SlDig_bin_144,1.0,0.9917,False,False,2699758.0,2
9918c6983a2d8a49a554941297f09e33,372,,Gemmobacter aquaticus strain CGMCC 1.7029,1.0,0.9922,False,False,490185.0,4
443d26a763fcf25a1b45a2fc51d1d322,374,,Luteimonas padinae KCTC 52403,1.0,0.9946,False,False,1714359.0,3
e216c691c78eba226bba71e64872263a,371,,Anaerovoracaceae bacterium f78f2883-c260-4f33-9859-2a80832d1289,0.998,0.9956,False,False,3030912.0,1
c3331ee422228f2ad21a90ec87e18d35,374,,Firmicutes bacterium strain THP_Bin_10,0.9995,0.9907,False,False,1879010.0,1
7bdb643584d385bedc3578796b996258,374,,Thermoclostridium caenicola strain DSM 19027,0.998,0.9922,False,False,659425.0,1
5826f38e9afadfa40023cdc15629fe20,378,,Methanobacterium sp. MBAC-LM,0.9995,0.9897,False,False,3412034.0,1
a0cda4ca07d855686d23956f06d0d76e,372,,Diaphorobacter sp. NR2-3-3-1,0.9995,0.9966,False,False,2784387.0,1
fdb931f5c3f0b1f62bb2d613cb86001e,374,,Flexilinea sp. AMR_MDS_1307,1.0,0.9902,False,False,2017390.0,2
feb42a0dac8ff0d17d64cdea8f2fcf1e,374,,Thermomicrobiales bacterium ACE_NR_CHLO14,1.0,0.9785,False,False,2482790.0,3
915047629ceb2cfb1fb1d4ff467c9002,374,,Desulfallas geothermicus strain BL5_bin.4,0.999,0.9902,False,False,39060.0,1
0ce72cb3f2222077b10a09aeab862462,372,,Aminobacter sp. MSH1,1.0,0.9946,False,False,374606.0,20
5b3ae10206715c2976a983cb2eef902e,374,,Anaerolineales bacterium Chloro_03,0.9946,0.9878,False,False,1674892.0,1
ac70da28b0eb596f2cb37af26b06d10b,372,,uncultured Alphaproteobacteria bacterium MFD09779.bin.1.294,0.9985,0.9917,False,False,91750.0,1
dbda74fb9d5fd3c12eaab78face02172,375,,Clavibacter sepedonicus LMG 6715,0.9995,0.9927,False,False,31964.0,300
3768ce8adbe0d6b2fccade3b7750c7d6,372,,Planctomicrobium piriforme strain DSM 26348,0.9966,0.9902,False,False,1576369.0,1
59a5570b657c148caf79a4d0bf8b4d0c,372,,Phenylobacterium sp. BF4_149,1.0,0.9927,False,False,1871053.0,3
7f95be53d89bc3a48bae7b78b974d701,374,,Anaerolineae bacterium clx_SAG6,1.0,0.9912,False,False,2705088.0,3
325b6281ee8480e4b22c882b8bc7041c,388,,Terrisporobacter sp. MCA3,0.9985,0.9956,False,False,2813371.0,4
768b30237305b76406c8c5c6a9fba498,374,,Anaerolineaceae bacterium AnMBR.bin511,0.998,0.9893,False,False,2024896.0,1
e11faaea7fe3b63b13f607b41aea228a,374,,Syntrophomonadaceae bacterium AnMBR.bin222,0.998,0.9941,False,False,2093811.0,1
68685530ccb6cde5b49f2a277fda2b94,378,,Cronobacter dublinensis strain cro2915W,0.9995,0.9888,False,False,413497.0,1
ffb7f32b76b8aea19e3d810eef8cb779,374,,Eubacteriales bacterium mix99,0.9971,0.9946,False,False,3039678.0,3
00cb63b6f629510ea7cf65e0530b4027,374,,Atribacterota bacterium AnMBR.bin230,0.999,0.9854,False,False,2952890.0,3
94f099e252b40a7a42a638b2c028b7db,373,,Pseudomonas xiamenensis strain PX1,1.0,0.9927,False,False,157792.0,1
46bd23bd0fd9dba10f345fa125cfcb81,371,,Candidatus Lokiarchaeota archaeon ST_AS_maxbin.233,0.9888,0.9863,False,False,,1
be49979e50fd98568304bc66173f624b,374,,uncultured Actinomycetes bacterium MFD04716.bin.1.373,0.9995,0.9893,False,False,152507.0,1
da8011c670ba64a99498171a2ba72892,371,,Firmicutes bacterium OH_HBrB_62,0.9932,0.9893,False,False,1879010.0,1
ce0b607406b1ba0603a5883aeab5bbcf,373,,Neglectibacter timonensis MAG12854,0.9961,0.9922,False,False,1776382.0,1
b11163a4c83a6ea84645bfb8a390cc5c,374,,Candidatus Brocadia sp. strain SB37,0.9985,0.9902,False,False,2172549.0,1
ac524add8433af858bc0c3cb54fd3a75,378,,Methanobrevibacter arboriphilus A2,0.9995,0.9922,False,False,39441.0,3
ea8b36aa3ca7fa26f798e2c40a19c43e,378,,Methanobacterium sp. MBAC-LM,0.9995,0.9907,False,False,3412034.0,1
d0c4b664b4d2be62c80268e30a098b50,373,,Mesotoga infera strain MESINF1,1.0,0.9854,False,False,1236046.0,11
584732b1ae36c8fd9cd78a3b94bfb4ba,373,,Christensenellales bacterium C039_38,1.0,0.9902,False,False,3083246.0,3
1b350d18d59a97b3af2257944c908b17,372,,Hydrogenophaga sp. SO_2017_LW2_128,0.9995,0.9937,False,False,1904254.0,1
c797aedcc1b7855b7af687d34a0998d7,374,,Bacillota bacterium USOA5_maxbin.016,0.9946,0.9878,False,False,1879010.0,2
e1ad71679dace6d1d502a91df086f04b,372,,Agrobacterium sp. Poolinfecte_13,0.9995,0.9927,False,False,361.0,3
90c4f2d984977adea41de3f42bd18ea1,374,,Bacillota bacterium JPNG_maxbin.020_sub,1.0,0.9897,False,False,1879010.0,1
f57128992ee22ab49d1a992eb1594104,373,,Pseudomonas sp. NBAII RFP-17 strain SLBN-26,0.9941,0.9917,False,False,864577.0,45
7c6227f972ed1626eab4256030f39631,374,,uncultured Alphaproteobacteria bacterium LOGT_bin.0209,0.9971,0.9946,False,False,91750.0,1
fc05fae4c5692849b84f3411043e8344,373,,uncultured Chloroflexia bacterium MFD10007.bin.2.58,0.9941,0.9878,False,False,1672391.0,1
1124da2808084f121dfa80f2ff96ad56,374,,Nitrosomonas communis NR2_44_concoct,0.9971,0.9927,False,False,44574.0,9
67d673cfb165578d52df1cfbd958a5c9,370,,Cronobacter dublinensis strain cro3214W,0.998,0.9917,False,False,413497.0,1
92cb26786c713a9a22e36dc8c8913a44,374,,Syntrophomonadaceae bacterium strain CSSed10_9,0.9961,0.9878,False,False,2093811.0,2
90fa6c0bf60713bfb45126d0e322b04b,375,,Leucobacter ruminantium strain A2,1.0,0.9927,False,False,1289170.0,1
2579ccdb853bf0bbcbc589ee0badfa6b,372,,Shinella pollutisoli KCTC 52677,1.0,0.9951,False,False,2250594.0,3
d45aaeec9a07ee5bc7a02cbca9a84ee7,369,,Crassaminicella profunda strain Ra1766H,0.9961,0.9946,False,False,1286698.0,5
cf506e6252da1013261a93132ed38efe,369,,Firmicutes bacterium OH_HBB_247,0.9985,0.9941,False,False,1879010.0,1
3ece3ba63c0d48e9af0bd3e473afb6cc,396,,Candidatus Hadarchaeum sp. AfrMine_MM5_34_173,0.9966,0.9839,False,False,2883567.0,4
fcfaeb95003823a7ffde76ba3c4c790b,372,,Ottowia thiooxydans DSM 14619,1.0,0.9966,False,False,1122623.0,1
f1baa928afe50a32873c14a5a0e63f2d,372,,Candidatus Wallacebacter cryptica M4b_bin43,0.9961,0.9897,False,False,3082386.0,1
2990b08e6fdd30ce626c1f5d8d026587,374,,Bacillus amyloliquefaciens 4-9-2,1.0,0.9927,False,False,1390.0,3256
58170f812d875827788d594fb6ddd4ce,370,,Bacteroidetes bacterium 4-aug_S1_004,1.0,0.9912,False,False,1898104.0,3
04a65a3c8425eeeaa26b5be5e1f73ea6,375,,Leucobacter sp. NB 10,0.999,0.9927,False,False,2873270.0,6
8dddc010930174c81129a400de4404f2,372,,Pseudomonadota bacterium JPNA_metabat.25,0.9985,0.9897,False,False,1977087.0,1
421c4fde5e0b6d90aba4333ba1328d82,375,,uncultured Actinomycetota bacterium MFD09368.bin.2.111,0.9995,0.9927,False,False,3039803.0,1
9b81b6e45f605a8664136716c1f36aa2,366,,Alkalibaculum bacchi strain DSM 221123,0.9937,0.9888,False,False,645887.0,1
73e316aef3faef6abf714c6a2802f409,371,,Spirochaetaceae bacterium 8-LJY_002,1.0,0.9839,False,False,1898206.0,5
b2f2f46a7ac98e69a9c672e3c11d4dc6,370,,Lachnospiraceae bacterium 46-61,0.998,0.9932,False,False,3142755.0,3
6281e84f5577a96d655059cf0de0540a,369,,Tissierella sp. MB52-C2,1.0,0.9956,False,False,3070999.0,4
2c8630b0baf30f2cc97a2f0b4bc96aca,378,,Pirellulales bacterium STL-PLA35,0.9097,0.9102,False,False,2715253.0,1
1c4b816fb8f22fadba37d3f297f19730,374,,Bacillota bacterium JPMR_metabat.77,1.0,0.9897,False,False,1879010.0,1
10b3c2a776e4f9f16a4c80c2d43c9def,374,,Peptococcaceae bacterium BRH_c4b,0.9946,0.9897,False,False,1629717.0,1
0920f329b65647d14740b55a5052624d,374,,Gracilibacter sp. BRH_c7a,0.9985,0.9951,False,False,1734398.0,1
cabc3f75a6051be90646efa273cd5ad3,378,,Methanobacterium sp. MBAC-LM,0.999,0.9878,False,False,3412034.0,1
2ec1f8eb34a2ea797a6cbbdfb17fbfd2,378,,Methanobacterium sp. MBAC-LM,1.0,0.9902,False,False,3412034.0,1
d0eac523b3ddde02c23078445c33dc3e,378,,Methanobrevibacter arboriphilus A2,0.9995,0.9932,False,False,39441.0,3
47c6142121fd5fbdd963a7a6fccb2c5e,378,,Methanobrevibacter acididurans DSM 15163,0.9995,0.9897,False,False,120963.0,2
455800da158eb1acad1d1e9657b345d2,375,,Acutalibacteraceae bacterium C014_25,0.9956,0.9883,False,False,3077420.0,1
4651f1e124ac9d94cff06304c700b593,374,,uncultured Monoglobus sp. Lapin-028__bin81,0.9966,0.9937,False,False,2047733.0,1
a9aac800e685600e21278a2012556aa7,374,,uncultured Solirubrobacteraceae bacterium MFD05942.bin.1.360,0.9976,0.9922,False,False,1162706.0,3
f4993ea775e4b217485c9be1b55db40c,371,,uncultured Firmicutes bacterium CO.O94.metabat-bins.102,0.9971,0.9941,False,False,344338.0,1
c4a4b8a9db0c109cc7146c7c64f10b79,374,,Clostridia bacterium strain zrk5,0.9932,0.9907,False,False,2044939.0,2
71f6d6badec9a36484ea0f6bea464bc2,372,,Pusillimonas sp. EA3,1.0,0.9941,False,False,2183983.0,5
d68eb4b5245740e3dfbd0fb1133ed220,372,,Christensenellales bacterium AnMBR.bin221,0.999,0.9927,False,False,3083246.0,1
77e27d0665f7fb72b2b325641b3b95ea,374,,Candidatus Cloacimonadota bacterium USMO_maxbin.063_sub,0.9971,0.9941,False,False,2030808.0,2
8967a8d6fe2dd175ae34bdac837af10a,374,,uncultured Chloroflexia bacterium MFD04716.bin.2.192,0.9961,0.9873,False,False,1672391.0,2
e9ad9694aa9baa8ef6805db44808b3ce,375,,Candidatus Babeliales bacterium MFD05580.bin.1.59,0.9956,0.9912,False,False,2803731.0,1
5d2bad7a7fe74a8b6a564a94eb9f0050,374,,Bacillota bacterium LX-D,0.9971,0.9937,False,False,3072787.0,2
6c5285812f71ed019e28402a38c1158a,374,,Christensenellaceae bacterium strain SQ_MAG_4,0.9961,0.9937,False,False,2054177.0,1
5b1e1cf5993a1b5ab7467ae5ebe4d8a4,374,,Armatimonadota bacterium USMO_maxbin.175,1.0,0.9878,False,False,2033014.0,1
a5603389a441a68a8797aa8a3cf61af9,371,,Terrisporobacter petrolearius ELB,1.0,0.9961,False,False,1460447.0,9
f961fc7bc93cdc2692d05871d6ef0296,374,,Eubacteriales bacterium SUG2579,0.9951,0.9907,False,False,2831996.0,1
0607c3ec24c886df3c9bac4259e1e910,374,,Oscillospiraceae bacterium nC33_bin.3.fa,0.9937,0.9897,False,False,2485925.0,1
e33914420d19e3dcbaf511090df6d385,392,,Klebsiella pneumoniae CPE_E312,0.9829,0.9829,False,False,573.0,2
45b5884ac84de2968672cad3b58c081a,376,,Anaerolineae bacterium F3_97,0.9883,0.981,False,False,2052143.0,1
16d5a0178f3d79e81808ab413ec47dc9,374,,Anaerolineaceae bacterium AMR_MDS_3520,0.9995,0.9868,False,False,2024896.0,4
70587a5848f80e8639f9bb824c9236fa,372,,Nitrospira sp. AMR_MDS_0239,1.0,0.9917,False,False,70125.0,7
532ff193b68d71a9e2229dd125e1eeb1,378,,uncultured Methanosarcinaceae archaeon MFD01299.bin.2.98,1.0,0.9824,False,False,176230.0,1
85856de71cc20a58c1522fd9ba454442,370,,uncultured Sphingobacteriaceae bacterium MFD10113.bin.1.179,0.9985,0.9927,False,False,261516.0,1
99d585f7c8f524fa04880f847f0a31da,374,,Xanthomonadaceae bacterium SMAG_U13686,1.0,0.9912,False,False,1926873.0,3
7935c8ea2b1b44460993759d6d1cd5da,371,,Synergistota bacterium JPNA_maxbin.102_sub,1.0,0.9878,False,False,2268202.0,1
92cb433f34320956950648a61a61e395,374,,Dethiobacter alkaliphilus Z1002,0.999,0.9951,False,False,427926.0,1
af652e408f0db93cc4846d6901a6ce37,372,,Wenxinia saemankumensis strain DSM 100565,0.9966,0.9917,False,False,1447782.0,1
f99471f9f75bc3c8400f9611fa7ee14f,374,,Chloroflexi bacterium strain K_DeepCast_150m_m2_167,0.9971,0.9902,False,False,2026724.0,1
f8d30c1e3d25ad222894f3a1a7a3eb2a,376,,uncultured Armatimonadia bacterium binchicken_co43_19,0.9941,0.9893,False,False,1294146.0,1
c995fd3a6bbed38454cd050bc331deaa,374,,Petroclostridium sp. X23,0.9995,0.9927,False,False,3045146.0,6
4563e1bc4155a08102e2a8f74d500106,372,,Aquamicrobium soli KCTC 52165,0.9985,0.9941,False,False,1811518.0,1
32d2ffd5aac26382d511eb7ab897fc06,374,,Thermoleophilia bacterium AnMBR.bin144,0.9971,0.9897,False,False,2026888.0,2
b1f59336f531943ed373eb155f8380ea,372,,Sphingopyxis sp. SMAG_U6396,0.999,0.9946,False,False,1908224.0,2
ecc87bcfc432d272b961cd36e4246127,374,,Legionella jamestowniensis strain JA-26-G1-E2,0.9937,0.9863,False,False,455.0,3
73bb9b389101bfbeafe2f0663fd53b50,373,,Sphingopyxis granuli A2-E30,0.9976,0.9878,False,False,267128.0,6
638fc32ab42e9e47ae41e2aad6572cc9,372,,Devosia ginsengisoli 46_gen_w_cov.5,0.999,0.9941,False,False,400770.0,1
f9542fc2a825a5c41094173a4a95041a,372,,Provencibacterium massiliense strain MGYG-HGUT-02410,0.9961,0.9883,False,False,1841868.0,4
1f9a774f305c7b4db08dfe4db385aa4a,374,,Firmicutes bacterium ADurb.Bin248,0.9976,0.9937,False,False,1852886.0,1
138ba6e05643a696295fc4a8ee67406c,369,,Tissierella sp. MB52-C2,1.0,0.9951,False,False,3070999.0,4
64c88f89738e90b17e368e96690366e4,378,,Methanobacterium sp. MBAC-LM,1.0,0.9897,False,False,3412034.0,1
10378c24fd183ece5224eb4bb5980766,374,,uncultured Gammaproteobacteria bacterium MFD01213.bin.3.243,0.9951,0.9863,False,False,86473.0,1
8a5b1b1f58eaa67ae9c35c6521b3eb71,373,,Candidatus Hydrothermia bacterium AMR_MDS_3675,1.0,0.9917,False,False,3014280.0,2
499282a32d639ab44b7dc14af1e71965,372,,Paracoccus solventivorans strain DSM 6637,0.999,0.9932,False,False,53463.0,2
6007fe9f1b2db53b8b47650fa99e3f10,373,,Peptococcaceae bacterium strain Nt197P3bin37,0.9946,0.9858,False,False,2052179.0,1
11ec9f654a9c1c5dc45e40f82e7cb970,374,,Clostridia bacterium AMR_MDS_4147,0.9912,0.9868,False,False,2044939.0,1
450e10636606887dd168542a6fc0df36,372,,Hyphomicrobiaceae bacterium CTOTU46456,1.0,0.9932,False,False,2015799.0,1
b9779a83e705307c6596e4741240726c,374,,Bacillus cereus Ta-LAA-64,1.0,0.998,False,False,1396.0,5398
adae8a46239a2d87cf6b3187212b0c5d,372,,uncultured Alphaproteobacteria bacterium MFD02242.bin.2.106,1.0,0.9946,False,False,91750.0,4
46eaee59b82f8e55b9c35947a8c22824,371,,Firmicutes bacterium strain MES11,0.9976,0.9941,False,False,1879010.0,1
563814b59f2c0241d0cdec1b99b7f781,374,,Christensenellaceae bacterium c84a42d1-d9c9-443e-85ff-73520b584de8,0.998,0.9937,False,False,2054177.0,1
b0b69224e197ce8061ddd3ea7ceff3d9,374,,uncultured Gammaproteobacteria bacterium MFD01721.bin.1.315,0.9937,0.9912,False,False,86473.0,1
655bd7b8d2c8ee0e717f8d77d47693b7,373,,uncultured Alphaproteobacteria bacterium MFD05442.bin.2.187,0.9985,0.9902,False,False,91750.0,1
38296582075fc96045a4147fb746fe4b,375,,Cellulomonas denverensis JCM 14733,0.9995,0.9941,False,False,1305869.0,4
ddc66d3a76d91f0f401087bf108cc42c,374,,uncultured Planococcaceae bacterium MFD07841.bin.2.61,0.9995,0.9966,False,False,349279.0,1
4be7e3af901821b478005592cf83e189,374,,Bacillus dakarensis strain Marseille-P3515,0.9995,0.9907,False,False,1926278.0,1
8a2174b375eee06b66eb3b05275a04f7,372,,Alcaligenes faecalis ZS_1,1.0,0.9941,False,False,511.0,1
0b4ce1bf546f25f6976d10bd9c189687,369,,Falsiroseomonas sp. C8_maxbin.050,0.999,0.9927,False,False,2870721.0,2
f2c297fc0b86c201864ff9fa84ff6d5d,373,,Akkermansia muciniphila MGBC101126,0.9883,0.9824,False,False,239935.0,1
456e90bd81f384fccd85730d1b5088e5,396,,Methanobacterium sp. MBAC-LM,0.9966,0.9854,False,False,3412034.0,1
e38bae89caa9e6029e2bb575ecf1465a,373,,Lacrimispora saccharolytica strain FDAARGOS_1340 strain Not applicable,1.0,0.9946,False,False,84030.0,4
fd363796f24ad824b1a025860c3acb40,374,,Christensenellales bacterium MAG8007,0.9956,0.9917,False,False,3083246.0,11
c12f7e2e3fb92f37dd8a532d2710933e,374,,Candidatus Atribacteria bacterium USDE_maxbin.108,1.0,0.9849,False,False,2053509.0,1
7741e484f93c21c4e051f33fc7b64f88,375,,Propioniciclava sp. 5N021,0.999,0.9917,False,False,2038686.0,2
2af9958fd7f71a6e23c081bc5ea32141,374,,Dehalococcoidales bacterium STD1_187,0.9966,0.9912,False,False,2026733.0,1
01606679d848223557a0c8b91904ad43,375,,Microbacterium sp. cl140,1.0,0.9927,False,False,1761807.0,23
8658443ac48e043652445ada8a1b38e9,376,,Armatimonadota bacterium SMAG_U4746,0.9985,0.9902,False,False,2033014.0,1
f94941df072a2ce7df898dbbc4971c45,374,,Firmicutes bacterium ADurb.Bin248,1.0,0.9941,False,False,1852886.0,1
d184ddaaff75a83d4d9ce5566685f125,372,,Bradyrhizobium japonicum USDA 338,1.0,0.9966,False,False,375.0,313
a3d67e84fce8a7747f69e619a049f2b9,374,,Chlamydiae bacterium strain BWMinHeated_Nextera4_MAG3,0.9961,0.9922,False,False,2081524.0,3
4eb5a964054cfd611f6281b13f89c0d3,374,,Anaerolineae bacterium AnMBR.bin232,0.999,0.9824,False,False,2052143.0,1
87046e29904457e4619c87f36ff133f0,372,,Candidatus Paracaedibacter symbiosus PRA9,0.9976,0.9893,False,False,244582.0,1
ade13a0239469e844de6acb3f220d4b2,374,,Anaerolineaceae bacterium 6_bin.133,0.9985,0.9932,False,False,2024896.0,1
e9a0960d7d02f3ef158eaad301890820,378,,Methanobacterium sp. MBAC-LM,1.0,0.9897,False,False,3412034.0,1
acf08b911fd8cbbc0d6ddfb595496383,372,,Eoetvoesiella caeni NCAIM B.02512,0.9995,0.9946,False,False,645616.0,5
efbf6366dde7be4e10d52c16b61604d2,372,,Pelistega suis D-24_MAG_28,0.998,0.9941,False,False,1631957.0,5
2092628b1364caea9caa8bb32e494b85,374,,Micropruina sp. strain Hirt_18-Q3-R61-65_BAT3C.279,1.0,0.9922,False,False,2737536.0,1
b0c57e0ed7d0bca22ad86fa554a57a0c,366,,Eubacterium aggregans strain SR12,1.0,0.9917,False,False,81409.0,2
1dd4ae4f0ee4d2ccf2cf15e82ce65b7b,372,,Aminobacter sp. MSH1,0.999,0.9946,False,False,374606.0,20
58ed3302b41e8d33d7b483d7c0d975f3,371,,Synergistota bacterium JPNA_maxbin.102_sub,0.999,0.9878,False,False,2268202.0,1
93d4e77c702d14bae2ff583e94565370,374,,Armatimonadota bacterium USMO_maxbin.175,0.9956,0.9883,False,False,2033014.0,1
efee85b044faa2ad388a0ad03caa1ab0,371,,Proteiniborus sp. MB09-C3,0.9985,0.9922,False,False,3050072.0,5
d16302bbd739ffc628c49803b25c8f6e,375,,Mycolicibacterium aichiense strain JCM 6376,1.0,0.9946,False,False,1799.0,20
eade9ffca2019fd37ceeefa62349cee5,375,,Bacillota bacterium USOA5_maxbin.016,0.9995,0.9917,False,False,1879010.0,3
fa7645eda32b4e6cfa5a7641e34be6b8,371,,Spirochaetota bacterium JPNA_maxbin.050,1.0,0.9937,False,False,2202144.0,4
5bd95b851799d453c141b62c55e27ef4,374,,Anaerolineaceae bacterium UBA2274,0.999,0.9932,False,False,1951406.0,1
381bd0335293264d60f0d35fab6b5887,372,,Anaerolineae bacterium AnMBR.bin515,0.9995,0.9917,False,False,2052143.0,1
d62995b61a683553373d223efcb7aeaf,374,,Christensenellaceae bacterium ebc0edfe-de01-4de5-b550-b82b2926f268,0.9966,0.9893,False,False,2054177.0,1
d28d9cd054df9e29c622b1ec1944d013,372,,Rhizobiales bacterium strain Hjor_18-Q3-R7-51_BAT3C.155,0.999,0.9956,False,False,,1
e7baf16c3258bdcf8af64b53aa373771,369,,Clostridium formicaceticum strain DSM 92,0.9985,0.9951,False,False,1497.0,1
2e4e10f885aac2233d05e4b46571c20d,371,,Proteiniborus sp. DW1,1.0,0.9907,False,False,1889883.0,1
5efed3b185cd579740418a733b461740,375,,Candidatus Saccharibacteria bacterium CTOTU14225,1.0,0.9912,False,False,2026720.0,1
d73a01cf4394c6ce1b6f91249a590671,372,,Pseudomonas umsongensis strain GO16,0.9946,0.9917,False,False,198618.0,1
b2df4752917d048ab824271c02ad68aa,374,,Candidatus Darwinibacter acetoxidans M4B_bin34,0.9976,0.9937,False,False,3082383.0,1
9298ac3ee3ca7f2d3eb2fcd739324462,373,,Clostridium butyricum D1,1.0,0.9917,False,False,1492.0,210
fd49dfe5a86c187e08a334fd7e25ff60,374,,[Clostridium] thermosuccinogenes strain DSM 5809,0.9956,0.9907,False,False,84032.0,4
86399b4152e937777cee90ee980e53c7,374,,Geobacter anodireducens strain NTO_MAG1,1.0,0.9932,False,False,1340425.0,1
fa4cca3abe5e2f19f3d66fd3eafc8011,372,,Proteobacteria bacterium strain RHIZO1,0.9995,0.9941,False,False,1977087.0,4
9a92a2c1cf0f15aa4804f00b70914004,375,,Planctomycetes bacterium ElP,0.9951,0.9824,False,False,2527974.0,2
9e4993b7e2e6e5d4b584c46aaac0bde5,376,,Armatimonadetes bacterium strain Ch1,1.0,0.9854,False,False,2033014.0,4
89da33616fecea01a2dd1f560e309cd0,375,,uncultured Actinomycetota bacterium MFD01299.bin.1.141,1.0,0.9961,False,False,3039803.0,1
b04b7cec6f00435b186177833dba9e0c,369,,Clostridiales bacterium mt11,0.9966,0.9946,False,False,1686289.0,2
4c62fcc88574e3048ef99a712966bec2,374,,Cronobacter dublinensis strain cro2915W,0.9976,0.9956,False,False,413497.0,1
a40423754043874f0045e65d1035b1c5,372,,Eubacteriales bacterium CE91-St47,0.9966,0.9917,False,False,2831996.0,10
66d1691a5a4a3c86712b725c3dec36de,374,,uncultured Victivallales bacterium SRP093185_co1_15,0.998,0.9946,False,False,278093.0,1
6eca1e8c47d098b26976cba1c2bfdfb8,389,,Burkholderia mallei strain 2002734306,0.9941,0.9893,False,False,13373.0,1
877caa2770bea94625b47a0efd4dd338,370,,Lentimicrobium saccharophilum strain TBC1,0.999,0.9912,False,False,1678841.0,1
d0ee8cd5ce16c3dcf15fe70d87a7b4b5,369,,Parvimonas sp. Marseille-P4678,0.9995,0.9951,False,False,2041841.0,1
a0bbfb182e829dcd543eba20abe4bf13,375,,Gordonia polyisoprenivorans NBRC 16320,1.0,0.9937,False,False,84595.0,14
da07a733c6038de701a8f72af131d730,374,,uncultured Chloroflexia bacterium MFD00032.bin.2.88,0.9956,0.9946,False,False,1672391.0,1
aca560400c046d00c063af6e4596f8d5,372,,Lautropia mirabilis 512852,0.999,0.9922,False,False,47671.0,1
d7525471cb3f78ede0955ca2a32c1b66,374,,uncultured Clostridia bacterium Lapin-026__bin27,0.9976,0.9912,False,False,244328.0,1
42ae4d6693b650ebbaac42e57113910e,372,,Parvibaculum sp. SMAG_U4986,0.999,0.9932,False,False,2024848.0,1
33a48735e8b1a35f14da8e944eb0d73a,374,,uncultured Actinomycetes bacterium MFD04716.bin.1.373,0.9966,0.9897,False,False,152507.0,1
42de4e368cca3ff50954f82c12dd5315,373,,Ruminococcus sp. D1181bin17,1.0,0.9868,False,False,41978.0,95
f44234fea5a65dfa65edd4c8b6babf37,370,,Lascolabacillus massiliensis strain SIT8,0.9976,0.9946,False,False,1627894.0,5
1f56ffc2734d7ef8efb20201a6700725,374,,uncultured Actinomycetota bacterium MFD00709.bin.2.159,0.9995,0.9902,False,False,3039803.0,1
79e6f59a9f9e9a918479309917c34bb8,375,,Mycobacterium sp. RTGN8,1.0,0.9932,False,False,3016520.0,6
4f991b9a87b25e13c75f8eb888f9f7be,374,,Clostridia bacterium 6f746f25-b6c4-487c-b3b2-1da827f770e4,0.9932,0.9893,False,False,2044939.0,1
d2340f2964ea2cff3448b5ce82aa29af,376,,uncultured Gammaproteobacteria bacterium MFD04434.bin.1.124,0.9937,0.9824,False,False,86473.0,1
c09305c29479546a081817c3df4019cc,375,,Gordonia sp. AC31,1.0,0.9941,False,False,2962571.0,58
18e8b2bd0c2318ff13208d8febed727a,372,,Castellaniella ginsengisoli 150221,1.0,0.9946,False,False,546114.0,29
febbb96bc35744a5fc6936e547e3041c,372,,Agrobacterium sp. Poolinfecte_13,0.9995,0.9927,False,False,361.0,3
fd29bda0b56df34282a38393c8fbcbca,371,,Constrictibacter sp. MBR-5,0.9946,0.9863,False,False,3156467.0,1
6c3396e9340561a2aa366046cad19f86,373,,Anaerolineae bacterium f6896fb1-f4fb-4b0c-86b4-943ec43acfa7,0.9912,0.9873,False,False,2052143.0,1
c70fe7d64a90f53b96f959c4469709ac,374,,Natranaerobius thermophilus JW/NM-WN-LF,0.9951,0.9907,False,False,457570.0,1
16e2c25bdcba26035d7e90f7902d9aea,373,,Oscillospiraceae bacterium 2653369c-2d6a-477d-a763-16f58a0da7c0,0.9961,0.9902,False,False,2485925.0,1
7019a6913978729d82e1c87185489041,374,,Candidatus Bathyarchaeota archaeon DYS_5,0.9976,0.9917,False,False,2026714.0,1
3d38b9626585c206c30b9e38e025ac32,373,,Gracilibacter sp. LH_M27,0.9976,0.9932,False,False,2772560.0,1
b42de67c23c492ca5f7c49025c6364a4,374,,Cronobacter dublinensis strain cro2915W,0.999,0.9941,False,False,413497.0,1
49eabe5ac42dea1466d651d64825b6c6,374,,Clostridiaceae bacterium HFYG-1003,0.998,0.9932,False,False,2961947.0,11
68d8ed7c8b41a1f6e461674c4d220b5a,375,,Mycobacterium sp. Z3061,1.0,0.9946,False,False,3073562.0,38
52fc77f20545190663b74a1784361e4e,371,,Aminobacteriaceae bacterium SO_2017_LW2_88,0.9985,0.9922,False,False,3034609.0,2
08beb3b3788f0fb047aa7b0b035a64a6,374,,Christensenellaceae bacterium 20c35e01-8a7f-49ef-9147-7de253b6e4f4,0.999,0.9932,False,False,2054177.0,1
4d5eeba41b7a507f54023d01ce1fb31a,372,,Bacteroidia bacterium strain INTA.AUR.004,0.9976,0.9917,False,False,2044936.0,7
94acc4dffe893d4a1b62a868448573db,374,,Hydrogenispora ethanolica strain LX-B,0.9951,0.9912,False,False,1082276.0,1
772c51fc3d0fb2e1bcaeda2b528c17cc,372,,uncultured Alphaproteobacteria bacterium MFD05442.bin.1.422,0.9961,0.9863,False,False,91750.0,1
15baec8488957bacb3136134000dc93a,375,,Candidatus Humimicrobium sp. AnMBR.bin324,0.9995,0.9912,False,False,3097462.0,1
0b242442423fe54f3e1fe7622100a61b,374,,Firmicutes bacterium OH_CDB_78,0.9966,0.9927,False,False,1879010.0,1
53d778933f79cf1ec135398e25b5e962,372,,Diaphorobacter sp. Y-1,1.0,0.9971,False,False,3036128.0,2
3430b825e4b3a8125340b6e0f195bf98,371,,Parabacteroides merdae 1001283st1_E7_1001283B150217_161031,0.9995,0.9961,False,False,46503.0,30
8cb7080de6341945037ef5d1e8e8593a,372,,uncultured Alphaproteobacteria bacterium MFD09567.bin.1.55,0.9985,0.9951,False,False,91750.0,1
1e3f1ba7e9eb6d326f7f7ea4792b1680,374,,Anaerolineae bacterium AnMBR.bin235,0.9971,0.9912,False,False,2052143.0,1
c574f4c451bc5662da17b3af8d5ebf44,372,,Aquamicrobium sp. ACE_NR_PROT10,0.9985,0.9941,False,False,1872579.0,1
e7a9beba4bfa0731ea9d0fa90bb065e3,374,,Legionella brunensis strain ATCC 43878,0.9956,0.9917,False,False,29422.0,2
c89a45b41422aafe60c0768f7c417017,374,,uncultured Halothermothrix sp. SRR5007349_bin.152_CONCOCT_v1.1_MAG,0.9961,0.9912,False,False,543059.0,1
c2baae149e8c7b36f47fe4bf2356f1f7,367,,Candidatus Carsonella ruddii 16A,0.9858,0.9849,False,False,114186.0,1
a50b9465cd3e7850eae2011497a4f41b,374,,Smithella sp. strain AS17jrsBPGN_1,0.9985,0.9932,False,False,2053614.0,1
d42056f27a6c002a2241048c320f9aa8,374,,Christensenellaceae bacterium c6a5e122-909e-4aed-a635-5b19112204bb,0.9985,0.9927,False,False,2054177.0,1
3746a611252a01f39ad4eba5428d1daa,374,,Legionella worsleiensis type strain: CIP105114,0.9971,0.9897,False,False,45076.0,3
dcf22aafce62a2d9046206ed47c5479e,374,,uncultured Gammaproteobacteria bacterium MFD03551.bin.2.131,0.9961,0.9927,False,False,86473.0,1
121322a4bdcd6f088390c57de15de7ae,373,,Novosphingobium sp. LE19-195.1B,0.9995,0.9893,False,False,1874826.0,12
e0d953cdee5c868270edabd2f2937909,374,,uncultured Chloroflexia bacterium MFD04716.bin.2.240,0.999,0.9917,False,False,1672391.0,1
24e082a4f42cdce3d954a2a827bba4d0,374,,Bacillota bacterium bin10.1,0.9976,0.9932,False,False,1879010.0,2
c8cd270702fe338a1a9d8cba7c850177,369,,uncultured Sedimentibacter sp. 90ad4bd6-3e3f-41ea-a839-0ac70987d3d1,0.9995,0.9946,False,False,348580.0,1
27eca4697c28c0d2d71d89a89895ea98,373,,uncultured Eubacteriales bacterium MGYG-HGUT-03465,0.9966,0.9912,False,False,172733.0,2
6d56db03597652c712579ef83511cad9,374,,Candidatus Obscuribacter sp. strain Ejby_18-Q3-R6-50_BATAC.123,0.999,0.9932,False,False,2711154.0,1
f75acea1715106e549e8ad841fd17ed9,373,,Caproiciproducens sp. CPB-2,0.999,0.9883,False,False,3030017.0,5
a238153d3168c0f00aeb8fb5d90d7e0c,388,,Lentimicrobium sp. CTOTU40361,0.9961,0.9912,False,False,2034841.0,5
8a6710c4c8b9696b21805aa0a6d72a46,372,,Christensenellales bacterium AnMBR.bin221,0.998,0.9902,False,False,3083246.0,1
e7891537521872e90b0e0f41517de633,375,,Chloroflexi bacterium strain S1bins97,0.999,0.9849,False,False,2026724.0,5
251d66e77274e5b7d1eaf61e407f04b8,374,,Bacillota bacterium JPNG_maxbin.056_sub,0.9976,0.9937,False,False,1879010.0,1
4343b6b7da6bae2055762dad082dd651,376,,uncultured Actinomycetota bacterium MFD01721.bin.1.365,1.0,0.9907,False,False,3039803.0,1
c62f274f92e56d9b16a9a143e797b5b3,372,,Bacillota bacterium MAG64_SZBP,0.9922,0.9897,False,False,1879010.0,2
91b0e901cfecbf218fbaa882071bc0ff,374,,Lysobacter ruishenii strain CGMCC 1.10136,0.9976,0.9937,False,False,686800.0,1
ecd12a77d93a65ff85078c4d7ebb17e0,376,,Armatimonadota bacterium SMAG_U4746,0.9961,0.9917,False,False,2033014.0,1
f84aa5ec0c6a8702f634b0fed4bb56e0,372,,Mesorhizobium sp. KR9-304,0.9995,0.9951,False,False,3156614.0,1
9a6b3fef0385b0cecd4738a2225f02b8,374,,Chlamydiales bacterium strain SCN18_25_1_16_R1_B_38_15,0.9971,0.9937,False,False,2047757.0,2
5d5a00cbe740978e207ba76ea09857ce,374,,Clostridia bacterium T1900044825_TS20190291.MAGScoT_cleanbin_000003,0.9966,0.9917,False,False,2044939.0,1
725fa7e245b8733a5fc9a4224886b669,373,,uncultured Alphaproteobacteria bacterium MFD04716.bin.2.104,1.0,0.9907,False,False,91750.0,3
5c9352f85a03deadbc046bcced83740a,372,,Mesorhizobium sp. GR13,0.9995,0.9937,False,False,2562308.0,2
1b2f4342857d36d36a40ca1bdeb10c3c,374,,Quatrionicoccus australiensis strain 100,0.9985,0.9907,False,False,138118.0,9
4a70dcab1da10b99743b8b5298cd2f6f,374,,Actinobacteria bacterium strain AC_59,1.0,0.9917,False,False,1883427.0,1
a012a92141e089dd0e178bc46889f8bd,378,,Candidatus Hodgkinia cicadicola strain MAGSEP,0.9829,0.9829,False,False,573658.0,1
84e4f817f54ee2f5785d8caa8c371879,372,,Rhizobiales bacterium strain new MAG-141,0.9995,0.9946,False,False,1909294.0,1
e4bf10681d4b03152f1aded69bd8e7ab,376,,uncultured Actinomycetes bacterium MFD01721.bin.2.137,0.9995,0.9902,False,False,152507.0,1
4876b86f5480b63093b5ed493010d622,374,,uncultured bacterium MFD01112.bin.2.36,0.9966,0.9893,False,False,77133.0,1
02e328ecac1fdf0f63bb40991465112b,344,,Flavobacteriaceae bacterium ABC2.123,0.9829,0.9824,False,False,1871037.0,1
644c14744299b1aa46a195610c9f1a6f,374,,Solirubrobacterales bacterium CTOTU2467,1.0,0.9941,False,False,1909295.0,2
a5101276605bf3210b0c5801215f4c48,374,,Nitrosomonas europaea DSM 28437,0.998,0.9912,False,False,915.0,6
ae89ff1c2542cc18bae68e862b05609c,372,,Xinfangfangia sp. LG-4,1.0,0.9922,False,False,3073604.0,2
2214bdd7fed5c53d6959f3201478166e,372,,Pseudaminobacter sp. NGMCC 1.201702,0.999,0.9951,False,False,3391825.0,1
e12d0786351086c693d56af70d0e9234,372,,Burkholderiaceae bacterium ACE_NR_PROT22,0.9995,0.9922,False,False,2030806.0,1
518fef19dd285b8a7bfa02d31a2290a5,372,,Cypionkella sp. G6_concoct.bin.17,0.9995,0.9937,False,False,2811411.0,5
0789f0701b19d9a2a240b29e42e64d0d,372,,Comamonas jiangduensis 4-AB0-8,0.999,0.9971,False,False,1194168.0,14
493cc79d93c8003efb9369ab256e65f4,374,,Parachlamydiaceae bacterium strain MGR_bin328,0.9956,0.9878,False,False,2052176.0,1
58bd12d54ddade76b08e3fc252745a97,374,,Spirochaetaceae bacterium 3-JJ_aug_S1_010,1.0,0.9878,False,False,1898206.0,3
25345b8ad2ecd33d152d19f3c03992b4,374,,Clostridiaceae bacterium strain MGYG-HGUT-01543,0.9976,0.9956,False,False,1898204.0,2
a1efc5abbff6d352054a4329b15a1abf,389,,Paraclostridium bifermentans strain DSM 14991,0.998,0.9971,False,False,1490.0,80
810035b7569c83b87fcb45b0c3fa51be,378,,Methanobacterium curvum strain Buetzberg,0.998,0.9907,False,False,129848.0,1
674620811839f7b3abae4475a2cbd1fd,372,,Bradyrhizobium sp. U87765 SZCCT0048,0.9995,0.9951,False,False,2807653.0,5
a372cf10657d0756778992bacff2d706,373,,Christensenellaceae bacterium strain SQ_MAG_4,0.9966,0.9941,False,False,2054177.0,1
eb0ccdfb925b4aa269b4e3d6848c7b32,373,,Dysosmobacter sp. 47-1_06,0.9927,0.9878,False,False,2591382.0,1
495f0278f21e9c70f64f973cab973d03,374,,uncultured Armatimonadetes bacterium MFD00905.bin.2.19,0.9985,0.9912,False,False,157466.0,1
9cbf0954f06d3ad4ffa822ec80a7f4af,374,,uncultured Gammaproteobacteria bacterium MFD02832.bin.1.177,1.0,0.9873,False,False,86473.0,1
0bc59e74450baf62ec83784e80a61aa5,374,,Mageeibacillus indolicus strain KA00405,0.9976,0.9956,False,False,884684.0,1
43b083f9636dbce1742a5107ad053584,374,,Anaerolineaceae bacterium UBA4890,1.0,0.9917,False,False,1951417.0,1
1a73a1f0fd4682636a6566496ba342c6,372,,Hyphomicrobium sp. ghe19 hypp,0.999,0.9912,False,False,2682968.0,1
e5092df44ebdb6698c9fde3cdfb19ceb,376,,Microthrixaceae bacterium SMAG_U15407,1.0,0.9912,False,False,2497627.0,1
c3fb8f32d5ff76839b6ffcee6dd67328,369,,Desulfitobacterium sp. TCA2,0.9985,0.9897,False,False,49981.0,1
96a0d03e75930560abfccfea17f4410f,372,,Synergistota bacterium JPMR_maxbin.035_sub,0.9985,0.9878,False,False,2268202.0,2
08d10673b70f3d8b078a149a25d94b19,374,,Candidatus Eremiobacteraeota bacterium bin.189_sub,1.0,0.9907,False,False,3107663.0,1
8b07adb150b7469eafc89ddb46a9bef2,372,,Mesorhizobium sp. CN5-321,1.0,0.9917,False,False,3157708.0,1
8d941eda8589ac6399b9a5eea473711c,378,,uncultured Methanobacterium sp. 3f2017ab-9e69-417f-80a5-32741c1572f8,1.0,0.9893,False,False,176306.0,1
bb69e4aeb1c42e1919594f9e9823a7b9,374,,Christensenellales bacterium AnMBR.bin221,0.9956,0.9917,False,False,3083246.0,1
4708a77110c6f82083fb0f0e64026556,375,,Streptomyces lividans A_D28,1.0,0.9951,False,False,1916.0,1680
f2a6e7637c20fbb79c069489fc527053,378,,uncultured Methanobacteriaceae archaeon MFD01299.bin.2.199,0.999,0.9897,False,False,176233.0,1
71759382cfc2547ea9f6f84a1c2bff86,374,,Clostridia bacterium PG1894_196,0.999,0.9932,False,False,2044939.0,1
fcd440ee90ed7a838d67a52025c2c7d6,374,,uncultured Chloroflexia bacterium MFD02840.bin.2.2,0.9971,0.9858,False,False,1672391.0,1
287ba0fdb084dd16e803afd5ad536460,372,,Clostridium homopropionicum DSM 5847,0.9985,0.9937,False,False,1121318.0,1
0cbc4442a6e5bf5a92171dc5905f3124,369,,Gudongella sp. M17C-05,0.999,0.9961,False,False,2692384.0,5
e93433e87baa0b69a6daa419d5c52acb,389,,Bacillus licheniformis strain NCTC962,0.9937,0.9912,False,False,1402.0,1
2871f7c0a608cd90fc35f64431456aa1,370,,Lentimicrobium saccharophilum strain TBC1,0.9985,0.9922,False,False,1678841.0,1
a1f21db1df1536b5a1147e9ffb486b61,371,,Clostridiaceae bacterium 35-E11,0.998,0.9922,False,False,3039679.0,3
be3beb705ba2502ce1c0a3ac0b24feb3,374,,Ruminococcaceae bacterium strain SIG563,0.9966,0.9922,False,False,2485925.0,1
c68beead78f4f3b46f10ea9998c1bff7,374,,uncultured delta proteobacterium MFD06714.bin.1.19,0.9912,0.9868,False,False,34034.0,1
cea1ad1aac0bb510c18d3f96c1aec560,373,,Intestinimonas butyriciproducens 1001302st2_G10_1001302B_160321,0.9976,0.9951,False,False,1297617.0,39
60ec6b41425f294ba92e7b2f8cc23289,344,,Flavobacteriaceae bacterium ABC2.123,0.9849,0.9839,False,False,1871037.0,1
8f6a4548e8c753fccd437d31436c020d,374,,Bacillota bacterium JPMR_maxbin.038_sub,0.9956,0.9902,False,False,1879010.0,1
75ae184615957ea74819e0710296a493,375,,Dermatophilaceae bacterium AMR_MDS_1665,1.0,0.9937,False,False,2728912.0,8
920fe236cb3d2ec76bfac976e7f3878f,374,,uncultured Fibrobacter sp. SRR873609_bin.223_CONCOCT_v1.1_MAG,0.998,0.9937,False,False,261512.0,1
1d5bff435ad12cc1e038dc5444d157c0,374,,Ruminiclostridium papyrosolvens DSM 2782,0.999,0.9941,False,False,588581.0,1
838197ea99c414fe3d5129775a734245,369,,Alkaliphilus hydrothermalis strain DSM 25890,0.999,0.9946,False,False,1482730.0,1
0674e7934525d446c54c31dc9b8e33d5,407,,Mycoplasmataceae bacterium Nm470_bin14,0.9927,0.9907,False,False,2685873.0,1
2d0678b27e5d621f7d924530fa929c26,376,,Actinobacteria bacterium FK_Sedi_A_Bin.79,0.9971,0.9912,False,False,2900548.0,1
68a7e86d20300d64c5acb88a9021e2f4,373,,Rhodocyclaceae bacterium strain ACE_PRO60,0.9995,0.9902,False,False,1898103.0,1
1592babc98be7bdf1c3c62b4e1172c56,374,,[Clostridium] thermosuccinogenes strain DSM 5809,0.9995,0.9932,False,False,84032.0,4
22fa460af93a84061844f0660d43797e,374,,Verrucomicrobiota bacterium AMR_MDS_2530,1.0,0.9893,False,False,2026799.0,18
84dfcd7f87afea16bd5fe5b6d98babb9,372,,Chiayiivirga sp. BF4_81,0.9985,0.9907,False,False,2041042.0,1
b1a12be5e88edf77bfaef78dd01159eb,374,,Anaerolineae bacterium clx_SAG45,1.0,0.9878,False,False,2705087.0,1
3db5da918ad4c209aef4644be4ce75b0,378,,Methanobacterium sp. MBAC-LM,1.0,0.9902,False,False,3412034.0,1
e16f67ce9c9a6f842af7e459ca1d6239,374,,Ruminiclostridium sp. MA18,0.9985,0.9932,False,False,2488810.0,2
065262b748557031f638872e76923c72,372,,Proteobacteria bacterium strain REYR1,1.0,0.9907,False,False,1977087.0,4
fd89c0d0c23c50684ed813dec7c52f20,372,,Burkholderia vietnamiensis LMG 16232-mut1,0.9995,0.9961,False,False,60552.0,6
48b26cded54a8218c60048b74bfa5256,374,,Thermomonas sp. LB-4,1.0,0.9941,False,False,3102790.0,1
f58368d26234da28cbe5f17910c56a6c,370,,uncultured Prolixibacteraceae bacterium MFD00905.bin.2.50,0.9985,0.9897,False,False,2014369.0,1
8ca8a2ee539e5a54b184bbf80e861033,374,,Christensenellales bacterium MAG8007,0.9961,0.9932,False,False,3083246.0,11
930364fee1f4684984efec7eacc41f85,372,,Devosia sp. RY10,0.999,0.9932,False,False,3152360.0,1
bcfda59a5b9e3036c018e4bbde623d42,374,,uncultured delta proteobacterium MFD02979.bin.2.153,0.9966,0.9888,False,False,34034.0,1
99b446af7d82c16878fe433d7f2e23e7,374,,Firmicutes bacterium JA1.bin10,0.9937,0.9893,False,False,1879010.0,1
4afdd249d06748b671d75d9cb109989d,372,,Castellaniella sp. GW247-6E4,0.9985,0.9941,False,False,3140380.0,2
e8bb8d9f0ab19588ba970ec5b20a7319,374,,Conexibacter sp. JCM 18997,0.999,0.9922,False,False,,1
36f3b6d6951a802a6906a07bed8168bb,366,,Candidatus Carsonella ruddii 25,0.9795,0.979,False,False,114186.0,1
8f9fe5d435f9b6b90c0bf2e7055bdb82,374,,Firmicutes bacterium UBA994,0.9946,0.9912,False,False,1948110.0,1
f824c242da3d47edd62495a6a144912c,371,,Petroclostridium sp. X23,0.9937,0.9902,False,False,3045146.0,6
bda11f81d4705f02ac8558b96bff4e28,373,,[Clostridium] stercorarium subsp. thermolacticum JCM 9324,0.9932,0.9878,False,False,1291049.0,1
37736c620442bdd78ddde3ea7451d314,374,,uncultured Firmicutes bacterium ERR9578192_bin.15_MetaWRAP_v1.3_MAG,0.9966,0.9946,False,False,344338.0,1
7ff6af46744a4c8214812c77e54fd485,371,,Sphaerochaeta globosa str. Buddy,0.999,0.9849,False,False,158189.0,1
9fdc098a302d378b900fa3b00dea82a9,374,,Christensenellales bacterium AnMBR.bin339,1.0,0.9868,False,False,3083246.0,1
add6ee5276913213598665852c4b08fb,375,,Corynebacterium canis DSM 45402,0.9995,0.9917,False,False,679663.0,3
bd137fdaee08bd7098ce68c5727aed74,374,,Mageeibacillus indolicus strain KA00405,0.9976,0.9951,False,False,884684.0,1
9f6f938a15e4f288092b39efae6698de,374,,Ruminiclostridium sp. MA18,0.9985,0.9937,False,False,2488810.0,2
e36ac8cd7dc84d43bd2784fdc182f91a,395,,Methanobrevibacter arboriphilus JCM 13429 = DSM 1125 strain DH1,0.9956,0.9863,False,False,1300164.0,2
77e62266f0403cceb7297e959f8c45ec,372,,Christensenellaceae bacterium da5b4d75-ff56-416d-93ad-0d8c7092aa02,0.9976,0.9932,False,False,2054177.0,1
5aed6ebc9b353e618d72d5595e755164,389,,Burkholderia mallei strain 2002734306,0.9941,0.9888,False,False,13373.0,1
337f3ac617d05dd84658bcfe764dad9c,378,,Cronobacter dublinensis strain cro2915W,0.9995,0.9893,False,False,413497.0,1
c040c750c7a9e9bdd14a5ee18b3c3b5b,377,,Candidatus Methanoplasma sp. Cf509_bin46,0.9985,0.9883,False,False,2604147.0,1
fce18edf79b54a689065dd7c2dcc5def,374,,uncultured Eubacteriales bacterium O89_L4_395395_idba_bin.134,0.998,0.9893,False,False,172733.0,4
f4e4eee188c4e5fb2a3b609a95f7036c,377,,Euryarchaeota archaeon JPNG_metabat.7,0.999,0.9912,False,False,2026739.0,9
8e7bd1c2bef6cba75457c867bea7fec1,374,,Xanthomonadales bacterium strain ACE_PRO13,0.9995,0.9907,False,False,2006849.0,1
eec9b8156043e0a6af0911723613a3da,370,,Eubacteriales bacterium T1900044631_TS20190097.MAGScoT_cleanbin_000004,0.9971,0.9941,False,False,2831996.0,1
9a6c73fde0a30dc54868fac28b4fc86f,377,,Candidatus Nanopelagicales bacterium AnMBR.bin112,1.0,0.9902,False,False,2518612.0,3
c19a1c0bb75e671f02df2cbb306949d9,374,,Lysobacter sp. BMK333-48F3,0.9985,0.9937,False,False,2867962.0,28
60ac965b34c1883a7fe6e2307252fd16,373,,Candidatus Cloacimonadaceae bacterium AnMBR.bin480,0.9995,0.9922,False,False,3064664.0,1
912c0c0d10313d835d3cd85636e51854,374,,Polyangiaceae bacterium STL-MYX14,0.999,0.9927,False,False,2268199.0,1
bdc8fef92da036b174e440badf20ae19,374,,uncultured delta proteobacterium MFD00905.bin.2.211,0.9961,0.9917,False,False,34034.0,1
c17efdeaa645dec7b8f314690d1b9160,372,,Devosia sp. ZB163,1.0,0.9946,False,False,3025938.0,3
5ed692eda11eb0a2b9db26ccfdc1eee7,372,,uncultured Alphaproteobacteria bacterium MFD01872.bin.2.138,0.9995,0.9961,False,False,91750.0,3
137dec98118422e728bd109bffafd4bb,372,,uncultured Clostridia bacterium N1_Bin_Bin_25_1,0.9902,0.9858,False,False,244328.0,1
eae7dab14a3fcdc218d112865f01940b,376,,Actinobacteria bacterium strain ZMQR.bins.8,0.9971,0.9902,False,False,1883427.0,1
ac88022abe88b69c50f8c064630c5ff2,373,,Firmicutes bacterium strain Bu02,0.9956,0.9854,False,False,1879010.0,1
4f00beb51dfba2712cf36ef4f05da691,372,,Catabacter hongkongensis strain HKU16,0.9956,0.9932,False,False,270498.0,2
613a529206f7a8428ca4bb000c908d35,372,,Lachnospiraceae bacterium D3029bin13,1.0,0.9883,False,False,1898203.0,2
75d80c6719572b77733668a43dddaa60,373,,Clostridium sp. WILCCON 0185,0.9971,0.9946,False,False,3381661.0,2
a777d4d917d8136a45eebcd830b6e5f4,378,,Methanomethylovorans sp. strain R1-B13.1,0.9985,0.9883,False,False,2758717.0,5
0b54d74d2257842cdb59920d0557c940,374,,Legionella taurinensis strain WH02,0.9956,0.9893,False,False,70611.0,15
6552ab56103eaf5a3eb1e9b2f45e8ee7,374,,Zoogloea ramigera strain NBRC 15342,1.0,0.9912,False,False,350.0,1
bc073931df610b4c23a592ffb53b2238,372,,Methylobacterium radiotolerans K003,1.0,0.9888,False,False,31998.0,8
1955a5529e36dd42feff41354ac9ad73,372,,Bacillota bacterium JPMR_metabat.40_sub,0.9976,0.9912,False,False,1879010.0,1
fc410ccd704831af6715f039dc5b4ad6,370,,Petrimonas sp. IBARAKI,0.9995,0.9927,False,False,1978337.0,5
090bf82b7f5b559151f7ac51857d5054,395,,Candidatus Hadarchaeum sp. AfrMine_MM5_34_173,0.9951,0.9854,False,False,2883567.0,4
730dfe1f490b05a2a762cd36a3ac5c8d,372,,Aquamicrobium sp. ACE_NR_PROT10,0.9995,0.9946,False,False,1872579.0,1
9556ed629add12bf69d350023ce028dd,372,,Devosia honganensis KCTC 42281,0.999,0.9951,False,False,1610527.0,2
4bc93160ffc2b1df098c42d0b0ad5ebc,372,,Burkholderia pseudomallei 490f,0.9995,0.9956,False,False,28450.0,3272
2be253ff64c2e3493d684bfe687d414a,401,,Cronobacter dublinensis strain cro2915W,0.9971,0.9893,False,False,413497.0,1
b21e9a2a1e6186cdab5d075a2e3bdeba,371,,Caloramator sp. E03,0.9966,0.9932,False,False,2576307.0,1
554322da276d032be7d7a759762865b9,374,,Gracilibacter sp. BRH_c7a,0.9976,0.9941,False,False,1734398.0,1
ae47cfe63095fcaf0afb228c7502cb66,372,,Burkholderiaceae bacterium strain S5C1415,1.0,0.9927,False,False,2030806.0,2
b751d80405d63e383de7ea09a7e2dcfd,373,,Deltaproteobacteria bacterium RA.bin14,0.9976,0.9893,False,False,2026735.0,1
a2bed1579fba6884369c1b3173330800,370,,Vallitaleaceae bacterium 08788439-a597-456a-b4e9-0d8f61821b33,0.9956,0.9937,False,False,2762022.0,1
e1859f895760d01bd129aad5091fa054,373,,Vibrio sp. THAF191c,0.9951,0.9927,False,False,2661921.0,1
431f2ccf07657913dc86d93668a91e9c,374,,Moorella sp. E308F,0.9941,0.9893,False,False,2572682.0,1
3c8c974e9e9f2247fedc8b66253b5774,374,,Desulfotomaculum ferrireducens strain GSS09,1.0,0.9917,False,False,1833852.0,1
6c1100199e34d8c526ed1a529ebd879f,374,,Hungateiclostridium alkalicellulosi strain DSM 17461,0.9995,0.9932,False,False,320502.0,1
2754a62a78999a65def9a46a8c805a18,371,,Acetivibrio sp. MSJd-27,0.9941,0.9927,False,False,2841523.0,1
647927aceecdb8d63c0647ad64f33531,375,,Rhodococcus kroppenstedtii strain 20200126096,1.0,0.9941,False,False,293050.0,38
bfc10ae6c8d6d83371b3bd138d881468,373,,Candidatus Cloacimonetes bacterium clean597,0.9961,0.9897,False,False,2030808.0,1
4c9b3fff08afb1135eafe0f7c7438032,372,,Aggregatilineaceae bacterium AnMBR.bin278,0.9995,0.9819,False,False,2952881.0,1
4139c4822f132d488656de979a812b96,374,,Firmicutes bacterium OH_HBB_134,0.9946,0.9902,False,False,1879010.0,1
36822e5c96ad047bd5a4d78c9ebfe7f6,372,,Synergistaceae bacterium DZ-S5,0.998,0.9902,False,False,3397570.0,3
1209cd9553a668c3c0e9ea29050fd3a1,374,,Chloroflexi bacterium OLB14,0.9985,0.9878,False,False,1617415.0,2
13c192d50cff7e65ab17657c4769d790,370,,Clostridium tagluense strain CM024,1.0,0.9956,False,False,360422.0,52
457eed011dd636fe1362bcb7e5bbe22d,374,,Candidatus Brocadia sp. strain SB37,0.9976,0.9907,False,False,2172549.0,1
272d242be70431c313d5d6dae118135b,374,,uncultured Halothermothrix sp. SRR5007349_bin.152_CONCOCT_v1.1_MAG,0.9966,0.9897,False,False,543059.0,1
b6bae6e1c31423a1dfd8b925ac173939,372,,uncultured beta proteobacterium MFD02840.bin.1.5,0.9937,0.9893,False,False,86027.0,1
ccd295e3a04fb7bb78f97b49d1d76562,370,,Bacteroidales bacterium strain AS27yjCOA_141,1.0,0.9907,False,False,2030927.0,2
76706469a0a366adb9c84fc05de522f3,374,,Pseudobacteroides cellulosolvens ATCC 35603 = DSM 2933,0.9976,0.9946,False,False,398512.0,1
53355294f61e52a7101ac1349479e2c7,373,,Anaerolineae bacterium f6896fb1-f4fb-4b0c-86b4-943ec43acfa7,0.9917,0.9868,False,False,2052143.0,1
44ed1a1eb3ed2fe963e32f2d9591f332,374,,uncultured Actinomycetes bacterium MFD02134.bin.2.10,1.0,0.9941,False,False,152507.0,4
7ba75de333c5db029e78e068dde0fbe8,374,,Clostridia bacterium 80130c35-1b44-45cf-b5f4-dec04e696a57,0.9971,0.9932,False,False,2044939.0,1
caa8c5625990aa1feeb77274cbfd7ffa,374,,Candidatus Darwinibacter acetoxidans M4B_bin34,0.9961,0.9878,False,False,3082383.0,2
21cff8afa99fd812a66ca2e7c53e8fda,369,,Sedimentibacter sp. MB36-C1,0.998,0.9932,False,False,3109366.0,3
47f95903f37498d9dd0eda1e5bcb3e28,374,,Pelolinea submarina strain DSM 23923,0.9966,0.9888,False,False,913107.0,2
3e198207b81e382d6209c129373e9d60,375,,Actinomycetota bacterium STE_53,0.9966,0.9878,False,False,2900548.0,1
1a5546dc8d08ba22cbc75f508edd0828,372,,Paracoccus sp. (in: a-proteobacteria) R4x_68d_np_Bin1.7,0.9995,0.9937,False,False,267.0,16
7f9277d9d86c8f5634f47ff9ab0ce79d,374,,Christensenellales bacterium AnMBR.bin225,0.998,0.9922,False,False,3083246.0,1
090855acea46f97b916c33393736db71,371,,Anaerovoracaceae bacterium 4d0eff97-7de3-49ad-953d-66426f0db4f8,0.9985,0.9951,False,False,3030912.0,2
3f19effc21f49ca3bfe5e130ea113a75,372,,Xylanivirga thermophila UW_FK_XYLA1_1,0.9922,0.9868,False,False,2496273.0,2
2111882b8c11115b07a3384cb01ddd37,374,,Christensenellaceae bacterium ebc0edfe-de01-4de5-b550-b82b2926f268,0.998,0.9907,False,False,2054177.0,1
805bb2155ac0c66c7f9e55320354963d,396,,Methanobrevibacter arboriphilus JCM 13429 = DSM 1125 strain DH1,0.9863,0.9805,False,False,1300164.0,2
56c837ac82a080a7d67309e345c7069b,374,,uncultured Eubacteriales bacterium O89_L4_395395_idba_bin.134,0.9985,0.9897,False,False,172733.0,4
03d388b8f22b5b0c867f9fd46a649622,372,,Bacillota bacterium JPMR_metabat.40_sub,0.9966,0.9888,False,False,1879010.0,1
4384fe206f8e57a3d02fc1eb2e0dc265,378,,Methanobacterium sp. YSL,0.9995,0.9888,False,False,2841655.0,1
cca5f50c3116400e50fe7a3e7a0be852,370,,Agriterribacter sp. SMAG_U15422,0.9995,0.9956,False,False,2821509.0,1
432a02504adb954775f641117e6d7b14,371,,Bacteroidetes bacterium UR.bin83,1.0,0.9912,False,False,1898104.0,1
a36b617c346af9dc1b8b18938adc2fc9,374,,Planctomycetota bacterium KLAP7,1.0,0.9888,False,False,2026780.0,1
e8c47e7d73b07d777c7a56fc1318b432,374,,uncultured Chloroflexia bacterium MFD05442.bin.2.301,0.9907,0.9863,False,False,1672391.0,1
f20eb21e67f757812108449fe407b3c0,374,,Bacillota bacterium bin10.1,0.9966,0.9941,False,False,1879010.0,2
25f9dbd6c37925f1be38fa56d2908617,370,,Crassaminicella sp. SY095,0.9971,0.9941,False,False,2599308.0,1
dbecc9e8493f9f9f3816c44467a0b7d4,375,,Nocardioides sp. AS_Ams2_Bin10,1.0,0.9932,False,False,35761.0,1
f4dd561d786dd46b9cb84eab6594d632,373,,Elioraea sp. MS-P2,0.9961,0.9907,False,False,2843330.0,1
6f9a6eeef90b44801aebd3df2c42e61b,374,,uncultured delta proteobacterium MFD00032.bin.1.221,0.999,0.9917,False,False,34034.0,1
b544934712491c579a6fc0437ffdeeca,374,,Syntrophomonadaceae bacterium AnMBR.bin200,0.998,0.9941,False,False,2093811.0,3
3c30ef12ea30ff246e454f2cc7ee36a9,372,,Clostridiales bacterium DTU012,0.9883,0.9849,False,False,1671647.0,1
34b33ab6ae99c108b6016cac0502ea5c,374,,uncultured Clostridia bacterium N1_Bin_Bin_25_1,0.9937,0.9873,False,False,244328.0,1
e335570f65a3bc3a849f355ac1698181,374,,Bacteroidota bacterium JPAS_maxbin.066_sub,1.0,0.9917,False,False,1898104.0,1
4b609ca4250617d6e2827bb31e7fd2b0,372,,Allopusillimonas ginsengisoli SHC-732B,0.9995,0.9951,False,False,453575.0,2
666b0c3f75da615166898be90c200697,374,,Eubacteriales bacterium mix99,0.998,0.9946,False,False,3039678.0,3
1352ecafaa4f51b95bedc9b026136ba0,369,,Gudongella sp. M17C-05,0.999,0.9961,False,False,2692384.0,5
6f5c69090502aa2182ea4a5a24b1cc94,374,,Coleofasciculaceae cyanobacterium SMAG_U16478,0.9941,0.9902,False,False,3081323.0,1
5bbe2a5a01c16cb8363953430baaea87,374,,Anaerolineales bacterium T2_maxbin2_scaf2bin.300,0.9951,0.9941,False,False,2073117.0,1
dfc8c6977754afac6bdc71718f2a7910,372,,uncultured Gammaproteobacteria bacterium MFD03250.bin.c.6,0.9888,0.9854,False,False,86473.0,1
4079dc43f1ee0b0433df1aaaafba110d,372,,Planctomycetes bacterium OH_CBrB_161,0.9946,0.9883,False,False,2026780.0,2
2d2be8e2152e95e0f171c4b66568e6f9,374,,Christensenellaceae bacterium 01a02c0c-5802-4c47-8e2d-6646ecf7da28,1.0,0.9937,False,False,2054177.0,1
84444bac9dbd64e8d26d1a9dcfc67902,374,,Candidatus Cloacimonetes bacterium 7-NCT_003,0.9956,0.9907,False,False,2030808.0,1
3d462e8ce030e0c5bbd7564663c5561b,372,,Brevundimonas naejangsanensis TWI573,1.0,0.9932,False,False,588932.0,8
808f5cd9975425a879bdc9f2084edbe5,374,,uncultured Planctomycetia bacterium MFD05580.bin.2.48,0.9956,0.9873,False,False,411917.0,2
53688d14dd7b6148f42ecab9e78035a6,373,,Oscillospiraceae bacterium 2653369c-2d6a-477d-a763-16f58a0da7c0,0.9971,0.9927,False,False,2485925.0,1
3336d4e5c84fbbfc0c6d027d05b1ad16,395,,Methanobrevibacter smithii GRAZ-2,0.9932,0.9902,False,False,2173.0,1
7a276d152ba39f364356c6dc26a0f630,389,,uncultured beta proteobacterium MFD10113.bin.1.142,0.9961,0.9922,False,False,86027.0,1
014f2ae2bd69cc0ab8e5ee1ca2963a01,374,,Cronobacter dublinensis strain cro2915W,0.999,0.9946,False,False,413497.0,1
2569f2295eca169e8eeb371a44002f30,374,,Anaerobium acetethylicum strain GluBS11,0.9985,0.9961,False,False,1619234.0,1
f50dbd67a45eb3d4ad799c04f77b900d,373,,Colidextribacter sp. 210702-DFI.3.9,0.999,0.9951,False,False,2883268.0,13
d0c18274fc6047611de8d214ecd9c885,374,,uncultured Clostridiaceae bacterium MFD08669.bin.2.17,0.9985,0.9937,False,False,195049.0,1
6fc6f673ed1bf2ec8b4534b719f3fd48,387,,Helicobacter ganmani MGBC105162,0.9937,0.9932,False,False,60246.0,1
e8279b17fcbd61e4b105b0a3d872b567,391,,Citrobacter freundii T7CY,0.9976,0.9946,False,False,546.0,1
cbca50b47704f15a44a0f88d3c8f1218,395,,Methanobrevibacter arboriphilus JCM 13429 = DSM 1125 strain DH1,0.9951,0.9854,False,False,1300164.0,2
8d82d4342e7bd230b09dd20b8e775257,374,,Eubacteriales bacterium SUG2579,0.9951,0.9907,False,False,2831996.0,1
d83c0d8fbc6ae1fe1c0dd12cbea1833a,374,,Verrucomicrobia bacterium strain Bin_29_9,0.9966,0.9912,False,False,2026799.0,1
db4543063a7cc4847ca4914a1f3f4611,372,,Pseudaminobacter sp. 19-2017,0.9985,0.9927,False,False,2831468.0,3
7d92b18666da2334d7051a3a9791dc97,378,,Methanolinea sp. strain EsbE_18-Q3-R3-47_BAT3C.270,1.0,0.9883,False,False,2268143.0,1
e9300c9ad8d48efb516b90fddffeff2e,372,,Afipia sp. strain SCN18_10_11_15_R3_B_64_1796,0.9995,0.9961,False,False,1871052.0,1
e367941e1e567e6ca872d51930564433,372,,Cronobacter dublinensis strain cro2915W,0.9995,0.9878,False,False,413497.0,1
306b5217fcb1f91aac0c7708bf674d98,374,,Feifaniaceae bacterium T1900044635_TS20190101.MAGScoT_cleanbin_000010,0.9961,0.9927,False,False,3069298.0,1
8add17e8b7e219187fd9b6e3ef665609,374,,Eubacteriales bacterium mix99,0.9971,0.9927,False,False,3039678.0,3
5b6a595a6fc20f9f06cf625ed712d163,372,,Bacillota bacterium polished_nanopore-bin.35,1.0,0.9917,False,False,1879010.0,1
9d39b90a86fcc29202f4775515a05146,372,,Candidatus Terasakiella magnetica strain TrH-25oct19-104,0.9956,0.9907,False,False,1867952.0,2
520df833871a8a531033d90f108d61a3,377,,Actinomyces viscosus ET81,0.9985,0.9893,False,False,1656.0,33
7dcd8f2c853c664b258593426d4590c3,374,,Candidatus Limiplasma sp. db580aba-6051-46eb-9fee-97dd4b2959e1,1.0,0.9927,False,False,2952930.0,1
c1e12e70c3095cd1b1091f534242abd3,372,,uncultured Alphaproteobacteria bacterium MFD05684.bin.1.50,0.999,0.9902,False,False,91750.0,1
ee4416ea3d6750d9a8586868330f1ff6,373,,Clostridia bacterium strain HGM12625,0.9966,0.9897,False,False,2044939.0,2
e3455df1e42e2473c73aabd6238e9d44,376,,Microthrixaceae bacterium AS_Ams2_Bin41,0.999,0.9897,False,False,2497627.0,1
76ceb1ce6517ef51bfc231b0a2084eba,372,,Bacillota bacterium JPMR_metabat.40_sub,0.9966,0.9907,False,False,1879010.0,1
dbdb30396825379c82448fee2cbe497e,375,,uncultured Planctomycetota bacterium MFD01721.bin.2.133,0.9922,0.981,False,False,120965.0,1
0f97c220b579e7f247036ed1adce5afc,372,,Flavisolibacter sp. SMAG_U4231,0.999,0.9951,False,False,1954249.0,2
d6ede5314f1108426fbd0e2612d334d0,374,,Pirellulales bacterium STL-PLA37,0.9956,0.9863,False,False,2715253.0,1
5d09f55ef260c01efb18315a666b6199,369,,Tissierella sp. MB52-C2,0.998,0.9951,False,False,3070999.0,4
67d143ab6e193466450c7a998b92092b,373,,Peptococcaceae bacterium strain Nt197P3bin37,0.9946,0.9858,False,False,2052179.0,1
0b5f1332724e9f07873bad86a8fbc029,374,,uncultured Verrucomicrobiae bacterium MFD09603.bin.2.211,0.9956,0.9849,False,False,412056.0,1
05ced7360de47d5d168d5e800766013b,372,,uncultured Alphaproteobacteria bacterium MFD00991.bin.2.9,0.999,0.9961,False,False,91750.0,4
a8f1172cd5341236c5e2a3ced113b0b2,378,,Euryarchaeota archaeon JPMR_metabat.57,0.999,0.9878,False,False,2026739.0,1
dec21d55511b3673e457876cc2797df6,372,,Rhizobiales bacterium strain AFS063751,1.0,0.9946,False,False,1909294.0,44
b87169030deed04dc4b504c53964ffbe,373,,Stella vacuolata strain ATCC 43931,1.0,0.9893,False,False,217070.0,1
597e0e7e460f5d0be7030d9da9e27e58,374,,Anaerolineaceae bacterium strain BM5_bin.2,0.9971,0.9868,False,False,2024896.0,1
f353a2c0eca76ffcfbc187071767c29b,372,,Synergistaceae bacterium DZ-S5,0.9976,0.9907,False,False,3397570.0,3
882e0de9056d8d06c0973aa7b116e09e,372,,Methylobacterium sp. PvP105,1.0,0.9897,False,False,2817858.0,95
51eeae8786b6b3388d60ae581c58d45e,373,,Acinetobacter lwoffii 36,1.0,0.9927,False,False,28090.0,176
b8498affa9cf12cb08da6f51948f4a69,374,,Clostridiales bacterium AnMBR.bin276,0.9966,0.9907,False,False,1898207.0,1
e7ce63997dfabeeef0a57cf7324b9a38,371,,Clostridium botulinum strain BKT2873,0.9966,0.9951,False,False,1491.0,1
dec17ecd030a71bf1867316e52e3532c,387,,Lentimicrobium saccharophilum strain TBC1,0.9976,0.9932,False,False,1678841.0,1
5fc0bb2c46108fbe285aee7f247ecd5a,374,,Gracilibacter sp. BRH_c7a,0.9971,0.9951,False,False,1734398.0,1
fb282bece926443e2ce880ef4c696c6e,373,,Citrobacter braakii K1125,0.999,0.9937,False,False,57706.0,2646
4aff8b715435747567cbc4ee9c82fb8b,373,,Dehalobacter sp. DAD,0.9976,0.9917,False,False,1962289.0,1
b488bf12e36de9f37c9b3da1febf2c3e,374,,Candidatus Dependentiae bacterium OFTM133,0.9961,0.9883,False,False,2030827.0,1
e47e7a777e94141d9ca4d03a24c43c22,373,,Neglectibacter timonensis MAG12854,0.9961,0.9907,False,False,1776382.0,1
331b2c7da556a639972cc9b2d8a31aa8,374,,Gammaproteobacteria bacterium Spart_108_MAG,0.998,0.9922,False,False,1913989.0,1
89c962e2643e3c9af6fa5614a3e57003,374,,uncultured bacterium CTOTU26046,1.0,0.9922,False,False,77133.0,3
2b810d05c55b0e9f8dda84a275803f71,369,,Clostridiaceae bacterium strain M1-B18,0.999,0.9937,False,False,1898204.0,1
6cec0bfed5ae5027a2002e200c4f71eb,374,,Luteimonas sp. FXH3W,0.999,0.9937,False,False,3115820.0,1
3b54387c342aed1bbfc6586fdf74ffc6,374,,uncultured Candidatus Berkelbacteria bacterium SRR5576005_bin.117_CONCOCT_v1.1_MAG,1.0,0.9888,False,False,1664347.0,1
66d2801e670d80e47a383b655213cf55,372,,Aestuariivirga sp. 5N101,0.9956,0.9902,False,False,2650926.0,1
4fdb441ce30cb8a04ddd4c7b24e39ae2,375,,Austwickia sp. TVS 96-490-7B,0.9995,0.9941,False,False,2830843.0,1
94c987167d228d5d7c91fde448e1cb6f,371,,Aminivibrio pyruvatiphilus strain DSM 25964,0.9985,0.9912,False,False,1005740.0,1
11504835fb7658d601b4ff78ac3173dc,374,,[Clostridium] stercorarium subsp. stercorarium DSM 8532,0.9971,0.9907,False,False,1121335.0,3
b06e7e4b55119e4733d40e44a8abf70e,374,,uncultured Thermoactinomycetaceae bacterium MFD08669.bin.1.45,0.9922,0.9868,False,False,310089.0,2
4c377ed4a13484a07dffc1121a98a02c,372,,Rhizobium azooxidifex strain DSM 100211,0.999,0.9946,False,False,1636188.0,1
cdfbfbaaeefc8ad48995e3953a7ed409,371,,Paenibacillus sp. SYSU_K30003,0.9961,0.9917,False,False,2582848.0,1
a1ce6cd824f87e4e88b02565281876e8,374,,uncultured Actinomycetes bacterium MFD09779.bin.2.256,0.9985,0.9883,False,False,152507.0,1
cb3f42ad378ddeda014d895db355586b,374,,Cellulomonas flavigena strain 493_CFLA,1.0,0.9932,False,False,1711.0,90
a8615f5ca1d297895cc840a75212b907,374,,Smithellaceae bacterium binned_ad_7.109,1.0,0.9932,False,False,2964540.0,4
5dfb2d1578133ad81a110967e7c71462,378,,Methanothrix sp. MFD13487_ilm_asm_bin2,1.0,0.9829,False,False,90426.0,3
566e2121e9bd3188a5c29f9c55607760,371,,Bacteroidetes bacterium ADurb.Bin174,1.0,0.9907,False,False,1852808.0,1
8359901a562b0b0642e0383e8fb12566,369,,Mycobacterium tuberculosis ERR176690,0.9985,0.9946,False,False,1773.0,1
1fe612d44adcd7a6a0efbc7ad770fb38,374,,uncultured Chloroflexia bacterium MFD02979.bin.2.133,0.9966,0.9897,False,False,1672391.0,1
79e2b6d098bc24e051a82e3d618d416f,374,,Legionella steelei strain IMVS3376,1.0,0.9917,False,False,947033.0,1
968d645ed5e3c0c4d5aca134f0a331c6,371,,uncultured Eubacteriales bacterium SRR6451663_bin_7236,0.9941,0.9888,False,False,172733.0,1
e99169633801b8aba8a6ae89e0ee2a26,371,,Paraclostridium bifermentans strain DSM 14991,0.9995,0.9966,False,False,1490.0,80
27bf144e99719b4fc317b863187fbb02,391,,Bacteroidales bacterium AnMBR.bin311,0.9858,0.9868,False,False,2030927.0,1
7b93ff9b2b7ff23722305deb2a9ef5a6,395,,Methanosarcina hadiensis TD41E1-1,0.9956,0.9814,False,False,3078083.0,2
5123dd9ee5dd0ff1f650715fceb6a18b,374,,Candidatus Cloacimonadota bacterium USMO_maxbin.063_sub,0.998,0.9932,False,False,2030808.0,2
5b7a288e8ea092f67f03a49612946d43,402,,Methanobrevibacter arboriphilus A2,0.998,0.9927,False,False,39441.0,3
8e3c32e30c2ec199a4aa3d47459798ee,389,,Aminivibrio pyruvatiphilus strain DSM 25964,0.998,0.9922,False,False,1005740.0,1
506750e38fe1cebfe10a707f61a69479,372,,Burkholderia pseudomallei 490f,0.9995,0.9951,False,False,28450.0,3272
c94e801a01830b859c8402d61787965f,378,,Methanobacterium kanagiense JCM 15797,0.999,0.9897,False,False,483896.0,1
36a66f4e2ef60675b52417bd1ef5d23f,372,,Methylobacterium hispanicum CCM 7219,1.0,0.9941,False,False,270350.0,3
25668c0238f943ae425391ec3054a4d0,372,,Albidiferax sp. OV413,1.0,0.9946,False,False,1855285.0,8
3ec5ac546f36cb0a6d6b41ea94437fd6,374,,Bacillus soli strain DSM 15604,1.0,0.9946,False,False,220688.0,49
1191fe2ebce22f74b6596d9d91475abf,374,,Gracilibacter sp. BRH_c7a,0.9976,0.9946,False,False,1734398.0,1
58a2d5b3e1ddfcaf493f61028578cc92,375,,uncultured Desulfomonile sp. strain KTt_bin-2771,0.9985,0.9897,False,False,169962.0,1
7380f2dbd0ed772394d1ec7413371fd5,371,,Candidatus Kuenenia stuttgartiensis HRSG-H9-bin-94,0.9966,0.9863,False,False,174633.0,2
8f6e77dd37d82d5d60ee21867f52f9e4,373,,Bacillota bacterium MAG64_SZBP,1.0,0.9922,False,False,1879010.0,2
49eeeeee727d06a37cada5eee00468b5,370,,Bacteroidales bacterium AnMBR.bin216,0.9985,0.9897,False,False,2030927.0,1
b7b7b13db34b15898a31873237c7932a,374,,Syntrophobacteraceae bacterium AnMBR.bin487,0.9985,0.9922,False,False,2052185.0,1
ce3debe377068d91443c07c23728742c,374,,uncultured Bacillaceae bacterium MFD08669.bin.1.5,1.0,0.9917,False,False,197516.0,1
88811f3c000a695490dfaba4702345a6,372,,Thermoanaerobacter sp. CM-CNRG TB177,0.9902,0.9868,False,False,2800659.0,3
46fcb071239921902d1df130f863599c,375,,Bacillota bacterium USOA134_maxbin.114,0.9961,0.9907,False,False,1879010.0,1
29ffed0e67cdfb55f16960a8f8428cb5,376,,uncultured Actinomycetota bacterium MFD05567.bin.2.192,0.999,0.9907,False,False,3039803.0,2
e8a98ce984ee0d66515ea055e525930b,370,,Rickettsia typhi MH-21oct19-264,0.999,0.9946,False,False,785.0,7
a81cdbf7c63d89c325cb7ef0766f27f1,373,,Bacteroides sp. SARD16_bin.007,0.9927,0.9868,False,False,29523.0,1
0d0ce1c9fb76a8c707691b0f3a9f7a71,374,,Candidatus Saccharibacteria bacterium strain INTA.CYC.018,0.9976,0.9922,False,False,2026720.0,1
44c8b9c58c1fcec63fc77db189334c81,372,,uncultured Alphaproteobacteria bacterium MFD10007.bin.1.19,0.999,0.9941,False,False,91750.0,1
df24931eef177828ec0d0b347ec6cf02,353,,uncultured Muribaculaceae bacterium binchicken_co354_241,0.9775,0.9795,False,False,2301481.0,1
7fc016100eca426d7fdf7f8abd29a67c,374,,Oscillospiraceae bacterium C014_67,0.9966,0.9946,False,False,2485925.0,2
ffa712fb62fa7468337cc7e0f0c527c3,378,,Methanobacterium aggregans strain DSM 29428,1.0,0.9902,False,False,1615586.0,1
b6b373e4adb9c081da6a2499547960c7,372,,Acidobacteriota bacterium USST_maxbin.083,1.0,0.9902,False,False,1978231.0,1
b8b153dc28937eced2dad92fa7f542cb,374,,uncultured Halothermothrix sp. SRR5007349_bin.152_CONCOCT_v1.1_MAG,0.9956,0.9917,False,False,543059.0,1
8067fd3f7aedca5f755d76ba6d001ecc,373,,Vescimonas sp. 17-2_65,1.0,0.9927,False,False,2892404.0,9
341ffe203147e821ef8fc61a221e53eb,372,,Geminicoccaceae bacterium STL-PRO9,0.999,0.9858,False,False,2448052.0,1
da9b9d254bc05bd32ff186a046fedf37,374,,Planctomycetia bacterium OTE_38_metabat_190,0.9961,0.9897,False,False,2052181.0,2
f453adbb26cf3d1efef5c3629bbf654d,372,,Bradyrhizobium japonicum USDA 338,0.9995,0.9966,False,False,375.0,313
02ea17d797fcd9ffbf9d5e3644039b1c,374,,uncultured Saccharofermentans sp. 009b34df-6986-4c74-874c-2c53a54848ac,0.9976,0.9941,False,False,1434378.0,2
1dd54482446cd8882dfd4fc7d128da40,375,,Candidatus Humimicrobiaceae bacterium SMAG_U7829,0.9971,0.9937,False,False,3068762.0,1
05cd3e6e3d718a12823c6bbb39645689,389,,Rickettsia sp. WHLR,0.9932,0.998,False,False,2037739.0,1
4e73d26557436d233aea34f6a5371895,374,,Clostridia bacterium strain INTA.CYC.057,0.9961,0.9888,False,False,2044939.0,1
44e8289188f3e0139151462805c84f90,374,,uncultured Eubacteriales bacterium ERR14205385_bin_63,0.9976,0.9937,False,False,172733.0,1
66a4777d24bf1ea8d458266ff7f08cfd,374,,Christensenellales bacterium AnMBR.bin225,0.998,0.9927,False,False,3083246.0,1
37376f3bdaca3bbd8c0eabde3b65c9a8,373,,Clostridium sporogenes strain 4928STDY7387862,1.0,0.9932,False,False,1509.0,68
7c8a44a5a37e7afc0e7ccfddef0dbba5,369,,Gudongella sp. M17C-05,0.9985,0.9946,False,False,2692384.0,5
4b99ad27979703cf85b4166c91bfa04d,387,,Lentimicrobium saccharophilum strain TBC1,0.9976,0.9937,False,False,1678841.0,1
b8787a09e2e26dcf154557d3ad66ea8d,374,,Bryobacterales bacterium UW2SPNA014,0.9995,0.9814,False,False,2026791.0,2
84f0bed445af5694e5b98998ffde30a8,377,,Mycobacterium sp. SMC-11,1.0,0.9932,False,False,3385969.0,21
bcebf60c83721eb2fd57f1ddb53c6058,374,,Legionella anisa strain FDAARGOS_1480 strain Not applicable,1.0,0.9902,False,False,28082.0,16
9b0365b5a27348e323235f03eb91b153,377,,Candidatus Nanopelagicales bacterium AS_Ams2_Bin44,1.0,0.9912,False,False,2518612.0,2
fab2c4c54cd5034675223cf06e3eb8c2,372,,Devosia sp. 2618,0.999,0.9951,False,False,3156454.0,1
5921e25af2acb3d6f297ce40e0373ecd,368,,Caldisericia bacterium STF2_161,0.998,0.9941,False,False,2758719.0,1
390239bf01b14308adb01f1634c4b99c,378,,Methanobrevibacter acididurans DSM 15163,1.0,0.9902,False,False,120963.0,2
60c0c1f05c6aa0881583afbe565c5323,376,,Armatimonadetes bacterium strain Ch33,0.9961,0.9888,False,False,2033014.0,1
26d527b73ea4ab711c0bf740b69fbfeb,374,,Anaerolineae bacterium SMAG_U14156,0.9966,0.9917,False,False,2052143.0,1
c4a386b001291fa4bda56b6eb40173b6,371,,bacterium edc670f7-2ecf-46e2-9bb0-6466f5b4171d,0.9912,0.9902,False,False,1869227.0,4
4ceda7391cbf9cebcf0484faad59687b,373,,Gammaproteobacteria bacterium Spart_108_MAG,0.9888,0.9858,False,False,1913989.0,1
110f5c1e92f18f2cdc7af78a035555a7,370,,Alphaproteobacteria bacterium strain Gw_Eff_bin_32,0.9995,0.9946,False,False,1913988.0,2
0c4b95d668645a2a85addfe2f084b6f2,375,,uncultured Actinomycetota bacterium MFD09495.bin.1.50,1.0,0.9917,False,False,3039803.0,1
3890b069eb54ede0917072f32a071c12,374,,Christensenellaceae bacterium 38ba8450-c70d-4108-8ba4-09623ba0e347,0.9985,0.9937,False,False,2054177.0,1
7eea950c837e9a07539bc8deadb18ccd,374,,Christensenellaceae bacterium ebc0edfe-de01-4de5-b550-b82b2926f268,0.9956,0.9917,False,False,2054177.0,1
d940283de678b9ef93da553438afcd90,372,,uncultured Alphaproteobacteria bacterium MFD04830-2B.bin.2.530,1.0,0.9956,False,False,91750.0,4
554686cea3283b156638818673bd7f53,371,,Proteiniborus sp. DW1,0.999,0.9902,False,False,1889883.0,1
7f52ee67403fedcc4a7ddae34cd0e7a4,372,,Sediminibacterium sp. RHBRASLY1,0.9995,0.9912,False,False,2897834.0,7
50af975bdb69f3f8359160d177493dc6,374,,[Eubacterium] siraeum ERR2726458_bin_15160,0.9971,0.9941,False,False,39492.0,1
a5f0eb48a3a77f5fe2faa3b9571dc6b6,372,,Hyphomicrobium facile strain DSM 1565,0.9985,0.9897,False,False,51670.0,2
3e8c3a8b8d144e5a10adb57a7cc517da,372,,uncultured Alphaproteobacteria bacterium MFD03975.bin.2.73,0.998,0.9912,False,False,91750.0,2
96e13bb8e776c83458e2b282cd3e44e0,372,,Bradyrhizobium sp. SZCCHNR3071,0.9995,0.9966,False,False,3057432.0,199
673d2998d72c17887208c2b02e154745,373,,Christensenellaceae bacterium d7c23e02-40a4-4312-836d-43190f2e112a,0.9956,0.9927,False,False,2054177.0,2
245b33b8928a2d472035cfcc336caddb,370,,Anaerolineaceae bacterium AMR_MDS_2262,0.9985,0.9868,False,False,2024896.0,1
e587cd60e62e6c08ac653bef4e935304,374,,Anaerolineaceae bacterium strain MAG4,0.9976,0.9917,False,False,2024896.0,1
781af70eed8b17d285d44f49d836a48e,372,,Inquilinus sp. Marseille-Q2685,0.9956,0.9917,False,False,2866581.0,5
1fe5ac555eb14e8844d872f1061c429f,372,,Shinella zoogloeoides XJ20,0.9995,0.9956,False,False,352475.0,23
8d1e64ee4aa50278de70ddd89e5c3665,373,,Bacteroidales bacterium UW1SPNA076,1.0,0.9878,False,False,2030927.0,1
92862fbe6ff344c8964156b2a0b424cc,372,,bacterium MAS3.bin101,0.9858,0.9858,False,False,1869227.0,1
076f9a4680cc7c0f8cee8a887ae40f4a,372,,Paracoccus yeei type strain: CIP108092,0.9995,0.9937,False,False,147645.0,10
5ef194c523178b714e804757a3218c3a,373,,Spirochaetaceae bacterium Bin_40,1.0,0.9922,False,False,1898206.0,1
4b3f93408aee639f8a0d3499050b9ff3,374,,Clostridium sp. 19966,0.9985,0.9951,False,False,2768166.0,1
b5a4aad370e78b9f833c9424031c44ec,378,,Methanolobus sp. SCH-1_PF_day80_bin.34,0.9995,0.9814,False,False,1874737.0,1
3196bc82f5a5ddf5efff5dfd48579b60,372,,Planctomycetaceae bacterium SH412,1.0,0.9878,False,False,3064265.0,5
7f26e242060257e98029fcaad8b88db9,372,,Cellulosilyticum ruminicola JCM 14822,0.9971,0.9907,False,False,1294025.0,1
1e37d3623e8679bea135824898326438,374,,Candidatus Xenobia bacterium c69f70bf-c863-4c4f-8f8e-2220d3e65ef5,0.9946,0.9902,False,False,3036772.0,1
de1e619dc7f15e1df4639581d8f08666,372,,Bacillota bacterium binned_ad_7.134,1.0,0.9878,False,False,1879010.0,1
261ea1a5459096d6d6d7a6c03a0800ef,374,,Candidatus Brocadia sp. strain SB37,0.9971,0.9902,False,False,2172549.0,1
2f94ec758afccdb570dcc9fd5080e5c4,372,,Mesorhizobium sp. strain N.Cr.TU.008.02.1,0.9995,0.9946,False,False,1871066.0,224
9e2b122adf540f378ae4674b70ffa70d,373,,uncultured Gammaproteobacteria bacterium MFD00731.bin.1.206,0.9961,0.9907,False,False,86473.0,1
a4c97d72a3ac2b7c1435c56721a3aa1a,368,,Bacillota bacterium JPAS_metabat.72,1.0,0.9941,False,False,1879010.0,1
97d46cb66b426e54414d29f5c60c740a,375,,uncultured Actinomycetota bacterium MFD09671.bin.2.8,0.999,0.9937,False,False,3039803.0,2
87c488a6467b31c46a8e05912b6a0d09,373,,Lutispora thermophila DSM 19022,0.9951,0.9902,False,False,1122184.0,1
fc9125c17dc8e3db85b070f0c8457f7b,374,,Eubacteriales bacterium SUG2561,0.999,0.9932,False,False,2831996.0,1
831cff0214f7446fab90ddfedf7bfcee,372,,Chthonobacter sp. yh7-1,0.999,0.9941,False,False,2735553.0,1
8fbc49c6f3ec10b319e77d0a2ed2204f,374,,uncultured Saccharofermentans sp. 009b34df-6986-4c74-874c-2c53a54848ac,0.9985,0.9941,False,False,1434378.0,2
17e2d5f6e5fc504e01e29c78e545e138,378,,Methanobacterium sp. strain QR_Bin.6,0.999,0.9883,False,False,2164.0,5
c983ca27c4dffb6920f6059c696adbc2,374,,Christensenellaceae bacterium strain SQ_MAG_4,0.9971,0.9946,False,False,2054177.0,1
4caeeec76b63970fd73a62f3d9c522ef,373,,Christensenellales bacterium bin.326,0.9941,0.9897,False,False,3083246.0,1
df16556a6b657130b148c9926e0247a1,374,,Actinomycetia bacterium OH_CDB_133,0.9995,0.9946,False,False,1883427.0,1
fd932f10265b9729b3972ed5cdce8a0d,375,,Agromyces mediolanus RA 14A.10,1.0,0.9922,False,False,41986.0,7
b777295e241883a56ab55b6d0fab2f76,374,,Proteiniphilum sp. STF2_58,0.999,0.9946,False,False,,2
98250dc58799b80cb124a1f158f2cf22,387,,Lentimicrobium saccharophilum strain TBC1,0.998,0.9927,False,False,1678841.0,1
b9c18a25d45d96085a8dc107c559846e,391,,Neopusillimonas maritima KCTC 62121,0.9961,0.9971,False,False,2026239.0,1
a279fb62a47697ac7088fbfeb831c6cf,387,,Lentimicrobium saccharophilum strain TBC1,0.9971,0.9937,False,False,1678841.0,1
5bfd0607c1130b2ea95261361ed0aaf1,372,,Paracoccus marcusii strain CP157,1.0,0.9937,False,False,59779.0,21
593b39ccba286d62eba7872e07c45354,378,,Pirellulales bacterium STL-PLA35,0.8989,0.9053,False,True,2715253.0,1
d6a202591a42fa999f25af7a7aefcffd,378,,Methanobacterium sp. strain QR_Bin.6,0.9995,0.9883,False,False,2164.0,5
1871e15a08fa2411512dc34595fb1958,374,,uncultured Eubacteriales bacterium MGYG-HGUT-02132,0.9971,0.9927,False,False,172733.0,1
608bdffdf9263f1b123d069d10e69f9a,366,,Bacteroidia bacterium Co_metawrap_156,0.9893,0.9883,False,False,2044936.0,1
5022c2e85eb7347a496e69b612b21ce1,374,,Thermoanaerobacterales bacterium MAG9,1.0,0.9902,False,False,2304039.0,2
5286cf541576f555afe0b5b79d1163d9,374,,Miltoncostaeaceae bacterium G1-WW12-10,0.9995,0.9932,False,False,2952967.0,2
8a08f279c5533390e6b47c6969ed7d82,373,,Sphingomonadaceae bacterium LXI357,0.9971,0.9941,False,False,2826939.0,1
5e4fdda0c1bb85957202d1498f061aa8,374,,Hungateiclostridium clariflavum strain 4-2A,0.9956,0.9902,False,False,288965.0,2
289c551826100c6df283e6a9e2050688,374,,Pseudobacteroides cellulosolvens ATCC 35603 = DSM 2933,0.998,0.9941,False,False,398512.0,1
3547314cbc17e38fbaed69287ddb4f31,378,,Candidatus Methanoliparum sp. LAM-1,0.998,0.9897,False,False,2874846.0,3
7fd8ef977c4177cf2c4c536310a8f19f,375,,Leifsonia psychrotolerans strain LI1,0.9956,0.9927,False,False,670054.0,1
2780b1a1535644ef954b37c0be366f13,375,,Pseudomonas putida PP2323,0.9897,0.9873,False,False,303.0,1
cd969c22db8f82239769a164e1e5ea93,374,,uncultured Armatimonadetes bacterium MFD00905.bin.2.19,0.998,0.9912,False,False,157466.0,1
403445d403772ea7701cd01368da5a56,373,,Firmicutes bacterium UR.bin59,0.9951,0.9912,False,False,1879010.0,2
88dc6547deddeb8ca981c592f965d014,375,,Rhodococcus equi strain PAM1271,1.0,0.9937,False,False,43767.0,98
be3b9cc41eb5d6dd33c9f480048a62a9,374,,Candidatus Brocadia sp. strain SB37,0.9985,0.9937,False,False,2172549.0,1
bfbc3acfb5c0b219aa6480a3323adf77,374,,Anaerolineaceae bacterium AnMBR.bin511,0.9985,0.9897,False,False,2024896.0,1
ddb21bd22519316c9c3bf922a9a8e816,372,,Brachymonas denitrificans strain Isolate6,1.0,0.9961,False,False,28220.0,3
67bf6c3e83fa94009baa7f3b5929da23,374,,Candidatus Desulforudis audaxviator strain BYF,0.9976,0.9927,False,False,471827.0,1
b62d797963ea269412b16706df6c98e9,375,,uncultured Planctomycetota bacterium MFD09671.bin.2.6,0.9922,0.9814,False,False,120965.0,1
343639260e5a553a449c040a58953f9a,376,,Ilumatobacteraceae bacterium strain Go_SlDig_bin_23,1.0,0.9897,False,False,2497619.0,5
8b6c39d6fb07636b4e870fe0bb1803cc,372,,Synergistaceae bacterium a20e232d-ae79-494a-a7eb-231c2e3632a3,0.998,0.9902,False,False,2053624.0,2
9f34b6a04f6d30d61947a02265404b17,367,,Ignavibacteriae bacterium HGW-Ignavibacteriae-4,0.999,0.9893,False,False,2013811.0,1
303f7af49ecdd12099842ae3af234567,374,,uncultured Eubacteriales bacterium MGYG-HGUT-02132,0.9976,0.9941,False,False,172733.0,1
d79b4530e47feda71be7e93aa663f0b0,374,,Dehalococcoidia bacterium strain BS5B11,0.9951,0.9917,False,False,2026734.0,1
f5cb3fde6a13561ed6e13a04732f79e3,373,,Dehalobacter sp. DCM,0.9956,0.9897,False,False,2907827.0,4
5881e5969b9c5cced797ab5e237049b4,375,,Gordonia alkanivorans strain YC-RL2,0.9995,0.9937,False,False,84096.0,50
12d48d4e5b03a44eb1e1c7c2bb216348,373,,Rhodoferax sp. RA_AS_maxbin.087,1.0,0.9922,False,False,50421.0,5
2d6bab1b94570e4c69c5ef51945f774e,376,,Acidimicrobiia bacterium jk18x9bins.28,0.9971,0.9878,False,False,2080302.0,1
dbec03fc66ff2c2d4e6b089d27824139,378,,Methanospirillum sp. UR.bin265,1.0,0.9902,False,False,45200.0,1
cb796d5e697b4835a8402bb23c894c15,372,,Labrenzia sp. Alg231-36 strain Labrenzia sp. Alg231_36,0.9995,0.9946,False,False,1922224.0,17
3d8b94eb88219661929f43dfd0c6466e,374,,Ruminiclostridium thermocellum AD2,0.9985,0.9907,False,False,1138384.0,7
54f9550f07f9d5c730eb5449e856d30a,389,,Burkholderia pseudomultivorans strain LMG 26883,0.9946,0.9917,False,False,1207504.0,2
0c115cc28920184a7e0b25223763a748,371,,Firmicutes bacterium OH_HBrB_62,0.9927,0.9888,False,False,1879010.0,1
ac6d0a3fca5ae4aad55d98349c5d4560,368,,uncultured Bacteroidales bacterium SRR6425747_bin.33_CONCOCT_v1.1_MAG,0.9976,0.9937,False,False,194843.0,1
d08086e2ae7f6779772be3242340f17a,374,,Christensenellaceae bacterium d7c23e02-40a4-4312-836d-43190f2e112a,0.9961,0.9927,False,False,2054177.0,2
e1806d6548d68a507f9f9ba512a830ad,374,,Christensenellaceae bacterium strain SQ_MAG_4,0.9971,0.9951,False,False,2054177.0,1
2f62caf32ac0a5313dea4b421d6dd293,403,,Methanobacterium sp. UBA44,0.9932,0.981,False,False,1915467.0,1
eb41af02b18dc957ef593cfd11261be5,374,,Moraxella osloensis strain CCUG 67237,1.0,0.9907,False,False,34062.0,88
7cb6fb83dfd9725a45a012db687900e1,374,,Cronobacter dublinensis strain cro2915W,0.999,0.9946,False,False,413497.0,1
06bb48a671163cdd75613e80ef87b92d,371,,Proteiniborus sp. DW1,0.998,0.9897,False,False,1889883.0,1
c07ac7ffa60c0baeb47cea4cefaeeae4,374,,uncultured Clostridia bacterium strain Chicken_8_mag_198,0.9966,0.9922,False,False,244328.0,3
8b78ca8c5e127e820c9561e10c9f19c2,375,,uncultured Chloroflexia bacterium MFD06526.bin.2.81,0.9897,0.9849,False,False,1672391.0,1
e57525faafab45f4f99be57ab69faabd,372,,uncultured Alphaproteobacteria bacterium MFD01721.bin.2.224,0.9976,0.9941,False,False,91750.0,1
717aff2a74550554098682047fb9830c,373,,Oscillospiraceae bacterium AMR_MDS_1291,0.9971,0.9858,False,False,2485925.0,1
d5ed9ff1b4b6861428e0eb93d8b2c3a1,374,,uncultured Leptolinea sp. binchicken_co152_8,0.999,0.9873,False,False,904068.0,1
6c68bf9a2ce53d1b172b227d83144566,372,,uncultured Alphaproteobacteria bacterium MFD10007.bin.1.19,0.9995,0.9941,False,False,91750.0,1
bce4d231e12c8465556db9d2cf121551,373,,Kutzneria viridogrisea DSM 43850,0.9937,0.9912,False,False,47990.0,1
07f46149c04b861915fa32dc8104b022,372,,Methylocystis sp. JR02,0.9985,0.9951,False,False,3046284.0,7
91fcd069f0c0007854a6e6d3aa7d7681,372,,Bacillota bacterium JPMR_metabat.40_sub,1.0,0.9917,False,False,1879010.0,1
5fda016714ed5f6d8bbfc918786e8525,369,,Tissierella praeacuta strain NCTC11158,0.999,0.9951,False,False,43131.0,5
d50e97399b1cda1ec4e98fcecab91fd7,371,,uncultured Clostridia bacterium strain Reindeer_2_mag_174,0.9922,0.9868,False,False,244328.0,1
3e6d862418922fbe062da225314e7762,373,,uncultured Eubacteriales bacterium MGYG-HGUT-03465,0.9966,0.9922,False,False,172733.0,2
39659b19934674c9db5c39d3b6a3b066,372,,Nitrobacteraceae bacterium AZCC 2299,0.998,0.9961,False,False,3119824.0,6
954d0e6f5e93a9f23198c807840314bd,375,,uncultured Actinomycetes bacterium MFD04716.bin.2.6,0.9995,0.9917,False,False,152507.0,1
ca532c83e87eb3e76511a71e9abf28c2,370,,Candidatus Kapabacteria bacterium NRBC_bin_5,0.9956,0.9932,False,False,2447898.0,1
603ab94ae666e02cf4cc8a2132414ef5,370,,uncultured Bacteroidales bacterium MFD03899.bin.2.192,0.998,0.9897,False,False,194843.0,1
2fb2d4e9cc91d9bb7c9d7cf06c1e013a,374,,Christensenellales bacterium AnMBR.bin536,0.998,0.9912,False,False,3083246.0,2
8924705b2ac86db54622adeba1d6bba1,373,,Xanthobacteraceae bacterium SMAG_U13480,1.0,0.9922,False,False,2021379.0,1
807e5c070ad04eee21adcd47683dda41,374,,Methanothrix soehngenii STF1_32,1.0,0.9937,False,False,2223.0,2
98f50fc2653bd578543391ef42ece23e,373,,Gammaproteobacteria bacterium strain BWMinControl_Nextera52_MAG3,0.9922,0.9883,False,False,1913989.0,1
97c2c7e8cc5a28811906eda58edb16ec,366,,Alkalibacter saccharofermentans DSM 14828,1.0,0.9927,False,False,1120975.0,1
62b0ef9d072b7772ca3958f821bc1c49,370,,Treponema zuelzerae DSM 1903,0.998,0.9897,False,False,156.0,2
06e03c616890e7dd3b607e7605fda9be,374,,Lachnospira sp. C019_02,1.0,0.9951,False,False,2049031.0,20
88b268e25d1296042ab52fa61b7a42ac,374,,Christensenellales bacterium AnMBR.bin536,0.9966,0.9897,False,False,3083246.0,2
5f452e591d65c3a4fee53f0cc354ea72,376,,Bacteroidales bacterium Seed_maxbin.014_sub,0.9985,0.9922,False,False,2030927.0,1
8b1634a2e55ae2488b6ccc2230996509,374,,uncultured Planctomycetia bacterium MFD05580.bin.2.48,0.9956,0.9863,False,False,411917.0,2
8e3af97b4686b85e19d450d5c1c96fbe,374,,Candidatus Babeliales bacterium MFD04492.bin.2.45,0.9922,0.9849,False,False,2803731.0,1
172df84126559d3703a3b6184b45a0ee,375,,bacterium MAG210,0.9932,0.9912,False,False,1869227.0,1
bdd5dd02a4adbb00f8c1631abf8615af,374,,Anaerolineae bacterium SMAG_U14156,0.9961,0.9932,False,False,2052143.0,1
1a3a64b0c16fb7daa275ec71dd81b701,372,,Aquabacter sp. L1I39,1.0,0.9922,False,False,2820278.0,1
268ddc25aa0fd61d2ecd190573a66498,375,,uncultured Actinomycetota bacterium MFD01299.bin.2.216,1.0,0.9932,False,False,3039803.0,1
54361a7cbec36835157cc4e00336e464,370,,Enteractinococcus coprophilus strain DSM 24083,0.9956,0.9932,False,False,1027633.0,3
33df87d462384b48f155ad84b5e02c26,378,,Methanobacterium sp. ERen5,1.0,0.9888,False,False,2164.0,3
360597adbaef72569dbc31f72ed91c78,372,,uncultured Alphaproteobacteria bacterium MFD01275.bin.1.206,0.998,0.9888,False,False,91750.0,3
0f645d7ab83eb9dd659b573e9abc0069,372,,uncultured Alphaproteobacteria bacterium MFD05442.bin.2.182,0.9995,0.9941,False,False,91750.0,1
7a4591ecfb8de6241f36890cc9f78663,373,,Caldicellulosiruptor bescii strain RKCB121,0.9912,0.9878,False,False,31899.0,22
3171ed747afcaa4f31b4048623c92223,372,,uncultured Alphaproteobacteria bacterium MFD09206.bin.2.142,0.9995,0.9961,False,False,91750.0,5
918eaaa2a8ed889d1ab21eb87b880779,374,,Gemmataceae bacterium OBJ2_061818_050_5,0.9932,0.9893,False,False,2052164.0,1
211c2bf941e5c4e05078cf20a194b0be,374,,Thermodesulfobacteriota bacterium CTOTU18619,1.0,0.9907,False,False,2202153.0,6
87b489a37616c28af2c28eda4b45fb8b,375,,Piscicoccus intestinalis NBRC 104926,1.0,0.9937,False,False,1208313.0,1
fb3e6be0517e6c8b7a27582c871b2ab3,371,,Proteiniborus sp. MB09-C3,0.9966,0.9927,False,False,3050072.0,5
8102b0f64f0661286e71a73878df9ce7,370,,Cryomorphaceae bacterium mag.66g,1.0,0.9858,False,False,1898111.0,3
da380d249b3dd800f5c3e279f7cf917a,374,,Parachlamydiaceae bacterium strain SSA5,0.9961,0.9927,False,False,2052176.0,1
c55e2d0573fbdcf300cff596408b7072,373,,Clostridiaceae bacterium SUG1457,0.9941,0.9902,False,False,1898204.0,2
457346004e661d16ca588c7b82e8f683,374,,Pseudobacteroides cellulosolvens ATCC 35603 = DSM 2933,0.9985,0.9937,False,False,398512.0,1
d5e07a8e356cc0345c15c5ff1622951d,374,,Eubacteriales bacterium STE_66,0.9995,0.9937,False,False,2831996.0,1
fef03d7c4d744b68dd3c6c56bfd5c256,374,,uncultured Saccharofermentans sp. 009b34df-6986-4c74-874c-2c53a54848ac,0.998,0.9946,False,False,1434378.0,2
fc89472c649eac4b19e834fe7006dfb6,374,,Oscillospiraceae bacterium DSM 107454,0.9907,0.9873,False,False,2779355.0,1
2408d15abcd92d9248745e8e22ae502c,374,,Proteiniphilum sp. strain Rep1_Bin026,0.9971,0.9941,False,False,1926877.0,1
ed6649e994acab681dffea4c57f04e88,374,,uncultured Clostridiaceae bacterium MFD08669.bin.2.17,0.998,0.9932,False,False,195049.0,1
dc8477df0245e1b7cf2151a6066f204a,374,,Clostridiales bacterium strain MGYG-HGUT-00220,0.9966,0.9932,False,False,1898207.0,2
c1844c6164de67c2736932bcd1e94589,374,,Ruminiclostridium sp. strain MnB_11,0.9971,0.9897,False,False,2053608.0,1
d320c54f3dd1a81501e597b4e5a53ac8,370,,Lentimicrobium saccharophilum strain TBC1,0.9971,0.9912,False,False,1678841.0,1
dd6cd878e1ac746a5df199e3ea0152a2,371,,Bacteroidales bacterium binned_ad_7.139,1.0,0.9907,False,False,2030927.0,1
fe92b5d8f5b1599d91fec61ebc12e170,371,,uncultured Eubacteriales bacterium SRR6451663_bin_7236,0.9941,0.9893,False,False,172733.0,1
fd6e07eef3a5baacd89506ae84fb2ea6,374,,Nitrospiraceae bacterium swi_bin.60,0.9951,0.9893,False,False,2026770.0,1
38a3ffa5451f10cb983f8d8acd0f7d3e,374,,Firmicutes bacterium OH_CDB_78,0.9966,0.9932,False,False,1879010.0,1
a1191cbfeb25ca6deb449da1e2baad3a,375,,Austwickia sp. strain Hirt_18-Q3-R61-65_BAT3C.202,0.9995,0.9932,False,False,1872664.0,3
d3648f626f4aadacf25eb043bdc62c58,344,,uncultured Bacteroidetes bacterium strain AG-426-O21,0.9858,0.9858,False,False,152509.0,1
b0ec891a9cead40f58935f40fa9a1b9a,372,,uncultured Alphaproteobacteria bacterium MFD00905.bin.2.60,1.0,0.9932,False,False,91750.0,3
7bee0db5d6c5c416f00bf1e6faffc9a8,374,,Clostridiaceae bacterium HFYG-1003,1.0,0.9946,False,False,2961947.0,11
2389f5000634184ae381b8e579934c4b,375,,Mycolicibacillus parakoreensis DSM 45575,1.0,0.9922,False,False,1069221.0,4
e1d4180c0091e155509f14fcbdb541ae,374,,Dehalococcoidia bacterium H60_584,0.9927,0.9868,False,False,2026734.0,1
470a368a6807b4a2d6a56ff427742e09,373,,Clostridiales bacterium strain W1P21.034,0.9946,0.9883,False,False,1898207.0,4
7170942055c32bb7a709c4a92e29a258,374,,uncultured Spartobacteria bacterium strain Loc080925-8m_bin-142,0.9961,0.9839,False,False,333969.0,3
8dcc2c0ebe2c9f41761691937e854ac8,377,,uncultured Nitrososphaeraceae archaeon MFD04830-1.bin.1.778,0.9995,0.9937,False,False,2126347.0,4
685a06c480c8512cad2bba3e5b066bdb,374,,Bacteroidota bacterium Bin_015,1.0,0.9888,False,False,1898104.0,3
cf5a736328e34ae09ad43b76da30ed99,373,,Christensenellaceae bacterium f66689b3-5376-4084-bd6a-22509cc8097c,0.9946,0.9912,False,False,2054177.0,1
9293b23be2addc4c8910fbe977237c46,375,,Nitriliruptoraceae bacterium 20BLK6-1.bin.103,0.9976,0.9888,False,False,2093808.0,1
4ca4c12d1aaf982b5273c4063b2d14ef,374,,uncultured Actinomycetes bacterium MFD04716.bin.1.373,0.999,0.9893,False,False,152507.0,1
e3083a5858ffbe913e0c1a70a8cf6919,374,,Geobacillus subterraneus OXR-76,0.9976,0.9917,False,False,129338.0,3
14816bf58b22a8172bb1d6a7f78f06f2,372,,uncultured Alphaproteobacteria bacterium MFD09730.bin.2.86,0.9976,0.9941,False,False,91750.0,1
822e596ebee53d4dcd5ffe3e26ec43d4,376,,uncultured Burkholderiaceae bacterium SRP193066_co1_100,0.9922,0.9824,False,False,188056.0,1
2ab2d8b1e4ae115107b0baed6f6181ba,374,,Firmicutes bacterium strain RUG352,0.9917,0.9888,False,False,1879010.0,1
ca7dd43ffcedbade1adc51132a0deec1,374,,Clostridiaceae bacterium HFYG-1003,0.9985,0.9946,False,False,2961947.0,11
92c7d2d035c344ba43e756fcc909c99f,374,,Oscillospiraceae bacterium 47-2_50,0.9985,0.9927,False,False,2485925.0,1
315154928c5be44de373e19d66bd739a,374,,Thauera sp. CAU 1555,0.999,0.9937,False,False,2767595.0,1
c74a800e896402acb88ee96173c56d80,372,,Chelatococcus sp. XZ-Ab1,1.0,0.9932,False,False,3034027.0,4
7db5761404d6f5f4f0fc9b6e62aaa8a6,374,,Ruminiclostridium papyrosolvens DSM 2782,0.998,0.9946,False,False,588581.0,1
9591914f1b4272813c5d24f968e4ca81,372,,Synergistota bacterium JPMR_metabat.106,1.0,0.9907,False,False,2268202.0,1
bc96db08da9a54e69f83357f2429e767,378,,Methanoregulaceae archaeon PtaB.Bin056,0.9995,0.9897,False,False,1811721.0,1
9554148374cd0778fe58481a15ae48d7,374,,Christensenellales bacterium AnMBR.bin500,0.9995,0.9951,False,False,3083246.0,1
7a94ab2d3edd2d5f1b14fb97b8227aab,373,,Ruminococcus sp. AGN012FE.122,1.0,0.9907,False,False,41978.0,11
f3ad21d8c8b2444a5dcf953349c6b70c,373,,Acinetobacter towneri N31-1,1.0,0.9927,False,False,202956.0,21
2f268057d1214383b781ce20ac322b13,372,,Bacillota bacterium R1Mar2020-bin.3,0.9937,0.9883,False,False,1879010.0,1
5b2c9996f39f03a22f551c353da1d3ed,375,,Nocardioides sp. KLBMP 9356,1.0,0.9937,False,False,2911371.0,10
36a65735bd9508c5f7a66dc84dd3f8c6,373,,Altererythrobacter sp. N1,0.998,0.9902,False,False,2877001.0,8
31a1e677493dc62acdbb253351f9a251,373,,uncultured Oscillospiraceae bacterium MGBC108970,0.9976,0.9893,False,False,707003.0,1
82fd1b576ddb5cb4a31555dc2a02f381,374,,Clostridiales bacterium strain MGYG-HGUT-00220,0.9966,0.9927,False,False,1898207.0,2
1f42391a983ba3af940e541d110a8432,372,,uncultured Bacillales bacterium strain SRR15057923_bin.18_metaWRAP_v1.3_MAG,0.9868,0.9858,False,False,157472.0,4
a5a1519fb2b6c41d9cbc7937a35a9e32,373,,Novosphingobium sp. ZN18A2,0.999,0.9883,False,False,3079861.0,1
e00f85cb3452e37943500e86afb268f4,373,,Blautia wexlerae C029_20,1.0,0.9961,False,False,418240.0,111
24118ef9e2dd669b3382317f70b3c490,369,,Tissierella sp. TS2_MAG,0.9995,0.9956,False,False,41274.0,1
cddb01a0b240945aa6ebe58ae541cea2,374,,Bacillota bacterium bin10.1,0.9966,0.9932,False,False,1879010.0,2
a5c98d8a8bd6084ce0b46c3c0e62b06e,374,,Acetivibrio straminisolvens FC2,0.9976,0.9927,False,False,253314.0,3
3ab8697f83c42bad86a043a8c84709e8,374,,Gracilibacter sp. BRH_c7a,0.9971,0.9956,False,False,1734398.0,1
c048a804411d231b1deb9a1837203634,393,,Paenibacillus sp. FSL R7-0313,0.9922,0.9922,False,False,2954532.0,2
6ebabe5be540e1304e1262781c30bbe5,374,,Zhaonella formicivorans k32,0.9976,0.9932,False,False,2528593.0,1
7851f5e3ccefb9a300394199f665614c,372,,Maridesulfovibrio sp. 6beb94cf-9426-4573-8ce2-a4cb058dd04d,0.9946,0.9932,False,False,2795000.0,1
c2229c40838cb5aa067cdcab26a4d0bd,375,,Microbacterium sp. BLY,1.0,0.9937,False,False,2823280.0,245
1eac8ec4812f4ed7bfd8387a38bdba1f,373,,Sphingomonadaceae bacterium STL-PRO45,0.9985,0.9902,False,False,1930536.0,2
5b0f54fd83862b6582b3e74f658dec52,374,,Cronobacter dublinensis strain cro2915W,0.9976,0.9937,False,False,413497.0,1
dab85c37892abf37854fc0edf2a3b8df,395,,Methanobacterium sp. YSL,0.998,0.9893,False,False,2841655.0,1
79e1085555941c59c02fe10d0db42b77,374,,uncultured Eubacteriales bacterium SRR16279954_bin.6_MetaWRAP_v1.3_MAG,0.9971,0.9937,False,False,172733.0,1
8d741499ee8a83b6ede29efd8892e70b,374,,Legionella parisiensis strain PF-209C-C2,0.998,0.9907,False,False,45071.0,16
659345ab0b295a524c8158295f1b7e49,374,,Priestia megaterium WSY10,1.0,0.9951,False,False,1404.0,733
5e08663561b972be66344edb87da4e3d,372,,Candidatus Paceibacterota bacterium UR_AS_maxbin.219,1.0,0.9907,False,False,2053589.0,1
e3ef2cba7805de59638a581426ab70a9,374,,uncultured Chloroflexia bacterium MFD02979.bin.1.10,0.9976,0.9868,False,False,1672391.0,1
f654394f0d0084baf14a287ec94d12aa,374,,Clostridiales bacterium AnMBR.bin276,0.9946,0.9907,False,False,1898207.0,1
45d5fa1bed1dc5a9ecf8c62ff7ebbdd1,372,,Nostoc sp. CHAB 5715,0.9995,0.9961,False,False,2780400.0,6
39cabc06fe765618dfcb8000e03424ca,374,,Chlamydiota bacterium XB_MAG261,0.9971,0.9946,False,False,2081524.0,1
26c822a9da99f48bc5eabddbeda2a1e8,374,,uncultured Candidatus Saccharibacteria bacterium SRR3330208_bin.157_CONCOCT_v1.1_MAG,0.9995,0.9912,False,False,179883.0,1
87e8ae9b41dbcd0ad54be2513a8f7489,372,,Christensenellaceae bacterium 086d21dd-391b-4e05-b467-ec890eab2947,0.998,0.9927,False,False,2054177.0,1
7ee5506b56675190c1b39ceb2fef6b12,372,,uncultured bacterium MarMAG_114887,0.9966,0.9844,False,False,77133.0,1
7b38bded14744e6cd6bceb54464983f4,374,,Pirellulaceae bacterium ME2018-07-06_3300042522_group8_bin60,1.0,0.9897,False,False,2699754.0,2
ff4f8ed709d325dc85df91881e419164,374,,uncultured Halothermothrix sp. SRR5007349_bin.152_CONCOCT_v1.1_MAG,0.9956,0.9907,False,False,543059.0,1
7e87704cad17d9767ed0a558cf847a28,374,,Christensenellaceae bacterium 38ba8450-c70d-4108-8ba4-09623ba0e347,0.9995,0.9932,False,False,2054177.0,1
9d4eef533118fb8ade7389906d38038e,375,,Propionibacteriaceae bacterium ZF39,1.0,0.9946,False,False,3138240.0,3
8d3f2463af90ed9f59bbda873534edc0,376,,uncultured Actinomycetota bacterium MFD04212.bin.1.320,1.0,0.9907,False,False,3039803.0,1
4b673256fb96d4b936e393f3f45d4f47,375,,Tautonia sp. JC657,0.9883,0.98,False,False,2728037.0,4
c010039c9d795c2923840493ddf8c086,374,,uncultured Brevefilum sp. binchicken_co211_279,0.9976,0.9863,False,False,2019486.0,1
dee648358426ec8050d91246a7da2777,374,,Syntrophomonadaceae bacterium AnMBR.bin200,0.999,0.9941,False,False,2093811.0,3
5fc9b3b833ee5fc9ddee11259db3940d,375,,Austwickia sp. strain Fred_18-Q3-R57-64_BATAC.85v2,1.0,0.9937,False,False,1872664.0,1
5081262c6f6941b26ee33cafbc0a2c31,372,,Xanthobacter sp. V13B-9B,1.0,0.9927,False,False,3119932.0,21
f70d306dce5ac4969fdb6c1711131421,374,,Anaerolineae bacterium SMAG_U14156,0.9966,0.9917,False,False,2052143.0,1
55eea1d4d02e89a3fec4e0d929946361,374,,Methylobacillus sp. Pita2,0.9976,0.9917,False,False,3383245.0,3
16bd85d98b01823963164e514e5c1da4,375,,Bifidobacterium tibiigranuli UW_MP_BIF2_2,1.0,0.9922,False,False,2172043.0,2
98f44e3e61d018840fdce5dc524c719c,369,,uncultured Candidatus Amoebophilus sp. SRR3901706_bin.87_CONCOCT_v1.1_MAG,0.9971,0.9927,False,False,670722.0,3
062cbfa9421131d2ab6418f8ee0385c6,374,,Anaerolineae bacterium strain CSSed162cmA_203,0.9956,0.9927,False,False,2052143.0,1
62464229dcef00e0856587086e1e2f9d,375,,Actinomycetota bacterium STD1_158,1.0,0.9907,False,False,2900548.0,1
fb23f61e952a0a57ca3e763d8ad1f157,374,,uncultured Planctomycetaceae bacterium MFD02416.bin.2.228,0.998,0.9854,False,False,100233.0,1
e973e792bb24983e1304d41a8ed0c375,365,,Bacillota bacterium USPA_metabat.117,1.0,0.9946,False,False,1879010.0,9
571f6e6cd40b8548c4d3acff7572c04d,374,,uncultured Chloroflexia bacterium MFD09779.bin.2.144,0.9951,0.9922,False,False,1672391.0,1
938444186689c6c81498c229f4fdfc25,374,,bacterium strain W1P28.007,0.9961,0.9937,False,False,1869227.0,1
1b7d9b83e481aeaf938729029a2a4c19,374,,Candidatus Hydrogenedentota bacterium CTOTU19843,1.0,0.9937,False,False,2030809.0,5
7d695607cd250aaa3167220d1f1b4cf0,370,,Atopobiaceae bacterium UW_MP_ATO4_1,0.9971,0.9946,False,False,2485926.0,1
26cbd70e0eb0b0a14e93c0970b305ef1,372,,bacterium binned_ad_9.135,0.999,0.9873,False,False,1869227.0,4
37f3685c73e70deca8c822eb745ced49,375,,uncultured beta proteobacterium MFD09964.bin.2.243,1.0,0.9922,False,False,86027.0,1
e75112095b671ec01db52f4beeb04879,374,,bacterium SUG591,0.9966,0.9902,False,False,1869227.0,1
5a53ad0b5b9bb5681456ed32f72110e7,376,,Millisia brevis NBRC 105863,1.0,0.9893,False,False,1219361.0,1
b13f720636b1c50245daf019257f2c37,371,,Paenibacillus sp. V4I7 K16b V4I7,0.9995,0.9941,False,False,3042307.0,12
99b6b856e4676df229a6e3c11b183293,372,,Filomicrobium sp. Y,0.9971,0.9927,False,False,1608628.0,4
b6acd0e458ddc4258d7622929617346d,372,,uncultured Alphaproteobacteria bacterium MFD06742.bin.2.93,1.0,0.9961,False,False,91750.0,1
534aa0050da6044b57409f3606d33c40,372,,Hydrogenophaga atypica CGMCC 1.12371,1.0,0.9956,False,False,249409.0,4
842ba3e9826daf645e7765f4bb0525be,374,,uncultured delta proteobacterium strain LJ_bin-0382,0.9956,0.9858,False,False,34034.0,1
1ff5beccb7eb535d2fdcc1c7ce513ea5,374,,Desulfitibacteraceae bacterium MK1,0.9961,0.9937,False,False,3039180.0,1
179413bba78ea1fc349ad7186b4f47c1,375,,uncultured Planctomycetaceae bacterium MFD02579.bin.2.29,0.9976,0.9854,False,False,100233.0,1
8ed2c27daaea55b50ad23f3ffa313d87,376,,Candidatus Marsarchaeota archaeon FK_Sedi_A_Bin.105,0.9956,0.9893,False,False,2823144.0,1
99b7d01a509e8d23e7ea8ddc8c916745,374,,Gracilibacter sp. BRH_c7a,0.998,0.9946,False,False,1734398.0,1
94a6d209f6cf2ffadcf52fbaf974fa6b,373,,Methanobacterium movens JCM 15415,0.9927,0.9873,False,False,493461.0,1
931f5be1037c1c313cde89dcc9b3474e,388,,Terrisporobacter petrolearius ELB,0.999,0.9966,False,False,1460447.0,9
ac0039723d07f8589ce17bb3395a8ff5,390,,Massilibacterium senegalense strain MGYG-HGUT-01511,0.9971,0.9902,False,False,1632858.0,2
2bf5191514bd35364a4e6bf3ae9107a2,372,,Christensenellales bacterium AnMBR.bin221,0.9976,0.9922,False,False,3083246.0,1
57492fceb957c06614e62e90e839e5db,373,,Candidatus Avoscillospira stercorigallinarum metabat2_pooled_hifiasm.146 MAG,0.9971,0.9897,False,False,2840708.0,1
7809979fa1370bb575a71ab75a91bb93,369,,uncultured Sedimentibacter sp. 90ad4bd6-3e3f-41ea-a839-0ac70987d3d1,0.999,0.9941,False,False,348580.0,1
bf6440cf333655e0e0f8e6c1df72ed43,374,,Acetivibrio straminisolvens FC2,0.9985,0.9937,False,False,253314.0,3
a2d71ade86c83ee8cbe7141a71281db6,375,,Planctomycetes bacterium YP3.bin26,0.9961,0.9834,False,False,2026780.0,1
fe5a45686af6b4b7eaff28a4dcaef15b,370,,Bacteroidales bacterium 1-no_shock_S1_025,0.998,0.9932,False,False,2030927.0,2
fa3a634a3d5d11bab288b00d2d5369cc,375,,uncultured Actinomycetota bacterium MFD09730.bin.2.109,1.0,0.9932,False,False,3039803.0,5
4f90f8f67d96381936a8ea4b6bd9234c,373,,Ruminococcus sp. AGN025FE.8,1.0,0.9937,False,False,41978.0,30
a594a2db0ceea408a3931a4465c05420,374,,Rhodococcus sp. OK269,1.0,0.9927,False,False,2135728.0,73
ccd8c51003c6724304379157cbbb67a3,374,,Armatimonadota bacterium binned_ad_9.74,1.0,0.9824,False,False,2033014.0,1
826ce0379ee559bbbabb1289906f8823,373,,Bacillota bacterium CTOTU13063,0.9917,0.9878,False,False,1879010.0,3
b3b12b9ab4a7ba52db234d329bd0ff98,373,,Clostridiaceae bacterium VEG02_HIC_0086,1.0,0.9927,False,False,1898204.0,2
9e5f7d2247ac749d50a226417b3cd59b,370,,Alphaproteobacteria bacterium RIFCSPLOWO2_02_FULL_43_54,0.999,0.9951,False,False,1797230.0,6
4a776a15babf55b56fb4bc95c435aaed,372,,Phenylobacterium sp. CCH12-B4,1.0,0.9946,False,False,1768784.0,2
570d2782ac8b4697b37c5a7fcce2c38f,372,,Planctomycetales bacterium SW_43,0.998,0.9897,False,False,2053591.0,5
a7c8ce74f4fdc4ec58c5c54c9b1fda2a,373,,Alphaproteobacteria bacterium STL-PRO49,0.9985,0.9917,False,False,1913988.0,1
0afdd7eddb9a71ce53cf6487747ec98c,372,,Hyphomonadaceae bacterium strain OdNW_18-Q3-R42-56_BATAC.488,1.0,0.9941,False,False,2026748.0,3
6fdf97e983896ead9e2ae8cce7c97f46,374,,Bacillota bacterium binned_ad_9.77,0.9985,0.9941,False,False,1879010.0,2
58cd0f7f937effa7c5ed5dbe7e5cc864,374,,uncultured Chloroflexia bacterium MFD02979.bin.2.133,0.9951,0.9878,False,False,1672391.0,1
eaa037ee5d32a43f07a4cbfaf7080884,374,,Christensenellaceae bacterium da863df8-3121-48c8-a9fd-195775925dd7,0.9976,0.9922,False,False,2054177.0,1
f21e69f460e0f5a2ab946c9cbc535b27,372,,Firmicutes bacterium OH_PDB_219,0.9951,0.9922,False,False,1879010.0,1
d4f7bcef485c713df58bef5a1ceac4b0,373,,Sphingomonadales bacterium metawrap_la1_9,0.9976,0.9917,False,False,1978525.0,1
c8222ef3d31112ff4823bdb94a7eae2b,373,,Sphingomonas formosensis strain CC-Nfb-2,0.9976,0.9902,False,False,861534.0,1
a74a7a8b9015b0732f8101e2f67c8f32,372,,Hydrogenophaga taeniospiralis LT3,0.9995,0.9966,False,False,65656.0,4
ea356eadfcbbc83181a30eade6da43f4,372,,Paracoccus sp. (in: a-proteobacteria) R4x_68d_np_Bin1.7,0.9995,0.9941,False,False,267.0,16
b53ee4129079a6b4885428c4e2a408f9,372,,Pontibaca methylaminivorans strain DSM 21219,1.0,0.9927,False,False,515897.0,1
708043a43693e1145f5e15e5ee3b2b06,370,,uncultured bacterium CTOTU23009,0.9971,0.9927,False,False,77133.0,3
0c3ea3339f3a3be523e02cefed4aaa10,377,,Actinomyces massiliensis F0489,0.9985,0.9878,False,False,461393.0,5
ab35a6efdcbec8500e2fb023169fe78a,372,,Aminobacter sp. HY435,1.0,0.9946,False,False,2970917.0,6
31d88ad972b0a11f159439daf1fe7367,375,,Microlunatus aurantiacus JCM 16548,0.999,0.9927,False,False,446786.0,1
3f36ab74340cc11784c5f0c58099e15e,375,,Actinomycetia bacterium OH_PBB_141,1.0,0.9932,False,False,1883427.0,1
a1919f68c3e5bd0c8c85ce6c4a407a81,375,,Propioniciclava sp. 5N021,0.999,0.9917,False,False,2038686.0,2
1e12ac0d70169a9c084a739e040907b9,375,,Micromonospora aurantiaca NPDC007086,1.0,0.9893,False,False,47850.0,91
24d1b9eb90c847a42a0dc2c748b53fd5,371,,Bacteroidales bacterium binned_ad_7.139,0.9995,0.9907,False,False,2030927.0,1
1a78865d2083e443fbc5b19b0ea17fc5,374,,Firmicutes bacterium UR.bin39,0.9971,0.9917,False,False,1879010.0,1
11506c8de798b3e79303f7afc3d782b6,369,,Firmicutes bacterium OH_PFB_159,0.9995,0.9961,False,False,1879010.0,1
5d55d069c4109b5fc7cd290e947e5c8e,372,,Aphanothece microscopica RSMan92,0.998,0.9941,False,False,3390204.0,3
cf93fb824641ba2cdbfddf60b0590131,374,,uncultured Eubacteriales bacterium MGYG-HGUT-02132,0.9971,0.9927,False,False,172733.0,1
05db5feb6a21f195981e6dce06cb45f2,374,,Atribacterota bacterium AnMBR.bin230,0.999,0.9849,False,False,2952890.0,3
ba7f833e7c235bf589dd87a343592b6d,374,,Candidatus Pullichristensenella sp. AnMBR.bin484,0.998,0.9932,False,False,3097447.0,1
9fcc0c91f09380ac0d5250172f8294b1,375,,Propionibacteriaceae bacterium CPCC 204711,0.999,0.9937,False,False,2282477.0,1
11e175aff64bc4cf4986007e12bfc628,375,,Nocardioides sp. XL1 strain XL1,0.999,0.9937,False,False,2003120.0,6
e4738ae451a15c8bfd5229711b6b5361,373,,Novosphingobium sp. SL115,0.9976,0.9883,False,False,2995150.0,1
0c794e59b49f4c211fd8d27ef015d178,374,,Pirellulales bacterium SMAG_U6161,0.9971,0.9912,False,False,2715253.0,1
8b36978991475cb71d3317e4daaf9e1a,370,,Prolixibacteraceae bacterium b0120b26-81c1-4e5c-b488-535878dd73d8,0.9937,0.9893,False,False,2053594.0,1
922daae168c740d829141c432a8cdcd1,374,,Pseudoxanthomonas yeongjuensis strain DSM 18204,1.0,0.9897,False,False,377616.0,1
6684f6190e4f3e23278528086ae25685,370,,Atopobiaceae bacterium UW_MP_ATO4_1,1.0,0.9946,False,False,2485926.0,1
d9975f13b5075673dd9bb396688bd678,372,,Acidovorax lacteus JCM 31890,0.9995,0.9976,False,False,1924988.0,1
856f4e976cd8cb16d80b01f36ee9721a,374,,uncultured Thermoleophilia bacterium MFD02979.bin.1.60,1.0,0.9941,False,False,1497501.0,2
5c7c7b73a2ec4b36eb0c3adfcc84d9aa,375,,Gordonia aichiensis NPDC003646,0.9995,0.9941,False,False,36820.0,1
3a87ef2d0d0b72632e8f39d0320fcf93,375,,uncultured bacterium CTOTU23005,0.9995,0.9922,False,False,77133.0,1
9212e9ff21fa9b50699aad28af029c33,370,,Khelaifiella massiliensis strain Mt13,0.9956,0.9927,False,False,1658110.0,3
0d4a727aa1a6ad2e7284200ae5fbe3ad,374,,Clostridium sp. 39-1_20,0.998,0.9961,False,False,1506.0,1
3faa67bb59d09a9a52decfdd672ebd37,372,,Reyranella sp. strain SCN18_10_11_15_R4_P_68_349,1.0,0.9897,False,False,1929291.0,1
a8c38ea3b5825798b0141007373178aa,372,,Angelakisella sp. strain RACS_027,0.9956,0.9946,False,False,1935177.0,1
e4726f3d57702fff7a622a277f09f348,371,,Caloramator sp. E03,0.9966,0.9927,False,False,2576307.0,1
5e65654a36b93f550852d66910b0bc34,374,,uncultured Monoglobus sp. Lapin-028__bin81,0.9966,0.9941,False,False,2047733.0,1
f30d2084ebd9ba46d4b05f86cf1dfa7b,372,,Clostridioides difficile strain 020688,0.9941,0.9917,False,False,1496.0,1
a6aee8a6cd6ccba649514961ae6730e1,374,,Sphaerochaetaceae bacterium SO_2017_CLC bin 106,1.0,0.9946,False,False,2791017.0,1
be487433602cc1a744160a86bd546e04,374,,Clostridiales bacterium AnMBR.bin276,0.9956,0.9917,False,False,1898207.0,1
aa58fe86d0f5e4b909114de614e7a57e,389,,Synergistaceae bacterium strain SM1-B17.2,0.9971,0.9902,False,False,2053624.0,1
023bd97712c56fd071cfd4e6b41ee9c5,395,,Methanobrevibacter arboriphilus JCM 13429 = DSM 1125 strain DH1,0.9937,0.9834,False,False,1300164.0,2
72c3a9179d9dd5203fbaaceec278c7a9,372,,Christensenellaceae bacterium da5b4d75-ff56-416d-93ad-0d8c7092aa02,0.9976,0.9932,False,False,2054177.0,1
6f740d9776105d08cb826e9c2e6db049,372,,Cohnella sp. LGH,1.0,0.9917,False,False,1619153.0,2
4892ea2277b2d310557dd973dd248977,377,,uncultured Bacillota bacterium MFD05377.bin.2.149,0.9922,0.9897,False,False,344338.0,1
43304902c7de62a1f0749eba6553c3cd,374,,Dehalobacterium formicoaceticum strain DMC,0.9971,0.9932,False,False,51515.0,1
64b0ba388dd3728a36854c2f014b3129,370,,Bacteroidota bacterium MAG145_MWBP,1.0,0.9917,False,False,1898104.0,1
8bbe4e6022a5ec46e3ba035b8b3e5036,374,,Thiohalobacter sp. S144_maxbin2_scaf2bin.217,0.9937,0.9917,False,False,2025948.0,2
102a50cfda4d5e455c29fbee9573d838,374,,uncultured Gammaproteobacteria bacterium MFD00709.bin.2.216,1.0,0.9937,False,False,86473.0,1
05f1e3ae2775e34620e57edf62271d6d,374,,Oscillospiraceae bacterium STCSWMC_86,0.9971,0.9951,False,False,2485925.0,1
d035ec5e6c52ae02c608835230dde4b7,373,,Porcipelethomonas ammoniilytica Sanger_90,1.0,0.9883,False,False,2981722.0,9
6406af9ddc919e08f4d05e707fd141d4,372,,Cypionkella sp. AS_Ams2_Bin34,1.0,0.9937,False,False,2811411.0,1
0125f2eadef50a0a739c1537d792cf24,374,,Chlamydiae bacterium strain BWOrgHeat_Nextera5_MAG1,0.9961,0.9932,False,False,2081524.0,1
62cb0689453660fcfba1346b1152bc84,374,,uncultured Chloroflexia bacterium MFD02840.bin.2.158,0.998,0.9756,False,False,1672391.0,1
ebe91a7d912f432d8726b0cef99d18c3,373,,Lachnospiraceae bacterium bin.784,1.0,0.9951,False,False,1898203.0,4
b4437357383387ed0937aeb891b767d2,374,,uncultured Actinomycetes bacterium MFD02360.bin.3.230,0.9961,0.9927,False,False,152507.0,1
79731579b17268e3805c05662db8b5a6,374,,Shouchella plakortidis DSM 19153,0.9971,0.9951,False,False,444060.0,1
477ebf0ce71e93b505183b46f1d1c310,373,,Parabacteroides distasonis MAG3895,1.0,0.9897,False,False,823.0,4
fe2c23e02d96027ea381e1da7283d3ff,372,,bacterium BD-1,1.0,0.9966,False,False,2870339.0,6
ba48df38cee6b17f2eda82b87095c240,374,,uncultured Anaerolineales bacterium binchicken_co334_27,0.9927,0.9878,False,False,444458.0,1
c4047091d558ea01dc3b6702ba3278c7,370,,uncultured Spirochaetota bacterium MFD02138.bin.2.36,0.9985,0.9932,False,False,460511.0,1
a6a36906813434ce2d18626305b1564a,374,,Legionella quinlivanii strain NCTC12433,0.9951,0.9888,False,False,45073.0,5
a5687ae218d670b18de3577539a459e3,374,,Oligoflexia bacterium MFD09671.bin.1.114,0.9956,0.9873,False,False,2599941.0,1
4afc7e5bf81aaf214149bfaa2ffa5edf,374,,Methylicorpusculum sp. L4S_maxbin.009,1.0,0.9917,False,False,2713644.0,1
0a23a3ed1cbe71a195745b3c5ea25d68,376,,Armatimonadetes bacterium strain Ch33,0.9941,0.9868,False,False,2033014.0,1
66a02ed3c1738629e43ea7ca4005dafa,374,,Christensenellaceae bacterium c6a5e122-909e-4aed-a635-5b19112204bb,0.9951,0.9917,False,False,2054177.0,1
f4a24bc6456b7cb91afeb18832b4c18d,374,,uncultured Gammaproteobacteria bacterium MFD02248.bin.1.53,0.9976,0.9873,False,False,86473.0,1
36bf04a857c2cb66cc9cb9d09ff71ad4,372,,Eoetvoesiella caeni NCAIM B.02512,1.0,0.9951,False,False,645616.0,5
6291d6ddf701717cb4dadaf9fe7f3ad3,374,,Pirellula sp. strain PB1.007,1.0,0.9907,False,False,117.0,2
c7ee36f726ae061be7e613876b497945,374,,Anaerolineales bacterium Spart_018_MAG,0.9941,0.9917,False,False,2073117.0,1
347f05aadc3de2fe5237432c42d041b5,373,,Schaalia sp. JY-X169,1.0,0.9888,False,False,2758572.0,1
8c244456b056b6b07dd3fe3de07754c0,375,,Phycisphaerales bacterium AMR_MDS_5910,0.9946,0.9873,False,False,2052180.0,1
dc8f5ffb4f5fe578b41f078fe854247c,372,,Parvibaculum lavamentivorans mag.12h,0.9995,0.9932,False,False,256618.0,3
b83c05fb785fc037d554a6f40d8e7774,376,,Microthrixaceae bacterium SMAG_U15407,0.9985,0.9917,False,False,2497627.0,1
68bb557729fb17fa6cf8426461cb3d96,372,,Kaistia geumhonensis B1-1,1.0,0.9956,False,False,410839.0,2
1fbebf41466cae9d33a4701c944cb55d,374,,Pirellulaceae bacterium C15_metabat.bin.61,1.0,0.9897,False,False,2699754.0,2
bbb265fb3e7a0752ebf597a8844bfc16,368,,Bacteroidetes bacterium strain FLAVO1,0.9995,0.9917,False,False,1898104.0,4
527d5108a6ce397729d5a554b1bf5e44,374,,Legionella fairfieldensis strain 1725-Aus-E,0.9966,0.9907,False,False,45064.0,1
ed129574cd3b032d712d56b5aae6be05,375,,Naumannella cuiyingiana strain DSM 103164,0.9985,0.9937,False,False,1347891.0,1
5695cd2c25b48c99a4e5f409fc3f94ea,374,,uncultured Clostridia bacterium strain Chicken_8_mag_198,0.9961,0.9917,False,False,244328.0,3
b1cb97aa18b863512ee21e70268186ac,374,,Ruminiclostridium sp. strain MnB_11,0.9961,0.9907,False,False,2053608.0,1
75c43bd66f718ca75507ff5efd6e4ccb,373,,Novosphingobium sp. strain Lyne_18-Q3-R50-59_BATAC.36,1.0,0.9912,False,False,1874826.0,2
cc62bd14054a6830336f48d19ccb7fb7,372,,uncultured Alphaproteobacteria bacterium MFD05674.bin.c.1,1.0,0.9966,False,False,91750.0,1
32987fc28625ec2b81822b0fdaa91275,374,,Bacillota bacterium JPMR_metabat.53_sub,0.9966,0.9922,False,False,1879010.0,1
87aaf6c235f6de90e49dbd7cb8369b3a,375,,Leucobacter soli CCM 9020,0.9995,0.9917,False,False,2812850.0,3
33428c03ea0cb71b8769c049e677faaa,375,,Microbacterium sp. B8U3A,1.0,0.9937,False,False,2735903.0,1
7b28257e7072537ea4bb77e10e2333cc,374,,Christensenellaceae bacterium 05bc9219-6b24-4d20-84ac-82a5367cda17,0.9951,0.9907,False,False,2054177.0,1
2db5ad6c3ba987db0d8d5ff958a3cf38,374,,Gracilibacter sp. BRH_c7a,0.9961,0.9937,False,False,1734398.0,1
111017e6c233fbc47e2298ebf5e9e7b8,373,,Oscillospiraceae bacterium AMR_MDS_1291,0.998,0.9805,False,False,2485925.0,1
52bbb433f19eef3b3b7f88453db7aeb4,370,,Bacteroidetes bacterium 4-aug_S1_004,0.9971,0.9917,False,False,1898104.0,3
ed541c87d5df87ae71fac96b59bc34aa,373,,uncultured archaeon MFD02832.bin.2.96,1.0,0.9888,False,False,115547.0,2
316a647c6d79dda84bd598e67148ca47,372,,Defluviimonas aquaemixtae strain CECT 8626,1.0,0.9941,False,False,1542388.0,1
2cfccf020554e11e7539dd993cba6a0e,374,,uncultured Saccharofermentans sp. 40b656bf-557b-47c0-a32b-4a758792a8e7,0.9985,0.9937,False,False,1434378.0,3
8f1916d21f568321064dd9348e295557,371,,Sinanaerobacter sp. ZZT-01,0.9995,0.9907,False,False,3111540.0,4
87c086aa8d08ea34c86a236167ecfaae,372,,Christensenellales bacterium AnMBR.bin221,0.9976,0.9932,False,False,3083246.0,1
ad044e27597f7c321516675ab284767e,370,,Bacteroidetes bacterium 5-aug_S3_006,0.9995,0.9941,False,False,1898104.0,2
efbf41ef6305f10672073c212c671a34,372,,Christensenellaceae bacterium NSJ-63,0.9956,0.9902,False,False,2763656.0,1
3ce149b2036b09491c253ded0e4d44a0,394,,Klebsiella pneumoniae CPE_E156,0.9888,0.9946,False,False,573.0,1
173a7aab3bd6f1f6811b232f07dc1c3c,377,,Candidatus Nitrotoga arctica 6680,0.9956,0.9956,False,False,453162.0,5
54effa6447b125d0d37ed3907eb568c4,374,,Methanosarcinales archaeon CSMAG_848,0.9907,0.9888,False,False,2250255.0,4
ce7cc0fd0e5319b6271c2a7b5fe54896,369,,Schnuerera sp. xch1,0.9971,0.9941,False,False,2874283.0,6
78a0364df0e0d26085d92c0946f18d33,370,,Petrimonas sp. IBARAKI,0.9976,0.9922,False,False,1978337.0,5
522c7a0c6142aec0c66fafcf71cd5223,372,,Brucella melitensis 19133,0.9863,0.9839,False,False,29459.0,1
1aede2d5c2e052cf33e4fbbc76abf4bb,402,,Methanosarcina mazei WWM610,0.9961,0.9858,False,False,1434117.0,1
3ebc45cb057728ffa06e667125c116fd,389,,Nitratidesulfovibrio sp. 1201_IL3209,0.9985,0.9878,False,False,3084053.0,1
c6e107ed1e85e47112f11877f3145a7a,372,,Eubacteriales bacterium CE91-St47,0.9956,0.9932,False,False,2831996.0,10
abb5010d272a80f960bc66a0fade6593,373,,Bacillota bacterium JPMR_metabat.64_sub,0.9956,0.9927,False,False,1879010.0,2
0f56dcf5f7ef8c3e005a919519bb421c,392,,uncultured Oscillospiraceae bacterium min17_bin48,0.9883,0.9878,False,False,707003.0,1
1eb531d7f3ea89a9ead56eda443560cd,373,,Sphingopyxis granuli A2-E30,0.999,0.9888,False,False,267128.0,6
ab8d396cc48256dc50ec98bcc4419d8b,374,,Symbiobacterium terraclitae strain DSM 27138,0.9966,0.9878,False,False,557451.0,1
ed2d2e8b1f87bc9682f5032af247e55d,390,,Pseudomonas asiatica strain MY680,0.9834,0.9829,False,False,2219225.0,1
1c9743174dcdb5dacbd049ba550f23f8,374,,Bryobacterales bacterium UW2SPNA014,1.0,0.9819,False,False,2026791.0,2
6d6f4c93d09d73073c55fef2decc5e58,375,,Candidatus Dependentiae bacterium strain BWMinHeated_Nextera77_MAG3,0.9976,0.9854,False,False,2030827.0,1
29924e75bce2dffe324f99988900e268,374,,Zooshikella ganghwensis BCCM/LGM 28823,0.9951,0.9932,False,False,202772.0,5
a42258463565d8531ac1fbcbcb5558fd,374,,uncultured Solirubrobacteraceae bacterium MFD05942.bin.1.360,0.9961,0.9927,False,False,1162706.0,3
1c4637de71fcd2eaffb3ce3dfac5900b,374,,Anaerolineales bacterium AnMBR.bin522,0.9976,0.9878,False,False,2073117.0,1
7aaabccf2857ac0f0872b94bd0f656d3,374,,Rhodanobacter terrae CGMCC 1.13587,0.9985,0.9878,False,False,418647.0,1
5c9fb7a940057c1f9f962c0feb1bab79,372,,Clostridium sp. TW13,1.0,0.9946,False,False,1604901.0,1
91f0e5c44114d5c9a43a1eec10154a17,374,,Clostridium pasteurianum DSM 525 = ATCC 6013,0.9995,0.9956,False,False,1262449.0,6
be2e14e36e0980340c6a5106d0ebf887,372,,Rhodopseudomonas sp. 1M015,1.0,0.9961,False,False,1078.0,8
41c2b1997c23cb128c7a5fe3586fe2cd,375,,Propioniciclava sinopodophylli 2B3-6.fasta,0.999,0.9917,False,False,1837344.0,1
63127b43a7584c83207f3213ebd51a60,372,,Pusillimonas sp. M17,1.0,0.9941,False,False,2962065.0,5
dce9d93a9449b78d7b3f809249923607,375,,Actinomycetota bacterium POMEDNA-B17,0.9985,0.9902,False,False,2900548.0,3
5ef9c96b68ed0d81bec10c4b79e562a8,375,,Williamsia sp. 1135 strain 1135,1.0,0.9922,False,False,1889262.0,7
419a137f2ad50bcbc7cd2b296d34e524,374,,uncultured Planctomycetota bacterium MFD04944.bin.2.70,0.9985,0.9912,False,False,120965.0,1
1be3827e47b5c470292d2d3200f1aa5e,374,,Pirellulales bacterium MFD06714.bin.2.12,0.9961,0.9897,False,False,2715253.0,1
260f47af70cb0a395a7ad53f17bdced2,372,,Planctomycetes bacterium ETA_A8,0.9966,0.9888,False,False,2528021.0,1
b2378dc0ed02b4859dec7c88db7efeb0,375,,Isosphaeraceae bacterium AS-MESO-OLR.172,0.9966,0.9824,False,False,2691532.0,1
23f3e8af4976b7963035af445f28e69e,374,,uncultured Clostridia bacterium N1_Bin_Bin_25_1,0.9912,0.9902,False,False,244328.0,1
377137e62970b518f66505eab179329e,377,,Acidimicrobiia bacterium AS_Ams2_Bin3,0.999,0.9902,False,False,2080302.0,2
52b604057878bf8752f3a1b04785376f,374,,uncultured Clostridia bacterium SRR1560866_bin.4_metawrap_v1.3_MAG,0.9966,0.9922,False,False,244328.0,1
e1a9800482df461df81429b3b8f859a1,371,,uncultured Mogibacterium sp. SRR17738086_bin.11_MetaWRAP_v1.3_MAG,1.0,0.9927,False,False,278065.0,20
86648abd0094f1568a386360dcba7034,373,,Gammaproteobacteria bacterium 5_bin.8,0.9893,0.9829,False,False,1913989.0,1
bfe46a9864ec737a588e92892776a12d,374,,Christensenellales bacterium AnMBR.bin339,0.998,0.9858,False,False,3083246.0,1
2dbf2a077fcce4d00fd8aa9472955ceb,374,,Bryobacterales bacterium UW2SPNA014,0.9985,0.981,False,False,2026791.0,2
d892477defe0f9cdd8909406acda6427,374,,uncultured Clostridia bacterium ERR912117_bin.56_CONCOCT_v1.1_MAG,0.9971,0.9927,False,False,244328.0,1
117d3b82912eec34fc2dd0e5e32afe1f,374,,Candidatus Darwinibacter acetoxidans M4B_bin34,0.998,0.9951,False,False,3082383.0,1
9d4a17911618ba9db170b62ca50ac4a3,374,,uncultured Chloroflexia bacterium MFD03899.bin.2.122,0.9932,0.9863,False,False,1672391.0,1
252b9818794303733b72bc44553b4fe9,374,,uncultured Chlamydiae bacterium MFD00082.bin.1.18,0.9956,0.9902,False,False,305355.0,1
88d9d7a5f4454e47ced69c6c7391068b,378,,Methanospirillum lacunae Ki8-1,0.9971,0.9932,False,False,668570.0,1
4e54424feaf302b38dacbb7da4c883dd,374,,Anaerocolumna sp. AGMB13025,0.998,0.9956,False,False,3039116.0,6
3cf1742119ed5fa9647b23f85b3f9af1,373,,Ruminococcus sp. 39-2_54,1.0,0.9961,False,False,41978.0,84
9816db47f2611a30597851d70a0e62fd,374,,uncultured Planctomycetaceae bacterium MFD04716.bin.3.258,0.999,0.9888,False,False,100233.0,2
9c96f5d8a39fc651dd1265522f6dab70,374,,Christensenellales bacterium AnMBR.bin514,0.9956,0.9893,False,False,3083246.0,1
eb8cd45ae934604fba18984990c55691,370,,Pseudomonadota bacterium USDE_maxbin.096_sub,0.999,0.9878,False,False,1977087.0,1
56db17221a9724cad62ae9a36c453a81,374,,uncultured Leptolinea sp. binchicken_co27_72,0.998,0.9873,False,False,904068.0,1
0ca4dd10576aed42007187bfd0cb11c5,374,,uncultured Gammaproteobacteria bacterium MFD04434.bin.1.124,0.9941,0.9888,False,False,86473.0,1
f70e093acf38a2d3d8f0e88980b0293d,374,,uncultured Saccharofermentans sp. 40b656bf-557b-47c0-a32b-4a758792a8e7,0.9985,0.9941,False,False,1434378.0,3
49196b1aebe801d08aeafc3c6ee37b63,372,,Clostridium sp. SYSU GA15002T,0.998,0.9941,False,False,1716543.0,2
9f113facb493f17c8499fb47ff434602,377,,Candidatus Bathyarchaeota archaeon MFD00709.bin.2.110,0.999,0.9844,False,False,2026714.0,1
227b3993622857f90f1b3be1adaf17cd,375,,uncultured Propionibacteriaceae bacterium binchicken_co26_127,0.9985,0.9927,False,False,257457.0,1
398b644c70b3a3b47d64e696f8b639fc,378,,uncultured Methanoregulaceae archaeon MFD02979.bin.2.99,1.0,0.9893,False,False,1392423.0,2
074479d786da002e8256e36bc49904fa,372,,uncultured Actinomycetes bacterium MFD05176.bin.2.99,0.9966,0.9956,False,False,152507.0,1
4d14fe12857973bd0d0470a41c6e1a5a,373,,Negativicutes bacterium 83deffcd-e23c-43a8-b56c-eeb2f7c44ec8,0.999,0.9902,False,False,2499140.0,1
a3cb77034e3171f38574be30d580d64e,372,,Frigidibacter albus strain CGMCC 1.13995,0.998,0.9912,False,False,1465486.0,3
a743ded8ab3e004a1671552ecbb9bb5b,372,,Defluviitalea saccharophila LIND6LT2,0.998,0.9893,False,False,879970.0,1
248422358abb94560c1fc2271904e71f,374,,uncultured Gammaproteobacteria bacterium MFD03250.bin.1.66,0.9971,0.9912,False,False,86473.0,1
d565cc730adacf032359b0bbd5840ed3,372,,Defluviitalea saccharophila LIND6LT2,1.0,0.9888,False,False,879970.0,1
115fd3d829ca9fb45630f07981cbcb73,373,,Veillonellaceae bacterium strain AS27yjCOA_2,0.999,0.9917,False,False,2049049.0,1
c5aceb1c0837567d8fd6258bde60c07e,374,,Acidobacteriota bacterium USST_maxbin.036,1.0,0.9868,False,False,1978231.0,1
8f41bea56ea28ecfb10b1e83a77ff160,372,,Clostridium sp. 39-1_04,1.0,0.9966,False,False,1506.0,3
8933321e7dbdf47e55a1ec83a6517e09,372,,Reyranella aquatilis strain KCTC 52223,1.0,0.9937,False,False,2035356.0,5
089e886fa6644f9380d46e458a8bf9d6,371,,Bacteroidota bacterium JPAS_maxbin.122_sub,0.9985,0.9902,False,False,1898104.0,1
1533932a1509abc329353a9d98d3f519,373,,uncultured Alphaproteobacteria bacterium MFD05684.bin.1.407,0.998,0.9897,False,False,91750.0,5
6290092a789cefe170b21f8c022a1fda,370,,Treponemataceae bacterium binned_ad_5.144,1.0,0.9922,False,False,2854022.0,2
49e3be6db5eee89cd85b7d6f4210ec90,374,,Desulforhabdus sp. TSK,0.9995,0.9888,False,False,2925014.0,2
400fe0a1f19db5477c9e37d1f2efcef3,373,,Brevibacillus brevis strain DSM 30,1.0,0.9897,False,False,1393.0,90
6904ffb97cd865af71cbb684f9892107,374,,Phycisphaerae bacterium e6993cc0-709b-411a-8bd5-6f5b4bf9d55c,0.9966,0.9917,False,False,2026778.0,1
ea45bee86d1ee90365290e8bef727fe5,372,,Candidatus Darwinibacter acetoxidans M4B_bin13,0.9971,0.9878,False,False,3082383.0,2
7e03bedb15626308fa00007db009033d,370,,Pusillimonas sp. YR330,0.9956,0.9946,False,False,2135726.0,2
54cf58358cfa82b7dc7956916adbaf7e,374,,Christensenellaceae bacterium strain SQ_MAG_4,0.9971,0.9941,False,False,2054177.0,1
f1ebffdf71f712f477b8ede6c75a5a98,374,,Methanosarcina barkeri 3,0.9888,0.9829,False,False,1434107.0,1
d2a7242dccc3b9a6c09d989ebfef37f4,374,,[Clostridium] thermosuccinogenes strain DSM 5809,0.999,0.9927,False,False,84032.0,4
463921baaa4efa55a2dd33663c3a3e27,372,,Christensenellaceae bacterium 44-20,1.0,0.9917,False,False,3142730.0,2
7fbd5f19cf8b2e17f4d6d1f22ab7e0b1,392,,Gracilibacter sp. BRH_c7a,0.998,0.9937,False,False,1734398.0,1
2d02d87d9664de00db717632b5c42e33,373,,Klebsiella quasipneumoniae ACES114S01-1,0.9985,0.9951,False,False,1463165.0,2
41378c0d1422c99fe376b37f5e1eb290,370,,Vibrionimonas magnilacihabitans strain DSM 22423,1.0,0.9927,False,False,669455.0,2
f88d55ac7259c9d81abe40671215dec1,372,,Comamonadaceae bacterium YIM 73032,0.9995,0.9946,False,False,2259674.0,1
95206144e9cf2e4c6cab894ca5ae5ea3,374,,Sphingobium yanoikuyae A-TP,0.9956,0.9907,False,False,13690.0,1
67af1e3d286ea7689f1babcf658e31e5,371,,Caloramator mitchellensis strain VF08,0.9961,0.9927,False,False,908809.0,1
ac9f1e4b2c16d2889fff6d797650d869,372,,Firmicutes bacterium OH_SBrB_79,0.9951,0.9897,False,False,1879010.0,1
ab6115f8667efbf773336f71d2ab8f62,378,,Methanobacterium sp. IBPM_KMB_004,0.9966,0.9873,False,False,2164.0,1
e8a175a7e2f98b4c540ba8c39c2e16dc,373,,Eubacteriales bacterium mix99,0.9941,0.9922,False,False,3039678.0,3
f5f66763f2f22b0c3e7c6196abf30135,374,,Firmicutes bacterium OH_CDB_78,1.0,0.9946,False,False,1879010.0,1
2a259a83523139e7d1a7dbd894e2ae4d,374,,Christensenellaceae bacterium 20c35e01-8a7f-49ef-9147-7de253b6e4f4,0.9985,0.9922,False,False,2054177.0,1
742bfc36f3a40d87bc080ab54fdf0b05,374,,Christensenellaceae bacterium ebc0edfe-de01-4de5-b550-b82b2926f268,0.9976,0.9897,False,False,2054177.0,1
eae2b2f16935541e065a7e45ce95ff17,374,,Chloroflexota bacterium JPNG_maxbin.044,0.999,0.9849,False,False,2026724.0,1
7a777474146ffbe89e17716b8660dcfb,373,,Pseudomonas fluvialis XM1_ASGE2bin.20,1.0,0.9937,False,False,1793966.0,4
689ea6538e35d0bf0beff8b8ef7ae765,375,,Gordonia paraffinivorans strain F11-ML1822/201,0.9995,0.9932,False,False,175628.0,14
7a40f4cd070ab0fbebfa8749c02f9a24,372,,uncultured beta proteobacterium MFD00905.bin.1.253,1.0,0.9888,False,False,86027.0,4
5088bc096c191a333932a605b066096f,373,,Thermoactinomyces vulgaris strain 2H,1.0,0.9922,False,False,2026.0,15
6b34b89a4a40e33a8f93fef4209c4a96,373,,Sandaracinobacter sp. PAMC 28131,0.998,0.9902,False,False,1715348.0,1
084437b858d3fa8724b6da08a434b92f,372,,Synergistaceae bacterium AnMBR.bin304,0.9985,0.9888,False,False,2053624.0,1
38fdea0374be9c2a3549ac2be7678d6d,374,,Anaerolineae bacterium SMAG_U14156,0.9956,0.9932,False,False,2052143.0,1
410e95b05efd63867444aa0a2458b97c,373,,Pirellula sp. ME2001-09-10pf_3300042914_group1_bin1,1.0,0.9883,False,False,117.0,7
c21569e136028113fff8cb7f4f825cd4,372,,Mycobacterium tuberculosis strain OMICS/BPL/0040/19/SP,0.9971,0.9951,False,False,1773.0,2
a9639627b1b6650686b3f6a401ed7fb0,374,,Clostridiales bacterium AnMBR.bin276,0.9961,0.9932,False,False,1898207.0,1
00c193a1d13306dc0a3fa7b7b19327a9,375,,uncultured Alphaproteobacteria bacterium MFD01188.bin.2.57,0.9961,0.9888,False,False,91750.0,1
0092fa9cfbb787e7d34b4a3417ab24e3,374,,Bdellovibrio sp. HCB209,0.9976,0.9897,False,False,3394354.0,1
1a2aa45c0c2bca3b49679b7f3f4f465d,370,,Bacteroidaceae bacterium binned_ad_7.87,0.9995,0.9927,False,False,2212467.0,3
3e2d1a7be6fbbcbc12428a01c86b7b8b,375,,Fimbriimonadaceae bacterium strain SSF21,1.0,0.9902,False,False,2682144.0,1
a873a33b303c266754138e274bcb835f,373,,Planifilum fimeticola strain DSM 44946,0.9985,0.9849,False,False,201975.0,1
70deeba9f4974d134dbc64d97bd2fff7,370,,Anaerolineae bacterium AnMBR.bin294,0.9966,0.9849,False,False,2052143.0,1
414b68c54905f4ec8ee50d51e536ff97,374,,Caldicoprobacter algeriensis TH7C1,0.9951,0.9907,False,False,699281.0,2
52ac87abfa970ee890f4bfb7ce0f1337,368,,Acutalibacteraceae bacterium T1900044631_TS20190097.MAGScoT_cleanbin_000009,0.998,0.9941,False,False,3077420.0,1
0c141cc6426851c4478ff79ed68247f5,375,,Actinomycetia bacterium OH_SBlB_58,0.9995,0.9927,False,False,1883427.0,1
e9bddfa0fc6471131e3412f81bdc6b6d,375,,Actinomycetaceae bacterium AnMBR.bin270,1.0,0.9927,False,False,1898202.0,2
6bb8346dab9a3a0256b22ca23f399e86,373,,Escherichia coli MAG9147,0.9961,0.9927,False,False,562.0,1
e35f22c3fc20c83f43ae3892a6f974b2,365,,Rickettsiales bacterium ME2015-08-16_3300047121_group6_bin72,0.9912,0.9858,False,False,2026788.0,1
5d8d4162e9b3958c6bc4b820eac278dc,374,,Armatimonadota bacterium SMAG_U10729,0.9946,0.9736,False,False,2033014.0,1
ce11bce162fe02427116266824ce6892,374,,Clostridium intestinale strain Lx1,0.9961,0.9927,False,False,36845.0,6
1cc1768ef69206b14a737c7b1e93c3d3,374,,Anaerobacterium chartisolvens strain DSM 27016,0.9985,0.9932,False,False,1297424.0,1
547b0919a99ed883fc7e366881d70e30,375,,Kocuria salsicia NPDC020473,1.0,0.9932,False,False,664639.0,6
5e959d819d617ba5c3bb460168df485d,374,,uncultured Halothermothrix sp. SRR5007349_bin.152_CONCOCT_v1.1_MAG,0.9966,0.9912,False,False,543059.0,1
a611b2b6d7de59716037c121e8b87dab,374,,Clostridia bacterium PG1894_196,0.9971,0.9912,False,False,2044939.0,1
ca01d9551d2460af70778e62f280ab8a,371,,Mogibacterium timidum strain W9173,0.998,0.9951,False,False,35519.0,1
7a7bc8160be971cd4073affbe56358c7,373,,Oscillospiraceae bacterium 29-1_88,0.9961,0.9907,False,False,2485925.0,1
a038f6f43c43cea3001e6db131286ab7,372,,Rhodobacter vinaykumarii strain DSM 18714,0.999,0.9941,False,False,407234.0,2
090b23760e2b4c99732ad0ce04fa8ac2,374,,uncultured Chloroflexia bacterium MFD09368.bin.2.46,0.9966,0.9771,False,False,1672391.0,2
e469b851eb487386da166f1f8b20a40f,374,,Dehalococcoidia bacterium strain BS5B11,0.9985,0.9941,False,False,2026734.0,1
3f8e2d5b849dc28defc6406bd5304ffc,374,,Candidatus Hydrogenedentes bacterium binned_ad_9.133,1.0,0.9922,False,False,2030809.0,2
ae815c4df4c6f21bff23c4999800dfeb,371,,uncultured Bacteroidales bacterium MFD00032.bin.2.42,0.9976,0.9893,False,False,194843.0,1
6175323e639f0195d56844920014159a,374,,uncultured Chloroflexia bacterium MFD02840.bin.2.2,0.9971,0.9878,False,False,1672391.0,1
06e148ad8b35489ea97e51ef733e9550,370,,Macellibacteroides fermentans ZNE14_Bin9,1.0,0.9961,False,False,879969.0,6
bcf2fe85a3275fa10a9f66d32e565fa4,374,,Dehalococcoidia bacterium strain BS5B11,0.9956,0.9932,False,False,2026734.0,1
cd2e5cd5a48d09ea23594e5f99ad27ae,374,,uncultured Clostridia bacterium MFD08669.bin.2.65,0.9951,0.9888,False,False,244328.0,1
78123af13d385db4ee6a9342283a042b,374,,Deltaproteobacteria bacterium USDV_maxbin.030,0.999,0.9927,False,False,2026735.0,1
a216822e223bbb6baf68503a21bc5d0a,375,,uncultured bacterium MFD00032.bin.2.68,0.9966,0.9941,False,False,77133.0,1
5f9e31928bbbb226bcdc275a060efc44,374,,Bacillota bacterium JPMR_metabat.53_sub,0.9951,0.9897,False,False,1879010.0,1
ff0fc9ae659d05bff51228eb12dc2291,374,,Armatimonadota bacterium AnMBR.bin211,0.9966,0.9893,False,False,2033014.0,1
577b654e3e1b48fbee0cbfa7a210cbfa,372,,Afipia massiliensis strain DSM 17498,1.0,0.9966,False,False,211460.0,2
870ed496f1d2c0a854ad1f59b3df7224,374,,Christensenellales bacterium AnMBR.bin220,0.9971,0.9907,False,False,3083246.0,1
d93e8e8eb65bc1de981f3ef962af0956,395,,Zoogloea sp. strain Vibo_18-Q3-R45-57_MAXAC.072,0.9844,0.9873,False,False,49181.0,1
51177a17fe0a032b15ab14a0e9135569,372,,Alphaproteobacteria bacterium samp_4355_concoct_325,0.9976,0.9873,False,False,1913988.0,1
84fa9606a58e97506922f09083e7087a,370,,Dysgonamonadaceae bacterium WD_3_bin.38,1.0,0.9902,False,False,2065189.0,13
a5c52feec93b3b84b1295044997eec5e,375,,Isosphaeraceae bacterium EP7,0.9966,0.9868,False,False,3139350.0,3
39cac4a36166865b44a1420c2bd4569a,374,,Methanosarcina mazei strain SV3-B16.1,0.9966,0.9907,False,False,2209.0,1
b61c32f858381149fccfdf2f413f8f5b,372,,Noviherbaspirillum sp. L7-7A,0.999,0.9951,False,False,2850560.0,1
b75416c48f46e93a9e3622080cde9b06,372,,uncultured Planctomycetaceae bacterium MFD02840.bin.1.420,0.9941,0.9897,False,False,100233.0,1
346f4cf3bc35393efe4260b2f0b1966d,374,,Verrucomicrobium spinosum DSM 4136 = JCM 18804,0.9966,0.9863,False,False,240016.0,2
2750b310e92cd153994e7af71d6851e0,370,,Bacteroidia bacterium AMR_MDS_1039,1.0,0.9902,False,False,2044936.0,6
022ced45e53557d101111cdb41f49f4e,372,,uncultured Ignavibacteria bacterium SRR5214706_bin.14_CONCOCT_v1.1_MAG,1.0,0.9917,False,False,1645732.0,1
f39790ad4b1a813000323022eb1e9567,374,,Gammaproteobacteria bacterium O_S4.1_bin.7,0.9976,0.9912,False,False,1913989.0,1
3e0420c192ee113f95af0dafffa3c3d7,370,,Anaerobiospirillum sp. NML120449,0.9902,0.9888,False,False,2932817.0,6
5c92a1870d7469268123d143f0a95910,372,,Bacillota bacterium AnMBR.bin312,1.0,0.9868,False,False,1879010.0,1
f8cdd28c7e5f4328a9275dc52a6f0920,374,,Candidatus Saccharibacteria bacterium strain INTA.CYC.018,0.9966,0.9912,False,False,2026720.0,1
592ba0f920b7fbd354e218aaf08930ab,375,,uncultured Actinomycetota bacterium SRP098346_co1_226,0.9976,0.9922,False,False,3039803.0,1
5ceabb76ec2975d9498f124fe62a81e6,373,,Firmicutes bacterium strain Cu122P5bin9,0.9951,0.9932,False,False,1879010.0,1
92fb114641e27921122496428e2ef0dd,375,,Mycobacterium tuberculosis BC08-Mtb139,1.0,0.9956,False,False,1773.0,276
9b7c1f4112c3dcad4bcd9ac9caa5caf8,391,,Staphylococcus equorum Pa2-17,0.9956,0.9946,False,False,246432.0,1
bf10b39238d339bb1e6a6d6749c9b046,370,,Petrimonas sp. IBARAKI,0.9927,0.9893,False,False,1978337.0,5
5168bf777455dc70f1c34ec41bad296e,372,,[Pseudomonas] carboxydohydrogena JCM 12568,0.999,0.9966,False,False,290.0,3
b2b0ccf79dad51a2141c691d0bc6f942,373,,Neglectibacter timonensis MAG12854,0.9976,0.9917,False,False,1776382.0,1
ae66759ccf678b4ae827b1af4a54ac9d,373,,Dehalobacter sp. DCM,0.9971,0.9868,False,False,2907827.0,4
71a34966c95ea58d9a56666883f441dc,389,,Bacteroides thetaiotaomicron strain VPI-5482,0.9956,0.9956,False,False,818.0,1
24ed4714d5b19f89c5dd402b506efa21,373,,Methanosarcina barkeri 3,0.9897,0.9844,False,False,1434107.0,1
e1dfc1945a6b78a701192ebd002e974c,389,,Romboutsia sp. 13368,0.9966,0.9922,False,False,2708053.0,1
56f41554384fc19d9ef0161b6f0e6791,373,,Methanobacteriaceae archaeon strain WOFA01,0.9868,0.9805,False,False,2099680.0,1
b8819fef35b3fd387f12387e884e6ae5,375,,Methanobrevibacter arboriphilus A2,0.9907,0.9863,False,False,39441.0,3
e351ff2570360ae0b6c68b9b864b0870,389,,Candidatus Cloacimonetes bacterium strain M1-B19,0.9951,0.9922,False,False,2030808.0,3
46220d9e9e76e37d38ea38554c453179,373,,Muricomes sp. OA1,0.998,0.9941,False,False,2914165.0,10
734ceaf61779c85297c95adf8ddc6ad3,373,,Intestinimonas butyriciproducens 1001302st2_G10_1001302B_160321,0.9985,0.9941,False,False,1297617.0,39
0ea9d87b8a7848918b64da425e91999a,374,,Clostridia bacterium strain INTA.CYC.057,0.9995,0.9893,False,False,2044939.0,1
349da55900cd296d52fd154bfb27343b,374,,Methanobacterium sp. OMB003,0.9902,0.9829,False,False,2164.0,1
271bd4b9da94143ce8501f14bb3f6ab4,372,,Christensenellaceae bacterium da5b4d75-ff56-416d-93ad-0d8c7092aa02,0.998,0.9937,False,False,2054177.0,1
5613f4a6a9df36d05e0e24570423fed1,390,,Dorea longicatena C008_35,0.9922,0.9966,False,False,88431.0,101
4b802f02d58290e6ec0ab509d13074b6,375,,Methanobrevibacter arboriphilus A2,0.9917,0.9883,False,False,39441.0,3
20d1b4770481360a89bb379b281db93a,370,,Proteiniphilum sp. X52,0.9937,0.9907,False,False,2382159.0,1
824e4de27fdfadaea64e6f954c1448c6,370,,Treponemataceae bacterium binned_ad_9.59,1.0,0.9888,False,False,2854022.0,1
0ca6969eac50942ccc0687eb855a0d79,374,,Hydrogenispora ethanolica strain LX-B,0.9951,0.9917,False,False,1082276.0,1
f91fb95263a6d30aad8042fa60f3d62e,357,,Patescibacteria group bacterium CTOTU11719,0.9922,0.9902,False,False,2052139.0,1
a3e5fd03d92b987205cf4bf9b1678aa4,372,,Pseudorhodoplanes sp. strain Bin_75R,0.9995,0.9956,False,False,1934341.0,1
caea068037af31671eecefe94eca01ca,372,,Proteobacteria bacterium OH_PFB_191,0.9976,0.9937,False,False,1977087.0,1
3d7b139f39141ba112868fcf7236158e,373,,Streptococcus ferus strain NCTC12278,1.0,0.9927,False,False,1345.0,3
9a326ae5ed3864dcaaf79bc7b1c0a8e7,373,,Firmicutes bacterium strain Bu02,0.9961,0.9849,False,False,1879010.0,1
32ae6575d9d3e427dc9f898f16f33087,373,,Mycobacterium tuberculosis ERR036191,0.9995,0.9927,False,False,1773.0,6
7377692c0967c99c56f749e092acb30a,374,,uncultured Thermoleophilia bacterium MFD04492.bin.1.102,0.998,0.9922,False,False,1497501.0,1
48a7ab8e593ebe5f41034be027c6be7e,374,,Syntrophomonadaceae bacterium AnMBR.bin200,0.998,0.9946,False,False,2093811.0,3
c91a769593898d20a017b58093f62ea8,374,,Ruminococcaceae bacterium strain SIG563,0.9961,0.9937,False,False,2485925.0,1
4ef65f8d7f7fe58651a459fc49390ba8,373,,Sphingomonas sp. C3-2,1.0,0.9941,False,False,3062169.0,1
ebd4d8e08540f7586c3a30987c6ef7b0,370,,Flavobacteriales bacterium ME2004-08-06_3300043437_group2_bin178,0.9995,0.9922,False,False,2021391.0,5
d2a551b8b71579fa1fd9e5d22100b8ee,372,,Pyrinomonadaceae bacterium MAG148,0.9961,0.9902,False,False,2283092.0,1
38907b8ef0546ef8dd587afd52a16f9c,374,,Candidatus Omnitrophica bacterium USCA_maxbin.089,1.0,0.9907,False,False,2035772.0,1
24ea1e1bbe347ab284f3ddbee118d9db,374,,uncultured Solirubrobacterales bacterium MFD10097.bin.1.37,0.999,0.9932,False,False,768556.0,1
db0c288182530edd5066c0881c9665c7,375,,uncultured Kocuria sp. 2-558A.fasta,1.0,0.9941,False,False,259305.0,33
cc6afef9ee630eedd003d07f22d62140,373,,uncultured Lachnospiraceae bacterium MGBC121923,0.9946,0.9893,False,False,297314.0,1
3e06f2d2b9d0ba13808adb5c1dd498de,374,,uncultured Parachlamydiaceae bacterium MFD09206.bin.1.237,0.9956,0.9917,False,False,464461.0,1
961f6d44b23ea979c84941c71bf7da7c,373,,Rhodovastum sp. RN2-1,0.998,0.9893,False,False,2991712.0,2
3be7e939ae2116634ae31372ce9f460d,374,,Chlamydiales bacterium BSEPT1 488b1680-3485-4b59-b0c6-665df4973624,0.9961,0.9922,False,False,3097555.0,1
8913bd6e6eb2b354098d2f01d9b65391,370,,Synergistaceae bacterium bin97,0.9995,0.9917,False,False,2053624.0,1
52c544d6ecca1fc0e2adc52b33f7a35b,372,,uncultured Alphaproteobacteria bacterium MFD09779.bin.2.162,1.0,0.9902,False,False,91750.0,1
3a1e48f3d9f9c151cd121f1d5d2f3261,374,,Eubacteriales bacterium mix99,0.9976,0.9937,False,False,3039678.0,3
f7f87d90b1d55c8ef8d7ea8f99e72018,391,,Clostridioides difficile strain 20705,0.9907,0.9897,False,False,1496.0,1
fe5ba29df5b7470530baf59c3368072e,373,,Clostridia bacterium contig_22474.circular,1.0,0.9868,False,False,2044939.0,4
744dbcf4af334c630605fa9000c112ce,374,,Streptosporangium sp. 'caverna',1.0,0.9927,False,False,2202249.0,71
57e13b307e96897f55540c6759029343,374,,uncultured bacterium LOGT_bin.0213,0.999,0.9902,False,False,77133.0,1
2bb677211b22ba770fffa14899f1b01f,374,,Thermoguttaceae bacterium AnMBR.bin328,0.9995,0.9888,False,False,2691551.0,1
f128d6b0c4c7f8c41b4969168eaea276,375,,uncultured Planctomycetota bacterium MFD01721.bin.2.133,0.9932,0.9819,False,False,120965.0,1
a5c80d4415d8b64a85a2b498d22ad570,375,,Tsukamurella pulmonis strain NCTC13230,1.0,0.9927,False,False,47312.0,25
58d6ed632edb304a2a033c46c7a62d0a,374,,uncultured Victivallales bacterium SRP093185_co1_15,0.998,0.9946,False,False,278093.0,1
639ec09a97e00f6cd8d780f549ca17af,373,,uncultured Gammaproteobacteria bacterium MFD01633.bin.2.38,0.9951,0.9868,False,False,86473.0,1
9cc5b63b74154fc7bcdf7e8796e5d2de,374,,uncultured Chloroflexia bacterium MFD04716.bin.2.181,0.9976,0.9902,False,False,1672391.0,1
ad6ed76aeca8371d3d439eb14c33610c,365,,uncultured Bacteroides sp. MGBC105500,0.9961,0.9927,False,False,162156.0,3
8bf2d32646e2f8940a7204828fdeb654,374,,uncultured Planococcaceae bacterium MFD07841.bin.2.61,1.0,0.9956,False,False,349279.0,1
82f3d62aabc8caf816ec2120e9c14bb5,373,,Patescibacteria group bacterium CTOTU18743,1.0,0.9854,False,False,2052139.0,11
721bd76a3ab9dec41984c4ec32be845a,374,,Pseudomonadota bacterium VAR_61_metabat_364,0.9985,0.9932,False,False,1977087.0,1
d628016102970528d40c260b4400c593,374,,Anaerolineae bacterium AMR_MDS_2234,1.0,0.9883,False,False,2052143.0,1
c01cd527066a9018d69ede5801841298,375,,Paludisphaera soli JC670,0.9971,0.9854,False,False,,2
d8f2eba07489316f7c8a27d0e18fed13,391,,Uliginosibacterium sp. H1,0.9976,0.9941,False,False,3114757.0,1
e8ebb25bac25954fb7adbde26e956cb6,374,,Mycobacterium tuberculosis strain BC12-Mtb186,1.0,0.9937,False,False,1773.0,4
748512e38095cce946336f055623773b,375,,Cellulomonas sp. NS3,0.999,0.9932,False,False,2973977.0,33
935d8a963dc7baf559b479ba9f5a82b3,372,,Hydrogenophaga pseudoflava CZa25-1,0.9985,0.9941,False,False,47421.0,6
520d89ef4ce2ba808eed3e2d9a310649,374,,Chloroflexi bacterium SJ820,0.998,0.9829,False,False,2026724.0,3
17b1f04511323cb27b539f309522bf6c,374,,Thermogutta sp. strain AS27yjCOA_190,0.999,0.9878,False,False,1962930.0,1
2bef39c50999d97de887d34b376fbd38,374,,uncultured Gammaproteobacteria bacterium MFD04434.bin.1.124,0.9966,0.9883,False,False,86473.0,1
450292bf5b89b2f473bab4a6233d8682,378,,Methanobacteriaceae archaeon CTOTU19800,0.9985,0.9883,False,False,2099680.0,4
d4967db74f90dc58ab34ae78957b3f4c,373,,Sulfurovaceae bacterium Spart_153_MAG,0.9922,0.9873,False,False,2771475.0,2
7d1bda054163467e1cf195ab330ba64f,374,,uncultured bacterium SRR6231193_bin.57_CONCOCT_v1.1_MAG,0.9966,0.9937,False,False,77133.0,1
67df1ba56f33792e8b9f614d5c2ccec0,374,,Bacillota bacterium JPNG_maxbin.056_sub,0.998,0.9946,False,False,1879010.0,1
d7fb1f4207f140fa88ee72eda98f8f29,372,,Xanthobacter autotrophicus 7C SF,1.0,0.9956,False,False,280.0,12
9dbf6f8ac7171f579caa23498080e7ea,374,,Zhaonella formicivorans k32,0.9966,0.9902,False,False,2528593.0,1
288e6faee45091ff103a59abecc43dbc,374,,Pirellulaceae bacterium AMR_MDS_5483,0.9985,0.9858,False,False,2699754.0,1
5f516ea92e902ab41bec75b07a1d28a5,373,,Planctomycetales bacterium STL-PLA47,0.9961,0.9897,False,False,2053591.0,1
8ac5f54f27077cc06871ba150e3e8ba6,374,,Lutispora thermophila DSM 19022,0.9971,0.9922,False,False,1122184.0,1
d3e8baf1f74d6d4d579c3a2b0cadc7bf,372,,Bacillota bacterium JPMR_metabat.40_sub,0.998,0.9912,False,False,1879010.0,1
858b85aa56bbce1359f8be897360a774,369,,Clostridium aceticum strain DSM 1496,0.998,0.9922,False,False,84022.0,1
68dfbdb03b4114b1baec62194a541225,374,,Christensenellaceae bacterium 71fbd196-4d72-4d9d-b023-dc0a1f92e7b0,0.9966,0.9946,False,False,2054177.0,1
7fc9d702ba352d52e7931c790a577f39,372,,Proteobacteria bacterium B38T1B8,0.9995,0.9956,False,False,1977087.0,2
345f44227d68af279027ac77b412b579,374,,uncultured Clostridiaceae bacterium MFD08669.bin.2.17,0.998,0.9941,False,False,195049.0,1
326978fa13d506c8782d0075f5613b59,373,,Evtepia gabavorous 17-1_61,0.9951,0.9888,False,False,2211183.0,10
81385a8925798c49b489c89d07813225,374,,Gracilibacter sp. BRH_c7a,0.9966,0.9956,False,False,1734398.0,1
f8c8cdc38f175e31f80c5dfa248268a3,388,,uncultured Bacteroides sp. MGYG-HGUT-03363,0.999,0.9951,False,False,162156.0,2
f67d93be029c2787875047487bb04e94,373,,Paenibacillus tarimensis bc-1,0.9961,0.9937,False,False,416012.0,1
86ea29b42288be56c5aadc5b0f322728,373,,Candidatus Scatomorpha stercorigallinarum metabat2_6755_HET_CTRL_hicanu.336 MAG,0.9961,0.9893,False,False,2840931.0,2
6e868cfa7b0e75b04f31fbeedfc29c64,374,,Spirochaetaceae bacterium 4-aug_S1_010,0.999,0.9907,False,False,1898206.0,2
047ab7f37ccc35c6144cc1896bc32a69,390,,Citrobacter freundii CPO20160035,0.9976,0.9946,False,False,546.0,7
719f0e4282225d16eaa96f28f01d76ba,391,,Bacteroides uniformis T0_METABAT__242,0.9824,0.9868,False,False,820.0,1
0484af5151bcaaad02766e19dd985537,372,,Christensenellaceae bacterium da5b4d75-ff56-416d-93ad-0d8c7092aa02,0.998,0.9937,False,False,2054177.0,1
74733b3a404e0fd05016159ab938bbc7,388,,Lentimicrobium saccharophilum strain TBC1,0.998,0.9932,False,False,1678841.0,1
f93a48c1620894d23f4ad77d07df3c0d,373,,uncultured Staphylococcus sp. SRR16280110_bin.62_MetaWRAP_v1.3_MAG,0.9941,0.9888,False,False,189668.0,1
7874e26358588d579568c866df84e136,373,,Methanobrevibacter arboriphilus JCM 13429 = DSM 1125 strain DH1,0.9927,0.9844,False,False,1300164.0,2
2abe61a0cef4e3df8717de8e17bd2f88,374,,Mesotoga sp. AnMBR.bin190,0.9946,0.9868,False,False,2053577.0,7
f160f53c13a357273642507af54b4941,374,,Candidatus Saccharibacteria bacterium strain INTA.CYC.018,0.9966,0.9912,False,False,2026720.0,1
32327bc1b2d1a223d9a447241f2cfb82,368,,Verrucomicrobiota bacterium JPAS_maxbin.026,1.0,0.9849,False,False,2026799.0,1
3b57ddd9849252e883213b71bb3c2f17,373,,Micavibrio sp. RYN_474,0.9961,0.9937,False,False,2024841.0,1
eda24e48b8b611eab82f254d58d1148d,374,,Acetivibrio straminisolvens FC2,0.9985,0.9937,False,False,253314.0,3
e0f5ac0f18cc28b90be53aa781a75e97,375,,uncultured Candidatus Saccharibacteria bacterium SRP133034_co1_63,0.998,0.9897,False,False,179883.0,1
6d04a8df8207e9542e849378a1bcf43c,370,,Eubacteriales bacterium STF1_200,0.9976,0.9927,False,False,2831996.0,1
92392a51132c9a52e6656c5819c880c1,373,,uncultured Gammaproteobacteria bacterium MFD00905.bin.3.260,0.9995,0.9907,False,False,86473.0,1
53303fb50c16833ed95f7bd85950456e,374,,Candidatus Cloacimonadota bacterium USMO_maxbin.063_sub,1.0,0.9917,False,False,2030808.0,1
bbbec58ac7c2e7c7ce1734a34aec1ae8,373,,[Ruminococcus] lactaris 20-2_61,0.9951,0.9922,False,False,46228.0,1
ea4691b2289c15a1b9cb1a8fd5e77902,374,,Granulicella sp. UBA5172,0.9995,0.9951,False,False,1946581.0,1
57df148d69af94192dae9ab2a045e1c2,374,,Gemmatimonadaceae bacterium maxbin.174_sub,0.9966,0.9878,False,False,2026741.0,1
e357713de529ed95dc5d315656f58df9,374,,Herbinix luporum strain SD1D,0.999,0.9966,False,False,1679721.0,2
cfccd37229affa4484527db6a12d9caf,374,,Dehalococcoidales bacterium BF4_59,0.9976,0.9937,False,False,2026733.0,1
ddd4b60fc546f62f90bcf9ae38f1a723,370,,Bacteroidota bacterium USSF_maxbin.052,1.0,0.9932,False,False,1898104.0,1
01fa3a0ebc9793d48821043d2713ecfc,374,,uncultured Clostridia bacterium REFINED_METABAT215_TOP10_CONTIGS_1500_ASSEMBLY_K 77_MERGED__Hadza_PheChl_Fiber-Hadza-Nepal_A_2_1112.510,0.999,0.9941,False,False,244328.0,1
fd52abdc1862787fdca2f0d9cab6999e,374,,uncultured Halothermothrix sp. SRR5007349_bin.152_CONCOCT_v1.1_MAG,0.9971,0.9907,False,False,543059.0,1
d60b398e30dc4e3177e2b814c81ee53a,372,,Paracoccus lutimaris strain CECT 8525,0.999,0.9937,False,False,1490030.0,2
9b8c56ae8c1dad880d0a61a56b70076d,374,,Nigerium massiliense strain MGYG-HGUT-01484,0.9966,0.9917,False,False,1522317.0,1
50d25efdb17b59f3ba7b1ad0c5db8989,374,,Anaerolineae bacterium RSWS13,0.9927,0.9854,False,False,2052143.0,1
23504ce886d58d2a61607ff263c8d494,373,,uncultured Gammaproteobacteria bacterium MFD09779.bin.1.71,0.9932,0.9907,False,False,86473.0,1
14f013032d3d55ac24bde620c2d8f945,370,,Ferruginibacter sp. ME2002-08-14_3300042565_group1_bin35,0.9995,0.9927,False,False,1940288.0,1
964a2b2f2580973e2dc2039796a8eb37,373,,uncultured Oscillospiraceae bacterium MGYG-HGUT-04159,0.9966,0.9951,False,False,707003.0,1
89078346e4907efe681d45f299ac15a4,372,,uncultured Gammaproteobacteria bacterium MFD00032.bin.3.53,0.9976,0.9878,False,False,86473.0,1
0b898d4961772ab53a086c8154bac568,374,,uncultured bacterium MFD00082.bin.c.6,0.9951,0.9873,False,False,77133.0,1
9a842084688427ba067307eb8662eecd,369,,uncultured Candidatus Amoebophilus sp. SRR3901706_bin.87_CONCOCT_v1.1_MAG,0.9995,0.9922,False,False,670722.0,3
25f78b5ec41e8410f4a0ad889aad6433,374,,Chlamydiae bacterium strain BWOrgHeat_Nextera10_MAG1,0.9971,0.9946,False,False,2081524.0,1
34f74c82bbd5954315b8ed382098d1c8,374,,uncultured delta proteobacterium MFD03899.bin.1.233,0.9966,0.9912,False,False,34034.0,3
6f7d070bd4cfaa09a69bba0e1d046a44,366,,Eubacteriales bacterium AnMBR.bin293,0.999,0.9946,False,False,2831996.0,1
a5e4214d6e45488b57daf5cc70b89f40,374,,Proteobacteria bacterium OH_SDB_69,1.0,0.9951,False,False,1977087.0,1
c601bfcd6b08e128ae6dfdcdb48400ed,374,,Thermanaerosceptrum fracticalcis DRI-13,0.998,0.9946,False,False,1712410.0,1
c7710bd03585ff9fb13a73ad718dd629,374,,uncultured Chloroflexia bacterium MFD09964.bin.2.12,0.9961,0.9888,False,False,1672391.0,2
d014102205e1a5fa0830e8f27b93270f,393,,Paenibacillus sp. DR312,0.9917,0.9927,False,False,2871175.0,6
4494286141014de25140c094cc5626ec,373,,Roseicella sp. GB24,0.999,0.9888,False,False,2883479.0,5
08dcb60f335137ed59ea5006a3ca7d20,370,,uncultured Spirochaetota bacterium MFD02138.bin.2.36,0.9971,0.9941,False,False,460511.0,1
e3b6d7ad6ee740d0b7d343c2c2ce53a0,375,,Rubrobacter sp. SMAG_U1661,0.9995,0.9888,False,False,2036010.0,1
25077ffdd305e287a33697d70d484327,374,,Caldilineaceae bacterium A3_maxbin2_scaf2bin.154,0.9912,0.9878,False,False,2614250.0,2
dac9df4edca47d4aefa5e8b6eb75543a,371,,Aminobacteriaceae bacterium SO_2017_LW2_88,1.0,0.9922,False,False,3034609.0,2
f89c5ae84b1033d896333c5ae7acb309,374,,Bacillota bacterium R2Jan2020-bin.14,0.9946,0.9932,False,False,1879010.0,1
02304f5597c8b1982e18acf4d3756043,372,,Alphaproteobacteria bacterium SD3109_NP_metabta_bins_sspec.tsv.099,0.9927,0.9902,False,False,1913988.0,1
9c7db0d5022a938bf5ea950826d34437,374,,uncultured Verrucomicrobiae bacterium MFD05580.bin.1.24,0.9956,0.9912,False,False,412056.0,1
accdbd296b05fdc99bac47d0e4349aa9,373,,Gammaproteobacteria bacterium BC1.219,0.999,0.9917,False,False,1913989.0,1
52be19846e0f0c7f419cde01b6e10585,370,,Ferruginibacter sp. strain ACE_BAC16,1.0,0.9932,False,False,1940288.0,1
3d69ca950aaaf9f351e4139369d78236,373,,Calditerricola satsumensis JCM 14719,1.0,0.9868,False,False,1294024.0,2
dc6c7b33d252a7891fd83a442747c837,370,,uncultured Chitinophagaceae bacterium MFD05684.bin.3.333,0.9961,0.9917,False,False,866510.0,1
599d7cf9f263b0f86ad741ce6f9f7619,372,,Rhizobiaceae bacterium strain RHIZO,1.0,0.9956,False,False,1913961.0,2
d3abbc3a1ab2ef83f8acf34b86409689,366,,Planctomycetota bacterium Seed_maxbin.055,1.0,0.9912,False,False,2026780.0,1
e8895eca419d323d988e5bdcf681d140,374,,uncultured Chloroflexia bacterium MFD01275.bin.2.131,0.9985,0.9917,False,False,1672391.0,1
3e3764ae6674e989f040377aa61069b5,378,,Methanolinea sp. binned_ad_9.15,1.0,0.9888,False,False,2268143.0,1
d4478251439a62fedcc7f87519fdd32a,374,,Gammaproteobacteria bacterium OFTM242,0.9956,0.9893,False,False,1913989.0,1
66cca1bc3b202fdae68d02d5f859b53f,373,,uncultured Sporobacter sp. 345903d0-cd28-47e6-9f6f-9f74e2cead0e,0.9961,0.9932,False,False,867686.0,3
c6c062c6e4918cff367f7b7327090845,374,,Methylococcales bacterium C15_maxbin.099_sub,0.998,0.9893,False,False,2304002.0,1
522ab1474c600e24c4f7e20404fa648c,372,,Geminicoccus sp. CPCC 101083,1.0,0.9868,False,False,2498453.0,6
d00d97e1374e175183b294e067ec1cfb,374,,Eubacteriales bacterium mix99,0.9976,0.9946,False,False,3039678.0,3
dfb17fab2e208979590db3600ba675d7,374,,Gemmatales bacterium 5N134,0.9985,0.9858,False,False,2838789.0,1
1ed95763454163d1938e3d2d3c082d23,374,,Myxococcales bacterium strain EsbW_18-Q3-R4-48_BATAC.438,0.998,0.9917,False,False,2026763.0,1
a8aafb51e2d0f2e6d62cf2c4393df334,374,,Gammaproteobacteria bacterium strain SCN18_25_1_16_R3_B_39_37,0.9912,0.9868,False,False,1913989.0,1
f9ceb4443de3c6d51433fa57c3ade975,396,,Candidatus Cloacimonadota bacterium CSMAG_498,0.9961,0.9946,False,False,2030808.0,1
a8a9d607d1fd5c585c10030c8d307947,373,,uncultured Pseudomonadota bacterium MFD09603.bin.1.288,0.9941,0.9863,False,False,153809.0,1
aaa707342b1a12423de93e29ef0fb102,369,,Serpentinicella alkaliphila strain 3B,0.9985,0.9922,False,False,1734049.0,2
b4ba6792b3fa30ceb7375dc41eb1d65c,375,,Candidatus Saccharimonas sp. ST_AS_maxbin.027,0.999,0.9907,False,False,1917697.0,1
a8a559b16166ead544ccc5288860baca,375,,uncultured Chloroflexia bacterium MFD10007.bin.2.56,0.9888,0.9844,False,False,1672391.0,1
0da3781f136fe864a45b19c6fdc57fde,378,,Methanobacterium sp. UBA355,0.9985,0.9897,False,False,1915447.0,1
bfeb406eac391881a6599911d4643acb,390,,Massilibacterium senegalense strain MGYG-HGUT-01511,0.9976,0.9907,False,False,1632858.0,2
840e058fa20744d5348c023c25e7d232,391,,Klebsiella pneumoniae FFDD-992,0.9985,0.9946,False,False,573.0,4909
fdb23bfb8d8778f86c99123e0af844a6,374,,Christensenellaceae bacterium c84a42d1-d9c9-443e-85ff-73520b584de8,0.9985,0.9937,False,False,2054177.0,1
8e5082651856dbc9ff0f821a8b2132fb,391,,Candidatus Freyarchaeota archaeon D4994_C39_H2_Bin_3_clean,0.9834,0.9878,False,False,2830916.0,1
6b36d4249fe3062e9e2509943c80399e,371,,Caloramator mitchellensis strain VF08,0.9966,0.9922,False,False,908809.0,1
b7e687b746695f305710ce46786a7573,373,,uncultured Muribaculaceae bacterium MGBC130554,0.9985,0.9893,False,False,2301481.0,1
f0edde70fa1e568fe1079e75617d91cc,394,,Delftia acidovorans 0afac539-b27c-4848-ae0d-0b9b55eef0d5,0.998,0.9956,False,False,80866.0,12
3664c2bdf0ea7bd1531c39f54145a116,374,,Ruminiclostridium sp. MA18,0.998,0.9937,False,False,2488810.0,2
146831035f6d594ce9fc023d9cea9bf2,373,,uncultured Sporobacter sp. 345903d0-cd28-47e6-9f6f-9f74e2cead0e,0.9966,0.9941,False,False,867686.0,3
67455bdb5a0d6592c786f133e9b834a1,370,,Bacteroidota bacterium D-96_MAG_24,0.9985,0.9917,False,False,1898104.0,10
04749d839f517a8461ff731c4a0a4b60,388,,Firmicutes bacterium strain SL1-B8,0.9966,0.9907,False,False,1879010.0,1
9eb4774910ed8d676248e0040ca10a83,373,,Oscillospiraceae bacterium CE91-St41,0.9961,0.9897,False,False,2485925.0,2
efef0fd59127f1abb17a8e0847606057,377,,Fermentimonas sp. STC_109,0.9956,0.9941,False,False,2023870.0,1
1c4d0577b5aae60dfa88bb9fa2dc36d6,377,,Mesotoga infera strain MESINF1,0.9907,0.9844,False,False,1236046.0,11
a0376c2f2588fc343f6a4ed744cc771f,390,,Burkholderia ubonensis strain MSMB2006WGS,0.998,0.9937,False,False,101571.0,362
fbc7e405b4d16da23a87995ad9f0c945,370,,Burkholderia multivorans 2015Y70736253,0.9937,0.9893,False,False,87883.0,1
565ebeeb62bec205e9a34b25e0a728dd,374,,Desulfitobacterium sp. CA_182,0.9995,0.9927,False,False,49981.0,1
261f84006c5eb28858f3f27bbaadc045,372,,Hydrogenophaga sp. SO_2017_LW2_128,0.9995,0.9922,False,False,1904254.0,1
1bb528201a9ce27b647d4d0f9c6d01fb,373,,Rubeoparvulum massiliense strain mt6,0.999,0.9893,False,False,1631346.0,2
89ba93ab1401425c88076a1e5fc3361a,372,,Methanobacterium ferruginis NBRC 105197,0.9927,0.9902,False,False,710191.0,2
7fc591cc291deb4581f5afce7ac913a3,378,,Methanobacterium flexile JCM 15416,0.9971,0.9917,False,False,490098.0,8
cefe4ae946de41fe87fc0040bdea335e,368,,Tenericutes bacterium ADurb.BinA124,1.0,0.9951,False,False,1852921.0,1
d4bbada602eb08d4609fe2fca3160d40,374,,uncultured Pirellulaceae bacterium binchicken_co273_199,1.0,0.9902,False,False,2706754.0,1
1f09f246b167ceaa862b68be6e9f3442,370,,Vallitalea sp. S15,0.9941,0.9912,False,False,2078660.0,1
c259cda388580d886e6cbb43a1272e68,372,,Planctomycetaceae bacterium STL-PLA46,1.0,0.9912,False,False,2026779.0,1
adf5bb1e5c1f167d69175bf8a8e04fb3,378,,Methanobrevibacter sp. OttesenSCG-928-K11,0.9971,0.9912,False,False,2930984.0,2
d564201f83026fda70407d0f859d04bd,372,,uncultured Planctomycetia bacterium MFD05747.bin.2.36,0.9946,0.9912,False,False,411917.0,1
26bcb031ea5e9e32c511c17dd4ce8c44,374,,uncultured Chloroflexia bacterium MFD02979.bin.3.21,0.999,0.9917,False,False,1672391.0,1
cea48cb9e85cce1a4c9d90bff8f6ded5,375,,Terrimicrobiaceae bacterium SMAG_U95,0.9995,0.9858,False,False,2832348.0,2
3d002319a68cb81e39764750ce844423,370,,Sphingobacteriaceae bacterium SMAG_U10432,0.999,0.9951,False,False,2021370.0,1
c4867d600b0a9097a72003891fa4b874,376,,uncultured Actinomycetes bacterium MFD09730.bin.2.192,1.0,0.9868,False,False,152507.0,2
55d6f196845f6c46a8c04acebb14b7b9,374,,uncultured Chloroflexia bacterium MFD00392.bin.2.278,0.9985,0.9946,False,False,1672391.0,1
2c2a5e52f212bdc4fe6cfe32717f2a01,375,,Skermania piniformis NBRC 15059,1.0,0.9932,False,False,1223536.0,3
5e1fc58ad48ef339ba354f5166b6a82f,374,,Clostridium sporogenes DSM 46279,0.9961,0.9927,False,False,1509.0,6
97f1dfd76250227f4fa9736d1ec5d108,374,,Clostridiales bacterium SK-Y3,0.9946,0.9912,False,False,1792311.0,1
609d275502076a9f8c77313c88d5cabd,374,,Candidatus Paceibacterota bacterium UR_AS_maxbin.219,0.9956,0.9907,False,False,2053589.0,1
77da7e24d4e417e8a4fd692db80d26e1,374,,Anaerolineales bacterium Chloro_03,0.9946,0.9873,False,False,1674892.0,1
8dd05d46c0b97113078aba2427454051,374,,uncultured Chloroflexia bacterium MFD09730.bin.2.106,0.9976,0.9907,False,False,1672391.0,1
0c383d815fd10fc34608bc3c3415bd28,373,,Lachnospiraceae bacterium D1181bin4,1.0,0.9946,False,False,1898203.0,5
a6fbc7a35cdc513c4aae607786ee2a51,370,,Desulfovibrionales bacterium La3_concoct.111,0.9883,0.9858,False,False,2448050.0,1
549656e5dca3b5e4918c59545d94e8b0,374,,Armatimonadota bacterium be0b92b7-bbec-405b-9e81-a5dbe9f1ff7a,0.9966,0.9946,False,False,2033014.0,1
b083efba34da97dfc1a6fa6864721978,374,,Bacillota bacterium bin10.1,0.9966,0.9941,False,False,1879010.0,2
6c69b67bc429532ce3461ea6f3dc7c82,374,,Roseimaritima sp. JC640,0.9956,0.9878,False,False,2770505.0,2
170083f87321cde2efee1b7332711ec9,374,,Proteobacteria bacterium DeMMO6_80,0.9922,0.9858,False,False,1977087.0,6
461e1d892b167a7eef900fa723462f09,374,,Oscillospiraceae bacterium LBM23126,0.9932,0.9902,False,False,3381350.0,1
c50549bb796bf96acbaec9906668844d,374,,Christensenellales bacterium AnMBR.bin536,0.9976,0.9922,False,False,3083246.0,2
4f6902842e157d5e737fa919e5d89f4a,374,,Legionella sp. TUM19329,0.998,0.9893,False,False,2708020.0,1
edb2c105974cb9358cbb2a34fb4b93d8,373,,Paenibacillus sp. FSL K6-0276,1.0,0.9932,False,False,2921450.0,2
f6b24a6816c87c1642b0b3ef07bfee78,374,,Dehalococcoidales bacterium BF4_59,0.998,0.9941,False,False,2026733.0,1
80017052479e0a7748dc385488c63536,374,,uncultured Actinomycetes bacterium MFD09267.bin.2.281,1.0,0.9883,False,False,152507.0,1
f02dc9c964b8985575a3f2838bf1fbd8,374,,Candidatus Hydrogenedentes bacterium strain CSSed162cmB_64,0.999,0.9897,False,False,2030809.0,1
6ba0ef08127bd8337916b772638d3744,374,,uncultured Methylomirabilota bacterium MFD10007.bin.2.16,0.9927,0.9873,False,False,991135.0,1
c24ddb60bb99f2f3faf3f86c7141b3dc,375,,Clostridiaceae bacterium strain MGYG-HGUT-00073,0.9897,0.9878,False,False,1898204.0,6
3c2d4903b3df0132b4a1d9a9b20ea45d,372,,Mesorhizobium sp. strain ACE_PRO30,1.0,0.9956,False,False,1871066.0,1
78d38ebcda61982cfb9d7fccb6a94cf2,374,,Anaerolineae bacterium clx_SAG17,0.9966,0.9912,False,False,2705085.0,1
e52c394d6102398b155928cf3ef9ee98,374,,Eubacteriales bacterium mix99,0.9976,0.9946,False,False,3039678.0,3
4a116f83e81e1519640492c5bf55a3bf,374,,uncultured Spartobacteria bacterium strain Loc080925-8m_bin-142,0.9941,0.9844,False,False,333969.0,3
7095c313e9e1c5136c8dfaf1ccf4e5d5,374,,Dehalococcoidia bacterium Spart_025_MAG,0.9917,0.9868,False,False,2026734.0,1
d4b8f75d0e42420455e41ded33426aae,374,,Gemmatimonas sp. ME2017-07-14_3300042517_group7_bin115,0.9956,0.9824,False,False,1962908.0,1
5e05ab394eb8af522fe62a10d8c28445,372,,Aneurinibacillus sp. B1,1.0,0.9863,False,False,2966586.0,3
df718da3c7d5615d6f30a415de90fea7,371,,Caloramator mitchellensis strain VF08,0.9951,0.9922,False,False,908809.0,1
c883771c490f92035a893a246adf9767,373,,uncultured Chloroflexia bacterium MFD01721.bin.1.56,0.9941,0.9873,False,False,1672391.0,1
8cc2a5a7c712bb71836060897190bb02,374,,uncultured Clostridia bacterium ERR589771_bin.64_CONCOCT_v1.1_MAG,0.9976,0.9932,False,False,244328.0,1
513be4a37b7f822529b6bc15793afd03,370,,uncultured Chitinophagaceae bacterium MFD05442.bin.2.243,0.999,0.9937,False,False,866510.0,1
bab56c548143c05f1bd021822bf7aa19,374,,Parabacteroides sp. RA_AS_maxbin.228_sub,0.9985,0.9956,False,False,1869337.0,1
36174f3312e421ca66a80a5ec1813a92,370,,Candidatus Kapabacteria bacterium NRBC_bin_5,0.9946,0.9912,False,False,2447898.0,1
cfdff1e1afc0bb96435226f40e8031fa,374,,Thermanaerosceptrum fracticalcis DRI-13,0.9985,0.9951,False,False,1712410.0,1
fd570e30645c57d049c83863880fd312,377,,Methanomassiliicoccales archaeon AnMBR.bin245,1.0,0.9902,False,False,1906667.0,2
38e01c452b469921cbeedecef774390c,373,,metagenome,0.9985,0.9941,False,False,256318.0,1
5eea14d9885768eafe3cd046a6e975a7,372,,Fictibacillus sp. 26RED30,1.0,0.9941,False,False,2745877.0,39
d2fd495f50fd9ee1bb779066a74086d7,376,,uncultured Pseudomonadales bacterium binchicken_co190_107,1.0,0.9912,False,False,332614.0,1
2fc4dfc7b010149d63567c2ee818550a,374,,Hahella sp. KA22,0.9956,0.9941,False,False,1628392.0,7
f961e1550d2126dce30199dd80a47c66,374,,Protochlamydia naegleriophila strain KNic,0.9956,0.9897,False,False,389348.0,1
b488a23a21137febe962e32b948e87a9,374,,Candidatus Falkowbacteria bacterium CG10_big_fil_rev_8_21_14_0_10_37_18,0.9902,0.9868,False,False,1974562.0,1
172049e46605909f99651e4d0efb8578,374,,Firmicutes bacterium AM55-24TS,1.0,0.9912,False,False,2292896.0,29
714fee5937db0a72ffa76f655649cd60,374,,Pirellulales bacterium MFD02840.bin.2.287,0.9961,0.9927,False,False,2715253.0,1
1f003e944f4c451188139f78a4dbead3,370,,Tenuifilaceae bacterium 6_bin.168,1.0,0.9868,False,False,2952975.0,3
7598baa4df34dca336e545f5477e2bdd,373,,Sphingomonas sp. DS-9,0.9976,0.9917,False,False,2862544.0,9
373d9c7b19e02b42024ac7d4b55dd1a8,372,,Clostridium sp. MB40-C1,0.9976,0.9902,False,False,3070996.0,4
4d4be4592350230ffffb8321fc1688fa,377,,Candidatus Bathyarchaeota archaeon MFD00032.bin.1.38,1.0,0.9907,False,False,2026714.0,1
a07f3b457d225ac97e915f62126f9051,373,,Paenibacillus sp. FSL H8-0259,0.9966,0.9932,False,False,1920423.0,1
f036998f7c6ae9f7b01b50adfca811a3,374,,uncultured Clostridia bacterium strain c1,0.9966,0.9868,False,False,244328.0,1
94826025b9642351b6818715fb42c3a5,370,,Spirochaetales bacterium strain UFZ-4H14,1.0,0.9941,False,False,2026792.0,15
88a9a64b37ae0a1b25e1f700e445ab77,374,,Actinomycetia bacterium strain SMBSF58,0.9956,0.9922,False,False,1883427.0,2
4f4dc6bfd6d1b43335fe96fd6eb3e297,372,,Clostridium sp. TW1,1.0,0.9941,False,False,1604897.0,2
b9ca0e9ca6ba197607c2653e75d15261,374,,Thermoclostridium caenicola strain DSM 19027,0.9976,0.9917,False,False,659425.0,1
9f320ec9d312f6f94fd8e600383871e2,372,,uncultured Alphaproteobacteria bacterium MFD09779.bin.1.281,0.999,0.9946,False,False,91750.0,1
126253aad6ce532558563354e8c229f3,374,,uncultured delta proteobacterium MFD05942.bin.3.656,0.9917,0.9878,False,False,34034.0,1
737ec3fec82dbe6919a55d6f88890343,393,,Hyphomicrobiales bacterium Ske_MAG2,0.9941,0.9888,False,False,1909294.0,1
b369899a050f5bdde428c77540050c80,375,,uncultured Actinomycetota bacterium MFD01213.bin.c.4,0.9985,0.9917,False,False,3039803.0,1
1f19176efd7a39631a702b95a9d4b247,374,,Beutenbergiaceae bacterium SMAG_U10490,0.9956,0.9902,False,False,3012325.0,1
b7e9487c90de08851f8c120abc9ac7f8,373,,Steroidobacteraceae bacterium TGS_PRO49,1.0,0.9932,False,False,2689616.0,2
8eb15ec6f1ac1ddc6a0ded81065b9e3d,372,,Alphaproteobacteria bacterium TGS_PRO7,0.9961,0.9902,False,False,1913988.0,2
7c1cbe86390c16afdf54fac5ab2ba556,375,,Paludisphaera mucosa Pla2,0.9961,0.9819,False,False,3030827.0,3
717060b0d8c767aa2b031af9d99619dc,372,,Pseudolabrys sp. TGS_PRO23,1.0,0.9946,False,False,1960880.0,1
b0c56ead300fe6c57f4fc02a1a2f03bd,373,,Ammoniphilus resinae strain DSM 24738,0.999,0.9902,False,False,861532.0,1
317bf3e8560b9ad24f7cb75c8fe0cd3e,373,,Sphingomonas naphthae KACC 18716,0.998,0.9922,False,False,1813468.0,1
8adc12dac7b8b4b0e4408ebdf6aab780,375,,Candidatus Saccharibacteria bacterium ST_AS_metabat.109_sub,0.9985,0.9922,False,False,2026720.0,1
4a861d22b54efb0cebe9bfc1f9e23cc0,374,,Anaerolineae bacterium P_ANAE,0.9922,0.9863,False,False,2052143.0,1
8027ffc215349056379fe132f318a66a,373,,uncultured Alphaproteobacteria bacterium MFD05442.bin.2.187,0.9985,0.9893,False,False,91750.0,1
e52eb9b81be103823dae2b735dafea6f,366,,Clostridium tetani KHSU-154306-013,0.9932,0.9922,False,False,1513.0,1
8b024b5e9fd085be8d302e0fe7eb1da6,374,,Simkaniaceae bacterium strain M30B1,0.9927,0.9873,False,False,2698248.0,1
881da22458f61f28835d910bf930238d,373,,Holophagaceae bacterium HTM.8,1.0,0.9937,False,False,2052165.0,1
5991e2c541e0896df6ced29abbf2edf2,374,,Symbiobacterium terraclitae strain DSM 27138,0.9961,0.9878,False,False,557451.0,1
353d319546f0e234f4b2e8d876cfc7e0,372,,[Eubacterium] siraeum 47-1_27,0.9937,0.9893,False,False,39492.0,1
68df70d4bee099629f704201f7295b5d,384,,uncultured Acetobacterium sp. a0d58640-2bdf-407d-bedf-8d20b14cd168,0.999,0.9961,False,False,217139.0,18
87f7d4bd46de8532433f5041d4803e7d,370,,Succinatimonas hippei strain W1P18.007,0.9917,0.9907,False,False,626938.0,1
816049bb0d04d104e9bc79d797b7b2e9,387,,Petrimonas sp. IBARAKI,0.999,0.9937,False,False,1978337.0,5
8c503383f3a708faedc6cb319b223b42,375,,[Eubacterium] siraeum MAG9064,0.9937,0.9893,False,False,39492.0,1
e01570517d009e1f5e5443a9dd58a231,372,,Clostridium cavendishii DSM 21758,1.0,0.9937,False,False,1121302.0,1
aa61e61d77b1c5238145c9b2cabdb9d5,391,,Actinobacteria bacterium strain MAG113,0.9814,0.9854,False,False,2900548.0,3
999c957beee975a83be3857c1d8051a5,391,,Candidatus Cloacimonetes bacterium strain M1-B19,0.9966,0.9907,False,False,2030808.0,3
01d2438fd05e3e4b8f94143439665583,374,,Bacillota bacterium bin10.1,0.9966,0.9946,False,False,1879010.0,2
b4551c091eadcf47d15aad6921457f76,371,,Spirochaetia bacterium strain R1-B13.2,0.9961,0.9922,False,False,2053615.0,1
aee6434397d2afe4adc1c9d2ba8927a4,392,,Alistipes finegoldii hylon_METABAT__121,0.9863,0.9932,False,False,214856.0,1
295de38d6dd13acd267eae051374671f,370,,Desulfovibrio sulfodismutans strain DSM 3696,0.9922,0.9902,False,False,63561.0,2
d301ae11d7d28ed99b28fdee9ef67ac4,374,,Candidatus Cloacimonadota bacterium USMO_maxbin.063_sub,0.999,0.9937,False,False,2030808.0,2
ba6bc4c3f11394ddeb20d0be26876b26,389,,Candidatus Cloacimonetes bacterium strain M1-B19,0.9946,0.9922,False,False,2030808.0,3
24dce07cef9924ddcdee5af002e38965,371,,Synergistales bacterium Syner_01,0.998,0.9902,False,False,1674906.0,1
3ef2460d695211c4896d90e1bc11e539,373,,Lachnospiraceae bacterium bin.692,0.998,0.9956,False,False,1898203.0,3
9bf10f3b741246f685489a40f205774c,374,,Christensenellaceae bacterium ebc0edfe-de01-4de5-b550-b82b2926f268,0.9971,0.9912,False,False,2054177.0,1
242a3a783392eec5c227518358c4dc88,371,,Cupidesulfovibrio sp. SRB-5,0.9976,0.9897,False,False,2872636.0,10
601d70854057d4d8e94070f73350d797,369,,bacterium 5-aug_S3_029,0.9951,0.9912,False,False,1869227.0,1
c33784637b3fe1149b91229edd94eecf,369,,Tissierella sp. MB52-C2,0.9985,0.9941,False,False,3070999.0,4
68961d428c4c1a26c72ee58ffe940b99,373,,Oscillospiraceae bacterium LBM23126,0.9971,0.9932,False,False,3381350.0,1
106b9b90b16f77c680832d100dc4e515,387,,Helicobacter ganmani MGBC105162,0.9941,0.9937,False,False,60246.0,1
fe53e16940fd4ac540adc0d7c5d73841,374,,Enterococcus faecium SRCM210527,1.0,0.9951,False,False,1352.0,3
25f1616a67bfdd13341e589345005a90,390,,Selenomonadales bacterium D180_metabat.21_sub,0.9883,0.9883,False,False,2137878.0,1
9d76317ec82da5850a197cc90ae5ac7b,374,,Christensenellaceae bacterium 01a02c0c-5802-4c47-8e2d-6646ecf7da28,0.998,0.9927,False,False,2054177.0,1
7a7f26619f42855a102fab4f1d7b8753,374,,Oligoflexia bacterium strain T7-022_bin-565,0.9966,0.9922,False,False,2599941.0,1
6ccc148642fc55d9ec07d0d348c37148,372,,uncultured candidate division WWE3 bacterium SRR6007446_bin.103_CONCOCT_v1.1_MAG,0.9946,0.9927,False,False,422285.0,1
abe0e2740f8459c2e33550945597567d,371,,Caloramator sp. Dgby_cultured_2,0.9927,0.9878,False,False,3029174.0,7
c54b395391b209a66c6f285b4c84bb60,374,,Christensenellales bacterium AnMBR.bin514,0.9985,0.9897,False,False,3083246.0,1
391d30262cc3dea9747cbbc8eddf9f07,374,,Bryobacterales bacterium UW2SPNA014,0.9995,0.9814,False,False,2026791.0,2
e55e48fe52d8325396d7b7a722adba80,372,,Lascolabacillus massiliensis strain SIT8,0.9946,0.9927,False,False,1627894.0,5
f8eaa371a95b49c4c6842bbec4b4da5f,374,,uncultured Victivallales bacterium SRP093185_co1_15,0.9985,0.9946,False,False,278093.0,1
817de57245c782e0e938fdb195cd7aa1,391,,uncultured Alistipes sp. MGBC108937,0.9829,0.9868,False,False,538949.0,1
b0cbbaf7dfd53222b68c29b70d780bdd,374,,Desulfuromonas sp. AOP6,0.998,0.9902,False,False,1566351.0,1
ee983542287b2fabba9e4ee88472a44a,389,,Bacteroidetes bacterium UR.bin218,0.9951,0.9961,False,False,1898104.0,1
0c3fbf81fa504f4fc2603e504474a1bf,374,,Christensenellaceae bacterium c6a5e122-909e-4aed-a635-5b19112204bb,0.998,0.9927,False,False,2054177.0,1
71f4b4a0a56c9a9b81c740f6e3a18596,391,,Candidatus Cloacimonetes bacterium strain LM3-B9.1,0.9966,0.9917,False,False,2030808.0,1
af4077b83626bed3fca2dfbdf7cb9f90,371,,Proteiniborus sp. MB09-C3,0.998,0.9937,False,False,3050072.0,5
d27b2ff4d26d2899600e9921c2e925f6,373,,Mycobacterium tuberculosis ERR161086,0.9971,0.9927,False,False,1773.0,2
b6c977dae72cf22622b55696045e6b0f,373,,Methanobacterium sp. MBAC-LM,0.9941,0.9863,False,False,3412034.0,1
8ceb27fb1241cb4a8c0e2673011e1f03,371,,Synergistaceae bacterium strain SM1-B17.2,0.9976,0.9912,False,False,2053624.0,1
5aedbe3e251e0d4e14e560c494c760fc,377,,Bellilinea caldifistulae strain GOMI-1,0.9956,0.9863,False,False,360411.0,3
8393196bb25f89533e3f8d0e9ab270e4,370,,Petrimonas sp. IBARAKI,0.998,0.9937,False,False,1978337.0,5
d5445352081b35d7e9b4eb100449a4b8,372,,Mesotoga sp. SC_NapDC,0.9932,0.9917,False,False,1499972.0,1
e98db0b2dd9e9c33ddf733f57c1ec866,377,,Bacillota bacterium binned_ad_7.134,0.9897,0.9878,False,False,1879010.0,1
5c47bc05a863e9774f4c18b376dcea96,374,,Lutispora thermophila DSM 19022,0.9946,0.9927,False,False,1122184.0,1
e0aa5d72484a7001d9f3237d5e0afdbe,373,,Methanobrevibacter sp. CTOTU7683,0.9912,0.9868,False,False,66852.0,1
b6659ef305819aabacf82fa333d503b6,366,,uncultured Bacteroidetes bacterium ERR864073_bin.76_CONCOCT_v1.1_MAG,0.9937,0.9937,False,False,152509.0,1
d580dfb68684d8bcb4505d85be36a809,374,,Syntrophomonadaceae bacterium AnMBR.bin200,0.999,0.9941,False,False,2093811.0,3
50420826a4434507209193c117f54130,375,,Candidatus Nomurabacteria bacterium HK-STAS-PATE-38,0.9995,0.9927,False,False,2052152.0,5
82fc6e36dd2370048db2e2b7f02fd189,374,,Dethiobacter alkaliphilus Z1002,0.998,0.9922,False,False,427926.0,1
bc7d170b9edc9c345a358fc773c260e7,372,,Bacteroidota bacterium JPAS_maxbin.122_sub,1.0,0.9907,False,False,1898104.0,1
2b21fc8c9a472bcf2441c9c063baaf0a,374,,Chloroflexota bacterium JPNA_maxbin.135_sub,0.9985,0.9893,False,False,2026724.0,1
fe243279a53940656a0d4289ddc3ea66,374,,Gracilibacter sp. BRH_c7a,0.9976,0.9941,False,False,1734398.0,1
cb21ad21e6f1b6e4e388eec09350d8dc,376,,uncultured Planctomycetaceae bacterium MFD05512.bin.2.71,0.9893,0.9873,False,False,100233.0,1
40862b63dd0defe1fb1cbc9991f5f089,375,,candidate division WS2 bacterium ADurb.Bin280,1.0,0.9824,False,False,1852829.0,1
6a4bca8a699c143a04caf781f0c1763c,374,,Rubrobacter sp. SMAG_U1118,0.9976,0.9873,False,False,2036010.0,1
64726048843aad3c93d620cd9e0479ad,366,,uncultured Nitrosopumilales archaeon SRR12893483_maxbin2_1,0.9961,0.9961,False,False,171534.0,1
b4047348b90c6f16b7fba7f7330bf87e,370,,Bacteroidetes bacterium strain UFZ-1H10,1.0,0.9951,False,False,1898104.0,22
b2fb53987643b4f865fb0a5912ee1071,366,,Mesoflavibacter zeaxanthinifaciens 02um_C4D0801_8.39,0.9829,0.98,False,False,393060.0,3
d01bebdf4a5ff05dd53dc30d65556f60,373,,Roseomonas sp. S08,0.999,0.9902,False,False,1750527.0,1
cb0675920de285932e554b08f1db3466,370,,Chloroflexi bacterium 5-aug_S3_022,0.9932,0.9873,False,False,2026724.0,1
28e3c3f751b7e166668665449ef80ec9,374,,Phormidium sp. Bin_1,1.0,0.9917,False,False,2867027.0,5
76612bcedbaf761367a3d047ebafd7b6,375,,uncultured Gammaproteobacteria bacterium SRP067234_co1_307,0.9961,0.9941,False,False,86473.0,1
d232fae99923ef2ca92f6afbc004f379,374,,Oligoflexia bacterium Co_bin.49,0.9956,0.9937,False,False,2599941.0,1
cd0579e5267b539cd3c46840b0f6e7b5,374,,uncultured Actinomycetota bacterium MFD05942.bin.1.451,0.9985,0.9907,False,False,3039803.0,1
1149a5d0986a0fc3bf7a7a9057b0e033,374,,Ruminiclostridium sp. strain MnB_11,0.9956,0.9902,False,False,2053608.0,1
a42640f848385634aa76ce36a39e3707,375,,Fimbriimonadaceae bacterium ME2001-08-28pf_3300042879_group1_bin89,0.9971,0.9951,False,False,2682144.0,2
ce2061796f0dee9838e806cd86488535,373,,Dehalococcoides sp. SO_2017_LW3_109,1.0,0.9878,False,False,1966486.0,1
84983b37bd3b85c6b96d3a4ea0ff2bbd,373,,Ruminococcus bicirculans (ex Wegman et al. 2014) 1001136B_160425_B10,1.0,0.9907,False,False,1160721.0,107
79f4b4c69c43f9fc726deee40b36d3f3,376,,Chloroflexi bacterium strain ANAER1,0.9976,0.9829,False,False,2026724.0,5
dd0416fffbca05a27400d18805e182d9,374,,Firmicutes bacterium Bin_53,0.9961,0.9922,False,False,1879010.0,1
907573f1ef39407a092d749e781db531,373,,Gammaproteobacteria bacterium strain MGR_bin149,0.9976,0.9917,False,False,1913989.0,1
2481a293c5dffa73e03136fa6efdff28,374,,Oligoflexia bacterium MFD09671.bin.1.114,0.9937,0.9858,False,False,2599941.0,1
3aa84206bcf663e8de0f75e1bb5b2ba6,376,,Mucilaginibacter sp. PAMB04168,0.9956,0.9951,False,False,3138567.0,13
0a9e32a90e0c0e68cfe004e73a2ac7dd,374,,Thermodesulfobacteriota bacterium GcL13-15,0.9932,0.9922,False,False,2202153.0,1
a681fb02342fb54c83839d35541047fd,374,,Patescibacteria group bacterium LejiaD_63_101,0.9966,0.9863,False,False,2052139.0,1
eb39035aa8ec3916e81ca8fc6b2cbc00,372,,Myxococcota bacterium P01_C01_bin.129,0.9956,0.9927,False,False,2818507.0,1
9fb275ed81ecc69dd2c2cf775d20f252,373,,uncultured Chloroflexia bacterium MFD02979.bin.2.17,0.9971,0.9834,False,False,1672391.0,1
f9592d197b4e8b201673245f0501b6b3,374,,Symbiobacterium terraclitae strain DSM 27138,0.9951,0.9854,False,False,557451.0,1
fbea683698f9faa406733b0ef72a45b8,372,,Firmicutes bacterium LH_M73,0.9951,0.9844,False,False,1879010.0,1
2d7ac92616f87949dfaf73e74e7d61ef,370,,uncultured Paludibacter sp. 3e828368-347f-4d65-bc1a-6729e1569ce5,1.0,0.9956,False,False,497635.0,2
dfba8e8bfc169f25150d154a466d4477,372,,Aminomonas paucivorans ADS16,0.999,0.9873,False,False,81412.0,1
d0282de15fd06b64876273663703c3b5,373,,uncultured Alphaproteobacteria bacterium MFD01223.bin.2.14,0.998,0.9907,False,False,91750.0,2
4f3686ad1491f35d467e4d518b1a239a,375,,uncultured Pseudomonadota bacterium binchicken_co190_25,0.9995,0.9897,False,False,153809.0,1
dc960b31bf96a79c812f9e13fe5b26aa,374,,Clostridia bacterium AnMBR.bin495,0.9971,0.9946,False,False,2044939.0,1
e0ef60d7b52825a7bb99db1975db2d1b,370,,Gordonibacter sp. 7L_13,1.0,0.9917,False,False,1968902.0,1
0f6ba75546154e59b7668ab1ac86514b,377,,uncultured Microthrixaceae bacterium MFD02134.bin.2.228,0.9888,0.9854,False,False,1798915.0,1
4d36e0d0050d301d2a3d040d04521b20,374,,Patescibacteria group bacterium UR.bin32,0.999,0.9941,False,False,2052139.0,1
20ec21b915216e00b9af8785dba05efd,374,,Thermoguttaceae bacterium 6d2dc2d4-6dd0-4c87-b5e3-0172890c642a,0.9966,0.9863,False,False,2691551.0,1
a04e3b7eb9893592465490aaa571b8ca,370,,Bacteroides sp. C043_14,0.9966,0.9946,False,False,29523.0,1
92fdfef3564a875350627fe95d5fa6e2,374,,Syntrophobacteraceae bacterium strain UFZ-4H3,0.9985,0.9897,False,False,2052185.0,8
731b491457472e36422564468f57fa8c,373,,Klebsiella pneumoniae L5151,1.0,0.9951,False,False,573.0,32186
d21206f5365da44b1152796d3281ae34,370,,uncultured Prolixibacteraceae bacterium MFD01721.bin.1.284,0.9951,0.9868,False,False,2014369.0,1
17dea85edcc6610a7d772d73ea780461,374,,Cronobacter dublinensis strain cro910B3,0.9966,0.9883,False,False,413497.0,1
0e4fb8a4429348304afe0d042e3cb39a,372,,Aestuariivirgaceae bacterium SMAG_U7052,1.0,0.9966,False,False,2731404.0,4
46955cdee4a523b064ae2ab0d337deb8,372,,Paracoccus sp. MC1862,0.9995,0.9932,False,False,2760307.0,1
46a7a599e8da21433062d78516158149,373,,Legionella adelaidensis strain NCTC12735,0.9946,0.9927,False,False,45056.0,2
7adc00fdff504740098679e91cb6844d,375,,uncultured bacterium MFD04716.bin.1.266,0.9966,0.9888,False,False,77133.0,1
a9135a4ec3c5575c45a925bfaa528201,370,,uncultured Brevinematales bacterium SRP241341_co1_258,0.9941,0.9912,False,False,2072702.0,1
ac3f05517b1b612528747e13dde51f63,373,,Lachnospiraceae bacterium D5009bin13,1.0,0.9956,False,False,1898203.0,22
2496952100a88c88466683710edf34ba,374,,Lachnospiraceae bacterium STD2_92,0.998,0.9956,False,False,1898203.0,1
dba7c05b3998a0053a7ebd17f124a3c0,393,,Hyphomicrobiales bacterium Ske_MAG2,0.9927,0.9922,False,False,1909294.0,1
a63efbb00a470f4bbf788802f75318b3,370,,Candidatus Latescibacteria bacterium JPNA_maxbin.122_sub,0.9946,0.9907,False,False,2053570.0,1
e9e94fc2ed8a07e91e51f4bac68316c2,374,,uncultured Pseudomonadota bacterium MFD02159.bin.2.65,0.9995,0.9863,False,False,153809.0,1
14a2bb3f27bd325f767bee3f35dec36e,374,,Thiotrichaceae bacterium T2_metabat2_scaf2bin.004,0.9951,0.9922,False,False,2030882.0,1
668b888b470fb300314dd012a056e5ea,374,,Hymenobacter bucti DSM 29988,0.9995,0.9946,False,False,1844114.0,1
cefc5e0aafd4478065e1ffd5c5ad5f28,373,,Arcobacter sp. strain AalW_18-Q3-R10-53_MAXAC.024,0.9951,0.9863,False,False,1872629.0,1
e82253ffe4a036330e897984cdb69c24,373,,metagenome,0.9985,0.9941,False,False,256318.0,1
e0242f522a0ad486d4a1822dc29289ca,375,,uncultured Actinomycetota bacterium MFD04967.bin.2.144,0.9966,0.9902,False,False,3039803.0,2
7f649b584c7c54e647d5e552eb59cb76,393,,uncultured Clostridia bacterium B21_L4_325325_idba_bin.39,0.9937,0.9941,False,False,244328.0,1
feec8d91c6be13d10b577e62ebd689e9,389,,Clostridia bacterium CGS6M4-bin12,0.9976,0.9932,False,False,2044939.0,1
7ad290ae94d2ece8c7e76f06f4c89d34,372,,Pannonibacter sp. TSB10GB1,0.999,0.9941,False,False,2003583.0,13
a65a5fa6d26c4133ed7fb665dbaba532,373,,Sphingomonas melonis DML-0137,1.0,0.9927,False,False,152682.0,13
3a0635f007892aed36fc53868d002162,388,,Clostridioides difficile D102,0.9927,0.9912,False,False,1496.0,1
9c245301ea193d71d9c453f4e53f8f6d,375,,Pelotomaculum schinkii strain HH,0.9961,0.9873,False,False,78350.0,2
290c53e2ab49cb54ec8f1c237184556f,374,,Dehalobacterium formicoaceticum strain DMC,0.9956,0.9922,False,False,51515.0,1
b3a9e61964951469555c029385db09e2,389,,Brevundimonas sp. LF-1,0.9971,0.9922,False,False,3126100.0,3
b6b5e5891c1c9819c1c42c0699647fdc,371,,Pusillimonas ginsengisoli strain KCTC 22046,0.9956,0.9932,False,False,453575.0,1
946e45651fe55c77bfec78b5f0c9ac09,386,,Clostridioides difficile strain CD045,0.9917,0.9912,False,False,1496.0,7
9eee0b1e1482a3ec332f11704051bccb,372,,Lutispora thermophila DSM 19022,0.9946,0.9897,False,False,1122184.0,1
72707f1b7f73ee057636680bf4296201,373,,Oscillospiraceae bacterium MAG3218,0.9971,0.9917,False,False,2485925.0,1
a0f6c74268278bbabab6228c59ca7f29,372,,Citrobacter freundii CPE_E749,0.9946,0.9912,False,False,546.0,1
c9d950f94a43988a7a62630fcbb17f09,374,,Oscillospiraceae bacterium LBM23126,0.9937,0.9897,False,False,3381350.0,1
41ce94f4a11ec070e9cc2b4aa6bd4586,371,,Proteiniborus sp. DW1,0.999,0.9897,False,False,1889883.0,1
c505e41b90e3118dfaa54d8f1a81366a,372,,Lascolabacillus massiliensis strain SIT8,0.9946,0.9912,False,False,1627894.0,5
4a5aca254f681087750ca99527486cde,370,,Desulfovibrio sp. HK-II,0.9946,0.9907,False,False,2009266.0,1
c023b0699cefd63b6adc4f10e07249a5,371,,Atopobium deltae strain DNF00019,0.9946,0.9917,False,False,1393034.0,1
dddc690438f5f26b73ce5b4b7366c9ba,375,,Methanobacterium sp. MBAC-LM,0.9927,0.9858,False,False,3412034.0,1
29883fe16dfa7fad85b04c037bb05601,395,,Methanobacterium formicicum JCM 10132,0.9897,0.9858,False,False,1300163.0,1
1b6a74219c50e2431e29f79c7759fe5c,387,,Petrimonas sp. IBARAKI,0.999,0.9941,False,False,1978337.0,5
78d8d3ec2ebd5e2a83e44647db0ce1a9,372,,Alcaligenaceae bacterium strain CAII-53,0.9971,0.9937,False,False,2021368.0,5
f6bc9d6e117e36ce570d1fc8593e3068,373,,Acinetobacter sp. 5254fb5e-ffb1-44dc-93a9-3377016d251e,0.9985,0.9932,False,False,472.0,342
f8a7dfd610756eae88194f6b418f8083,391,,uncultured Flavonifractor sp. strain 2789STDY5834933,0.9961,0.9902,False,False,1193534.0,3
004df64542e790b66bddce5295c5f9f2,374,,Thermoanaerobacterales bacterium SK-G1,0.9956,0.9893,False,False,2316383.0,2
342c9bed5ce5e945deb98ec33fe023b6,375,,Brooklawnia sp. SH051,0.9995,0.9951,False,False,3041175.0,10
35642394927b4d894a1ac8d30f690a93,372,,Alloprevotella rava strain DSM 22548,0.9956,0.9951,False,False,671218.0,1
cbd22a346325bb16a23d31a6d4ba799e,374,,Clostridium sp. NALB_7821b_8,0.9951,0.9927,False,False,1506.0,1
7cfaaff60469cc024becf6bcb47a479e,374,,Bryobacterales bacterium UW2SPNA014,0.9985,0.9844,False,False,2026791.0,2
5f7d4fc1f30b840105cf8b66bcd02277,372,,uncultured Alphaproteobacteria bacterium MFD04850.bin.2.297,0.999,0.9927,False,False,91750.0,1
586a91d25daf6fe236dd1414884260d7,374,,Litorilinea sp. AnMBR.bin499,0.999,0.9883,False,False,2838787.0,2
08bd59c0dd2f1976f90f4d752e6d414b,374,,Clostridia bacterium AnMBR.bin239,0.998,0.9946,False,False,2044939.0,2
0bd4e9e692a18c6de4c1679291a3595a,374,,Clostridia bacterium binned_ad_5.72,0.999,0.9888,False,False,2044939.0,3
e598afcbd515415253ea79ca19ae57d7,373,,Priestia sp. YIM B13480,0.9961,0.9927,False,False,3366307.0,1
199c31b0eaa3d5012bbd210ced3e402f,372,,Christensenellales bacterium AnMBR.bin221,0.9971,0.9927,False,False,3083246.0,1
07b2ae987b72f124daa0ea0b8da21ceb,372,,Lacticaseibacillus casei CUL06,0.999,0.9971,False,False,1582.0,1
0e81a770249139559c5cb218c03695f9,388,,Desulfovibrio sp. DV,0.9966,0.9883,False,False,,1
91bb0084d37461aa2ed60cba5a003fc4,395,,Salmonella enterica subsp. enterica Z01320SL0028,0.9956,0.9932,False,False,59201.0,1
57f1eccafbbc205af5c052d2942967e6,372,,Burkholderia cenocepacia strain DWS 37E-2,0.9971,0.9941,False,False,95486.0,1
84f15f87dd256dbeaf017a4e75dd5cad,375,,Petrimonas sp. IBARAKI,0.9946,0.9927,False,False,1978337.0,5
248cd8f8ef49066c9ede7752a044b0ee,392,,uncultured Acidobacteriota bacterium MFD06435.bin.3.333,0.9829,0.9858,False,False,171953.0,1
54e2ac902f306ae27ca844f44be5b425,365,,uncultured Clostridium sp. strain ERR260200-bin.19,0.9912,0.9893,False,False,59620.0,1
794d1f76593fbe8de481cb6027cffe80,375,,Actinomycetia bacterium P_S1_bin.5,0.9907,0.9868,False,False,1883427.0,1
712e76a5d7842a97a23eda9641c3d251,373,,Methanobacterium sp. strain SPRUCE.2016.2.metabat2.56,0.9902,0.9849,False,False,2164.0,4
d10ef1cc3876e7ca96d49bab29ceec47,387,,uncultured candidate division WWE3 bacterium SRR6007446_bin.103_CONCOCT_v1.1_MAG,0.998,0.9932,False,False,422285.0,1
0fada6a77d06dfe158c61acabd5851a8,374,,Desulfosporosinus sp. SbF1 strain Peat soil MAG SbF1,0.9966,0.9937,False,False,2043169.0,1
8aa1d8ed7fd39f87411a5725c8296015,369,,Cronobacter dublinensis strain cro2915W,0.9941,0.9927,False,False,,1
7c1e9dffa226af1a81a5d6129e8d546d,370,,Paludibacter sp. 5N085,0.9951,0.9941,False,False,1898105.0,1
1e58237ad5030f0effcef3a43dc356f9,371,,Aminivibrio sp. strain MAG2,0.9941,0.9927,False,False,1872489.0,1
67a8dc9f44ef6f2d8399c4dd22d04cf2,371,,Methanobacterium sp. MBAC-LM,0.9927,0.9854,False,False,3412034.0,1
c8db0a5ed83ab440ce7a40a38a4031a8,372,,Cronobacter dublinensis strain cro2915W,0.9971,0.9941,False,False,,1
093d3a5da71af130de9f3cdf5657ab32,374,,uncultured candidate division WWE3 bacterium SRR6007446_bin.103_CONCOCT_v1.1_MAG,0.9961,0.9927,False,False,422285.0,1
af085531a8a743571fb9ed6c2e5935bd,371,,Cronobacter dublinensis strain cro2915W,0.9966,0.9922,False,False,,1
35312c87f964893154669f129407a254,370,,Mesotoga sp. AnMBR.bin190,0.9907,0.9868,False,False,2053577.0,7
60e0146e03242db09941a466fe9f9ffd,376,,uncultured Chloroflexia bacterium MFD05684.bin.2.179,0.9888,0.9839,False,False,1672391.0,1
b7161212930481a22c4413f74a63b3c3,372,,Cupidesulfovibrio sp. SRB-5,0.9917,0.9883,False,False,2872636.0,10
8b4cfe4840293e7b9083d23016487900,374,,uncultured Stenotrophomonas sp. strain UC10,0.9976,0.9951,False,False,165438.0,3
a7fb4534a18c53a4aa893a95c3c35dc4,378,,Streptomyces griseocarneus strain 132,0.9888,0.9829,False,False,51201.0,1
bd0dd34948cdbece22dc78b4556aa529,374,,Planctomycetota bacterium MAG201,0.9937,0.9917,False,False,2026780.0,1
5bd290b8145c47c97f4b53595839a743,374,,uncultured Phycisphaerales bacterium strain A-4_bin-081,0.9917,0.9854,False,False,904075.0,1
8b15a3b964e89068f45a7b48912eb1b1,374,,Bacillota bacterium bin10.1,0.9951,0.9917,False,False,1879010.0,2
9b9174d78b183d58e02083b8044f64af,374,,Parachlamydiales bacterium AS-MICRO-OLR.48,0.9976,0.9922,False,False,2052178.0,1
8f9f1230951b3b3b3d3fb12aa4ed0e8e,369,,Flavobacterium sp. strain PMG_174,0.9897,0.9839,False,False,239.0,1
1352933b973ba3c6f76d090c4d0a422e,372,,Acidobacteria bacterium strain BJ2,0.9985,0.9927,False,False,1978231.0,1
954395a75bf6cfc5ecda85aea2a4570b,373,,Anaeromusa sp. CA_92,1.0,0.9888,False,False,1872520.0,1
9f4c3d76158212d20d1239263d545546,363,,bacterium JA5.bin23,0.9863,0.9858,False,False,1869227.0,1
9a38fac836b824fbd5c99165b543ca0a,375,,Verrucomicrobiota bacterium STL-VER9,0.998,0.9932,False,False,2026799.0,1
40435e518fea30a9f66dd28ace97dcd0,374,,Verrucomicrobia bacterium OH_SDB_146,0.9932,0.9902,False,False,2026799.0,1
5f012e60ebbd77b52bfe4a68ac5643da,374,,Planctomycetes bacterium LakeFargette_0920_ALND_MAG_66_46,0.9932,0.9868,False,False,2026780.0,1
3ad87bba1f2057ec3f2d3dfb1faa6e4c,373,,Intestinibacter bartlettii 19-2_10,0.9985,0.9961,False,False,261299.0,6
83ac555e466ac754139554eca9aec78b,372,,uncultured Alphaproteobacteria bacterium MFD03066.bin.2.184,0.9956,0.9932,False,False,91750.0,2
d75d2dcd4fa20c295e2b228aaab734d6,370,,Bacteroidetes bacterium strain K_DeepCast_150m_m2_259,0.9971,0.9902,False,False,1898104.0,1
991143d1b16b7f958f686b23f0d983e9,375,,Fimbriimonadales bacterium STL-ARM2,0.9976,0.9932,False,False,2682145.0,1
f344d4281112bb7cf5358c04fda869ee,370,,Bacteroidales bacterium UBA3540,1.0,0.9961,False,False,1950486.0,5
e7a13ec86ee02e4891bd50da7bb8f534,368,,Flavobacterium sp. ME2017-06-13_3300043469_group7_bin191,0.9995,0.9946,False,False,239.0,1
6014a554d33d3beabc7d7c46cfdcd41f,370,,Rectinema sp. AMR_MDS_2813,0.9951,0.9922,False,False,1937017.0,8
dcc1b2524bf00a7d6decf739df2f1f19,373,,uncultured Gammaproteobacteria bacterium MFD01633.bin.2.174,0.9893,0.9829,False,False,86473.0,1
81f8883a0b290b6dc7652309040b6ad2,374,,Thermaerobacter composti Ins1,1.0,0.9844,False,False,554949.0,2
b820d1c08e8e80b6e461af1ec76a9723,374,,uncultured Clostridiaceae bacterium MFD08669.bin.2.17,0.998,0.9946,False,False,195049.0,1
50a8367445f13689d1032ccff7c8db55,374,,Phycisphaerales bacterium time.spades.CONCOCT.2.5kb_106,1.0,0.9917,False,False,2052180.0,10
5629f0846c3c982970fcbd37fe2bdb8b,374,,Firmicutes bacterium JA1.bin10,0.9946,0.9893,False,False,1879010.0,1
e96b5191533b55b247369d8649d8458d,370,,Bacteroidales bacterium BIN40,0.9946,0.9902,False,False,2030927.0,1
1c259c84edfd90c28f17c1875a7c9747,374,,Candidatus Eremiobacterota bacterium ER1,0.9971,0.9937,False,False,3107663.0,1
7460da842ed9a123301b3bdff0597d0a,374,,Chloroflexi bacterium UR.bin76,0.9937,0.9902,False,False,2026724.0,3
7fe3fc46ddecc806d5fc5e4b8f3ddfce,374,,Phycisphaerae bacterium binned_ad_9.16,1.0,0.9893,False,False,2026778.0,9
803eb52cfe3d77bdf9fe14c011e425fb,370,,Eggerthella lenta strain SL.3.13,1.0,0.9966,False,False,84112.0,139
eb806bb1dd30405c489b4706cacd2d26,371,,Saprospiraceae bacterium ST_AS_maxbin.162_sub,1.0,0.9902,False,False,2202734.0,5
3e3e95a36c06e6967322d92057d2f4f7,366,,Cyanophyceae cyanobacterium Co_metawrap_1029,1.0,0.9932,False,False,3088179.0,1
f34375ad68967fbbb5c6ca6b32bea110,370,,Chryseobacterium sp. NEB161,0.9995,0.9917,False,False,2724619.0,5
db2655d106ea7194a3982bfbe1ef11c4,374,,Parachlamydiaceae bacterium MAG_MBR_H125.37,0.9951,0.9932,False,False,2052176.0,1
118cef48f6a595357192f8fe289c2df2,372,,Pasteuria penetrans RES148,0.9971,0.9888,False,False,86005.0,3
d760d5214a39254043ef78c083b92a9e,372,,Burkholderiales bacterium MH_R2_22,1.0,0.9937,False,False,1891238.0,1
f2126d67d457c75787258130f49ef2e0,371,,Spirochaetota bacterium SMAG_U15726,0.9922,0.9888,False,False,2202144.0,1
24b8bcda6b1b2ab72e632df74c10c98c,374,,uncultured Alphaproteobacteria bacterium LOGT_bin.0209,0.9961,0.9941,False,False,91750.0,1
da040f4409259c781d2e44bd12938078,375,,Chloroflexi bacterium strain SAR202-VII-2,0.9824,0.9805,False,False,2026724.0,1
0d37046c1c20f102fc585c696c80e53c,375,,Methanobacterium flexile JCM 15416,0.9941,0.9888,False,False,490098.0,8
ae704d1c88be49728d2e2bd87af45c54,372,,Cellulosilyticum lentocellum HNost1007,0.9985,0.9883,False,False,29360.0,3
6e6058d4bc7844a5a6e5a8bddd480300,374,,Anaeromyxobacter sp. R267,0.999,0.9917,False,False,2590199.0,1
435c6084c75f643fca4a52a243e279ae,374,,uncultured Acidobacteriota bacterium MFD06435.bin.2.146,0.9912,0.9888,False,False,171953.0,1
02e4c50e67865e5275d1bb983d11988c,376,,uncultured Actinomycetes bacterium MFD00032.bin.1.211,0.999,0.9883,False,False,152507.0,1
44d199fe6af5278159ea5f9943993fd3,371,,Flavobacteriaceae bacterium CTOTU8159,0.9795,0.9824,False,False,1871037.0,1
8c99e30986e776bbc067425690109213,371,,Candidatus Copromorpha sp. AnMBR.bin224,0.9976,0.9912,False,False,2952913.0,1
c6171a3d89596153e525e7c455919126,374,,Clostridium sp. 39-1_20,0.9985,0.9961,False,False,1506.0,1
f5bab5c7d812c2d3a64a5dcf3d257e8a,376,,uncultured Actinomycetes bacterium MFD05684.bin.2.55,0.9976,0.9897,False,False,152507.0,2
ebe4386302d56ad91632ab04d8e4f2a0,372,,Bacillota bacterium JPMR_metabat.40_sub,0.9937,0.9878,False,False,1879010.0,1
306362657db7872818a69eab489f7c76,374,,Nannocystis sp. strain EsbW_18-Q3-R4-48_MAXAC.145,0.9995,0.9912,False,False,1962667.0,2
600bb60d1fe6ae569792e6293dc1551d,374,,uncultured bacterium CTOTU25552,0.9917,0.9863,False,False,77133.0,1
4a19bdfb366f7b08e08a1e91c6074b30,396,,Gemmatimonas sp. strain RSA9,0.9941,0.9849,False,False,1962908.0,1
3f5533292a655d0f54a64560d65e823b,371,,Collinsella sp. 47-1_08,1.0,0.9912,False,False,1965294.0,737
55b1e088790638cb0f33b74d1d5bf921,373,,Bacteroidetes bacterium 4-aug_S1_005,0.9966,0.9897,False,False,1898104.0,2
b86da5ca22d022d3720d091a79b03f13,374,,Chlamydiae bacterium GWA2_50_15,0.9961,0.9941,False,False,1797595.0,5
690ef1f68aa77e7be7d8be58f2815e17,370,,Mangrovibacterium diazotrophicum strain DSM 27148,0.9937,0.9878,False,False,1261403.0,1
c992cbee5926e44bc397f0234e0c255c,374,,Anaerolineae bacterium strain MAG-29,0.9946,0.9897,False,False,2052143.0,1
6c533cace9e76e9de67e31e528bafa29,374,,Candidatus Heteroclostridium caecigallinarum strain Chicken_24_mag_188,0.9951,0.9927,False,False,2721128.0,1
f0f0fbd8b8b3465070051618d1426d2c,374,,Mesorhizobium sp. SMAG_U4243,0.999,0.9849,False,False,1871066.0,1
c1596a5db2591882d02a381ba7a01960,370,,uncultured Treponema sp. strain SRR11489747_bin.81_metaWRAP_v1.3_MAG,0.9937,0.9839,False,False,162155.0,2
8a7a133e5daf52fb66404c67a0c7dc48,374,,uncultured Pseudomonadota bacterium MFD00731.bin.2.180,0.9985,0.9902,False,False,153809.0,1
04d3fb492116659a0de3a6a9d16f50b1,374,,Anaerolineae bacterium AnMBR.bin280,0.9951,0.9917,False,False,2052143.0,1
3e45b457bc5f6289780c6774683de6b8,373,,uncultured Gammaproteobacteria bacterium MFD01633.bin.2.38,0.9961,0.9878,False,False,86473.0,1
a5ed688dfc70ccd795b56425b56b2865,374,,bacterium RUI504,0.9951,0.9888,False,False,1869227.0,1
ff6a63aa3a8877a90e31ca73fa5fbdd7,369,,Bacteroidales bacterium CTOTU18622,1.0,0.9888,False,False,2030927.0,6
0a57a465cfa8639424b461d0dbc7ed66,374,,Proteiniclasticum ruminis strain ML2,0.9985,0.9946,False,False,398199.0,2
65f9a101f8ffe7049bd3d0baa83520c2,375,,uncultured bacterium MFD09206.bin.2.1,0.9932,0.9868,False,False,77133.0,1
e3a2d60faa8d0d3ec2805ea4a4f69cc5,373,,Steroidobacteraceae bacterium SF1_2_31,1.0,0.9927,False,False,2689616.0,1
c232a779470ac2c086cf118bc1aa821d,374,,Parachlamydiaceae bacterium strain SSA5,0.9951,0.9912,False,False,2052176.0,1
c18be20cca10d6ead4ed3561cf3dfca0,374,,Terriglobia bacterium MFD05942.bin.2.344,0.9995,0.9883,False,False,2081523.0,1
01e6c47ea1eccbd286858fc97fa25654,374,,Legionella parisiensis strain PF-209C-C2,0.998,0.9907,False,False,45071.0,16
b6eff50a2aefce9119d1eeb59b28bbed,374,,uncultured Clostridia bacterium MFD08669.bin.2.65,0.9951,0.9863,False,False,244328.0,1
e5e089e059da889289ee4eda3c3a2d00,370,,Saprospiraceae bacterium strain EsbW_18-Q3-R4-48_BATAC.476_sub,1.0,0.9883,False,False,2202734.0,8
1e2270e7a0c8c2e951edc6813b58451a,376,,Actinomyces graevenitzii DRR214960_bin.13_metaWRAP_v1.1_MAG,1.0,0.9927,False,False,55565.0,6
9e50dfdd487c628307774026eb126fb2,373,,Synergistaceae bacterium CTOTU7657,0.9995,0.9834,False,False,2053624.0,1
9cc0bdcb1fb3a25451cc888c896d434b,373,,Atribacter sp. AnMBR.bin213,0.9995,0.9814,False,False,2847780.0,3
9764c052d988e3b900a8df7208a2a245,372,,Chitinophagaceae bacterium UR_AS_maxbin.004,0.9985,0.9951,False,False,1869212.0,1
fffa3e1b1a3f2d8e0a9785716ffbfb36,375,,Coriobacteriia bacterium strain KA18,0.999,0.9893,False,False,2052159.0,1
124cf22125895521b8cfe8d7d8d56d8a,388,,Anaerovoracaceae bacterium 4d0eff97-7de3-49ad-953d-66426f0db4f8,0.998,0.9956,False,False,3030912.0,2
e5fff5f0be6594cb84ed47a5b16ee2bd,372,,Rhizobiales bacterium strain Hjor_18-Q3-R7-51_MAXAC.078,0.999,0.9932,False,False,1909294.0,1
8af31eef438d38bbb57e4b47d308116d,375,,Gordonia sp. AC31,0.999,0.9937,False,False,2962571.0,58
951daa4c85bba9e3a72b4bb15749adda,373,,Selenomonadales bacterium D180_metabat.21_sub,0.9917,0.9888,False,False,2137878.0,1
6195e799c734a9a8f419aed004b7cf86,371,,Enterococcus hirae strain 260AEA1,0.9941,0.9907,False,False,1354.0,1
9a7f74e3ff43dde97ce79af735aa528c,374,,Anaerolineae bacterium AnMBR.bin235,0.9995,0.9907,False,False,2052143.0,1
68c0d62cad841fbf52eb5c92f9f2f0ff,388,,Aminobacteriaceae bacterium 73440aae-3b96-4bfa-a47d-8f80ded2de5b,0.9966,0.9922,False,False,3034609.0,1
02f995222d6154a9ec64914f39f11fda,372,,Roseateles sp. DC23W,0.9932,0.9902,False,False,3299029.0,2
b7fc3794868f7f88d0e074c92eff9e93,373,,Lachnospiraceae bacterium C020_27,0.9932,0.9863,False,False,1898203.0,1
f066379ccfa5e5e76b815aa776a377ba,372,,Gracilibacter sp. BRH_c7a,0.9951,0.9937,False,False,1734398.0,1
9f96ba0239a56945df3d725759d37f26,366,,Ramlibacter sp. H39-3-26,0.9946,0.9941,False,False,3031331.0,3
f0d7520dbce45f569febe00205e8e9f7,372,,Camelimonas lactis CCM 7696,0.9995,0.9917,False,False,659006.0,3
f4eb19fb222b9761a2b3e01340472691,373,,Cronobacter dublinensis strain cro3214W,0.9995,0.9951,False,False,413497.0,1
864e7cae8a55031eca03d9e08dc49553,374,,Mesotoga infera strain MESINF1,0.9932,0.9868,False,False,1236046.0,11
5c76e0d46321fda9cf0d46f3a598b74f,374,,Enterococcus faecalis C8816,0.9966,0.9927,False,False,1351.0,4
668b3a3c495b62d0a11eee027108aeb5,374,,Clostridiaceae bacterium CA_23,0.9946,0.9907,False,False,1898204.0,1
2bb9ab4119c6791bd52d2edcd1040054,370,,Bacteroidota bacterium D-34_MAG_32,0.9985,0.9932,False,False,1898104.0,1
c3e968a0946cfc5f9704691f47655570,371,,Paraclostridium bifermentans strain DSM 14991,0.998,0.9966,False,False,1490.0,80
bc58a5b84bfddc7b8ab70cc704b483ab,374,,Clostridia bacterium strain INTA.CYC.057,0.9907,0.9868,False,False,2044939.0,1
00aaf73685f0406f32767bc9c43fde5b,395,,Intestinimonas sp. 17-1_34,0.9912,0.9902,False,False,1965293.0,1
07c0a289796d7465a2f69093ebf4a33a,372,,Ruminococcus sp. C043_35,0.9893,0.9849,False,False,41978.0,1
bbb8763717da88ebc18aff53f9de028f,372,,Faecousia sp. fecal_MAG_355,0.9956,0.9951,False,False,2952921.0,2
aa78d734b59dc8f035c1e136275e7923,370,,Petrimonas sp. IBARAKI,0.9951,0.9912,False,False,1978337.0,5
385ff5afa4e19e68ba06f7912908b170,374,,Desulfitobacterium sp. CA_182,0.9985,0.9897,False,False,49981.0,1
88d2e157e9592b9dd02289ff66b8e7a4,373,,Methanobacterium sp. MBAC-LM,0.9941,0.9873,False,False,3412034.0,1
c62ec451cad772ced1b4f73e447dfe58,370,,Acetobacterium tundrae strain DSM 917,0.9932,0.9922,False,False,132932.0,4
dedaa658c067ddab6be08769c9d8b5ec,369,,Proteobacteria bacterium OH_PBlB_80,0.999,0.9951,False,False,1977087.0,1
2d48175c104107d4d4e4f5e8dd9a0a22,384,,uncultured Acetobacterium sp. a0d58640-2bdf-407d-bedf-8d20b14cd168,0.9985,0.9951,False,False,217139.0,18
475578087d74506dfa16ebf79e182c28,369,,Rickettsiales endosymbiont of Trichoplax sp. H2 strain REH2,0.9897,0.9883,False,False,2021221.0,1
3a70b97a9fdb1d2359a2aadcf8b85355,388,,Synergistales bacterium Syner_01,0.9985,0.9912,False,False,1674906.0,1
613419874443169bf5144b900aec08b4,374,,bacterium strain BIN46,0.9976,0.9937,False,False,1869227.0,1
6e252cae9e8ff5755e0cfa5c52a78beb,369,,Candidatus Saccharibacteria bacterium GL116_DN_metabinner_37_sub,0.9893,0.9878,False,False,2026720.0,1
0e2e50ea2d7a3366dcca1f3262040bb0,395,,Methanobacterium formicicum strain Mb9,0.9961,0.9897,False,False,2162.0,5
fd0ef899d0206dcd4a78995587f93375,394,,Burkholderia semiarida CCRMBC74,0.9893,0.9937,False,False,2843303.0,1
e8a86642422a282bb8095b927d653eaf,374,,Rummeliibacillus sp. SL167,1.0,0.9966,False,False,2579792.0,1
a6651a449b279b248edf929c8333a191,374,,Methanobacterium sp. OMB003,0.9912,0.9834,False,False,2164.0,1
f2503a995bd8c1a94ce5d1e49159c7d1,387,,Lentimicrobium saccharophilum strain TBC1,0.998,0.9927,False,False,1678841.0,1
1bfb8e6cb930a8c9ef5d52ea4ba2fd40,370,,Alkalispirillum mobile strain DSM 12769,0.9932,0.9922,False,False,85925.0,1
fd966cc6911ac9b57c8e2f59de2b9db9,393,,Brucella sp. JSBI001,0.9912,0.9912,False,False,2886044.0,2
6f3c1873f4d89207f35ba8fe4718c143,370,,Vibrionimonas magnilacihabitans strain DSM 22423,0.9995,0.9922,False,False,669455.0,2
3367cdf8e1c39dcc42dc3ca231342877,372,,Mesotoga infera strain MESINF1,0.9932,0.9858,False,False,1236046.0,11
8ec676a5f5998d5f08fbafc386507a28,372,,Lascolabacillus massiliensis strain SIT8,0.9951,0.9927,False,False,1627894.0,5
e207e8f65f4dcf2a29cf07ae8ee8fd7e,377,,uncultured Sphaerochaeta sp. 48f6b080-9245-4a9c-843d-bb55bb1ae2bc,0.9937,0.9863,False,False,886478.0,1
f3f7dcc6caf65f28fb40ae4f6faba669,393,,Porphyromonadaceae bacterium NLAE-zl-C104,0.998,0.9897,False,False,1855399.0,2
922a7f47672abd882604d821f25fb3ad,370,,uncultured candidate division WWE3 bacterium SRR6007446_bin.103_CONCOCT_v1.1_MAG,0.9971,0.9937,False,False,422285.0,1
4da01f6a9301d3de80e048625f9d352a,374,,Zhaonella formicivorans k32,0.9956,0.9932,False,False,2528593.0,1
a5f80c6cfc12861f45f935186dc8a472,392,,Bacteroidetes bacterium 4-aug_S1_004,0.9863,0.9912,False,False,1898104.0,3
3876f8d3b46ac99f7e99345288e684b5,392,,uncultured Selenomonas sp. strain DRR214959_bin.43_metaWRAP_v1.1_MAG,0.9897,0.9976,False,False,159275.0,4
b5bf6ec98f96b1d92a5739d745b87ec8,370,,uncultured beta proteobacterium MFD02416.bin.2.165,0.9956,0.9941,False,False,86027.0,1
607a06d9faf3f514074b5a4908b55a82,372,,Segatella hominis MAG6080,0.9956,0.9956,False,False,2518605.0,2
cd26adf889179ccd2d1b553ce33b5276,370,,uncultured Paludibacter sp. 3e828368-347f-4d65-bc1a-6729e1569ce5,0.9966,0.9946,False,False,497635.0,2
62d932ca73039e553c5cd4450ffec6eb,372,,Lentimicrobium saccharophilum strain TBC1,0.9927,0.9888,False,False,1678841.0,1
21fcd2fcaa0378a40f3a9db0b3bd948c,393,,bacterium CSMAG_1176,0.9927,0.9888,False,False,1869227.0,1
949479e3fb297c277f93012cef3a75ac,370,,Methylococcales bacterium SMAG_U7714,0.9951,0.9907,False,False,2304002.0,1
f5ec59d59b201d9d82b91bbfb69dc2fc,370,,uncultured Candidatus Berkelbacteria bacterium SRR5576005_bin.117_CONCOCT_v1.1_MAG,0.998,0.9932,False,False,1664347.0,1
1ec84bb16e1a78a4d73faef5bc502c2c,375,,Methanobrevibacter arboriphilus A2,0.9922,0.9863,False,False,39441.0,3
03d2c75e6a29a50d74cb6ed6d8ca1c48,371,,Sphaerochaeta sp. ADS4,0.9985,0.9868,False,False,1972642.0,1
5af69ae9514114185c91b175dbed2054,376,,Pelotomaculum schinkii strain HH,0.9912,0.9844,False,False,78350.0,2
5f000e79347f73713ac3aa60a8ae839f,370,,Oceanobacter sp. 2_MG-2023 4A09_2,0.9902,0.9893,False,False,3062619.0,10
33c0c1759b577b9af58fdf74532f850a,370,,uncultured Clostridia bacterium metabat2_pooled_hicanu.902 MAG,0.9927,0.9902,False,False,244328.0,1
5fe0c6a4c2aa7f9ffa8470268bc73eac,352,,Campylobacter concisus RMIT-O23,0.9956,0.9932,False,False,199.0,1
b0c20a6d55cc5e215d6e0d2afd3c0c7c,371,,Clostridiales bacterium BAD-6,0.999,0.9951,False,False,2818044.0,1
d258dca6623596db00e28d2680d9fb5a,372,,Lascolabacillus massiliensis strain SIT8,0.9951,0.9932,False,False,1627894.0,5
14c8b025a99dcfc988355547ce07b28c,374,,uncultured Eubacteriales bacterium SRR16279954_bin.6_MetaWRAP_v1.3_MAG,0.9937,0.9912,False,False,172733.0,1
fa12b4ab6025aa6949d1c08949701734,371,,Proteiniphilum sp. SO_2016_CLC_T1_23,0.9951,0.9912,False,False,1926877.0,1
b68567db79baed9d3f01a2f53746ad87,374,,Lactobacillus acidophilus CUL21B,0.9951,0.9912,False,False,1579.0,1
0e94028fc4f20d3a8f9df973f3a93e58,372,,Rickettsiales bacterium DJN.22,0.9951,0.9922,False,False,2026788.0,1
e4dc343d781d0efc23ceb52b8a4936ea,373,,Methanobacterium sp. OMB003,0.9902,0.9824,False,False,2164.0,1
8bd52f2105967d2f4a73192eff5c2996,373,,Candidatus Darwinibacter acetoxidans M4B_bin26,0.9927,0.9902,False,False,3082383.0,1
75177c23d41ead53f764d1f59baa615e,370,,Bacteroidales bacterium SO_2017_LW3 bin 87,0.9971,0.9922,False,False,2030927.0,1
8806e6d1e666acc5e9ca4ae2715ea965,371,,Aminivibrio pyruvatiphilus strain DSM 25964,0.9966,0.9912,False,False,1005740.0,1
44c75ed75efd63a78f2257114278a6e9,373,,Dendrosporobacter quercicolus strain DSM 1736,0.9941,0.9888,False,False,146817.0,1
a07b2ad3ee34db785c97d9c45f88d7f8,375,,Firmicutes bacterium A05DMB17,0.9893,0.9834,False,False,1879010.0,1
acbbb1d2ae3e703c4ab7ef5605b5c849,378,,Methanobacterium formicicum strain Mb9,0.9951,0.9893,False,False,2162.0,5
f5edfe58c5a39656d8758989e54a025d,377,,Ignavigranum ruoffiae ZMU250703,0.9956,0.9951,False,False,89093.0,1
f66e0bd048f99f9348c92d765e755e39,372,,Aminivibrio pyruvatiphilus strain DSM 25964,0.9956,0.9917,False,False,1005740.0,1
e78a4809f944f61c69e56a00efdf3600,371,,Petrimonas sp. BF4_55,0.9941,0.9907,False,False,2023866.0,1
5538dfd735d36dd62ae5ba7c93293ea3,371,,uncultured Clostridia bacterium E0_LS__bin154,0.9941,0.9932,False,False,244328.0,1
a64cb893b96d0feaea202198ea9346e7,375,,Methanobrevibacter sp. NOE,0.9912,0.9883,False,False,2006182.0,1
9d5c12af6a3fbc1ed253bea063a277e5,374,,Thiobacillus sp. SCUT-2,0.9976,0.9922,False,False,3110231.0,3
92e0c9bd9d744628064195609caeb38e,377,,Anaerolineae bacterium AnMBR.bin280,0.9941,0.9907,False,False,2052143.0,1
ae86574c3f5f1a60fefce448bc7b9d1b,377,,uncultured Acidobacteriota bacterium MFD08669.bin.2.82,0.9922,0.9917,False,False,171953.0,1
6219ede074ea18c403811253abfc21e5,377,,uncultured Marinilabiliales bacterium SRR6007445_bin.132_CONCOCT_v1.1_MAG,0.9902,0.9878,False,False,2790682.0,1
becd617ee75c6fa3b44dc64387a49d69,373,,Helicobacter ganmani MGBC105162,0.9907,0.9893,False,False,60246.0,1
b1bd634983f2253fb9921c66fa8e8b42,374,,Methanobacterium sp. IBPM_KMB_004,0.9937,0.9878,False,False,2164.0,1
5be77bcb71808d5620f46714bcd5152e,372,,Coprococcus comes C008_19,0.9956,0.9941,False,False,410072.0,1
da2888a920ecf21de9c4b00c6d513b19,378,,Methanobacterium curvum strain Buetzberg,0.9971,0.9917,False,False,129848.0,1
1fcda56a65c09f1d3002f1b791ae043e,373,,Armatimonadetes bacterium strain Ch33,0.9878,0.9829,False,False,2033014.0,1
f393acad7e7899533663fe3fcf8c4661,373,,uncultured Candidatus Microthrix sp. ERR598975_bin.67_CONCOCT_v1.1_MAG,0.9917,0.9917,False,False,349275.0,1
d7abc0a1de5d0d90ef2082eb3ec06f6d,375,,Methanobrevibacter sp. CTOTU7683,0.9917,0.9888,False,False,66852.0,1
582cd22fb94ea0fd36f9915ef32c1333,382,,Rickettsiella endosymbiont of Miltochrista miniata 54707,0.9995,0.9897,False,False,3066239.0,2
a1fc4f2226c42bb7298da8c51ceea5a0,370,,Pseudoxanthomonas sp. SGD-10,0.9951,0.9878,False,False,2493089.0,1
4fd18c07ce794cc76871377120d93144,374,,Gracilibacter sp. BRH_c7a,0.9961,0.9932,False,False,1734398.0,1
a1f67bd15d480d23ca73f40a62f815bb,388,,Bacillota bacterium RA_AS_metabat.9,0.9951,0.9946,False,False,1879010.0,1
f5a0cba713d42e29e41a6df93519572a,382,,uncultured Gammaproteobacteria bacterium binchicken_co111_416,0.9995,0.9907,False,False,86473.0,1
41b51f59463027a20d946656003a5f11,373,,Bacillota bacterium CAAI_maxbin.063_sub,0.9976,0.9932,False,False,1879010.0,1
ec6941975f4e1863852cf87b9af738b2,374,,Lutispora thermophila DSM 19022,0.9971,0.9927,False,False,1122184.0,1
639e75a54d67c9dc93cfa31100bdc6d9,379,,Acinetobacter sp. TTH0-4 strain 1BD1,0.9878,0.9858,False,False,1646498.0,4
ee21cf356777ae26fe7089d75452abd7,403,,Clostridiales bacterium H07668-L1_cleanbin_000040,0.9844,0.9839,False,False,1898207.0,1
957bec6b470f89f1cc58693a77364ea7,373,,Cellvibrionaceae bacterium R142,0.9912,0.9878,False,False,2591008.0,1
021829170463632e041095dab11c0e95,370,,Alistipes onderdonkii SL.2.34,1.0,0.9946,False,False,328813.0,119
5810b6e2d5b4ab3fd92892dccf084271,374,,Planctomycetes bacterium Dive96_bin3.224,0.9961,0.9922,False,False,2026780.0,1
31a83f111b57e09b08ffb58917c511c9,372,,Planctomycetes bacterium Pan44,0.998,0.9878,False,False,2527983.0,1
bfc04a7e7b744ab56306075ef236d753,364,,Candidatus Carsonella ruddii CRmali,0.9849,0.9795,False,False,114186.0,1
2eedd8aa9855d2e9d4361aa9321ad4e2,374,,Candidatus Binatia bacterium OBJ2_061818_090_70,0.9893,0.9819,False,False,2838779.0,1
bf3cf03e93fd3eb39a0ee44a895a1e2d,373,,Ruminococcus sp. 47-2_04,0.998,0.9941,False,False,41978.0,3
d9151ff4d8243e711f520df0da10b760,374,,uncultured Eubacteriales bacterium O89_L4_395395_idba_bin.134,0.998,0.9893,False,False,172733.0,4
4802528c1ea82ecd9df3a5e6734101b2,365,,Candidatus Desulforudis sp. strain J_13,0.9995,0.9927,False,False,,1
494ab4a0ec6f00ad0cbf201f2f607b05,373,,Acidiferrobacterales bacterium MT1bin.14,0.9912,0.9888,False,False,2202729.0,1
9b07d0a34ae911d20d9f7d8d4f7ee676,355,,Bacteroidetes bacterium 2013_40CM_41_45 strain 2013_40CM_41_45,0.9824,0.9844,False,False,1978119.0,1
f7d85e5a89d2a972052c5ff23f52397a,369,,candidate division TM6 bacterium GW2011_GWF2_30_66,0.9834,0.9829,False,False,1619078.0,1
d74db335012437dbfb4c54fd9049d46f,374,,Desulfitobacterium sp. CA_182,0.9976,0.9922,False,False,49981.0,1
4552de4017ada34de916b0caaaf5ea54,374,,Phycisphaerae bacterium Co_metawrap_2527,0.9961,0.9834,False,False,2026778.0,1
03f29c495b783a3de09c6c8780605449,374,,uncultured Planctomycetia bacterium MFD03804.bin.1.4,0.9961,0.9883,False,False,411917.0,1
626ceecfac444a7e053d5ae2c76833df,392,,Candidatus Humimicrobium sp. AnMBR.bin324,0.9985,0.9917,False,False,3097462.0,1
8eff40dae1c673e240a6167650512de5,374,,Solirubrobacterales bacterium BC1.174,0.9971,0.9883,False,False,1909295.0,1
22216e3e181ee694bf4c8daa987ac8ab,361,,Nocardioides sp. SCSIO 67246,0.9863,0.9858,False,False,2872154.0,6
5a6b977c954ab18d6904d6b9d48b871f,373,,Candidatus Zixiibacteriota bacterium MAG275,0.9985,0.9878,False,False,2053527.0,1
00e6614407462b417669175bc85184ad,374,,uncultured Candidatus Berkelbacteria bacterium strain AlinenLipids_bin-7660,0.9956,0.9922,False,False,1664347.0,1
0916b03c8a001547e1909d8a2fe6178e,371,,Clostridiaceae bacterium 35-E11,0.9966,0.9927,False,False,3039679.0,3
cc53782126bff6f2648754f297c70cff,375,,bacterium strain PMG_003,0.9951,0.9927,False,False,1869227.0,1
30b92827daeee78c39eefccd5bfca43d,370,,Pedobacter tournemirensis strain DSM 23085,0.9971,0.9937,False,False,699437.0,3
a5723c72b7103b8c043b31cab7252af4,372,,Rikenellaceae bacterium 5_bin.36,0.9932,0.9897,False,False,2049048.0,1
831363ded99c851c80f32aff0c59c9a2,352,,Nostoc sp. P1574 bin 1,0.9824,0.9829,False,False,1180.0,11
e0a393057efa10ed102ee234e417762a,373,,Staphylococcus haemolyticus N2_070_000G1_dasN2_070_000G1_abawaca.21,0.999,0.9902,False,False,1283.0,14
94fc0eb5f4d613c2766734c28a5f1a9f,354,,Candidatus Hodgkinia cicadicola strain MAGSEP,0.9868,0.9878,False,False,573658.0,1
2c90f641e92fddc8307a57cb745be2a3,391,,Candidatus Limiplasma sp. 1fba27ed-fdb6-4eb3-a4bd-d771bccc37d7,0.9927,0.9902,False,False,2952930.0,1
b9315058e389547041d01efa1048d9f0,372,,Nitrospiraceae bacterium swi_bin.60,0.9927,0.9897,False,False,2026770.0,1
bf5493457f0a16552a432f4bbf9330f3,381,,Rickettsiella endosymbiont of Folsomia candida MAG-FC2,0.9893,0.9878,False,False,3344722.0,2
ad94607116582c89c6eb5001f5150f80,374,,Phycisphaerae bacterium strain B1Sed10_206R1,0.9932,0.9863,False,False,2026778.0,1
28f13b8e13ea61aafe5bc46d20dc15bf,374,,Chlamydiae bacterium strain BWMinHeated_Nextera20_MAG2,0.9951,0.9912,False,False,2081524.0,1
5efd16edb2dbb414f480fdd78c42285a,374,,uncultured Actinomycetes bacterium MFD01721.bin.2.121,0.9966,0.9878,False,False,152507.0,1
6aa82af5289e004d50046c31ef22b2ae,391,,Arthrospira platensis SPKY2,0.9985,0.9897,False,False,3122438.0,2
dc9abde9045aad6d17421519c6db9ca4,372,,Sneathiella sp. strain IN21,0.9883,0.9844,False,False,1964365.0,1
87ca798d18d4f98d6e899ac8e8b8daa2,373,,Pseudomonas sp. UBT376,0.9946,0.9922,False,False,2750624.0,1
516a6da55fdb8df7ed2cdc84291dbca2,374,,Dehalococcoidales bacterium STD1_140,1.0,0.9902,False,False,2026733.0,1
ab07f8f9d60701b64f9d82751d8be248,374,,uncultured Chloroflexia bacterium MFD04716.bin.1.82,0.9985,0.9917,False,False,1672391.0,2
e8f301ad6c8b07835edee784bcb81d17,373,,Lachnospiraceae bacterium C008_29,0.998,0.9941,False,False,1898203.0,2
83fe43c957bc1d62cad075e35f2b3e77,374,,uncultured Chloroflexi bacterium strain AM-sed-core3-D2_bin-578,0.9971,0.9863,False,False,166587.0,1
ad871c6d75b2fb982388dfc27e0032c7,374,,uncultured Chloroflexia bacterium MFD04716.bin.1.311,0.9941,0.9912,False,False,1672391.0,1
32b01957f98cbf2079bd6bdbb6342751,371,,uncultured Clostridia bacterium REFINED_METABAT215_TOP10_CONTIGS_1500_ASSEMBLY_K 77_MERGED__Hadza_MoBio_hadza-E-H_F_8_2217.144,0.9932,0.9922,False,False,244328.0,1
fca33d821d9ddce59d2b26b63bf7c4a1,372,,Psychrobacter sp. I-STPA6b,0.9912,0.9893,False,False,2585718.0,3
81978cfa97cf267335d663fe9ee5ef1b,372,,Calidifontimicrobium sp. SYSU G02091,0.9951,0.9922,False,False,2926421.0,4
511d54a89d75ef31122601e792862aa2,370,,Vannielia litorea DP2N28-3,0.9946,0.9927,False,False,1217970.0,15
18ca89dadf6219af5e55c04d2e77d221,346,,Desulfovibrionaceae bacterium strain DFE_NIT,0.9927,0.9902,False,False,2049043.0,1
8298bcdb584afbb1bdb72e7abb796243,397,,Micropruina sp. 5N128,0.9956,0.9907,False,False,2737536.0,1
84062ea22d23db6a01c565ec5523d81e,369,,Flavobacterium psychrophilum KMO-2406,0.9829,0.9858,False,False,96345.0,476
be1d4c6accdb6c0d6ca7a1e0db1c63fb,393,,Fimbriimonadaceae bacterium AMR_MDS_5502,0.9849,0.9868,False,False,2682144.0,1
8489763884add5fd5b86c463d80a278d,374,,Propionibacteriaceae bacterium strain Ribe_18-Q3-R11-54_BAT3C.101,0.9961,0.9927,False,False,2021380.0,1
2ee31d39fe1412553e3cbaea7c8a4d67,371,,Betaproteobacteria bacterium strain Fred_18-Q3-R57-64_BATAC.422,0.9946,0.9927,False,False,1891241.0,1
e46b80ea322121d9038890cc3410f1b9,395,,Mediterraneibacter faecis 47-1_09,0.9956,0.9946,False,False,592978.0,1
82ea83511804f1d0a5b3fe28fe350f2c,377,,Eubacterium aggregans strain SR12,0.9917,0.9897,False,False,81409.0,2
2e629a245a33dc88d99de2c8d9e0b216,387,,Pseudomonadaceae bacterium CTOTU49256,0.9985,0.9907,False,False,1914538.0,1
34718f0afd4e47caea8aae283c0f5406,368,,Acutalibacteraceae bacterium T1900044631_TS20190097.MAGScoT_cleanbin_000009,0.9976,0.9932,False,False,3077420.0,1
c04c09c53250784807c31aa13f822fe1,370,,Spirochaetes bacterium strain FW300_bin.19,0.9873,0.9844,False,False,2202144.0,1
dfbbce19b1bc5453bfb444e3f568a5ec,377,,Methanobacterium formicicum JCM 10132,0.9893,0.9858,False,False,1300163.0,1
7737a66fdaa3850b656f45f9cc17fb93,395,,Methanobrevibacter arboriphilus JCM 13429 = DSM 1125 strain DH1,0.9966,0.9888,False,False,1300164.0,2
59c3ac9deb1ea4fa232648b8f4b28a36,372,,Fictibacillus aquaticus CCM 8782,0.9902,0.9863,False,False,2021314.0,2
dadee534fc569a6d56bf35dd37119e02,370,,uncultured Lentimicrobiaceae bacterium binchicken_co263_295,0.9946,0.9917,False,False,2584004.0,1
07127b6c8fc6a9dc81dd0e8c7671be80,374,,Thermoleophilia bacterium AnMBR.bin144,0.9995,0.9883,False,False,2026888.0,2
d507739f21b50e7da4bcbf7a7a2ea121,370,,Lentimicrobium saccharophilum strain TBC1,0.9956,0.9907,False,False,1678841.0,1
d173baa99a72cc768d97c17cf7f2424c,389,,Aquamicrobium lusatiense D-9,0.9951,0.9927,False,False,89772.0,4
0076646b67a05bdb4dd624ec0945e62c,372,,Lentimicrobium saccharophilum strain TBC1,0.9917,0.9878,False,False,1678841.0,1
27f9f2f9ea4b00c85219ad536764faa1,372,,Massilibacterium senegalense strain mt8,0.9932,0.9902,False,False,1632858.0,2
b6c19406cbfb8b024ef8d24181b1b819,370,,Tianweitania populi KCTC 42249,0.9941,0.9937,False,False,1607949.0,2
6d895cdfe89d25dc579a9c3905c1ad68,395,,Helicobacter ganmani MGBC105162,0.9946,0.9937,False,False,60246.0,1
9560e4972e8046c341e33c5455f39420,387,,Anaerosalibacter sp. Marseille-P3206 strain Marseille-P3206,0.998,0.9937,False,False,1871005.0,1
7df1941b2f205401a1e303c18dfcb5e4,371,,Proteiniborus sp. MB09-C3,0.9966,0.9907,False,False,3050072.0,5
95c748a8d89d2bfe4aafcbd6070422a9,374,,Thermanaerosceptrum fracticalcis DRI-13,0.9976,0.9946,False,False,1712410.0,1
c07944d9bc5b69d80662d68f09d8fbb4,374,,Lutispora thermophila DSM 19022,0.9951,0.9927,False,False,1122184.0,1
3abb91a6f1d0a10fef3873be9c7c7149,374,,Christensenellaceae bacterium strain SQ_MAG_4,0.9971,0.9946,False,False,2054177.0,1
bf65217930e4318bf77921b3c64a98d5,369,,Bacteroides uniformis strain Bacteroides uniformis CECT 77711,0.9946,0.9937,False,False,820.0,1
069542283eb54c7a749da63bb4204831,391,,Enterococcus faecium strain ISMMS_VRE_7,0.9902,0.9873,False,False,1352.0,17
fd8b9f0334e7dc4b6c8df23989d0338e,392,,Klebsiella pneumoniae FFDD-992,0.9985,0.9946,False,False,573.0,4909
43d67e1ce7eecf7458f714c110d161d5,396,,Romboutsia lituseburensis MY01,0.998,0.9956,False,False,1537.0,4
096a35b50fcf7f2a0a2024a4dad55bab,372,,Synergistaceae bacterium strain SM1-B17.2,0.9937,0.9912,False,False,2053624.0,1
78532b4618bfea368dfe10951ddbf5fe,377,,Actinomycetes bacterium N_bin.13.orig,0.9878,0.9849,False,False,1883427.0,1
6c1d49e71ba87a699c35e8ae7549ea98,372,,Oscillospiraceae bacterium MB24-C1,0.9946,0.9907,False,False,3070655.0,4
5b471f2048077b60e75a72008f312bff,372,,Lascolabacillus massiliensis strain SIT8,0.9951,0.9932,False,False,1627894.0,5
bfe8d502e380071034a7aa7c9e56de56,393,,Anaerolineae bacterium F3_97,0.9858,0.9795,False,False,2052143.0,1
edb3a254eb3f2e858f60f8ccbd76cadc,371,,Lachnospiraceae bacterium AnMBR.bin497,0.999,0.9941,False,False,1898203.0,1
6b6ab36584c143c9ee24a4aa735f0e53,373,,Blautia obeum strain AM41-5,0.9946,0.9927,False,False,40520.0,94
c1780feec5ab45ac27fab43e831dc384,373,,Porphyromonadaceae bacterium KHP3R9,0.9932,0.9897,False,False,1855398.0,2
66e3776391b519ba25ba547c36135f4e,370,,Streptomyces venezuelae NPDC057007,0.9946,0.9917,False,False,54571.0,1
5bbc3c6bf73384abdd1b82fd59da71f6,392,,Candidatus Limiplasma sp. f42c1da1-e33c-4644-afb9-aff4e64e7ad6,0.9966,0.9932,False,False,2952930.0,3
55e55fef9eb6e14a254537eba4947311,373,,Anaerolineaceae bacterium maxbin2.bin.9,0.9917,0.9897,False,False,2024896.0,1
4052ad7208717391c9277f1041875b5e,372,,Rubeoparvulum massiliense strain mt6,0.9917,0.9878,False,False,1631346.0,2
3521140a9abbfb1ed8d6be3ce25fa48b,392,,Dehalococcoidales bacterium STD1_187,0.9951,0.9912,False,False,2026733.0,1
235cecb983088e1e7e515d60ffa5241b,392,,Stenotrophomonas acidaminiphila CTOTU49681,0.999,0.9946,False,False,128780.0,11
373b24ca711a549a9a098219879c0d47,371,,Methanobacterium formicicum strain Mb9,0.9956,0.9902,False,False,2162.0,5
5dc72706c08b5bf19c3eb0bc92e23362,371,,Methanobrevibacter arboriphilus A2,0.9927,0.9893,False,False,39441.0,3
e5e19986a4acee87091482f691a1396f,372,,Spirochaetaceae bacterium 2-no_aug_S1_011,0.9927,0.9888,False,False,1898206.0,5
3fafff6e120eb323ee7a135e6bff6a5d,388,,Erysipelotrichaceae bacterium RS262_metabat.bin.6,0.9966,0.9937,False,False,2049044.0,1
661abca79e265b3ee6a7c8d22090737d,376,,Paraclostridium bifermentans SampleS7P1,0.9951,0.9902,False,False,1490.0,1
72950b26cbd1bf74be7b6605ca95ec34,398,,Nitratidesulfovibrio sp. 1201_IL3209,0.9966,0.9873,False,False,3084053.0,1
b72e0f89f4127e4f0b91d3bc40a63766,376,,Saccharopolyspora sp. NPDC049357,1.0,0.9927,False,False,3154507.0,9
8d9e04bcb72dc816e2a95089bcea61eb,373,,Christensenella sp. MSJ-20,0.9995,0.9868,False,False,2841518.0,1
41f99c44465eb2939503fc0371a28a63,391,,uncultured Alphaproteobacteria bacterium MFD06157-9B.bin.2.1863,0.9888,0.9893,False,False,91750.0,1
6485c37d83d17b68e3abb2d6c2749df5,374,,Bryobacterales bacterium UW2SPNA014,0.9956,0.9844,False,False,2026791.0,2
f78abd34d9f99dfc6481d847ff918abb,395,,Gordonia paraffinivorans strain F11-ML1822/201,0.9966,0.9917,False,False,175628.0,14
132a867d0cff8733fee3f3f6603f7dc6,390,,Achromobacter denitrificans strain FDAARGOS_787 strain Not applicable,0.999,0.9937,False,False,32002.0,30
57568ab86419e6655ce098557e7735c9,389,,Cupidesulfovibrio sp. SRB-5,0.998,0.9883,False,False,2872636.0,10
4ca427ab336fc6142916043c5e209596,372,,Candidatus Wallacebacter cryptica M4b_bin43,0.9961,0.9897,False,False,3082386.0,1
e56ff94be490db15f612984e45450ce3,372,,Lentimicrobium saccharophilum strain TBC1,0.9937,0.9897,False,False,1678841.0,1
333f32bb3f9df5675182ceda88bba911,389,,Bosea minatitlanensis #10 (MBG-DUTH)/DSM 13099 (ELTE) strain #10 (MBG-DUTH)/DSM 13099 (ELTE),0.9971,0.9951,False,False,128782.0,11
c6f278d31a988e901dc047ef3153fbb1,370,,Bacteroidaceae bacterium MAG11065,0.9951,0.9941,False,False,2212467.0,1
fce23542da16aacb812dcdafbecf051c,373,,Citrobacter portucalensis 64A:C,0.9966,0.9917,False,False,1639133.0,1
646c600381d6a1b866b50959f3dba7b2,396,,Neobacillus sp. PS2-9,0.9863,0.9873,False,False,3070676.0,4
76bfb4e09e6ad08f8a206e9a5debe694,373,,uncultured Sporobacter sp. 345903d0-cd28-47e6-9f6f-9f74e2cead0e,0.9961,0.9937,False,False,867686.0,3
2431116edae2b92d4b0a6f216b34dbb8,373,,Cronobacter sakazakii strain cro1509W,0.9912,0.9878,False,False,28141.0,1
41b7916d2b012fea3c6c34d266345668,370,,Fermentimonas sp. AnMBR.bin486,0.9937,0.9888,False,False,2023870.0,1
6756b73ed946f9414120e893b63568d5,377,,Methanobacterium formicicum JCM 10132,0.9849,0.9844,False,False,1300163.0,1
a78e9b647bb90b68b85b5c924f0a8bc0,388,,Rikenellaceae bacterium CA_44,0.998,0.9902,False,False,2049048.0,1
d5d6dc4f4eb9678a8eda6557652e329b,377,,Eubacterium aggregans strain SR12,0.9902,0.9902,False,False,81409.0,2
9ab99324a368b3af929987cc1e2bb956,372,,Burkholderia thailandensis strain AW34-19pp,0.9966,0.9932,False,False,57975.0,1
3cce19ea306b1aafd7cd22fdc1bcefd6,374,,Mycobacterium tuberculosis ERR176796,0.9985,0.9937,False,False,1773.0,1
5fc9bb027baf249cda2d48b9d5bcee2c,375,,Methanobrevibacter arboriphilus JCM 13429 = DSM 1125 strain DH1,0.9897,0.9829,False,False,1300164.0,2
f0334c3272bbee3d861fa082350b5374,370,,Petrimonas sp. IBARAKI,0.9976,0.9917,False,False,1978337.0,5
43dffb075674335d54d49850882a7c5e,372,,Burkholderia multivorans ABIP2226,0.9971,0.9946,False,False,87883.0,426
201b998d07e1a35d39e59a0c3447f1e4,372,,Acinetobacter sp. SAAs474,0.9961,0.9946,False,False,3036710.0,3
05925c1c63113425269afd1340361c52,375,,Mesotoga sp. AnMBR.bin190,0.9932,0.9883,False,False,2053577.0,7
7e07d92eab06d89b09f0c89c8e30de6b,393,,Dysgonomonas mossii strain 19428wE4_P11,0.9976,0.9951,False,False,163665.0,13
7e3579bed6d01cac3f73b2e45ee36852,395,,Aminiphilus circumscriptus DSM 16581,0.9912,0.9897,False,False,1304874.0,1
12198ade971f92bb157e2a699be09bc8,391,,Clostridium botulinum strain AM282,0.9961,0.9932,False,False,1491.0,1
487184f5513359baac0176c9a150e1ea,373,,Mycobacterium tuberculosis BF01462180_S24,0.9976,0.9971,False,False,1773.0,1
197e3a5e450911182da7403a01b477d5,373,,Cronobacter malonaticus R2_Bin_Bin_206_1,0.9941,0.9902,False,False,413503.0,1
7b6ecabe8f3fae795ee25df066ea90fe,378,,Methanobacterium aggregans strain DSM 29428,0.9937,0.9888,False,False,1615586.0,1
9cb41b1fe78219846cde88d8c68f0dbe,372,,uncultured Gammaproteobacteria bacterium MFD09964.bin.1.117,1.0,0.9829,False,False,86473.0,5
4d8b87bb1c80a21e5d80851c8f8c1a91,374,,Chloroflexi bacterium strain Ribe_18-Q3-R11-54_BATAC.253,1.0,0.9849,False,False,2026724.0,3
8a2c442a314a7a38b0dd2f26401b5bbb,368,,Ignavibacteria bacterium AS-MICRO-OLR.79,0.9995,0.9907,False,False,2053306.0,6
87671eb172dd57036886a3c5e0c4da8d,391,,Citrobacter freundii NY2385,0.9971,0.9946,False,False,546.0,1
01b7b2f1ca2a80d06d14877e3b3a0182,373,,Atlantibacter hermannii CTOTU48948,0.9922,0.9873,False,False,565.0,1
478fa149d72ab4d5a1c35d4fd7c3f6d8,388,,Clostridiales bacterium BAD-6,0.9985,0.9946,False,False,2818044.0,1
2386e7f0ed5d187b06bed4a743e7db83,370,,Paludibacteraceae bacterium 652e5631-a02e-49fa-becf-c47b9cb2a942,0.9937,0.9902,False,False,2748031.0,1
eccd8d734ee6af96b42328e6e5a1d507,371,,Proteobacteria bacterium OH_PBlB_80,0.9985,0.9956,False,False,1977087.0,1
2919ca12aa75e54dc25b4e3750d8712c,390,,Synergistales bacterium UFZ-4H10,0.9951,0.9883,False,False,2268201.0,10
08f0179cb02459891d87167ee734be6a,370,,uncultured candidate division WWE3 bacterium SRR6007446_bin.103_CONCOCT_v1.1_MAG,0.9946,0.9907,False,False,422285.0,1
ca260e01990acd1b27aa3f46c03d1814,377,,Lascolabacillus massiliensis strain SIT8,0.9941,0.9922,False,False,1627894.0,5
0ed43372f2f3ba933197e54d759f7dfa,401,,Ochrobactrum sp. MT180101,0.9966,0.9956,False,False,2726427.0,1
9c958ede3f88bbd0ae42120738cebe7d,371,,Methanobacterium sp. YSL,0.9937,0.9883,False,False,2841655.0,1
940021f82a61b343178e7948608b3049,374,,Litorilinea sp. AnMBR.bin499,0.9956,0.9883,False,False,2838787.0,2
456eeadfe2b29bbb02faf52fd407b6e6,374,,Candidatus Cloacimonadota bacterium USMO_maxbin.063_sub,0.9966,0.9937,False,False,2030808.0,2
2c4835acd29039a6271cf50ec873938b,339,,Synergistaceae bacterium DJKA105_NP-J24_bin.34,0.9961,0.9854,False,False,2053624.0,3
b169fa21237421cae0266976608044cc,369,,Bacteroidales bacterium SUG989,0.9927,0.9907,False,False,2030927.0,1
469da3cc4a3e8928f310c6030cffd8b7,374,,bacterium CSMAG_1176,0.9917,0.9858,False,False,1869227.0,1
f7959b5a39df046e03aa118d75b1f770,372,,Candidatus Vallotia cooleyia 19-005_Vallotia,0.9966,0.9937,False,False,1177211.0,4
63cfaf29532d78cc373acf2c16aa1925,372,,Synergistetes bacterium strain J.5.4.2-T.3.5.2,0.9932,0.9907,False,False,2268202.0,2
9e13d93777151eb613fe284d55d30c88,374,,Ferrovum sp. clean6430,0.9868,0.9824,False,False,2609467.0,1
44f36296fa6c3d11f304f1300a6aa365,366,,Candidatus Obscuribacteraceae bacterium ME2014-11-02_3300042937_group5_bin83,0.9946,0.9932,False,False,3121628.0,1
ce5361854b9f05e5d9b70bf54f71176e,374,,Syntrophomonas sp. DTU018,0.9946,0.9917,False,False,1671629.0,2
3115ae1d2080a58703f7d1b3f173f747,370,,Succiniclasticum sp. R83_purified_bin24,0.9971,0.9883,False,False,2775030.0,1
4a177a56233c1d0e0e671ddc7f49baf3,372,,Burkholderia multivorans strain 785H,0.9966,0.9917,False,False,87883.0,455
8043f26c1736a3f674ef1121d173c3f2,377,,uncultured bacterium CTOTU25640,0.9902,0.9878,False,False,77133.0,1
1ac4b8ed3e2b40be0cbd32ecc6bb0b1e,373,,Sphingopyxis sp. BSN-002,0.9956,0.9897,False,False,2911495.0,1
974ef761042d5fbf7b56f8ce47c2835b,372,,Aminivibrio pyruvatiphilus strain DSM 25964,0.9946,0.9907,False,False,1005740.0,1
6646c8006e8b8888438aa97bce9800c2,370,,Proteiniphilum sp. JNU-WLY501,0.9956,0.9932,False,False,2829812.0,3
7a930632221fc23ee8e8a505e317770b,372,,Candidatus Limnocylindria bacterium MAG117,0.9927,0.9912,False,False,3047546.0,1
e43ec76f89f5610f7128687a95970eea,373,,uncultured Prevotella sp. DRR214960_bin.38_metaWRAP_v1.1_MAG,0.9941,0.9937,False,False,159272.0,4
69290b70224c7c14a461b0d92d6458ba,374,,Clostridioides difficile strain Cd21,0.9937,0.9922,False,False,1496.0,1
41462a2ea2ecfae926f39321194827f4,374,,Petrimonas sp. IBARAKI,0.9932,0.9927,False,False,1978337.0,5
0403d7903ae5f0b670561050b6df30cb,377,,Mesotoga infera strain MESINF1,0.9854,0.9824,False,False,1236046.0,11
366733dfd74c03f461869ba27c83b891,371,,Firmicutes bacterium OH_CBB_126,0.9961,0.9937,False,False,1879010.0,1
b4ececcefd46ce904966bef46cd47514,369,,Cronobacter dublinensis strain cro2915W,0.9971,0.9922,False,False,,1
562cf6de43317542399213abb9dcf723,341,,Aminiphilus circumscriptus DSM 16581,0.9985,0.9897,False,False,1304874.0,1
2ab40949d8357b8b2b94e93f42f0232a,371,,bacterium SMAG_U9834,0.9897,0.9863,False,False,1869227.0,1
6c26f4101bb7e59db24306de2d029866,374,,uncultured beta proteobacterium MFD09848.bin.2.23,0.9951,0.9937,False,False,86027.0,1
d5e939a80cd935256424832c8135ab67,378,,Fimbriimonadaceae bacterium GM_bin6_OCT21,0.9932,0.9917,False,False,2682144.0,1
9b84a74b6116e653afc652d82998957e,377,,Methanobacterium formicicum JCM 10132,0.9907,0.9863,False,False,1300163.0,1
ddbba23c5dfc594b5d75665ac3a0c499,374,,uncultured beta proteobacterium MFD05942.bin.2.127,0.9927,0.9907,False,False,86027.0,1
a76b0ad2c68a8e04fdc75312ba7162a2,374,,Christensenellaceae bacterium c6a5e122-909e-4aed-a635-5b19112204bb,0.998,0.9922,False,False,2054177.0,1
a97816a0b52b71fe5a7fc8bd537232e1,373,,Mesotoga infera strain MESINF1,0.9907,0.9849,False,False,1236046.0,11
d1a1aa662f58882236fe1052f54f54e4,374,,Anaerolineae bacterium SMAG_U14156,0.9951,0.9922,False,False,2052143.0,1
12eac95c2363f05d1ee0165b482a441b,372,,Mycobacterium abscessus subsp. abscessus strain 3384,0.9966,0.9941,False,False,1185650.0,1
a15ebfffea4805eb11e6a8a863299b6b,377,,uncultured Thermoplasmata archaeon MFD00991.bin.2.14,0.9927,0.9912,False,False,376542.0,5
4e30c15ffca7105949402a82b0d91683,372,,Bacteroides heparinolyticus strain 3012STDY7078512,0.9951,0.9951,False,False,28113.0,2
bb189f50d84fff9f651961e4aa4973c3,369,,Erysipelotrichaceae bacterium RS262_metabat.bin.6,0.9951,0.9932,False,False,2049044.0,1
b34dc27e49d5139cf1011ee1e6032115,375,,uncultured Actinomycetota bacterium MFD09368.bin.2.111,0.9985,0.9917,False,False,3039803.0,1
971027654a67e0d6c6abb5e155875f8e,373,,Oscillospiraceae bacterium bin.684,0.9976,0.9902,False,False,2485925.0,3
38f1741fa5bc42ca4fda255fde5fde58,374,,Legionella worsleiensis type strain: CIP105114,0.9971,0.9902,False,False,45076.0,3
f942e5771e9c0960bcb688baaa716f30,374,,Pirellulales bacterium MFD02416.bin.1.42,0.9995,0.9878,False,False,2715253.0,1
ca3a67eb199d56c1472b1d1ae03a1060,374,,Dehalobacterium formicoaceticum strain DMC,0.9966,0.9912,False,False,51515.0,1
b3848fcb6cb7ac786f17897a46e4a681,373,,Christensenellales bacterium AnMBR.bin221,0.9961,0.9927,False,False,3083246.0,1
3cabb3834aa4f8f1c38942df4a372056,372,,Christensenellaceae bacterium OttesenSCG-928-K19,0.9956,0.9932,False,False,2885218.0,1
0178b723069ffabda95a54df3a6a4f3f,374,,Anaerocolumna sp. AGMB13025,0.998,0.9951,False,False,3039116.0,6
f254d2cc030e8a1ed05861537c4dfe86,374,,Christensenellales bacterium AnMBR.bin500,0.9976,0.9946,False,False,3083246.0,1
2e380222b4128117ac8a61f1e8c13ada,372,,uncultured Alphaproteobacteria bacterium MFD03066.bin.2.28,0.998,0.9932,False,False,91750.0,1
5a462824de896daa8561fc9f99347b0f,374,,Bacillota bacterium binned_ad_9.77,0.9985,0.9946,False,False,1879010.0,2
6016284cfbfb502783dfcad77e50e749,374,,Eubacteriales bacterium mix99,0.9976,0.9951,False,False,3039678.0,3
ac74fe089faa43a91391d844a83c44d2,372,,Achromobacter sp. CA_2019_NHSR_37,0.9971,0.9932,False,False,134375.0,2
1f78df0d7b75ab87466e66a9d9acf2cb,373,,Evtepia sp. bin.893,0.9961,0.9893,False,False,2773933.0,4
d6ab0cd3886c271ac99b1f33c26f4e45,374,,Sporomusa aerivorans DSM 13326,0.9976,0.9946,False,False,204936.0,1
a1813ce3f72d96fb9f4263ed38be432f,373,,Sporobacter termitidis DSM 10068,0.9966,0.9907,False,False,1123282.0,1
e70ce5e53ecded4a5d878b0f3e0eb2d2,374,,Clostridium sporogenes strain FDAARGOS_1471 strain Not applicable,0.999,0.9937,False,False,1509.0,21
55f98706d860ce102b8bd44690feb79d,372,,Christensenellales bacterium AnMBR.bin221,0.9966,0.9917,False,False,3083246.0,1
648e7c40b893d19a0a37273a6e507e90,372,,Clostridium sp. TW1,0.9985,0.9946,False,False,1604897.0,2
705d47705664e0e9d6dd0e670d8c2081,374,,Syntrophomonas zehnderi OL-4,0.999,0.9946,False,False,690567.0,2
f3082c2e28d3436ef615bb6541defb48,374,,Clostridia bacterium strain INTA.CYC.057,0.9966,0.9893,False,False,2044939.0,1
2fab6fd26dd55de5095ef7e45c45017b,374,,Clostridium polynesiense strain MGYG-HGUT-01479,0.9985,0.9951,False,False,1325933.0,2
00a1a32589b4628bbc46f04b83b89d22,373,,Pseudomonas sp. J452,0.9985,0.9941,False,False,2898441.0,11
b13d7ef2ef19be5671b83ea1e7761202,372,,Bacillota bacterium JPMR_metabat.40_sub,0.9976,0.9897,False,False,1879010.0,1
4c41a7fd62f9ed9348949825d0bd354c,374,,Clostridium peptidivorans strain src2,0.9995,0.9956,False,False,100174.0,2
45e45a5d19d0054210f4ce3e605c6e80,372,,Mesorhizobium carmichaelinearum JJ-M3B2-104-1-m1-bin324,0.9966,0.9951,False,False,1208188.0,1
fef9026196726437d83021276c40e95c,372,,Veillonellaceae bacterium strain AS27yjCOA_2,0.9932,0.9917,False,False,2049049.0,1
0a080f68f8c16188fe250be4dbeecae5,373,,Bacteroidetes bacterium 4-aug_S1_005,0.9966,0.9893,False,False,1898104.0,2
