asv,old_top5_best_pid,old_top5_mean_pid,emb_top5_best_pid,emb_top5_mean_pid
0fec351445f84bd482075ceda6123f46,98.14814814814815,94.40200471862741,100.0,97.93650793650794
63f37ee4b481fccdffca10160ed5b944,100.0,99.73544973544973,100.0,98.57142857142858
7f78afb7e1d45cd528fe9cd909c93fb5,100.0,93.08960936620511,100.0,99.36507936507937
b64cf0e9dea8cef6b9500b364c179b98,100.0,99.94623655913979,100.0,99.78494623655915
c55a8101fb6c187736f0af61f720cb92,98.91891891891892,98.37837837837839,98.91891891891892,98.0
8466f2635d9fbf9c51a04877474f3d09,100.0,99.6774193548387,100.0,99.56989247311829
83adaf3a09d08c93f2abea6a4c815592,100.0,98.51351351351352,100.0,98.32432432432432
35dbde30af820a2c3bcd85216229ad6a,100.0,99.89417989417989,100.0,99.73544973544972
04869be25e3dc4d526ce3824d407aedf,100.0,99.5956873315364,100.0,99.02964959568733
25c54c57b4a4283237b33fdae82003c0,98.38709677419355,96.24719682594446,98.38709677419355,94.29049647856708
a039c1ac15b3f4bc5cf1db8a5f1cc0fd,100.0,99.83827493261455,100.0,99.62264150943398
38b371de3be6ddef03bea94294e9830d,100.0,98.94179894179895,100.0,98.62433862433863
37a9f9625f201b6e61c29ac09ec54683,97.86096256684492,97.86096256684492,94.11764705882354,91.60969696969698
c571cb007a7d9e2dfc56e8c0b4e24104,100.0,100.0,100.0,99.73190348525469
d3cf08daefed96f494257ceff63a6cf8,100.0,94.14166333922765,100.0,99.03485254691688
b3d8bf326297fb9b18ea4fef1ce8d4a6,100.0,99.86522911051213,100.0,99.46091644204853
a5b2537343a26f4daf0379a8b46eb2ef,100.0,99.73045822102426,100.0,99.35309973045824
e6485d233ed2b8b9a2f3f50f0747b9d2,100.0,98.64864864864865,100.0,98.1081081081081
09ee5eb3e6c726c7c8242f6e97453fc2,100.0,98.4126984126984,100.0,98.46560846560847
4c31c3e198534eab45b6d92b61f75b10,100.0,99.73045822102426,100.0,99.4080224907979
be9dcf562f0ab066c0b252d527a42d19,100.0,99.82030548068285,100.0,99.19224415268238
e75fd72fb216d3d4c964602d8c338f65,100.0,99.7860962566845,100.0,99.62566844919786
430c875622713c0d7662add2d8e7db60,99.72972972972973,98.5945945945946,99.72972972972973,98.05405405405405
e144d237c973d831d708cac2c17df968,100.0,99.59016393442623,100.0,98.25136612021858
ec92f6331d8ecb50e3f0dee8fbf3bcb0,100.0,100.0,100.0,95.24324324324326
6aa300d5323cbf75dc53cec3e6acb87c,98.39572192513369,96.84491978609626,98.39572192513369,96.31016042780749
8e6faab8acc1bdcba46f098a739aec14,99.73118279569893,99.73118279569893,99.73118279569893,95.53763440860214
d42912a22b570ab99938b745999ae2cc,100.0,100.0,100.0,96.32432432432432
b7806c4f83108800a9c32dc83c148d95,100.0,100.0,100.0,92.24932249322492
4bea53b2aad77f2569a0182f6b84255e,100.0,100.0,100.0,96.75850513586363
472fdc0687378563f0c9da6da7638e1a,100.0,99.33155080213903,100.0,98.1283422459893
93fadef301b62aa732e42bf1142b3afa,81.35135135135135,81.35135135135135,99.72972972972973,94.86486486486487
da47a34fd036b068ca0c5eaf185e2082,98.38709677419355,92.08561574355853,98.38709677419355,92.06366881265339
765b69d9c4313cc8630769db523cc54c,100.0,98.98123324396782,100.0,98.98123324396782
e9e060e5e0e46911cad92b8292aeefd7,100.0,99.86631016042782,100.0,99.41176470588235
29b313a5262947210e3e9de415abaead,100.0,99.89247311827958,100.0,99.51612903225808
ea156f972cd3802c3fac147e4200ba7a,,,96.21621621621621,94.32432432432432
01bc6f144e0f577c7a5364ebafdb3509,98.9041095890411,98.76712328767124,93.15068493150685,90.90853412965166
3343d19c0bc1759a66023cbc86c92592,99.19571045576407,97.7479892761394,99.19571045576407,97.80160857908847
0709277372b3816e3986842fb10c8e96,99.72972972972973,99.72972972972973,99.72972972972973,98.48648648648648
a82691ab5fd4e8d3d3b23b7958c8e764,90.64171122994652,90.64171122994652,91.2,90.59294117647059
181a2b6fbc1d5f5de022772f08fb875c,97.58713136729223,92.64114492982179,97.58713136729223,96.03217158176945
28f1a500a5a6ebd1cede9322b50bcaad,100.0,100.0,100.0,90.49426024955437
5976a56adfe903f7348b5eb5689e3c55,96.21621621621621,92.43243243243244,94.32432432432432,94.05405405405405
ff6f97ce50ea01298f8e58b53b97d489,100.0,99.89276139410188,100.0,99.78552278820375
499a635c6e7dcd5c8ef518302aa50011,100.0,99.86486486486487,100.0,98.27027027027027
4b50be28c2cc7c6a4dbc6300155c5218,100.0,99.86559139784947,100.0,99.08602150537634
19463e5fe824700110e4a4ec8afe0512,99.73544973544973,99.73544973544973,99.73544973544973,97.83068783068782
cd05a4b1cda569ae366c6980823f4c72,97.05882352941177,96.84491978609626,97.05882352941177,95.24064171122994
c7553191e309cfc2e28aea2507e7afdf,99.73045822102426,98.6522911051213,99.73045822102426,98.86792452830188
9feda0d620fa50b57ce3f848e1b48975,100.0,99.89247311827958,100.0,98.65591397849462
07e00e1bcc9d9a3c50591f721785e591,94.91978609625669,92.44699000731173,94.91978609625669,91.28012501612879
28b5f35cfb5f0516e5e5f896428abdcd,100.0,100.0,100.0,98.76344086021507
113b0d8ebf97fc5aba85fa06ecfdbb1a,97.59358288770053,96.92513368983957,97.59358288770053,95.66844919786095
cd1f95189b8375347f827f4a8b08dcf7,98.9159891598916,97.19963866305329,98.9159891598916,97.61295481807278
793ecb5ed65cd96425a35698e8ab9e78,100.0,92.85950224141507,99.73190348525469,89.86173089128255
1f4fb4bfdca6c9d13106ed533362a62e,100.0,99.73262032085562,100.0,97.80748663101605
e8e82cf023a3abd684fe7e817acc9bf0,99.46524064171123,99.46524064171123,99.46524064171123,95.23074937993722
5631fe818e588992529f6071afc9cda5,96.79144385026738,96.524064171123,96.79144385026738,96.0427807486631
deb262fd92af4fdcd3b6240303048b2a,99.46524064171123,99.46524064171123,99.46524064171123,91.91925563791202
58b2cf308363fb35b932620518786116,100.0,100.0,100.0,93.53099730458221
abaecd8b82d14efc7ccc4dcb7f864cba,100.0,97.4511016849299,100.0,98.42671144102745
b4eac52cfa36ce63f24be2fc530ad204,99.1891891891892,99.1891891891892,99.1891891891892,97.1891891891892
f63e76a4ce2cd0f7f39e8195d8302dcf,100.0,99.94652406417113,100.0,99.7860962566845
d863bc6a2fa6a8a93787e45a6abe3304,100.0,99.82174688057042,100.0,99.67914438502676
52708c2cfa926ba9b2f69878c97cee2c,100.0,99.5698924731183,100.0,99.62365591397851
efbade8cc54695abfc5c07f21eecb6e7,100.0,99.94638069705094,100.0,99.73190348525469
bb617d32673d5f60d6216a07ad7a42bc,99.46091644204851,99.19137466307278,99.46091644204851,97.84366576819406
206069e5a5041e6c7f39a4141aefdc19,98.1283422459893,97.00534759358288,98.1283422459893,96.63101604278074
a49becf5a5dbcb201f091757c62fc6bb,100.0,99.91015274034142,100.0,98.81459427819891
d02e8e093df5064814273f652473189e,98.65951742627345,97.58713136729222,98.65951742627345,97.69436997319033
d48429274cd09a4257ad8b24c009e8fd,95.4054054054054,92.38843155824289,95.4054054054054,94.8108108108108
0b736ddea36ed16291fa058fe28061f8,96.49595687331536,91.60408946402394,96.49595687331536,88.10910952375514
7d537f12eaa3231c2c2b58b74901051c,98.39572192513369,98.39572192513369,98.39572192513369,91.68547953449774
5cb2b4186e2e95521540e2ccbafcb4c9,100.0,99.55076370170711,100.0,99.13746630727765
659d1fe872c9b31a9e0b81eef5ca6218,98.13333333333334,98.13333333333334,98.13333333333334,87.23145173730646
a43c475502b54cdee1385dcca3109bfe,100.0,99.67828418230563,100.0,99.51742627345844
e1382120e151d51cb3b3b6900845f1c8,99.73045822102426,99.73045822102426,99.73045822102426,98.81401617250674
19083703874fec5c0e976f6ca4fa6bc9,100.0,99.91111111111111,100.0,99.19999999999999
868a2dd217365ddd6d6ab64d48aeed4a,94.38502673796792,91.11281558687332,91.15281501340482,90.0972029074852
21ceeb224e15175f0c85797abce40d0a,100.0,100.0,100.0,99.35483870967741
de329304e57f0e32da3a08e64625a2e1,97.85522788203754,97.72117962466488,97.85522788203754,96.89008042895442
dc9b83b9dbf521d0d0b0e1576e44d06a,96.79144385026738,92.13642394613218,96.79144385026738,87.16568823386045
3badde1c4760a921d723409ee05fead0,100.0,92.49573023157929,100.0,93.38680694432368
09383f3babfd32418e7ba07634680e12,100.0,100.0,100.0,98.81720430107526
66575db7635d648549a9eb5a4eafb710,96.01063829787235,93.43927560966361,96.01063829787235,93.49260894299691
df94cb7c1f51d6e7df4a969d561b0a4d,100.0,99.29266136162687,100.0,98.9920424403183
3679eb1918d142d7e468ea32c2f42595,99.73118279569893,99.73118279569893,99.73118279569893,99.56989247311829
ac9e79a82beb3b70c0c7193fff0a8524,82.03753351206434,82.03753351206434,97.30458221024259,96.60377358490567
ec716420b2bb28ff5cfc5b19edbe2dfa,100.0,99.83870967741936,100.0,99.67741935483873
cb08126894ac0c8eeddc7b86d1ab1eb9,97.86096256684492,97.32620320855615,97.86096256684492,95.98557726770942
42655605abb4cc7bd5f1be954adf23b0,97.86096256684492,93.9572192513369,97.86096256684492,95.88235294117646
b47908de018aea1744738eba767e1034,98.6449864498645,98.6449864498645,98.6449864498645,95.87825497820195
6e50cfec46931f3d8e0af8e75af55b43,97.85522788203754,96.7885765078637,95.97855227882037,95.28150134048256
0eff2f70a09cbdfd1a1684adcb990931,100.0,100.0,100.0,96.0752688172043
f876e4d5cbaa6ac5f3c225bcaf146791,94.66666666666667,93.01702127659574,92.8,86.43058336625468
dcc552ee0bfe584a9f79fd3d7893047f,98.65951742627345,98.5254691689008,98.12332439678285,97.53551920402575
b180a2455b236c103cf0bfe620095736,100.0,100.0,100.0,99.78436657681941
5040d210b906c738569bf1c3505ad558,100.0,99.33155080213903,100.0,97.80748663101605
c05932b0e9b0bcf5f076c8971c6bab60,99.73262032085562,99.73262032085562,99.73262032085562,92.65429886309875
db5aaacffe4ca31116f5b0e292074588,95.97855227882037,95.33512064343162,95.71045576407506,95.06702412868633
212e304679f170a464d2616b3f94a250,100.0,99.19354838709677,100.0,95.86021505376343
e1c573f885ed4c9191a32116f583d78a,94.38502673796792,85.67682221999208,94.38502673796792,85.86173782840127
3487ee381e9bba57861b67ac3936d665,100.0,100.0,100.0,97.42627345844502
89dfaf0aa4a8af8e27a826ba8dd97044,100.0,100.0,100.0,96.79907505596795
e357ec372ce3fdd9cc473b8f57edc002,100.0,100.0,100.0,94.86631016042782
acb819d2b09f090ba6c3112028bbc54b,100.0,99.86631016042782,100.0,98.55614973262033
492422c8881f2e782fccb0225f1c68ab,100.0,100.0,100.0,98.44086021505376
8db3a14ae839a3bee50b9a192c59f8f9,98.65951742627345,98.65951742627345,98.65951742627345,96.40750670241286
01a7c19fe64d4300e6e5a8a7280a10bb,100.0,99.86559139784947,100.0,99.40860215053765
8ebc39e79a930b5db089420489c40543,100.0,99.56873315363882,100.0,99.62264150943398
6075255b58efbd350ad34112f80f970a,98.66310160427807,90.77819672836232,98.66310160427807,91.86076185287666
0e9cc4c909306f5a9562d84888902e09,91.42091152815013,91.09919571045577,91.15281501340482,86.46098263824175
b26eb5a5ca6820d220d5433b1cffa5e6,100.0,99.73190348525469,100.0,99.5710455764075
7f1023e871bcd3a4f7ac96f3a40c9a8d,100.0,99.86486486486487,100.0,96.91891891891892
afd6038f44400cf165c3d637f88be98a,98.92183288409703,98.6522911051213,98.92183288409703,97.95148247978436
894d5f2608f2a0e9e3bf2499f1cc6130,100.0,99.86595174262735,100.0,95.60321715817695
496ed1835247fa310353bd53160fad4a,98.4,98.4,98.4,96.42666666666666
6dfb10e6d92b2c7ec87175ad560bed2e,99.73333333333333,99.73333333333333,100.0,99.41333333333334
d96a2ea1b09f080f66ce79b9ddfa768e,100.0,100.0,100.0,98.6021505376344
5a6520a634bb27352c524ba237fd0d64,96.71232876712328,96.71232876712328,96.71232876712328,93.57877655760595
f59f09ec54e73f740708fa68eeb78a8c,78.91891891891892,78.91891891891892,100.0,99.13513513513513
08ea1c9b9d368cd6d9bfeb8857e90315,99.73262032085562,98.66310160427807,99.73262032085562,97.48663101604278
0f312394fc32d16cfdca183b11aad4ad,100.0,99.83914209115281,100.0,99.73190348525469
0c488eee4c6d02abb4e34df3ec16a09b,100.0,100.0,100.0,95.52000000000001
c39f594d9d2493b66260c1f7503e5ea1,100.0,99.40476190476191,100.0,98.73015873015873
acfe0924c0f9c6ca3720854b5b458d54,100.0,99.73262032085563,100.0,99.67914438502675
e79a45f432d0ccc86adbf9bbe7cef2a7,100.0,100.0,100.0,99.30481283422459
e4486fa2f00016fa6078468bfe73bb89,100.0,96.00217599757407,100.0,99.34959349593495
4ced6b735a53af484d0cf4f620846dcd,94.87870619946092,90.89948700113034,96.22641509433963,93.80863256324838
ab2050607cb3fe172ea918d5a17a46c7,100.0,99.73118279569894,100.0,98.81720430107528
02809af9a001c44a58624822e0e44569,97.8319783197832,96.74207611641334,97.8319783197832,91.6531165311653
69dee006368ff49af541d111152b40c6,99.72972972972973,99.72972972972973,99.72972972972973,94.15527722844794
d3156233792852376762d588f607ac71,97.84946236559139,97.84946236559139,96.7741935483871,96.07526881720432
e6141036b0768b50c8079ce8ba7222f9,100.0,99.86631016042782,100.0,98.34509803921569
4f3989d95e7611bb6b5307454d75d3ce,98.10810810810811,98.10810810810811,98.10810810810811,96.75675675675676
1d4b9f3ddf33afdf5308213897846090,100.0,100.0,100.0,97.96791443850267
1d33e98c9d94c262ab0d8b56d0936eb4,100.0,100.0,100.0,98.11509144132394
179e72f0ecdfeb920df685432f3f2d1a,99.72972972972973,99.72972972972973,99.72972972972973,92.81751293072048
a27f37aae2a34101f8a61c6f0b1cd246,100.0,99.25474254742547,100.0,98.1571815718157
00e66df34e257e501593d8fab7b76b0d,100.0,100.0,100.0,96.83646112600535
0d1f62d4f2f7227766a17f0340567129,98.66310160427807,98.66310160427807,96.524064171123,95.8288770053476
8c86a02bd0f2c7a90bb40b735577a623,95.61643835616438,94.45852777359627,95.61643835616438,93.68383712592929
8c740d5ca21893b47c7619df1247c75d,98.66310160427807,98.66310160427807,98.66310160427807,95.08021390374331
e1abbababbc410f2f1faa24f6ccbc7f9,100.0,99.79946524064172,100.0,99.57219251336899
3d34374d81a96ce4972b93ef5dae9b82,99.19571045576407,99.19571045576407,99.19571045576407,96.83646112600535
0f4c04cefd226f6854ad0fbc2a2de226,100.0,98.38709677419355,100.0,96.50537634408603
99daab1404e1c027be5dce96473d53ab,100.0,100.0,100.0,98.1769436997319
945e47119242497c2e0bc5b3c6b6ba8e,100.0,92.41438013821544,100.0,93.31536388140162
a19152d55f42fc72a3a0f985d2615aab,100.0,100.0,100.0,97.80748663101605
1ad05a58bf23396d80f11695ad750b75,100.0,99.86631016042782,100.0,99.14438502673798
4835c874610f20a02421b283dbe2f2b6,98.66310160427807,98.66310160427807,98.66310160427807,93.73170277128642
60da7a21ae2997bc70a9730fd8151a29,100.0,100.0,100.0,96.68449197860963
2c452b25c7f3c62be462d8f47ed179e3,99.46524064171123,99.01960784313725,99.46524064171123,98.60962566844918
0138936a169c4a0914606cedbcd38fa6,98.6737400530504,98.6737400530504,98.6737400530504,98.19628647214854
15c0fe41b25c6504b8dbe48ae72283d0,100.0,99.86631016042782,100.0,98.55614973262034
09304de7bcdde93714df6d4800a79b4d,100.0,99.78666666666666,100.0,99.36
f42aeaf1c13130f1fdfc8bafa43ded29,100.0,99.82078853046596,100.0,99.3010752688172
a53b7a494838590a5600a018277e55ea,100.0,99.66666666666669,100.0,99.46666666666667
dbbd92eb5552c552aab4544c331ac6e2,100.0,100.0,100.0,92.44117432796678
c88944b6267ea10d43d5ee264d29ae94,98.92183288409703,98.78706199460916,98.92183288409703,95.46790995847599
a01649ff3a222398d49af46d04781535,100.0,100.0,100.0,97.87234042553192
d081020b6bdf3bf279b93bd42598e1e1,100.0,100.0,100.0,97.7479892761394
fd28148d0cd2eca274f8a3bb38944793,97.31903485254692,96.91689008042896,94.90616621983914,94.42359249329759
aa9c5ae2ec6da55f30edd92e3de37eff,99.46524064171123,95.40106951871658,99.46524064171123,97.91443850267379
0e487ab2d5669f87e21a4c0c09d8d952,97.31182795698925,97.31182795698925,97.31182795698925,95.16129032258064
f61f4c9b8258738ad3ee7663e43e7907,98.39142091152814,97.64075067024129,98.39142091152814,97.69436997319035
924ba8e00fb9f76de6bf217aac8ca9d4,90.9090909090909,90.11208556149732,90.9090909090909,88.38453928975929
76ef356d895e6434580f18ab74a63e6c,82.30563002680965,81.77781501340482,73.29700272479565,71.81650965334515
4e4ca97fadb8b8e92470ccce2ff91460,96.524064171123,95.36541889483067,97.32620320855615,95.88235294117648
b65ddb808f41ed58f0a87829f790124c,100.0,100.0,100.0,98.0
5ab9c9baf340ca93a35be10b4a5b294a,100.0,98.52941176470588,100.0,97.4866310160428
80b0dd7e363e6128b4335d08d57b5618,100.0,100.0,100.0,95.8176943699732
22a4e0f758de753ed7e9463edeed304c,100.0,100.0,100.0,95.6149732620321
fe74d2e267ad3ebb8fbfe24bbb464049,92.1195652173913,91.79347826086956,91.03260869565217,89.66054405952104
1f1ff56fd37c5c9b1a9ac7b1d99e10b0,98.93048128342247,98.79679144385027,98.66310160427807,97.43315508021391
ebef4f7d86a3b71b870100599f233ff8,97.05882352941177,96.79144385026738,97.05882352941177,96.84491978609626
2e707ae206fd30644537a8329e2b9476,98.66310160427807,98.66310160427807,98.66310160427807,94.01069518716578
49d8ed77132802ef1ad7036f31e0117a,95.65217391304348,89.03452685421993,96.19565217391305,94.29347826086958
4c7b0d554a1103b7872deded4bccb4ea,91.44385026737967,90.05347593582887,92.7807486631016,90.24988889048186
619ac3ad257e70633292af469a960d56,100.0,100.0,100.0,97.61206628459726
2b7dca9f823dab555a368d87f194804f,98.91891891891892,98.91891891891892,98.91891891891892,97.8918918918919
5ec4e02584b8c58b33bde92395188ffa,100.0,99.82222222222224,100.0,99.62666666666668
3fb688a9024c5d9e0c97cf7a6859063a,91.35135135135135,89.64690496948562,90.54054054054055,84.19627113744761
a6efdb52a04e05a2a1be52f5516784fa,100.0,99.86631016042782,100.0,99.7860962566845
22958f01426d8f1fe3f4922e13710669,100.0,100.0,100.0,97.45132343811727
826b2dad200d99cccec78d01acb38da4,99.73045822102426,99.5956873315364,99.73045822102426,99.02964959568733
b757c414a3bc227758c09624ca177986,98.1283422459893,94.04404577080099,98.1283422459893,96.03501811281697
3e524f0bf09623c8530930bb8b27045c,99.73045822102426,99.73045822102426,99.73045822102426,98.49056603773585
10ba1c6a051a49b25b443bebd244b71c,98.92761394101876,98.7917639597567,98.92761394101876,96.08507019516273
7b43b24e8c817bba9f0008696985ae06,89.15343915343915,88.46852931910892,89.12466843501326,85.91004006998138
916d15ab17794198ea4c5ad1e3fb6258,94.11764705882354,92.34835342862468,94.11764705882354,91.81818181818181
8a1c973b6094cbd560f363581ce1beba,97.32620320855615,96.96969696969698,97.32620320855615,95.8288770053476
3e09043820433588bf896d8e55bc1423,98.1283422459893,97.05882352941177,98.1283422459893,90.47414877061937
613cd0ab8ed46a361940e06efaecdb6d,86.79245283018868,86.79245283018868,97.99426934097421,93.57285612886783
495cc889a2e82868482b1feb2f71fbd0,100.0,99.86666666666667,99.73333333333333,99.41375886524824
2b335f368deba69c6c95c18da31dc5f4,100.0,99.83914209115281,100.0,99.67828418230563
6a00993959cfffcd3e54203b0cb659a2,99.46380697050938,98.6058981233244,99.46380697050938,98.6058981233244
33e423de05448134722fcf4bd6a224d7,98.12332439678285,97.91013748906826,98.12332439678285,97.42627345844504
8a4c692c01077fa5a93913725097b3bc,100.0,99.86559139784947,100.0,99.13978494623657
62e1d1dac671aff6e6dc206418fd79c6,100.0,100.0,100.0,93.62632793795072
9b6a7459b2c92cee0abfc36d503488b7,100.0,99.86559139784947,100.0,99.73118279569894
34bd302b38c473a6dc69875818ebfb23,92.24598930481284,91.0111682986624,89.54423592493298,86.93165689380798
87db021bd3fb687eba7b420338158435,100.0,100.0,100.0,90.14078651202132
54e41d7748bdb8fe71a73a47ad58423e,98.9159891598916,98.9159891598916,98.9159891598916,97.01970262945872
50bef0776b442d38fe4de5a83b9187a8,100.0,100.0,100.0,96.47058823529412
7b35a5b1674bbaefc9af01283da529c1,99.46236559139786,98.65591397849464,99.46236559139786,97.58064516129032
33ee5a4f23a0bf945ce5b4ffa11feef5,100.0,99.59893048128342,100.0,99.25133689839572
05771e0f1c5425fc486934e2beb87956,95.98930481283422,94.91333457584838,95.98930481283422,93.88954997060974
164212c0910ca9770a6bd13bcb2c5d05,100.0,99.82078853046596,100.0,99.35483870967741
94ef08db649a5339b6de95109a8bad0f,100.0,99.89276139410188,100.0,99.62466487935657
ee14afe4571845779465f8dc9646c7b4,96.79144385026738,96.68449197860964,97.32620320855615,96.25882352941177
669b72740b8bed1bcedbdbaa4b8be1e7,95.72192513368984,93.42245989304813,95.98930481283422,93.48049910873439
201a9f507c9b354eb162adf1f311c607,100.0,99.73262032085562,100.0,95.23017591145648
405648482a348320fe4470fddebb64c6,99.19354838709677,99.19354838709677,99.19354838709677,93.6021505376344
34bc76cd76ea83cf74430a3bbb56ac82,98.13829787234043,97.81914893617021,95.74468085106383,95.1063829787234
9cef27fb5c42d04a7e949300061958c1,99.73333333333333,99.73333333333333,99.73333333333333,96.42666666666665
9c90a0c962c8b6283f7a71b644fce90c,100.0,100.0,100.0,98.70967741935485
b5b93f7fc3d0a88dff0ced83eb0bb5ab,95.45454545454545,94.58688764318792,95.45454545454545,95.06701102523985
5837405da6036e7481240160de143774,92.722371967655,91.41356450790416,92.18328840970351,89.13936038464342
7a7c96429cd038c333985399c9eb963c,100.0,100.0,100.0,91.22994652406418
1351e87aa6c89a114e5104be8fe7c817,100.0,99.86595174262735,100.0,99.46380697050938
213ec0ef843de45b3db9302876229bed,100.0,95.69892473118281,100.0,99.67741935483873
197c1736a92b42d2671a7ea927a9d7d8,100.0,99.82078853046596,100.0,99.46236559139786
e94618b44f9856c9a2151cab1800a460,100.0,100.0,100.0,95.33512064343162
44f513ba8d222b088ba2ad6e7ab85b8c,96.53333333333333,94.50666666666667,99.73262032085562,98.34224598930481
9795a55dde06c4761698039cf60bd637,98.66310160427807,98.66310160427807,96.2566844919786,94.54545454545455
aa20c972229ba580ad2044118ab67181,100.0,100.0,100.0,94.59018508695216
9e54e8d50785a84f97b38e3eb665dda0,98.1283422459893,98.1283422459893,97.32620320855615,96.79144385026738
b78bdac2d66434f67db2a71b6f893639,97.59358288770053,97.59358288770053,97.32620320855615,97.05882352941177
0baae4d70749907f3e1f9be33a159e80,97.58713136729223,97.58713136729223,96.2566844919786,95.60522429785952
d5e86e0fe7c13c5751606c96f3788345,96.48648648648648,96.05405405405405,95.94594594594595,95.45945945945945
bc15f0e20879b79188fa5ea9e191428c,100.0,99.19354838709678,100.0,96.93548387096776
f0f5fe3a3ccc66ce7e67e82294654107,99.1891891891892,99.1891891891892,99.1891891891892,95.35615939389524
daac17ca54538cbc9aada8497262da96,97.05093833780161,97.05093833780161,97.05093833780161,94.63806970509384
50285c59a58cda2d889cb954c022a93a,99.46236559139786,99.05913978494624,99.46236559139786,98.81720430107526
1d837cc6d80881adecbb106f01c1b042,97.59358288770053,97.59358288770053,97.59358288770053,91.66800151013368
3ade0fa13e56aac194bb3373200d6def,100.0,97.45308310991956,100.0,95.60321715817693
6178807a00a64843e5bb9f31f0a5f42c,96.51474530831099,96.51474530831099,95.71045576407506,95.2278820375335
b7bc2902499297dc5de20e8748a42d33,99.46524064171123,98.3957219251337,99.46524064171123,93.15508021390374
89d1d4064aa11fd1f3efb8e1345c813f,91.73333333333333,90.75308377896613,91.73333333333333,90.806559714795
7c4029c77a50ad0582c758eabe8c1410,95.97855227882037,95.18501526859829,95.72192513368984,91.88787120263967
dc22433569281cc665fba3df53e3f566,100.0,100.0,100.0,99.78436657681941
ec0ca50d7a1c6ee56a7ed9d776d9c0d1,92.51336898395722,90.77659348314737,87.96791443850267,87.51315393327695
06246fa4c1b00ea76b5539442f32c012,100.0,99.86666666666667,100.0,99.04
b24d3443426aac9dca3451d65ba14d55,94.91978609625669,92.99465240641712,94.11764705882354,90.74866310160428
a0ccae889b93969deefa92b4da7cb2f7,99.73262032085562,99.59893048128342,99.73262032085562,93.21896613190731
8fabb679415fe6a9969015076873e211,100.0,99.81981981981983,100.0,99.67567567567569
9f86297104372f6378c6bf3dc1a8e8ec,98.66310160427807,89.49579831932772,98.66310160427807,96.31016042780749
637ec5730f0da83790b96ca6708f5309,97.28260869565217,97.28260869565217,97.28260869565217,95.66248379875103
a7d0101041a4ff2c176cc0616423387a,100.0,100.0,100.0,99.03225806451613
87ec65202e592d81d47b66d1484732df,100.0,99.94652406417113,100.0,99.41176470588236
085c382879bb22ae25c77dca748d1387,100.0,100.0,100.0,92.64864864864866
c9a5de56046a818a6f69569090af6d1c,99.46091644204851,99.46091644204851,99.46091644204851,92.99191374663073
919c50490dbc9552a946f26b32c4ae12,100.0,100.0,100.0,92.19026157652881
d23e07dc0f848e8921532df36254ce29,100.0,100.0,100.0,98.81720430107526
65c689dc4b8772012494d43535fd1102,98.39572192513369,97.99465240641712,98.39572192513369,93.2620320855615
522fc29c9966a380a17ce86687cc600b,98.11827956989248,93.7986957655856,98.11827956989248,97.90192157203721
0ef7e12e6eb35a8fd9fac7badac0c381,97.84946236559139,91.08630474674939,97.84946236559139,81.05081938933931
c668608bc7be0382064b57d5505c7e23,100.0,99.73262032085563,100.0,99.7321894487041
48ca5b4f7cb58d4a146837de341a2604,100.0,93.69663507521084,100.0,99.03225806451613
534d7b1bce2cf035866320576094f81e,97.88359788359789,93.33336823442363,99.73544973544973,97.51322751322752
18ec5da6c765ede0c426af393f8ce656,100.0,100.0,100.0,95.6149732620321
f8ec439cb9f26e97be2793df3c52b03d,100.0,99.86666666666667,100.0,98.82666666666667
a67c7071b283c3513d9aa4cf63879d6e,96.7741935483871,96.63978494623656,96.23655913978494,95.43010752688173
4bcf2ed3c27ef7222d2bf177640edef4,89.27613941018767,89.00227737899624,88.47184986595174,86.618276196452
e2c63d5718cf9ea95828084c3b843443,97.04301075268818,95.6989247311828,97.04301075268818,94.46726628037707
e29f9ab1342fe7d53d4f1e2d03bb5969,100.0,99.40700808625337,100.0,99.51482479784367
26ef86afa44dbbdebbae8f35e590f52e,99.19354838709677,98.83512544802868,99.19354838709677,98.01075268817203
cf9d6956cc5e9b057171f8ba480e6fbf,98.1283422459893,97.05882352941177,95.98930481283422,95.61497326203208
999031908a04b1e2fca9b265ee4e0aba,96.24664879356568,95.54959785522787,95.44235924932975,94.16280770168169
75dd0ee2682cb0bf3146f334b0c41c93,99.73262032085562,99.59893048128342,99.73262032085562,97.37967914438502
19cfc988be2bc698e4e8e24f3c017dad,100.0,98.2620320855615,100.0,92.02291006580552
ef48b24d461ead26b22d8e442656ccc0,100.0,100.0,100.0,95.78677892820572
2da3ff46bfa58a914368731cfd699785,94.13333333333334,91.93333333333335,100.0,98.66666666666666
a85ae3de6b2dd626049270444199438e,81.55080213903743,81.55080213903743,100.0,94.26273458445041
b61513eef1a69690c5d43ca0cb8f5c1b,98.93048128342247,98.82352941176471,99.46524064171123,98.93048128342247
b0c74390aa5ac540757eb2256575019e,97.32620320855615,97.32620320855615,95.98930481283422,95.40106951871657
f2cd13764c9588bd921f3a53138830da,100.0,99.91063449508489,100.0,99.46380697050938
29d5a1f45c97760080e874715394bcfe,87.93565683646112,85.18410001290304,86.55913978494624,84.26590561849578
01b5383db868117f04bfd197603f736b,92.7807486631016,92.08126048372067,91.71122994652407,89.89345223246501
7560406411c714b613d36584ec43158e,94.89247311827957,94.13978494623657,95.16129032258064,93.2258064516129
e8c1e783e60161fe039cc419a3717b1f,100.0,100.0,100.0,98.92761394101876
051d14c7d7e9a5358e8da8a52b48bca3,96.48648648648648,94.97603263641,96.48648648648648,94.05711371749108
cd991e2f230049eb76c8e3b3fcece79f,100.0,100.0,100.0,98.44086021505376
efc6541354a63e71f60f085f48f73909,99.73262032085562,99.73262032085562,99.73262032085562,96.09625668449198
664e1ee046659d47ded4a40ad1133a33,97.30458221024259,97.30458221024259,97.30458221024259,93.5811175056458
cead0ca51f97bc24bf11b1d1d12aee6e,95.45454545454545,95.02673796791444,95.45454545454545,92.67379679144385
e1809c067af83a3dc4623ce28f35fe79,100.0,99.72972972972973,100.0,99.24324324324324
e4197eeb4aaad91a8a4a38678c3b073e,92.722371967655,91.29126996959488,91.64420485175202,89.39864247917629
43c8008fb032a5ed2cb06dafa83e23ec,97.31903485254692,96.40750670241286,93.02949061662198,92.92225201072385
021d1583edfe105a9c99264ea9f3d2d6,98.91891891891892,98.91891891891892,98.91891891891892,95.13513513513513
eca00dcc9a01255b6cb66fbd5b3bd285,,,94.98607242339833,68.48625361127733
0b291123c105140e6524bb2a3cf8e278,100.0,100.0,100.0,98.87700534759358
da28c80a7a1b2838789eb2ad598db9a0,91.44385026737967,91.06951871657755,91.97860962566845,90.1542630213187
344b8fcfc08a17bb7443c1ad11ea3151,99.46236559139786,91.35526881720429,99.46236559139786,98.01075268817205
482bb3761a6b11b4cfb4e1b618231157,89.06666666666666,89.06666666666666,100.0,98.5470828623598
6e21064675bd1626771d39886cc9d88b,98.1283422459893,97.86096256684492,98.1283422459893,96.524064171123
5db694edf839eff28cb6a47bb5b50693,100.0,100.0,100.0,93.68754569826956
b5a22689fdda6393715cd10a326927d3,100.0,99.86559139784947,100.0,99.40860215053763
36e38981bc99d5d7fdd5959ca41f6313,100.0,99.86559139784947,100.0,99.40860215053765
c99dd2353697161faecee673e0eda7b2,100.0,97.79411764705883,100.0,97.2192513368984
70775be7835f6d6a6ecb0d7039b355e3,98.93048128342247,97.41818181818182,98.93048128342247,94.8233587438844
95d0db82a69ee10f3b5ed0f06ba96949,96.7741935483871,96.36553343187549,96.7741935483871,93.5462133727502
8b35589e4e1ef82328d78d533f5fa1a1,100.0,99.73118279569894,100.0,98.9247311827957
85b80813a3be5e162f462e085b709b85,97.59358288770053,97.59358288770053,97.59358288770053,96.73796791443851
380c64674875dbcea485ba8f1ce26a6c,98.66310160427807,98.66310160427807,98.66310160427807,97.96791443850267
9335b7a207b486ae9975e735cd30a814,98.65591397849462,97.71505376344085,98.65591397849462,97.52688172043011
b62a0f483de49257919f98dd32320443,100.0,92.20405955037727,100.0,99.56873315363882
779e393e6ff91129f826c691a0d16db3,93.04812834224599,92.35294117647058,93.04812834224599,92.19251336898395
caafd6d1ef718ac1a2b7473f47d9340b,99.46236559139786,99.08602150537635,99.46236559139786,98.06451612903226
6f14a88c7074fb3b48a9f8be3f7852c8,98.39572192513369,98.39572192513369,98.39572192513369,89.1284056935659
de794e5f913a822d437c41f82c49a80e,100.0,99.86666666666667,100.0,99.46666666666667
6dbf54dfd0a3207126af074af10be296,100.0,99.83827493261455,100.0,99.73045822102426
1cbf580d763d0eb5497ff2d6468e7668,91.44385026737967,91.06951871657753,87.93565683646112,85.477484193775
41f01f3e3cbf6beb908ae1ebb553208e,100.0,99.7860962566845,100.0,99.7860962566845
9026ee9ce58d36be3646689861848080,100.0,99.03225806451613,98.9247311827957,98.6021505376344
23a68909643e167f508a7baac78d7026,99.19571045576407,99.19571045576407,99.19571045576407,96.8900804289544
49eb7db9bbd667a245fcb40e7be64a28,93.51351351351352,89.94594594594594,89.72972972972973,89.13513513513513
f028df8f84e6a5ff0a4512a509e23477,97.289972899729,97.289972899729,97.289972899729,93.38753387533875
702860fda44c0d44ddacb5bd79fd5d24,100.0,99.86772486772486,100.0,99.62962962962963
16e7c551b44e75be84ce23f95da7cb8d,96.524064171123,96.524064171123,91.97860962566845,91.71122994652407
e21f14506da976def600538a8f860f0b,99.19786096256685,99.19786096256685,99.19786096256685,93.95833254481417
66d9eb13f3c8549ed0ac95f646c23ead,99.4579945799458,99.05149051490515,99.4579945799458,94.10353618360982
61bffb5ed48deb86adad74d3d45df340,100.0,100.0,100.0,99.08602150537635
07bb3ab197992af0b741d1b71fc16c74,100.0,98.3957219251337,100.0,96.47058823529413
8d422552eb2392c7c2d4743727d1ff33,96.24664879356568,95.66644205817838,96.7828418230563,95.2859457212083
dd07e924156039f8e953d5ea58ab5023,100.0,100.0,100.0,98.18181818181819
dc21153823efbfe6f4e092f110775cde,98.9247311827957,98.9247311827957,99.46236559139786,96.0215053763441
717e65e6ba1d91587e9c1fc36b2b0c44,100.0,99.86595174262735,100.0,99.67828418230563
f847d5bbe9c5a3555db3988cfa1b838f,94.91978609625669,93.52066637037463,95.45454545454545,92.29946524064171
31b772f3e0f36755cdb6cd584a8a105f,100.0,98.65951742627345,100.0,98.23056300268095
e95282c3197d4315d84f31d177642c58,99.73190348525469,99.73190348525469,99.73190348525469,92.13215581138621
687530ef97a8574b08b65e6100ed1f16,98.13333333333334,97.26060606060607,98.1283422459893,96.74224598930482
05728a4572e292df51f34610249d4fa9,93.85026737967914,93.04812834224599,96.2566844919786,93.36898395721926
8855fec4062970bb235780d6469a1d6d,100.0,100.0,100.0,97.72972972972973
b6e342d9f4e409f24eea3859aa76e82a,94.11764705882354,89.68882070985839,92.7807486631016,90.4397860962567
7ba3402ab86ac791941e0dc862234ee8,99.73045822102426,99.73045822102426,99.73045822102426,88.10538214068342
3bb8c91a23a86c8601f5dead53c7b241,95.46666666666667,93.69768270944742,90.64171122994652,88.3957219251337
ad922999ec6a8228be4358e848e86bc2,100.0,100.0,100.0,94.56989247311827
535887d75db6f21831a65b42a9d5752f,97.59358288770053,97.59358288770053,97.32620320855615,95.24064171122996
eaa1d57a577a4aa93aceab1782827ea8,97.86096256684492,97.86096256684492,97.86096256684492,94.06417112299467
0944c80185fbba7f13e44329a3276e65,93.01075268817205,92.5268817204301,92.20430107526882,89.5221828245265
025ef58ad4c94b135c69cb93c2320909,99.46380697050938,99.46380697050938,99.46380697050938,98.01608579088472
9bc997e8ebea77d717faea18a7bf4708,100.0,99.86666666666667,100.0,99.52
ae53fe95ad7f469e3187a126d6098100,100.0,99.86631016042782,100.0,99.78580952244413
f816f5de71e4c19785cd5dfa8ee073db,95.96774193548387,95.21505376344085,94.6236559139785,93.22883334774713
543dc760699879a2b12cd2e2525e6729,100.0,99.86559139784947,100.0,99.35483870967741
87e2bfb52174f1764d735f93e86017d3,100.0,100.0,100.0,99.13978494623655
b8be4a864e591a2801a0b9194efc1060,100.0,99.89218328840971,100.0,99.62264150943398
82864a780f7d57947ef3451dd7539740,100.0,99.86449864498644,100.0,95.98915989159892
79ba36cfcb1bdd16bc3aad97c47a1e6b,91.97860962566845,91.60427807486631,97.86096256684492,91.71122994652407
7767ca8c82d1d254c5d3228f43b2b213,98.1029810298103,98.1029810298103,95.9349593495935,95.44715447154472
af9554a6cc07a34c1cb6004e3dbb865a,99.1891891891892,98.86486486486487,98.91891891891892,98.43243243243244
ff2a3877c5cf4808816900f51bc130ba,93.5656836461126,93.04468753136156,93.31550802139037,90.05347593582889
49c907377454c6980ff0a520fe40abe2,94.91978609625669,92.45716907284483,93.04812834224599,88.92202262333157
911ddc4e1da558630158fa05fba14992,97.55434782608695,96.875,97.55434782608695,92.34490986214209
477487d12077a9fbaf195faaf466d827,95.46666666666667,95.46666666666667,95.46666666666667,92.028631751994
c99bcc4ed3b2887c914e9faf48d63e3f,100.0,99.82078853046596,100.0,98.49462365591398
af1a97638ae7817e6dc243cfe90ba23b,100.0,99.46236559139786,100.0,99.46236559139786
07d5f956dc0652fbd2d22ea90b1bb136,97.32620320855615,93.29423264907136,97.32620320855615,96.7379679144385
61d14f45268668061628d7a7990641b2,93.31550802139037,92.99465240641712,93.04812834224599,92.51336898395724
b50c901a9773cf8216278d2bb4e70644,98.6449864498645,98.6449864498645,98.6449864498645,96.96476964769647
f8e946bdec673e40686c9ab157a63ac0,95.4177897574124,91.88681415132311,95.4177897574124,90.67907138509695
68c7aa8355d0b7c6e75c67d5df51d569,100.0,98.81401617250674,100.0,98.7601078167116
9579787280965385b425a1d323e3c6d3,96.7828418230563,95.79982126899017,96.7828418230563,95.06702412868633
e72dd431023ad44a88305647a224790d,96.24664879356568,95.98285329242592,95.97855227882037,94.58445040214477
ef9fddde19882aba901f1b0419ec09d8,100.0,100.0,100.0,91.18442115525225
82520638c5842f94b7203788b78b3b92,95.71045576407506,95.3083109919571,90.88471849865952,89.72714560842618
3273539459d13e139159461e38ba3987,97.32620320855615,97.32620320855615,96.2566844919786,95.18716577540107
24b5476371dc34ef4f12b359d6ea6fe4,93.04812834224599,91.92513368983958,91.15281501340482,89.3833780160858
b4900060b15cd3eab0697bdc00bfc33a,100.0,99.86559139784947,100.0,98.65591397849462
b1dd093a530c4f323e45823253ee9e15,99.46524064171123,99.0909090909091,99.46524064171123,98.18181818181817
283755ba25c1e02155384ef6f268c2ae,100.0,100.0,100.0,99.78494623655915
47bb78bbb9b7eab1a487de7f1521ddd6,95.97855227882037,93.19034852546915,95.97855227882037,90.19942366417686
58a5d06b791283b4270f688e0b7408c9,97.08222811671088,96.76392572944297,94.6949602122016,93.89920424403184
758b8307071957eb86c89a180b187482,100.0,99.86631016042782,100.0,98.82352941176471
aa15b94e77f3955a73a15e15187b6482,84.71849865951742,84.71849865951742,98.9247311827957,92.01096280579011
a954a29c70499c3c72ee396f69b71c51,100.0,99.86559139784947,100.0,98.9784946236559
0c0dcadbd501e2c17ca71995ed0b7ee1,100.0,100.0,100.0,98.93048128342245
b73b1ef694c71eec29bf86c697f26b20,98.1283422459893,97.72869875222817,98.1283422459893,95.93839572192513
9e3e461620d3bc6fb82b614f65a5a69b,100.0,99.78666666666668,99.73333333333333,99.46666666666667
caddc7c3f8e30f2e74778fca73689c4b,100.0,99.86631016042782,100.0,98.23529411764706
fb9d8df11e01ae4c33acac6db5a518b8,98.65951742627345,98.5254691689008,98.39142091152814,94.63806970509384
e1d678e0c2f5463421eec27874b0fab3,99.46524064171123,99.03743315508021,99.46524064171123,98.93048128342245
564dff3148781f436e49ebbfb2590a6a,98.65591397849462,98.65591397849462,98.65591397849462,98.38810573957161
7bfcdea57cc8e4bab6f3f3505b0dd682,94.36997319034853,90.71449162558737,93.81720430107526,92.09677419354838
f4acc40b7b61bf7126ad84af26e93ed9,100.0,99.78666666666668,100.0,99.41333333333334
8fa90e60ddaccabffcd68f6a481318a2,95.72192513368984,88.98377791477303,95.72192513368984,87.63730985935685
e438545696891f9da484c32c04332871,97.58713136729223,97.58713136729223,97.58713136729223,96.56591426677045
33bf7c73050395fa47eea57f63c0f87f,97.29729729729729,96.35135135135135,96.48648648648648,95.78800903329206
26410d712017c834dccf638a040f9002,99.73190348525469,99.73190348525469,99.73190348525469,99.14209115281501
e27928b6f9a580b0d7f95feeb01ba523,99.46380697050938,99.32867767880307,99.46380697050938,94.63806970509384
62925abc081ef537aea1336e58a4548a,100.0,99.86486486486487,100.0,99.08108108108107
2c4fdd0845cdde26dc7d98f576bb10e7,95.18716577540107,93.95320497197174,93.04812834224599,92.39824518644893
61f3d4479c517d056179e27ae91cd284,96.79144385026738,96.79144385026738,97.32620320855615,93.79679144385027
d5004573c96ec6eedcc4348d1145db37,97.31182795698925,96.93548387096774,97.31182795698925,96.45161290322581
40e233849dcafd1ca1e5dd020826ec04,99.73262032085562,99.59893048128342,99.73262032085562,98.1283422459893
8aa21df13e2d324fd17fe7d44bc77099,98.39572192513369,98.1283422459893,98.39572192513369,97.00534759358288
ac535b64f804c2eee5084adc741f7839,97.31903485254692,96.3538873994638,96.7828418230563,96.24664879356568
6ba96f5208b35a9fa58a1e50271ece5c,88.8,88.57436997319034,86.32707774798928,85.90572178176657
ffb24eab9531da0542b30ff802e34b65,98.1283422459893,92.5250623885918,98.1283422459893,97.32620320855615
f0b4d6d49281190556a6cc4d5286dfb6,99.19137466307278,97.78975741239893,99.19137466307278,97.79352520070718
9895ece38025393ef9ccafafea501d77,100.0,100.0,100.0,97.26541554959785
6c7a1a940865cb8fc19e17d404be6951,99.73333333333333,99.73333333333333,100.0,99.57333333333332
134153c893d92731f1779897c269f055,100.0,100.0,100.0,96.97603263641
6786956e5d741de3549e1c89e3a608b0,93.26145552560646,92.66846361185983,92.99191374663073,91.32597165463874
e561c5c5f92aa66e6b1befb81385d1fc,100.0,100.0,100.0,95.13513513513513
ba7e734314ca58b585509a99c1dc8f97,98.65591397849462,98.65591397849462,98.65591397849462,93.82469947245525
22b437d42a93adf1a1f4912a2f2bc487,100.0,99.55197132616489,100.0,99.46236559139786
212a34f4dcb9f9a8c0941fcf86f0e6bc,96.79144385026738,95.45454545454547,96.79144385026738,95.8288770053476
18c8a1caa02afa9f20b6974f6da7568c,100.0,100.0,100.0,95.25333333333333
8b2843ccdbc3d39c6d758b7f91388341,99.19786096256685,99.19786096256685,99.19786096256685,95.82887700534761
53b91ed8941d63dc6bdcf622f25e3b10,100.0,100.0,100.0,98.07486631016043
c97b49b5849b709da91fb5f6f48cd9eb,100.0,100.0,100.0,97.21179624664879
9b38c83e9f4e2a1c9ccca312a8701603,100.0,86.69354838709677,100.0,97.10455764075066
966a27b7648de7ac63f5c15a8be0d10a,94.90616621983914,94.44846668864962,94.91978609625669,92.40039569325171
2096bed8d8d3c009cd128c5f66954ed4,100.0,99.12162162162163,100.0,98.32432432432432
2b7920f905d876304aa83fc776cd91a4,99.19786096256685,99.19786096256685,99.19786096256685,97.37967914438504
a78a93326d787b79c22198acbce80e81,100.0,100.0,100.0,95.44838066837751
d8c78611226dae60111f022dc0a9f947,98.1283422459893,98.1283422459893,96.23655913978494,95.21505376344086
4a76bdc5b45d149d7aa31d04b9f46dbe,100.0,99.54954954954955,100.0,97.67567567567568
fa29a08838db72d944922cbf3ca72b38,100.0,100.0,100.0,96.29273377010125
d5ba4ee44ca72bb2c78ee918d3d0707d,99.46524064171123,98.93048128342245,99.46524064171123,98.77005347593584
3e7c933c821c9f18e53e1dda439951cf,98.39572192513369,98.39572192513369,98.39572192513369,93.475935828877
d7df91c0a9354c5b73ddf9b28799ae43,100.0,99.82078853046596,100.0,99.46236559139786
edb1b7dc98830cdfb83ef9466ad4aaaa,100.0,100.0,100.0,98.23529411764704
60aded12db04cbb8ba0091f3bb63d0a6,98.66666666666667,98.53333333333333,98.13333333333334,97.76
ce94860005cb569777791022ac3014af,99.73544973544973,99.73544973544973,99.73544973544973,98.51851851851852
800e0527da5f9218e61c70f7d0ec8715,97.55434782608695,97.55434782608695,97.55434782608695,96.90217391304347
aad81ac0351dcd619b00c97e690dfa5f,100.0,100.0,100.0,88.90080428954423
fa83652d0f1eca666000903a370b6e14,100.0,100.0,100.0,99.62566844919786
aa4b8fb0330c049740437e03fc90a40e,97.04301075268818,96.87650349244993,97.04301075268818,95.10071587977856
6b68ebbc9e9e8d26fa7018cf163d4848,100.0,100.0,100.0,97.09677419354838
c4118088ab2644671a1d9d540c060b19,93.83378016085791,91.443384228661,93.83378016085791,90.84844661725279
cae75e1117d316c3a8f12909f766135b,96.8,96.8,99.2,98.88
c4112b995ef6cd2f05559f6a3057bc7c,100.0,99.86772486772486,100.0,98.99470899470899
2e8ba4a2f665cc3ad88530fc739b1f9c,97.32620320855615,97.32620320855615,97.32620320855615,95.98744104027182
d22ab0227295d4646e98ca484b96c239,98.9247311827957,98.79032258064515,98.9247311827957,98.11827956989248
55f0a15d367f1f98823a8accf53c1ab4,99.46236559139786,99.03225806451613,99.46236559139786,98.65591397849462
b9d27d1dc44fea66778479161f6ed7c6,98.66310160427807,98.66310160427807,98.66310160427807,96.57754010695187
fff6f2b1de224120c999dde9f25fcd0a,99.46236559139786,98.9247311827957,99.46236559139786,98.76344086021506
e8b184a091b069447aaa71429105e326,100.0,98.92761394101876,100.0,97.96246648793564
326834f69c357dad79f31e792597dd1d,100.0,100.0,100.0,98.994708994709
351fdba7f02fbaff27a231855c689a8a,99.46666666666667,99.02222222222223,99.46666666666667,98.02666666666667
ae2245c2d637b8badfb1037f95ffd4f7,95.72192513368984,93.95363507333228,94.38502673796792,91.80269816920188
3b04ef795d02d4d5ddc42f2c2598e1d7,99.73262032085562,98.93048128342247,99.73262032085562,98.82352941176471
76822eb34ea3cf76c00fb31b39d43b12,99.2,98.82523681858802,99.46666666666667,98.93333333333332
f12686b1d3e4d79217d2b79924ed502d,99.73045822102426,99.73045822102426,99.73045822102426,99.1390603715619
5adea97be7d61a174324b19e19ba1dea,100.0,99.82222222222224,100.0,99.62666666666667
1449d53a8ab97ad249f2332b5bd012b9,96.79144385026738,96.79144385026738,96.79144385026738,90.1839107251401
82eeb8631b1f7982fd141bbf2ed2f4dc,100.0,98.9247311827957,100.0,98.81720430107528
29cd0f756cdd319b032b1b1eb1be4c8f,98.10810810810811,98.10810810810811,98.10810810810811,95.24324324324324
ee4ac6545a6964811ec188369b533ff7,99.46524064171123,99.03743315508021,99.46524064171123,98.12834224598932
873b71b30dcfcdbdf2e7080dd9db241f,99.19571045576407,99.19571045576407,99.19571045576407,96.83646112600535
88399278e67a6f27c1c493c39b174391,100.0,99.86807387862797,100.0,98.20969309818081
cadb4455b724f027fc10968f3b93c4f5,100.0,100.0,100.0,98.54838709677419
f0547f74dbcfeca9eef70572311914b5,92.97297297297297,92.83783783783784,93.80053908355795,92.8682159248197
74316f0e658505498c0bd04393736a67,99.46236559139786,99.03225806451614,99.46236559139786,98.70967741935485
f988ea53dbaa37384a49d4315240db30,100.0,99.86631016042782,100.0,97.86096256684492
a73d6b4ed74fd4af4a3c77ef62e48ec5,92.49329758713137,91.47940531318548,92.49329758713137,90.89948531203854
4e9f7176de6f2af840aa8a369a060705,100.0,99.91039426523298,100.0,99.46236559139786
494686a85ca80380a18f37e6e723f6ff,96.2566844919786,93.96549019607843,94.38502673796792,88.98020979388586
3f621680f877f8755d3bf38982001f7b,94.38502673796792,91.76470588235296,94.38502673796792,91.44385026737967
475e27bf3e60bc624563dd2d438e0a64,99.73262032085562,99.73262032085562,100.0,99.46524064171123
e5632edb0fd267dbaf571c758b91be2a,95.87912087912088,93.90892668974861,95.6043956043956,93.56370901825447
f898c7a8c566d0beb46d5448dde2387c,100.0,99.83870967741936,100.0,99.73118279569893
fa7c27da02160cd4642de54d236e78fc,100.0,94.25025584848005,100.0,99.73045822102426
cbe80782cb7eff2eb8427fae47b49d1a,95.96774193548387,91.08463778142928,95.96774193548387,89.60415181930564
f95801513925a658f6f017e67e77e9a0,98.39572192513369,97.23707664884137,98.39572192513369,93.16477718360072
82027df46b4cddd4d7136ccfaa25a19f,97.59358288770053,92.5179322638146,98.39572192513369,96.20320855614973
9c4d55fa490cfb3be28c93ed90a4859d,97.58713136729223,97.58713136729223,97.58713136729223,91.96929076285645
d98dabbea4fe10de13ec5310782324e8,100.0,100.0,100.0,99.08602150537635
07751ebfb567d65db3f366d9c4037e68,99.73474801061008,99.73474801061008,99.73474801061008,98.83289124668434
42bdb37eaf4585993d2dadc410341bfc,98.1283422459893,97.54010695187165,98.1283422459893,97.37967914438502
3756db37fff5d61b7ec84aad15fa4c44,93.58288770053476,90.17026737967913,93.58288770053476,92.45989304812835
5c331188779be5bb65a2e80544aa8dea,100.0,99.30481283422459,100.0,99.35828877005346
6239566d7bda185bbc00c6475202b675,97.8082191780822,97.8082191780822,97.8082191780822,95.94520547945206
f07216e3758674127b729897fc2945ba,96.79144385026738,96.524064171123,96.2566844919786,92.7807486631016
0d01943ed06ec0c8998ac39665f5452a,90.9090909090909,90.20859915986867,89.03743315508021,86.18285042508352
bdc8f8a67a910d09965f2c9975bb00c8,96.2566844919786,93.2620320855615,96.2566844919786,94.59893048128342
9351cccfbe9ec3b210cc47272367a7df,96.7654986522911,89.96028943309742,97.03504043126685,95.68733153638814
5346417a16a786a9003aaee8d9cf6253,85.02673796791444,85.02673796791444,97.289972899729,94.6341463414634
a8c0192a45a12e2f86fe50245c36917d,95.44235924932975,94.27563762526702,95.44235924932975,94.75190319852045
bcfc5d3c9a3586094059acfae2f253f4,100.0,100.0,100.0,98.98666666666668
32d1077d28b29a3f6b93e1c0cbad6fda,100.0,99.78666666666666,100.0,99.57333333333334
9686ac0f1487906d7d6ebd3fd7dc8d2b,95.97855227882037,95.44235924932975,95.71045576407506,94.20911528150134
69b20cc817bea5dcb9b42ccea6416abb,100.0,99.86376021798365,100.0,93.89645776566758
7229a1a874924db8456664b2a5985136,97.86096256684492,97.86096256684492,97.86096256684492,96.7379679144385
f397a6809dc09fd4f5cc5f425c5eb0ba,99.1891891891892,99.1891891891892,99.1891891891892,97.67567567567568
387fd7acb95a1f0053edacb08ca9384d,99.46091644204851,98.76010781671158,99.46091644204851,98.6522911051213
fd7c9ad162f78a62dda5099c417becc6,100.0,99.32975871313673,100.0,91.98941912421806
64303da63d4474d55a0486a7f379c2ba,97.86096256684492,97.86096256684492,97.86096256684492,95.40106951871658
bd1731c0114c40d5784dd170ea5f3422,97.84366576819407,97.84366576819407,97.84366576819407,89.1967132049519
402e6b5b282305d18249bfd6887eee0a,99.73190348525469,99.62466487935657,99.73190348525469,99.51742627345844
1be424347c91d4aef0664f5e7d157c32,100.0,100.0,100.0,91.8015512322404
144e3876b7943b5474d329bec54856a4,100.0,100.0,100.0,98.99470899470899
281228d4a8faf2330f12bda44eeeb6af,100.0,100.0,100.0,95.29729729729729
e111f26c316c8b919015c64090c7cdef,98.9159891598916,97.89972899728997,98.9159891598916,97.28997289972901
9ff60b1660430eecb3f6b31e6f3db189,93.81720430107526,93.44098648141798,93.5656836461126,92.94142267972263
349d6e0ff74f02b6d2d55d29a6084ea2,100.0,100.0,100.0,99.09333333333333
99f9b204f31c6690c17496f44394b974,100.0,99.73333333333335,100.0,99.46666666666667
8a7df6e8751646d9927c0f0ed34cbf5b,98.93048128342247,98.93048128342247,98.93048128342247,96.3101604278075
8e9415fb1edc2f6f3ccda52f97761c01,100.0,100.0,100.0,98.65591397849462
effac6ec8d11ae5d2d4f029c5f18e3be,98.91891891891892,98.91891891891892,98.91891891891892,80.66344393173662
07e45dbcdbdf6f14162122517de780b0,99.19137466307278,98.81401617250674,99.19137466307278,98.92183288409703
10bb410cab85c3ad55c3e1b7a643ae2a,100.0,92.84614828732477,100.0,99.51351351351352
fa8e5e27d8fba25e37fc05340a105914,100.0,99.86737400530504,100.0,99.36339522546419
a5ad9574a1f8aea06b6dfaff6eddfff7,100.0,99.86595174262735,100.0,99.5710455764075
ffc8f144edd6d82dce1b1b9056b59bef,96.8,96.66666666666666,96.8,95.25333333333334
88dc9b1bf64124875974e6e8ce1bb2e0,100.0,99.82174688057042,100.0,99.46524064171123
c97244fcde2f912b5f515df2d4803f23,98.39572192513369,98.39572192513369,98.39572192513369,91.6042780748663
057bcefe7d185d0daf7b610144b1fa59,99.73262032085562,96.42381461675578,99.73262032085562,99.30481283422459
49c2b5d0aaf2ac8b0ee6cae5b6c5a8f4,100.0,100.0,100.0,98.01075268817203
8d5c57433a03e4329c7e6b3aaf6668a1,95.4177897574124,94.51897993250616,82.93333333333334,78.96842293829184
bdd1ff0b7dda6da30f922fc86600543a,100.0,100.0,100.0,97.52688172043011
8d6e9c000ccfb1a2eb70d805990db95d,99.46091644204851,98.38274932614556,99.46091644204851,97.35849056603774
4cec2826da45c90930f69ae290165f1d,100.0,100.0,100.0,98.1769436997319
353932b8f9bc8551107028bbc48b250c,95.43010752688173,91.60116511607687,94.08602150537635,91.9953011040964
b97547037e6bed020583b930bd3684cc,100.0,95.09433962264151,100.0,91.72621629363218
6bbba65392a923662648a61d94002b30,91.35135135135135,90.65403948422815,88.67924528301887,88.02622568660306
3e0febfb4a6a1915ac7dbadd489360be,99.73118279569893,99.73118279569893,99.73118279569893,96.61290322580646
0a052939cf0cfd20acc22c826676e32c,97.05093833780161,96.7828418230563,97.05093833780161,96.03217158176945
c5f63d06bc0e136c998bf43f719776c3,95.4054054054054,94.91891891891892,94.86486486486487,90.0
a6e69a1d97c797ccefc9a46e1e9d59b9,100.0,100.0,100.0,84.42616541353384
c1ed97b9675b1d0f08c9cd6e6ab9eb76,100.0,100.0,100.0,93.83783783783784
6ba11aa98436328c7d53c0b5db9dd2b0,95.98930481283422,94.8663101604278,94.11764705882354,91.22435520637696
592e037654532013ab7258e4ae16b0b5,96.524064171123,96.524064171123,96.524064171123,93.2281829559677
99b459540b7b4682716095be1962981e,100.0,99.79892761394102,100.0,98.71313672922251
91ae0ed28c5142ecc8b8e9a5d5f707d5,100.0,99.94652406417113,100.0,99.73262032085563
fb89ee34d5f2ddb3d1ce9da15080b792,98.09782608695652,95.83333333333333,98.09782608695652,92.63413506012951
440cf59737156116c2e42f84552562b8,99.73118279569893,98.83512544802868,99.73118279569893,98.33333333333333
00fb4699f8a2077aa4225851ec609f82,98.64864864864865,94.48648648648648,98.64864864864865,98.1081081081081
923d1e7b6ceac97721615d80cf869780,98.11827956989248,95.63292245825684,98.11827956989248,95.64516129032259
147f672fdb531def69cb4b3f1c5029da,98.93333333333334,98.93333333333334,98.93333333333334,98.29333333333334
85f6db727b9f9f28fa57d33177a6f386,98.65591397849462,98.65591397849462,98.65591397849462,97.74280031133789
d7e616d63605ffd0d9129244621edbfc,100.0,100.0,100.0,98.81720430107526
4faa3699baba0e697f56b8f69a2a1f40,76.67560321715818,76.67560321715818,95.45454545454545,93.96007130124777
941c985cd594eddbaa7ba0e614bdf30f,100.0,100.0,100.0,98.67021276595746
da42156b748b0af3ebc3c6268720755e,96.2566844919786,95.72192513368984,95.72192513368984,94.59893048128342
19dccdcbb0a9ad59e58d289bcdb09295,98.65591397849462,98.65591397849462,98.65591397849462,95.80645161290322
8e6aad6b74b9b6601b06801e804b3ab3,100.0,100.0,100.0,98.38709677419355
c2cac7d762781f38d91567c99eba157e,95.45454545454545,95.01842267494371,94.90616621983914,93.56568364611262
a017db3bfdae612d959f9edcc112104c,100.0,100.0,100.0,99.19354838709678
d0d582d9d9b71467f236f9bace54eea5,99.73118279569893,99.73118279569893,99.73118279569893,98.87096774193549
eb689bb0db80cb3fc1f81366f262fd18,96.21621621621621,93.78378378378379,96.21621621621621,91.46455889852116
2b62bf55e8226888eabfb4f4da82a02f,99.19786096256685,99.13101604278076,99.19786096256685,99.0909090909091
ef7c28bb28866912b76003ee110bdf6b,100.0,99.86631016042782,100.0,99.73262032085563
d947bf2404132e0163f3c59d1bce36f7,78.01608579088472,78.01608579088472,100.0,97.51351351351352
e843b0e0535e8033ed7c08faf28016ca,100.0,85.18518518518519,100.0,96.47058823529412
527903fbf386db15505deed22209fe0a,98.39572192513369,97.06267379679144,98.39572192513369,97.11229946524064
d2e29353b6ede10f1607456fa86e6300,99.19354838709677,99.10394265232975,99.19354838709677,98.22580645161291
956d35dae808c86e4c2763cba7d609fa,100.0,100.0,100.0,99.24932975871313
839049ed2eabc492bfa76bca3e4f9075,99.2,99.2,99.2,93.01333333333334
bab16dfe7bab8f56e30de9733e5a5964,100.0,99.86631016042782,100.0,99.30481283422459
5f438bcb87bf9d011daee383cbf8268b,94.66666666666667,93.49333333333331,100.0,97.81333333333332
c4587a7b24a6c49f9de0882e32f519f5,98.93048128342247,98.93048128342247,98.93048128342247,97.01103652292639
955d34a1529b6fbcf425ced56e3b7fc1,99.46524064171123,99.06417112299465,99.46524064171123,96.57610258179518
5cf9be63b0ce8289c8ac73ac5162ad0b,97.86096256684492,95.32085561497327,97.86096256684492,97.11229946524062
194253bf7725522741f6f5467928510d,92.24598930481284,91.3903743315508,91.71122994652407,90.2243137254902
beb160f1d174dc940a6dd9816c42ca01,98.93333333333334,98.80000000000001,98.66666666666667,98.18666666666668
c3764288be8ac8815185c4ee6d913e81,100.0,100.0,100.0,96.37837837837839
2b33fe69214c39198384dc9686326117,98.1283422459893,98.1283422459893,98.1283422459893,89.6524781006724
83d1208a372f046a842442d3a156c435,96.51474530831099,96.51474530831099,96.51474530831099,90.89174348754855
43c944338e9f3b7dbdf05108887a754a,99.19786096256685,93.19235566515175,99.46524064171123,98.3957219251337
e5f056df23811f3fe0e48de4aafd0d9b,99.73262032085562,99.73262032085562,99.73262032085562,99.0909090909091
c41c5795922c324df06444964515a11f,100.0,99.57333333333334,100.0,99.52
8afde037c611bdd1b53997b0f6b4dd7a,,,73.79679144385027,68.60075525255343
6cd5cb3562f8ff28e2e21339a4fc55c1,97.32620320855615,97.32620320855615,97.32620320855615,88.75485656119625
3ab7c5dece6b62c7faf92b667d63b4a0,99.19571045576407,99.19571045576407,99.46380697050938,97.80160857908847
6589433bc08b7cdc5ea1e4928683ed00,100.0,99.86666666666667,100.0,98.98666666666665
913e8b6ddca7947f95db836301d8e9cd,100.0,99.86559139784947,100.0,99.46236559139786
6504a13e2edb3328fffb344daf7b2ee3,100.0,99.86631016042782,100.0,90.05347593582887
07a0a37967e31e9f4fe1683f99cc42b7,95.72192513368984,94.6524064171123,95.72192513368984,93.90144944158506
80696a8e4c14013684c162880b99abc9,99.73118279569893,99.73118279569893,99.73118279569893,99.40860215053763
026600da36b900cf6ff6ee481b90793a,100.0,100.0,100.0,99.03743315508021
67ab6a8c32dcb38e12415ef305a06ce6,97.05882352941177,97.05882352941177,97.05882352941177,95.08021390374331
114bc1da00dea879e58c42626058bb7e,98.9247311827957,98.9247311827957,98.9247311827957,96.66854045951166
61637c95fcfd388d16465d5d8ae30f0a,100.0,100.0,100.0,99.35828877005346
aa994f6ce33aa806c707bdc34ef908ef,99.73118279569893,99.73118279569893,99.73118279569893,99.35483870967741
dd365165667aed1d7e806ab8ded914dd,98.1283422459893,97.75401069518716,98.1283422459893,97.27272727272728
46636732082e8b359502809c48875633,99.46236559139786,99.46236559139786,99.46236559139786,98.54838709677418
df443df991086de26795466fa2bdd4f2,94.6524064171123,93.14373417084397,93.01075268817205,89.88595194620758
c2a63e5593cc5d91688af8f3abd60f16,100.0,100.0,100.0,98.76344086021506
6e01e4385cee37baa2cba8e4af01c030,75.80645161290323,75.80645161290323,100.0,96.82795698924733
90180ad539e48d0fd6f3161438f747b7,97.29729729729729,97.29729729729729,97.29729729729729,94.27027027027027
0ce454899698457894ff03330870f380,100.0,99.86559139784947,100.0,99.03225806451613
89be024198d6c2575cdec2fecfd9129a,80.9651474530831,80.9651474530831,98.10810810810811,90.6933210683408
021debed55af14cc6451649e0fcd3ad0,100.0,100.0,100.0,99.73045822102426
89bd7c45f05c79d6fbb1fbda696d5bae,91.17647058823529,90.9090909090909,91.17647058823529,90.58823529411765
c9209e2a22c08ecdf2762a15fb6e44e1,99.73262032085562,99.73262032085562,99.73262032085562,99.41176470588236
61786e38b934cbe33d5850a578a7ee22,94.10187667560322,93.5656836461126,90.64171122994652,89.850381158266
1e2c02998bd1e6ff2aad5bd96b138e35,99.73262032085562,99.46524064171123,99.73262032085562,97.96791443850267
c80287fd598d09df08b50511b22020e5,100.0,100.0,100.0,98.93048128342245
f2fbdc2b912ea775653691981335232f,92.70270270270271,90.9755778923001,88.53333333333333,78.50560486529015
2e3414cd356e335e4f675efeb43938b3,100.0,96.12021857923496,100.0,98.08743169398906
234b81fb7fa91bcfef74c8511c07a219,98.93048128342247,98.93048128342247,98.93048128342247,93.89585812389788
5ab25dcdb272bc212f8833c23f30c16e,99.73118279569893,99.73118279569893,99.73118279569893,99.24731182795699
573471302da724edb5d0fa958385fb6d,100.0,91.04278074866309,100.0,97.9144385026738
a5855fa4fbc240bfd25ccc70b1627be3,100.0,100.0,100.0,94.17511586452763
3d89b82f7dc8f2f24e7c65124529a879,100.0,99.73118279569894,100.0,99.13978494623656
676c29f329b29adbd48921804b86030e,100.0,100.0,100.0,94.48648648648648
c5fd2a45a5ac6f49a4089d35044de207,95.72192513368984,94.86056005980103,95.72192513368984,94.33155080213903
5b2a2d09315ded235146cac2e767e89a,93.54838709677419,92.95698924731182,94.6236559139785,93.06451612903224
618e77ab00abd20cfb2694d45fe07df1,97.84366576819407,95.93045358374634,99.46236559139786,98.00915862388777
89056b9f86a0886730db47a8c45825eb,100.0,100.0,100.0,98.46560846560847
26897509b56c5bcf18626b728a146bca,100.0,100.0,100.0,96.90968540120184
fd66678cf39f676cb57820da4a793b6f,99.46236559139786,99.46236559139786,99.46236559139786,95.53763440860214
6eeec78da7ff573c0bb7f7ddc3eefa8a,99.46091644204851,98.04582210242589,99.46091644204851,97.08894878706198
1db7fb888012089960006f42143c48af,99.19354838709677,99.19354838709677,99.19354838709677,98.2258064516129
36cf1853edbaec342c271909f87ca1b6,99.73118279569893,95.04632807137955,100.0,99.08602150537635
77e5e44634d0afe9cd0385ef1e17f3ea,95.98930481283422,88.38798010064372,95.98930481283422,87.58397729064816
f095ea0711dbffa2a1c48745983b9c5f,96.50537634408602,96.50537634408602,91.39784946236558,88.71050883479923
09eb7e9f361c0d842f96d14184871ffb,99.19571045576407,98.71313672922251,99.46380697050938,98.98123324396782
cb886014283a43df6af104cecc83cfc9,93.04812834224599,87.4990784003127,93.04812834224599,85.0785087501224
03a6a6d84a7be4b11b6467c91ca79d57,,,96.40883977900552,68.86102811776223
fef34e7fa03c36381857511c7755324d,100.0,99.82078853046596,100.0,99.13978494623657
b7a2f949d87f6ce14145811c2d2974af,100.0,100.0,100.0,99.57219251336899
16bc6160df59f42ec2c49c8ee41d95fc,97.84946236559139,97.58064516129032,97.84946236559139,97.09677419354838
07246a1fc2c2fed9e54374f5ee46c333,100.0,99.86666666666667,100.0,99.46666666666667
7762e0345755e644245415ce796d6cfa,99.2063492063492,99.07407407407408,99.2063492063492,97.51322751322752
ec32cc6605cedce13a2049357143079a,93.85026737967914,92.24598930481282,93.85026737967914,92.03978609625668
923e86a70ad8194f9dab67ab8397371f,95.71045576407506,91.27708219237,95.71045576407506,88.28045476050522
2e009092df813643f303457c87387ced,100.0,100.0,100.0,99.03225806451613
a41371aa833164c1e707004fdfb16b36,91.17647058823529,86.30820935558134,91.17647058823529,88.26726498544824
38007bfc5e4b3c58b1d91a0bc9c4fdb2,94.6524064171123,93.56855098851631,93.31550802139037,92.49688176513598
c2d746ce5aed150d6696eed8143ec2c7,98.1283422459893,97.37967914438504,98.1283422459893,97.54010695187165
fc7dec198c007a0622c9acba71b1edb1,99.73045822102426,99.46091644204853,99.73045822102426,99.35309973045824
78571689def5620061b622ab87a928ff,99.19354838709677,99.19354838709677,99.19354838709677,97.62846708981827
d2324169a6d55451e2666edc82665cba,96.23655913978494,91.08492605725158,96.23655913978494,87.25192824922695
e0987c7b47c2fb3b4638ebd7a04f69a0,97.59358288770053,97.59358288770053,97.59358288770053,95.28580235408813
7e2246947e40512267840e3645e8c570,96.73913043478261,96.20419465064217,96.73913043478261,95.87899139860964
892351141be327d407d7d063c3a74f59,96.524064171123,96.524064171123,96.524064171123,94.9159151840117
704d9e2c5c3cea3c4683fe56146b043e,98.11320754716981,98.04582210242587,98.11320754716981,98.0053908355795
02541e05438ebd6cd913200972ef5e4b,,,71.7741935483871,71.15449140359956
720ef8366f0bd5fb2cb193ce02e53799,100.0,99.91087344028521,100.0,99.25133689839573
ce264b1fd05f8dfc0dd2941a2b170a3a,95.72192513368984,95.50802139037434,95.72192513368984,94.97326203208556
5009ec83dc7d2e70acc5d0426d8abceb,91.97860962566845,91.01604278074868,91.17647058823529,90.05347593582887
817505ccf93a252d80ac6191376cc419,100.0,97.95008912655972,100.0,97.70053475935829
be817fedc78d38052d17146829adb06d,,,74.93261455525607,74.39749619951542
118852b957010ee00ae4dbb8665ad57e,100.0,100.0,100.0,93.2975871313673
af2f68999329d11971cc4eeb7d338c1c,95.67567567567568,94.43243243243244,96.48648648648648,94.32432432432434
cff8e2e801a0c5c478ebbe42363d2ee7,95.18716577540107,93.90374331550802,95.18716577540107,95.02673796791444
4c61879ca2f0594335aa69f539fa89c3,100.0,99.11111111111113,100.0,99.41333333333334
4c65953d2d9c04292134fc5013f3a21e,97.04301075268818,84.98984148889274,97.04301075268818,95.59139784946237
f213ec50ee3f0c0c4a7b47b321d081a9,100.0,100.0,100.0,99.51871657754012
aded20d81ae85d32dc13bca7fbd3340d,100.0,98.89055534724827,92.0844327176781,77.55375292364249
43c0b25b6784fa0e906d10eea57852c8,93.31550802139037,92.72727272727272,90.64171122994652,89.14966131907309
3f82999a4623343cbba40859d44329b0,100.0,99.86559139784947,100.0,98.17204301075269
712f87f5d819a247fd620da2e5d1ba23,97.59358288770053,97.59358288770053,98.39572192513369,97.54010695187166
335d0b23ffa0a12a5048771a0c89e3b1,97.289972899729,96.7479674796748,97.289972899729,95.55555555555556
06894625cc4725640c9c1bba0d9aefc8,99.73118279569893,99.73118279569893,99.73118279569893,93.271164826247
c54740e67850b527400a77af33bd3d89,100.0,99.82316534040672,100.0,99.09814323607426
ea5eeef4adcd29b79e56e455f9025517,94.66666666666667,93.43258467023173,100.0,99.46524064171123
37e4420bd53e9fdbe33fa465e829f030,100.0,99.93297587131367,100.0,99.5710455764075
dbecddfdb4c39e60616c3958d43cfc8e,99.73118279569893,99.73118279569893,99.73118279569893,99.40860215053763
2c76f558846fa9aa57c59ddacefeacb2,,,66.21983914209115,61.80651453263731
f1aa0ea145fc7098b3403eb2badbe65b,99.73118279569893,99.73118279569893,99.73118279569893,99.24731182795698
e61e6021af25969dd347b921fc6389a4,,,67.81002638522428,67.65325068755149
de1f954072ef273959e798b81a39a1f1,97.59358288770053,97.59358288770052,97.59358288770053,96.79144385026738
52ecb4b1abf93593276cb066f1446900,97.32620320855615,97.32620320855615,97.32620320855615,93.475935828877
551f70cf3f951806a9b28706825acfeb,96.2566844919786,91.5698394623794,96.2566844919786,91.00098923312927
4d472a0025391001536abf639f86372b,100.0,99.53208556149733,100.0,98.87700534759358
c7b5ccd6001f20b113bf480efab552c9,96.7741935483871,96.59498207885304,96.7741935483871,95.21505376344086
3f0bc3f2b8d9b380ec319501754eca38,100.0,100.0,100.0,99.46236559139786
1a33b954694a3eddcd95ead6c562cfb2,97.59358288770053,97.59358288770053,96.01063829787235,95.51456972731066
2adce772c19bf78aca62501a10d63509,96.24664879356568,94.8525469168901,96.24664879356568,93.99463806970509
77b0fc3d2cdfed133689d19939bd753c,100.0,99.82222222222224,100.0,99.41333333333333
08c5a92f42b9bd6cf258a65dc845fd17,99.46091644204851,99.46091644204851,99.73045822102426,99.29919137466308
372e53abd78532e75f0b7c98fa758cc1,96.7741935483871,96.7741935483871,96.7741935483871,90.43810187163452
f538d22fdb4f50b77253747c9f18ed18,96.2566844919786,95.56392156862746,95.45454545454545,94.27807486631016
f3faa99f0acc0df8ae5f557d0ca39c08,100.0,100.0,100.0,98.65591397849462
c667b7a7367b1dbad8a24df3fef9441a,100.0,99.8212689901698,100.0,99.62466487935657
95a05bf179625c68dbfdd8e357f791cf,99.7289972899729,98.78048780487805,99.7289972899729,98.15718157181571
04bc2a095282907ef4df7a2a9447166f,100.0,100.0,100.0,98.28877005347593
4767afde4b029b318194cf99b257de2d,100.0,99.72972972972973,100.0,97.25038245792962
cb13db7c2341f7fb498c476454c50a21,100.0,100.0,100.0,99.13513513513513
e8d0c712ad2ea5d27abd8b1e23eb6f7a,99.73262032085562,99.73262032085562,99.73262032085562,95.87174377428282
937806dd600ece921faa49ac16d4cdb0,96.50537634408602,96.50537634408602,96.50537634408602,93.2258064516129
e808c9a57b23d000151dd0526336e8de,98.38709677419355,97.90206648697213,98.38709677419355,97.90322580645162
9ab23c4d99ca81eaa9c30826e3201dd4,99.1869918699187,98.64498644986449,99.1869918699187,97.88617886178862
a0ecf69202e62fe969206ad4b1445b61,99.73190348525469,99.73190348525469,99.73190348525469,94.6916890080429
643cecdf78d7a5f104fd135492479199,100.0,100.0,100.0,98.70967741935485
e64aa0d53a0727d6fb6d3fcd8667e49d,91.71122994652407,91.059769752405,91.71122994652407,89.2927699961291
418ebbfcf9fe4c2ccea934ba2533ec35,97.56756756756756,97.56756756756756,97.29729729729729,96.48648648648648
82f01cb6b84420e18f1f7aed8630c878,100.0,100.0,100.0,99.24731182795699
7e112350867950f176b414f5f71178fd,100.0,99.7860962566845,100.0,99.67914438502673
3ede9a0384a29cd63d3cebf0f09b96c1,99.73118279569893,99.64157706093191,99.73118279569893,99.40831232066778
6e6136a51bc1d0612894175086e106cd,99.73045822102426,91.6880445334085,100.0,97.41239892183289
a8a3fd004219cc6476d68c8902fb52a3,87.46666666666667,87.02326260709563,85.25469168900804,83.93246645452363
b04a73565cfbfe585d234694b827d9d1,99.1891891891892,99.1891891891892,99.1891891891892,97.51351351351352
136c27e1efa2b99fb71cdff938615daa,98.14814814814815,94.13745445407714,98.14814814814815,97.98941798941799
ab4d207ba005958298be140605c5a8fb,100.0,100.0,100.0,95.6149732620321
9a0ea06f99eb653b4104f7809547dc61,98.9247311827957,98.9247311827957,99.19354838709677,98.33333333333333
5d31a7ba11fffdbcb915a4ba1aac75e6,99.2,98.93333333333334,100.0,98.66666666666667
b94b3e9177961551c08f311f8515f346,99.46091644204851,99.19137466307276,99.46091644204851,96.91052396433146
ec3fc3f61c2e9c1a7f32bc622801ac2c,95.43010752688173,92.74193548387098,95.43010752688173,89.72553111323653
27af05757211c4e22e274f6521c2b033,100.0,99.86666666666667,100.0,99.57333333333334
4d9f444d7b7f1f6de3b53c732536296a,99.73045822102426,99.73045822102426,99.73045822102426,99.24528301886794
14d87a227e9cbf80d583db1f6eaf48b4,93.81720430107526,93.38709677419354,93.54838709677419,92.25806451612905
0a4dae6c36a924945c5ad8318aff7ecb,90.56603773584905,89.25743971447598,90.56603773584905,85.6944244923882
933c1a437592c012f7169968b9045854,97.56756756756756,90.44120375694844,97.56756756756756,97.24324324324324
bb50ac888e677e82816ea70b2ab33eca,98.9247311827957,98.74551971326166,98.38709677419355,97.41935483870967
950c432d4df367cfd29389f23c4272f6,100.0,100.0,100.0,98.04232804232804
82243ab47000b0bb9500a7f65bf04630,99.46236559139786,98.47670250896057,99.46236559139786,97.31456657730116
78655baa8fe07fac3df14b89c91be2bb,87.66756032171581,87.33892588428608,83.24324324324324,81.1638687744348
2018829be0affbac011bf1b8e30981ad,99.46236559139786,98.9247311827957,99.46236559139786,97.84946236559139
7aaece58fc746f9480457f6056857dfe,95.45454545454545,93.96349376114082,94.13333333333334,93.47907308377896
9f73559d08e3d2aebe9872ed20eb92cb,100.0,98.59625668449198,100.0,90.96196202682877
d57543b38df2129448b58807cb5965d0,94.68085106382979,93.96290818068039,94.38502673796792,93.31163710914538
c5818942f7219725c098917e39a7e7bb,98.39572192513369,98.02139037433156,98.39572192513369,97.6470588235294
fc91b1d6efa2d63ad830349556a06220,99.46236559139786,98.65591397849464,99.46236559139786,98.65591397849462
6c1758cff014a807d58bd737c76ec233,100.0,100.0,100.0,98.98123324396782
deac35bb9d47f67965b800fa6c414dea,90.37433155080214,88.8427807486631,85.25469168900804,84.57455807085202
de81a26ccacc05d41aeda73937929a7e,99.46524064171123,99.46524064171123,99.46524064171123,94.17112299465239
2c46a6bd519e153e57e33cbee296bb41,100.0,99.86449864498644,100.0,94.48060248796557
f7ac318fad126f8dc75f70e09fd5c4dd,96.50537634408602,95.05376344086021,96.50537634408602,94.51612903225806
07ab589574a5adeae211c91efb58a71f,100.0,100.0,100.0,98.86486486486486
6533ef83a51929f69e6f95d7a59a421c,95.6989247311828,91.06338579253978,97.70773638968481,92.27116499233861
36b46a254875314bef7628b94ef8d7b6,98.13333333333334,97.76000000000002,98.13333333333334,97.54666666666667
8c932073a2765a0e8639a784955bd290,88.17204301075269,85.59769329612632,84.98659517426273,78.87881073436009
204059649d5553ccc15a44ccd09de89c,96.26666666666667,94.60549019607842,95.97855227882037,95.03057676592451
a759ddc94367592f2474e1de3acdb224,100.0,100.0,100.0,99.19571045576407
9d172cf068d4eda0c6d68f5b9cc75a1e,97.59358288770053,97.59358288770053,97.59358288770053,95.88235294117648
503e3f397b970f03e626474b548327b4,95.98930481283422,91.26779544379293,95.98930481283422,90.0757741477634
8466c6dfab56e8746ea47bc3c0e571e0,100.0,100.0,100.0,95.72192513368984
e9610e4b261eb260ad4e507e8c1d634e,97.86096256684492,97.86096256684492,97.86096256684492,95.24064171122994
4a6f9dd6166c1d7f2c4af6440718c03b,99.73262032085562,98.93048128342247,99.73262032085562,97.75401069518718
d56e57f7a7e3a1b98778de802e7097d0,92.53333333333333,92.06437552866521,91.48936170212765,88.38131655193169
c8b7afd58453fa7f61cb3486e65de8f0,98.9247311827957,98.9247311827957,97.84946236559139,96.23655913978493
ced3d95a776f5047eb0ab75ebeaa0555,94.91978609625669,94.1711229946524,94.91978609625669,94.33155080213905
8b0ebd33e66653c42aa292e40bf6291c,92.99191374663073,91.54232965249399,92.99191374663073,91.110628061328
ad7b37d7259f65ae5d2d898c539a6297,,,89.40217391304348,73.99189020834358
8dde56a6b6263c9ff1d677c7a17456ec,96.2566844919786,93.90374331550802,96.2566844919786,90.70545454545454
92d6b69fbdf22335e1e29eb7ddea612a,98.10810810810811,97.83783783783784,97.83783783783784,96.59459459459461
87ced6667f7e72e893d3f02ac08066a2,94.6236559139785,88.77583672057423,95.16129032258064,94.73118279569893
0bd4b1e42bd92aa97b0e3256b8b9f685,98.13333333333334,93.64121212121213,97.86666666666666,97.49333333333334
8b42e63e1fe8e14326fe559f8a2cce81,100.0,100.0,100.0,94.13978494623656
6891aea14e9e48ed890aa10cc84e4d40,94.11764705882354,91.86291235967944,94.91978609625669,90.8124064171123
357ad9f4f9251dd5f1a70dec188b23a3,99.73118279569893,99.73118279569893,99.73118279569893,99.46236559139786
8dba5d94c21557246f8c48418b0f3bda,100.0,100.0,100.0,98.51851851851852
b923bc5d99ffa071df805bfb578547c4,99.73118279569893,99.73118279569893,99.73118279569893,98.60215053763442
3c6c6b674785246a706fea426f2f4dd9,98.38709677419355,98.11827956989248,98.38709677419355,96.82795698924731
5901c122dbe9545a6149416c6397f234,76.86170212765957,76.86170212765957,99.1891891891892,94.36775758712363
bbb066ff0d8c41323c27c93a1a3c35a7,99.46236559139786,99.46236559139786,99.46236559139786,97.04301075268816
78f289cd472d09e153e93361d0beeb2f,97.05882352941177,96.68449197860961,97.05882352941177,95.1336898395722
b8299c90e4c775b18c1c5ff6d23ad616,,,64.79217603911981,61.59482330332354
0c9b81e16ab4e3c0b202044ce6d7ba57,96.2566844919786,95.98930481283423,96.2566844919786,95.88235294117648
798933fd16ab772e1e547b6af3461e47,100.0,100.0,100.0,90.446495313668
1541d3f52b75573d379c2d7efdd61f0e,100.0,100.0,100.0,89.78140128163139
21154dbe9d1fd27c98e5ee78bb11560c,98.65591397849462,98.65591397849462,98.65591397849462,97.20430107526882
5b6d589e4b8374ae05953faf3e0ec415,100.0,100.0,100.0,97.09677419354838
1034f9305f9e8af991841f0741e8ce44,97.289972899729,97.289972899729,97.289972899729,95.93495934959348
4b322ffec8bcd2c849beaeaaab778b16,94.38502673796792,92.83107052228641,94.38502673796792,90.74550902496021
645dd8b575c7e7c0952933bbe90b4bb9,100.0,99.89276139410188,100.0,99.78552278820375
0b9c934012caa8a6606599ddcb49c15b,88.77005347593582,86.96167835108696,86.96808510638297,85.022038119182
29b2f8399229daa8138a86a37fa795f1,98.93048128342247,98.93048128342247,98.93048128342247,98.07486631016043
296a64ff9ac191c4f1c886ba988e1706,98.66310160427807,98.57397504456327,98.66310160427807,98.12834224598929
eb6a99a43cef2237af9b344c4df7f907,99.73118279569893,99.73118279569893,99.73118279569893,96.98924731182797
943510d75dff81e8e8a61b414393ad22,98.11827956989248,97.98387096774194,98.11827956989248,97.58064516129032
8e87f6187c3bff96717578fafac261ae,95.44235924932975,94.78739658104874,94.6236559139785,94.13978494623656
749376b5f9975100a175a587f222e10e,97.84946236559139,97.84946236559139,97.04301075268818,96.72043010752688
d16549567d9b503e05d935bd5ca038a6,89.83957219251337,89.4230303030303,88.44086021505376,87.36559139784947
626c469cde244cf9b780fe8a6e952018,100.0,100.0,100.0,97.7439534146271
ee00e22b5b23fa6d7e2502177a8a70c7,91.95710455764075,91.38148557009934,90.88471849865952,89.94721107941106
7bc40a9c22f90b2ce6c97edc8248f810,99.19354838709677,99.19354838709677,99.19354838709677,96.55913978494624
f437261ff1458ebf1aa7f6dc7bf69e58,99.73190348525469,99.73190348525469,99.73190348525469,98.39142091152814
469c376c54706d2a04589d78e87c8780,99.46666666666667,95.26425531914893,99.46666666666667,98.61333333333333
3561691a3832d2ec98315c3412a98fa3,99.18032786885246,99.18032786885246,99.18032786885246,96.88524590163937
8fa174b717385600595ec8771240bfe8,96.50537634408602,96.50537634408602,88.70967741935483,87.06808103643162
6ed1f425cd7d234afdf0906b91293ae2,97.86096256684492,97.86096256684492,97.86096256684492,95.87432438244612
99974302fcd8d2101cbc28c8141e0ee9,98.39572192513369,98.1283422459893,98.1283422459893,97.6470588235294
7ede4b72fe5210d181d31d0161d8f153,97.86096256684492,97.77183600713012,97.86096256684492,97.16577540106952
d6ff6bbe079674401094c1a932da80ab,99.46236559139786,98.87096774193549,99.46236559139786,98.70967741935483
ae9418ce9d02c32999138b34c48512fb,77.7479892761394,77.7479892761394,99.73045822102426,94.33962264150942
2d86655f5770d1ddf5947021a53b57cb,95.98930481283422,94.69943083253285,95.98930481283422,94.21728720735186
3ccbd454b224dc84efdde550255ca527,91.17647058823529,90.05347593582887,86.89839572192513,86.01998537655373
d40238b6e6c47b51c94b10008b551af4,100.0,99.84,100.0,99.30666666666667
4561fef494acf771179203cc14f5d372,99.73262032085562,99.73262032085562,99.73262032085562,98.39572192513369
f527a3626856c74b3bf1c926561baf11,99.46524064171123,99.46524064171123,99.46524064171123,98.28877005347593
af62b8aa99dba188ac2f26d05dff89d1,98.66310160427807,98.39572192513369,98.66310160427807,98.1283422459893
dcc3c223f6007f2b75ad31366a34a983,100.0,100.0,100.0,98.49462365591398
be2708e1bdcddac994cdfd7ddf921d52,98.93333333333334,98.56000000000002,98.93333333333334,98.29333333333334
43a837e225147b88f58a65ccc8412c7c,95.98930481283422,95.72192513368984,95.98930481283422,91.05016415535262
15bf273330928f57de2f3b24ca2a5135,91.75531914893617,86.7869308931679,91.75531914893617,80.90168179951367
8602056eba9f104692f2ddf8938871c5,98.9247311827957,98.76344086021504,98.38709677419355,98.11957681109286
6c75b6547a775bd435d6121ea181a298,97.31903485254692,97.05523935140715,96.79144385026738,94.22459893048128
8d8be8b2507c837431e2e91d5b78faa9,99.73118279569893,99.73118279569893,99.73118279569893,96.18998332470818
dd845f9a83e4214b3e9e1a1ead34f609,100.0,100.0,100.0,98.82037533512064
9c426d26d1334efd88b234484348abbf,98.11827956989248,97.79569892473118,97.31182795698925,97.04301075268818
3e5c0929aa7ec948ea82be82637549b1,95.2,94.24948699136519,95.2,93.38992907801419
54c489de5ec8c0e9aa68974f8f39d713,100.0,97.98387096774194,100.0,97.79569892473118
5db86c73cb3a69940374cd84e1457a2f,99.19354838709677,99.19354838709677,93.54838709677419,90.3225806451613
2f0e324704bd4ac738072c50d4eba0ea,97.06666666666666,97.06666666666666,97.06666666666666,92.96453900709221
7056f0ca7e34feb91ddfdb617582fd12,98.66310160427807,98.66310160427807,98.66310160427807,97.91443850267379
9711e5e56376fe411f8d9ca9e739c6f1,97.32620320855615,96.41711229946524,96.524064171123,96.04278074866309
3f602caee36e03c625a1f30eb97314e2,99.45945945945945,99.09909909909909,99.45945945945945,98.64864864864865
703b123d3cbe4a7e8c02253f1f55d261,100.0,99.73262032085563,100.0,98.50267379679144
523a7e01fa5c47d91e959292759c7ac7,91.37466307277629,86.79245283018868,84.98659517426273,79.21345560268722
daa33b68bffced185af681590ffd372e,100.0,99.83827493261455,100.0,99.78436657681941
76861e4fd720b21d96693697fa6b48fc,97.59358288770053,97.59358288770053,97.59358288770053,94.43850267379679
9fd90ca5d6775c90e4e6e46e09b38313,95.45454545454545,94.27807486631016,95.45454545454545,94.2180040429528
7bc4b6055f77dc4acb835bf59f37bba2,86.63101604278074,86.63101604278074,100.0,89.7326203208556
8a652928ef13cc45fe6fad624a6fa1d2,99.73262032085562,99.33155080213905,99.73262032085562,98.18181818181819
f486ad1bcca90a8bd9b68c76212312c3,100.0,100.0,100.0,97.45945945945947
8cc8b34be2f3cb1e12e390328759aaf7,100.0,99.94638069705094,100.0,99.78552278820375
4c301bbaaa0d8e3dc3356271c20fc5b5,100.0,100.0,100.0,99.1005291005291
f9d19abf0ac81bcc64d02d91350fce35,99.1891891891892,99.1891891891892,99.1891891891892,97.35135135135135
58775dbd44f0df19b94bc37ab4e4c579,99.19354838709677,90.47956989247312,99.19354838709677,93.90986044383436
a4d4e17dbb14f15384261ddd56409439,100.0,100.0,100.0,93.9784946236559
449442ea32d59c45c20f49095f206f1d,100.0,98.57397504456328,100.0,97.80748663101605
c9c58ce6cfd82ba2d1a35ed4588dc1db,99.73544973544973,99.73544973544973,99.73544973544973,99.36507936507937
8e411053229e1cc8814cc8c0d1989251,97.59358288770053,97.59358288770053,97.59358288770053,95.40106951871658
72c6706063e2325bd12c28ea8b23e872,,,63.56968215158924,61.89661841897281
9d93bbfc68509916e75cf218443f9b1b,87.93565683646112,87.39268932514629,85.17520215633424,82.64150943396227
d23e031b9dfbdb8f41323c8c5c775f26,99.73045822102426,99.73045822102426,99.73045822102426,96.7601078167116
a2ea5245d83eba89a777bfc3af4e28a7,98.65591397849462,98.65591397849462,99.19354838709677,98.54838709677419
46106a1395497d731c64d8d5b56c3771,94.91978609625669,92.33067609162727,90.42553191489361,88.99402257533917
56eed20694eeebce9a5a6bc4626aca89,96.7828418230563,92.23953778440453,95.17426273458445,94.47721179624664
9e1c950d882ef8c3e0f61aa7ec52060e,99.73190348525469,99.73190348525469,100.0,98.65951742627347
c2b43f5fc401b8ae942e9f83213eef32,,,100.0,94.06431372549021
f877e829ece2e97efc2208f33e765ce3,100.0,87.28823765556001,100.0,87.22522522522522
cf94c789ff082528101c344b74e994c7,93.76693766937669,92.95844996640331,93.78378378378379,91.71068629605215
dc34e8512b788fb682511c00370ee4c7,100.0,100.0,100.0,95.92780031827502
7de13a55503e90292b953209386e0b7b,96.80851063829788,96.67553191489361,94.68085106382979,93.67021276595744
8a86fb52c58e6597a806872e474d6ac1,98.39572192513369,98.39572192513369,98.39572192513369,94.8663101604278
6a639263c07c310881a6085392276536,,,64.02116402116403,62.54701413378162
4c4c77a6783079489f146bf3f51d11e6,100.0,99.81981981981983,100.0,99.09212129901786
630dbfa8fbc034c9f8692f9d429ea57e,99.73544973544973,99.73544973544973,99.73544973544973,98.78306878306879
b0d25a3bc288f3c5ac8b993c6e4504dd,98.12332439678285,97.21179624664879,98.12332439678285,96.67560321715817
4427597bcba686e28f83a29252ed6e17,98.91891891891892,94.32432432432431,92.22520107238606,85.31582342586537
ad093ee4a3c24932837db32cf7007813,100.0,99.73118279569893,100.0,99.35483870967742
a4f5e4b88460bc4713747b9e266d3144,100.0,99.73262032085562,100.0,96.0363292282548
8610085898359abd9388c49fcfbbcb2a,95.72192513368984,95.32085561497325,95.72192513368984,94.27018967469999
cf80116cb789ecdda4cb662ab3fd1b4c,98.9247311827957,94.29764355982613,98.65591397849462,98.01075268817205
848451a3853d056f1b0b123b39ebf894,98.9247311827957,98.79032258064515,98.65591397849462,97.79569892473118
335d9330fb71ae0d90dd21af0c78d794,98.38709677419355,97.93906810035843,97.04301075268818,96.55913978494624
e382176877a8994aed9f5835e1779aba,99.73118279569893,99.46236559139786,99.46236559139786,98.60445674421285
19f57e5afe22be9a7efe64bedb272f7d,96.524064171123,96.524064171123,96.524064171123,95.56149732620321
52b9510cbb34f48661b26bc88b568e98,100.0,100.0,100.0,99.0909090909091
dcc60ede2cc11c8503b4f31fab9233b8,97.30458221024259,97.30458221024259,96.21621621621621,95.40540540540539
2efff3ec5ec80431bec254de17da2fcd,100.0,100.0,100.0,92.84221033868093
ad552f09200febf499158c052101079b,99.73262032085562,99.73262032085562,99.73262032085562,95.60880847586415
80ec5ef8c3af388c768221021941877e,96.524064171123,94.70588235294117,97.32620320855615,94.54545454545455
c86ca8792c7be96d7699dead5edccd91,100.0,99.86631016042782,100.0,97.96791443850267
9918c6983a2d8a49a554941297f09e33,100.0,100.0,100.0,99.08602150537635
443d26a763fcf25a1b45a2fc51d1d322,100.0,100.0,100.0,98.18181818181819
f16e4c6266ddf5fc9dd22ebb744cb295,97.57412398921834,97.35849056603773,97.84366576819407,97.088948787062
a0cda4ca07d855686d23956f06d0d76e,99.19137466307278,98.76300611541026,99.46236559139786,98.92357186331621
40dc5c18cc4351517876235855be9721,96.79144385026738,96.79144385026738,96.79144385026738,92.13344611546788
5b3ae10206715c2976a983cb2eef902e,98.93048128342247,98.93048128342247,95.97855227882037,94.04825737265416
dbda74fb9d5fd3c12eaab78face02172,99.73333333333333,99.73333333333333,99.73333333333333,99.30666666666667
3768ce8adbe0d6b2fccade3b7750c7d6,96.23655913978494,92.47311827956989,96.23655913978494,92.36559139784944
59a5570b657c148caf79a4d0bf8b4d0c,100.0,100.0,100.0,97.84946236559139
7f95be53d89bc3a48bae7b78b974d701,76.47058823529412,76.47058823529412,100.0,97.96791443850267
768b30237305b76406c8c5c6a9fba498,98.39572192513369,98.39572192513369,98.39572192513369,96.95187165775403
17cd9e80e0f41c506e23257e356ac923,95.71045576407506,94.00840131324281,95.71045576407506,94.59419936631733
94f099e252b40a7a42a638b2c028b7db,100.0,100.0,100.0,98.6058981233244
46bd23bd0fd9dba10f345fa125cfcb81,,,70.58823529411765,66.86804788994259
be49979e50fd98568304bc66173f624b,99.73262032085562,99.64349376114082,99.73262032085562,99.51871657754012
ce0b607406b1ba0603a5883aeab5bbcf,97.05093833780161,97.05093833780161,95.17426273458445,94.09856150364669
584732b1ae36c8fd9cd78a3b94bfb4ba,100.0,100.0,100.0,98.06970509383378
b7533224f1ef2f4739006dd83c6bf4d2,96.2566844919786,93.999225817551,96.2566844919786,92.76598184972259
90c4f2d984977adea41de3f42bd18ea1,100.0,100.0,100.0,92.6181703488122
f57128992ee22ab49d1a992eb1594104,91.71122994652407,90.73317945262434,89.54423592493298,88.84718498659518
fc05fae4c5692849b84f3411043e8344,95.97855227882037,94.47721179624666,93.83378016085791,93.19034852546918
915047629ceb2cfb1fb1d4ff467c9002,98.93048128342247,98.93048128342247,98.93048128342247,90.56439472945469
2579ccdb853bf0bbcbc589ee0badfa6b,100.0,100.0,100.0,98.9247311827957
d45aaeec9a07ee5bc7a02cbca9a84ee7,89.15989159891599,88.49678443024149,88.67924528301887,88.1769648808055
2990b08e6fdd30ce626c1f5d8d026587,100.0,99.89304812834226,100.0,99.7860962566845
58170f812d875827788d594fb6ddd4ce,100.0,100.0,100.0,98.27027027027027
beb16d17921d9d616810cfda4d470651,99.73333333333333,99.30666666666666,100.0,99.30666666666667
8dddc010930174c81129a400de4404f2,98.9247311827957,98.9247311827957,98.9247311827957,95.96774193548387
421c4fde5e0b6d90aba4333ba1328d82,99.73333333333333,99.73333333333333,99.73333333333333,99.57333333333334
9b81b6e45f605a8664136716c1f36aa2,95.62841530054645,93.05290338077222,90.7103825136612,88.85245901639344
73e316aef3faef6abf714c6a2802f409,100.0,99.86522911051213,100.0,99.13557222991186
b2f2f46a7ac98e69a9c672e3c11d4dc6,99.19137466307278,99.19137466307278,96.75675675675676,95.72972972972974
6281e84f5577a96d655059cf0de0540a,100.0,99.86449864498644,100.0,99.29539295392954
2c8630b0baf30f2cc97a2f0b4bc96aca,,,54.65465465465466,45.050091337005945
1c4b816fb8f22fadba37d3f297f19730,100.0,100.0,100.0,94.1293404634581
e6bdf194852a3017f2294a9236f98dfc,94.11764705882354,92.29946524064171,93.85026737967914,89.57219251336899
47c6142121fd5fbdd963a7a6fccb2c5e,98.94179894179894,98.80952380952381,98.94179894179894,96.93121693121694
455800da158eb1acad1d1e9657b345d2,93.06666666666666,92.46666666666667,93.33333333333333,92.05333333333333
4651f1e124ac9d94cff06304c700b593,92.51336898395722,92.03208556149734,92.51336898395722,91.49732620320856
a9aac800e685600e21278a2012556aa7,98.39572192513369,98.39572192513369,93.58288770053476,93.10160427807486
f4993ea775e4b217485c9be1b55db40c,99.72972972972973,99.72972972972973,95.4177897574124,94.55525606469003
71f6d6badec9a36484ea0f6bea464bc2,100.0,100.0,100.0,96.93548387096774
3ab282a70cea4c1440512ab7820c4cad,92.24598930481284,90.80213903743315,89.03743315508021,87.85475954944494
8967a8d6fe2dd175ae34bdac837af10a,97.59358288770053,96.70231729055259,97.59358288770053,94.75391033820304
e9ad9694aa9baa8ef6805db44808b3ce,94.94680851063829,94.02936170212766,91.46666666666667,90.88
5b1e1cf5993a1b5ab7467ae5ebe4d8a4,100.0,100.0,100.0,89.10060606060605
1557e1ae96e182db04d667afa2262c8e,94.63806970509384,92.35620574137526,94.11764705882354,92.47641369894185
6650a92f75285af3244da368e945c376,91.42091152815013,90.84113489412339,89.03743315508021,87.97433155080213
65c647ffd0330aa88c24b8bf7674e6c7,98.39142091152814,98.39142091152814,97.85522788203754,96.99040041511718
532ff193b68d71a9e2229dd125e1eeb1,100.0,99.86772486772486,100.0,99.57671957671958
85856de71cc20a58c1522fd9ba454442,99.1891891891892,99.1891891891892,99.1891891891892,94.48648648648648
99d585f7c8f524fa04880f847f0a31da,100.0,99.82174688057042,100.0,99.57219251336899
7935c8ea2b1b44460993759d6d1cd5da,100.0,100.0,100.0,92.61455525606469
af652e408f0db93cc4846d6901a6ce37,95.16129032258064,92.75029548271786,94.89247311827957,93.2258064516129
f99471f9f75bc3c8400f9611fa7ee14f,98.66310160427807,98.66310160427807,98.66310160427807,95.98930481283422
c995fd3a6bbed38454cd050bc331deaa,99.73262032085562,99.73262032085562,99.73262032085562,96.7379679144385
8207352f9586edf5c23e242fba24021c,99.46236559139786,99.46236559139786,99.46236559139786,97.79569892473118
b1f59336f531943ed373eb155f8380ea,98.65591397849462,98.65591397849462,98.11827956989248,97.52688172043011
ecc87bcfc432d272b961cd36e4246127,96.524064171123,96.25668449197862,95.98930481283422,95.13639928698751
638fc32ab42e9e47ae41e2aad6572cc9,98.65591397849462,98.65591397849462,98.65591397849462,97.09677419354838
14cf2dc39880985bc2129f16b8f963f5,99.7289972899729,99.45799457994579,99.7289972899729,99.07859078590785
6007fe9f1b2db53b8b47650fa99e3f10,98.12332439678285,96.51474530831099,96.51474530831099,91.15281501340483
450e10636606887dd168542a6fc0df36,100.0,100.0,100.0,99.19354838709677
b9779a83e705307c6596e4741240726c,100.0,100.0,100.0,99.7860962566845
adae8a46239a2d87cf6b3187212b0c5d,100.0,99.86559139784947,100.0,99.03225806451613
b0b69224e197ce8061ddd3ea7ceff3d9,89.3048128342246,88.97191438115583,88.0,86.5972192513369
38296582075fc96045a4147fb746fe4b,99.2,98.98666666666666,99.2,98.45333333333333
4be7e3af901821b478005592cf83e189,99.73262032085562,99.73262032085562,99.73262032085562,98.98395721925132
28e70a00b942f129979d73aacfbf7bcd,97.05882352941177,96.36363636363636,96.524064171123,95.98930481283423
2afb474b8a2ab64685b85624763d2186,92.24598930481284,91.29226381461675,91.71122994652407,89.89101652067116
61b47b9e51cba36e07b09f783d91532d,93.06666666666666,92.63627033792241,100.0,96.96
2af9958fd7f71a6e23c081bc5ea32141,98.93048128342247,98.79679144385027,98.66310160427807,86.01696969696971
713e9dcfb8f87d843735061fd6bfe1e1,94.4,92.47600713012477,94.4,91.68921985815602
d184ddaaff75a83d4d9ce5566685f125,100.0,99.83870967741936,100.0,99.73118279569894
a3d67e84fce8a7747f69e619a049f2b9,85.25469168900804,83.34317787558601,93.27956989247312,91.18279569892472
87046e29904457e4619c87f36ff133f0,98.65591397849462,98.65591397849462,98.65591397849462,88.47124094108644
ade13a0239469e844de6acb3f220d4b2,97.59358288770053,97.59358288770053,97.59358288770053,95.3475935828877
efbf6366dde7be4e10d52c16b61604d2,97.58064516129032,97.58064516129032,97.58064516129032,96.93548387096774
b0c57e0ed7d0bca22ad86fa554a57a0c,100.0,100.0,100.0,94.97267759562843
0ce72cb3f2222077b10a09aeab862462,99.73118279569893,99.32795698924731,100.0,99.67741935483873
d16302bbd739ffc628c49803b25c8f6e,100.0,99.82222222222224,100.0,99.41333333333334
fa7645eda32b4e6cfa5a7641e34be6b8,100.0,99.86522911051213,100.0,99.02964959568735
98e48e291e82614b662dd427ed669231,94.6236559139785,90.9302367885272,100.0,91.23777503033527
7e19fffce24aab1692689a26dff5f328,97.59358288770053,96.47058823529412,97.86096256684492,97.48663101604276
d28d9cd054df9e29c622b1ec1944d013,98.9247311827957,98.9247311827957,98.9247311827957,97.47311827956989
30722c9b979a324b1a9e507436496b08,97.5609756097561,97.5609756097561,97.5609756097561,96.53116531165311
5efed3b185cd579740418a733b461740,80.53333333333333,80.53333333333333,100.0,93.19687970249936
d73a01cf4394c6ce1b6f91249a590671,90.10695187165776,89.59234946799236,88.8,88.20971028279858
a489f58a63d2317f6ff094edb3fbd55d,96.79144385026738,93.18843079753896,97.32620320855615,96.2566844919786
9298ac3ee3ca7f2d3eb2fcd739324462,100.0,99.94638069705094,100.0,99.67828418230563
86399b4152e937777cee90ee980e53c7,100.0,99.86631016042782,100.0,99.14438502673798
fa4cca3abe5e2f19f3d66fd3eafc8011,99.73118279569893,99.73118279569893,99.73118279569893,99.08602150537635
f8d30c1e3d25ad222894f3a1a7a3eb2a,91.46666666666667,91.46666666666667,90.66666666666667,87.5168185587408
39514d7e0d952fb5735d67b878688bc8,93.06666666666666,90.93333333333334,100.0,98.02666666666667
dbb33c04baa39aa2036f66ac54d07dac,97.32620320855615,96.92513368983958,97.32620320855615,95.77540106951872
71c170ae2a1a4f99b40b9fb4850c55fb,100.0,100.0,100.0,95.86021505376343
d0ee8cd5ce16c3dcf15fe70d87a7b4b5,98.9159891598916,98.9159891598916,98.9159891598916,97.72357723577235
a0bbfb182e829dcd543eba20abe4bf13,100.0,99.30666666666667,100.0,99.41333333333334
aca560400c046d00c063af6e4596f8d5,99.46236559139786,99.1263440860215,99.46236559139786,97.52688172043011
76a43b01e1b397fed9d963f273f17a59,95.72192513368984,95.01842267494372,95.72192513368984,94.05370532322118
42de4e368cca3ff50954f82c12dd5315,100.0,99.89276139410188,100.0,99.78552278820375
1f56ffc2734d7ef8efb20201a6700725,99.73262032085562,99.73262032085562,99.73262032085562,98.71657754010695
79e6f59a9f9e9a918479309917c34bb8,99.73333333333333,99.52,99.73333333333333,99.14666666666668
334b1d727a1edd0d17d589993ea3a1ab,95.18716577540107,94.32854009261516,95.18716577540107,93.42245989304811
c09305c29479546a081817c3df4019cc,100.0,99.80000000000001,100.0,99.78666666666668
18e8b2bd0c2318ff13208d8febed727a,100.0,99.67741935483872,100.0,99.6236559139785
febbb96bc35744a5fc6936e547e3041c,99.73118279569893,99.73118279569893,99.73118279569893,99.35483870967744
fd29bda0b56df34282a38393c8fbcbca,98.11320754716981,98.11320754716981,98.11320754716981,91.8702721502478
49eabe5ac42dea1466d651d64825b6c6,98.66310160427807,98.66310160427807,98.66310160427807,95.5671862555467
08beb3b3788f0fb047aa7b0b035a64a6,98.93048128342247,98.93048128342247,98.39572192513369,98.23529411764704
772c51fc3d0fb2e1bcaeda2b528c17cc,97.03504043126685,96.92722371967656,97.03504043126685,96.76549865229111
15baec8488957bacb3136134000dc93a,99.73333333333333,97.97333333333333,99.73333333333333,97.97333333333333
1fd28ae75bb3ec630b2de2e3430c8f1e,97.05882352941177,96.20320855614975,96.2566844919786,95.40106951871658
3430b825e4b3a8125340b6e0f195bf98,98.6522911051213,98.11320754716982,98.6522911051213,97.68194070080862
86d8b22d008c02c166ab930218a92e10,93.58288770053476,92.28598873134436,93.58288770053476,85.08021390374331
10378c24fd183ece5224eb4bb5980766,95.98930481283422,95.29411764705883,95.45454545454545,94.49197860962566
c2baae149e8c7b36f47fe4bf2356f1f7,,,69.43005181347151,68.27300363510062
a50b9465cd3e7850eae2011497a4f41b,97.86096256684492,97.64705882352942,98.39572192513369,97.80748663101605
dcf22aafce62a2d9046206ed47c5479e,94.11764705882354,92.40641711229948,94.11764705882354,91.34274509803922
121322a4bdcd6f088390c57de15de7ae,99.73190348525469,99.73190348525469,99.73190348525469,99.19571045576407
1071b98661dd8853c0e46701d6b23af6,95.98930481283422,93.85026737967914,88.50267379679144,86.79097628229941
27eca4697c28c0d2d71d89a89895ea98,97.31903485254692,96.91689008042896,97.31903485254692,95.54959785522789
6d56db03597652c712579ef83511cad9,98.66310160427807,87.73155080213903,98.39572192513369,97.86096256684492
15c6e0bf37328b13715a4ae6571a255e,98.91891891891892,94.32432432432431,98.91891891891892,96.37837837837839
e7891537521872e90b0e0f41517de633,99.46666666666667,99.46666666666667,99.46666666666667,87.86994652406418
251d66e77274e5b7d1eaf61e407f04b8,96.524064171123,96.524064171123,96.524064171123,92.30944741532977
4343b6b7da6bae2055762dad082dd651,100.0,100.0,100.0,99.52127659574468
91b0e901cfecbf218fbaa882071bc0ff,97.32620320855615,96.89839572192514,97.32620320855615,96.14973262032086
f84aa5ec0c6a8702f634b0fed4bb56e0,99.73118279569893,99.73118279569893,99.73118279569893,98.81720430107528
9cf1aa88a0fc0c5655a20cd94313b748,95.98930481283422,94.91333457584838,95.98930481283422,93.72869206176256
725fa7e245b8733a5fc9a4224886b669,99.73190348525469,99.73190348525469,99.73190348525469,99.08847184986595
5c9352f85a03deadbc046bcced83740a,99.73118279569893,99.73118279569893,99.73118279569893,97.63440860215056
1b2f4342857d36d36a40ca1bdeb10c3c,97.32620320855615,96.89839572192514,97.32620320855615,96.84491978609626
4a70dcab1da10b99743b8b5298cd2f6f,100.0,100.0,100.0,99.03743315508022
a012a92141e089dd0e178bc46889f8bd,,,72.75064267352185,66.99404477172405
84e4f817f54ee2f5785d8caa8c371879,99.46236559139786,99.46236559139786,99.46236559139786,97.25806451612902
e4bf10681d4b03152f1aded69bd8e7ab,99.46808510638297,99.46808510638297,99.46808510638297,96.86648654733762
4876b86f5480b63093b5ed493010d622,96.79144385026738,95.02673796791444,96.79144385026738,94.86631016042782
02e328ecac1fdf0f63bb40991465112b,,,60.266666666666666,59.04114058869791
644c14744299b1aa46a195610c9f1a6f,99.73262032085562,99.73190155827727,99.73262032085562,98.98395721925134
ae89ff1c2542cc18bae68e862b05609c,100.0,100.0,100.0,98.49462365591398
c574f4c451bc5662da17b3af8d5ebf44,98.11827956989248,97.8494623655914,98.11827956989248,97.52688172043011
e12d0786351086c693d56af70d0e9234,99.73118279569893,99.73118279569893,99.73118279569893,98.81720430107528
0789f0701b19d9a2a240b29e42e64d0d,98.9247311827957,98.70967741935483,98.9247311827957,98.38709677419354
58bd12d54ddade76b08e3fc252745a97,100.0,100.0,100.0,98.34224598930481
201f8219b3baeb8ce71eb8de62e49ca7,95.18716577540107,94.6524064171123,95.18716577540107,94.06417112299465
674620811839f7b3abae4475a2cbd1fd,100.0,99.86559139784947,100.0,98.44086021505377
d62995b61a683553373d223efcb7aeaf,96.524064171123,95.02673796791446,96.524064171123,96.31016042780747
eb0ccdfb925b4aa269b4e3d6848c7b32,93.5656836461126,90.607973709245,92.20430107526882,91.08016950618352
495f0278f21e9c70f64f973cab973d03,97.59358288770053,97.59358288770053,97.59358288770053,94.38502673796793
9cbf0954f06d3ad4ffa822ec80a7f4af,100.0,100.0,100.0,97.86096256684493
43b083f9636dbce1742a5107ad053584,100.0,100.0,100.0,98.71657754010694
6e72d85c5c29aaa1b7f043f60c8515fa,98.9247311827957,98.79032258064515,98.9247311827957,98.11827956989248
e5092df44ebdb6698c9fde3cdfb19ceb,100.0,100.0,100.0,95.37234042553192
96a0d03e75930560abfccfea17f4410f,98.9247311827957,98.9247311827957,98.9247311827957,96.66666666666666
08d10673b70f3d8b078a149a25d94b19,100.0,99.86631016042782,100.0,94.69771042709064
8b07adb150b7469eafc89ddb46a9bef2,100.0,100.0,100.0,98.76344086021507
8d941eda8589ac6399b9a5eea473711c,100.0,99.86772486772486,100.0,97.88359788359789
4708a77110c6f82083fb0f0e64026556,100.0,99.94666666666667,100.0,99.78666666666668
f2a6e7637c20fbb79c069489fc527053,98.94179894179894,98.94179894179894,98.94179894179894,97.77777777777779
71759382cfc2547ea9f6f84a1c2bff86,96.79144385026738,95.93582887700535,98.66310160427807,95.18716577540106
fcd440ee90ed7a838d67a52025c2c7d6,97.59358288770053,97.59358288770053,97.59358288770053,94.06417112299465
160417c8184691818a991a146e5402d7,99.46236559139786,99.46236559139786,99.46236559139786,96.3978494623656
be3beb705ba2502ce1c0a3ac0b24feb3,94.63806970509384,92.44412266490804,94.63806970509384,90.67611933879084
c68beead78f4f3b46f10ea9998c1bff7,90.64171122994652,89.9572192513369,89.86666666666666,89.04285204991088
60ec6b41425f294ba92e7b2f8cc23289,,,57.407407407407405,57.07550218489266
75ae184615957ea74819e0710296a493,100.0,100.0,100.0,98.18666666666665
920fe236cb3d2ec76bfac976e7f3878f,98.93048128342247,98.93048128342247,98.93048128342247,96.57754010695189
0bc59e74450baf62ec83784e80a61aa5,98.1283422459893,97.86096256684492,95.18716577540107,92.0934046345811
0674e7934525d446c54c31dc9b8e33d5,,,61.31578947368421,59.455024445352024
2d0678b27e5d621f7d924530fa929c26,96.53333333333333,96.16,95.2,93.34539007092198
68a7e86d20300d64c5acb88a9021e2f4,99.46380697050938,99.19571045576407,99.46380697050938,98.1769436997319
22fa460af93a84061844f0660d43797e,100.0,100.0,100.0,98.60962566844918
b1a12be5e88edf77bfaef78dd01159eb,100.0,88.47184986595174,100.0,99.35828877005348
5842b861c82007643d496c3860a149f9,94.6524064171123,94.11764705882354,94.6524064171123,93.52941176470588
065262b748557031f638872e76923c72,100.0,100.0,100.0,98.38709677419354
930364fee1f4684984efec7eacc41f85,98.11827956989248,98.05107526881721,98.11827956989248,96.61290322580646
e8bb8d9f0ab19588ba970ec5b20a7319,98.93048128342247,98.75222816399287,98.93048128342247,97.75401069518716
36f3b6d6951a802a6906a07bed8168bb,,,59.164733178654295,57.658281830920444
8f9fe5d435f9b6b90c0bf2e7055bdb82,94.38502673796792,93.15120930165875,90.93333333333334,88.29932263814617
add6ee5276913213598665852c4b08fb,100.0,99.84,100.0,99.73333333333333
e16f67ce9c9a6f842af7e459ca1d6239,98.39572192513369,97.64705882352942,98.39572192513369,97.80748663101603
c04f2aa72eb5915198cc74dedbb985ea,97.31182795698925,95.16950618351639,97.31182795698925,93.41111693315221
6eca1e8c47d098b26976cba1c2bfdfb8,100.0,100.0,99.73118279569893,99.13978494623657
c040c750c7a9e9bdd14a5ee18b3c3b5b,99.20424403183024,98.85057471264368,99.20424403183024,98.56763925729442
f4e4eee188c4e5fb2a3b609a95f7036c,99.73474801061008,99.73474801061008,99.73474801061008,98.6737400530504
8e7bd1c2bef6cba75457c867bea7fec1,99.73262032085562,99.73262032085562,99.73262032085562,95.98930481283423
eec9b8156043e0a6af0911723613a3da,94.86486486486487,91.25489910395571,94.32432432432432,92.10810810810811
9a6c73fde0a30dc54868fac28b4fc86f,100.0,99.86737400530504,100.0,99.04509283819627
c19a1c0bb75e671f02df2cbb306949d9,98.66310160427807,98.66310160427807,97.86096256684492,97.11229946524065
614e12aec73ab6030db3c1a7f5141bba,99.73190348525469,86.55950012972411,99.73190348525469,96.57209215638485
912c0c0d10313d835d3cd85636e51854,98.66310160427807,98.66310160427807,97.86096256684492,97.48791443850268
5ed692eda11eb0a2b9db26ccfdc1eee7,99.46236559139786,99.19354838709677,99.46236559139786,97.96346312065823
eae7dab14a3fcdc218d112865f01940b,96.0212201591512,95.26807381906428,94.94680851063829,94.41799762966306
ac88022abe88b69c50f8c064630c5ff2,96.51474530831099,96.51474530831099,96.51474530831099,95.65221161558861
613a529206f7a8428ca4bb000c908d35,100.0,100.0,100.0,99.13978494623656
75d80c6719572b77733668a43dddaa60,97.05882352941177,96.92513368983958,97.05882352941177,95.77110005591318
a777d4d917d8136a45eebcd830b6e5f4,99.73544973544973,99.73544973544973,99.73544973544973,90.57008125973644
e7a9beba4bfa0731ea9d0fa90bb065e3,94.11764705882354,93.85026737967914,93.31550802139037,92.67379679144385
6552ab56103eaf5a3eb1e9b2f45e8ee7,100.0,99.86631016042782,100.0,98.40254864034588
bc073931df610b4c23a592ffb53b2238,100.0,99.67741935483873,100.0,99.51612903225808
9556ed629add12bf69d350023ce028dd,99.19354838709677,99.10394265232975,99.19354838709677,98.06451612903226
ae47cfe63095fcaf0afb228c7502cb66,100.0,100.0,100.0,99.13978494623656
b751d80405d63e383de7ea09a7e2dcfd,97.85522788203754,97.85522788203754,97.85522788203754,96.99731903485255
a2bed1579fba6884369c1b3173330800,96.21621621621621,92.5355599501941,91.35135135135135,89.55714859207433
3d94d8b70e7c5bf96bbb6b29f432ec1b,98.1283422459893,97.86096256684492,98.1283422459893,94.01209674413272
3c8c974e9e9f2247fedc8b66253b5774,100.0,100.0,100.0,96.52062336023856
647927aceecdb8d63c0647ad64f33531,100.0,99.86666666666667,100.0,98.08
4c9b3fff08afb1135eafe0f7c7438032,99.73118279569893,99.73118279569893,99.73118279569893,98.87096774193549
ac96db42031919a640395a42626c4cfe,100.0,100.0,100.0,96.92474684927515
1209cd9553a668c3c0e9ea29050fd3a1,98.93048128342247,98.77005347593582,98.93048128342247,98.55614973262031
13c192d50cff7e65ab17657c4769d790,100.0,100.0,100.0,98.44052608758491
b6bae6e1c31423a1dfd8b925ac173939,97.58064516129032,97.58064516129032,97.58064516129032,92.20430107526882
ccd295e3a04fb7bb78f97b49d1d76562,100.0,100.0,100.0,92.70270270270271
1e3f1ba7e9eb6d326f7f7ea4792b1680,95.71045576407506,91.53388481885564,95.71045576407506,87.18498659517427
44ed1a1eb3ed2fe963e32f2d9591f332,100.0,99.86631016042782,100.0,98.6096256684492
4f991b9a87b25e13c75f8eb888f9f7be,92.51336898395722,90.95812246419406,92.51336898395722,89.45749881722125
499282a32d639ab44b7dc14af1e71965,98.9247311827957,98.70967741935483,99.46236559139786,98.81720430107528
147c28a497af9f823da70571c88b5ebe,97.03504043126685,96.8733153638814,97.03504043126685,96.06469002695418
cca5f50c3116400e50fe7a3e7a0be852,98.37837837837837,98.05405405405406,98.10810810810811,98.0
432a02504adb954775f641117e6d7b14,100.0,100.0,100.0,95.14824797843666
a36b617c346af9dc1b8b18938adc2fc9,100.0,100.0,100.0,95.88235294117646
dbecc9e8493f9f9f3816c44467a0b7d4,100.0,100.0,100.0,95.2
f4dd561d786dd46b9cb84eab6594d632,93.6,93.21151027703307,93.02949061662198,92.14369973190348
350764427a7e15d2e95ee77951ea5c6c,88.44086021505376,87.55935310905474,87.66756032171581,85.61614101034972
e335570f65a3bc3a849f355ac1698181,100.0,99.86631016042782,100.0,94.0106951871658
70bc60bf6b649f62bb1ee7538331006f,95.97855227882037,94.5596956793929,95.45454545454545,94.06816399286986
6f5c69090502aa2182ea4a5a24b1cc94,86.05898123324397,85.84450402144772,83.37801608579089,81.02851572020472
5bbe2a5a01c16cb8363953430baaea87,88.29787234042553,87.17280198131263,82.62032085561498,77.86490497149384
dfc8c6977754afac6bdc71718f2a7910,87.5,86.81189182346131,87.5,84.94841307746759
4079dc43f1ee0b0433df1aaaafba110d,94.89247311827957,89.8409974834134,94.89247311827957,93.27956989247312
2d2be8e2152e95e0f171c4b66568e6f9,100.0,100.0,100.0,99.19786096256685
b42de67c23c492ca5f7c49025c6364a4,97.86096256684492,93.82956701742279,97.86096256684492,97.27272727272727
f50dbd67a45eb3d4ad799c04f77b900d,75.93582887700535,75.93582887700535,99.46380697050938,97.80160857908847
bda11f81d4705f02ac8558b96bff4e28,93.04812834224599,90.37433155080214,90.10695187165776,89.76946567074307
e8279b17fcbd61e4b105b0a3d872b567,100.0,99.62552278820375,99.73190348525469,99.5710455764075
f961fc7bc93cdc2692d05871d6ef0296,92.24598930481284,91.22994652406416,90.9090909090909,89.57219251336899
d83c0d8fbc6ae1fe1c0dd12cbea1833a,97.05882352941177,86.36363636363637,92.51336898395722,89.82835949629118
db4543063a7cc4847ca4914a1f3f4611,99.19354838709677,99.19354838709677,99.19354838709677,97.58064516129033
7d92b18666da2334d7051a3a9791dc97,100.0,99.86772486772486,100.0,99.4179894179894
e9300c9ad8d48efb516b90fddffeff2e,98.38709677419355,97.79569892473117,98.38709677419355,97.63440860215054
e367941e1e567e6ca872d51930564433,79.35656836461126,79.35656836461126,98.9247311827957,98.27956989247312
489ebda75c9174b8e7ad565ac0f52b97,96.51474530831099,96.51474530831099,95.98930481283422,93.90374331550802
5b6a595a6fc20f9f06cf625ed712d163,100.0,100.0,100.0,94.73462967318612
9d39b90a86fcc29202f4775515a05146,95.96774193548387,95.80645161290322,95.43010752688173,94.35483870967741
520df833871a8a531033d90f108d61a3,99.47089947089947,99.47089947089947,98.41269841269842,98.25116135460965
7dcd8f2c853c664b258593426d4590c3,99.46524064171123,99.46524064171123,99.46524064171123,98.23529411764706
c1e12e70c3095cd1b1091f534242abd3,99.73118279569893,99.73118279569893,99.73118279569893,96.93548387096773
ee4416ea3d6750d9a8586868330f1ff6,97.05093833780161,97.05093833780161,97.05093833780161,93.7676208596385
c3f093ce4164155c9b0f097a9ae7de70,97.34042553191489,96.9858156028369,96.27659574468085,94.52127659574467
18b7af5d1e7696bb8cd541bdde042b51,97.04301075268818,96.90860215053763,97.04301075268818,93.87096774193549
dbdb30396825379c82448fee2cbe497e,92.0,91.68,91.73333333333333,89.28
c17efdeaa645dec7b8f314690d1b9160,97.58064516129032,85.35913978494624,100.0,99.24731182795699
d6ede5314f1108426fbd0e2612d334d0,97.32620320855615,97.32620320855615,97.32620320855615,94.33155080213903
421b4676c5bde303e399360e708db7fc,97.0189701897019,97.0189701897019,96.4769647696477,95.06775067750677
0b5f1332724e9f07873bad86a8fbc029,96.2566844919786,95.40106951871658,95.98930481283422,94.54545454545453
05ced7360de47d5d168d5e800766013b,99.46236559139786,99.46236559139786,97.31903485254692,96.61852460434143
a8f1172cd5341236c5e2a3ced113b0b2,99.47089947089947,99.47089947089947,99.47089947089947,97.61904761904762
dec21d55511b3673e457876cc2797df6,100.0,100.0,100.0,98.70967741935485
b87169030deed04dc4b504c53964ffbe,99.73190348525469,93.14552163510047,100.0,96.19905090966438
597e0e7e460f5d0be7030d9da9e27e58,97.86096256684492,97.14795008912655,97.86096256684492,96.95187165775403
36822e5c96ad047bd5a4d78c9ebfe7f6,98.11827956989248,97.93906810035843,98.11827956989248,97.09677419354838
51eeae8786b6b3388d60ae581c58d45e,100.0,100.0,100.0,99.46380697050938
b21e9a2a1e6186cdab5d075a2e3bdeba,93.80053908355795,92.89989276294816,93.80053908355795,91.32481233515925
fb282bece926443e2ce880ef4c696c6e,99.73190348525469,99.73190348525469,99.73190348525469,99.41018766756032
df20ccfbfc0741ee313d9e9433dbac01,97.05093833780161,97.05093833780161,97.05093833780161,93.88739946380697
b488bf12e36de9f37c9b3da1febf2c3e,94.91978609625669,94.23085675275914,95.18716577540107,94.43850267379679
e47e7a777e94141d9ca4d03a24c43c22,96.24664879356568,95.54757992447173,95.44235924932975,93.18703335351263
331b2c7da556a639972cc9b2d8a31aa8,98.39572192513369,97.99465240641712,98.39572192513369,96.2566844919786
89c962e2643e3c9af6fa5614a3e57003,100.0,99.86631016042782,100.0,99.25133689839572
6cec0bfed5ae5027a2002e200c4f71eb,98.66310160427807,98.66310160427807,98.39572192513369,97.91443850267379
3b54387c342aed1bbfc6586fdf74ffc6,71.91601049868767,71.91601049868767,100.0,97.05882352941177
66d2801e670d80e47a383b655213cf55,96.23655913978494,95.43010752688173,94.89247311827957,93.54838709677419
4fdb441ce30cb8a04ddd4c7b24e39ae2,98.66666666666667,98.66666666666667,98.66666666666667,97.81333333333333
5645208dbd4272e443c0bfd58a60b9b9,94.91978609625669,94.70588235294119,95.45454545454545,94.8663101604278
4c377ed4a13484a07dffc1121a98a02c,98.9247311827957,98.74551971326166,98.65591397849462,98.33333333333333
cdfbfbaaeefc8ad48995e3953a7ed409,95.95687331536388,94.93984709259847,95.95687331536388,93.47708894878706
cb3f42ad378ddeda014d895db355586b,100.0,99.7860962566845,100.0,99.73262032085563
a8615f5ca1d297895cc840a75212b907,100.0,99.86631016042782,100.0,99.57219251336899
5dfb2d1578133ad81a110967e7c71462,100.0,99.86772486772486,100.0,99.52380952380953
566e2121e9bd3188a5c29f9c55607760,100.0,100.0,100.0,88.1581311769991
8359901a562b0b0642e0383e8fb12566,98.3739837398374,98.3739837398374,98.3739837398374,95.28455284552845
1fe612d44adcd7a6a0efbc7ad770fb38,97.86096256684492,97.86096256684492,97.86096256684492,96.79144385026738
79e2b6d098bc24e051a82e3d618d416f,100.0,99.59893048128343,100.0,99.57219251336899
d883b22e464393102af5c3372d061397,93.26145552560646,92.56064690026953,92.99191374663073,92.13401733182623
36a66f4e2ef60675b52417bd1ef5d23f,100.0,100.0,100.0,98.65591397849462
25668c0238f943ae425391ec3054a4d0,100.0,99.73118279569894,100.0,99.67741935483872
3ec5ac546f36cb0a6d6b41ea94437fd6,100.0,99.89304812834226,100.0,99.73262032085563
666b0c3f75da615166898be90c200697,95.71045576407506,94.48968473570272,95.71045576407506,94.59190549239437
58a2d5b3e1ddfcaf493f61028578cc92,98.66666666666667,98.66666666666667,97.86666666666666,91.57333333333334
7380f2dbd0ed772394d1ec7413371fd5,98.11320754716981,97.97843665768194,98.11320754716981,96.81940700808624
8f6e77dd37d82d5d60ee21867f52f9e4,100.0,100.0,100.0,89.82752935441786
49eeeeee727d06a37cada5eee00468b5,99.1891891891892,97.56756756756756,99.1891891891892,97.08108108108107
ce3debe377068d91443c07c23728742c,100.0,100.0,100.0,98.87700534759358
137dec98118422e728bd109bffafd4bb,90.4,87.66687045271271,89.00804289544236,87.36274333086153
46fcb071239921902d1df130f863599c,98.66666666666667,98.66666666666667,98.66666666666667,93.01333333333335
29ffed0e67cdfb55f16960a8f8428cb5,99.46666666666667,99.04113475177304,99.46666666666667,98.9886524822695
e8a98ce984ee0d66515ea055e525930b,97.30458221024259,97.30093975376994,97.29729729729729,89.1185819966308
99d2491ca9702e5053cb6e62d0349555,100.0,100.0,100.0,96.3548909693051
df24931eef177828ec0d0b347ec6cf02,,,65.09186351706036,61.78265323870901
534be7183f24b21ccc3a792f5c7e5169,95.18716577540107,93.475935828877,95.18716577540107,93.79679144385027
ffa712fb62fa7468337cc7e0f0c527c3,99.73544973544973,99.73544973544973,99.73544973544973,97.77777777777779
b6b373e4adb9c081da6a2499547960c7,100.0,99.86559139784947,100.0,99.51612903225808
8067fd3f7aedca5f755d76ba6d001ecc,100.0,99.91063449508489,100.0,99.14209115281501
341ffe203147e821ef8fc61a221e53eb,99.73118279569893,99.73118279569893,99.73118279569893,98.65591397849462
da9b9d254bc05bd32ff186a046fedf37,96.79144385026738,96.79144385026738,95.45454545454545,93.15508021390374
6cd824d1e0974fbbf83448af65c0def7,99.73262032085562,99.73262032085562,99.73262032085562,96.90081996434938
3e198207b81e382d6209c129373e9d60,96.524064171123,96.3903743315508,96.524064171123,95.72192513368984
3038f96d4805d0546256c1e7766247e0,93.85026737967914,93.18181818181819,95.45454545454545,92.35294117647058
37376f3bdaca3bbd8c0eabde3b65c9a8,100.0,100.0,100.0,99.78552278820375
b8787a09e2e26dcf154557d3ad66ea8d,99.73262032085562,99.73262032085562,99.73262032085562,92.63358288770054
84f0bed445af5694e5b98998ffde30a8,100.0,99.86737400530504,100.0,99.62864721485411
9b0365b5a27348e323235f03eb91b153,100.0,100.0,100.0,98.46055082115245
fab2c4c54cd5034675223cf06e3eb8c2,98.38709677419355,97.93906810035843,96.7741935483871,95.59139784946235
5921e25af2acb3d6f297ce40e0373ecd,97.01086956521739,97.01086956521739,97.01086956521739,94.34782608695653
c4a386b001291fa4bda56b6eb40173b6,86.02150537634408,84.68654744584714,80.42895442359249,78.68360310246449
110f5c1e92f18f2cdc7af78a035555a7,98.91891891891892,98.91891891891892,98.91891891891892,97.1891891891892
0c4b95d668645a2a85addfe2f084b6f2,100.0,99.86666666666667,100.0,99.46666666666667
d940283de678b9ef93da553438afcd90,100.0,99.7983870967742,100.0,99.67741935483873
2e4e10f885aac2233d05e4b46571c20d,100.0,100.0,100.0,97.78975741239893
7f52ee67403fedcc4a7ddae34cd0e7a4,99.73118279569893,99.73118279569893,99.73118279569893,99.24731182795699
f2898c48280ac39868a2fa71eb0211f3,94.10187667560322,93.14088686900547,91.73333333333333,89.7732805064035
3e8c3a8b8d144e5a10adb57a7cc517da,98.65591397849462,98.65591397849462,98.65591397849462,97.31182795698925
f453adbb26cf3d1efef5c3629bbf654d,99.46236559139786,95.33382340223127,99.46236559139786,99.19354838709678
a372cf10657d0756778992bacff2d706,94.11764705882354,93.52582758670127,93.31550802139037,91.65775401069519
245b33b8928a2d472035cfcc336caddb,,,98.64864864864865,87.63665269547623
e587cd60e62e6c08ac653bef4e935304,97.59358288770053,97.59358288770053,96.79144385026738,95.77540106951871
781af70eed8b17d285d44f49d836a48e,96.50537634408602,96.50537634408602,96.50537634408602,95.96774193548387
1fe5ac555eb14e8844d872f1061c429f,99.19354838709677,98.87096774193547,98.65591397849462,98.17204301075267
8d1e64ee4aa50278de70ddd89e5c3665,100.0,100.0,100.0,92.60053619302951
92862fbe6ff344c8964156b2a0b424cc,,,69.94680851063829,68.61730586242204
5ef194c523178b714e804757a3218c3a,100.0,100.0,100.0,79.62158375056659
4b3f93408aee639f8a0d3499050b9ff3,96.524064171123,96.524064171123,96.524064171123,94.91978609625669
b5a4aad370e78b9f833c9424031c44ec,99.2063492063492,98.83597883597884,99.73544973544973,98.994708994709
3196bc82f5a5ddf5efff5dfd48579b60,100.0,100.0,100.0,95.65623832733428
7f26e242060257e98029fcaad8b88db9,98.65591397849462,98.65591397849462,98.65591397849462,94.41710628729568
1e37d3623e8679bea135824898326438,94.10187667560322,89.45539330329132,94.10187667560322,88.13471118693639
de1e619dc7f15e1df4639581d8f08666,100.0,100.0,100.0,96.93548387096776
2f94ec758afccdb570dcc9fd5080e5c4,99.46236559139786,99.03225806451613,99.46236559139786,99.19354838709678
9e2b122adf540f378ae4674b70ffa70d,96.51474530831099,96.51474530831099,96.51474530831099,94.85555762641395
a4c97d72a3ac2b7c1435c56721a3aa1a,100.0,99.86413043478261,100.0,96.95652173913044
97d46cb66b426e54414d29f5c60c740a,98.93333333333334,98.93333333333334,98.93333333333334,98.18666666666665
7fea81a0fb9031b1aa53e4dcc0334bf4,95.72192513368984,92.99465240641712,95.72192513368984,90.67769637711288
6322c84c5ee6585bf9973a931d8f279d,98.93048128342247,98.93048128342247,98.93048128342247,97.80748663101606
831cff0214f7446fab90ddfedf7bfcee,98.9247311827957,98.83512544802868,98.9247311827957,97.36559139784946
17e2d5f6e5fc504e01e29c78e545e138,99.47089947089947,99.15343915343917,99.2063492063492,97.72486772486772
8ca8a2ee539e5a54b184bbf80e861033,91.71122994652407,90.96755793226382,91.42091152815013,90.32182936445354
8bbcf048be9561d00c6ed8f597643925,91.46666666666667,91.12139037433155,100.0,99.67985739750448
fd932f10265b9729b3972ed5cdce8a0d,100.0,99.86666666666667,100.0,99.25333333333334
5bfd0607c1130b2ea95261361ed0aaf1,100.0,100.0,100.0,98.38709677419355
593b39ccba286d62eba7872e07c45354,,,57.014925373134325,44.89755734662923
d6a202591a42fa999f25af7a7aefcffd,99.73544973544973,99.73544973544973,99.73544973544973,97.88359788359787
608bdffdf9263f1b123d069d10e69f9a,,,70.08086253369272,67.3058004353656
5022c2e85eb7347a496e69b612b21ce1,100.0,100.0,100.0,96.51775601783486
8a08f279c5533390e6b47c6969ed7d82,97.31903485254692,96.83646112600536,96.51474530831099,95.76407506702412
ce8d585abe69c46ac0fba61726d046c5,97.32620320855615,97.05882352941177,97.32620320855615,96.2566844919786
e4e59d9f49c532675b55e61340b2179e,95.72192513368984,95.29411764705881,95.45454545454545,94.75935828877006
3547314cbc17e38fbaed69287ddb4f31,97.08994708994709,97.08994708994709,97.08994708994709,83.17455785800423
7fd8ef977c4177cf2c4c536310a8f19f,96.8,96.58666666666666,96.26666666666667,95.36
2780b1a1535644ef954b37c0be366f13,89.6,87.97343981037304,83.81962864721486,82.9014918670091
403445d403772ea7701cd01368da5a56,93.2975871313673,92.97587131367293,92.49329758713137,91.47883184470474
88dc6547deddeb8ca981c592f965d014,99.46666666666667,99.09333333333333,99.46666666666667,98.98666666666666
5bd95b851799d453c141b62c55e27ef4,99.46524064171123,99.06417112299465,98.66310160427807,97.43315508021391
ddb21bd22519316c9c3bf922a9a8e816,100.0,100.0,100.0,97.79569892473118
343639260e5a553a449c040a58953f9a,94.6949602122016,91.09708738889611,100.0,99.04255319148936
4d5eeba41b7a507f54023d01ce1fb31a,96.23655913978494,95.3763440860215,96.23655913978494,94.40860215053765
9f34b6a04f6d30d61947a02265404b17,99.7275204359673,99.7275204359673,99.7275204359673,96.21165509360992
5881e5969b9c5cced797ab5e237049b4,99.2,98.82666666666667,99.46666666666667,98.61333333333333
12d48d4e5b03a44eb1e1c7c2bb216348,99.73190348525469,98.71313672922251,99.73190348525469,98.28418230563003
dbec03fc66ff2c2d4e6b089d27824139,100.0,99.86772486772486,100.0,98.88888888888889
bb69e4aeb1c42e1919594f9e9823a7b9,92.51336898395722,91.875935828877,92.51336898395722,91.76470588235296
25345b8ad2ecd33d152d19f3c03992b4,96.7828418230563,96.7828418230563,91.95710455764075,88.76030451176328
eb41af02b18dc957ef593cfd11261be5,100.0,99.93315508021391,100.0,99.7860962566845
f687f9aecd37880d471fc69c13c4f256,94.66666666666667,94.28092691622103,95.98930481283422,93.42245989304811
8b78ca8c5e127e820c9561e10c9f19c2,94.66666666666667,90.12788258049834,88.56382978723404,84.608284177664
e57525faafab45f4f99be57ab69faabd,98.38709677419355,97.79569892473117,98.38709677419355,97.74193548387096
717aff2a74550554098682047fb9830c,98.65951742627345,98.65951742627345,98.65951742627345,89.16890080428955
d5ed9ff1b4b6861428e0eb93d8b2c3a1,99.19786096256685,99.19786096256685,99.19786096256685,97.05380568020529
daec04577d1843ad73efa35de1d48151,100.0,100.0,100.0,98.9784946236559
07f46149c04b861915fa32dc8104b022,98.6522911051213,98.6522911051213,97.58064516129032,97.31182795698925
96e13bb8e776c83458e2b282cd3e44e0,99.19354838709677,98.6021505376344,99.46236559139786,99.03225806451613
954d0e6f5e93a9f23198c807840314bd,99.2,98.93333333333334,99.2,98.93333333333332
ca532c83e87eb3e76511a71e9abf28c2,91.93548387096774,91.16213885774896,91.93548387096774,90.17959895379252
8924705b2ac86db54622adeba1d6bba1,100.0,99.86595174262735,100.0,97.80160857908847
97c2c7e8cc5a28811906eda58edb16ec,100.0,100.0,100.0,97.26775956284153
62b0ef9d072b7772ca3958f821bc1c49,98.37837837837837,97.92792792792791,98.37837837837837,97.51351351351352
06e03c616890e7dd3b607e7605fda9be,100.0,99.94652406417113,100.0,99.62566844919786
5f452e591d65c3a4fee53f0cc354ea72,99.20212765957447,99.20212765957447,99.20212765957447,89.64120435690502
172df84126559d3703a3b6184b45a0ee,,,76.59574468085107,73.99168784531955
1a3a64b0c16fb7daa275ec71dd81b701,100.0,99.86559139784947,100.0,98.92473118279571
54361a7cbec36835157cc4e00336e464,90.54054054054055,88.68560249257301,84.5945945945946,79.7640111789048
918eaaa2a8ed889d1ab21eb87b880779,96.53333333333333,95.68,83.46666666666667,81.4749376114082
211c2bf941e5c4e05078cf20a194b0be,100.0,100.0,100.0,99.03743315508021
87b489a37616c28af2c28eda4b45fb8b,99.46666666666667,98.93333333333334,99.46666666666667,98.77333333333334
8102b0f64f0661286e71a73878df9ce7,100.0,100.0,100.0,98.1081081081081
493cc79d93c8003efb9369ab256e65f4,87.36559139784946,84.83160884560763,97.84946236559139,95.37243138277832
9f6f938a15e4f288092b39efae6698de,98.39572192513369,97.95008912655972,97.59358288770053,97.05882352941175
fef03d7c4d744b68dd3c6c56bfd5c256,97.86096256684492,97.86096256684492,97.05882352941177,95.66844919786097
4e73d26557436d233aea34f6a5371895,93.31550802139037,92.58021390374331,94.91978609625669,93.11244206773617
dd6cd878e1ac746a5df199e3ea0152a2,100.0,100.0,100.0,96.76549865229111
d3648f626f4aadacf25eb043bdc62c58,,,60.51948051948052,56.84624024964934
b0ec891a9cead40f58935f40fa9a1b9a,100.0,99.86559139784947,100.0,99.35483870967742
2389f5000634184ae381b8e579934c4b,100.0,99.86666666666667,100.0,99.20000000000002
e1d4180c0091e155509f14fcbdb541ae,91.17647058823529,88.67279857397504,89.83957219251337,87.96791443850267
470a368a6807b4a2d6a56ff427742e09,90.61662198391421,89.97319034852548,94.6524064171123,91.85904144743445
8dcc2c0ebe2c9f41761691937e854ac8,99.73474801061008,99.73474801061008,99.73474801061008,99.15119363395225
685a06c480c8512cad2bba3e5b066bdb,100.0,99.86631016042782,100.0,96.7379679144385
4caeeec76b63970fd73a62f3d9c522ef,95.17426273458445,95.17426273458445,95.17426273458445,90.25289960000573
9293b23be2addc4c8910fbe977237c46,98.40425531914893,98.40425531914893,97.06666666666666,96.0
e3083a5858ffbe913e0c1a70a8cf6919,96.2566844919786,95.88235294117648,94.66666666666667,94.23344028520499
14816bf58b22a8172bb1d6a7f78f06f2,95.16129032258064,94.03225806451613,95.16129032258064,92.25806451612905
822e596ebee53d4dcd5ffe3e26ec43d4,,,93.35106382978724,77.40037149611616
c74a800e896402acb88ee96173c56d80,100.0,99.86559139784947,100.0,98.44086021505377
9591914f1b4272813c5d24f968e4ca81,100.0,100.0,100.0,87.08663675072759
bc96db08da9a54e69f83357f2429e767,99.73544973544973,99.73544973544973,99.73544973544973,99.15343915343915
7a94ab2d3edd2d5f1b14fb97b8227aab,99.73190348525469,90.08042895442358,100.0,98.28418230563003
7e614d8925e124b39916f22fdeb64c3f,100.0,99.86595174262735,100.0,99.19571045576407
5b2c9996f39f03a22f551c353da1d3ed,100.0,99.86666666666667,100.0,99.09333333333333
36a65735bd9508c5f7a66dc84dd3f8c6,98.65951742627345,98.65951742627345,98.39142091152814,97.85522788203752
dc8477df0245e1b7cf2151a6066f204a,93.85026737967914,90.98020252588462,93.04812834224599,90.9668449197861
1f42391a983ba3af940e541d110a8432,,,64.02116402116403,61.68648690899382
a5a1519fb2b6c41d9cbc7937a35a9e32,99.19571045576407,98.8739946380697,99.46380697050938,99.08847184986595
e00f85cb3452e37943500e86afb268f4,100.0,99.78566615532394,100.0,99.78552278820375
1352ecafaa4f51b95bedc9b026136ba0,98.1029810298103,97.96747967479675,98.1029810298103,97.34417344173441
6ebabe5be540e1304e1262781c30bbe5,96.524064171123,96.524064171123,96.524064171123,95.39705523935139
e33914420d19e3dcbaf511090df6d385,98.38709677419355,96.24719682594446,80.15873015873017,79.63841089483056
c2229c40838cb5aa067cdcab26a4d0bd,100.0,99.78666666666668,100.0,99.73333333333333
1eac8ec4812f4ed7bfd8387a38bdba1f,98.92761394101876,98.72654155495978,98.92761394101876,98.49865951742626
659345ab0b295a524c8158295f1b7e49,100.0,99.89304812834226,100.0,99.7860962566845
5e08663561b972be66344edb87da4e3d,79.67914438502673,79.67914438502673,100.0,94.46438352215401
0f97c220b579e7f247036ed1adce5afc,98.9247311827957,93.95161290322581,98.9247311827957,98.22580645161291
26c822a9da99f48bc5eabddbeda2a1e8,,,100.0,73.49182908610642
87e8ae9b41dbcd0ad54be2513a8f7489,97.31182795698925,96.90860215053763,97.31182795698925,94.19989045518753
7ee5506b56675190c1b39ceb2fef6b12,97.04301075268818,92.71397849462366,97.58064516129032,96.23192186186708
7b38bded14744e6cd6bceb54464983f4,100.0,100.0,100.0,95.6149732620321
7e87704cad17d9767ed0a558cf847a28,99.73262032085562,99.73262032085562,99.73262032085562,98.87700534759358
6bb602f161cd434e740b0b0694a2fe7e,92.26666666666667,91.6,98.93333333333334,97.76
8d3f2463af90ed9f59bbda873534edc0,100.0,99.8936170212766,100.0,99.68085106382978
a1191cbfeb25ca6deb449da1e2baad3a,97.86666666666666,97.73333333333332,98.4,97.86666666666667
5081262c6f6941b26ee33cafbc0a2c31,100.0,100.0,100.0,98.38709677419355
55eea1d4d02e89a3fec4e0d929946361,98.39572192513369,97.99465240641712,97.32620320855615,96.89839572192513
16bd85d98b01823963164e514e5c1da4,100.0,100.0,100.0,98.82666666666667
98f44e3e61d018840fdce5dc524c719c,94.3089430894309,93.01193876803633,94.3089430894309,92.84552845528455
fb23f61e952a0a57ca3e763d8ad1f157,99.19786096256685,98.8235294117647,99.19786096256685,98.71657754010694
e973e792bb24983e1304d41a8ed0c375,100.0,100.0,100.0,95.67123287671234
571f6e6cd40b8548c4d3acff7572c04d,94.38502673796792,92.24183165832747,88.77005347593582,84.46483289328877
1b7d9b83e481aeaf938729029a2a4c19,100.0,99.82174688057042,100.0,99.35828877005348
7d695607cd250aaa3167220d1f1b4cf0,94.86486486486487,94.64864864864865,95.4054054054054,94.54054054054055
26cbd70e0eb0b0a14e93c0970b305ef1,,,100.0,94.33408610767101
37f3685c73e70deca8c822eb745ced49,99.73333333333333,99.73333333333333,99.73333333333333,97.97333333333333
5a53ad0b5b9bb5681456ed32f72110e7,100.0,100.0,100.0,97.13034031265872
b13f720636b1c50245daf019257f2c37,99.73045822102426,99.73045822102426,99.73045822102426,99.35309973045824
b6acd0e458ddc4258d7622929617346d,99.73118279569893,99.73118279569893,99.46236559139786,98.44086021505375
534aa0050da6044b57409f3606d33c40,100.0,99.82078853046596,100.0,99.6236559139785
842ba3e9826daf645e7765f4bb0525be,95.72192513368984,95.02944741532977,95.72192513368984,93.95721925133691
5177bd1019c0a59f8762ecb3f683babd,91.97860962566845,91.38076873449845,90.64171122994652,87.12741532976827
4b673256fb96d4b936e393f3f45d4f47,90.42553191489361,90.29843971631206,90.42553191489361,87.80620275786819
8ed2c27daaea55b50ad23f3ffa313d87,95.74468085106383,90.15957446808511,95.74468085106383,85.23616978578244
a09579da0b2f87eae05c1c9886c4bfc7,94.38502673796792,92.8833995211538,94.38502673796792,92.1390374331551
a353b92733af5260a57dd1a0ba3001e1,99.47089947089947,97.56613756613757,99.73544973544973,98.51851851851852
0530769e11e7f6b51e29aec47064b7cf,98.12332439678285,97.9892761394102,98.12332439678285,96.57008501670228
179413bba78ea1fc349ad7186b4f47c1,96.26666666666667,95.57333333333335,96.26666666666667,95.25333333333334
603ab94ae666e02cf4cc8a2132414ef5,98.10810810810811,97.56756756756756,97.83783783783784,97.35135135135135
4f90f8f67d96381936a8ea4b6bd9234c,100.0,99.83914209115281,100.0,99.62466487935657
a594a2db0ceea408a3931a4465c05420,100.0,99.86631016042782,100.0,97.54010695187166
ccd8c51003c6724304379157cbbb67a3,100.0,100.0,100.0,95.50802139037432
fe92b5d8f5b1599d91fec61ebc12e170,93.53099730458221,92.3989218328841,93.53099730458221,91.37944526562909
b3b12b9ab4a7ba52db234d329bd0ff98,100.0,92.4,100.0,99.5710455764075
9e5f7d2247ac749d50a226417b3cd59b,98.91891891891892,98.91891891891892,98.91891891891892,98.16216216216216
4a776a15babf55b56fb4bc95c435aaed,99.73118279569893,99.73118279569893,99.73118279569893,99.24731182795699
570d2782ac8b4697b37c5a7fcce2c38f,97.58064516129032,97.58064516129032,97.58064516129032,94.35483870967741
a7c8ce74f4fdc4ec58c5c54c9b1fda2a,97.58713136729223,97.58713136729223,97.58713136729223,94.7937386491395
0afdd7eddb9a71ce53cf6487747ec98c,100.0,99.86559139784947,100.0,99.51612903225808
e3ef2cba7805de59638a581426ab70a9,96.53333333333333,96.09811051693404,97.32620320855615,96.20320855614975
563814b59f2c0241d0cdec1b99b7f781,98.39572192513369,97.37967914438502,98.39572192513369,97.43315508021391
f21e69f460e0f5a2ab946c9cbc535b27,93.83378016085791,88.65943547778218,93.83378016085791,87.84538687586634
d4f7bcef485c713df58bef5a1ceac4b0,98.12332439678285,97.85522788203754,98.12332439678285,97.42627345844504
c8222ef3d31112ff4823bdb94a7eae2b,97.31903485254692,97.31903485254692,97.31903485254692,95.44235924932977
a74a7a8b9015b0732f8101e2f67c8f32,99.73118279569893,99.73118279569893,99.73118279569893,99.24731182795699
1a5546dc8d08ba22cbc75f508edd0828,99.46236559139786,98.81720430107528,99.46236559139786,98.54838709677419
b53ee4129079a6b4885428c4e2a408f9,100.0,100.0,100.0,96.82795698924731
708043a43693e1145f5e15e5ee3b2b06,95.13513513513513,94.37837837837839,94.05405405405405,92.9235812632039
0c3ea3339f3a3be523e02cefed4aaa10,99.2063492063492,99.2063492063492,99.2063492063492,97.13738368910784
ab35a6efdcbec8500e2fb023169fe78a,100.0,100.0,100.0,98.9784946236559
fa3a634a3d5d11bab288b00d2d5369cc,95.73333333333333,93.38666666666666,100.0,99.30666666666667
7741e484f93c21c4e051f33fc7b64f88,93.86666666666666,92.73555700553672,97.86666666666666,96.8
1e12ac0d70169a9c084a739e040907b9,100.0,99.78666666666666,100.0,99.68000000000002
1871e15a08fa2411512dc34595fb1958,96.524064171123,96.524064171123,96.524064171123,94.4385026737968
11506c8de798b3e79303f7afc3d782b6,99.7289972899729,99.7289972899729,99.7289972899729,94.20054200542006
00cb63b6f629510ea7cf65e0530b4027,99.19786096256685,98.93048128342247,99.19786096256685,97.54010695187166
11e175aff64bc4cf4986007e12bfc628,98.66666666666667,98.66666666666667,97.86666666666666,97.49333333333333
e4738ae451a15c8bfd5229711b6b5361,98.65951742627345,98.65951742627345,98.65951742627345,98.01608579088472
0c794e59b49f4c211fd8d27ef015d178,98.1283422459893,98.1283422459893,93.31550802139037,92.94117647058825
8b36978991475cb71d3317e4daaf9e1a,93.24324324324324,92.32432432432431,92.97297297297297,90.97297297297297
922daae168c740d829141c432a8cdcd1,100.0,96.92513368983957,100.0,98.6096256684492
6684f6190e4f3e23278528086ae25685,100.0,100.0,100.0,96.75675675675676
d9975f13b5075673dd9bb396688bd678,100.0,99.86559139784947,100.0,99.3010752688172
856f4e976cd8cb16d80b01f36ee9721a,99.73262032085562,99.73262032085562,99.73262032085562,98.77005347593582
bce4d231e12c8465556db9d2cf121551,97.33333333333333,96.90666666666667,96.53333333333333,94.44062336023856
3fbd0537ef4f3242fb50a2ddb91061ad,98.93333333333334,98.93333333333334,99.2,98.93333333333332
3faa67bb59d09a9a52decfdd672ebd37,100.0,100.0,100.0,98.87096774193549
da8011c670ba64a99498171a2ba72892,94.87870619946092,93.85444743935311,93.53099730458221,92.03886014096892
6f740d9776105d08cb826e9c2e6db049,100.0,99.86559139784947,100.0,99.19354838709678
64b0ba388dd3728a36854c2f014b3129,100.0,99.86486486486487,100.0,93.56756756756758
102a50cfda4d5e455c29fbee9573d838,100.0,100.0,100.0,97.16577540106952
303f7af49ecdd12099842ae3af234567,96.2566844919786,95.61925133689839,96.0,94.8149732620321
d035ec5e6c52ae02c608835230dde4b7,100.0,100.0,100.0,98.49865951742626
6406af9ddc919e08f4d05e707fd141d4,100.0,100.0,100.0,97.63440860215056
62cb0689453660fcfba1346b1152bc84,99.19786096256685,98.93048128342247,99.19786096256685,98.50267379679144
ebe91a7d912f432d8726b0cef99d18c3,100.0,100.0,100.0,96.13941018766755
b4437357383387ed0937aeb891b767d2,97.05882352941177,97.05882352941177,92.26666666666667,91.14666666666668
79731579b17268e3805c05662db8b5a6,96.524064171123,96.524064171123,95.45454545454545,94.38916221033868
477ebf0ce71e93b505183b46f1d1c310,100.0,100.0,100.0,98.28418230563003
fe2c23e02d96027ea381e1da7283d3ff,100.0,100.0,100.0,99.19354838709677
53355294f61e52a7101ac1349479e2c7,90.37433155080214,89.572192513369,89.00804289544236,77.66669277466568
c4047091d558ea01dc3b6702ba3278c7,97.56756756756756,97.56756756756756,97.56756756756756,95.45945945945945
a5687ae218d670b18de3577539a459e3,95.98930481283422,95.29411764705883,95.98930481283422,95.13368983957218
f4a24bc6456b7cb91afeb18832b4c18d,97.86096256684492,97.72727272727272,97.86096256684492,96.79144385026738
36bf04a857c2cb66cc9cb9d09ff71ad4,100.0,100.0,100.0,99.13978494623655
6291d6ddf701717cb4dadaf9fe7f3ad3,100.0,100.0,100.0,92.24598930481284
c7ee36f726ae061be7e613876b497945,93.31550802139037,85.62680926916221,83.9572192513369,82.16570371750943
347f05aadc3de2fe5237432c42d041b5,100.0,100.0,100.0,94.85254691689006
8c244456b056b6b07dd3fe3de07754c0,93.06666666666666,91.25333333333334,93.06666666666666,89.81333333333332
dc8f5ffb4f5fe578b41f078fe854247c,99.73118279569893,99.73118279569893,99.73118279569893,99.46236559139786
68bb557729fb17fa6cf8426461cb3d96,100.0,100.0,100.0,99.19354838709678
1fbebf41466cae9d33a4701c944cb55d,100.0,86.83510638297872,100.0,97.64705882352942
bbb265fb3e7a0752ebf597a8844bfc16,99.72826086956522,99.72826086956522,99.72826086956522,98.15217391304348
c07ac7ffa60c0baeb47cea4cefaeeae4,94.6524064171123,91.06951871657755,94.6524064171123,90.70203208556148
be3b9cc41eb5d6dd33c9f480048a62a9,98.1283422459893,98.1283422459893,98.1283422459893,94.81283422459893
75c43bd66f718ca75507ff5efd6e4ccb,100.0,99.86595174262735,100.0,99.51742627345844
cc62bd14054a6830336f48d19ccb7fb7,100.0,100.0,100.0,97.90322580645162
33428c03ea0cb71b8769c049e677faaa,99.73333333333333,99.73333333333333,99.73333333333333,99.46666666666665
fd363796f24ad824b1a025860c3acb40,92.7807486631016,91.92513368983957,92.7807486631016,90.80213903743315
1ff5beccb7eb535d2fdcc1c7ce513ea5,92.02127659574468,91.57655827095593,91.68900804289544,89.03840766918515
52bbb433f19eef3b3b7f88453db7aeb4,95.13513513513513,94.75675675675674,94.86486486486487,94.54054054054055
ed541c87d5df87ae71fac96b59bc34aa,100.0,100.0,100.0,98.76675603217157
316a647c6d79dda84bd598e67148ca47,100.0,99.91039426523298,100.0,99.51612903225806
070ad707f633c0df5a19f11bcfa699c1,98.91891891891892,95.35135135135134,98.91891891891892,97.24324324324326
3ce149b2036b09491c253ded0e4d44a0,100.0,99.839285458273,97.58713136729223,95.63856885837475
b9c18a25d45d96085a8dc107c559846e,100.0,99.03225806451613,95.71045576407506,93.88739946380699
6fc6f673ed1bf2ec8b4534b719f3fd48,98.37837837837837,92.76224887989594,86.75675675675676,85.45945945945945
6d6f4c93d09d73073c55fef2decc5e58,98.4,98.4,98.4,95.03999999999999
8bbe4e6022a5ec46e3ba035b8b3e5036,94.38502673796792,89.66021992516237,86.09625668449198,85.34390558731329
a42258463565d8531ac1fbcbcb5558fd,95.2,94.33711229946523,94.38502673796792,93.74702317290551
1c4637de71fcd2eaffb3ce3dfac5900b,98.66310160427807,98.66310160427807,98.66310160427807,97.43315508021391
5c9fb7a940057c1f9f962c0feb1bab79,100.0,96.24259674544302,100.0,95.75874196431145
91f0e5c44114d5c9a43a1eec10154a17,99.73262032085562,99.73262032085562,99.73262032085562,97.80748663101603
be2e14e36e0980340c6a5106d0ebf887,100.0,99.86559139784947,100.0,97.95698924731184
a1919f68c3e5bd0c8c85ce6c4a407a81,93.86666666666666,92.33847517730496,98.13333333333334,96.74666666666667
dce9d93a9449b78d7b3f809249923607,98.4,98.4,98.4,96.69333333333333
5ef9c96b68ed0d81bec10c4b79e562a8,99.73333333333333,99.73333333333333,99.73333333333333,97.54666666666665
419a137f2ad50bcbc7cd2b296d34e524,98.4,98.22055852644087,98.4,97.59900178253119
1be3827e47b5c470292d2d3200f1aa5e,94.11764705882354,90.29241096825577,92.7807486631016,91.59983369414059
260f47af70cb0a395a7ad53f17bdced2,97.58064516129032,97.58064516129032,97.58064516129032,95.1104096399435
b2378dc0ed02b4859dec7c88db7efeb0,96.53333333333333,96.53333333333333,96.53333333333333,94.61333333333333
377137e62970b518f66505eab179329e,89.65517241379311,89.0185676392573,98.93899204244032,87.89828830845165
52b604057878bf8752f3a1b04785376f,90.64171122994652,90.16035612392655,90.05376344086021,89.37213525901583
e1a9800482df461df81429b3b8f859a1,100.0,100.0,100.0,97.08834486317969
86648abd0094f1568a386360dcba7034,92.7807486631016,85.16812606667425,87.2,84.97856109684898
9fdc098a302d378b900fa3b00dea82a9,100.0,100.0,100.0,94.10488738512709
9d4a17911618ba9db170b62ca50ac4a3,92.20430107526882,91.25170107143542,92.0,89.8559714795009
88d9d7a5f4454e47ced69c6c7391068b,93.3862433862434,92.79635258358664,92.32804232804233,86.41530307364249
2569f2295eca169e8eeb371a44002f30,98.39572192513369,97.45989304812835,97.32620320855615,96.09625668449198
3cf1742119ed5fa9647b23f85b3f9af1,100.0,99.78552278820375,100.0,99.73190348525469
9816db47f2611a30597851d70a0e62fd,98.93048128342247,98.93048128342247,98.93048128342247,97.75401069518716
eb8cd45ae934604fba18984990c55691,77.35849056603773,77.35849056603773,99.45945945945945,96.8108108108108
56db17221a9724cad62ae9a36c453a81,99.73262032085562,99.73262032085562,99.73262032085562,98.1283422459893
9f113facb493f17c8499fb47ff434602,99.20424403183024,98.88594164456234,99.20424403183024,98.67374005305041
398b644c70b3a3b47d64e696f8b639fc,100.0,100.0,100.0,98.57142857142858
4d14fe12857973bd0d0470a41c6e1a5a,99.19571045576407,99.19571045576407,99.19571045576407,95.60379062665768
a3cb77034e3171f38574be30d580d64e,97.84946236559139,97.63440860215053,97.84946236559139,97.20430107526883
a6a36906813434ce2d18626305b1564a,95.45454545454545,95.05347593582887,96.2566844919786,95.56149732620321
a743ded8ab3e004a1671552ecbb9bb5b,98.38709677419355,98.38709677419355,98.38709677419355,94.1517483928623
115fd3d829ca9fb45630f07981cbcb73,99.46380697050938,99.46380697050938,99.46380697050938,94.10187667560322
c5aceb1c0837567d8fd6258bde60c07e,100.0,99.86631016042782,100.0,98.28877005347594
8f41bea56ea28ecfb10b1e83a77ff160,100.0,100.0,100.0,98.65591397849462
8933321e7dbdf47e55a1ec83a6517e09,100.0,99.82078853046596,100.0,98.38709677419357
089e886fa6644f9380d46e458a8bf9d6,98.11320754716981,98.11320754716981,98.11320754716981,96.38814016172506
655bd7b8d2c8ee0e717f8d77d47693b7,98.12332439678285,98.12332439678285,98.12332439678285,95.3887399463807
6290092a789cefe170b21f8c022a1fda,99.72972972972973,99.72972972972973,99.72972972972973,91.52618926203832
49e3be6db5eee89cd85b7d6f4210ec90,99.46524064171123,99.46524064171123,99.46524064171123,97.59358288770053
400fe0a1f19db5477c9e37d1f2efcef3,100.0,99.94638069705094,100.0,99.73190348525469
6904ffb97cd865af71cbb684f9892107,93.58288770053476,90.32655971479501,93.58288770053476,89.94064601224355
173a7aab3bd6f1f6811b232f07dc1c3c,92.81914893617021,92.4468085106383,87.23404255319149,86.08047858231278
54effa6447b125d0d37ed3907eb568c4,87.83068783068784,87.61904761904762,84.12698412698413,78.78159909056461
463921baaa4efa55a2dd33663c3a3e27,100.0,100.0,100.0,92.20369344267301
2d02d87d9664de00db717632b5c42e33,98.92761394101876,98.76675603217157,99.46380697050938,98.82037533512064
f88d55ac7259c9d81abe40671215dec1,98.9247311827957,98.74551971326166,98.9247311827957,98.17204301075269
b0d26647a7f6153005ecd3ce5683ef89,92.51336898395722,92.24598930481284,95.72192513368984,91.71122994652407
ce96aba4d82cdb5ffa5b76128cfbb917,95.6989247311828,92.13694439652694,95.6989247311828,87.5033063078604
e7fedde48db99c6379c14aea36d0e5d2,92.49329758713137,91.63538873994639,89.03743315508021,87.25036200197846
eae2b2f16935541e065a7e45ce95ff17,99.19786096256685,99.19786096256685,99.19786096256685,95.5045805794899
7a777474146ffbe89e17716b8660dcfb,100.0,100.0,100.0,98.5002365557483
689ea6538e35d0bf0beff8b8ef7ae765,99.73333333333333,99.73333333333333,99.73333333333333,98.18666666666668
7a40f4cd070ab0fbebfa8749c02f9a24,100.0,100.0,100.0,99.08602150537634
5088bc096c191a333932a605b066096f,100.0,100.0,100.0,97.86067583260454
6b34b89a4a40e33a8f93fef4209c4a96,97.05093833780161,96.7828418230563,97.05093833780161,96.08579088471849
410e95b05efd63867444aa0a2458b97c,100.0,100.0,100.0,97.26541554959785
c21569e136028113fff8cb7f4f825cd4,97.31182795698925,97.31182795698925,97.31182795698925,93.54838709677419
00c193a1d13306dc0a3fa7b7b19327a9,97.06666666666666,95.3639610963749,97.06666666666666,94.34666666666666
0092fa9cfbb787e7d34b4a3417ab24e3,97.32620320855615,96.92513368983958,96.524064171123,95.61497326203208
1a2aa45c0c2bca3b49679b7f3f4f465d,99.72972972972973,99.72972972972973,99.72972972972973,89.4054054054054
3e2d1a7be6fbbcbc12428a01c86b7b8b,100.0,100.0,100.0,97.49333333333334
a873a33b303c266754138e274bcb835f,99.73190348525469,99.73190348525469,99.73190348525469,95.65683646112602
70deeba9f4974d134dbc64d97bd2fff7,86.36363636363636,85.18716577540106,98.3695652173913,95.76086956521738
414b68c54905f4ec8ee50d51e536ff97,91.44385026737967,90.8422459893048,89.8936170212766,87.71790343990594
52ac87abfa970ee890f4bfb7ce0f1337,73.2620320855615,73.2620320855615,94.02173913043478,92.28260869565216
0c141cc6426851c4478ff79ed68247f5,96.26666666666667,93.65333333333332,99.2,98.72
e9bddfa0fc6471131e3412f81bdc6b6d,100.0,100.0,100.0,97.17333333333333
673d2998d72c17887208c2b02e154745,94.4,93.5324064171123,94.4,92.24898395721925
e35f22c3fc20c83f43ae3892a6f974b2,81.14754098360656,81.14754098360656,88.4297520661157,78.22649095376369
547b0919a99ed883fc7e366881d70e30,100.0,99.82222222222224,100.0,99.62666666666667
ca01d9551d2460af70778e62f280ab8a,95.14824797843666,94.82479784366578,95.14824797843666,93.25664748306258
3f8e2d5b849dc28defc6406bd5304ffc,99.73262032085562,99.73262032085562,99.73262032085562,97.16577540106952
ae815c4df4c6f21bff23c4999800dfeb,97.03504043126685,96.90026954177898,97.03504043126685,94.98652291105122
06e148ad8b35489ea97e51ef733e9550,100.0,100.0,100.0,98.27027027027027
371f00ae446e2e0a412ac4e6dcdacf85,94.11764705882354,92.35218916813619,94.11764705882354,92.07824977419679
78123af13d385db4ee6a9342283a042b,98.93048128342247,98.93048128342247,98.93048128342247,97.85838195868159
a216822e223bbb6baf68503a21bc5d0a,94.4,93.4896256684492,93.06666666666666,87.87864527629235
ff0fc9ae659d05bff51228eb12dc2291,97.58713136729223,97.2325366900355,97.58713136729223,95.13096586428868
baa4a4f4c8d40a784e35ff0313bf0ccb,97.05882352941177,94.11764705882354,96.2566844919786,94.1711229946524
51177a17fe0a032b15ab14a0e9135569,98.65591397849462,98.65591397849462,98.65591397849462,95.10448366808683
84fa9606a58e97506922f09083e7087a,83.55795148247978,83.55795148247978,100.0,97.67567567567568
117d3b82912eec34fc2dd0e5e32afe1f,95.98930481283422,93.85026737967915,96.2566844919786,93.14748175653395
b61c32f858381149fccfdf2f413f8f5b,99.73118279569893,99.73118279569893,99.73118279569893,98.81720430107528
b75416c48f46e93a9e3622080cde9b06,91.44385026737967,90.71288144325368,90.86021505376344,87.94506426336321
346f4cf3bc35393efe4260b2f0b1966d,98.1283422459893,98.1283422459893,98.1283422459893,94.28888383206281
2750b310e92cd153994e7af71d6851e0,100.0,99.86486486486487,100.0,99.24324324324324
022ced45e53557d101111cdb41f49f4e,99.73118279569893,99.73118279569893,99.73118279569893,94.35483870967742
f39790ad4b1a813000323022eb1e9567,98.93048128342247,98.93048128342247,98.93048128342247,92.99465240641712
3ef47d732a719a9c649132016afeb5e2,87.56756756756756,86.43243243243242,80.8,78.16505999786635
5c92a1870d7469268123d143f0a95910,100.0,100.0,100.0,97.52688172043011
5ceabb76ec2975d9498f124fe62a81e6,94.10187667560322,93.62303049418648,93.83378016085791,92.22520107238606
9b7c1f4112c3dcad4bcd9ac9caa5caf8,97.59358288770053,97.37967914438502,96.2566844919786,94.6524064171123
7e03bedb15626308fa00007db009033d,91.93548387096774,90.35230352303523,91.93548387096774,89.55206793612152
5b7a288e8ea092f67f03a49612946d43,99.73544973544973,98.35978835978837,99.73544973544973,98.3068783068783
7851f5e3ccefb9a300394199f665614c,94.08602150537635,92.16462538094416,81.50134048257372,79.60304419268357
46220d9e9e76e37d38ea38554c453179,97.31903485254692,96.89008042895442,97.31903485254692,96.3538873994638
56f41554384fc19d9ef0161b6f0e6791,88.59416445623341,84.94077930183407,89.12466843501326,88.48806366047745
b8819fef35b3fd387f12387e884e6ae5,90.74074074074075,89.62962962962963,90.74074074074075,89.52380952380952
824e4de27fdfadaea64e6f954c1448c6,100.0,99.86486486486487,100.0,98.05405405405405
f91fb95263a6d30aad8042fa60f3d62e,,,69.6,67.01225676046415
a3e5fd03d92b987205cf4bf9b1678aa4,99.19786096256685,99.0627374517928,98.38709677419355,97.36559139784947
caea068037af31671eecefe94eca01ca,97.31182795698925,97.31182795698925,95.6989247311828,94.83870967741936
3d7b139f39141ba112868fcf7236158e,100.0,100.0,100.0,97.85522788203752
32ae6575d9d3e427dc9f898f16f33087,98.92761394101876,98.79356568364611,98.92761394101876,98.49865951742626
7377692c0967c99c56f749e092acb30a,98.12332439678285,98.01608579088472,98.12332439678285,97.64075067024129
4ef65f8d7f7fe58651a459fc49390ba8,100.0,99.86595174262735,100.0,98.4450402144772
ebd4d8e08540f7586c3a30987c6ef7b0,99.72972972972973,99.72972972972973,99.72972972972973,98.97297297297298
d2a551b8b71579fa1fd9e5d22100b8ee,96.23655913978494,95.54037302891405,96.23655913978494,94.40860215053763
38907b8ef0546ef8dd587afd52a16f9c,100.0,100.0,100.0,98.82352941176471
db0c288182530edd5066c0881c9665c7,100.0,99.78666666666668,100.0,99.68000000000002
cc6afef9ee630eedd003d07f22d62140,98.12332439678285,98.12332439678285,92.49329758713137,91.20643431635389
da380d249b3dd800f5c3e279f7cf917a,85.25469168900804,82.49745523361672,95.6989247311828,94.7284294119352
961f6d44b23ea979c84941c71bf7da7c,97.31903485254692,96.84986595174263,96.7828418230563,95.82013161101632
8913bd6e6eb2b354098d2f01d9b65391,99.1891891891892,99.1891891891892,99.1891891891892,90.96563923353341
52c544d6ecca1fc0e2adc52b33f7a35b,100.0,100.0,100.0,96.88172043010753
7ba75de333c5db029e78e068dde0fbe8,94.6524064171123,94.18090780060501,94.6524064171123,92.29946524064171
7c8a44a5a37e7afc0e7ccfddef0dbba5,95.9349593495935,95.06775067750678,95.9349593495935,94.79982421445837
fe5ba29df5b7470530baf59c3368072e,100.0,94.36997319034852,100.0,97.96433026049806
744dbcf4af334c630605fa9000c112ce,100.0,99.82174688057042,100.0,99.41176470588236
57e13b307e96897f55540c6759029343,98.1283422459893,98.1283422459893,98.93048128342247,93.00663101604279
2bb677211b22ba770fffa14899f1b01f,99.73262032085562,99.73262032085562,99.73262032085562,94.60506238859179
b62d797963ea269412b16706df6c98e9,92.26666666666667,91.78666666666668,91.46666666666667,89.61713001109919
a5c80d4415d8b64a85a2b498d22ad570,100.0,99.91111111111111,100.0,99.62709219858156
639ec09a97e00f6cd8d780f549ca17af,96.7828418230563,96.7828418230563,96.7828418230563,93.13526780284339
9cc5b63b74154fc7bcdf7e8796e5d2de,96.79144385026738,96.79144385026738,96.79144385026738,95.98443033074793
ad6ed76aeca8371d3d439eb14c33610c,93.6986301369863,91.12328767123287,90.13698630136986,87.27499150911355
ddc66d3a76d91f0f401087bf108cc42c,99.19786096256685,98.93048128342245,99.46524064171123,98.71657754010694
82f3d62aabc8caf816ec2120e9c14bb5,,,100.0,99.14209115281501
721bd76a3ab9dec41984c4ec32be845a,97.86096256684492,97.86096256684492,97.86096256684492,91.29140819964348
d628016102970528d40c260b4400c593,100.0,100.0,100.0,93.52224340869665
e8ebb25bac25954fb7adbde26e956cb6,100.0,100.0,100.0,98.18181818181819
748512e38095cce946336f055623773b,98.93333333333334,98.73333333333335,98.66666666666667,98.29333333333334
935d8a963dc7baf559b479ba9f5a82b3,98.65591397849462,98.65591397849462,97.84946236559139,96.93215082746428
520d89ef4ce2ba808eed3e2d9a310649,98.66310160427807,91.92788333902224,98.66310160427807,97.86096256684492
17b1f04511323cb27b539f309522bf6c,99.19786096256685,99.19786096256685,99.19786096256685,92.72727272727273
ab6115f8667efbf773336f71d2ab8f62,96.0212201591512,90.71618037135278,96.0212201591512,95.33156498673739
d4967db74f90dc58ab34ae78957b3f4c,97.57412398921834,97.57412398921834,97.57412398921834,96.65768194070081
d7fb1f4207f140fa88ee72eda98f8f29,100.0,99.86559139784947,100.0,95.16129032258065
288e6faee45091ff103a59abecc43dbc,98.66310160427807,98.66310160427807,98.66310160427807,95.12995770669954
c983ca27c4dffb6920f6059c696adbc2,92.51336898395722,91.81818181818183,92.24598930481284,91.59438574357358
7fc9d702ba352d52e7931c790a577f39,99.73118279569893,99.73118279569893,99.73118279569893,98.658789028808
f93a48c1620894d23f4ad77d07df3c0d,93.85026737967914,92.3893564249975,92.22520107238606,90.08544680363005
32327bc1b2d1a223d9a447241f2cfb82,100.0,100.0,100.0,93.20754716981132
3b57ddd9849252e883213b71bb3c2f17,94.63806970509384,89.70509383378017,94.63806970509384,86.64879356568363
e0f5ac0f18cc28b90be53aa781a75e97,97.33333333333333,97.19999999999999,97.33333333333333,96.21333333333332
6d04a8df8207e9542e849378a1bcf43c,96.21621621621621,94.05405405405405,96.21621621621621,93.24324324324323
92392a51132c9a52e6656c5819c880c1,99.73190348525469,99.73190348525469,99.73190348525469,98.65951742627345
53303fb50c16833ed95f7bd85950456e,100.0,100.0,100.0,96.25367378245474
bbbec58ac7c2e7c7ce1734a34aec1ae8,92.24598930481284,89.75708214303938,91.97860962566845,91.48769690279232
ea4691b2289c15a1b9cb1a8fd5e77902,99.46524064171123,99.46524064171123,99.46524064171123,98.02139037433156
e357713de529ed95dc5d315656f58df9,98.1283422459893,98.1283422459893,98.1283422459893,96.84791443850267
ddd4b60fc546f62f90bcf9ae38f1a723,100.0,100.0,100.0,97.02702702702703
d60b398e30dc4e3177e2b814c81ee53a,99.46236559139786,98.87096774193549,99.46236559139786,98.11827956989248
9b8c56ae8c1dad880d0a61a56b70076d,93.6,91.94167557932265,94.38502673796792,92.9946524064171
4eb5a964054cfd611f6281b13f89c0d3,99.46524064171123,95.61009877994582,99.46524064171123,96.25668449197862
23504ce886d58d2a61607ff263c8d494,93.85026737967914,93.05155080213903,91.68900804289544,88.72798293407132
14f013032d3d55ac24bde620c2d8f945,98.91891891891892,98.78378378378378,98.91891891891892,98.05405405405403
89078346e4907efe681d45f299ac15a4,98.9247311827957,98.9247311827957,98.9247311827957,96.93548387096774
9a842084688427ba067307eb8662eecd,99.1869918699187,99.1869918699187,99.1869918699187,93.76693766937669
34f74c82bbd5954315b8ed382098d1c8,97.32620320855615,97.32620320855615,97.32620320855615,93.85026737967914
6f7d070bd4cfaa09a69bba0e1d046a44,99.72677595628416,99.72677595628416,99.72677595628416,91.36769105064386
a5e4214d6e45488b57daf5cc70b89f40,100.0,100.0,100.0,97.00720142602495
c7710bd03585ff9fb13a73ad718dd629,98.12332439678285,98.12332439678285,98.12332439678285,95.87819529469112
4494286141014de25140c094cc5626ec,98.12332439678285,97.85522788203754,98.12332439678285,95.71045576407506
e3b6d7ad6ee740d0b7d343c2c2ce53a0,99.73333333333333,99.73333333333333,99.73333333333333,99.52
25077ffdd305e287a33697d70d484327,90.10695187165776,88.97058823529412,83.68983957219251,81.4120227666987
dac9df4edca47d4aefa5e8b6eb75543a,100.0,99.86522911051213,100.0,97.09141234095586
02304f5597c8b1982e18acf4d3756043,87.70053475935829,87.29849635639401,85.06666666666666,84.17055258467022
9c7db0d5022a938bf5ea950826d34437,94.38502673796792,90.18659688246672,93.58288770053476,92.62032085561498
accdbd296b05fdc99bac47d0e4349aa9,99.19571045576407,98.92761394101876,99.19571045576407,97.37265415549597
52be19846e0f0c7f419cde01b6e10585,100.0,100.0,100.0,95.72972972972973
3d69ca950aaaf9f351e4139369d78236,100.0,100.0,100.0,94.89276139410188
dc6c7b33d252a7891fd83a442747c837,94.05405405405405,93.1891891891892,92.70270270270271,92.16216216216218
599d7cf9f263b0f86ad741ce6f9f7619,99.73118279569893,99.73118279569893,99.73118279569893,98.70967741935485
d3abbc3a1ab2ef83f8acf34b86409689,100.0,100.0,100.0,78.64102762512104
e8895eca419d323d988e5bdcf681d140,98.1283422459893,98.1283422459893,98.1283422459893,93.43269996586643
3e3764ae6674e989f040377aa61069b5,99.47089947089947,99.07407407407408,99.47089947089947,98.57142857142858
522ab1474c600e24c4f7e20404fa648c,100.0,100.0,100.0,95.3763440860215
dfb17fab2e208979590db3600ba675d7,99.73262032085562,99.73262032085562,99.73262032085562,88.95978679458028
1ed95763454163d1938e3d2d3c082d23,96.2566844919786,94.38816399286986,96.2566844919786,93.90374331550802
ed2d2e8b1f87bc9682f5032af247e55d,98.39142091152814,97.26541554959785,74.8663101604278,72.69801230955504
a8a9d607d1fd5c585c10030c8d307947,97.58713136729223,97.58713136729223,97.58713136729223,94.15549597855227
b4ba6792b3fa30ceb7375dc41eb1d65c,80.85106382978724,80.69219858156029,100.0,96.24664879356567
a8a559b16166ead544ccc5288860baca,91.73333333333333,91.35529411764706,89.06666666666666,83.27800356506239
840e058fa20744d5348c023c25e7d232,100.0,100.0,99.73262032085562,99.25133689839572
3890b069eb54ede0917072f32a071c12,98.93048128342247,98.79679144385027,98.93048128342247,97.96791443850267
14ce80de12b0526121a4d0f4058099d1,96.524064171123,95.71461341056042,95.97855227882037,94.47721179624664
78a0364df0e0d26085d92c0946f18d33,93.24324324324324,88.70299176181528,93.85026737967914,91.41870212458448
2abe61a0cef4e3df8717de8e17bd2f88,93.58288770053476,89.67914438502673,93.31550802139037,90.74866310160428
fbc7e405b4d16da23a87995ad9f0c945,92.43243243243244,92.23311721424929,91.95710455764075,90.44819592294215
349da55900cd296d52fd154bfb27343b,89.15343915343915,81.94352488470136,90.47619047619048,89.3121693121693
cefe4ae946de41fe87fc0040bdea335e,100.0,100.0,100.0,93.4822375397667
d4bbada602eb08d4609fe2fca3160d40,100.0,100.0,100.0,98.44919786096256
1f09f246b167ceaa862b68be6e9f3442,94.32432432432432,91.89592267326336,90.0,87.9220148121369
c259cda388580d886e6cbb43a1272e68,100.0,100.0,100.0,94.26616537505224
adf5bb1e5c1f167d69175bf8a8e04fb3,97.08994708994709,96.95767195767195,96.82539682539682,95.39682539682539
26bcb031ea5e9e32c511c17dd4ce8c44,98.66310160427807,98.66310160427807,98.66310160427807,96.2566844919786
cea48cb9e85cce1a4c9d90bff8f6ded5,99.73333333333333,99.73333333333333,99.73333333333333,99.30666666666666
3d002319a68cb81e39764750ce844423,99.72972972972973,99.72972972972973,99.72972972972973,91.83783783783784
c4867d600b0a9097a72003891fa4b874,100.0,100.0,100.0,98.61702127659575
55d6f196845f6c46a8c04acebb14b7b9,99.19786096256685,99.06417112299465,99.19786096256685,98.02139037433156
2c2a5e52f212bdc4fe6cfe32717f2a01,100.0,100.0,100.0,97.38666666666666
77da7e24d4e417e8a4fd692db80d26e1,95.18716577540107,94.21499333342892,95.18716577540107,93.68238448194293
8dd05d46c0b97113078aba2427454051,97.05882352941177,97.05882352941177,96.2566844919786,94.48839443162106
0c383d815fd10fc34608bc3c3415bd28,100.0,99.79892761394102,100.0,99.67828418230563
08dcb60f335137ed59ea5006a3ca7d20,91.08108108108108,87.14922369177688,90.27027027027027,89.52516937422597
f20eb21e67f757812108449fe407b3c0,96.2566844919786,93.41672520824075,94.11764705882354,87.75401069518716
6c69b67bc429532ce3461ea6f3dc7c82,96.2566844919786,93.58288770053476,96.2566844919786,91.06564780433256
0b54d74d2257842cdb59920d0557c940,96.524064171123,95.45454545454547,96.524064171123,95.1336898395722
edb2c105974cb9358cbb2a34fb4b93d8,100.0,99.8212689901698,100.0,99.41018766756032
80017052479e0a7748dc385488c63536,100.0,100.0,100.0,98.87700534759358
43304902c7de62a1f0749eba6553c3cd,94.38502673796792,91.79001782531193,94.38502673796792,92.2037789661319
c24ddb60bb99f2f3faf3f86c7141b3dc,89.36170212765957,88.59829787234041,88.62433862433862,80.72831311022067
3c2d4903b3df0132b4a1d9a9b20ea45d,100.0,100.0,100.0,98.38709677419354
78d38ebcda61982cfb9d7fccb6a94cf2,95.72192513368984,91.05360496623703,95.97855227882037,94.58445040214477
7095c313e9e1c5136c8dfaf1ccf4e5d5,92.51336898395722,91.7605482358676,90.37433155080214,88.65650671674959
d4b8f75d0e42420455e41ded33426aae,96.524064171123,96.524064171123,95.18716577540107,93.10160427807486
5e05ab394eb8af522fe62a10d8c28445,100.0,100.0,100.0,99.247311827957
513be4a37b7f822529b6bc15793afd03,99.1891891891892,99.1891891891892,99.1891891891892,97.67567567567569
bab56c548143c05f1bd021822bf7aa19,97.05882352941177,97.05882352941177,96.53333333333333,95.41275154549247
36174f3312e421ca66a80a5ec1813a92,92.16216216216216,91.7481607547873,90.3225806451613,88.95350188898576
fd570e30645c57d049c83863880fd312,100.0,99.82316534040672,100.0,99.52198054818743
5eea14d9885768eafe3cd046a6e975a7,100.0,100.0,100.0,97.8494623655914
d2fd495f50fd9ee1bb779066a74086d7,,,100.0,97.5531914893617
b488a23a21137febe962e32b948e87a9,91.17647058823529,90.32598930481284,91.17647058823529,85.99985739750446
172049e46605909f99651e4d0efb8578,100.0,99.83957219251337,100.0,99.7860962566845
714fee5937db0a72ffa76f655649cd60,94.90616621983914,94.53083109919571,89.54423592493298,88.33665467161761
1f003e944f4c451188139f78a4dbead3,100.0,100.0,100.0,93.8918918918919
7598baa4df34dca336e545f5477e2bdd,98.12332439678285,97.85522788203754,98.12332439678285,97.9088471849866
373d9c7b19e02b42024ac7d4b55dd1a8,97.84946236559139,97.84946236559139,97.84946236559139,95.91397849462366
4d4be4592350230ffffb8321fc1688fa,100.0,99.82316534040672,100.0,99.57559681697612
a07f3b457d225ac97e915f62126f9051,93.83378016085791,92.97587131367293,92.76139410187668,91.74262734584451
f036998f7c6ae9f7b01b50adfca811a3,95.98930481283422,90.86645276292334,95.98930481283422,90.22431372549019
94826025b9642351b6818715fb42c3a5,100.0,100.0,100.0,96.21621621621622
88a9a64b37ae0a1b25e1f700e445ab77,90.0804289544236,89.19266839662993,89.03743315508021,85.57461675579323
4f4dc6bfd6d1b43335fe96fd6eb3e297,100.0,100.0,100.0,98.44388711118799
cd2e5cd5a48d09ea23594e5f99ad27ae,94.38502673796792,92.66662843543463,94.38502673796792,92.82705624292124
b7e9487c90de08851f8c120abc9ac7f8,100.0,100.0,100.0,97.53351206434317
8eb15ec6f1ac1ddc6a0ded81065b9e3d,97.84946236559139,97.84946236559139,97.84946236559139,93.64374112396024
7c1cbe86390c16afdf54fac5ab2ba556,96.53333333333333,96.53333333333333,96.53333333333333,94.02666666666667
717060b0d8c767aa2b031af9d99619dc,100.0,100.0,100.0,98.76344086021506
b0c56ead300fe6c57f4fc02a1a2f03bd,99.46380697050938,99.46380697050938,99.46380697050938,96.09396281056902
8adc12dac7b8b4b0e4408ebdf6aab780,84.12698412698413,83.29547972959526,97.6,93.14666666666666
4a861d22b54efb0cebe9bfc1f9e23cc0,94.11764705882354,90.81169340463457,94.11764705882354,91.65775401069519
8027ffc215349056379fe132f318a66a,98.39142091152814,98.39142091152814,97.31903485254692,95.97855227882037
b659fcf2b17787c3e45bedfc42a89936,96.19565217391305,94.3840579710145,96.19565217391305,92.07258159538117
881da22458f61f28835d910bf930238d,100.0,100.0,100.0,99.41018766756032
5991e2c541e0896df6ced29abbf2edf2,95.45454545454545,92.2994652406417,95.45454545454545,91.2921212121212
16d7e7a57ee5a4d1019a0343f5008fd3,92.24598930481284,91.28342245989305,87.93565683646112,87.70806307474993
3e0420c192ee113f95af0dafffa3c3d7,87.83783783783784,86.64864864864866,80.05390835579514,77.02186513857609
f23be2076b7f3e2088503d4841c51f06,97.59358288770053,97.59358288770053,97.59358288770053,95.51244206773619
fe53e16940fd4ac540adc0d7c5d73841,99.73262032085562,99.73262032085562,99.73262032085562,99.51871657754012
44e8289188f3e0139151462805c84f90,94.38502673796792,93.90374331550802,95.45454545454545,93.90374331550802
7a7f26619f42855a102fab4f1d7b8753,95.98930481283422,88.59884097546175,95.98930481283422,86.53678190231085
43a52ec4605b37f3671b33e61ff6fedd,95.94594594594595,87.94340347216185,94.05405405405405,93.78378378378379
106b9b90b16f77c680832d100dc4e515,98.91891891891892,98.37837837837837,87.83783783783784,85.94594594594594
66d1691a5a4a3c86712b725c3dec36de,95.98930481283422,94.3850267379679,95.72192513368984,94.33155080213903
86ce8e836244a989d26315bf84d75d99,98.39572192513369,97.91300483147195,98.39572192513369,96.1454316067153
5c47bc05a863e9774f4c18b376dcea96,88.77005347593582,87.6939398718298,86.13333333333334,83.97347593582887
b6659ef305819aabacf82fa333d503b6,86.4,83.99262690634201,83.9572192513369,80.96583013530162
50420826a4434507209193c117f54130,81.06666666666666,80.85333333333332,99.2,93.91884173398566
bc7d170b9edc9c345a358fc773c260e7,100.0,100.0,100.0,80.85585533742712
2b21fc8c9a472bcf2441c9c063baaf0a,99.19786096256685,99.19786096256685,99.19786096256685,93.5124944445241
cb21ad21e6f1b6e4e388eec09350d8dc,92.55319148936171,87.58207642470299,85.75197889182058,84.8502820989401
40862b63dd0defe1fb1cbc9991f5f089,83.06451612903226,82.29465518182069,100.0,90.72539007092197
6a4bca8a699c143a04caf781f0c1763c,95.73333333333333,91.03600713012477,99.73118279569893,98.44086021505376
64726048843aad3c93d620cd9e0479ad,,,69.55380577427822,65.95011336665966
b4047348b90c6f16b7fba7f7330bf87e,100.0,99.86486486486487,100.0,95.8918918918919
b2fb53987643b4f865fb0a5912ee1071,,,65.28497409326425,63.28338501387547
28e3c3f751b7e166668665449ef80ec9,100.0,100.0,100.0,95.12695158492352
76612bcedbaf761367a3d047ebafd7b6,91.46666666666667,87.5410608211113,91.46666666666667,86.62236507755907
d232fae99923ef2ca92f6afbc004f379,89.06666666666666,88.12727215380424,89.03743315508021,82.67343837364339
b9ca0e9ca6ba197607c2653e75d15261,95.72192513368984,93.31550802139039,95.72192513368984,94.6524064171123
a42640f848385634aa76ce36a39e3707,95.2,93.54666666666665,95.2,88.1044737138354
ce2061796f0dee9838e806cd86488535,83.68983957219251,82.93142750641567,100.0,83.74183087874499
84983b37bd3b85c6b96d3a4ea0ff2bbd,100.0,99.89276139410188,100.0,99.73190348525469
79f4b4c69c43f9fc726deee40b36d3f3,97.07446808510639,97.07446808510639,97.07446808510639,94.36170212765958
94c501c5d59dddbd80effa77dbceebe0,94.11764705882354,92.96640908374073,94.11764705882354,88.82352941176471
609d275502076a9f8c77313c88d5cabd,85.52278820375335,83.13959656492379,96.23655913978494,93.27956989247312
a681fb02342fb54c83839d35541047fd,96.79144385026738,96.79144385026738,96.79144385026738,82.94601816484169
eb39035aa8ec3916e81ca8fc6b2cbc00,93.02949061662198,90.7774798927614,84.90566037735849,81.46761856195818
9fb275ed81ecc69dd2c2cf775d20f252,98.12332439678285,97.94459338695265,98.12332439678285,97.9088471849866
f30d2084ebd9ba46d4b05f86cf1dfa7b,91.66666666666667,87.418861181009,90.88471849865952,89.91911165415905
2d7ac92616f87949dfaf73e74e7d61ef,99.72972972972973,90.54054054054055,100.0,99.02702702702705
dfba8e8bfc169f25150d154a466d4477,99.73118279569893,99.73118279569893,99.73118279569893,92.44852436513384
d0282de15fd06b64876273663703c3b5,97.85522788203754,97.85522788203754,96.7828418230563,96.62198391420911
4f3686ad1491f35d467e4d518b1a239a,99.2,99.2,99.2,96.10666666666665
05f1e3ae2775e34620e57edf62271d6d,95.45454545454545,94.49197860962566,91.97860962566845,90.8114081996435
e0ef60d7b52825a7bb99db1975db2d1b,99.72972972972973,99.72972972972973,99.72972972972973,93.47242660450208
6868203f42c3571c5d284d6fd8077b84,93.88297872340425,91.25637176050044,93.88297872340425,88.03428786425118
4d36e0d0050d301d2a3d040d04521b20,99.73262032085562,99.73262032085562,99.73262032085562,92.3529411764706
20ec21b915216e00b9af8785dba05efd,97.86096256684492,97.86096256684492,97.86096256684492,95.02372725839056
a04e3b7eb9893592465490aaa571b8ca,90.8355795148248,90.60450207620019,89.45945945945945,88.7027027027027
bcfda59a5b9e3036c018e4bbde623d42,96.79144385026738,95.82887700534761,96.524064171123,96.09625668449198
731b491457472e36422564468f57fa8c,100.0,99.89276139410188,100.0,99.78552278820375
d21206f5365da44b1152796d3281ae34,97.02702702702703,96.8918918918919,97.02702702702703,95.94594594594595
17dea85edcc6610a7d772d73ea780461,95.46666666666667,94.71456441764326,95.18716577540107,93.52941176470588
0e4fb8a4429348304afe0d042e3cb39a,100.0,100.0,100.0,93.33333333333334
46955cdee4a523b064ae2ab0d337deb8,99.73118279569893,99.73118279569893,99.73118279569893,99.19354838709678
527d5108a6ce397729d5a554b1bf5e44,96.524064171123,95.50802139037432,96.524064171123,95.88235294117646
7adc00fdff504740098679e91cb6844d,97.06666666666666,97.06666666666666,97.06666666666666,95.41333333333333
a9135a4ec3c5575c45a925bfaa528201,91.35135135135135,90.61430028411161,90.27027027027027,85.55851102371551
ac3f05517b1b612528747e13dde51f63,100.0,99.91063449508489,100.0,97.69508680879127
e9e94fc2ed8a07e91e51f4bac68316c2,99.73262032085562,99.73262032085562,99.73262032085562,99.46524064171122
668b888b470fb300314dd012a056e5ea,99.19786096256685,99.06417112299465,99.19786096256685,98.3957219251337
cefc5e0aafd4478065e1ffd5c5ad5f28,100.0,94.19325855722691,99.73045822102426,99.03080580707169
e1dfc1945a6b78a701192ebd002e974c,100.0,99.82030548068285,98.38274932614556,97.41341332637741
5f7d4fc1f30b840105cf8b66bcd02277,99.46236559139786,99.46236559139786,99.46236559139786,97.7956989247312
e598afcbd515415253ea79ca19ae57d7,98.12332439678285,98.12332439678285,98.12332439678285,96.46112600536193
0cfcb3be22238be1393c01bbede5d1d9,100.0,99.89247311827958,99.19354838709677,98.87382749942805
94c987167d228d5d7c91fde448e1cb6f,98.38274932614556,97.84366576819407,98.38274932614556,97.89757412398922
c8db0a5ed83ab440ce7a40a38a4031a8,94.63806970509384,90.72386058981233,94.63806970509384,92.54374585603507
45b5884ac84de2968672cad3b58c081a,89.38992042440319,86.46430887120542,89.38992042440319,85.16521812743382
3ebc45cb057728ffa06e667125c116fd,99.46091644204851,98.97574123989219,99.73045822102426,99.19137466307279
20823322077cf511c8eff4f0840466fd,100.0,99.67914438502673,100.0,99.67914438502676
68df70d4bee099629f704201f7295b5d,100.0,99.59016393442623,100.0,98.25136612021858
475578087d74506dfa16ebf79e182c28,,,72.04301075268818,70.02838986714687
6e252cae9e8ff5755e0cfa5c52a78beb,,,70.96774193548387,68.45123587401811
0b9435a851d1e394bd12d008525a6197,99.73262032085562,99.73262032085562,99.73262032085562,98.98395721925134
67a8dc9f44ef6f2d8399c4dd22d04cf2,89.94708994708995,89.4179894179894,91.26984126984127,90.0
7ff6af46744a4c8214812c77e54fd485,99.46091644204851,99.25876010781671,99.46091644204851,99.24528301886792
5af69ae9514114185c91b175dbed2054,89.86666666666666,87.19272727272728,89.86666666666666,80.62297872340426
14c8b025a99dcfc988355547ce07b28c,87.43315508021391,86.27137254901962,86.93333333333334,85.85040998217468
d049fee266c4b987284237c65812bd8b,95.87912087912088,93.41065783531536,94.21487603305785,93.07447886277275
b68567db79baed9d3f01a2f53746ad87,93.86666666666666,92.6112711406766,93.86666666666666,89.61059731521172
0e94028fc4f20d3a8f9df973f3a93e58,93.54838709677419,92.79222096629277,91.93548387096774,91.06483494188912
75177c23d41ead53f764d1f59baa615e,95.13513513513513,94.0,95.13513513513513,92.43243243243244
eb8d145285d4d18dd0c43c75115adbf9,95.71045576407506,92.12068644177144,95.71045576407506,95.01340482573725
a7fb4534a18c53a4aa893a95c3c35dc4,90.21164021164022,87.89434741941338,88.62433862433862,87.83724923566612
fa12b4ab6025aa6949d1c08949701734,92.722371967655,90.13477088948788,92.722371967655,89.28900226183852
e0aa5d72484a7001d9f3237d5e0afdbe,88.88888888888889,88.09523809523809,88.88888888888889,88.35978835978835
9d5c12af6a3fbc1ed253bea063a277e5,96.79144385026738,96.79144385026738,96.79144385026738,94.6524064171123
ae86574c3f5f1a60fefce448bc7b9d1b,86.20689655172414,83.89874033523337,83.55437665782493,82.48222247305152
becd617ee75c6fa3b44dc64387a49d69,87.1313672922252,84.45972100758412,87.1313672922252,84.6112600536193
e98db0b2dd9e9c33ddf733f57c1ec866,87.86279683377309,86.65213899475684,82.27513227513228,80.10429870664646
ce835292dded53d610b8b1ca216711c5,95.4177897574124,93.59186157725415,95.4177897574124,94.71698113207547
b7161212930481a22c4413f74a63b3c3,89.51612903225806,89.13978494623657,89.51612903225806,87.06045143993774
940021f82a61b343178e7948608b3049,95.44235924932975,93.35120643431635,95.44235924932975,93.24396782841822
f7959b5a39df046e03aa118d75b1f770,91.93548387096774,91.7741935483871,90.86021505376344,90.21505376344086
63cfaf29532d78cc373acf2c16aa1925,86.2533692722372,86.00674575147383,85.17520215633424,84.22238645914848
9e13d93777151eb613fe284d55d30c88,89.3048128342246,87.44,85.29411764705883,79.39871829794556
3115ae1d2080a58703f7d1b3f173f747,96.48648648648648,94.5945945945946,96.48648648648648,94.37837837837839
8043f26c1736a3f674ef1121d173c3f2,86.13569321533923,83.41603001716733,80.37135278514589,78.21930304688925
1ac4b8ed3e2b40be0cbd32ecc6bb0b1e,95.43010752688173,95.10752688172043,95.43010752688173,94.73118279569891
1e58237ad5030f0effcef3a43dc356f9,89.51612903225806,89.13978494623656,89.51612903225806,88.48694316436251
84f15f87dd256dbeaf017a4e75dd5cad,90.66666666666667,86.01523809523809,90.66666666666667,88.58666666666667
efef0fd59127f1abb17a8e0847606057,90.18567639257294,85.96991944458053,87.0026525198939,81.94377780584676
2ab40949d8357b8b2b94e93f42f0232a,88.91891891891892,86.09416003200687,84.1823056300268,81.83169165064764
ddbba23c5dfc594b5d75665ac3a0c499,88.23529411764706,86.14328109991256,87.96791443850267,86.66872159538931
