asv,best_cosine,n_old_genomes,genome_top1,taxon_top1,genus_top1,genome_top5,taxon_top5,genus_top5,genome_top20,taxon_top20,genus_top20,genome_top50,taxon_top50,genus_top50,genome_top100,taxon_top100,genus_top100
0fec351445f84bd482075ceda6123f46,1.0,10,False,False,True,True,True,True,True,True,True,True,True,True,True,True,True
63f37ee4b481fccdffca10160ed5b944,1.0,2,True,True,True,True,True,True,True,True,True,True,True,True,True,True,True
7f78afb7e1d45cd528fe9cd909c93fb5,1.0,7,True,True,True,True,True,True,True,True,True,True,True,True,True,True,True
b64cf0e9dea8cef6b9500b364c179b98,1.0,39,True,True,True,True,True,True,True,True,True,True,True,True,True,True,True
c55a8101fb6c187736f0af61f720cb92,0.999,2,True,True,True,True,True,True,True,True,True,True,True,True,True,True,True
8466f2635d9fbf9c51a04877474f3d09,1.0,6,True,True,True,True,True,True,True,True,True,True,True,True,True,True,True
83adaf3a09d08c93f2abea6a4c815592,1.0,2,True,True,True,True,True,True,True,True,True,True,True,True,True,True,True
35dbde30af820a2c3bcd85216229ad6a,1.0,12,True,True,True,True,True,True,True,True,True,True,True,True,True,True,True
04869be25e3dc4d526ce3824d407aedf,1.0,2,True,True,True,True,True,True,True,True,True,True,True,True,True,True,True
25c54c57b4a4283237b33fdae82003c0,0.998,7,True,True,True,True,True,True,True,True,True,True,True,True,True,True,True
a039c1ac15b3f4bc5cf1db8a5f1cc0fd,1.0,25,True,True,True,True,True,True,True,True,True,True,True,True,True,True,True
38b371de3be6ddef03bea94294e9830d,1.0,3,True,True,True,True,True,True,True,True,True,True,True,True,True,True,True
37a9f9625f201b6e61c29ac09ec54683,0.9971,1,False,False,False,False,False,False,False,False,False,False,False,False,False,False,False
c571cb007a7d9e2dfc56e8c0b4e24104,1.0,20,True,True,True,True,True,True,True,True,True,True,True,True,True,True,True
d3cf08daefed96f494257ceff63a6cf8,1.0,5,True,True,False,True,True,True,True,True,True,True,True,True,True,True,True
b3d8bf326297fb9b18ea4fef1ce8d4a6,1.0,2,True,True,True,True,True,True,True,True,True,True,True,True,True,True,True
a5b2537343a26f4daf0379a8b46eb2ef,1.0,3,True,True,,True,True,,True,True,,True,True,,True,True,
e6485d233ed2b8b9a2f3f50f0747b9d2,1.0,4,True,True,False,True,True,True,True,True,True,True,True,True,True,True,True
09ee5eb3e6c726c7c8242f6e97453fc2,1.0,4,True,True,True,True,True,True,True,True,True,True,True,True,True,True,True
4c31c3e198534eab45b6d92b61f75b10,1.0,4,True,True,True,True,True,True,True,True,True,True,True,True,True,True,True
be9dcf562f0ab066c0b252d527a42d19,0.9995,3,True,True,True,True,True,True,True,True,True,True,True,True,True,True,True
e75fd72fb216d3d4c964602d8c338f65,1.0,7,True,True,True,True,True,True,True,True,True,True,True,True,True,True,True
430c875622713c0d7662add2d8e7db60,1.0,5,True,True,True,True,True,True,True,True,True,True,True,True,True,True,True
e144d237c973d831d708cac2c17df968,1.0,2,True,True,True,True,True,True,True,True,True,True,True,True,True,True,True
ec92f6331d8ecb50e3f0dee8fbf3bcb0,1.0,1,True,True,,True,True,,True,True,,True,True,,True,True,
6aa300d5323cbf75dc53cec3e6acb87c,0.999,8,True,True,False,True,True,True,True,True,True,True,True,True,True,True,True
8e6faab8acc1bdcba46f098a739aec14,0.9995,2,True,True,True,True,True,True,True,True,True,True,True,True,True,True,True
d42912a22b570ab99938b745999ae2cc,1.0,1,True,True,True,True,True,True,True,True,True,True,True,True,True,True,True
b7806c4f83108800a9c32dc83c148d95,1.0,1,True,True,True,True,True,True,True,True,True,True,True,True,True,True,True
4bea53b2aad77f2569a0182f6b84255e,1.0,1,True,True,True,True,True,True,True,True,True,True,True,True,True,True,True
472fdc0687378563f0c9da6da7638e1a,1.0,2,True,True,True,True,True,True,True,True,True,True,True,True,True,True,True
93fadef301b62aa732e42bf1142b3afa,0.9995,1,True,True,,True,True,,True,True,,True,True,,True,True,
da47a34fd036b068ca0c5eaf185e2082,0.9985,9,True,True,False,True,True,False,True,True,False,True,True,True,True,True,True
765b69d9c4313cc8630769db523cc54c,1.0,5,True,True,True,True,True,True,True,True,True,True,True,True,True,True,True
e9e060e5e0e46911cad92b8292aeefd7,1.0,2,True,True,True,True,True,True,True,True,True,True,True,True,True,True,True
29b313a5262947210e3e9de415abaead,1.0,5,True,True,True,True,True,True,True,True,True,True,True,True,True,True,True
ea156f972cd3802c3fac147e4200ba7a,0.9976,1,False,False,,False,False,,False,False,,False,False,,False,False,
01bc6f144e0f577c7a5364ebafdb3509,0.9976,2,False,False,False,False,False,False,False,False,False,False,False,False,True,True,True
3343d19c0bc1759a66023cbc86c92592,0.9995,7,True,True,False,True,True,True,True,True,True,True,True,True,True,True,True
0709277372b3816e3986842fb10c8e96,0.9995,1,True,True,True,True,True,True,True,True,True,True,True,True,True,True,True
a82691ab5fd4e8d3d3b23b7958c8e764,0.9937,30,True,True,True,True,True,True,True,True,True,True,True,True,True,True,True
181a2b6fbc1d5f5de022772f08fb875c,0.998,4,True,True,True,True,True,True,True,True,True,True,True,True,True,True,True
28f1a500a5a6ebd1cede9322b50bcaad,1.0,1,True,True,,True,True,,True,True,,True,True,,True,True,
5976a56adfe903f7348b5eb5689e3c55,0.9976,14,True,True,False,True,True,True,True,True,True,True,True,True,True,True,True
ff6f97ce50ea01298f8e58b53b97d489,1.0,14,True,True,True,True,True,True,True,True,True,True,True,True,True,True,True
499a635c6e7dcd5c8ef518302aa50011,1.0,2,True,True,True,True,True,True,True,True,True,True,True,True,True,True,True
4b50be28c2cc7c6a4dbc6300155c5218,1.0,4,True,True,True,True,True,True,True,True,True,True,True,True,True,True,True
19463e5fe824700110e4a4ec8afe0512,0.9995,1,True,True,,True,True,,True,True,,True,True,,True,True,
cd05a4b1cda569ae366c6980823f4c72,0.998,21,True,True,True,True,True,True,True,True,True,True,True,True,True,True,True
c7553191e309cfc2e28aea2507e7afdf,0.9995,4,True,True,False,True,True,True,True,True,True,True,True,True,True,True,True
9feda0d620fa50b57ce3f848e1b48975,1.0,6,True,True,True,True,True,True,True,True,True,True,True,True,True,True,True
07e00e1bcc9d9a3c50591f721785e591,0.9951,11,True,True,False,True,True,True,True,True,True,True,True,True,True,True,True
28b5f35cfb5f0516e5e5f896428abdcd,1.0,1,True,True,True,True,True,True,True,True,True,True,True,True,True,True,True
113b0d8ebf97fc5aba85fa06ecfdbb1a,0.998,2,False,False,False,True,True,True,True,True,True,True,True,True,True,True,True
cd1f95189b8375347f827f4a8b08dcf7,0.9995,3,True,True,True,True,True,True,True,True,True,True,True,True,True,True,True
793ecb5ed65cd96425a35698e8ab9e78,0.9995,7,True,True,True,True,True,True,True,True,True,True,True,True,True,True,True
1f4fb4bfdca6c9d13106ed533362a62e,1.0,2,True,True,True,True,True,True,True,True,True,True,True,True,True,True,True
e8e82cf023a3abd684fe7e817acc9bf0,0.9995,1,True,True,,True,True,,True,True,,True,True,,True,True,
5631fe818e588992529f6071afc9cda5,0.9971,8,False,False,False,True,True,False,True,True,True,True,True,True,True,True,True
deb262fd92af4fdcd3b6240303048b2a,0.9995,1,True,True,True,True,True,True,True,True,True,True,True,True,True,True,True
58b2cf308363fb35b932620518786116,1.0,1,True,True,True,True,True,True,True,True,True,True,True,True,True,True,True
abaecd8b82d14efc7ccc4dcb7f864cba,1.0,5,True,True,False,True,True,True,True,True,True,True,True,True,True,True,True
b4eac52cfa36ce63f24be2fc530ad204,0.9995,1,True,True,True,True,True,True,True,True,True,True,True,True,True,True,True
f63e76a4ce2cd0f7f39e8195d8302dcf,1.0,20,True,True,True,True,True,True,True,True,True,True,True,True,True,True,True
d863bc6a2fa6a8a93787e45a6abe3304,0.9995,3,True,True,True,True,True,True,True,True,True,True,True,True,True,True,True
52708c2cfa926ba9b2f69878c97cee2c,1.0,11,True,True,True,True,True,True,True,True,True,True,True,True,True,True,True
efbade8cc54695abfc5c07f21eecb6e7,1.0,7,True,True,True,True,True,True,True,True,True,True,True,True,True,True,True
bb617d32673d5f60d6216a07ad7a42bc,0.9995,4,True,True,True,True,True,True,True,True,True,True,True,True,True,True,True
206069e5a5041e6c7f39a4141aefdc19,0.9985,6,True,True,True,True,True,True,True,True,True,True,True,True,True,True,True
a49becf5a5dbcb201f091757c62fc6bb,0.9995,3,False,False,False,True,True,True,True,True,True,True,True,True,True,True,True
d02e8e093df5064814273f652473189e,0.998,3,True,True,True,True,True,True,True,True,True,True,True,True,True,True,True
d48429274cd09a4257ad8b24c009e8fd,0.9961,5,True,True,False,True,True,False,True,True,False,True,True,False,True,True,True
0b736ddea36ed16291fa058fe28061f8,0.9951,8,True,True,False,True,True,False,True,True,False,True,True,True,True,True,True
7d537f12eaa3231c2c2b58b74901051c,0.9956,1,True,True,,True,True,,True,True,,True,True,,True,True,
5cb2b4186e2e95521540e2ccbafcb4c9,1.0,3,True,True,True,True,True,True,True,True,True,True,True,True,True,True,True
659d1fe872c9b31a9e0b81eef5ca6218,0.9976,1,True,True,True,True,True,True,True,True,True,True,True,True,True,True,True
a43c475502b54cdee1385dcca3109bfe,1.0,12,True,True,True,True,True,True,True,True,True,True,True,True,True,True,True
e1382120e151d51cb3b3b6900845f1c8,0.9995,1,True,True,,True,True,,True,True,,True,True,,True,True,
19083703874fec5c0e976f6ca4fa6bc9,0.9995,3,True,True,True,True,True,True,True,True,True,True,True,True,True,True,True
868a2dd217365ddd6d6ab64d48aeed4a,0.9956,22,False,False,False,True,True,True,True,True,True,True,True,True,True,True,True
21ceeb224e15175f0c85797abce40d0a,1.0,1,True,True,True,True,True,True,True,True,True,True,True,True,True,True,True
de329304e57f0e32da3a08e64625a2e1,0.998,2,False,False,,True,True,,True,True,,True,True,,True,True,
dc9b83b9dbf521d0d0b0e1576e44d06a,0.9897,5,True,True,True,True,True,True,True,True,True,True,True,True,True,True,True
3badde1c4760a921d723409ee05fead0,1.0,4,True,True,True,True,True,True,True,True,True,True,True,True,True,True,True
09383f3babfd32418e7ba07634680e12,0.9995,2,True,True,True,True,True,True,True,True,True,True,True,True,True,True,True
66575db7635d648549a9eb5a4eafb710,0.9951,12,True,True,,True,True,,True,True,,True,True,,True,True,
df94cb7c1f51d6e7df4a969d561b0a4d,1.0,3,True,True,,True,True,,True,True,,True,True,,True,True,
3679eb1918d142d7e468ea32c2f42595,1.0,4,True,True,True,True,True,True,True,True,True,True,True,True,True,True,True
ac9e79a82beb3b70c0c7193fff0a8524,0.998,1,False,False,False,False,False,False,False,False,False,False,False,False,False,False,True
ec716420b2bb28ff5cfc5b19edbe2dfa,1.0,14,True,True,True,True,True,True,True,True,True,True,True,True,True,True,True
cb08126894ac0c8eeddc7b86d1ab1eb9,0.998,2,True,True,False,True,True,True,True,True,True,True,True,True,True,True,True
42655605abb4cc7bd5f1be954adf23b0,0.9966,5,True,True,True,True,True,True,True,True,True,True,True,True,True,True,True
b47908de018aea1744738eba767e1034,0.9995,1,True,True,True,True,True,True,True,True,True,True,True,True,True,True,True
6e50cfec46931f3d8e0af8e75af55b43,0.9976,2,False,False,False,False,False,False,True,True,True,True,True,True,True,True,True
0eff2f70a09cbdfd1a1684adcb990931,1.0,1,True,True,True,True,True,True,True,True,True,True,True,True,True,True,True
f876e4d5cbaa6ac5f3c225bcaf146791,0.9932,11,True,True,True,True,True,True,True,True,True,True,True,True,True,True,True
dcc552ee0bfe584a9f79fd3d7893047f,0.998,2,False,True,True,False,True,True,True,True,True,True,True,True,True,True,True
b180a2455b236c103cf0bfe620095736,1.0,7,True,True,True,True,True,True,True,True,True,True,True,True,True,True,True
5040d210b906c738569bf1c3505ad558,1.0,2,True,True,True,True,True,True,True,True,True,True,True,True,True,True,True
c05932b0e9b0bcf5f076c8971c6bab60,0.9961,1,False,False,False,True,True,True,True,True,True,True,True,True,True,True,True
db5aaacffe4ca31116f5b0e292074588,0.9966,15,True,True,False,True,True,True,True,True,True,True,True,True,True,True,True
212e304679f170a464d2616b3f94a250,1.0,2,True,True,,True,True,,True,True,,True,True,,True,True,
e1c573f885ed4c9191a32116f583d78a,0.9941,10,True,True,False,True,True,True,True,True,True,True,True,True,True,True,True
3487ee381e9bba57861b67ac3936d665,1.0,1,True,True,True,True,True,True,True,True,True,True,True,True,True,True,True
89dfaf0aa4a8af8e27a826ba8dd97044,1.0,2,True,True,True,True,True,True,True,True,True,True,True,True,True,True,True
e357ec372ce3fdd9cc473b8f57edc002,1.0,1,True,True,,True,True,,True,True,,True,True,,True,True,
acb819d2b09f090ba6c3112028bbc54b,1.0,2,True,True,,True,True,,True,True,,True,True,,True,True,
492422c8881f2e782fccb0225f1c68ab,1.0,1,True,True,True,True,True,True,True,True,True,True,True,True,True,True,True
8db3a14ae839a3bee50b9a192c59f8f9,0.998,1,True,True,,True,True,,True,True,,True,True,,True,True,
01a7c19fe64d4300e6e5a8a7280a10bb,1.0,4,True,True,True,True,True,True,True,True,True,True,True,True,True,True,True
8ebc39e79a930b5db089420489c40543,1.0,7,True,True,True,True,True,True,True,True,True,True,True,True,True,True,True
6075255b58efbd350ad34112f80f970a,0.9971,5,True,True,True,True,True,True,True,True,True,True,True,True,True,True,True
0e9cc4c909306f5a9562d84888902e09,0.9951,8,True,True,,True,True,,True,True,,True,True,,True,True,
b26eb5a5ca6820d220d5433b1cffa5e6,1.0,4,True,True,True,True,True,True,True,True,True,True,True,True,True,True,True
7f1023e871bcd3a4f7ac96f3a40c9a8d,1.0,2,True,True,True,True,True,True,True,True,True,True,True,True,True,True,True
afd6038f44400cf165c3d637f88be98a,0.999,2,True,True,True,True,True,True,True,True,True,True,True,True,True,True,True
894d5f2608f2a0e9e3bf2499f1cc6130,1.0,2,True,True,True,True,True,True,True,True,True,True,True,True,True,True,True
496ed1835247fa310353bd53160fad4a,0.9971,1,True,True,,True,True,,True,True,,True,True,,True,True,
6dfb10e6d92b2c7ec87175ad560bed2e,1.0,24,True,True,True,True,True,True,True,True,True,True,True,True,True,True,True
d96a2ea1b09f080f66ce79b9ddfa768e,1.0,1,True,True,,True,True,,True,True,,True,True,,True,True,
5a6520a634bb27352c524ba237fd0d64,0.9985,1,False,False,False,True,True,True,True,True,True,True,True,True,True,True,True
f59f09ec54e73f740708fa68eeb78a8c,1.0,1,True,True,True,True,True,True,True,True,True,True,True,True,True,True,True
08ea1c9b9d368cd6d9bfeb8857e90315,0.9995,2,True,True,True,True,True,True,True,True,True,True,True,True,True,True,True
0f312394fc32d16cfdca183b11aad4ad,1.0,8,True,True,True,True,True,True,True,True,True,True,True,True,True,True,True
0c488eee4c6d02abb4e34df3ec16a09b,1.0,1,True,True,True,True,True,True,True,True,True,True,True,True,True,True,True
c39f594d9d2493b66260c1f7503e5ea1,1.0,4,True,True,True,True,True,True,True,True,True,True,True,True,True,True,True
acfe0924c0f9c6ca3720854b5b458d54,1.0,6,True,True,True,True,True,True,True,True,True,True,True,True,True,True,True
e79a45f432d0ccc86adbf9bbe7cef2a7,1.0,2,True,True,True,True,True,True,True,True,True,True,True,True,True,True,True
e4486fa2f00016fa6078468bfe73bb89,1.0,12,True,True,True,True,True,True,True,True,True,True,True,True,True,True,True
4ced6b735a53af484d0cf4f620846dcd,0.9951,7,True,True,True,True,True,True,True,True,True,True,True,True,True,True,True
ab2050607cb3fe172ea918d5a17a46c7,1.0,3,True,True,True,True,True,True,True,True,True,True,True,True,True,True,True
02809af9a001c44a58624822e0e44569,0.998,2,False,False,False,True,True,True,True,True,True,True,True,True,True,True,True
69dee006368ff49af541d111152b40c6,1.0,1,True,True,,True,True,,True,True,,True,True,,True,True,
d3156233792852376762d588f607ac71,0.998,1,False,False,True,False,False,True,False,False,True,False,False,True,True,True,True
e6141036b0768b50c8079ce8ba7222f9,1.0,2,True,True,True,True,True,True,True,True,True,True,True,True,True,True,True
4f3989d95e7611bb6b5307454d75d3ce,0.9985,2,True,True,False,True,True,True,True,True,True,True,True,True,True,True,True
1d4b9f3ddf33afdf5308213897846090,1.0,1,True,True,,True,True,,True,True,,True,True,,True,True,
1d33e98c9d94c262ab0d8b56d0936eb4,1.0,1,True,True,True,True,True,True,True,True,True,True,True,True,True,True,True
179e72f0ecdfeb920df685432f3f2d1a,0.9995,1,True,True,True,True,True,True,True,True,True,True,True,True,True,True,True
a27f37aae2a34101f8a61c6f0b1cd246,1.0,4,True,True,True,True,True,True,True,True,True,True,True,True,True,True,True
00e66df34e257e501593d8fab7b76b0d,1.0,1,True,True,True,True,True,True,True,True,True,True,True,True,True,True,True
0d1f62d4f2f7227766a17f0340567129,0.998,1,False,False,False,False,False,False,False,False,False,True,True,True,True,True,True
8c86a02bd0f2c7a90bb40b735577a623,0.9976,21,True,True,True,True,True,True,True,True,True,True,True,True,True,True,True
8c740d5ca21893b47c7619df1247c75d,0.9985,1,True,True,,True,True,,True,True,,True,True,,True,True,
e1abbababbc410f2f1faa24f6ccbc7f9,1.0,4,True,True,True,True,True,True,True,True,True,True,True,True,True,True,True
3d34374d81a96ce4972b93ef5dae9b82,0.9985,1,True,True,True,True,True,True,True,True,True,True,True,True,True,True,True
0f4c04cefd226f6854ad0fbc2a2de226,1.0,2,True,True,True,True,True,True,True,True,True,True,True,True,True,True,True
99daab1404e1c027be5dce96473d53ab,1.0,1,True,True,,True,True,,True,True,,True,True,,True,True,
945e47119242497c2e0bc5b3c6b6ba8e,1.0,4,True,True,True,True,True,True,True,True,True,True,True,True,True,True,True
a19152d55f42fc72a3a0f985d2615aab,1.0,1,True,True,True,True,True,True,True,True,True,True,True,True,True,True,True
1ad05a58bf23396d80f11695ad750b75,1.0,2,True,True,True,True,True,True,True,True,True,True,True,True,True,True,True
4835c874610f20a02421b283dbe2f2b6,0.999,1,True,True,,True,True,,True,True,,True,True,,True,True,
60da7a21ae2997bc70a9730fd8151a29,1.0,1,True,True,True,True,True,True,True,True,True,True,True,True,True,True,True
2c452b25c7f3c62be462d8f47ed179e3,0.999,3,True,True,False,True,True,True,True,True,True,True,True,True,True,True,True
0138936a169c4a0914606cedbcd38fa6,0.999,1,False,False,,True,True,,True,True,,True,True,,True,True,
15c0fe41b25c6504b8dbe48ae72283d0,1.0,2,True,True,False,True,True,True,True,True,True,True,True,True,True,True,True
09304de7bcdde93714df6d4800a79b4d,1.0,9,True,True,True,True,True,True,True,True,True,True,True,True,True,True,True
f42aeaf1c13130f1fdfc8bafa43ded29,1.0,3,True,True,True,True,True,True,True,True,True,True,True,True,True,True,True
a53b7a494838590a5600a018277e55ea,1.0,4,True,True,True,True,True,True,True,True,True,True,True,True,True,True,True
dbbd92eb5552c552aab4544c331ac6e2,1.0,1,True,True,True,True,True,True,True,True,True,True,True,True,True,True,True
c88944b6267ea10d43d5ee264d29ae94,0.9985,2,True,True,True,True,True,True,True,True,True,True,True,True,True,True,True
a01649ff3a222398d49af46d04781535,1.0,1,True,True,,True,True,,True,True,,True,True,,True,True,
d081020b6bdf3bf279b93bd42598e1e1,1.0,1,True,True,True,True,True,True,True,True,True,True,True,True,True,True,True
fd28148d0cd2eca274f8a3bb38944793,0.998,2,False,False,,False,False,,False,False,,True,True,,True,True,
aa9c5ae2ec6da55f30edd92e3de37eff,0.9995,10,True,True,True,True,True,True,True,True,True,True,True,True,True,True,True
0e487ab2d5669f87e21a4c0c09d8d952,0.9951,1,False,False,False,True,True,True,True,True,True,True,True,True,True,True,True
f61f4c9b8258738ad3ee7663e43e7907,0.998,8,True,True,False,True,True,True,True,True,True,True,True,True,True,True,True
924ba8e00fb9f76de6bf217aac8ca9d4,0.9941,11,True,True,True,True,True,True,True,True,True,True,True,True,True,True,True
76ef356d895e6434580f18ab74a63e6c,0.9912,2,False,False,,False,False,,False,False,,False,False,,False,False,
4e4ca97fadb8b8e92470ccce2ff91460,0.999,3,True,True,True,True,True,True,True,True,True,True,True,True,True,True,True
b65ddb808f41ed58f0a87829f790124c,1.0,1,True,True,,True,True,,True,True,,True,True,,True,True,
5ab9c9baf340ca93a35be10b4a5b294a,1.0,2,True,True,False,True,True,True,True,True,True,True,True,True,True,True,True
80b0dd7e363e6128b4335d08d57b5618,1.0,1,True,True,,True,True,,True,True,,True,True,,True,True,
22a4e0f758de753ed7e9463edeed304c,1.0,1,True,True,True,True,True,True,True,True,True,True,True,True,True,True,True
fe74d2e267ad3ebb8fbfe24bbb464049,0.9951,5,False,True,,False,True,,True,True,,True,True,,True,True,
1f1ff56fd37c5c9b1a9ac7b1d99e10b0,0.999,4,False,True,,True,True,,True,True,,True,True,,True,True,
ebef4f7d86a3b71b870100599f233ff8,0.9985,11,True,True,,True,True,,True,True,,True,True,,True,True,
2e707ae206fd30644537a8329e2b9476,0.998,1,True,True,True,True,True,True,True,True,True,True,True,True,True,True,True
49d8ed77132802ef1ad7036f31e0117a,0.9971,13,True,True,,True,True,,True,True,,True,True,,True,True,
4c7b0d554a1103b7872deded4bccb4ea,0.9961,23,True,True,False,True,True,True,True,True,True,True,True,True,True,True,True
619ac3ad257e70633292af469a960d56,1.0,1,True,True,True,True,True,True,True,True,True,True,True,True,True,True,True
2b7dca9f823dab555a368d87f194804f,0.999,1,False,False,False,True,True,True,True,True,True,True,True,True,True,True,True
5ec4e02584b8c58b33bde92395188ffa,1.0,3,True,True,True,True,True,True,True,True,True,True,True,True,True,True,True
3fb688a9024c5d9e0c97cf7a6859063a,0.9961,15,True,True,False,True,True,False,True,True,True,True,True,True,True,True,True
a6efdb52a04e05a2a1be52f5516784fa,1.0,4,True,True,True,True,True,True,True,True,True,True,True,True,True,True,True
22958f01426d8f1fe3f4922e13710669,1.0,1,True,True,,True,True,,True,True,,True,True,,True,True,
826b2dad200d99cccec78d01acb38da4,1.0,2,True,True,True,True,True,True,True,True,True,True,True,True,True,True,True
b757c414a3bc227758c09624ca177986,0.9976,5,False,False,False,True,True,True,True,True,True,True,True,True,True,True,True
3e524f0bf09623c8530930bb8b27045c,0.9995,1,True,True,,True,True,,True,True,,True,True,,True,True,
10ba1c6a051a49b25b443bebd244b71c,0.9995,2,True,True,True,True,True,True,True,True,True,True,True,True,True,True,True
7b43b24e8c817bba9f0008696985ae06,0.9888,7,False,False,,True,True,,True,True,,True,True,,True,True,
916d15ab17794198ea4c5ad1e3fb6258,0.9976,10,True,True,True,True,True,True,True,True,True,True,True,True,True,True,True
8a1c973b6094cbd560f363581ce1beba,0.9985,3,True,True,False,True,True,True,True,True,True,True,True,True,True,True,True
3e09043820433588bf896d8e55bc1423,0.9985,3,True,True,,True,True,,True,True,,True,True,,True,True,
613cd0ab8ed46a361940e06efaecdb6d,0.9976,1,True,True,,True,True,,True,True,,True,True,,True,True,
495cc889a2e82868482b1feb2f71fbd0,1.0,2,False,True,,True,True,,True,True,,True,True,,True,True,
2b335f368deba69c6c95c18da31dc5f4,1.0,9,True,True,True,True,True,True,True,True,True,True,True,True,True,True,True
6a00993959cfffcd3e54203b0cb659a2,0.9995,5,True,True,True,True,True,True,True,True,True,True,True,True,True,True,True
33e423de05448134722fcf4bd6a224d7,0.999,9,True,True,False,True,True,True,True,True,True,True,True,True,True,True,True
8a4c692c01077fa5a93913725097b3bc,1.0,2,True,True,True,True,True,True,True,True,True,True,True,True,True,True,True
62e1d1dac671aff6e6dc206418fd79c6,1.0,1,True,True,True,True,True,True,True,True,True,True,True,True,True,True,True
9b6a7459b2c92cee0abfc36d503488b7,1.0,4,True,True,True,True,True,True,True,True,True,True,True,True,True,True,True
34bd302b38c473a6dc69875818ebfb23,0.9912,20,False,True,False,True,True,False,True,True,False,True,True,True,True,True,True
87db021bd3fb687eba7b420338158435,1.0,1,True,True,,True,True,,True,True,,True,True,,True,True,
54e41d7748bdb8fe71a73a47ad58423e,0.9995,1,False,False,False,True,True,True,True,True,True,True,True,True,True,True,True
50bef0776b442d38fe4de5a83b9187a8,1.0,1,True,True,True,True,True,True,True,True,True,True,True,True,True,True,True
7b35a5b1674bbaefc9af01283da529c1,0.9995,3,True,True,True,True,True,True,True,True,True,True,True,True,True,True,True
33ee5a4f23a0bf945ce5b4ffa11feef5,1.0,4,True,True,True,True,True,True,True,True,True,True,True,True,True,True,True
05771e0f1c5425fc486934e2beb87956,0.9976,14,True,True,False,True,True,True,True,True,True,True,True,True,True,True,True
164212c0910ca9770a6bd13bcb2c5d05,1.0,3,True,True,True,True,True,True,True,True,True,True,True,True,True,True,True
94ef08db649a5339b6de95109a8bad0f,1.0,7,True,True,True,True,True,True,True,True,True,True,True,True,True,True,True
ee14afe4571845779465f8dc9646c7b4,0.9976,6,False,True,False,False,True,False,True,True,True,True,True,True,True,True,True
669b72740b8bed1bcedbdbaa4b8be1e7,0.9976,21,True,True,,True,True,,True,True,,True,True,,True,True,
201a9f507c9b354eb162adf1f311c607,1.0,2,True,True,,True,True,,True,True,,True,True,,True,True,
405648482a348320fe4470fddebb64c6,0.9985,1,True,True,True,True,True,True,True,True,True,True,True,True,True,True,True
34bc76cd76ea83cf74430a3bbb56ac82,0.9985,10,False,True,False,False,True,False,False,True,False,True,True,True,True,True,True
9cef27fb5c42d04a7e949300061958c1,1.0,1,True,True,,True,True,,True,True,,True,True,,True,True,
9c90a0c962c8b6283f7a71b644fce90c,1.0,1,True,True,,True,True,,True,True,,True,True,,True,True,
b5b93f7fc3d0a88dff0ced83eb0bb5ab,0.9956,7,True,True,,True,True,,True,True,,True,True,,True,True,
5837405da6036e7481240160de143774,0.9956,16,True,True,False,True,True,False,True,True,False,True,True,True,True,True,True
7a7c96429cd038c333985399c9eb963c,1.0,1,True,True,,True,True,,True,True,,True,True,,True,True,
1351e87aa6c89a114e5104be8fe7c817,1.0,2,True,True,True,True,True,True,True,True,True,True,True,True,True,True,True
213ec0ef843de45b3db9302876229bed,1.0,5,True,True,True,True,True,True,True,True,True,True,True,True,True,True,True
197c1736a92b42d2671a7ea927a9d7d8,1.0,3,True,True,True,True,True,True,True,True,True,True,True,True,True,True,True
e94618b44f9856c9a2151cab1800a460,1.0,1,True,True,True,True,True,True,True,True,True,True,True,True,True,True,True
44f513ba8d222b088ba2ad6e7ab85b8c,0.9995,49,False,False,False,False,True,False,True,True,True,True,True,True,True,True,True
9795a55dde06c4761698039cf60bd637,0.9985,1,False,False,False,False,False,False,False,False,False,False,False,True,True,True,True
aa20c972229ba580ad2044118ab67181,1.0,1,True,True,True,True,True,True,True,True,True,True,True,True,True,True,True
9e54e8d50785a84f97b38e3eb665dda0,0.9985,1,False,False,,False,True,,True,True,,True,True,,True,True,
b78bdac2d66434f67db2a71b6f893639,0.998,1,False,False,,False,False,,True,True,,True,True,,True,True,
0baae4d70749907f3e1f9be33a159e80,0.9961,1,False,False,False,False,False,False,False,False,True,False,False,True,False,False,True
d5e86e0fe7c13c5751606c96f3788345,0.998,17,True,True,False,True,True,True,True,True,True,True,True,True,True,True,True
bc15f0e20879b79188fa5ea9e191428c,1.0,3,True,True,True,True,True,True,True,True,True,True,True,True,True,True,True
f0f5fe3a3ccc66ce7e67e82294654107,0.998,1,False,False,False,True,True,True,True,True,True,True,True,True,True,True,True
daac17ca54538cbc9aada8497262da96,0.9956,1,True,True,,True,True,,True,True,,True,True,,True,True,
50285c59a58cda2d889cb954c022a93a,0.9995,4,True,True,True,True,True,True,True,True,True,True,True,True,True,True,True
1d837cc6d80881adecbb106f01c1b042,0.9985,1,True,True,,True,True,,True,True,,True,True,,True,True,
3ade0fa13e56aac194bb3373200d6def,1.0,2,True,True,False,True,True,True,True,True,True,True,True,True,True,True,True
6178807a00a64843e5bb9f31f0a5f42c,0.9961,1,False,False,,False,True,,False,True,,False,True,,True,True,
b7bc2902499297dc5de20e8748a42d33,0.9995,2,True,True,True,True,True,True,True,True,True,True,True,True,True,True,True
89d1d4064aa11fd1f3efb8e1345c813f,0.9941,17,True,True,True,True,True,True,True,True,True,True,True,True,True,True,True
7c4029c77a50ad0582c758eabe8c1410,0.9966,19,True,True,True,True,True,True,True,True,True,True,True,True,True,True,True
dc22433569281cc665fba3df53e3f566,1.0,1,True,True,True,True,True,True,True,True,True,True,True,True,True,True,True
ec0ca50d7a1c6ee56a7ed9d776d9c0d1,0.9937,8,False,False,True,False,False,True,False,True,True,True,True,True,True,True,True
06246fa4c1b00ea76b5539442f32c012,1.0,2,True,True,,True,True,,True,True,,True,True,,True,True,
b24d3443426aac9dca3451d65ba14d55,0.9956,5,False,False,False,True,True,False,True,True,True,True,True,True,True,True,True
a0ccae889b93969deefa92b4da7cb2f7,0.9995,2,True,True,False,True,True,True,True,True,True,True,True,True,True,True,True
8fabb679415fe6a9969015076873e211,1.0,3,True,True,False,True,True,True,True,True,True,True,True,True,True,True,True
9f86297104372f6378c6bf3dc1a8e8ec,0.9985,3,True,True,,True,True,,True,True,,True,True,,True,True,
637ec5730f0da83790b96ca6708f5309,0.9976,1,False,False,False,True,True,True,True,True,True,True,True,True,True,True,True
a7d0101041a4ff2c176cc0616423387a,1.0,1,True,True,True,True,True,True,True,True,True,True,True,True,True,True,True
87ec65202e592d81d47b66d1484732df,1.0,8,True,True,True,True,True,True,True,True,True,True,True,True,True,True,True
085c382879bb22ae25c77dca748d1387,1.0,1,True,True,True,True,True,True,True,True,True,True,True,True,True,True,True
c9a5de56046a818a6f69569090af6d1c,0.9976,1,True,True,,True,True,,True,True,,True,True,,True,True,
919c50490dbc9552a946f26b32c4ae12,1.0,1,True,True,True,True,True,True,True,True,True,True,True,True,True,True,True
d23e07dc0f848e8921532df36254ce29,1.0,1,True,True,True,True,True,True,True,True,True,True,True,True,True,True,True
65c689dc4b8772012494d43535fd1102,0.998,2,True,True,False,True,True,True,True,True,True,True,True,True,True,True,True
522fc29c9966a380a17ce86687cc600b,0.999,8,True,True,True,True,True,True,True,True,True,True,True,True,True,True,True
0ef7e12e6eb35a8fd9fac7badac0c381,0.9971,5,True,True,,True,True,,True,True,,True,True,,True,True,
c668608bc7be0382064b57d5505c7e23,1.0,3,True,True,False,True,True,True,True,True,True,True,True,True,True,True,True
48ca5b4f7cb58d4a146837de341a2604,1.0,10,True,True,True,True,True,True,True,True,True,True,True,True,True,True,True
534d7b1bce2cf035866320576094f81e,0.9995,4,False,False,True,False,True,True,True,True,True,True,True,True,True,True,True
18ec5da6c765ede0c426af393f8ce656,1.0,1,True,True,,True,True,,True,True,,True,True,,True,True,
f8ec439cb9f26e97be2793df3c52b03d,1.0,2,True,True,True,True,True,True,True,True,True,True,True,True,True,True,True
a67c7071b283c3513d9aa4cf63879d6e,0.9966,2,False,True,,False,True,,True,True,,True,True,,True,True,
4bcf2ed3c27ef7222d2bf177640edef4,0.9946,34,False,False,False,True,True,True,True,True,True,True,True,True,True,True,True
e2c63d5718cf9ea95828084c3b843443,0.998,3,True,True,,True,True,,True,True,,True,True,,True,True,
e29f9ab1342fe7d53d4f1e2d03bb5969,1.0,5,True,True,,True,True,,True,True,,True,True,,True,True,
26ef86afa44dbbdebbae8f35e590f52e,0.9985,3,True,True,True,True,True,True,True,True,True,True,True,True,True,True,True
cf9d6956cc5e9b057171f8ba480e6fbf,0.998,2,False,True,,True,True,,True,True,,True,True,,True,True,
999031908a04b1e2fca9b265ee4e0aba,0.9971,22,True,True,False,True,True,False,True,True,True,True,True,True,True,True,True
75dd0ee2682cb0bf3146f334b0c41c93,0.9995,2,True,True,True,True,True,True,True,True,True,True,True,True,True,True,True
19cfc988be2bc698e4e8e24f3c017dad,1.0,2,True,True,,True,True,,True,True,,True,True,,True,True,
ef48b24d461ead26b22d8e442656ccc0,1.0,1,True,True,,True,True,,True,True,,True,True,,True,True,
2da3ff46bfa58a914368731cfd699785,1.0,45,False,True,False,False,True,False,False,True,True,False,True,True,False,True,True
a85ae3de6b2dd626049270444199438e,1.0,1,True,True,True,True,True,True,True,True,True,True,True,True,True,True,True
b61513eef1a69690c5d43ca0cb8f5c1b,0.999,11,True,True,True,True,True,True,True,True,True,True,True,True,True,True,True
b0c74390aa5ac540757eb2256575019e,0.9976,1,False,False,False,False,False,True,False,False,True,False,False,True,False,False,True
f2cd13764c9588bd921f3a53138830da,1.0,3,True,True,True,True,True,True,True,True,True,True,True,True,True,True,True
29d5a1f45c97760080e874715394bcfe,0.9888,8,False,False,False,False,True,False,False,True,False,False,True,False,False,True,False
01b5383db868117f04bfd197603f736b,0.9966,16,True,True,True,True,True,True,True,True,True,True,True,True,True,True,True
7560406411c714b613d36584ec43158e,0.9946,23,True,True,False,True,True,True,True,True,True,True,True,True,True,True,True
e8c1e783e60161fe039cc419a3717b1f,1.0,1,True,True,True,True,True,True,True,True,True,True,True,True,True,True,True
051d14c7d7e9a5358e8da8a52b48bca3,0.9976,6,True,True,False,True,True,True,True,True,True,True,True,True,True,True,True
cd991e2f230049eb76c8e3b3fcece79f,1.0,1,True,True,True,True,True,True,True,True,True,True,True,True,True,True,True
efc6541354a63e71f60f085f48f73909,0.9995,1,True,True,True,True,True,True,True,True,True,True,True,True,True,True,True
664e1ee046659d47ded4a40ad1133a33,0.9961,1,True,True,,True,True,,True,True,,True,True,,True,True,
cead0ca51f97bc24bf11b1d1d12aee6e,0.9966,8,True,True,False,True,True,True,True,True,True,True,True,True,True,True,True
e1809c067af83a3dc4623ce28f35fe79,1.0,3,True,True,,True,True,,True,True,,True,True,,True,True,
e4197eeb4aaad91a8a4a38678c3b073e,0.9951,9,True,True,False,True,True,True,True,True,True,True,True,True,True,True,True
43c8008fb032a5ed2cb06dafa83e23ec,0.9927,8,False,False,False,False,False,False,False,True,False,False,True,False,True,True,True
021d1583edfe105a9c99264ea9f3d2d6,0.9976,1,True,True,,True,True,,True,True,,True,True,,True,True,
eca00dcc9a01255b6cb66fbd5b3bd285,0.9888,0,False,False,,False,False,,False,False,,False,False,,False,False,
0b291123c105140e6524bb2a3cf8e278,1.0,1,True,True,,True,True,,True,True,,True,True,,True,True,
da28c80a7a1b2838789eb2ad598db9a0,0.9966,22,True,True,True,True,True,True,True,True,True,True,True,True,True,True,True
344b8fcfc08a17bb7443c1ad11ea3151,0.9995,5,True,True,True,True,True,True,True,True,True,True,True,True,True,True,True
482bb3761a6b11b4cfb4e1b618231157,1.0,1,False,False,False,True,True,True,True,True,True,True,True,True,True,True,True
6e21064675bd1626771d39886cc9d88b,0.999,2,True,True,,True,True,,True,True,,True,True,,True,True,
5db694edf839eff28cb6a47bb5b50693,1.0,1,True,True,,True,True,,True,True,,True,True,,True,True,
b5a22689fdda6393715cd10a326927d3,1.0,2,True,True,True,True,True,True,True,True,True,True,True,True,True,True,True
36e38981bc99d5d7fdd5959ca41f6313,1.0,2,True,True,True,True,True,True,True,True,True,True,True,True,True,True,True
c99dd2353697161faecee673e0eda7b2,1.0,4,True,True,False,True,True,True,True,True,True,True,True,True,True,True,True
70775be7835f6d6a6ecb0d7039b355e3,0.999,3,True,True,False,True,True,True,True,True,True,True,True,True,True,True,True
95d0db82a69ee10f3b5ed0f06ba96949,0.9961,2,True,True,True,True,True,True,True,True,True,True,True,True,True,True,True
8b35589e4e1ef82328d78d533f5fa1a1,0.9995,3,True,True,True,True,True,True,True,True,True,True,True,True,True,True,True
85b80813a3be5e162f462e085b709b85,0.9976,1,False,True,,True,True,,True,True,,True,True,,True,True,
380c64674875dbcea485ba8f1ce26a6c,0.9985,1,False,False,False,True,True,True,True,True,True,True,True,True,True,True,True
9335b7a207b486ae9975e735cd30a814,0.999,4,True,True,False,True,True,False,True,True,False,True,True,False,True,True,False
b62a0f483de49257919f98dd32320443,1.0,3,True,True,True,True,True,True,True,True,True,True,True,True,True,True,True
779e393e6ff91129f826c691a0d16db3,0.9951,22,True,True,False,True,True,True,True,True,True,True,True,True,True,True,True
caafd6d1ef718ac1a2b7473f47d9340b,0.9995,13,True,True,True,True,True,True,True,True,True,True,True,True,True,True,True
6f14a88c7074fb3b48a9f8be3f7852c8,0.9985,1,True,True,,True,True,,True,True,,True,True,,True,True,
de794e5f913a822d437c41f82c49a80e,1.0,2,True,True,,True,True,,True,True,,True,True,,True,True,
6dbf54dfd0a3207126af074af10be296,1.0,6,False,True,True,True,True,True,True,True,True,True,True,True,True,True,True
1cbf580d763d0eb5497ff2d6468e7668,0.9932,23,False,False,False,False,False,False,False,True,True,False,True,True,False,True,True
41f01f3e3cbf6beb908ae1ebb553208e,1.0,15,True,True,True,True,True,True,True,True,True,True,True,True,True,True,True
9026ee9ce58d36be3646689861848080,0.9985,11,True,True,True,True,True,True,True,True,True,True,True,True,True,True,True
23a68909643e167f508a7baac78d7026,0.998,1,False,False,True,True,True,True,True,True,True,True,True,True,True,True,True
49eb7db9bbd667a245fcb40e7be64a28,0.9927,9,False,False,False,False,False,False,False,True,False,False,True,True,False,True,True
f028df8f84e6a5ff0a4512a509e23477,0.9985,1,True,True,True,True,True,True,True,True,True,True,True,True,True,True,True
702860fda44c0d44ddacb5bd79fd5d24,1.0,2,True,True,,True,True,,True,True,,True,True,,True,True,
16e7c551b44e75be84ce23f95da7cb8d,0.9951,1,False,False,,False,False,,False,False,,False,True,,True,True,
e21f14506da976def600538a8f860f0b,0.9995,1,True,True,,True,True,,True,True,,True,True,,True,True,
66d9eb13f3c8549ed0ac95f646c23ead,0.9995,2,True,True,False,True,True,True,True,True,True,True,True,True,True,True,True
61bffb5ed48deb86adad74d3d45df340,1.0,1,True,True,True,True,True,True,True,True,True,True,True,True,True,True,True
07bb3ab197992af0b741d1b71fc16c74,0.9995,2,True,True,,True,True,,True,True,,True,True,,True,True,
8d422552eb2392c7c2d4743727d1ff33,0.998,20,False,False,False,True,True,True,True,True,True,True,True,True,True,True,True
dd07e924156039f8e953d5ea58ab5023,1.0,1,True,True,,True,True,,True,True,,True,True,,True,True,
dc21153823efbfe6f4e092f110775cde,0.9985,1,True,True,,True,True,,True,True,,True,True,,True,True,
717e65e6ba1d91587e9c1fc36b2b0c44,1.0,2,True,True,True,True,True,True,True,True,True,True,True,True,True,True,True
f847d5bbe9c5a3555db3988cfa1b838f,0.9956,11,True,True,True,True,True,True,True,True,True,True,True,True,True,True,True
31b772f3e0f36755cdb6cd584a8a105f,1.0,2,True,True,True,True,True,True,True,True,True,True,True,True,True,True,True
e95282c3197d4315d84f31d177642c58,0.9995,1,True,True,True,True,True,True,True,True,True,True,True,True,True,True,True
687530ef97a8574b08b65e6100ed1f16,0.9985,4,False,True,False,True,True,True,True,True,True,True,True,True,True,True,True
05728a4572e292df51f34610249d4fa9,0.9976,30,True,True,True,True,True,True,True,True,True,True,True,True,True,True,True
8855fec4062970bb235780d6469a1d6d,1.0,1,True,True,,True,True,,True,True,,True,True,,True,True,
b6e342d9f4e409f24eea3859aa76e82a,0.9976,18,False,False,False,True,True,False,True,True,False,True,True,True,True,True,True
7ba3402ab86ac791941e0dc862234ee8,0.9995,1,True,True,,True,True,,True,True,,True,True,,True,True,
3bb8c91a23a86c8601f5dead53c7b241,0.9961,6,False,False,,False,True,,False,True,,True,True,,True,True,
ad922999ec6a8228be4358e848e86bc2,1.0,1,True,True,,True,True,,True,True,,True,True,,True,True,
535887d75db6f21831a65b42a9d5752f,0.9985,1,False,False,,False,True,,True,True,,True,True,,True,True,
eaa1d57a577a4aa93aceab1782827ea8,0.998,1,False,False,False,True,True,True,True,True,True,True,True,True,True,True,True
0944c80185fbba7f13e44329a3276e65,0.9956,22,True,True,True,True,True,True,True,True,True,True,True,True,True,True,True
025ef58ad4c94b135c69cb93c2320909,0.998,2,False,False,True,True,True,True,True,True,True,True,True,True,True,True,True
9bc997e8ebea77d717faea18a7bf4708,1.0,2,True,True,,True,True,,True,True,,True,True,,True,True,
ae53fe95ad7f469e3187a126d6098100,1.0,2,True,True,False,True,True,True,True,True,True,True,True,True,True,True,True
f816f5de71e4c19785cd5dfa8ee073db,0.9966,21,True,True,True,True,True,True,True,True,True,True,True,True,True,True,True
543dc760699879a2b12cd2e2525e6729,1.0,2,False,False,True,True,True,True,True,True,True,True,True,True,True,True,True
87e2bfb52174f1764d735f93e86017d3,1.0,1,True,True,True,True,True,True,True,True,True,True,True,True,True,True,True
b8be4a864e591a2801a0b9194efc1060,1.0,7,True,True,True,True,True,True,True,True,True,True,True,True,True,True,True
82864a780f7d57947ef3451dd7539740,1.0,2,True,True,True,True,True,True,True,True,True,True,True,True,True,True,True
79ba36cfcb1bdd16bc3aad97c47a1e6b,0.998,10,False,False,False,False,False,False,False,False,False,False,False,False,False,False,True
7767ca8c82d1d254c5d3228f43b2b213,0.998,1,False,False,False,False,False,False,False,False,True,False,False,True,False,False,True
af9554a6cc07a34c1cb6004e3dbb865a,0.999,8,True,True,False,True,True,False,True,True,True,True,True,True,True,True,True
ff2a3877c5cf4808816900f51bc130ba,0.9961,5,True,True,True,True,True,True,True,True,True,True,True,True,True,True,True
49c907377454c6980ff0a520fe40abe2,0.9946,8,True,True,True,True,True,True,True,True,True,True,True,True,True,True,True
911ddc4e1da558630158fa05fba14992,0.9985,2,True,True,,True,True,,True,True,,True,True,,True,True,
477487d12077a9fbaf195faaf466d827,0.9961,1,False,False,,True,True,,True,True,,True,True,,True,True,
c99bcc4ed3b2887c914e9faf48d63e3f,1.0,3,True,True,True,True,True,True,True,True,True,True,True,True,True,True,True
af1a97638ae7817e6dc243cfe90ba23b,1.0,8,True,True,True,True,True,True,True,True,True,True,True,True,True,True,True
07d5f956dc0652fbd2d22ea90b1bb136,0.998,11,True,True,True,True,True,True,True,True,True,True,True,True,True,True,True
61d14f45268668061628d7a7990641b2,0.9966,36,True,True,False,True,True,True,True,True,True,True,True,True,True,True,True
b50c901a9773cf8216278d2bb4e70644,0.999,1,True,True,,True,True,,True,True,,True,True,,True,True,
f8e946bdec673e40686c9ab157a63ac0,0.9951,8,True,True,False,True,True,False,True,True,False,True,True,True,True,True,True
68c7aa8355d0b7c6e75c67d5df51d569,1.0,10,True,True,True,True,True,True,True,True,True,True,True,True,True,True,True
9579787280965385b425a1d323e3c6d3,0.9976,3,False,False,False,True,True,False,True,True,False,True,True,True,True,True,True
e72dd431023ad44a88305647a224790d,0.9961,14,True,True,True,True,True,True,True,True,True,True,True,True,True,True,True
ef9fddde19882aba901f1b0419ec09d8,1.0,1,True,True,True,True,True,True,True,True,True,True,True,True,True,True,True
82520638c5842f94b7203788b78b3b92,0.9971,6,False,False,False,False,True,False,False,True,False,False,True,False,False,True,False
3273539459d13e139159461e38ba3987,0.9976,1,False,False,False,False,False,False,True,True,True,True,True,True,True,True,True
24b5476371dc34ef4f12b359d6ea6fe4,0.9941,34,False,False,False,True,True,True,True,True,True,True,True,True,True,True,True
b4900060b15cd3eab0697bdc00bfc33a,1.0,2,True,True,True,True,True,True,True,True,True,True,True,True,True,True,True
b1dd093a530c4f323e45823253ee9e15,0.999,16,True,True,True,True,True,True,True,True,True,True,True,True,True,True,True
283755ba25c1e02155384ef6f268c2ae,1.0,20,True,True,True,True,True,True,True,True,True,True,True,True,True,True,True
47bb78bbb9b7eab1a487de7f1521ddd6,0.9951,7,True,True,False,True,True,False,True,True,False,True,True,True,True,True,True
58a5d06b791283b4270f688e0b7408c9,0.9941,5,False,False,False,False,True,False,True,True,True,True,True,True,True,True,True
758b8307071957eb86c89a180b187482,1.0,2,True,True,,True,True,,True,True,,True,True,,True,True,
aa15b94e77f3955a73a15e15187b6482,0.9985,1,True,True,True,True,True,True,True,True,True,True,True,True,True,True,True
a954a29c70499c3c72ee396f69b71c51,1.0,2,True,True,True,True,True,True,True,True,True,True,True,True,True,True,True
0c0dcadbd501e2c17ca71995ed0b7ee1,1.0,1,True,True,,True,True,,True,True,,True,True,,True,True,
b73b1ef694c71eec29bf86c697f26b20,0.9985,4,True,True,True,True,True,True,True,True,True,True,True,True,True,True,True
9e3e461620d3bc6fb82b614f65a5a69b,1.0,10,True,True,True,True,True,True,True,True,True,True,True,True,True,True,True
caddc7c3f8e30f2e74778fca73689c4b,1.0,2,True,True,True,True,True,True,True,True,True,True,True,True,True,True,True
fb9d8df11e01ae4c33acac6db5a518b8,0.999,2,True,True,,True,True,,True,True,,True,True,,True,True,
e1d678e0c2f5463421eec27874b0fab3,0.999,11,True,True,True,True,True,True,True,True,True,True,True,True,True,True,True
564dff3148781f436e49ebbfb2590a6a,0.9985,2,True,True,True,True,True,True,True,True,True,True,True,True,True,True,True
7bfcdea57cc8e4bab6f3f3505b0dd682,0.9932,15,False,False,False,True,True,True,True,True,True,True,True,True,True,True,True
f4acc40b7b61bf7126ad84af26e93ed9,1.0,9,True,True,True,True,True,True,True,True,True,True,True,True,True,True,True
8fa90e60ddaccabffcd68f6a481318a2,0.9956,12,True,True,,True,True,,True,True,,True,True,,True,True,
e438545696891f9da484c32c04332871,0.9971,1,False,False,,True,True,,True,True,,True,True,,True,True,
33bf7c73050395fa47eea57f63c0f87f,0.9971,2,False,False,False,False,False,False,True,True,True,True,True,True,True,True,True
26410d712017c834dccf638a040f9002,1.0,1,True,True,True,True,True,True,True,True,True,True,True,True,True,True,True
e27928b6f9a580b0d7f95feeb01ba523,0.999,2,True,True,True,True,True,True,True,True,True,True,True,True,True,True,True
62925abc081ef537aea1336e58a4548a,1.0,2,True,True,,True,True,,True,True,,True,True,,True,True,
2c4fdd0845cdde26dc7d98f576bb10e7,0.9951,13,True,True,True,True,True,True,True,True,True,True,True,True,True,True,True
61f3d4479c517d056179e27ae91cd284,0.9985,1,True,True,,True,True,,True,True,,True,True,,True,True,
d5004573c96ec6eedcc4348d1145db37,0.998,12,True,True,True,True,True,True,True,True,True,True,True,True,True,True,True
40e233849dcafd1ca1e5dd020826ec04,0.9995,2,True,True,,True,True,,True,True,,True,True,,True,True,
8aa21df13e2d324fd17fe7d44bc77099,0.999,2,True,True,True,True,True,True,True,True,True,True,True,True,True,True,True
ac535b64f804c2eee5084adc741f7839,0.9971,6,False,False,True,True,True,True,True,True,True,True,True,True,True,True,True
6ba96f5208b35a9fa58a1e50271ece5c,0.9922,27,False,False,False,False,False,False,True,True,False,True,True,False,True,True,False
ffb24eab9531da0542b30ff802e34b65,0.9985,10,True,True,True,True,True,True,True,True,True,True,True,True,True,True,True
f0b4d6d49281190556a6cc4d5286dfb6,0.999,7,True,True,True,True,True,True,True,True,True,True,True,True,True,True,True
9895ece38025393ef9ccafafea501d77,1.0,1,True,True,True,True,True,True,True,True,True,True,True,True,True,True,True
6c7a1a940865cb8fc19e17d404be6951,0.9995,1,False,True,,False,True,,False,True,,False,True,,True,True,
134153c893d92731f1779897c269f055,1.0,1,True,True,True,True,True,True,True,True,True,True,True,True,True,True,True
6786956e5d741de3549e1c89e3a608b0,0.9946,22,True,True,False,True,True,False,True,True,True,True,True,True,True,True,True
e561c5c5f92aa66e6b1befb81385d1fc,1.0,1,True,True,True,True,True,True,True,True,True,True,True,True,True,True,True
ba7e734314ca58b585509a99c1dc8f97,0.9985,1,True,True,True,True,True,True,True,True,True,True,True,True,True,True,True
22b437d42a93adf1a1f4912a2f2bc487,1.0,3,True,True,,True,True,,True,True,,True,True,,True,True,
212a34f4dcb9f9a8c0941fcf86f0e6bc,0.9976,12,True,True,True,True,True,True,True,True,True,True,True,True,True,True,True
18c8a1caa02afa9f20b6974f6da7568c,1.0,1,True,True,,True,True,,True,True,,True,True,,True,True,
8b2843ccdbc3d39c6d758b7f91388341,0.999,1,True,True,,True,True,,True,True,,True,True,,True,True,
53b91ed8941d63dc6bdcf622f25e3b10,1.0,1,True,True,True,True,True,True,True,True,True,True,True,True,True,True,True
c97b49b5849b709da91fb5f6f48cd9eb,1.0,1,True,True,True,True,True,True,True,True,True,True,True,True,True,True,True
9b38c83e9f4e2a1c9ccca312a8701603,1.0,2,True,True,,True,True,,True,True,,True,True,,True,True,
966a27b7648de7ac63f5c15a8be0d10a,0.9951,13,False,True,False,True,True,False,True,True,True,True,True,True,True,True,True
2096bed8d8d3c009cd128c5f66954ed4,1.0,4,True,True,,True,True,,True,True,,True,True,,True,True,
2b7920f905d876304aa83fc776cd91a4,0.9995,1,True,True,True,True,True,True,True,True,True,True,True,True,True,True,True
a78a93326d787b79c22198acbce80e81,1.0,1,True,True,,True,True,,True,True,,True,True,,True,True,
d8c78611226dae60111f022dc0a9f947,0.9971,1,False,False,False,False,False,True,False,False,True,True,True,True,True,True,True
4a76bdc5b45d149d7aa31d04b9f46dbe,1.0,3,True,True,False,True,True,True,True,True,True,True,True,True,True,True,True
fa29a08838db72d944922cbf3ca72b38,1.0,1,True,True,,True,True,,True,True,,True,True,,True,True,
d5ba4ee44ca72bb2c78ee918d3d0707d,0.9995,10,True,True,True,True,True,True,True,True,True,True,True,True,True,True,True
3e7c933c821c9f18e53e1dda439951cf,0.999,1,True,True,,True,True,,True,True,,True,True,,True,True,
d7df91c0a9354c5b73ddf9b28799ae43,0.9995,3,True,True,True,True,True,True,True,True,True,True,True,True,True,True,True
edb1b7dc98830cdfb83ef9466ad4aaaa,1.0,1,True,True,,True,True,,True,True,,True,True,,True,True,
60aded12db04cbb8ba0091f3bb63d0a6,0.999,2,False,False,True,False,False,True,True,True,True,True,True,True,True,True,True
ce94860005cb569777791022ac3014af,1.0,1,True,True,True,True,True,True,True,True,True,True,True,True,True,True,True
800e0527da5f9218e61c70f7d0ec8715,0.999,1,True,True,True,True,True,True,True,True,True,True,True,True,True,True,True
aad81ac0351dcd619b00c97e690dfa5f,1.0,1,True,True,,True,True,,True,True,,True,True,,True,True,
fa83652d0f1eca666000903a370b6e14,1.0,8,True,True,True,True,True,True,True,True,True,True,True,True,True,True,True
aa4b8fb0330c049740437e03fc90a40e,0.9971,13,True,True,True,True,True,True,True,True,True,True,True,True,True,True,True
6b68ebbc9e9e8d26fa7018cf163d4848,1.0,1,True,True,,True,True,,True,True,,True,True,,True,True,
c4118088ab2644671a1d9d540c060b19,0.9932,14,True,True,False,True,True,True,True,True,True,True,True,True,True,True,True
cae75e1117d316c3a8f12909f766135b,0.9995,1,False,False,False,False,False,False,False,False,True,False,False,True,True,True,True
c4112b995ef6cd2f05559f6a3057bc7c,1.0,2,True,True,True,True,True,True,True,True,True,True,True,True,True,True,True
2e8ba4a2f665cc3ad88530fc739b1f9c,0.998,1,True,True,True,True,True,True,True,True,True,True,True,True,True,True,True
d22ab0227295d4646e98ca484b96c239,0.9985,2,False,False,True,True,True,True,True,True,True,True,True,True,True,True,True
55f0a15d367f1f98823a8accf53c1ab4,0.9995,19,False,False,True,True,True,True,True,True,True,True,True,True,True,True,True
b9d27d1dc44fea66778479161f6ed7c6,0.9985,1,True,True,,True,True,,True,True,,True,True,,True,True,
fff6f2b1de224120c999dde9f25fcd0a,0.9995,6,True,True,True,True,True,True,True,True,True,True,True,True,True,True,True
e8b184a091b069447aaa71429105e326,1.0,2,True,True,True,True,True,True,True,True,True,True,True,True,True,True,True
326834f69c357dad79f31e792597dd1d,1.0,1,True,True,,True,True,,True,True,,True,True,,True,True,
351fdba7f02fbaff27a231855c689a8a,0.9995,3,True,True,,True,True,,True,True,,True,True,,True,True,
ae2245c2d637b8badfb1037f95ffd4f7,0.9946,9,True,True,False,True,True,False,True,True,False,True,True,False,True,True,False
3b04ef795d02d4d5ddc42f2c2598e1d7,0.9995,2,True,True,True,True,True,True,True,True,True,True,True,True,True,True,True
76822eb34ea3cf76c00fb31b39d43b12,0.9995,8,True,True,True,True,True,True,True,True,True,True,True,True,True,True,True
f12686b1d3e4d79217d2b79924ed502d,1.0,1,True,True,True,True,True,True,True,True,True,True,True,True,True,True,True
5adea97be7d61a174324b19e19ba1dea,1.0,3,True,True,True,True,True,True,True,True,True,True,True,True,True,True,True
1449d53a8ab97ad249f2332b5bd012b9,0.999,1,True,True,True,True,True,True,True,True,True,True,True,True,True,True,True
82eeb8631b1f7982fd141bbf2ed2f4dc,1.0,6,True,True,True,True,True,True,True,True,True,True,True,True,True,True,True
29cd0f756cdd319b032b1b1eb1be4c8f,0.9985,1,True,True,,True,True,,True,True,,True,True,,True,True,
ee4ac6545a6964811ec188369b533ff7,0.9995,8,True,True,True,True,True,True,True,True,True,True,True,True,True,True,True
873b71b30dcfcdbdf2e7080dd9db241f,0.9985,1,True,True,,True,True,,True,True,,True,True,,True,True,
88399278e67a6f27c1c493c39b174391,1.0,2,True,True,True,True,True,True,True,True,True,True,True,True,True,True,True
cadb4455b724f027fc10968f3b93c4f5,1.0,1,True,True,True,True,True,True,True,True,True,True,True,True,True,True,True
f0547f74dbcfeca9eef70572311914b5,0.9937,4,False,False,,True,True,,True,True,,True,True,,True,True,
74316f0e658505498c0bd04393736a67,0.9995,9,False,False,True,True,True,True,True,True,True,True,True,True,True,True,True
f988ea53dbaa37384a49d4315240db30,1.0,2,True,True,True,True,True,True,True,True,True,True,True,True,True,True,True
a73d6b4ed74fd4af4a3c77ef62e48ec5,0.9956,29,False,False,False,True,True,True,True,True,True,True,True,True,True,True,True
4e9f7176de6f2af840aa8a369a060705,1.0,3,True,True,True,True,True,True,True,True,True,True,True,True,True,True,True
494686a85ca80380a18f37e6e723f6ff,0.9956,5,True,True,False,True,True,True,True,True,True,True,True,True,True,True,True
3f621680f877f8755d3bf38982001f7b,0.9971,11,True,True,False,True,True,True,True,True,True,True,True,True,True,True,True
475e27bf3e60bc624563dd2d438e0a64,1.0,3,True,True,True,True,True,True,True,True,True,True,True,True,True,True,True
e5632edb0fd267dbaf571c758b91be2a,0.9971,9,True,True,False,True,True,True,True,True,True,True,True,True,True,True,True
f898c7a8c566d0beb46d5448dde2387c,1.0,21,True,True,True,True,True,True,True,True,True,True,True,True,True,True,True
fa7c27da02160cd4642de54d236e78fc,1.0,4,True,True,False,True,True,True,True,True,True,True,True,True,True,True,True
cbe80782cb7eff2eb8427fae47b49d1a,0.9956,9,True,True,False,True,True,True,True,True,True,True,True,True,True,True,True
f95801513925a658f6f017e67e77e9a0,0.9985,3,True,True,True,True,True,True,True,True,True,True,True,True,True,True,True
82027df46b4cddd4d7136ccfaa25a19f,0.998,15,True,True,False,True,True,True,True,True,True,True,True,True,True,True,True
9c4d55fa490cfb3be28c93ed90a4859d,0.9966,1,True,True,,True,True,,True,True,,True,True,,True,True,
d98dabbea4fe10de13ec5310782324e8,1.0,1,True,True,True,True,True,True,True,True,True,True,True,True,True,True,True
07751ebfb567d65db3f366d9c4037e68,0.999,1,True,True,,True,True,,True,True,,True,True,,True,True,
42bdb37eaf4585993d2dadc410341bfc,0.9985,6,True,True,,True,True,,True,True,,True,True,,True,True,
3756db37fff5d61b7ec84aad15fa4c44,0.9941,7,True,True,True,True,True,True,True,True,True,True,True,True,True,True,True
5c331188779be5bb65a2e80544aa8dea,1.0,6,True,True,True,True,True,True,True,True,True,True,True,True,True,True,True
6239566d7bda185bbc00c6475202b675,0.9976,1,False,False,,True,True,,True,True,,True,True,,True,True,
f07216e3758674127b729897fc2945ba,0.9961,2,True,True,,True,True,,True,True,,True,True,,True,True,
0d01943ed06ec0c8998ac39665f5452a,0.9956,6,False,True,True,False,True,True,True,True,True,True,True,True,True,True,True
bdc8f8a67a910d09965f2c9975bb00c8,0.9971,6,True,True,True,True,True,True,True,True,True,True,True,True,True,True,True
9351cccfbe9ec3b210cc47272367a7df,0.9976,2,True,True,,True,True,,True,True,,True,True,,True,True,
5346417a16a786a9003aaee8d9cf6253,0.999,1,True,True,,True,True,,True,True,,True,True,,True,True,
a8c0192a45a12e2f86fe50245c36917d,0.998,26,True,True,False,True,True,False,True,True,True,True,True,True,True,True,True
bcfc5d3c9a3586094059acfae2f253f4,1.0,1,True,True,,True,True,,True,True,,True,True,,True,True,
32d1077d28b29a3f6b93e1c0cbad6fda,1.0,6,True,True,True,True,True,True,True,True,True,True,True,True,True,True,True
9686ac0f1487906d7d6ebd3fd7dc8d2b,0.9971,19,False,False,False,True,True,False,True,True,True,True,True,True,True,True,True
69b20cc817bea5dcb9b42ccea6416abb,1.0,2,True,True,True,True,True,True,True,True,True,True,True,True,True,True,True
7229a1a874924db8456664b2a5985136,0.9985,1,True,True,True,True,True,True,True,True,True,True,True,True,True,True,True
f397a6809dc09fd4f5cc5f425c5eb0ba,0.9976,1,True,True,,True,True,,True,True,,True,True,,True,True,
387fd7acb95a1f0053edacb08ca9384d,0.999,11,True,True,False,True,True,True,True,True,True,True,True,True,True,True,True
fd7c9ad162f78a62dda5099c417becc6,1.0,2,True,True,,True,True,,True,True,,True,True,,True,True,
64303da63d4474d55a0486a7f379c2ba,0.9976,1,True,True,,True,True,,True,True,,True,True,,True,True,
bd1731c0114c40d5784dd170ea5f3422,0.9956,1,True,True,,True,True,,True,True,,True,True,,True,True,
402e6b5b282305d18249bfd6887eee0a,0.9995,5,True,True,True,True,True,True,True,True,True,True,True,True,True,True,True
1be424347c91d4aef0664f5e7d157c32,1.0,1,True,True,True,True,True,True,True,True,True,True,True,True,True,True,True
144e3876b7943b5474d329bec54856a4,1.0,1,True,True,True,True,True,True,True,True,True,True,True,True,True,True,True
281228d4a8faf2330f12bda44eeeb6af,1.0,1,True,True,True,True,True,True,True,True,True,True,True,True,True,True,True
e111f26c316c8b919015c64090c7cdef,0.9995,4,True,True,True,True,True,True,True,True,True,True,True,True,True,True,True
9ff60b1660430eecb3f6b31e6f3db189,0.9961,9,True,True,False,True,True,False,True,True,True,True,True,True,True,True,True
349d6e0ff74f02b6d2d55d29a6084ea2,1.0,1,True,True,True,True,True,True,True,True,True,True,True,True,True,True,True
99f9b204f31c6690c17496f44394b974,1.0,3,True,True,True,True,True,True,True,True,True,True,True,True,True,True,True
8a7df6e8751646d9927c0f0ed34cbf5b,0.9995,1,True,True,,True,True,,True,True,,True,True,,True,True,
8e9415fb1edc2f6f3ccda52f97761c01,1.0,1,True,True,True,True,True,True,True,True,True,True,True,True,True,True,True
effac6ec8d11ae5d2d4f029c5f18e3be,0.9937,1,True,True,,True,True,,True,True,,True,True,,True,True,
07e45dbcdbdf6f14162122517de780b0,1.0,18,False,True,True,True,True,True,True,True,True,True,True,True,True,True,True
10bb410cab85c3ad55c3e1b7a643ae2a,1.0,4,True,True,True,True,True,True,True,True,True,True,True,True,True,True,True
fa8e5e27d8fba25e37fc05340a105914,1.0,2,True,True,True,True,True,True,True,True,True,True,True,True,True,True,True
a5ad9574a1f8aea06b6dfaff6eddfff7,1.0,2,True,True,True,True,True,True,True,True,True,True,True,True,True,True,True
ffc8f144edd6d82dce1b1b9056b59bef,0.9971,2,True,True,True,True,True,True,True,True,True,True,True,True,True,True,True
88dc9b1bf64124875974e6e8ce1bb2e0,1.0,3,True,True,True,True,True,True,True,True,True,True,True,True,True,True,True
c97244fcde2f912b5f515df2d4803f23,0.999,1,True,True,,True,True,,True,True,,True,True,,True,True,
057bcefe7d185d0daf7b610144b1fa59,0.9995,6,True,True,,True,True,,True,True,,True,True,,True,True,
49c2b5d0aaf2ac8b0ee6cae5b6c5a8f4,1.0,1,True,True,True,True,True,True,True,True,True,True,True,True,True,True,True
8d5c57433a03e4329c7e6b3aaf6668a1,0.9961,7,False,False,,False,False,,False,True,,False,True,,False,True,
bdd1ff0b7dda6da30f922fc86600543a,1.0,1,True,True,True,True,True,True,True,True,True,True,True,True,True,True,True
8d6e9c000ccfb1a2eb70d805990db95d,0.9995,2,True,True,False,True,True,True,True,True,True,True,True,True,True,True,True
4cec2826da45c90930f69ae290165f1d,1.0,1,True,True,,True,True,,True,True,,True,True,,True,True,
353932b8f9bc8551107028bbc48b250c,0.9941,12,False,True,False,True,True,False,True,True,True,True,True,True,True,True,True
b97547037e6bed020583b930bd3684cc,1.0,7,True,True,True,True,True,True,True,True,True,True,True,True,True,True,True
6bbba65392a923662648a61d94002b30,0.9951,7,False,False,True,False,False,True,True,True,True,True,True,True,True,True,True
3e0febfb4a6a1915ac7dbadd489360be,0.9995,1,True,True,,True,True,,True,True,,True,True,,True,True,
0a052939cf0cfd20acc22c826676e32c,0.9976,2,True,True,True,True,True,True,True,True,True,True,True,True,True,True,True
c5f63d06bc0e136c998bf43f719776c3,0.9941,5,True,True,True,True,True,True,True,True,True,True,True,True,True,True,True
a6e69a1d97c797ccefc9a46e1e9d59b9,1.0,1,True,True,True,True,True,True,True,True,True,True,True,True,True,True,True
c1ed97b9675b1d0f08c9cd6e6ab9eb76,1.0,1,True,True,,True,True,,True,True,,True,True,,True,True,
6ba11aa98436328c7d53c0b5db9dd2b0,0.9961,5,False,False,False,True,True,True,True,True,True,True,True,True,True,True,True
592e037654532013ab7258e4ae16b0b5,0.9961,1,True,True,,True,True,,True,True,,True,True,,True,True,
99b459540b7b4682716095be1962981e,1.0,4,True,True,True,True,True,True,True,True,True,True,True,True,True,True,True
91ae0ed28c5142ecc8b8e9a5d5f707d5,1.0,24,True,True,True,True,True,True,True,True,True,True,True,True,True,True,True
fb89ee34d5f2ddb3d1ce9da15080b792,0.9985,3,True,True,False,True,True,False,True,True,False,True,True,False,True,True,False
440cf59737156116c2e42f84552562b8,0.9995,3,True,True,True,True,True,True,True,True,True,True,True,True,True,True,True
00fb4699f8a2077aa4225851ec609f82,0.999,6,True,True,True,True,True,True,True,True,True,True,True,True,True,True,True
923d1e7b6ceac97721615d80cf869780,0.9985,6,True,True,False,True,True,False,True,True,True,True,True,True,True,True,True
147f672fdb531def69cb4b3f1c5029da,0.999,2,False,False,True,True,True,True,True,True,True,True,True,True,True,True,True
85f6db727b9f9f28fa57d33177a6f386,0.9995,1,True,True,True,True,True,True,True,True,True,True,True,True,True,True,True
d7e616d63605ffd0d9129244621edbfc,1.0,1,True,True,,True,True,,True,True,,True,True,,True,True,
4faa3699baba0e697f56b8f69a2a1f40,0.998,1,False,False,,False,False,,False,False,,False,False,,False,False,
941c985cd594eddbaa7ba0e614bdf30f,1.0,2,True,True,True,True,True,True,True,True,True,True,True,True,True,True,True
da42156b748b0af3ebc3c6268720755e,0.9961,5,True,True,,True,True,,True,True,,True,True,,True,True,
19dccdcbb0a9ad59e58d289bcdb09295,0.9985,1,True,True,True,True,True,True,True,True,True,True,True,True,True,True,True
8e6aad6b74b9b6601b06801e804b3ab3,1.0,1,True,True,True,True,True,True,True,True,True,True,True,True,True,True,True
c2cac7d762781f38d91567c99eba157e,0.9951,18,True,True,True,True,True,True,True,True,True,True,True,True,True,True,True
a017db3bfdae612d959f9edcc112104c,1.0,1,True,True,True,True,True,True,True,True,True,True,True,True,True,True,True
d0d582d9d9b71467f236f9bace54eea5,0.9995,1,False,False,False,True,True,True,True,True,True,True,True,True,True,True,True
eb689bb0db80cb3fc1f81366f262fd18,0.9956,6,False,False,False,True,True,True,True,True,True,True,True,True,True,True,True
2b62bf55e8226888eabfb4f4da82a02f,0.999,4,True,True,False,True,True,True,True,True,True,True,True,True,True,True,True
ef7c28bb28866912b76003ee110bdf6b,1.0,4,False,True,True,True,True,True,True,True,True,True,True,True,True,True,True
d947bf2404132e0163f3c59d1bce36f7,1.0,1,True,True,,True,True,,True,True,,True,True,,True,True,
e843b0e0535e8033ed7c08faf28016ca,1.0,2,True,True,,True,True,,True,True,,True,True,,True,True,
527903fbf386db15505deed22209fe0a,0.9985,10,True,True,True,True,True,True,True,True,True,True,True,True,True,True,True
d2e29353b6ede10f1607456fa86e6300,0.9995,3,True,True,True,True,True,True,True,True,True,True,True,True,True,True,True
956d35dae808c86e4c2763cba7d609fa,1.0,1,True,True,True,True,True,True,True,True,True,True,True,True,True,True,True
839049ed2eabc492bfa76bca3e4f9075,0.9995,1,True,True,,True,True,,True,True,,True,True,,True,True,
bab16dfe7bab8f56e30de9733e5a5964,1.0,2,True,True,,True,True,,True,True,,True,True,,True,True,
5f438bcb87bf9d011daee383cbf8268b,1.0,23,False,False,False,False,True,False,True,True,False,True,True,True,True,True,True
c4587a7b24a6c49f9de0882e32f519f5,0.999,2,False,True,True,True,True,True,True,True,True,True,True,True,True,True,True
955d34a1529b6fbcf425ced56e3b7fc1,0.9985,2,True,True,,True,True,,True,True,,True,True,,True,True,
5cf9be63b0ce8289c8ac73ac5162ad0b,0.9985,4,True,True,True,True,True,True,True,True,True,True,True,True,True,True,True
194253bf7725522741f6f5467928510d,0.9946,9,False,True,False,True,True,False,True,True,False,True,True,True,True,True,True
beb160f1d174dc940a6dd9816c42ca01,0.9995,2,True,True,,True,True,,True,True,,True,True,,True,True,
c3764288be8ac8815185c4ee6d913e81,1.0,1,True,True,,True,True,,True,True,,True,True,,True,True,
2b33fe69214c39198384dc9686326117,0.999,1,True,True,,True,True,,True,True,,True,True,,True,True,
83d1208a372f046a842442d3a156c435,0.9927,1,False,False,False,True,True,True,True,True,True,True,True,True,True,True,True
43c944338e9f3b7dbdf05108887a754a,0.9995,6,True,True,True,True,True,True,True,True,True,True,True,True,True,True,True
e5f056df23811f3fe0e48de4aafd0d9b,0.9995,1,True,True,True,True,True,True,True,True,True,True,True,True,True,True,True
c41c5795922c324df06444964515a11f,1.0,5,False,False,True,True,True,True,True,True,True,True,True,True,True,True,True
8afde037c611bdd1b53997b0f6b4dd7a,0.9858,0,False,False,,False,False,,False,False,,False,False,,False,False,
6cd5cb3562f8ff28e2e21339a4fc55c1,0.9966,1,True,True,,True,True,,True,True,,True,True,,True,True,
3ab7c5dece6b62c7faf92b667d63b4a0,0.999,1,False,False,True,False,False,True,False,False,True,True,True,True,True,True,True
6589433bc08b7cdc5ea1e4928683ed00,1.0,2,True,True,True,True,True,True,True,True,True,True,True,True,True,True,True
913e8b6ddca7947f95db836301d8e9cd,1.0,2,True,True,True,True,True,True,True,True,True,True,True,True,True,True,True
6504a13e2edb3328fffb344daf7b2ee3,1.0,2,True,True,True,True,True,True,True,True,True,True,True,True,True,True,True
07a0a37967e31e9f4fe1683f99cc42b7,0.9976,2,True,True,False,True,True,False,True,True,True,True,True,True,True,True,True
80696a8e4c14013684c162880b99abc9,0.9995,2,False,False,True,True,True,True,True,True,True,True,True,True,True,True,True
026600da36b900cf6ff6ee481b90793a,1.0,1,True,True,,True,True,,True,True,,True,True,,True,True,
67ab6a8c32dcb38e12415ef305a06ce6,0.9985,1,True,True,,True,True,,True,True,,True,True,,True,True,
114bc1da00dea879e58c42626058bb7e,0.9995,1,True,True,,True,True,,True,True,,True,True,,True,True,
61637c95fcfd388d16465d5d8ae30f0a,1.0,1,True,True,True,True,True,True,True,True,True,True,True,True,True,True,True
aa994f6ce33aa806c707bdc34ef908ef,1.0,1,False,False,True,True,True,True,True,True,True,True,True,True,True,True,True
dd365165667aed1d7e806ab8ded914dd,0.9971,5,True,True,True,True,True,True,True,True,True,True,True,True,True,True,True
46636732082e8b359502809c48875633,0.9995,1,False,False,,False,True,,False,True,,False,True,,False,True,
df443df991086de26795466fa2bdd4f2,0.9937,11,True,True,False,True,True,True,True,True,True,True,True,True,True,True,True
c2a63e5593cc5d91688af8f3abd60f16,1.0,1,True,True,,True,True,,True,True,,True,True,,True,True,
6e01e4385cee37baa2cba8e4af01c030,1.0,1,True,True,,True,True,,True,True,,True,True,,True,True,
90180ad539e48d0fd6f3161438f747b7,0.9976,1,True,True,,True,True,,True,True,,True,True,,True,True,
0ce454899698457894ff03330870f380,1.0,2,True,True,True,True,True,True,True,True,True,True,True,True,True,True,True
89be024198d6c2575cdec2fecfd9129a,0.9976,1,False,False,False,False,True,True,True,True,True,True,True,True,True,True,True
021debed55af14cc6451649e0fcd3ad0,1.0,2,True,True,True,True,True,True,True,True,True,True,True,True,True,True,True
89bd7c45f05c79d6fbb1fbda696d5bae,0.9961,15,True,True,False,True,True,True,True,True,True,True,True,True,True,True,True
c9209e2a22c08ecdf2762a15fb6e44e1,0.9995,1,False,True,,True,True,,True,True,,True,True,,True,True,
61786e38b934cbe33d5850a578a7ee22,0.9961,6,False,False,False,False,False,False,True,True,False,True,True,False,True,True,False
1e2c02998bd1e6ff2aad5bd96b138e35,1.0,2,True,True,,True,True,,True,True,,True,True,,True,True,
c80287fd598d09df08b50511b22020e5,1.0,1,True,True,,True,True,,True,True,,True,True,,True,True,
f2fbdc2b912ea775653691981335232f,0.9946,6,False,True,,False,True,,True,True,,True,True,,True,True,
2e3414cd356e335e4f675efeb43938b3,1.0,5,True,True,True,True,True,True,True,True,True,True,True,True,True,True,True
234b81fb7fa91bcfef74c8511c07a219,0.999,1,True,True,,True,True,,True,True,,True,True,,True,True,
5ab25dcdb272bc212f8833c23f30c16e,0.9995,1,False,False,True,True,True,True,True,True,True,True,True,True,True,True,True
573471302da724edb5d0fa958385fb6d,1.0,2,True,True,True,True,True,True,True,True,True,True,True,True,True,True,True
a5855fa4fbc240bfd25ccc70b1627be3,1.0,1,True,True,,True,True,,True,True,,True,True,,True,True,
3d89b82f7dc8f2f24e7c65124529a879,1.0,3,True,True,True,True,True,True,True,True,True,True,True,True,True,True,True
676c29f329b29adbd48921804b86030e,1.0,1,True,True,,True,True,,True,True,,True,True,,True,True,
c5fd2a45a5ac6f49a4089d35044de207,0.9966,5,False,False,False,True,True,True,True,True,True,True,True,True,True,True,True
5b2a2d09315ded235146cac2e767e89a,0.9946,8,False,False,False,True,True,True,True,True,True,True,True,True,True,True,True
618e77ab00abd20cfb2694d45fe07df1,0.999,5,False,True,True,True,True,True,True,True,True,True,True,True,True,True,True
89056b9f86a0886730db47a8c45825eb,1.0,1,True,True,,True,True,,True,True,,True,True,,True,True,
26897509b56c5bcf18626b728a146bca,1.0,1,True,True,,True,True,,True,True,,True,True,,True,True,
fd66678cf39f676cb57820da4a793b6f,0.9995,1,True,True,,True,True,,True,True,,True,True,,True,True,
6eeec78da7ff573c0bb7f7ddc3eefa8a,0.999,4,True,True,,True,True,,True,True,,True,True,,True,True,
1db7fb888012089960006f42143c48af,0.9995,1,True,True,True,True,True,True,True,True,True,True,True,True,True,True,True
36cf1853edbaec342c271909f87ca1b6,1.0,7,True,True,True,True,True,True,True,True,True,True,True,True,True,True,True
77e5e44634d0afe9cd0385ef1e17f3ea,0.9956,6,True,True,,True,True,,True,True,,True,True,,True,True,
f095ea0711dbffa2a1c48745983b9c5f,0.9927,1,False,False,False,False,False,False,True,True,True,True,True,True,True,True,True
09eb7e9f361c0d842f96d14184871ffb,0.9995,14,True,True,True,True,True,True,True,True,True,True,True,True,True,True,True
cb886014283a43df6af104cecc83cfc9,0.9907,18,True,True,False,True,True,False,True,True,False,True,True,True,True,True,True
03a6a6d84a7be4b11b6467c91ca79d57,0.9971,0,False,False,,False,False,,False,False,,False,False,,False,False,
fef34e7fa03c36381857511c7755324d,1.0,3,True,True,,True,True,,True,True,,True,True,,True,True,
b7a2f949d87f6ce14145811c2d2974af,1.0,2,True,True,True,True,True,True,True,True,True,True,True,True,True,True,True
16bc6160df59f42ec2c49c8ee41d95fc,0.9985,3,False,False,True,True,True,True,True,True,True,True,True,True,True,True,True
07246a1fc2c2fed9e54374f5ee46c333,0.9995,2,True,True,,True,True,,True,True,,True,True,,True,True,
7762e0345755e644245415ce796d6cfa,0.9985,2,True,True,,True,True,,True,True,,True,True,,True,True,
ec32cc6605cedce13a2049357143079a,0.9961,7,True,True,True,True,True,True,True,True,True,True,True,True,True,True,True
923e86a70ad8194f9dab67ab8397371f,0.9976,5,True,True,False,True,True,True,True,True,True,True,True,True,True,True,True
2e009092df813643f303457c87387ced,1.0,1,False,False,,True,True,,True,True,,True,True,,True,True,
a41371aa833164c1e707004fdfb16b36,0.9922,8,True,True,False,True,True,True,True,True,True,True,True,True,True,True,True
38007bfc5e4b3c58b1d91a0bc9c4fdb2,0.9941,24,True,True,True,True,True,True,True,True,True,True,True,True,True,True,True
c2d746ce5aed150d6696eed8143ec2c7,0.9985,7,False,True,,True,True,,True,True,,True,True,,True,True,
fc7dec198c007a0622c9acba71b1edb1,0.999,2,False,False,True,True,True,True,True,True,True,True,True,True,True,True,True
78571689def5620061b622ab87a928ff,0.9985,1,True,True,,True,True,,True,True,,True,True,,True,True,
d2324169a6d55451e2666edc82665cba,0.9956,8,True,True,False,True,True,True,True,True,True,True,True,True,True,True,True
e0987c7b47c2fb3b4638ebd7a04f69a0,0.9976,1,True,True,True,True,True,True,True,True,True,True,True,True,True,True,True
7e2246947e40512267840e3645e8c570,0.9976,7,True,True,True,True,True,True,True,True,True,True,True,True,True,True,True
892351141be327d407d7d063c3a74f59,0.9976,1,True,True,,True,True,,True,True,,True,True,,True,True,
704d9e2c5c3cea3c4683fe56146b043e,0.9976,4,True,True,,True,True,,True,True,,True,True,,True,True,
02541e05438ebd6cd913200972ef5e4b,0.9907,0,False,False,,False,False,,False,False,,False,False,,False,False,
720ef8366f0bd5fb2cb193ce02e53799,1.0,3,True,True,True,True,True,True,True,True,True,True,True,True,True,True,True
ce264b1fd05f8dfc0dd2941a2b170a3a,0.9961,11,True,True,False,True,True,True,True,True,True,True,True,True,True,True,True
5009ec83dc7d2e70acc5d0426d8abceb,0.9922,16,False,False,False,True,True,True,True,True,True,True,True,True,True,True,True
817505ccf93a252d80ac6191376cc419,1.0,3,True,True,,True,True,,True,True,,True,True,,True,True,
be817fedc78d38052d17146829adb06d,0.9912,0,False,False,,False,False,,False,False,,False,False,,False,False,
118852b957010ee00ae4dbb8665ad57e,1.0,1,True,True,True,True,True,True,True,True,True,True,True,True,True,True,True
af2f68999329d11971cc4eeb7d338c1c,0.9961,10,False,True,False,True,True,False,True,True,True,True,True,True,True,True,True
cff8e2e801a0c5c478ebbe42363d2ee7,0.9956,19,True,True,True,True,True,True,True,True,True,True,True,True,True,True,True
4c61879ca2f0594335aa69f539fa89c3,0.9995,3,True,True,True,True,True,True,True,True,True,True,True,True,True,True,True
4c65953d2d9c04292134fc5013f3a21e,0.9971,3,False,False,False,True,True,True,True,True,True,True,True,True,True,True,True
f213ec50ee3f0c0c4a7b47b321d081a9,1.0,1,True,True,True,True,True,True,True,True,True,True,True,True,True,True,True
aded20d81ae85d32dc13bca7fbd3340d,0.9795,7,False,False,False,False,False,False,True,True,True,True,True,True,True,True,True
43c0b25b6784fa0e906d10eea57852c8,0.9971,19,False,False,False,False,True,True,False,True,True,False,True,True,False,True,True
3f82999a4623343cbba40859d44329b0,1.0,2,True,True,False,True,True,True,True,True,True,True,True,True,True,True,True
712f87f5d819a247fd620da2e5d1ba23,0.999,1,False,False,,False,False,,True,True,,True,True,,True,True,
335d0b23ffa0a12a5048771a0c89e3b1,0.999,7,True,True,True,True,True,True,True,True,True,True,True,True,True,True,True
06894625cc4725640c9c1bba0d9aefc8,0.999,1,True,True,,True,True,,True,True,,True,True,,True,True,
c54740e67850b527400a77af33bd3d89,1.0,3,True,True,True,True,True,True,True,True,True,True,True,True,True,True,True
ea5eeef4adcd29b79e56e455f9025517,1.0,47,False,False,False,False,True,False,True,True,True,True,True,True,True,True,True
37e4420bd53e9fdbe33fa465e829f030,1.0,4,True,True,True,True,True,True,True,True,True,True,True,True,True,True,True
dbecddfdb4c39e60616c3958d43cfc8e,1.0,2,False,False,False,True,True,True,True,True,True,True,True,True,True,True,True
2c76f558846fa9aa57c59ddacefeacb2,0.9702,0,False,False,,False,False,,False,False,,False,False,,False,False,
f1aa0ea145fc7098b3403eb2badbe65b,0.9995,2,False,True,False,True,True,True,True,True,True,True,True,True,True,True,True
e61e6021af25969dd347b921fc6389a4,0.9907,0,False,False,,False,False,,False,False,,False,False,,False,False,
de1f954072ef273959e798b81a39a1f1,0.9976,3,True,True,True,True,True,True,True,True,True,True,True,True,True,True,True
52ecb4b1abf93593276cb066f1446900,0.9971,1,True,True,,True,True,,True,True,,True,True,,True,True,
551f70cf3f951806a9b28706825acfeb,0.9937,6,True,True,False,True,True,True,True,True,True,True,True,True,True,True,True
4d472a0025391001536abf639f86372b,1.0,4,True,True,,True,True,,True,True,,True,True,,True,True,
c7b5ccd6001f20b113bf480efab552c9,0.9956,3,True,True,,True,True,,True,True,,True,True,,True,True,
3f0bc3f2b8d9b380ec319501754eca38,1.0,1,True,True,,True,True,,True,True,,True,True,,True,True,
1a33b954694a3eddcd95ead6c562cfb2,0.9976,2,False,False,,False,True,,False,True,,True,True,,True,True,
2adce772c19bf78aca62501a10d63509,0.9966,9,True,True,False,True,True,True,True,True,True,True,True,True,True,True,True
77b0fc3d2cdfed133689d19939bd753c,1.0,3,True,True,True,True,True,True,True,True,True,True,True,True,True,True,True
08c5a92f42b9bd6cf258a65dc845fd17,1.0,1,True,True,True,True,True,True,True,True,True,True,True,True,True,True,True
372e53abd78532e75f0b7c98fa758cc1,0.9961,1,True,True,True,True,True,True,True,True,True,True,True,True,True,True,True
f538d22fdb4f50b77253747c9f18ed18,0.9971,25,True,True,False,True,True,False,True,True,False,True,True,True,True,True,True
f3faa99f0acc0df8ae5f557d0ca39c08,1.0,1,True,True,,True,True,,True,True,,True,True,,True,True,
c667b7a7367b1dbad8a24df3fef9441a,1.0,3,True,True,True,True,True,True,True,True,True,True,True,True,True,True,True
95a05bf179625c68dbfdd8e357f791cf,0.999,2,False,False,True,True,True,True,True,True,True,True,True,True,True,True,True
04bc2a095282907ef4df7a2a9447166f,1.0,1,True,True,,True,True,,True,True,,True,True,,True,True,
4767afde4b029b318194cf99b257de2d,1.0,2,True,True,True,True,True,True,True,True,True,True,True,True,True,True,True
cb13db7c2341f7fb498c476454c50a21,1.0,1,True,True,,True,True,,True,True,,True,True,,True,True,
e8d0c712ad2ea5d27abd8b1e23eb6f7a,0.9985,1,False,False,False,True,True,True,True,True,True,True,True,True,True,True,True
937806dd600ece921faa49ac16d4cdb0,0.998,1,True,True,,True,True,,True,True,,True,True,,True,True,
e808c9a57b23d000151dd0526336e8de,0.998,11,True,True,True,True,True,True,True,True,True,True,True,True,True,True,True
9ab23c4d99ca81eaa9c30826e3201dd4,0.9995,2,False,False,False,True,True,True,True,True,True,True,True,True,True,True,True
a0ecf69202e62fe969206ad4b1445b61,0.9995,1,True,True,True,True,True,True,True,True,True,True,True,True,True,True,True
643cecdf78d7a5f104fd135492479199,0.9995,1,True,True,True,True,True,True,True,True,True,True,True,True,True,True,True
e64aa0d53a0727d6fb6d3fcd8667e49d,0.9907,6,False,False,False,True,True,False,True,True,False,True,True,False,True,True,False
418ebbfcf9fe4c2ccea934ba2533ec35,0.9961,1,False,False,False,False,False,True,True,True,True,True,True,True,True,True,True
82f01cb6b84420e18f1f7aed8630c878,1.0,1,True,True,True,True,True,True,True,True,True,True,True,True,True,True,True
7e112350867950f176b414f5f71178fd,1.0,6,True,True,True,True,True,True,True,True,True,True,True,True,True,True,True
3ede9a0384a29cd63d3cebf0f09b96c1,0.9995,3,False,False,False,True,True,True,True,True,True,True,True,True,True,True,True
6e6136a51bc1d0612894175086e106cd,1.0,3,True,True,,True,True,,True,True,,True,True,,True,True,
a8a3fd004219cc6476d68c8902fb52a3,0.9941,9,False,False,False,False,False,True,False,False,True,False,False,True,False,False,True
b04a73565cfbfe585d234694b827d9d1,0.9985,2,False,False,False,True,True,True,True,True,True,True,True,True,True,True,True
136c27e1efa2b99fb71cdff938615daa,0.9932,28,True,True,True,True,True,True,True,True,True,True,True,True,True,True,True
ab4d207ba005958298be140605c5a8fb,1.0,1,True,True,,True,True,,True,True,,True,True,,True,True,
9a0ea06f99eb653b4104f7809547dc61,0.9995,1,False,False,False,True,True,True,True,True,True,True,True,True,True,True,True
5d31a7ba11fffdbcb915a4ba1aac75e6,1.0,6,False,False,,True,True,,True,True,,True,True,,True,True,
b94b3e9177961551c08f311f8515f346,0.9995,2,True,True,True,True,True,True,True,True,True,True,True,True,True,True,True
ec3fc3f61c2e9c1a7f32bc622801ac2c,0.9971,5,True,True,True,True,True,True,True,True,True,True,True,True,True,True,True
27af05757211c4e22e274f6521c2b033,1.0,2,False,False,True,True,True,True,True,True,True,True,True,True,True,True,True
4d9f444d7b7f1f6de3b53c732536296a,1.0,1,True,True,True,True,True,True,True,True,True,True,True,True,True,True,True
14d87a227e9cbf80d583db1f6eaf48b4,0.9956,7,True,True,True,True,True,True,True,True,True,True,True,True,True,True,True
0a4dae6c36a924945c5ad8318aff7ecb,0.9951,16,True,True,False,True,True,False,True,True,False,True,True,True,True,True,True
933c1a437592c012f7169968b9045854,0.998,5,True,True,,True,True,,True,True,,True,True,,True,True,
bb50ac888e677e82816ea70b2ab33eca,0.9985,3,False,False,False,False,False,True,True,True,True,True,True,True,True,True,True
950c432d4df367cfd29389f23c4272f6,1.0,2,True,True,True,True,True,True,True,True,True,True,True,True,True,True,True
82243ab47000b0bb9500a7f65bf04630,0.9985,3,False,False,False,True,True,True,True,True,True,True,True,True,True,True,True
78655baa8fe07fac3df14b89c91be2bb,0.9951,11,False,False,False,False,False,False,False,False,False,False,False,False,False,True,False
2018829be0affbac011bf1b8e30981ad,0.999,6,True,True,,True,True,,True,True,,True,True,,True,True,
7aaece58fc746f9480457f6056857dfe,0.9966,15,True,True,False,True,True,True,True,True,True,True,True,True,True,True,True
9f73559d08e3d2aebe9872ed20eb92cb,1.0,4,True,True,True,True,True,True,True,True,True,True,True,True,True,True,True
d57543b38df2129448b58807cb5965d0,0.9946,24,False,True,False,True,True,False,True,True,True,True,True,True,True,True,True
c5818942f7219725c098917e39a7e7bb,0.9985,16,True,True,True,True,True,True,True,True,True,True,True,True,True,True,True
fc91b1d6efa2d63ad830349556a06220,0.9995,3,True,True,True,True,True,True,True,True,True,True,True,True,True,True,True
6c1758cff014a807d58bd737c76ec233,1.0,1,True,True,True,True,True,True,True,True,True,True,True,True,True,True,True
deac35bb9d47f67965b800fa6c414dea,0.9932,19,False,False,False,False,True,False,False,True,True,False,True,True,True,True,True
de81a26ccacc05d41aeda73937929a7e,0.9995,1,True,True,,True,True,,True,True,,True,True,,True,True,
2c46a6bd519e153e57e33cbee296bb41,1.0,2,True,True,True,True,True,True,True,True,True,True,True,True,True,True,True
f7ac318fad126f8dc75f70e09fd5c4dd,0.9956,7,True,True,True,True,True,True,True,True,True,True,True,True,True,True,True
07ab589574a5adeae211c91efb58a71f,0.9995,1,True,True,,True,True,,True,True,,True,True,,True,True,
6533ef83a51929f69e6f95d7a59a421c,0.9956,5,True,True,,True,True,,True,True,,True,True,,True,True,
36b46a254875314bef7628b94ef8d7b6,0.999,11,True,True,True,True,True,True,True,True,True,True,True,True,True,True,True
8c932073a2765a0e8639a784955bd290,0.9961,6,False,False,,True,True,,True,True,,True,True,,True,True,
204059649d5553ccc15a44ccd09de89c,0.9961,18,True,True,True,True,True,True,True,True,True,True,True,True,True,True,True
a759ddc94367592f2474e1de3acdb224,1.0,1,True,True,True,True,True,True,True,True,True,True,True,True,True,True,True
9d172cf068d4eda0c6d68f5b9cc75a1e,0.998,1,True,True,,True,True,,True,True,,True,True,,True,True,
503e3f397b970f03e626474b548327b4,0.9961,11,True,True,True,True,True,True,True,True,True,True,True,True,True,True,True
8466c6dfab56e8746ea47bc3c0e571e0,1.0,1,True,True,,True,True,,True,True,,True,True,,True,True,
e9610e4b261eb260ad4e507e8c1d634e,0.9961,1,True,True,,True,True,,True,True,,True,True,,True,True,
4a6f9dd6166c1d7f2c4af6440718c03b,0.999,2,True,True,,True,True,,True,True,,True,True,,True,True,
d56e57f7a7e3a1b98778de802e7097d0,0.9956,23,False,False,True,True,True,True,True,True,True,True,True,True,True,True,True
c8b7afd58453fa7f61cb3486e65de8f0,0.9976,1,False,False,,False,False,,True,True,,True,True,,True,True,
ced3d95a776f5047eb0ab75ebeaa0555,0.9961,8,True,True,True,True,True,True,True,True,True,True,True,True,True,True,True
8b0ebd33e66653c42aa292e40bf6291c,0.9956,13,True,True,True,True,True,True,True,True,True,True,True,True,True,True,True
ad7b37d7259f65ae5d2d898c539a6297,0.9844,0,False,False,,False,False,,False,False,,False,False,,False,False,
8dde56a6b6263c9ff1d677c7a17456ec,0.9976,6,True,True,False,True,True,False,True,True,False,True,True,False,True,True,False
92d6b69fbdf22335e1e29eb7ddea612a,0.9985,6,True,True,False,True,True,False,True,True,True,True,True,True,True,True,True
87ced6667f7e72e893d3f02ac08066a2,0.9961,15,True,True,True,True,True,True,True,True,True,True,True,True,True,True,True
0bd4b1e42bd92aa97b0e3256b8b9f685,0.9985,17,True,True,True,True,True,True,True,True,True,True,True,True,True,True,True
8b42e63e1fe8e14326fe559f8a2cce81,1.0,1,True,True,True,True,True,True,True,True,True,True,True,True,True,True,True
6891aea14e9e48ed890aa10cc84e4d40,0.9956,9,True,True,True,True,True,True,True,True,True,True,True,True,True,True,True
357ad9f4f9251dd5f1a70dec188b23a3,0.9995,2,False,False,True,True,True,True,True,True,True,True,True,True,True,True,True
8dba5d94c21557246f8c48418b0f3bda,1.0,1,True,True,,True,True,,True,True,,True,True,,True,True,
b923bc5d99ffa071df805bfb578547c4,0.9995,2,True,True,True,True,True,True,True,True,True,True,True,True,True,True,True
3c6c6b674785246a706fea426f2f4dd9,0.9976,2,False,False,False,True,True,True,True,True,True,True,True,True,True,True,True
5901c122dbe9545a6149416c6397f234,0.9995,1,True,True,True,True,True,True,True,True,True,True,True,True,True,True,True
bbb066ff0d8c41323c27c93a1a3c35a7,0.9976,1,True,True,,True,True,,True,True,,True,True,,True,True,
78f289cd472d09e153e93361d0beeb2f,0.9985,6,True,True,True,True,True,True,True,True,True,True,True,True,True,True,True
b8299c90e4c775b18c1c5ff6d23ad616,0.9839,0,False,False,,False,False,,False,False,,False,False,,False,False,
0c9b81e16ab4e3c0b202044ce6d7ba57,0.9956,21,True,True,True,True,True,True,True,True,True,True,True,True,True,True,True
798933fd16ab772e1e547b6af3461e47,0.9995,1,True,True,,True,True,,True,True,,True,True,,True,True,
1541d3f52b75573d379c2d7efdd61f0e,1.0,1,True,True,,True,True,,True,True,,True,True,,True,True,
21154dbe9d1fd27c98e5ee78bb11560c,0.998,1,True,True,,True,True,,True,True,,True,True,,True,True,
5b6d589e4b8374ae05953faf3e0ec415,1.0,1,True,True,,True,True,,True,True,,True,True,,True,True,
1034f9305f9e8af991841f0741e8ce44,0.998,1,True,True,True,True,True,True,True,True,True,True,True,True,True,True,True
4b322ffec8bcd2c849beaeaaab778b16,0.9966,12,True,True,,True,True,,True,True,,True,True,,True,True,
645dd8b575c7e7c0952933bbe90b4bb9,1.0,20,True,True,True,True,True,True,True,True,True,True,True,True,True,True,True
0b9c934012caa8a6606599ddcb49c15b,0.9946,29,False,False,False,False,True,True,True,True,True,True,True,True,True,True,True
29b2f8399229daa8138a86a37fa795f1,0.999,1,False,False,True,True,True,True,True,True,True,True,True,True,True,True,True
296a64ff9ac191c4f1c886ba988e1706,0.999,3,False,False,False,True,True,True,True,True,True,True,True,True,True,True,True
eb6a99a43cef2237af9b344c4df7f907,0.9995,1,False,False,True,True,True,True,True,True,True,True,True,True,True,True,True
943510d75dff81e8e8a61b414393ad22,0.998,2,True,True,True,True,True,True,True,True,True,True,True,True,True,True,True
8e87f6187c3bff96717578fafac261ae,0.9956,6,False,False,False,True,True,True,True,True,True,True,True,True,True,True,True
749376b5f9975100a175a587f222e10e,0.9985,1,False,False,False,False,False,True,True,True,True,True,True,True,True,True,True
d16549567d9b503e05d935bd5ca038a6,0.9951,19,False,False,False,False,False,False,False,False,True,False,False,True,False,False,True
626c469cde244cf9b780fe8a6e952018,1.0,1,True,True,True,True,True,True,True,True,True,True,True,True,True,True,True
ee00e22b5b23fa6d7e2502177a8a70c7,0.9951,28,True,True,True,True,True,True,True,True,True,True,True,True,True,True,True
7bc40a9c22f90b2ce6c97edc8248f810,0.9976,2,True,True,True,True,True,True,True,True,True,True,True,True,True,True,True
f437261ff1458ebf1aa7f6dc7bf69e58,0.9995,1,True,True,True,True,True,True,True,True,True,True,True,True,True,True,True
469c376c54706d2a04589d78e87c8780,0.9995,5,True,True,False,True,True,False,True,True,True,True,True,True,True,True,True
3561691a3832d2ec98315c3412a98fa3,0.9985,1,False,False,True,True,True,True,True,True,True,True,True,True,True,True,True
8fa174b717385600595ec8771240bfe8,0.9966,1,False,False,False,False,False,False,False,False,False,True,True,True,True,True,True
6ed1f425cd7d234afdf0906b91293ae2,0.9966,1,True,True,,True,True,,True,True,,True,True,,True,True,
99974302fcd8d2101cbc28c8141e0ee9,0.9985,9,True,True,,True,True,,True,True,,True,True,,True,True,
7ede4b72fe5210d181d31d0161d8f153,0.9976,3,True,True,True,True,True,True,True,True,True,True,True,True,True,True,True
d6ff6bbe079674401094c1a932da80ab,0.999,15,True,True,True,True,True,True,True,True,True,True,True,True,True,True,True
ae9418ce9d02c32999138b34c48512fb,0.9995,1,True,True,True,True,True,True,True,True,True,True,True,True,True,True,True
2d86655f5770d1ddf5947021a53b57cb,0.9966,8,True,True,,True,True,,True,True,,True,True,,True,True,
3ccbd454b224dc84efdde550255ca527,0.9917,9,False,False,False,False,False,False,False,True,False,False,True,False,False,True,False
d40238b6e6c47b51c94b10008b551af4,1.0,5,True,True,True,True,True,True,True,True,True,True,True,True,True,True,True
4561fef494acf771179203cc14f5d372,0.9995,1,True,True,True,True,True,True,True,True,True,True,True,True,True,True,True
f527a3626856c74b3bf1c926561baf11,0.9995,1,True,True,,True,True,,True,True,,True,True,,True,True,
af62b8aa99dba188ac2f26d05dff89d1,0.9995,2,True,True,True,True,True,True,True,True,True,True,True,True,True,True,True
dcc3c223f6007f2b75ad31366a34a983,1.0,1,True,True,True,True,True,True,True,True,True,True,True,True,True,True,True
be2708e1bdcddac994cdfd7ddf921d52,0.999,14,True,True,False,True,True,False,True,True,False,True,True,True,True,True,True
43a837e225147b88f58a65ccc8412c7c,0.9966,2,True,True,True,True,True,True,True,True,True,True,True,True,True,True,True
15bf273330928f57de2f3b24ca2a5135,0.9917,14,True,True,True,True,True,True,True,True,True,True,True,True,True,True,True
8602056eba9f104692f2ddf8938871c5,0.999,8,False,False,False,False,True,False,True,True,True,True,True,True,True,True,True
6c75b6547a775bd435d6121ea181a298,0.9951,2,False,False,False,True,True,True,True,True,True,True,True,True,True,True,True
8d8be8b2507c837431e2e91d5b78faa9,0.999,1,True,True,,True,True,,True,True,,True,True,,True,True,
dd845f9a83e4214b3e9e1a1ead34f609,1.0,1,True,True,True,True,True,True,True,True,True,True,True,True,True,True,True
9c426d26d1334efd88b234484348abbf,0.9985,12,False,False,False,False,True,True,True,True,True,True,True,True,True,True,True
3e5c0929aa7ec948ea82be82637549b1,0.9941,5,True,True,,True,True,,True,True,,True,True,,True,True,
54c489de5ec8c0e9aa68974f8f39d713,1.0,4,True,True,True,True,True,True,True,True,True,True,True,True,True,True,True
5db86c73cb3a69940374cd84e1457a2f,0.9976,1,False,False,,False,True,,False,True,,False,True,,True,True,
2f0e324704bd4ac738072c50d4eba0ea,0.9971,1,True,True,True,True,True,True,True,True,True,True,True,True,True,True,True
7056f0ca7e34feb91ddfdb617582fd12,0.999,1,False,False,False,True,True,True,True,True,True,True,True,True,True,True,True
9711e5e56376fe411f8d9ca9e739c6f1,0.998,12,True,True,False,True,True,False,True,True,True,True,True,True,True,True,True
3f602caee36e03c625a1f30eb97314e2,0.9995,3,True,True,True,True,True,True,True,True,True,True,True,True,True,True,True
703b123d3cbe4a7e8c02253f1f55d261,1.0,3,True,True,True,True,True,True,True,True,True,True,True,True,True,True,True
523a7e01fa5c47d91e959292759c7ac7,0.9946,18,True,True,True,True,True,True,True,True,True,True,True,True,True,True,True
daa33b68bffced185af681590ffd372e,1.0,8,True,True,True,True,True,True,True,True,True,True,True,True,True,True,True
76861e4fd720b21d96693697fa6b48fc,0.9971,1,False,False,,True,True,,True,True,,True,True,,True,True,
9fd90ca5d6775c90e4e6e46e09b38313,0.9971,8,True,True,,True,True,,True,True,,True,True,,True,True,
7bc4b6055f77dc4acb835bf59f37bba2,1.0,1,True,True,True,True,True,True,True,True,True,True,True,True,True,True,True
8a652928ef13cc45fe6fad624a6fa1d2,0.999,2,False,True,,True,True,,True,True,,True,True,,True,True,
f486ad1bcca90a8bd9b68c76212312c3,1.0,1,True,True,,True,True,,True,True,,True,True,,True,True,
8cc8b34be2f3cb1e12e390328759aaf7,1.0,9,True,True,True,True,True,True,True,True,True,True,True,True,True,True,True
4c301bbaaa0d8e3dc3356271c20fc5b5,1.0,1,True,True,True,True,True,True,True,True,True,True,True,True,True,True,True
f9d19abf0ac81bcc64d02d91350fce35,0.999,1,True,True,,True,True,,True,True,,True,True,,True,True,
58775dbd44f0df19b94bc37ab4e4c579,0.999,3,True,True,True,True,True,True,True,True,True,True,True,True,True,True,True
a4d4e17dbb14f15384261ddd56409439,1.0,1,True,True,,True,True,,True,True,,True,True,,True,True,
449442ea32d59c45c20f49095f206f1d,1.0,3,True,True,,True,True,,True,True,,True,True,,True,True,
c9c58ce6cfd82ba2d1a35ed4588dc1db,0.9995,1,True,True,True,True,True,True,True,True,True,True,True,True,True,True,True
8e411053229e1cc8814cc8c0d1989251,0.9971,1,False,False,,True,True,,True,True,,True,True,,True,True,
72c6706063e2325bd12c28ea8b23e872,0.9878,0,False,False,,False,False,,False,False,,False,False,,False,False,
9d93bbfc68509916e75cf218443f9b1b,0.9937,17,False,False,False,False,False,False,True,True,True,True,True,True,True,True,True
d23e031b9dfbdb8f41323c8c5c775f26,1.0,1,True,True,True,True,True,True,True,True,True,True,True,True,True,True,True
a2ea5245d83eba89a777bfc3af4e28a7,0.9995,7,False,True,False,True,True,True,True,True,True,True,True,True,True,True,True
46106a1395497d731c64d8d5b56c3771,0.9951,5,False,False,False,False,False,True,True,True,True,True,True,True,True,True,True
56eed20694eeebce9a5a6bc4626aca89,0.9961,4,False,False,False,False,False,False,True,True,True,True,True,True,True,True,True
9e1c950d882ef8c3e0f61aa7ec52060e,1.0,1,False,False,False,True,True,True,True,True,True,True,True,True,True,True,True
c2b43f5fc401b8ae942e9f83213eef32,1.0,0,False,False,,False,False,,False,False,,False,False,,False,False,
f877e829ece2e97efc2208f33e765ce3,1.0,5,True,True,False,True,True,False,True,True,False,True,True,False,True,True,False
cf94c789ff082528101c344b74e994c7,0.9951,6,True,True,False,True,True,False,True,True,False,True,True,False,True,True,False
dc34e8512b788fb682511c00370ee4c7,1.0,1,True,True,,True,True,,True,True,,True,True,,True,True,
7de13a55503e90292b953209386e0b7b,0.9976,2,False,False,False,False,False,False,False,False,True,False,False,True,False,False,True
8a86fb52c58e6597a806872e474d6ac1,0.9976,1,True,True,,True,True,,True,True,,True,True,,True,True,
6a639263c07c310881a6085392276536,0.9868,0,False,False,,False,False,,False,False,,False,False,,False,False,
4c4c77a6783079489f146bf3f51d11e6,1.0,3,True,True,,True,True,,True,True,,True,True,,True,True,
630dbfa8fbc034c9f8692f9d429ea57e,0.9995,1,True,True,True,True,True,True,True,True,True,True,True,True,True,True,True
b0d25a3bc288f3c5ac8b993c6e4504dd,0.9985,6,True,True,True,True,True,True,True,True,True,True,True,True,True,True,True
4427597bcba686e28f83a29252ed6e17,0.9907,6,False,False,False,False,True,False,True,True,True,True,True,True,True,True,True
ad093ee4a3c24932837db32cf7007813,1.0,2,True,True,False,True,True,False,True,True,False,True,True,False,True,True,True
a4f5e4b88460bc4713747b9e266d3144,1.0,2,True,True,,True,True,,True,True,,True,True,,True,True,
8610085898359abd9388c49fcfbbcb2a,0.9966,2,False,True,,True,True,,True,True,,True,True,,True,True,
cf80116cb789ecdda4cb662ab3fd1b4c,0.999,5,True,True,True,True,True,True,True,True,True,True,True,True,True,True,True
848451a3853d056f1b0b123b39ebf894,0.999,2,False,False,False,True,True,True,True,True,True,True,True,True,True,True,True
335d9330fb71ae0d90dd21af0c78d794,0.998,3,False,False,True,False,False,True,False,False,True,True,True,True,True,True,True
e382176877a8994aed9f5835e1779aba,0.9966,20,True,True,True,True,True,True,True,True,True,True,True,True,True,True,True
19f57e5afe22be9a7efe64bedb272f7d,0.9976,1,False,False,,True,True,,True,True,,True,True,,True,True,
52b9510cbb34f48661b26bc88b568e98,1.0,1,True,True,,True,True,,True,True,,True,True,,True,True,
dcc60ede2cc11c8503b4f31fab9233b8,0.9971,1,False,False,False,False,False,True,True,True,True,True,True,True,True,True,True
2efff3ec5ec80431bec254de17da2fcd,1.0,1,True,True,,True,True,,True,True,,True,True,,True,True,
ad552f09200febf499158c052101079b,0.9995,1,True,True,True,True,True,True,True,True,True,True,True,True,True,True,True
80ec5ef8c3af388c768221021941877e,0.998,6,True,True,False,True,True,False,True,True,False,True,True,False,True,True,False
c86ca8792c7be96d7699dead5edccd91,1.0,2,True,True,,True,True,,True,True,,True,True,,True,True,
9918c6983a2d8a49a554941297f09e33,1.0,1,True,True,True,True,True,True,True,True,True,True,True,True,True,True,True
443d26a763fcf25a1b45a2fc51d1d322,1.0,1,True,True,True,True,True,True,True,True,True,True,True,True,True,True,True
f16e4c6266ddf5fc9dd22ebb744cb295,0.9985,5,True,True,False,True,True,False,True,True,True,True,True,True,True,True,True
a0cda4ca07d855686d23956f06d0d76e,0.9995,8,True,True,True,True,True,True,True,True,True,True,True,True,True,True,True
40dc5c18cc4351517876235855be9721,0.9976,1,True,True,True,True,True,True,True,True,True,True,True,True,True,True,True
5b3ae10206715c2976a983cb2eef902e,0.9946,1,False,False,,False,False,,False,True,,False,True,,False,True,
dbda74fb9d5fd3c12eaab78face02172,0.9995,1,False,False,False,True,True,True,True,True,True,True,True,True,True,True,True
3768ce8adbe0d6b2fccade3b7750c7d6,0.9966,9,True,True,True,True,True,True,True,True,True,True,True,True,True,True,True
59a5570b657c148caf79a4d0bf8b4d0c,1.0,1,True,True,True,True,True,True,True,True,True,True,True,True,True,True,True
7f95be53d89bc3a48bae7b78b974d701,1.0,1,True,True,True,True,True,True,True,True,True,True,True,True,True,True,True
768b30237305b76406c8c5c6a9fba498,0.998,1,True,True,,True,True,,True,True,,True,True,,True,True,
17cd9e80e0f41c506e23257e356ac923,0.9971,23,True,True,False,True,True,False,True,True,False,True,True,False,True,True,False
94f099e252b40a7a42a638b2c028b7db,1.0,1,True,True,True,True,True,True,True,True,True,True,True,True,True,True,True
46bd23bd0fd9dba10f345fa125cfcb81,0.9888,0,False,False,,False,False,,False,False,,False,False,,False,False,
be49979e50fd98568304bc66173f624b,0.9995,3,True,True,,True,True,,True,True,,True,True,,True,True,
ce0b607406b1ba0603a5883aeab5bbcf,0.9961,1,False,False,False,False,False,False,False,False,False,False,False,False,True,True,True
584732b1ae36c8fd9cd78a3b94bfb4ba,1.0,1,True,True,,True,True,,True,True,,True,True,,True,True,
b7533224f1ef2f4739006dd83c6bf4d2,0.9971,6,True,True,,True,True,,True,True,,True,True,,True,True,
90c4f2d984977adea41de3f42bd18ea1,1.0,1,True,True,,True,True,,True,True,,True,True,,True,True,
f57128992ee22ab49d1a992eb1594104,0.9941,22,False,False,True,False,False,True,False,True,True,True,True,True,True,True,True
fc05fae4c5692849b84f3411043e8344,0.9941,12,True,True,,True,True,,True,True,,True,True,,True,True,
915047629ceb2cfb1fb1d4ff467c9002,0.999,1,True,True,True,True,True,True,True,True,True,True,True,True,True,True,True
2579ccdb853bf0bbcbc589ee0badfa6b,1.0,1,True,True,True,True,True,True,True,True,True,True,True,True,True,True,True
d45aaeec9a07ee5bc7a02cbca9a84ee7,0.9961,16,True,True,True,True,True,True,True,True,True,True,True,True,True,True,True
2990b08e6fdd30ce626c1f5d8d026587,1.0,20,True,True,True,True,True,True,True,True,True,True,True,True,True,True,True
58170f812d875827788d594fb6ddd4ce,1.0,1,True,True,,True,True,,True,True,,True,True,,True,True,
beb16d17921d9d616810cfda4d470651,1.0,8,True,True,True,True,True,True,True,True,True,True,True,True,True,True,True
8dddc010930174c81129a400de4404f2,0.9985,1,True,True,,True,True,,True,True,,True,True,,True,True,
421c4fde5e0b6d90aba4333ba1328d82,0.9995,2,True,True,False,True,True,True,True,True,True,True,True,True,True,True,True
9b81b6e45f605a8664136716c1f36aa2,0.9937,8,True,True,True,True,True,True,True,True,True,True,True,True,True,True,True
73e316aef3faef6abf714c6a2802f409,1.0,2,True,True,True,True,True,True,True,True,True,True,True,True,True,True,True
b2f2f46a7ac98e69a9c672e3c11d4dc6,0.998,1,False,False,,False,False,,True,True,,True,True,,True,True,
6281e84f5577a96d655059cf0de0540a,1.0,2,True,True,True,True,True,True,True,True,True,True,True,True,True,True,True
2c8630b0baf30f2cc97a2f0b4bc96aca,0.9097,0,False,False,,False,False,,False,False,,False,False,,False,False,
1c4b816fb8f22fadba37d3f297f19730,1.0,1,True,True,,True,True,,True,True,,True,True,,True,True,
e6bdf194852a3017f2294a9236f98dfc,0.9941,6,True,True,False,True,True,False,True,True,False,True,True,True,True,True,True
47c6142121fd5fbdd963a7a6fccb2c5e,0.9995,2,True,True,True,True,True,True,True,True,True,True,True,True,True,True,True
455800da158eb1acad1d1e9657b345d2,0.9956,10,True,True,False,True,True,True,True,True,True,True,True,True,True,True,True
4651f1e124ac9d94cff06304c700b593,0.9966,5,False,False,True,True,True,True,True,True,True,True,True,True,True,True,True
a9aac800e685600e21278a2012556aa7,0.9976,1,False,False,False,False,False,False,False,False,False,True,True,True,True,True,True
f4993ea775e4b217485c9be1b55db40c,0.9971,1,False,False,,False,False,,False,True,,False,True,,False,True,
71f6d6badec9a36484ea0f6bea464bc2,1.0,1,True,True,True,True,True,True,True,True,True,True,True,True,True,True,True
3ab282a70cea4c1440512ab7820c4cad,0.9912,5,False,False,,False,False,,False,True,,True,True,,True,True,
8967a8d6fe2dd175ae34bdac837af10a,0.9961,3,True,True,,True,True,,True,True,,True,True,,True,True,
e9ad9694aa9baa8ef6805db44808b3ce,0.9956,5,False,False,,False,True,,False,True,,True,True,,True,True,
5b1e1cf5993a1b5ab7467ae5ebe4d8a4,1.0,1,True,True,,True,True,,True,True,,True,True,,True,True,
1557e1ae96e182db04d667afa2262c8e,0.9971,22,False,True,False,True,True,False,True,True,True,True,True,True,True,True,True
6650a92f75285af3244da368e945c376,0.9941,13,False,False,,False,False,,True,True,,True,True,,True,True,
65c647ffd0330aa88c24b8bf7674e6c7,0.9985,1,False,False,False,False,False,False,False,False,False,False,False,True,True,True,True
532ff193b68d71a9e2229dd125e1eeb1,1.0,2,True,True,False,True,True,True,True,True,True,True,True,True,True,True,True
85856de71cc20a58c1522fd9ba454442,0.9985,1,True,True,,True,True,,True,True,,True,True,,True,True,
99d585f7c8f524fa04880f847f0a31da,1.0,3,True,True,False,True,True,True,True,True,True,True,True,True,True,True,True
7935c8ea2b1b44460993759d6d1cd5da,1.0,1,True,True,,True,True,,True,True,,True,True,,True,True,
af652e408f0db93cc4846d6901a6ce37,0.9966,13,True,True,True,True,True,True,True,True,True,True,True,True,True,True,True
f99471f9f75bc3c8400f9611fa7ee14f,0.9971,1,True,True,,True,True,,True,True,,True,True,,True,True,
c995fd3a6bbed38454cd050bc331deaa,0.9995,1,True,True,True,True,True,True,True,True,True,True,True,True,True,True,True
8207352f9586edf5c23e242fba24021c,0.999,1,True,True,True,True,True,True,True,True,True,True,True,True,True,True,True
b1f59336f531943ed373eb155f8380ea,0.999,1,False,False,True,False,False,True,True,True,True,True,True,True,True,True,True
ecc87bcfc432d272b961cd36e4246127,0.9937,4,False,False,True,True,True,True,True,True,True,True,True,True,True,True,True
638fc32ab42e9e47ae41e2aad6572cc9,0.999,1,True,True,True,True,True,True,True,True,True,True,True,True,True,True,True
14cf2dc39880985bc2129f16b8f963f5,1.0,2,True,True,True,True,True,True,True,True,True,True,True,True,True,True,True
6007fe9f1b2db53b8b47650fa99e3f10,0.9946,2,True,True,False,True,True,False,True,True,False,True,True,False,True,True,False
450e10636606887dd168542a6fc0df36,1.0,1,True,True,,True,True,,True,True,,True,True,,True,True,
b9779a83e705307c6596e4741240726c,1.0,20,True,True,True,True,True,True,True,True,True,True,True,True,True,True,True
adae8a46239a2d87cf6b3187212b0c5d,1.0,2,True,True,,True,True,,True,True,,True,True,,True,True,
b0b69224e197ce8061ddd3ea7ceff3d9,0.9937,53,False,True,False,True,True,False,True,True,True,True,True,True,True,True,True
38296582075fc96045a4147fb746fe4b,0.9995,12,True,True,True,True,True,True,True,True,True,True,True,True,True,True,True
4be7e3af901821b478005592cf83e189,0.9995,1,True,True,True,True,True,True,True,True,True,True,True,True,True,True,True
28e70a00b942f129979d73aacfbf7bcd,0.9976,12,True,True,False,True,True,True,True,True,True,True,True,True,True,True,True
2afb474b8a2ab64685b85624763d2186,0.9941,8,False,False,,True,True,,True,True,,True,True,,True,True,
61b47b9e51cba36e07b09f783d91532d,1.0,9,False,False,False,False,False,False,False,True,False,False,True,True,False,True,True
2af9958fd7f71a6e23c081bc5ea32141,0.9966,2,True,True,,True,True,,True,True,,True,True,,True,True,
713e9dcfb8f87d843735061fd6bfe1e1,0.9927,10,True,True,,True,True,,True,True,,True,True,,True,True,
d184ddaaff75a83d4d9ce5566685f125,1.0,7,True,True,True,True,True,True,True,True,True,True,True,True,True,True,True
a3d67e84fce8a7747f69e619a049f2b9,0.9961,29,False,False,False,False,False,False,False,False,False,True,True,True,True,True,True
87046e29904457e4619c87f36ff133f0,0.9976,1,True,True,True,True,True,True,True,True,True,True,True,True,True,True,True
ade13a0239469e844de6acb3f220d4b2,0.9985,1,True,True,,True,True,,True,True,,True,True,,True,True,
efbf6366dde7be4e10d52c16b61604d2,0.998,1,False,False,True,True,True,True,True,True,True,True,True,True,True,True,True
b0c57e0ed7d0bca22ad86fa554a57a0c,1.0,1,True,True,True,True,True,True,True,True,True,True,True,True,True,True,True
0ce72cb3f2222077b10a09aeab862462,1.0,4,False,False,True,True,True,True,True,True,True,True,True,True,True,True,True
d16302bbd739ffc628c49803b25c8f6e,1.0,3,False,True,True,True,True,True,True,True,True,True,True,True,True,True,True
fa7645eda32b4e6cfa5a7641e34be6b8,1.0,2,True,True,,True,True,,True,True,,True,True,,True,True,
98e48e291e82614b662dd427ed669231,1.0,8,False,True,,True,True,,True,True,,True,True,,True,True,
7e19fffce24aab1692689a26dff5f328,0.9985,8,True,True,False,True,True,False,True,True,False,True,True,False,True,True,True
d28d9cd054df9e29c622b1ec1944d013,0.999,1,True,True,,True,True,,True,True,,True,True,,True,True,
30722c9b979a324b1a9e507436496b08,0.9985,1,False,False,False,True,True,True,True,True,True,True,True,True,True,True,True
5efed3b185cd579740418a733b461740,1.0,1,False,False,,False,False,,False,True,,False,True,,False,True,
d73a01cf4394c6ce1b6f91249a590671,0.9946,23,False,False,True,True,True,True,True,True,True,True,True,True,True,True,True
a489f58a63d2317f6ff094edb3fbd55d,0.998,11,True,True,True,True,True,True,True,True,True,True,True,True,True,True,True
9298ac3ee3ca7f2d3eb2fcd739324462,1.0,12,True,True,True,True,True,True,True,True,True,True,True,True,True,True,True
86399b4152e937777cee90ee980e53c7,1.0,2,True,True,True,True,True,True,True,True,True,True,True,True,True,True,True
fa4cca3abe5e2f19f3d66fd3eafc8011,0.9995,1,False,False,False,True,True,True,True,True,True,True,True,True,True,True,True
f8d30c1e3d25ad222894f3a1a7a3eb2a,0.9941,1,False,False,,False,True,,False,True,,False,True,,False,True,
39514d7e0d952fb5735d67b878688bc8,1.0,43,False,True,False,False,True,False,False,True,True,False,True,True,False,True,True
dbb33c04baa39aa2036f66ac54d07dac,0.998,2,True,True,False,True,True,True,True,True,True,True,True,True,True,True,True
71c170ae2a1a4f99b40b9fb4850c55fb,1.0,1,True,True,,True,True,,True,True,,True,True,,True,True,
d0ee8cd5ce16c3dcf15fe70d87a7b4b5,0.9995,2,False,False,True,True,True,True,True,True,True,True,True,True,True,True,True
a0bbfb182e829dcd543eba20abe4bf13,1.0,8,True,True,True,True,True,True,True,True,True,True,True,True,True,True,True
aca560400c046d00c063af6e4596f8d5,0.999,4,True,True,True,True,True,True,True,True,True,True,True,True,True,True,True
76a43b01e1b397fed9d963f273f17a59,0.9961,10,True,True,False,True,True,False,True,True,True,True,True,True,True,True,True
42de4e368cca3ff50954f82c12dd5315,1.0,7,True,True,True,True,True,True,True,True,True,True,True,True,True,True,True
1f56ffc2734d7ef8efb20201a6700725,0.9995,1,True,True,,True,True,,True,True,,True,True,,True,True,
79e6f59a9f9e9a918479309917c34bb8,1.0,5,True,True,True,True,True,True,True,True,True,True,True,True,True,True,True
334b1d727a1edd0d17d589993ea3a1ab,0.9976,5,True,True,True,True,True,True,True,True,True,True,True,True,True,True,True
c09305c29479546a081817c3df4019cc,1.0,4,True,True,True,True,True,True,True,True,True,True,True,True,True,True,True
18e8b2bd0c2318ff13208d8febed727a,1.0,7,True,True,True,True,True,True,True,True,True,True,True,True,True,True,True
febbb96bc35744a5fc6936e547e3041c,0.9995,1,True,True,True,True,True,True,True,True,True,True,True,True,True,True,True
fd29bda0b56df34282a38393c8fbcbca,0.9946,1,True,True,True,True,True,True,True,True,True,True,True,True,True,True,True
49eabe5ac42dea1466d651d64825b6c6,0.998,2,True,True,True,True,True,True,True,True,True,True,True,True,True,True,True
08beb3b3788f0fb047aa7b0b035a64a6,0.999,1,False,True,,False,True,,True,True,,True,True,,True,True,
772c51fc3d0fb2e1bcaeda2b528c17cc,0.9961,6,True,True,False,True,True,False,True,True,True,True,True,True,True,True,True
15baec8488957bacb3136134000dc93a,0.9995,5,True,True,True,True,True,True,True,True,True,True,True,True,True,True,True
1fd28ae75bb3ec630b2de2e3430c8f1e,0.9971,6,False,False,False,False,False,True,True,True,True,True,True,True,True,True,True
3430b825e4b3a8125340b6e0f195bf98,0.9995,2,True,True,True,True,True,True,True,True,True,True,True,True,True,True,True
86d8b22d008c02c166ab930218a92e10,0.9966,7,True,True,,True,True,,True,True,,True,True,,True,True,
10378c24fd183ece5224eb4bb5980766,0.9951,23,True,True,False,True,True,True,True,True,True,True,True,True,True,True,True
c2baae149e8c7b36f47fe4bf2356f1f7,0.9858,0,False,False,,False,False,,False,False,,False,False,,False,False,
a50b9465cd3e7850eae2011497a4f41b,0.9985,13,True,True,True,True,True,True,True,True,True,True,True,True,True,True,True
dcf22aafce62a2d9046206ed47c5479e,0.9961,5,True,True,False,True,True,False,True,True,False,True,True,True,True,True,True
121322a4bdcd6f088390c57de15de7ae,0.9995,1,True,True,,True,True,,True,True,,True,True,,True,True,
1071b98661dd8853c0e46701d6b23af6,0.9966,7,False,False,False,False,False,False,True,True,True,True,True,True,True,True,True
27eca4697c28c0d2d71d89a89895ea98,0.9966,2,True,True,,True,True,,True,True,,True,True,,True,True,
6d56db03597652c712579ef83511cad9,0.999,2,False,True,True,False,True,True,True,True,True,True,True,True,True,True,True
15c6e0bf37328b13715a4ae6571a255e,0.9966,6,True,True,True,True,True,True,True,True,True,True,True,True,True,True,True
e7891537521872e90b0e0f41517de633,0.999,1,True,True,,True,True,,True,True,,True,True,,True,True,
251d66e77274e5b7d1eaf61e407f04b8,0.9976,1,True,True,,True,True,,True,True,,True,True,,True,True,
4343b6b7da6bae2055762dad082dd651,1.0,1,True,True,,True,True,,True,True,,True,True,,True,True,
91b0e901cfecbf218fbaa882071bc0ff,0.9976,17,False,False,False,True,True,True,True,True,True,True,True,True,True,True,True
f84aa5ec0c6a8702f634b0fed4bb56e0,0.9995,1,False,False,False,True,True,True,True,True,True,True,True,True,True,True,True
9cf1aa88a0fc0c5655a20cd94313b748,0.9966,9,True,True,False,True,True,True,True,True,True,True,True,True,True,True,True
725fa7e245b8733a5fc9a4224886b669,1.0,1,True,True,,True,True,,True,True,,True,True,,True,True,
5c9352f85a03deadbc046bcced83740a,0.9995,1,True,True,True,True,True,True,True,True,True,True,True,True,True,True,True
1b2f4342857d36d36a40ca1bdeb10c3c,0.9985,10,True,True,True,True,True,True,True,True,True,True,True,True,True,True,True
4a70dcab1da10b99743b8b5298cd2f6f,1.0,1,True,True,,True,True,,True,True,,True,True,,True,True,
a012a92141e089dd0e178bc46889f8bd,0.9829,0,False,False,,False,False,,False,False,,False,False,,False,False,
84e4f817f54ee2f5785d8caa8c371879,0.9995,1,True,True,,True,True,,True,True,,True,True,,True,True,
e4bf10681d4b03152f1aded69bd8e7ab,0.9995,2,True,True,,True,True,,True,True,,True,True,,True,True,
4876b86f5480b63093b5ed493010d622,0.9966,6,True,True,,True,True,,True,True,,True,True,,True,True,
02e328ecac1fdf0f63bb40991465112b,0.9829,0,False,False,,False,False,,False,False,,False,False,,False,False,
644c14744299b1aa46a195610c9f1a6f,1.0,2,False,False,,True,True,,True,True,,True,True,,True,True,
ae89ff1c2542cc18bae68e862b05609c,1.0,1,True,True,True,True,True,True,True,True,True,True,True,True,True,True,True
c574f4c451bc5662da17b3af8d5ebf44,0.9985,3,True,True,True,True,True,True,True,True,True,True,True,True,True,True,True
e12d0786351086c693d56af70d0e9234,0.9995,1,True,True,,True,True,,True,True,,True,True,,True,True,
0789f0701b19d9a2a240b29e42e64d0d,0.999,6,False,True,True,True,True,True,True,True,True,True,True,True,True,True,True
58bd12d54ddade76b08e3fc252745a97,1.0,1,True,True,,True,True,,True,True,,True,True,,True,True,
201f8219b3baeb8ce71eb8de62e49ca7,0.9956,5,True,True,False,True,True,False,True,True,True,True,True,True,True,True,True
674620811839f7b3abae4475a2cbd1fd,0.9995,2,True,True,True,True,True,True,True,True,True,True,True,True,True,True,True
d62995b61a683553373d223efcb7aeaf,0.9966,16,True,True,False,True,True,False,True,True,False,True,True,True,True,True,True
eb0ccdfb925b4aa269b4e3d6848c7b32,0.9927,15,False,False,False,True,True,True,True,True,True,True,True,True,True,True,True
495f0278f21e9c70f64f973cab973d03,0.9985,1,True,True,,True,True,,True,True,,True,True,,True,True,
9cbf0954f06d3ad4ffa822ec80a7f4af,1.0,1,True,True,,True,True,,True,True,,True,True,,True,True,
43b083f9636dbce1742a5107ad053584,1.0,1,True,True,,True,True,,True,True,,True,True,,True,True,
6e72d85c5c29aaa1b7f043f60c8515fa,0.999,2,True,True,True,True,True,True,True,True,True,True,True,True,True,True,True
e5092df44ebdb6698c9fde3cdfb19ceb,1.0,1,True,True,,True,True,,True,True,,True,True,,True,True,
96a0d03e75930560abfccfea17f4410f,0.9985,1,True,True,,True,True,,True,True,,True,True,,True,True,
08d10673b70f3d8b078a149a25d94b19,1.0,2,True,True,,True,True,,True,True,,True,True,,True,True,
8b07adb150b7469eafc89ddb46a9bef2,1.0,1,True,True,True,True,True,True,True,True,True,True,True,True,True,True,True
8d941eda8589ac6399b9a5eea473711c,1.0,2,True,True,True,True,True,True,True,True,True,True,True,True,True,True,True
4708a77110c6f82083fb0f0e64026556,1.0,19,True,True,True,True,True,True,True,True,True,True,True,True,True,True,True
f2a6e7637c20fbb79c069489fc527053,0.999,1,True,True,,True,True,,True,True,,True,True,,True,True,
71759382cfc2547ea9f6f84a1c2bff86,0.999,7,False,True,False,True,True,True,True,True,True,True,True,True,True,True,True
fcd440ee90ed7a838d67a52025c2c7d6,0.9971,1,True,True,,True,True,,True,True,,True,True,,True,True,
160417c8184691818a991a146e5402d7,0.998,2,True,True,True,True,True,True,True,True,True,True,True,True,True,True,True
be3beb705ba2502ce1c0a3ac0b24feb3,0.9966,10,True,True,False,True,True,True,True,True,True,True,True,True,True,True,True
c68beead78f4f3b46f10ea9998c1bff7,0.9912,6,False,True,,True,True,,True,True,,True,True,,True,True,
60ec6b41425f294ba92e7b2f8cc23289,0.9849,0,False,False,,False,False,,False,False,,False,False,,False,False,
75ae184615957ea74819e0710296a493,1.0,1,True,True,,True,True,,True,True,,True,True,,True,True,
920fe236cb3d2ec76bfac976e7f3878f,0.998,1,False,False,,True,True,,True,True,,True,True,,True,True,
0bc59e74450baf62ec83784e80a61aa5,0.9976,2,False,False,False,False,False,False,True,True,True,True,True,True,True,True,True
0674e7934525d446c54c31dc9b8e33d5,0.9927,0,False,False,,False,False,,False,False,,False,False,,False,False,
2d0678b27e5d621f7d924530fa929c26,0.9971,22,False,True,False,False,True,False,True,True,False,True,True,False,True,True,False
68a7e86d20300d64c5acb88a9021e2f4,0.9995,2,True,True,,True,True,,True,True,,True,True,,True,True,
22fa460af93a84061844f0660d43797e,1.0,1,True,True,,True,True,,True,True,,True,True,,True,True,
b1a12be5e88edf77bfaef78dd01159eb,1.0,2,True,True,False,True,True,True,True,True,True,True,True,True,True,True,True
5842b861c82007643d496c3860a149f9,0.9966,4,True,True,True,True,True,True,True,True,True,True,True,True,True,True,True
065262b748557031f638872e76923c72,1.0,1,True,True,,True,True,,True,True,,True,True,,True,True,
930364fee1f4684984efec7eacc41f85,0.999,4,True,True,True,True,True,True,True,True,True,True,True,True,True,True,True
e8bb8d9f0ab19588ba970ec5b20a7319,0.999,3,True,True,True,True,True,True,True,True,True,True,True,True,True,True,True
36f3b6d6951a802a6906a07bed8168bb,0.9795,0,False,False,,False,False,,False,False,,False,False,,False,False,
8f9fe5d435f9b6b90c0bf2e7055bdb82,0.9946,8,False,False,,False,False,,True,True,,True,True,,True,True,
add6ee5276913213598665852c4b08fb,0.9995,5,False,False,True,True,True,True,True,True,True,True,True,True,True,True,True
e16f67ce9c9a6f842af7e459ca1d6239,0.9985,6,False,False,True,True,True,True,True,True,True,True,True,True,True,True,True
c04f2aa72eb5915198cc74dedbb985ea,0.9976,6,True,True,False,True,True,False,True,True,False,True,True,False,True,True,False
6eca1e8c47d098b26976cba1c2bfdfb8,0.9941,2,False,True,True,False,True,True,False,True,True,False,True,True,False,True,True
c040c750c7a9e9bdd14a5ee18b3c3b5b,0.9985,3,True,True,True,True,True,True,True,True,True,True,True,True,True,True,True
f4e4eee188c4e5fb2a3b609a95f7036c,0.999,1,True,True,,True,True,,True,True,,True,True,,True,True,
8e7bd1c2bef6cba75457c867bea7fec1,0.9995,1,True,True,,True,True,,True,True,,True,True,,True,True,
eec9b8156043e0a6af0911723613a3da,0.9971,8,False,True,False,True,True,False,True,True,False,True,True,False,True,True,False
9a6c73fde0a30dc54868fac28b4fc86f,1.0,2,True,True,,True,True,,True,True,,True,True,,True,True,
c19a1c0bb75e671f02df2cbb306949d9,0.9985,1,False,False,True,False,False,True,True,True,True,True,True,True,True,True,True
614e12aec73ab6030db3c1a7f5141bba,0.9995,2,True,True,,True,True,,True,True,,True,True,,True,True,
912c0c0d10313d835d3cd85636e51854,0.999,1,False,False,,False,False,,True,True,,True,True,,True,True,
5ed692eda11eb0a2b9db26ccfdc1eee7,0.9995,3,True,True,False,True,True,True,True,True,True,True,True,True,True,True,True
eae7dab14a3fcdc218d112865f01940b,0.9971,19,True,True,False,True,True,False,True,True,False,True,True,True,True,True,True
ac88022abe88b69c50f8c064630c5ff2,0.9956,1,False,True,,True,True,,True,True,,True,True,,True,True,
613a529206f7a8428ca4bb000c908d35,1.0,1,True,True,,True,True,,True,True,,True,True,,True,True,
75d80c6719572b77733668a43dddaa60,0.9971,2,False,False,True,True,True,True,True,True,True,True,True,True,True,True,True
a777d4d917d8136a45eebcd830b6e5f4,0.9985,1,True,True,True,True,True,True,True,True,True,True,True,True,True,True,True
e7a9beba4bfa0731ea9d0fa90bb065e3,0.9956,2,False,False,True,False,False,True,False,False,True,False,False,True,False,False,True
6552ab56103eaf5a3eb1e9b2f45e8ee7,1.0,2,True,True,True,True,True,True,True,True,True,True,True,True,True,True,True
bc073931df610b4c23a592ffb53b2238,1.0,7,True,True,True,True,True,True,True,True,True,True,True,True,True,True,True
9556ed629add12bf69d350023ce028dd,0.999,3,True,True,True,True,True,True,True,True,True,True,True,True,True,True,True
ae47cfe63095fcaf0afb228c7502cb66,1.0,1,True,True,,True,True,,True,True,,True,True,,True,True,
b751d80405d63e383de7ea09a7e2dcfd,0.9976,1,False,False,,True,True,,True,True,,True,True,,True,True,
a2bed1579fba6884369c1b3173330800,0.9956,22,False,False,False,True,True,True,True,True,True,True,True,True,True,True,True
3d94d8b70e7c5bf96bbb6b29f432ec1b,0.998,2,True,True,True,True,True,True,True,True,True,True,True,True,True,True,True
3c8c974e9e9f2247fedc8b66253b5774,1.0,1,True,True,True,True,True,True,True,True,True,True,True,True,True,True,True
647927aceecdb8d63c0647ad64f33531,1.0,2,True,True,True,True,True,True,True,True,True,True,True,True,True,True,True
4c9b3fff08afb1135eafe0f7c7438032,0.9995,1,True,True,,True,True,,True,True,,True,True,,True,True,
ac96db42031919a640395a42626c4cfe,1.0,1,True,True,,True,True,,True,True,,True,True,,True,True,
1209cd9553a668c3c0e9ea29050fd3a1,0.9985,5,True,True,,True,True,,True,True,,True,True,,True,True,
13c192d50cff7e65ab17657c4769d790,1.0,1,True,True,True,True,True,True,True,True,True,True,True,True,True,True,True
b6bae6e1c31423a1dfd8b925ac173939,0.9937,1,False,False,False,False,False,True,False,False,True,False,False,True,False,False,True
ccd295e3a04fb7bb78f97b49d1d76562,1.0,1,True,True,,True,True,,True,True,,True,True,,True,True,
1e3f1ba7e9eb6d326f7f7ea4792b1680,0.9971,8,True,True,,True,True,,True,True,,True,True,,True,True,
44ed1a1eb3ed2fe963e32f2d9591f332,1.0,2,True,True,,True,True,,True,True,,True,True,,True,True,
4f991b9a87b25e13c75f8eb888f9f7be,0.9932,6,True,True,False,True,True,True,True,True,True,True,True,True,True,True,True
499282a32d639ab44b7dc14af1e71965,0.999,18,True,True,True,True,True,True,True,True,True,True,True,True,True,True,True
147c28a497af9f823da70571c88b5ebe,0.999,5,False,True,False,True,True,True,True,True,True,True,True,True,True,True,True
cca5f50c3116400e50fe7a3e7a0be852,0.9995,8,True,True,True,True,True,True,True,True,True,True,True,True,True,True,True
432a02504adb954775f641117e6d7b14,1.0,1,True,True,,True,True,,True,True,,True,True,,True,True,
a36b617c346af9dc1b8b18938adc2fc9,1.0,1,True,True,,True,True,,True,True,,True,True,,True,True,
dbecc9e8493f9f9f3816c44467a0b7d4,1.0,1,True,True,True,True,True,True,True,True,True,True,True,True,True,True,True
f4dd561d786dd46b9cb84eab6594d632,0.9961,9,True,True,True,True,True,True,True,True,True,True,True,True,True,True,True
350764427a7e15d2e95ee77951ea5c6c,0.9927,15,False,False,False,True,True,True,True,True,True,True,True,True,True,True,True
e335570f65a3bc3a849f355ac1698181,1.0,2,True,True,,True,True,,True,True,,True,True,,True,True,
70bc60bf6b649f62bb1ee7538331006f,0.9976,3,True,True,False,True,True,True,True,True,True,True,True,True,True,True,True
6f5c69090502aa2182ea4a5a24b1cc94,0.9941,15,False,False,False,False,False,True,False,False,True,False,True,True,False,True,True
5bbe2a5a01c16cb8363953430baaea87,0.9951,5,False,False,,False,False,,False,False,,False,False,,False,False,
dfc8c6977754afac6bdc71718f2a7910,0.9888,18,True,True,False,True,True,False,True,True,False,True,True,True,True,True,True
4079dc43f1ee0b0433df1aaaafba110d,0.9946,9,True,True,False,True,True,False,True,True,True,True,True,True,True,True,True
2d2be8e2152e95e0f171c4b66568e6f9,1.0,1,True,True,,True,True,,True,True,,True,True,,True,True,
b42de67c23c492ca5f7c49025c6364a4,0.999,5,True,True,True,True,True,True,True,True,True,True,True,True,True,True,True
f50dbd67a45eb3d4ad799c04f77b900d,0.999,1,True,True,True,True,True,True,True,True,True,True,True,True,True,True,True
bda11f81d4705f02ac8558b96bff4e28,0.9932,2,False,False,,False,False,,False,False,,False,False,,False,False,
e8279b17fcbd61e4b105b0a3d872b567,0.9976,20,False,True,True,False,True,True,False,True,True,False,True,True,True,True,True
f961fc7bc93cdc2692d05871d6ef0296,0.9951,20,True,True,False,True,True,False,True,True,True,True,True,True,True,True,True
d83c0d8fbc6ae1fe1c0dd12cbea1833a,0.9966,2,False,False,,False,False,,False,True,,False,True,,True,True,
db4543063a7cc4847ca4914a1f3f4611,0.9985,1,True,True,True,True,True,True,True,True,True,True,True,True,True,True,True
7d92b18666da2334d7051a3a9791dc97,1.0,2,True,True,True,True,True,True,True,True,True,True,True,True,True,True,True
e9300c9ad8d48efb516b90fddffeff2e,0.9995,12,True,True,True,True,True,True,True,True,True,True,True,True,True,True,True
e367941e1e567e6ca872d51930564433,0.9995,1,True,True,True,True,True,True,True,True,True,True,True,True,True,True,True
489ebda75c9174b8e7ad565ac0f52b97,0.9976,1,True,True,,True,True,,True,True,,True,True,,True,True,
5b6a595a6fc20f9f06cf625ed712d163,1.0,1,True,True,,True,True,,True,True,,True,True,,True,True,
9d39b90a86fcc29202f4775515a05146,0.9956,5,False,False,False,False,False,False,False,True,False,True,True,False,True,True,True
520df833871a8a531033d90f108d61a3,0.9985,1,False,False,True,False,False,True,True,True,True,True,True,True,True,True,True
7dcd8f2c853c664b258593426d4590c3,1.0,1,True,True,True,True,True,True,True,True,True,True,True,True,True,True,True
c1e12e70c3095cd1b1091f534242abd3,0.999,1,True,True,,True,True,,True,True,,True,True,,True,True,
ee4416ea3d6750d9a8586868330f1ff6,0.9966,1,True,True,,True,True,,True,True,,True,True,,True,True,
c3f093ce4164155c9b0f097a9ae7de70,0.998,3,False,False,False,False,True,False,False,True,True,False,True,True,True,True,True
18b7af5d1e7696bb8cd541bdde042b51,0.9971,2,False,False,,True,True,,True,True,,True,True,,True,True,
dbdb30396825379c82448fee2cbe497e,0.9922,5,False,True,,True,True,,True,True,,True,True,,True,True,
c17efdeaa645dec7b8f314690d1b9160,1.0,3,False,False,True,True,True,True,True,True,True,True,True,True,True,True,True
d6ede5314f1108426fbd0e2612d334d0,0.9956,1,False,False,,True,True,,True,True,,True,True,,True,True,
421b4676c5bde303e399360e708db7fc,0.998,1,False,False,False,False,False,False,True,True,True,True,True,True,True,True,True
0b5f1332724e9f07873bad86a8fbc029,0.9956,14,True,True,,True,True,,True,True,,True,True,,True,True,
05ced7360de47d5d168d5e800766013b,0.999,1,False,False,,False,False,,False,False,,False,False,,True,True,
a8f1172cd5341236c5e2a3ced113b0b2,0.999,1,True,True,,True,True,,True,True,,True,True,,True,True,
dec21d55511b3673e457876cc2797df6,1.0,2,True,True,True,True,True,True,True,True,True,True,True,True,True,True,True
b87169030deed04dc4b504c53964ffbe,1.0,2,True,True,True,True,True,True,True,True,True,True,True,True,True,True,True
597e0e7e460f5d0be7030d9da9e27e58,0.9971,3,True,True,False,True,True,True,True,True,True,True,True,True,True,True,True
36822e5c96ad047bd5a4d78c9ebfe7f6,0.998,3,True,True,False,True,True,True,True,True,True,True,True,True,True,True,True
51eeae8786b6b3388d60ae581c58d45e,1.0,3,True,True,True,True,True,True,True,True,True,True,True,True,True,True,True
b21e9a2a1e6186cdab5d075a2e3bdeba,0.9966,16,True,True,True,True,True,True,True,True,True,True,True,True,True,True,True
fb282bece926443e2ce880ef4c696c6e,0.999,1,True,True,True,True,True,True,True,True,True,True,True,True,True,True,True
df20ccfbfc0741ee313d9e9433dbac01,0.9976,1,True,True,True,True,True,True,True,True,True,True,True,True,True,True,True
b488bf12e36de9f37c9b3da1febf2c3e,0.9961,9,True,True,,True,True,,True,True,,True,True,,True,True,
e47e7a777e94141d9ca4d03a24c43c22,0.9961,10,True,True,True,True,True,True,True,True,True,True,True,True,True,True,True
331b2c7da556a639972cc9b2d8a31aa8,0.998,2,False,False,,True,True,,True,True,,True,True,,True,True,
89c962e2643e3c9af6fa5614a3e57003,1.0,2,True,True,,True,True,,True,True,,True,True,,True,True,
6cec0bfed5ae5027a2002e200c4f71eb,0.999,2,False,False,False,False,False,True,True,True,True,True,True,True,True,True,True
3b54387c342aed1bbfc6586fdf74ffc6,1.0,1,True,True,,True,True,,True,True,,True,True,,True,True,
66d2801e670d80e47a383b655213cf55,0.9956,23,False,True,True,False,True,True,True,True,True,True,True,True,True,True,True
4fdb441ce30cb8a04ddd4c7b24e39ae2,0.9995,1,False,False,False,True,True,True,True,True,True,True,True,True,True,True,True
5645208dbd4272e443c0bfd58a60b9b9,0.9956,5,True,True,True,True,True,True,True,True,True,True,True,True,True,True,True
4c377ed4a13484a07dffc1121a98a02c,0.999,3,True,True,True,True,True,True,True,True,True,True,True,True,True,True,True
cdfbfbaaeefc8ad48995e3953a7ed409,0.9961,9,True,True,True,True,True,True,True,True,True,True,True,True,True,True,True
cb3f42ad378ddeda014d895db355586b,1.0,6,True,True,True,True,True,True,True,True,True,True,True,True,True,True,True
a8615f5ca1d297895cc840a75212b907,1.0,2,True,True,,True,True,,True,True,,True,True,,True,True,
5dfb2d1578133ad81a110967e7c71462,1.0,2,True,True,True,True,True,True,True,True,True,True,True,True,True,True,True
566e2121e9bd3188a5c29f9c55607760,1.0,1,True,True,,True,True,,True,True,,True,True,,True,True,
8359901a562b0b0642e0383e8fb12566,0.9985,1,False,False,,True,True,,True,True,,True,True,,True,True,
1fe612d44adcd7a6a0efbc7ad770fb38,0.9966,1,False,True,,True,True,,True,True,,True,True,,True,True,
79e2b6d098bc24e051a82e3d618d416f,1.0,4,True,True,True,True,True,True,True,True,True,True,True,True,True,True,True
d883b22e464393102af5c3372d061397,0.9956,15,True,True,False,True,True,True,True,True,True,True,True,True,True,True,True
36a66f4e2ef60675b52417bd1ef5d23f,1.0,1,True,True,True,True,True,True,True,True,True,True,True,True,True,True,True
25668c0238f943ae425391ec3054a4d0,1.0,4,True,True,True,True,True,True,True,True,True,True,True,True,True,True,True
3ec5ac546f36cb0a6d6b41ea94437fd6,1.0,8,True,True,True,True,True,True,True,True,True,True,True,True,True,True,True
666b0c3f75da615166898be90c200697,0.998,5,True,True,False,True,True,True,True,True,True,True,True,True,True,True,True
58a2d5b3e1ddfcaf493f61028578cc92,0.9985,1,False,False,,False,False,,False,False,,False,False,,False,False,
7380f2dbd0ed772394d1ec7413371fd5,0.9966,2,False,True,True,True,True,True,True,True,True,True,True,True,True,True,True
8f6e77dd37d82d5d60ee21867f52f9e4,1.0,1,True,True,,True,True,,True,True,,True,True,,True,True,
49eeeeee727d06a37cada5eee00468b5,0.9985,3,True,True,,True,True,,True,True,,True,True,,True,True,
ce3debe377068d91443c07c23728742c,1.0,1,True,True,,True,True,,True,True,,True,True,,True,True,
137dec98118422e728bd109bffafd4bb,0.9902,23,False,True,False,True,True,True,True,True,True,True,True,True,True,True,True
46fcb071239921902d1df130f863599c,0.9961,1,True,True,,True,True,,True,True,,True,True,,True,True,
29ffed0e67cdfb55f16960a8f8428cb5,0.999,11,True,True,False,True,True,True,True,True,True,True,True,True,True,True,True
e8a98ce984ee0d66515ea055e525930b,0.999,2,True,True,,True,True,,True,True,,True,True,,True,True,
99d2491ca9702e5053cb6e62d0349555,1.0,1,True,True,,True,True,,True,True,,True,True,,True,True,
df24931eef177828ec0d0b347ec6cf02,0.9775,0,False,False,,False,False,,False,False,,False,False,,False,False,
534be7183f24b21ccc3a792f5c7e5169,0.9971,19,True,True,False,True,True,True,True,True,True,True,True,True,True,True,True
ffa712fb62fa7468337cc7e0f0c527c3,1.0,1,False,False,True,True,True,True,True,True,True,True,True,True,True,True,True
b6b373e4adb9c081da6a2499547960c7,1.0,2,True,True,,True,True,,True,True,,True,True,,True,True,
8067fd3f7aedca5f755d76ba6d001ecc,1.0,3,True,True,,True,True,,True,True,,True,True,,True,True,
341ffe203147e821ef8fc61a221e53eb,0.999,1,True,True,,True,True,,True,True,,True,True,,True,True,
da9b9d254bc05bd32ff186a046fedf37,0.9961,1,False,False,,False,False,,False,True,,False,True,,True,True,
6cd824d1e0974fbbf83448af65c0def7,0.9995,1,True,True,,True,True,,True,True,,True,True,,True,True,
3e198207b81e382d6209c129373e9d60,0.9966,2,True,True,,True,True,,True,True,,True,True,,True,True,
3038f96d4805d0546256c1e7766247e0,0.9956,14,True,True,False,True,True,True,True,True,True,True,True,True,True,True,True
37376f3bdaca3bbd8c0eabde3b65c9a8,1.0,2,True,True,True,True,True,True,True,True,True,True,True,True,True,True,True
b8787a09e2e26dcf154557d3ad66ea8d,0.9995,1,True,True,,True,True,,True,True,,True,True,,True,True,
84f0bed445af5694e5b98998ffde30a8,1.0,2,True,True,True,True,True,True,True,True,True,True,True,True,True,True,True
9b0365b5a27348e323235f03eb91b153,1.0,1,True,True,,True,True,,True,True,,True,True,,True,True,
fab2c4c54cd5034675223cf06e3eb8c2,0.999,3,False,False,False,False,False,False,False,False,False,False,False,False,False,False,False
5921e25af2acb3d6f297ce40e0373ecd,0.998,1,True,True,,True,True,,True,True,,True,True,,True,True,
c4a386b001291fa4bda56b6eb40173b6,0.9912,6,False,False,,False,False,,False,False,,True,True,,True,True,
110f5c1e92f18f2cdc7af78a035555a7,0.9995,1,True,True,,True,True,,True,True,,True,True,,True,True,
0c4b95d668645a2a85addfe2f084b6f2,1.0,2,True,True,,True,True,,True,True,,True,True,,True,True,
d940283de678b9ef93da553438afcd90,1.0,4,True,True,,True,True,,True,True,,True,True,,True,True,
2e4e10f885aac2233d05e4b46571c20d,1.0,1,True,True,True,True,True,True,True,True,True,True,True,True,True,True,True
7f52ee67403fedcc4a7ddae34cd0e7a4,0.9995,1,True,True,True,True,True,True,True,True,True,True,True,True,True,True,True
f2898c48280ac39868a2fa71eb0211f3,0.9966,12,False,True,False,False,True,False,False,True,False,False,True,False,False,True,False
3e8c3a8b8d144e5a10adb57a7cc517da,0.998,1,False,True,,True,True,,True,True,,True,True,,True,True,
f453adbb26cf3d1efef5c3629bbf654d,0.9995,20,True,True,True,True,True,True,True,True,True,True,True,True,True,True,True
a372cf10657d0756778992bacff2d706,0.9966,13,False,True,False,False,True,False,False,True,False,False,True,True,False,True,True
245b33b8928a2d472035cfcc336caddb,0.9985,0,False,False,,False,False,,False,False,,False,False,,False,False,
e587cd60e62e6c08ac653bef4e935304,0.9976,1,False,True,,False,True,,True,True,,True,True,,True,True,
781af70eed8b17d285d44f49d836a48e,0.9956,1,False,False,True,True,True,True,True,True,True,True,True,True,True,True,True
1fe5ac555eb14e8844d872f1061c429f,0.9995,7,True,True,True,True,True,True,True,True,True,True,True,True,True,True,True
8d1e64ee4aa50278de70ddd89e5c3665,1.0,1,True,True,,True,True,,True,True,,True,True,,True,True,
92862fbe6ff344c8964156b2a0b424cc,0.9858,0,False,False,,False,False,,False,False,,False,False,,False,False,
5ef194c523178b714e804757a3218c3a,1.0,1,True,True,,True,True,,True,True,,True,True,,True,True,
4b3f93408aee639f8a0d3499050b9ff3,0.9985,1,False,False,True,True,True,True,True,True,True,True,True,True,True,True,True
b5a4aad370e78b9f833c9424031c44ec,0.9995,5,False,False,True,True,True,True,True,True,True,True,True,True,True,True,True
3196bc82f5a5ddf5efff5dfd48579b60,1.0,1,True,True,True,True,True,True,True,True,True,True,True,True,True,True,True
7f26e242060257e98029fcaad8b88db9,0.9971,1,True,True,True,True,True,True,True,True,True,True,True,True,True,True,True
1e37d3623e8679bea135824898326438,0.9946,31,True,True,False,True,True,True,True,True,True,True,True,True,True,True,True
de1e619dc7f15e1df4639581d8f08666,1.0,1,True,True,,True,True,,True,True,,True,True,,True,True,
2f94ec758afccdb570dcc9fd5080e5c4,0.9995,6,True,True,True,True,True,True,True,True,True,True,True,True,True,True,True
9e2b122adf540f378ae4674b70ffa70d,0.9961,2,True,True,,True,True,,True,True,,True,True,,True,True,
a4c97d72a3ac2b7c1435c56721a3aa1a,1.0,2,True,True,,True,True,,True,True,,True,True,,True,True,
97d46cb66b426e54414d29f5c60c740a,0.999,1,False,False,False,True,True,True,True,True,True,True,True,True,True,True,True
7fea81a0fb9031b1aa53e4dcc0334bf4,0.9956,6,True,True,True,True,True,True,True,True,True,True,True,True,True,True,True
6322c84c5ee6585bf9973a931d8f279d,0.9995,1,True,True,,True,True,,True,True,,True,True,,True,True,
831cff0214f7446fab90ddfedf7bfcee,0.999,3,True,True,True,True,True,True,True,True,True,True,True,True,True,True,True
17e2d5f6e5fc504e01e29c78e545e138,0.999,7,True,True,,True,True,,True,True,,True,True,,True,True,
8ca8a2ee539e5a54b184bbf80e861033,0.9961,28,False,True,False,True,True,True,True,True,True,True,True,True,True,True,True
8bbcf048be9561d00c6ed8f597643925,1.0,22,False,False,False,False,True,True,False,True,True,True,True,True,True,True,True
fd932f10265b9729b3972ed5cdce8a0d,1.0,2,True,True,True,True,True,True,True,True,True,True,True,True,True,True,True
5bfd0607c1130b2ea95261361ed0aaf1,1.0,2,True,True,True,True,True,True,True,True,True,True,True,True,True,True,True
593b39ccba286d62eba7872e07c45354,0.8989,0,False,False,,False,False,,False,False,,False,False,,False,False,
d6a202591a42fa999f25af7a7aefcffd,0.9995,1,True,True,,True,True,,True,True,,True,True,,True,True,
608bdffdf9263f1b123d069d10e69f9a,0.9893,0,False,False,,False,False,,False,False,,False,False,,False,False,
5022c2e85eb7347a496e69b612b21ce1,1.0,1,True,True,,True,True,,True,True,,True,True,,True,True,
8a08f279c5533390e6b47c6969ed7d82,0.9971,5,True,True,True,True,True,True,True,True,True,True,True,True,True,True,True
ce8d585abe69c46ac0fba61726d046c5,0.9971,16,True,True,True,True,True,True,True,True,True,True,True,True,True,True,True
e4e59d9f49c532675b55e61340b2179e,0.9976,12,True,True,True,True,True,True,True,True,True,True,True,True,True,True,True
3547314cbc17e38fbaed69287ddb4f31,0.998,1,True,True,True,True,True,True,True,True,True,True,True,True,True,True,True
7fd8ef977c4177cf2c4c536310a8f19f,0.9956,10,False,False,False,False,False,False,False,False,True,True,True,True,True,True,True
2780b1a1535644ef954b37c0be366f13,0.9897,25,False,False,False,False,False,False,False,False,False,False,True,False,False,True,False
403445d403772ea7701cd01368da5a56,0.9951,23,False,True,False,False,True,False,True,True,True,True,True,True,True,True,True
88dc6547deddeb8ca981c592f965d014,1.0,5,True,True,True,True,True,True,True,True,True,True,True,True,True,True,True
5bd95b851799d453c141b62c55e27ef4,0.999,2,True,True,,True,True,,True,True,,True,True,,True,True,
ddb21bd22519316c9c3bf922a9a8e816,1.0,1,True,True,True,True,True,True,True,True,True,True,True,True,True,True,True
343639260e5a553a449c040a58953f9a,1.0,5,False,False,False,False,False,False,False,True,False,False,True,False,True,True,True
4d5eeba41b7a507f54023d01ce1fb31a,0.9976,5,True,True,True,True,True,True,True,True,True,True,True,True,True,True,True
9f34b6a04f6d30d61947a02265404b17,0.999,1,True,True,,True,True,,True,True,,True,True,,True,True,
5881e5969b9c5cced797ab5e237049b4,0.9995,6,True,True,True,True,True,True,True,True,True,True,True,True,True,True,True
12d48d4e5b03a44eb1e1c7c2bb216348,1.0,5,True,True,True,True,True,True,True,True,True,True,True,True,True,True,True
dbec03fc66ff2c2d4e6b089d27824139,1.0,2,True,True,True,True,True,True,True,True,True,True,True,True,True,True,True
bb69e4aeb1c42e1919594f9e9823a7b9,0.9956,8,True,True,False,True,True,False,True,True,False,True,True,False,True,True,False
25345b8ad2ecd33d152d19f3c03992b4,0.9976,1,False,False,,False,False,,False,True,,False,True,,False,True,
eb41af02b18dc957ef593cfd11261be5,1.0,4,True,True,True,True,True,True,True,True,True,True,True,True,True,True,True
f687f9aecd37880d471fc69c13c4f256,0.9966,21,True,True,True,True,True,True,True,True,True,True,True,True,True,True,True
8b78ca8c5e127e820c9561e10c9f19c2,0.9897,5,False,True,,False,True,,False,True,,False,True,,False,True,
e57525faafab45f4f99be57ab69faabd,0.9976,8,True,True,False,True,True,True,True,True,True,True,True,True,True,True,True
717aff2a74550554098682047fb9830c,0.9971,1,True,True,,True,True,,True,True,,True,True,,True,True,
d5ed9ff1b4b6861428e0eb93d8b2c3a1,0.999,2,True,True,True,True,True,True,True,True,True,True,True,True,True,True,True
daec04577d1843ad73efa35de1d48151,1.0,1,True,True,True,True,True,True,True,True,True,True,True,True,True,True,True
07f46149c04b861915fa32dc8104b022,0.9985,1,False,False,False,False,False,False,False,False,True,False,False,True,False,False,True
96e13bb8e776c83458e2b282cd3e44e0,0.9995,13,False,False,True,True,True,True,True,True,True,True,True,True,True,True,True
954d0e6f5e93a9f23198c807840314bd,0.9995,12,True,True,,True,True,,True,True,,True,True,,True,True,
ca532c83e87eb3e76511a71e9abf28c2,0.9956,6,True,True,True,True,True,True,True,True,True,True,True,True,True,True,True
8924705b2ac86db54622adeba1d6bba1,1.0,2,True,True,,True,True,,True,True,,True,True,,True,True,
97c2c7e8cc5a28811906eda58edb16ec,1.0,1,True,True,True,True,True,True,True,True,True,True,True,True,True,True,True
62b0ef9d072b7772ca3958f821bc1c49,0.998,3,True,True,True,True,True,True,True,True,True,True,True,True,True,True,True
06e03c616890e7dd3b607e7605fda9be,1.0,5,True,True,True,True,True,True,True,True,True,True,True,True,True,True,True
5f452e591d65c3a4fee53f0cc354ea72,0.9985,1,True,True,,True,True,,True,True,,True,True,,True,True,
172df84126559d3703a3b6184b45a0ee,0.9932,0,False,False,,False,False,,False,False,,False,False,,False,False,
1a3a64b0c16fb7daa275ec71dd81b701,1.0,2,True,True,True,True,True,True,True,True,True,True,True,True,True,True,True
54361a7cbec36835157cc4e00336e464,0.9956,6,False,False,,False,False,,False,False,,False,True,,False,True,
918eaaa2a8ed889d1ab21eb87b880779,0.9932,31,False,False,False,False,True,False,False,True,False,False,True,False,False,True,False
211c2bf941e5c4e05078cf20a194b0be,1.0,1,True,True,,True,True,,True,True,,True,True,,True,True,
87b489a37616c28af2c28eda4b45fb8b,1.0,9,True,True,True,True,True,True,True,True,True,True,True,True,True,True,True
8102b0f64f0661286e71a73878df9ce7,1.0,1,True,True,,True,True,,True,True,,True,True,,True,True,
493cc79d93c8003efb9369ab256e65f4,0.9956,15,False,False,False,False,False,False,False,False,False,False,True,False,False,True,False
9f6f938a15e4f288092b39efae6698de,0.9985,3,False,False,True,True,True,True,True,True,True,True,True,True,True,True,True
fef03d7c4d744b68dd3c6c56bfd5c256,0.998,1,False,True,True,False,True,True,True,True,True,True,True,True,True,True,True
4e73d26557436d233aea34f6a5371895,0.9961,14,False,True,False,True,True,True,True,True,True,True,True,True,True,True,True
dd6cd878e1ac746a5df199e3ea0152a2,1.0,1,True,True,,True,True,,True,True,,True,True,,True,True,
d3648f626f4aadacf25eb043bdc62c58,0.9858,0,False,False,,False,False,,False,False,,False,False,,False,False,
b0ec891a9cead40f58935f40fa9a1b9a,1.0,2,True,True,False,True,True,True,True,True,True,True,True,True,True,True,True
2389f5000634184ae381b8e579934c4b,1.0,2,True,True,True,True,True,True,True,True,True,True,True,True,True,True,True
e1d4180c0091e155509f14fcbdb541ae,0.9927,23,False,True,False,True,True,False,True,True,False,True,True,False,True,True,False
470a368a6807b4a2d6a56ff427742e09,0.9946,7,False,True,False,False,True,True,False,True,True,True,True,True,True,True,True
8dcc2c0ebe2c9f41761691937e854ac8,0.9995,2,False,True,,True,True,,True,True,,True,True,,True,True,
685a06c480c8512cad2bba3e5b066bdb,1.0,2,True,True,False,True,True,True,True,True,True,True,True,True,True,True,True
4caeeec76b63970fd73a62f3d9c522ef,0.9941,1,False,False,,True,True,,True,True,,True,True,,True,True,
9293b23be2addc4c8910fbe977237c46,0.9976,1,False,False,,False,True,,False,True,,False,True,,False,True,
e3083a5858ffbe913e0c1a70a8cf6919,0.9976,15,False,False,False,False,False,False,False,True,True,True,True,True,True,True,True
14816bf58b22a8172bb1d6a7f78f06f2,0.9976,21,False,True,False,True,True,True,True,True,True,True,True,True,True,True,True
822e596ebee53d4dcd5ffe3e26ec43d4,0.9922,0,False,False,,False,False,,False,False,,False,False,,False,False,
c74a800e896402acb88ee96173c56d80,1.0,2,True,True,True,True,True,True,True,True,True,True,True,True,True,True,True
9591914f1b4272813c5d24f968e4ca81,1.0,1,True,True,,True,True,,True,True,,True,True,,True,True,
bc96db08da9a54e69f83357f2429e767,0.9995,1,True,True,,True,True,,True,True,,True,True,,True,True,
7a94ab2d3edd2d5f1b14fb97b8227aab,1.0,2,True,True,True,True,True,True,True,True,True,True,True,True,True,True,True
7e614d8925e124b39916f22fdeb64c3f,1.0,2,True,True,True,True,True,True,True,True,True,True,True,True,True,True,True
5b2c9996f39f03a22f551c353da1d3ed,1.0,2,True,True,True,True,True,True,True,True,True,True,True,True,True,True,True
36a65735bd9508c5f7a66dc84dd3f8c6,0.998,1,False,False,True,False,False,True,False,False,True,False,False,True,True,True,True
dc8477df0245e1b7cf2151a6066f204a,0.9966,11,False,False,False,True,True,False,True,True,False,True,True,True,True,True,True
1f42391a983ba3af940e541d110a8432,0.9868,0,False,False,,False,False,,False,False,,False,False,,False,False,
a5a1519fb2b6c41d9cbc7937a35a9e32,0.999,11,True,True,True,True,True,True,True,True,True,True,True,True,True,True,True
e00f85cb3452e37943500e86afb268f4,1.0,12,True,True,True,True,True,True,True,True,True,True,True,True,True,True,True
1352ecafaa4f51b95bedc9b026136ba0,0.999,2,False,False,False,True,True,True,True,True,True,True,True,True,True,True,True
6ebabe5be540e1304e1262781c30bbe5,0.9976,1,True,True,True,True,True,True,True,True,True,True,True,True,True,True,True
e33914420d19e3dcbaf511090df6d385,0.9829,10,False,False,False,False,False,False,False,False,False,False,False,False,False,True,False
c2229c40838cb5aa067cdcab26a4d0bd,1.0,7,True,True,True,True,True,True,True,True,True,True,True,True,True,True,True
1eac8ec4812f4ed7bfd8387a38bdba1f,0.9985,4,True,True,False,True,True,True,True,True,True,True,True,True,True,True,True
659345ab0b295a524c8158295f1b7e49,1.0,18,True,True,True,True,True,True,True,True,True,True,True,True,True,True,True
5e08663561b972be66344edb87da4e3d,1.0,1,True,True,,True,True,,True,True,,True,True,,True,True,
0f97c220b579e7f247036ed1adce5afc,0.999,4,False,False,True,True,True,True,True,True,True,True,True,True,True,True,True
26c822a9da99f48bc5eabddbeda2a1e8,0.9995,0,False,False,,False,False,,False,False,,False,False,,False,False,
87e8ae9b41dbcd0ad54be2513a8f7489,0.998,2,True,True,,True,True,,True,True,,True,True,,True,True,
7ee5506b56675190c1b39ceb2fef6b12,0.9966,4,False,False,,True,True,,True,True,,True,True,,True,True,
7b38bded14744e6cd6bceb54464983f4,1.0,1,True,True,,True,True,,True,True,,True,True,,True,True,
7e87704cad17d9767ed0a558cf847a28,0.9995,1,True,True,,True,True,,True,True,,True,True,,True,True,
6bb602f161cd434e740b0b0694a2fe7e,0.9995,5,False,False,False,False,False,False,False,False,True,False,True,True,False,True,True
8d3f2463af90ed9f59bbda873534edc0,1.0,5,True,True,False,True,True,True,True,True,True,True,True,True,True,True,True
a1191cbfeb25ca6deb449da1e2baad3a,0.9995,2,False,True,True,True,True,True,True,True,True,True,True,True,True,True,True
5081262c6f6941b26ee33cafbc0a2c31,1.0,1,True,True,True,True,True,True,True,True,True,True,True,True,True,True,True
55eea1d4d02e89a3fec4e0d929946361,0.9976,2,False,False,False,False,False,False,True,True,True,True,True,True,True,True,True
16bd85d98b01823963164e514e5c1da4,1.0,1,True,True,True,True,True,True,True,True,True,True,True,True,True,True,True
98f44e3e61d018840fdce5dc524c719c,0.9971,6,True,True,True,True,True,True,True,True,True,True,True,True,True,True,True
fb23f61e952a0a57ca3e763d8ad1f157,0.998,6,True,True,,True,True,,True,True,,True,True,,True,True,
e973e792bb24983e1304d41a8ed0c375,1.0,1,True,True,,True,True,,True,True,,True,True,,True,True,
571f6e6cd40b8548c4d3acff7572c04d,0.9951,6,False,True,,True,True,,True,True,,True,True,,True,True,
1b7d9b83e481aeaf938729029a2a4c19,1.0,3,True,True,,True,True,,True,True,,True,True,,True,True,
7d695607cd250aaa3167220d1f1b4cf0,0.9971,7,True,True,False,True,True,True,True,True,True,True,True,True,True,True,True
26cbd70e0eb0b0a14e93c0970b305ef1,0.999,0,False,False,,False,False,,False,False,,False,False,,False,False,
37f3685c73e70deca8c822eb745ced49,1.0,1,True,True,,True,True,,True,True,,True,True,,True,True,
5a53ad0b5b9bb5681456ed32f72110e7,1.0,1,True,True,True,True,True,True,True,True,True,True,True,True,True,True,True
b13f720636b1c50245daf019257f2c37,0.9995,1,True,True,True,True,True,True,True,True,True,True,True,True,True,True,True
b6acd0e458ddc4258d7622929617346d,1.0,1,False,False,False,False,True,True,True,True,True,True,True,True,True,True,True
534aa0050da6044b57409f3606d33c40,1.0,3,True,True,True,True,True,True,True,True,True,True,True,True,True,True,True
842ba3e9826daf645e7765f4bb0525be,0.9956,23,True,True,False,True,True,False,True,True,True,True,True,True,True,True,True
5177bd1019c0a59f8762ecb3f683babd,0.9961,5,False,False,False,False,False,False,False,False,False,True,True,True,True,True,True
4b673256fb96d4b936e393f3f45d4f47,0.9883,20,False,False,False,True,True,True,True,True,True,True,True,True,True,True,True
8ed2c27daaea55b50ad23f3ffa313d87,0.9956,21,True,True,,True,True,,True,True,,True,True,,True,True,
a09579da0b2f87eae05c1c9886c4bfc7,0.998,15,True,True,True,True,True,True,True,True,True,True,True,True,True,True,True
a353b92733af5260a57dd1a0ba3001e1,0.9995,6,False,False,True,True,True,True,True,True,True,True,True,True,True,True,True
0530769e11e7f6b51e29aec47064b7cf,0.9976,2,True,True,True,True,True,True,True,True,True,True,True,True,True,True,True
179413bba78ea1fc349ad7186b4f47c1,0.9976,13,True,True,False,True,True,False,True,True,True,True,True,True,True,True,True
603ab94ae666e02cf4cc8a2132414ef5,0.998,3,False,False,,True,True,,True,True,,True,True,,True,True,
4f90f8f67d96381936a8ea4b6bd9234c,1.0,6,True,True,True,True,True,True,True,True,True,True,True,True,True,True,True
a594a2db0ceea408a3931a4465c05420,1.0,2,True,True,True,True,True,True,True,True,True,True,True,True,True,True,True
ccd8c51003c6724304379157cbbb67a3,1.0,1,True,True,,True,True,,True,True,,True,True,,True,True,
fe92b5d8f5b1599d91fec61ebc12e170,0.9941,5,False,True,False,True,True,False,True,True,True,True,True,True,True,True,True
b3b12b9ab4a7ba52db234d329bd0ff98,1.0,2,True,True,False,True,True,True,True,True,True,True,True,True,True,True,True
9e5f7d2247ac749d50a226417b3cd59b,0.999,2,False,False,,True,True,,True,True,,True,True,,True,True,
4a776a15babf55b56fb4bc95c435aaed,1.0,1,True,True,True,True,True,True,True,True,True,True,True,True,True,True,True
570d2782ac8b4697b37c5a7fcce2c38f,0.998,1,True,True,,True,True,,True,True,,True,True,,True,True,
a7c8ce74f4fdc4ec58c5c54c9b1fda2a,0.9985,1,True,True,,True,True,,True,True,,True,True,,True,True,
0afdd7eddb9a71ce53cf6487747ec98c,1.0,2,True,True,,True,True,,True,True,,True,True,,True,True,
e3ef2cba7805de59638a581426ab70a9,0.9976,5,False,True,,True,True,,True,True,,True,True,,True,True,
563814b59f2c0241d0cdec1b99b7f781,0.998,5,False,True,,True,True,,True,True,,True,True,,True,True,
f21e69f460e0f5a2ab946c9cbc535b27,0.9951,5,True,True,False,True,True,False,True,True,False,True,True,False,True,True,False
d4f7bcef485c713df58bef5a1ceac4b0,0.9976,3,True,True,False,True,True,True,True,True,True,True,True,True,True,True,True
c8222ef3d31112ff4823bdb94a7eae2b,0.9976,1,True,True,True,True,True,True,True,True,True,True,True,True,True,True,True
a74a7a8b9015b0732f8101e2f67c8f32,0.9995,1,True,True,True,True,True,True,True,True,True,True,True,True,True,True,True
1a5546dc8d08ba22cbc75f508edd0828,0.9995,6,True,True,True,True,True,True,True,True,True,True,True,True,True,True,True
b53ee4129079a6b4885428c4e2a408f9,1.0,1,True,True,True,True,True,True,True,True,True,True,True,True,True,True,True
708043a43693e1145f5e15e5ee3b2b06,0.9971,23,False,False,False,True,True,True,True,True,True,True,True,True,True,True,True
0c3ea3339f3a3be523e02cefed4aaa10,0.9985,1,True,True,True,True,True,True,True,True,True,True,True,True,True,True,True
ab35a6efdcbec8500e2fb023169fe78a,1.0,1,True,True,True,True,True,True,True,True,True,True,True,True,True,True,True
fa3a634a3d5d11bab288b00d2d5369cc,1.0,19,False,True,False,False,True,False,False,True,False,True,True,True,True,True,True
7741e484f93c21c4e051f33fc7b64f88,0.999,22,False,False,False,False,False,False,False,True,True,False,True,True,True,True,True
1e12ac0d70169a9c084a739e040907b9,1.0,8,True,True,True,True,True,True,True,True,True,True,True,True,True,True,True
1871e15a08fa2411512dc34595fb1958,0.9971,1,False,False,,False,False,,True,True,,True,True,,True,True,
11506c8de798b3e79303f7afc3d782b6,0.9995,1,True,True,,True,True,,True,True,,True,True,,True,True,
00cb63b6f629510ea7cf65e0530b4027,0.999,2,True,True,,True,True,,True,True,,True,True,,True,True,
11e175aff64bc4cf4986007e12bfc628,0.999,2,False,False,True,False,False,True,False,False,True,False,False,True,True,True,True
e4738ae451a15c8bfd5229711b6b5361,0.9976,1,False,False,True,True,True,True,True,True,True,True,True,True,True,True,True
0c794e59b49f4c211fd8d27ef015d178,0.9971,1,False,True,,False,True,,True,True,,True,True,,True,True,
8b36978991475cb71d3317e4daaf9e1a,0.9937,24,False,True,False,True,True,True,True,True,True,True,True,True,True,True,True
922daae168c740d829141c432a8cdcd1,1.0,2,True,True,True,True,True,True,True,True,True,True,True,True,True,True,True
6684f6190e4f3e23278528086ae25685,1.0,1,True,True,,True,True,,True,True,,True,True,,True,True,
d9975f13b5075673dd9bb396688bd678,0.9995,2,False,False,False,True,True,True,True,True,True,True,True,True,True,True,True
856f4e976cd8cb16d80b01f36ee9721a,1.0,1,True,True,,True,True,,True,True,,True,True,,True,True,
bce4d231e12c8465556db9d2cf121551,0.9937,13,False,False,False,True,True,True,True,True,True,True,True,True,True,True,True
3fbd0537ef4f3242fb50a2ddb91061ad,0.9995,1,False,False,,False,True,,True,True,,True,True,,True,True,
3faa67bb59d09a9a52decfdd672ebd37,1.0,1,True,True,True,True,True,True,True,True,True,True,True,True,True,True,True
da8011c670ba64a99498171a2ba72892,0.9932,8,True,True,False,True,True,True,True,True,True,True,True,True,True,True,True
6f740d9776105d08cb826e9c2e6db049,1.0,2,True,True,True,True,True,True,True,True,True,True,True,True,True,True,True
64b0ba388dd3728a36854c2f014b3129,1.0,2,True,True,,True,True,,True,True,,True,True,,True,True,
102a50cfda4d5e455c29fbee9573d838,1.0,1,True,True,,True,True,,True,True,,True,True,,True,True,
303f7af49ecdd12099842ae3af234567,0.9976,6,False,False,False,True,True,True,True,True,True,True,True,True,True,True,True
d035ec5e6c52ae02c608835230dde4b7,1.0,1,True,True,True,True,True,True,True,True,True,True,True,True,True,True,True
6406af9ddc919e08f4d05e707fd141d4,1.0,1,True,True,True,True,True,True,True,True,True,True,True,True,True,True,True
62cb0689453660fcfba1346b1152bc84,0.998,2,True,True,,True,True,,True,True,,True,True,,True,True,
ebe91a7d912f432d8726b0cef99d18c3,1.0,2,True,True,,True,True,,True,True,,True,True,,True,True,
b4437357383387ed0937aeb891b767d2,0.9961,1,False,False,,False,False,,False,False,,False,True,,False,True,
79731579b17268e3805c05662db8b5a6,0.9971,1,False,False,False,False,False,True,False,False,True,False,False,True,False,False,True
477ebf0ce71e93b505183b46f1d1c310,1.0,1,True,True,,True,True,,True,True,,True,True,,True,True,
fe2c23e02d96027ea381e1da7283d3ff,1.0,1,True,True,True,True,True,True,True,True,True,True,True,True,True,True,True
53355294f61e52a7101ac1349479e2c7,0.9917,6,False,True,,False,True,,False,True,,False,True,,True,True,
c4047091d558ea01dc3b6702ba3278c7,0.9985,1,False,False,,True,True,,True,True,,True,True,,True,True,
a5687ae218d670b18de3577539a459e3,0.9956,7,True,True,,True,True,,True,True,,True,True,,True,True,
f4a24bc6456b7cb91afeb18832b4c18d,0.9976,2,True,True,False,True,True,True,True,True,True,True,True,True,True,True,True
36bf04a857c2cb66cc9cb9d09ff71ad4,1.0,1,True,True,True,True,True,True,True,True,True,True,True,True,True,True,True
6291d6ddf701717cb4dadaf9fe7f3ad3,1.0,1,True,True,True,True,True,True,True,True,True,True,True,True,True,True,True
c7ee36f726ae061be7e613876b497945,0.9941,17,False,False,,False,True,,False,True,,True,True,,True,True,
347f05aadc3de2fe5237432c42d041b5,1.0,1,True,True,True,True,True,True,True,True,True,True,True,True,True,True,True
8c244456b056b6b07dd3fe3de07754c0,0.9946,5,True,True,,True,True,,True,True,,True,True,,True,True,
dc8f5ffb4f5fe578b41f078fe854247c,0.9995,2,False,False,False,True,True,True,True,True,True,True,True,True,True,True,True
68bb557729fb17fa6cf8426461cb3d96,1.0,1,False,False,True,True,True,True,True,True,True,True,True,True,True,True,True
1fbebf41466cae9d33a4701c944cb55d,1.0,2,True,True,,True,True,,True,True,,True,True,,True,True,
bbb265fb3e7a0752ebf597a8844bfc16,0.9995,1,True,True,,True,True,,True,True,,True,True,,True,True,
c07ac7ffa60c0baeb47cea4cefaeeae4,0.9966,11,True,True,False,True,True,True,True,True,True,True,True,True,True,True,True
be3b9cc41eb5d6dd33c9f480048a62a9,0.9985,2,True,True,True,True,True,True,True,True,True,True,True,True,True,True,True
75c43bd66f718ca75507ff5efd6e4ccb,1.0,2,True,True,True,True,True,True,True,True,True,True,True,True,True,True,True
cc62bd14054a6830336f48d19ccb7fb7,1.0,1,True,True,,True,True,,True,True,,True,True,,True,True,
33428c03ea0cb71b8769c049e677faaa,1.0,1,True,True,True,True,True,True,True,True,True,True,True,True,True,True,True
fd363796f24ad824b1a025860c3acb40,0.9956,7,False,True,,True,True,,True,True,,True,True,,True,True,
1ff5beccb7eb535d2fdcc1c7ce513ea5,0.9961,4,True,True,True,True,True,True,True,True,True,True,True,True,True,True,True
52bbb433f19eef3b3b7f88453db7aeb4,0.9971,6,True,True,,True,True,,True,True,,True,True,,True,True,
ed541c87d5df87ae71fac96b59bc34aa,1.0,1,True,True,,True,True,,True,True,,True,True,,True,True,
316a647c6d79dda84bd598e67148ca47,1.0,3,True,True,True,True,True,True,True,True,True,True,True,True,True,True,True
070ad707f633c0df5a19f11bcfa699c1,0.999,7,True,True,True,True,True,True,True,True,True,True,True,True,True,True,True
3ce149b2036b09491c253ded0e4d44a0,0.9888,20,False,False,True,False,True,True,False,True,True,False,True,True,True,True,True
b9c18a25d45d96085a8dc107c559846e,0.9961,10,False,False,False,False,False,False,True,True,True,True,True,True,True,True,True
6fc6f673ed1bf2ec8b4534b719f3fd48,0.9937,33,False,False,False,False,False,False,True,True,True,True,True,True,True,True,True
6d6f4c93d09d73073c55fef2decc5e58,0.9976,1,True,True,,True,True,,True,True,,True,True,,True,True,
8bbe4e6022a5ec46e3ba035b8b3e5036,0.9937,9,False,False,False,False,True,False,False,True,False,False,True,False,False,True,False
a42258463565d8531ac1fbcbcb5558fd,0.9961,22,True,True,False,True,True,False,True,True,False,True,True,False,True,True,True
1c4637de71fcd2eaffb3ce3dfac5900b,0.9976,1,False,False,,True,True,,True,True,,True,True,,True,True,
5c9fb7a940057c1f9f962c0feb1bab79,1.0,5,True,True,True,True,True,True,True,True,True,True,True,True,True,True,True
91f0e5c44114d5c9a43a1eec10154a17,0.9995,1,True,True,True,True,True,True,True,True,True,True,True,True,True,True,True
be2e14e36e0980340c6a5106d0ebf887,1.0,2,True,True,True,True,True,True,True,True,True,True,True,True,True,True,True
a1919f68c3e5bd0c8c85ce6c4a407a81,0.999,23,False,False,False,False,False,False,False,True,True,False,True,True,True,True,True
dce9d93a9449b78d7b3f809249923607,0.9985,1,True,True,,True,True,,True,True,,True,True,,True,True,
5ef9c96b68ed0d81bec10c4b79e562a8,1.0,1,False,False,True,True,True,True,True,True,True,True,True,True,True,True,True
419a137f2ad50bcbc7cd2b296d34e524,0.9985,3,True,True,,True,True,,True,True,,True,True,,True,True,
1be3827e47b5c470292d2d3200f1aa5e,0.9961,8,False,False,False,False,True,False,True,True,False,True,True,False,True,True,True
260f47af70cb0a395a7ad53f17bdced2,0.9966,1,True,True,True,True,True,True,True,True,True,True,True,True,True,True,True
b2378dc0ed02b4859dec7c88db7efeb0,0.9966,1,True,True,,True,True,,True,True,,True,True,,True,True,
377137e62970b518f66505eab179329e,0.999,21,False,True,,False,True,,False,True,,False,True,,False,True,
52b604057878bf8752f3a1b04785376f,0.9966,38,False,True,False,True,True,True,True,True,True,True,True,True,True,True,True
e1a9800482df461df81429b3b8f859a1,1.0,1,True,True,True,True,True,True,True,True,True,True,True,True,True,True,True
86648abd0094f1568a386360dcba7034,0.9893,7,True,True,False,True,True,False,True,True,False,True,True,False,True,True,True
9fdc098a302d378b900fa3b00dea82a9,1.0,1,True,True,,True,True,,True,True,,True,True,,True,True,
9d4a17911618ba9db170b62ca50ac4a3,0.9932,3,True,True,,True,True,,True,True,,True,True,,True,True,
88d9d7a5f4454e47ced69c6c7391068b,0.9971,6,False,False,True,False,False,True,False,True,True,True,True,True,True,True,True
2569f2295eca169e8eeb371a44002f30,0.9985,2,False,False,False,False,False,True,True,True,True,True,True,True,True,True,True
3cf1742119ed5fa9647b23f85b3f9af1,1.0,9,True,True,True,True,True,True,True,True,True,True,True,True,True,True,True
9816db47f2611a30597851d70a0e62fd,0.999,1,True,True,,True,True,,True,True,,True,True,,True,True,
eb8cd45ae934604fba18984990c55691,0.999,1,True,True,,True,True,,True,True,,True,True,,True,True,
56db17221a9724cad62ae9a36c453a81,0.998,1,True,True,True,True,True,True,True,True,True,True,True,True,True,True,True
9f113facb493f17c8499fb47ff434602,0.999,7,False,True,,True,True,,True,True,,True,True,,True,True,
398b644c70b3a3b47d64e696f8b639fc,1.0,1,True,True,,True,True,,True,True,,True,True,,True,True,
4d14fe12857973bd0d0470a41c6e1a5a,0.999,1,True,True,,True,True,,True,True,,True,True,,True,True,
a3cb77034e3171f38574be30d580d64e,0.998,13,False,False,False,True,True,True,True,True,True,True,True,True,True,True,True
a6a36906813434ce2d18626305b1564a,0.9951,4,True,True,True,True,True,True,True,True,True,True,True,True,True,True,True
a743ded8ab3e004a1671552ecbb9bb5b,0.998,1,True,True,True,True,True,True,True,True,True,True,True,True,True,True,True
115fd3d829ca9fb45630f07981cbcb73,0.999,1,True,True,,True,True,,True,True,,True,True,,True,True,
c5aceb1c0837567d8fd6258bde60c07e,1.0,2,True,True,,True,True,,True,True,,True,True,,True,True,
8f41bea56ea28ecfb10b1e83a77ff160,1.0,1,True,True,,True,True,,True,True,,True,True,,True,True,
8933321e7dbdf47e55a1ec83a6517e09,1.0,3,True,True,True,True,True,True,True,True,True,True,True,True,True,True,True
089e886fa6644f9380d46e458a8bf9d6,0.9985,2,True,True,,True,True,,True,True,,True,True,,True,True,
655bd7b8d2c8ee0e717f8d77d47693b7,0.9985,1,True,True,,True,True,,True,True,,True,True,,True,True,
6290092a789cefe170b21f8c022a1fda,1.0,1,True,True,,True,True,,True,True,,True,True,,True,True,
49e3be6db5eee89cd85b7d6f4210ec90,0.9995,1,True,True,True,True,True,True,True,True,True,True,True,True,True,True,True
400fe0a1f19db5477c9e37d1f2efcef3,1.0,9,True,True,True,True,True,True,True,True,True,True,True,True,True,True,True
6904ffb97cd865af71cbb684f9892107,0.9966,11,True,True,,True,True,,True,True,,True,True,,True,True,
173a7aab3bd6f1f6811b232f07dc1c3c,0.9956,8,False,False,False,False,False,False,True,True,True,True,True,True,True,True,True
54effa6447b125d0d37ed3907eb568c4,0.9907,12,False,False,False,False,False,False,False,False,False,False,False,False,False,False,False
463921baaa4efa55a2dd33663c3a3e27,1.0,1,True,True,,True,True,,True,True,,True,True,,True,True,
2d02d87d9664de00db717632b5c42e33,0.9985,12,True,True,True,True,True,True,True,True,True,True,True,True,True,True,True
f88d55ac7259c9d81abe40671215dec1,0.9995,3,True,True,True,True,True,True,True,True,True,True,True,True,True,True,True
b0d26647a7f6153005ecd3ce5683ef89,0.9956,21,False,False,False,False,False,False,True,True,True,True,True,True,True,True,True
ce96aba4d82cdb5ffa5b76128cfbb917,0.9937,9,True,True,,True,True,,True,True,,True,True,,True,True,
e7fedde48db99c6379c14aea36d0e5d2,0.9946,7,False,False,False,False,True,False,False,True,False,False,True,False,False,True,True
eae2b2f16935541e065a7e45ce95ff17,0.999,1,True,True,,True,True,,True,True,,True,True,,True,True,
7a777474146ffbe89e17716b8660dcfb,1.0,1,True,True,True,True,True,True,True,True,True,True,True,True,True,True,True
689ea6538e35d0bf0beff8b8ef7ae765,0.9995,1,False,False,True,True,True,True,True,True,True,True,True,True,True,True,True
7a40f4cd070ab0fbebfa8749c02f9a24,1.0,2,True,True,,True,True,,True,True,,True,True,,True,True,
5088bc096c191a333932a605b066096f,1.0,1,True,True,True,True,True,True,True,True,True,True,True,True,True,True,True
6b34b89a4a40e33a8f93fef4209c4a96,0.998,2,True,True,True,True,True,True,True,True,True,True,True,True,True,True,True
410e95b05efd63867444aa0a2458b97c,1.0,1,True,True,True,True,True,True,True,True,True,True,True,True,True,True,True
c21569e136028113fff8cb7f4f825cd4,0.9971,1,True,True,True,True,True,True,True,True,True,True,True,True,True,True,True
00c193a1d13306dc0a3fa7b7b19327a9,0.9961,5,True,True,,True,True,,True,True,,True,True,,True,True,
0092fa9cfbb787e7d34b4a3417ab24e3,0.9976,2,True,True,True,True,True,True,True,True,True,True,True,True,True,True,True
1a2aa45c0c2bca3b49679b7f3f4f465d,0.9995,1,True,True,,True,True,,True,True,,True,True,,True,True,
3e2d1a7be6fbbcbc12428a01c86b7b8b,1.0,1,True,True,,True,True,,True,True,,True,True,,True,True,
a873a33b303c266754138e274bcb835f,0.9985,1,False,False,,True,True,,True,True,,True,True,,True,True,
70deeba9f4974d134dbc64d97bd2fff7,0.9966,12,False,True,,False,True,,False,True,,True,True,,True,True,
414b68c54905f4ec8ee50d51e536ff97,0.9951,4,False,False,False,False,False,False,False,False,True,False,True,True,False,True,True
52ac87abfa970ee890f4bfb7ce0f1337,0.998,1,False,False,,False,False,,True,True,,True,True,,True,True,
0c141cc6426851c4478ff79ed68247f5,0.9995,22,False,False,False,False,True,False,True,True,True,True,True,True,True,True,True
e9bddfa0fc6471131e3412f81bdc6b6d,1.0,1,True,True,True,True,True,True,True,True,True,True,True,True,True,True,True
673d2998d72c17887208c2b02e154745,0.9956,14,False,True,False,True,True,False,True,True,True,True,True,True,True,True,True
e35f22c3fc20c83f43ae3892a6f974b2,0.9912,1,False,False,,False,False,,False,False,,False,True,,False,True,
547b0919a99ed883fc7e366881d70e30,1.0,3,True,True,True,True,True,True,True,True,True,True,True,True,True,True,True
ca01d9551d2460af70778e62f280ab8a,0.998,10,True,True,True,True,True,True,True,True,True,True,True,True,True,True,True
3f8e2d5b849dc28defc6406bd5304ffc,1.0,1,True,True,,True,True,,True,True,,True,True,,True,True,
ae815c4df4c6f21bff23c4999800dfeb,0.9976,2,True,True,,True,True,,True,True,,True,True,,True,True,
06e148ad8b35489ea97e51ef733e9550,1.0,2,True,True,True,True,True,True,True,True,True,True,True,True,True,True,True
371f00ae446e2e0a412ac4e6dcdacf85,0.9951,5,True,True,False,True,True,True,True,True,True,True,True,True,True,True,True
78123af13d385db4ee6a9342283a042b,0.999,1,True,True,,True,True,,True,True,,True,True,,True,True,
a216822e223bbb6baf68503a21bc5d0a,0.9966,11,True,True,False,True,True,False,True,True,False,True,True,False,True,True,False
ff0fc9ae659d05bff51228eb12dc2291,0.9966,3,True,True,,True,True,,True,True,,True,True,,True,True,
baa4a4f4c8d40a784e35ff0313bf0ccb,0.9985,9,False,False,False,False,True,False,True,True,True,True,True,True,True,True,True
51177a17fe0a032b15ab14a0e9135569,0.9976,1,True,True,,True,True,,True,True,,True,True,,True,True,
84fa9606a58e97506922f09083e7087a,1.0,1,True,True,,True,True,,True,True,,True,True,,True,True,
117d3b82912eec34fc2dd0e5e32afe1f,0.998,9,False,False,False,True,True,True,True,True,True,True,True,True,True,True,True
b61c32f858381149fccfdf2f413f8f5b,0.999,1,False,False,,True,True,,True,True,,True,True,,True,True,
b75416c48f46e93a9e3622080cde9b06,0.9941,12,False,False,False,True,True,True,True,True,True,True,True,True,True,True,True
346f4cf3bc35393efe4260b2f0b1966d,0.9966,1,True,True,,True,True,,True,True,,True,True,,True,True,
2750b310e92cd153994e7af71d6851e0,1.0,2,True,True,,True,True,,True,True,,True,True,,True,True,
022ced45e53557d101111cdb41f49f4e,1.0,1,True,True,,True,True,,True,True,,True,True,,True,True,
f39790ad4b1a813000323022eb1e9567,0.9976,1,True,True,,True,True,,True,True,,True,True,,True,True,
3ef47d732a719a9c649132016afeb5e2,0.9922,6,False,False,False,False,False,False,False,False,False,False,False,False,False,False,False
5c92a1870d7469268123d143f0a95910,1.0,1,True,True,,True,True,,True,True,,True,True,,True,True,
5ceabb76ec2975d9498f124fe62a81e6,0.9951,12,True,True,False,True,True,True,True,True,True,True,True,True,True,True,True
9b7c1f4112c3dcad4bcd9ac9caa5caf8,0.9956,20,False,False,False,False,False,True,False,True,True,True,True,True,True,True,True
7e03bedb15626308fa00007db009033d,0.9956,12,False,False,False,True,True,True,True,True,True,True,True,True,True,True,True
5b7a288e8ea092f67f03a49612946d43,0.998,24,True,True,True,True,True,True,True,True,True,True,True,True,True,True,True
7851f5e3ccefb9a300394199f665614c,0.9946,9,False,False,False,False,False,False,False,False,False,True,True,True,True,True,True
46220d9e9e76e37d38ea38554c453179,0.998,6,True,True,True,True,True,True,True,True,True,True,True,True,True,True,True
56f41554384fc19d9ef0161b6f0e6791,0.9868,31,True,True,False,True,True,True,True,True,True,True,True,True,True,True,True
b8819fef35b3fd387f12387e884e6ae5,0.9907,7,True,True,True,True,True,True,True,True,True,True,True,True,True,True,True
824e4de27fdfadaea64e6f954c1448c6,1.0,2,True,True,,True,True,,True,True,,True,True,,True,True,
f91fb95263a6d30aad8042fa60f3d62e,0.9922,0,False,False,,False,False,,False,False,,False,False,,False,False,
a3e5fd03d92b987205cf4bf9b1678aa4,0.9995,2,False,False,,False,True,,False,True,,False,True,,False,True,
caea068037af31671eecefe94eca01ca,0.9976,1,False,False,,False,False,,False,True,,False,True,,False,True,
3d7b139f39141ba112868fcf7236158e,1.0,1,True,True,True,True,True,True,True,True,True,True,True,True,True,True,True
32ae6575d9d3e427dc9f898f16f33087,0.9995,2,True,True,True,True,True,True,True,True,True,True,True,True,True,True,True
7377692c0967c99c56f749e092acb30a,0.998,10,True,True,,True,True,,True,True,,True,True,,True,True,
4ef65f8d7f7fe58651a459fc49390ba8,1.0,2,True,True,True,True,True,True,True,True,True,True,True,True,True,True,True
ebd4d8e08540f7586c3a30987c6ef7b0,0.9995,1,True,True,,True,True,,True,True,,True,True,,True,True,
d2a551b8b71579fa1fd9e5d22100b8ee,0.9961,6,True,True,,True,True,,True,True,,True,True,,True,True,
38907b8ef0546ef8dd587afd52a16f9c,1.0,1,True,True,,True,True,,True,True,,True,True,,True,True,
db0c288182530edd5066c0881c9665c7,1.0,5,True,True,True,True,True,True,True,True,True,True,True,True,True,True,True
cc6afef9ee630eedd003d07f22d62140,0.9946,1,False,False,,False,True,,False,True,,False,True,,False,True,
da380d249b3dd800f5c3e279f7cf917a,0.9961,21,False,False,False,False,False,False,False,False,False,False,False,False,False,True,True
961f6d44b23ea979c84941c71bf7da7c,0.998,4,True,True,True,True,True,True,True,True,True,True,True,True,True,True,True
8913bd6e6eb2b354098d2f01d9b65391,0.9995,1,True,True,,True,True,,True,True,,True,True,,True,True,
52c544d6ecca1fc0e2adc52b33f7a35b,1.0,1,True,True,,True,True,,True,True,,True,True,,True,True,
7ba75de333c5db029e78e068dde0fbe8,0.9971,4,False,False,False,True,True,True,True,True,True,True,True,True,True,True,True
7c8a44a5a37e7afc0e7ccfddef0dbba5,0.9985,9,True,True,True,True,True,True,True,True,True,True,True,True,True,True,True
fe5ba29df5b7470530baf59c3368072e,1.0,3,True,True,False,True,True,True,True,True,True,True,True,True,True,True,True
744dbcf4af334c630605fa9000c112ce,1.0,3,True,True,True,True,True,True,True,True,True,True,True,True,True,True,True
57e13b307e96897f55540c6759029343,0.999,1,False,False,,True,True,,True,True,,True,True,,True,True,
2bb677211b22ba770fffa14899f1b01f,0.9995,1,True,True,,True,True,,True,True,,True,True,,True,True,
b62d797963ea269412b16706df6c98e9,0.9922,10,False,True,,True,True,,True,True,,True,True,,True,True,
a5c80d4415d8b64a85a2b498d22ad570,1.0,3,True,True,True,True,True,True,True,True,True,True,True,True,True,True,True
639ec09a97e00f6cd8d780f549ca17af,0.9951,2,True,True,,True,True,,True,True,,True,True,,True,True,
9cc5b63b74154fc7bcdf7e8796e5d2de,0.9976,1,True,True,,True,True,,True,True,,True,True,,True,True,
ad6ed76aeca8371d3d439eb14c33610c,0.9961,7,False,False,False,True,True,False,True,True,False,True,True,False,True,True,True
ddc66d3a76d91f0f401087bf108cc42c,0.9995,3,True,True,False,True,True,True,True,True,True,True,True,True,True,True,True
82f3d62aabc8caf816ec2120e9c14bb5,1.0,0,False,False,,False,False,,False,False,,False,False,,False,False,
721bd76a3ab9dec41984c4ec32be845a,0.9985,1,True,True,,True,True,,True,True,,True,True,,True,True,
d628016102970528d40c260b4400c593,1.0,1,True,True,,True,True,,True,True,,True,True,,True,True,
e8ebb25bac25954fb7adbde26e956cb6,1.0,1,True,True,True,True,True,True,True,True,True,True,True,True,True,True,True
748512e38095cce946336f055623773b,0.999,4,False,False,True,True,True,True,True,True,True,True,True,True,True,True,True
935d8a963dc7baf559b479ba9f5a82b3,0.9985,1,False,False,,False,False,,False,False,,False,False,,False,False,
520d89ef4ce2ba808eed3e2d9a310649,0.998,3,True,True,,True,True,,True,True,,True,True,,True,True,
17b1f04511323cb27b539f309522bf6c,0.999,1,True,True,True,True,True,True,True,True,True,True,True,True,True,True,True
ab6115f8667efbf773336f71d2ab8f62,0.9966,16,True,True,True,True,True,True,True,True,True,True,True,True,True,True,True
d4967db74f90dc58ab34ae78957b3f4c,0.9922,1,False,False,False,True,True,True,True,True,True,True,True,True,True,True,True
d7fb1f4207f140fa88ee72eda98f8f29,1.0,2,True,True,True,True,True,True,True,True,True,True,True,True,True,True,True
288e6faee45091ff103a59abecc43dbc,0.9985,1,True,True,,True,True,,True,True,,True,True,,True,True,
c983ca27c4dffb6920f6059c696adbc2,0.9971,11,True,True,False,True,True,False,True,True,False,True,True,False,True,True,False
7fc9d702ba352d52e7931c790a577f39,0.9995,1,False,False,True,True,True,True,True,True,True,True,True,True,True,True,True
f93a48c1620894d23f4ad77d07df3c0d,0.9941,8,True,True,True,True,True,True,True,True,True,True,True,True,True,True,True
32327bc1b2d1a223d9a447241f2cfb82,1.0,1,True,True,,True,True,,True,True,,True,True,,True,True,
3b57ddd9849252e883213b71bb3c2f17,0.9961,15,True,True,True,True,True,True,True,True,True,True,True,True,True,True,True
e0f5ac0f18cc28b90be53aa781a75e97,0.998,2,False,False,,True,True,,True,True,,True,True,,True,True,
6d04a8df8207e9542e849378a1bcf43c,0.9976,10,True,True,False,True,True,True,True,True,True,True,True,True,True,True,True
92392a51132c9a52e6656c5819c880c1,0.9995,1,True,True,,True,True,,True,True,,True,True,,True,True,
53303fb50c16833ed95f7bd85950456e,1.0,1,True,True,,True,True,,True,True,,True,True,,True,True,
bbbec58ac7c2e7c7ce1734a34aec1ae8,0.9951,10,True,True,True,True,True,True,True,True,True,True,True,True,True,True,True
ea4691b2289c15a1b9cb1a8fd5e77902,0.9995,1,True,True,True,True,True,True,True,True,True,True,True,True,True,True,True
e357713de529ed95dc5d315656f58df9,0.999,3,True,True,True,True,True,True,True,True,True,True,True,True,True,True,True
ddd4b60fc546f62f90bcf9ae38f1a723,1.0,1,True,True,,True,True,,True,True,,True,True,,True,True,
d60b398e30dc4e3177e2b814c81ee53a,0.999,5,False,False,True,True,True,True,True,True,True,True,True,True,True,True,True
9b8c56ae8c1dad880d0a61a56b70076d,0.9966,23,False,False,False,False,False,False,False,True,True,False,True,True,False,True,True
4eb5a964054cfd611f6281b13f89c0d3,0.999,6,True,True,,True,True,,True,True,,True,True,,True,True,
23504ce886d58d2a61607ff263c8d494,0.9932,12,False,True,False,True,True,False,True,True,False,True,True,False,True,True,False
14f013032d3d55ac24bde620c2d8f945,0.9995,2,True,True,True,True,True,True,True,True,True,True,True,True,True,True,True
89078346e4907efe681d45f299ac15a4,0.9976,1,False,False,,True,True,,True,True,,True,True,,True,True,
9a842084688427ba067307eb8662eecd,0.9995,1,True,True,True,True,True,True,True,True,True,True,True,True,True,True,True
34f74c82bbd5954315b8ed382098d1c8,0.9966,1,True,True,,True,True,,True,True,,True,True,,True,True,
6f7d070bd4cfaa09a69bba0e1d046a44,0.999,1,True,True,,True,True,,True,True,,True,True,,True,True,
a5e4214d6e45488b57daf5cc70b89f40,1.0,1,True,True,,True,True,,True,True,,True,True,,True,True,
c7710bd03585ff9fb13a73ad718dd629,0.9961,1,True,True,,True,True,,True,True,,True,True,,True,True,
4494286141014de25140c094cc5626ec,0.999,2,True,True,True,True,True,True,True,True,True,True,True,True,True,True,True
e3b6d7ad6ee740d0b7d343c2c2ce53a0,0.9995,3,True,True,True,True,True,True,True,True,True,True,True,True,True,True,True
25077ffdd305e287a33697d70d484327,0.9912,4,False,False,False,False,False,False,False,False,False,False,True,False,False,True,False
dac9df4edca47d4aefa5e8b6eb75543a,1.0,2,True,True,True,True,True,True,True,True,True,True,True,True,True,True,True
02304f5597c8b1982e18acf4d3756043,0.9927,9,False,True,False,False,True,False,False,True,False,False,True,True,False,True,True
9c7db0d5022a938bf5ea950826d34437,0.9956,8,False,True,,True,True,,True,True,,True,True,,True,True,
accdbd296b05fdc99bac47d0e4349aa9,0.999,2,True,True,,True,True,,True,True,,True,True,,True,True,
52be19846e0f0c7f419cde01b6e10585,1.0,1,True,True,True,True,True,True,True,True,True,True,True,True,True,True,True
3d69ca950aaaf9f351e4139369d78236,1.0,1,True,True,True,True,True,True,True,True,True,True,True,True,True,True,True
dc6c7b33d252a7891fd83a442747c837,0.9961,9,True,True,False,True,True,True,True,True,True,True,True,True,True,True,True
599d7cf9f263b0f86ad741ce6f9f7619,1.0,1,True,True,,True,True,,True,True,,True,True,,True,True,
d3abbc3a1ab2ef83f8acf34b86409689,1.0,1,True,True,,True,True,,True,True,,True,True,,True,True,
e8895eca419d323d988e5bdcf681d140,0.9985,1,True,True,,True,True,,True,True,,True,True,,True,True,
3e3764ae6674e989f040377aa61069b5,1.0,2,True,True,True,True,True,True,True,True,True,True,True,True,True,True,True
522ab1474c600e24c4f7e20404fa648c,1.0,1,True,True,True,True,True,True,True,True,True,True,True,True,True,True,True
dfb17fab2e208979590db3600ba675d7,0.9985,1,True,True,,True,True,,True,True,,True,True,,True,True,
1ed95763454163d1938e3d2d3c082d23,0.998,8,True,True,False,True,True,False,True,True,False,True,True,False,True,True,False
ed2d2e8b1f87bc9682f5032af247e55d,0.9834,6,False,False,False,False,False,False,False,False,False,True,True,False,True,True,False
a8a9d607d1fd5c585c10030c8d307947,0.9941,1,False,False,,True,True,,True,True,,True,True,,True,True,
b4ba6792b3fa30ceb7375dc41eb1d65c,0.999,2,False,False,False,False,False,False,False,False,False,False,False,False,False,False,False
a8a559b16166ead544ccc5288860baca,0.9888,17,False,True,False,False,True,False,False,True,False,False,True,False,False,True,False
840e058fa20744d5348c023c25e7d232,0.9985,1,False,False,True,False,False,True,False,False,True,True,True,True,True,True,True
3890b069eb54ede0917072f32a071c12,0.9985,2,False,True,,True,True,,True,True,,True,True,,True,True,
14ce80de12b0526121a4d0f4058099d1,0.9966,14,True,True,True,True,True,True,True,True,True,True,True,True,True,True,True
78a0364df0e0d26085d92c0946f18d33,0.9976,15,True,True,True,True,True,True,True,True,True,True,True,True,True,True,True
2abe61a0cef4e3df8717de8e17bd2f88,0.9946,5,True,True,True,True,True,True,True,True,True,True,True,True,True,True,True
fbc7e405b4d16da23a87995ad9f0c945,0.9937,23,False,False,True,True,True,True,True,True,True,True,True,True,True,True,True
349da55900cd296d52fd154bfb27343b,0.9902,17,False,True,True,True,True,True,True,True,True,True,True,True,True,True,True
cefe4ae946de41fe87fc0040bdea335e,1.0,1,True,True,,True,True,,True,True,,True,True,,True,True,
d4bbada602eb08d4609fe2fca3160d40,1.0,1,True,True,,True,True,,True,True,,True,True,,True,True,
1f09f246b167ceaa862b68be6e9f3442,0.9941,5,False,False,False,False,False,False,False,False,False,False,False,True,False,False,True
c259cda388580d886e6cbb43a1272e68,1.0,1,True,True,,True,True,,True,True,,True,True,,True,True,
adf5bb1e5c1f167d69175bf8a8e04fb3,0.9971,2,True,True,True,True,True,True,True,True,True,True,True,True,True,True,True
26bcb031ea5e9e32c511c17dd4ce8c44,0.999,1,True,True,,True,True,,True,True,,True,True,,True,True,
cea48cb9e85cce1a4c9d90bff8f6ded5,0.9995,1,True,True,,True,True,,True,True,,True,True,,True,True,
3d002319a68cb81e39764750ce844423,0.999,1,True,True,,True,True,,True,True,,True,True,,True,True,
c4867d600b0a9097a72003891fa4b874,1.0,1,True,True,,True,True,,True,True,,True,True,,True,True,
55d6f196845f6c46a8c04acebb14b7b9,0.9985,2,False,True,,True,True,,True,True,,True,True,,True,True,
2c2a5e52f212bdc4fe6cfe32717f2a01,1.0,1,True,True,True,True,True,True,True,True,True,True,True,True,True,True,True
77da7e24d4e417e8a4fd692db80d26e1,0.9946,6,False,False,False,True,True,True,True,True,True,True,True,True,True,True,True
8dd05d46c0b97113078aba2427454051,0.9976,1,False,False,,False,True,,True,True,,True,True,,True,True,
0c383d815fd10fc34608bc3c3415bd28,1.0,4,True,True,,True,True,,True,True,,True,True,,True,True,
08dcb60f335137ed59ea5006a3ca7d20,0.9971,6,False,True,,True,True,,True,True,,True,True,,True,True,
f20eb21e67f757812108449fe407b3c0,0.9966,7,True,True,True,True,True,True,True,True,True,True,True,True,True,True,True
6c69b67bc429532ce3461ea6f3dc7c82,0.9956,16,True,True,True,True,True,True,True,True,True,True,True,True,True,True,True
0b54d74d2257842cdb59920d0557c940,0.9956,2,False,False,True,False,False,True,True,True,True,True,True,True,True,True,True
edb2c105974cb9358cbb2a34fb4b93d8,1.0,3,True,True,True,True,True,True,True,True,True,True,True,True,True,True,True
80017052479e0a7748dc385488c63536,1.0,1,True,True,,True,True,,True,True,,True,True,,True,True,
43304902c7de62a1f0749eba6553c3cd,0.9971,4,True,True,True,True,True,True,True,True,True,True,True,True,True,True,True
c24ddb60bb99f2f3faf3f86c7141b3dc,0.9897,10,False,False,False,True,True,False,True,True,False,True,True,False,True,True,False
3c2d4903b3df0132b4a1d9a9b20ea45d,1.0,1,True,True,True,True,True,True,True,True,True,True,True,True,True,True,True
78d38ebcda61982cfb9d7fccb6a94cf2,0.9966,13,True,True,False,True,True,True,True,True,True,True,True,True,True,True,True
7095c313e9e1c5136c8dfaf1ccf4e5d5,0.9917,5,False,True,,False,True,,False,True,,True,True,,True,True,
d4b8f75d0e42420455e41ded33426aae,0.9956,1,False,False,True,False,False,True,True,True,True,True,True,True,True,True,True
5e05ab394eb8af522fe62a10d8c28445,1.0,1,True,True,True,True,True,True,True,True,True,True,True,True,True,True,True
513be4a37b7f822529b6bc15793afd03,0.999,1,False,False,False,True,True,True,True,True,True,True,True,True,True,True,True
bab56c548143c05f1bd021822bf7aa19,0.9985,1,False,False,,False,False,,False,False,,False,False,,False,False,
36174f3312e421ca66a80a5ec1813a92,0.9946,7,False,True,True,False,True,True,True,True,True,True,True,True,True,True,True
fd570e30645c57d049c83863880fd312,1.0,3,True,True,,True,True,,True,True,,True,True,,True,True,
5eea14d9885768eafe3cd046a6e975a7,1.0,1,True,True,True,True,True,True,True,True,True,True,True,True,True,True,True
d2fd495f50fd9ee1bb779066a74086d7,1.0,0,False,False,,False,False,,False,False,,False,False,,False,False,
b488a23a21137febe962e32b948e87a9,0.9902,6,False,False,,True,True,,True,True,,True,True,,True,True,
172049e46605909f99651e4d0efb8578,1.0,6,True,True,False,True,True,True,True,True,True,True,True,True,True,True,True
714fee5937db0a72ffa76f655649cd60,0.9961,11,False,True,False,False,True,False,False,True,False,False,True,False,False,True,False
1f003e944f4c451188139f78a4dbead3,1.0,1,True,True,,True,True,,True,True,,True,True,,True,True,
7598baa4df34dca336e545f5477e2bdd,0.9976,7,True,True,True,True,True,True,True,True,True,True,True,True,True,True,True
373d9c7b19e02b42024ac7d4b55dd1a8,0.9976,1,True,True,True,True,True,True,True,True,True,True,True,True,True,True,True
4d4be4592350230ffffb8321fc1688fa,1.0,3,True,True,,True,True,,True,True,,True,True,,True,True,
a07f3b457d225ac97e915f62126f9051,0.9966,11,False,False,True,True,True,True,True,True,True,True,True,True,True,True,True
f036998f7c6ae9f7b01b50adfca811a3,0.9966,13,True,True,False,True,True,False,True,True,False,True,True,False,True,True,True
94826025b9642351b6818715fb42c3a5,1.0,1,True,True,,True,True,,True,True,,True,True,,True,True,
88a9a64b37ae0a1b25e1f700e445ab77,0.9956,8,True,True,,True,True,,True,True,,True,True,,True,True,
4f4dc6bfd6d1b43335fe96fd6eb3e297,1.0,1,True,True,True,True,True,True,True,True,True,True,True,True,True,True,True
cd2e5cd5a48d09ea23594e5f99ad27ae,0.9951,9,True,True,False,True,True,True,True,True,True,True,True,True,True,True,True
b7e9487c90de08851f8c120abc9ac7f8,1.0,1,True,True,,True,True,,True,True,,True,True,,True,True,
8eb15ec6f1ac1ddc6a0ded81065b9e3d,0.9961,1,False,False,,True,True,,True,True,,True,True,,True,True,
7c1cbe86390c16afdf54fac5ab2ba556,0.9961,1,True,True,True,True,True,True,True,True,True,True,True,True,True,True,True
717060b0d8c767aa2b031af9d99619dc,1.0,1,True,True,True,True,True,True,True,True,True,True,True,True,True,True,True
b0c56ead300fe6c57f4fc02a1a2f03bd,0.999,1,True,True,True,True,True,True,True,True,True,True,True,True,True,True,True
8adc12dac7b8b4b0e4408ebdf6aab780,0.9985,10,False,False,False,False,True,False,False,True,False,False,True,False,False,True,False
4a861d22b54efb0cebe9bfc1f9e23cc0,0.9922,6,True,True,False,True,True,False,True,True,False,True,True,False,True,True,False
8027ffc215349056379fe132f318a66a,0.9985,1,False,False,,False,False,,False,True,,False,True,,True,True,
b659fcf2b17787c3e45bedfc42a89936,0.9976,3,True,True,False,True,True,False,True,True,True,True,True,True,True,True,True
881da22458f61f28835d910bf930238d,1.0,1,True,True,,True,True,,True,True,,True,True,,True,True,
5991e2c541e0896df6ced29abbf2edf2,0.9961,5,True,True,True,True,True,True,True,True,True,True,True,True,True,True,True
16d7e7a57ee5a4d1019a0343f5008fd3,0.9917,5,False,False,False,False,False,False,False,False,True,False,False,True,True,True,True
3e0420c192ee113f95af0dafffa3c3d7,0.9902,8,False,False,False,False,False,False,False,False,False,False,False,False,False,False,False
f23be2076b7f3e2088503d4841c51f06,0.998,1,False,False,,True,True,,True,True,,True,True,,True,True,
fe53e16940fd4ac540adc0d7c5d73841,1.0,4,False,True,True,True,True,True,True,True,True,True,True,True,True,True,True
44e8289188f3e0139151462805c84f90,0.9976,18,False,True,False,True,True,False,True,True,False,True,True,False,True,True,True
7a7f26619f42855a102fab4f1d7b8753,0.9966,22,True,True,False,True,True,False,True,True,False,True,True,False,True,True,False
43a52ec4605b37f3671b33e61ff6fedd,0.9976,8,False,False,False,True,True,True,True,True,True,True,True,True,True,True,True
106b9b90b16f77c680832d100dc4e515,0.9941,7,False,False,False,False,False,False,False,False,False,False,False,False,False,True,True
66d1691a5a4a3c86712b725c3dec36de,0.998,5,False,False,False,True,True,False,True,True,False,True,True,True,True,True,True
86ce8e836244a989d26315bf84d75d99,0.9976,7,True,True,True,True,True,True,True,True,True,True,True,True,True,True,True
5c47bc05a863e9774f4c18b376dcea96,0.9946,11,False,False,False,False,False,False,False,False,False,False,False,False,False,True,False
b6659ef305819aabacf82fa333d503b6,0.9937,14,True,True,False,True,True,True,True,True,True,True,True,True,True,True,True
50420826a4434507209193c117f54130,0.9995,8,False,False,False,False,False,False,False,False,False,False,False,False,False,True,False
bc7d170b9edc9c345a358fc773c260e7,1.0,1,True,True,,True,True,,True,True,,True,True,,True,True,
2b21fc8c9a472bcf2441c9c063baaf0a,0.9985,1,True,True,,True,True,,True,True,,True,True,,True,True,
cb21ad21e6f1b6e4e388eec09350d8dc,0.9893,13,False,True,False,False,True,False,True,True,False,True,True,False,True,True,True
40862b63dd0defe1fb1cbc9991f5f089,1.0,8,False,False,,True,True,,True,True,,True,True,,True,True,
6a4bca8a699c143a04caf781f0c1763c,0.9976,5,False,False,False,False,False,False,True,True,False,True,True,True,True,True,True
64726048843aad3c93d620cd9e0479ad,0.9961,0,False,False,,False,False,,False,False,,False,False,,False,False,
b4047348b90c6f16b7fba7f7330bf87e,1.0,2,True,True,True,True,True,True,True,True,True,True,True,True,True,True,True
b2fb53987643b4f865fb0a5912ee1071,0.9829,0,False,False,,False,False,,False,False,,False,False,,False,False,
28e3c3f751b7e166668665449ef80ec9,1.0,1,True,True,True,True,True,True,True,True,True,True,True,True,True,True,True
76612bcedbaf761367a3d047ebafd7b6,0.9961,24,True,True,False,True,True,False,True,True,False,True,True,False,True,True,True
d232fae99923ef2ca92f6afbc004f379,0.9956,6,True,True,False,True,True,False,True,True,False,True,True,False,True,True,False
b9ca0e9ca6ba197607c2653e75d15261,0.9976,6,True,True,True,True,True,True,True,True,True,True,True,True,True,True,True
a42640f848385634aa76ce36a39e3707,0.9971,9,True,True,True,True,True,True,True,True,True,True,True,True,True,True,True
ce2061796f0dee9838e806cd86488535,1.0,23,False,False,False,False,True,False,False,True,False,False,True,False,False,True,False
84983b37bd3b85c6b96d3a4ea0ff2bbd,1.0,7,True,True,True,True,True,True,True,True,True,True,True,True,True,True,True
79f4b4c69c43f9fc726deee40b36d3f3,0.9976,1,True,True,,True,True,,True,True,,True,True,,True,True,
94c501c5d59dddbd80effa77dbceebe0,0.9951,4,True,True,False,True,True,False,True,True,True,True,True,True,True,True,True
609d275502076a9f8c77313c88d5cabd,0.9956,14,False,False,False,False,False,False,False,False,False,False,False,False,False,False,True
a681fb02342fb54c83839d35541047fd,0.9966,1,True,True,,True,True,,True,True,,True,True,,True,True,
eb39035aa8ec3916e81ca8fc6b2cbc00,0.9956,5,False,False,,False,False,,False,False,,True,True,,True,True,
9fb275ed81ecc69dd2c2cf775d20f252,0.9971,3,True,True,,True,True,,True,True,,True,True,,True,True,
f30d2084ebd9ba46d4b05f86cf1dfa7b,0.9941,17,False,False,False,False,False,False,False,True,False,False,True,True,True,True,True
2d7ac92616f87949dfaf73e74e7d61ef,1.0,2,True,True,True,True,True,True,True,True,True,True,True,True,True,True,True
dfba8e8bfc169f25150d154a466d4477,0.999,1,True,True,True,True,True,True,True,True,True,True,True,True,True,True,True
d0282de15fd06b64876273663703c3b5,0.998,1,False,False,,False,False,,False,True,,True,True,,True,True,
4f3686ad1491f35d467e4d518b1a239a,0.9995,1,True,True,,True,True,,True,True,,True,True,,True,True,
05f1e3ae2775e34620e57edf62271d6d,0.9971,6,False,False,False,False,False,False,False,True,False,True,True,True,True,True,True
e0ef60d7b52825a7bb99db1975db2d1b,1.0,1,True,True,True,True,True,True,True,True,True,True,True,True,True,True,True
6868203f42c3571c5d284d6fd8077b84,0.9907,9,True,True,,True,True,,True,True,,True,True,,True,True,
4d36e0d0050d301d2a3d040d04521b20,0.999,1,True,True,,True,True,,True,True,,True,True,,True,True,
20ec21b915216e00b9af8785dba05efd,0.9966,1,True,True,,True,True,,True,True,,True,True,,True,True,
a04e3b7eb9893592465490aaa571b8ca,0.9966,24,False,False,True,False,True,True,False,True,True,True,True,True,True,True,True
bcfda59a5b9e3036c018e4bbde623d42,0.9966,12,False,True,False,True,True,True,True,True,True,True,True,True,True,True,True
731b491457472e36422564468f57fa8c,1.0,19,True,True,True,True,True,True,True,True,True,True,True,True,True,True,True
d21206f5365da44b1152796d3281ae34,0.9951,2,True,True,False,True,True,True,True,True,True,True,True,True,True,True,True
17dea85edcc6610a7d772d73ea780461,0.9966,12,True,True,True,True,True,True,True,True,True,True,True,True,True,True,True
0e4fb8a4429348304afe0d042e3cb39a,1.0,1,True,True,,True,True,,True,True,,True,True,,True,True,
46955cdee4a523b064ae2ab0d337deb8,0.9995,1,False,False,True,True,True,True,True,True,True,True,True,True,True,True,True
527d5108a6ce397729d5a554b1bf5e44,0.9966,9,True,True,True,True,True,True,True,True,True,True,True,True,True,True,True
7adc00fdff504740098679e91cb6844d,0.9966,1,True,True,,True,True,,True,True,,True,True,,True,True,
a9135a4ec3c5575c45a925bfaa528201,0.9941,4,False,False,False,True,True,True,True,True,True,True,True,True,True,True,True
ac3f05517b1b612528747e13dde51f63,1.0,3,True,True,True,True,True,True,True,True,True,True,True,True,True,True,True
e9e94fc2ed8a07e91e51f4bac68316c2,0.9995,3,True,True,,True,True,,True,True,,True,True,,True,True,
668b888b470fb300314dd012a056e5ea,0.9995,2,True,True,True,True,True,True,True,True,True,True,True,True,True,True,True
cefc5e0aafd4478065e1ffd5c5ad5f28,0.9951,5,False,True,True,True,True,True,True,True,True,True,True,True,True,True,True
e1dfc1945a6b78a701192ebd002e974c,0.9966,3,False,False,True,False,False,True,True,True,True,True,True,True,True,True,True
5f7d4fc1f30b840105cf8b66bcd02277,0.999,2,True,True,False,True,True,True,True,True,True,True,True,True,True,True,True
e598afcbd515415253ea79ca19ae57d7,0.9961,1,True,True,True,True,True,True,True,True,True,True,True,True,True,True,True
0cfcb3be22238be1393c01bbede5d1d9,0.9897,34,False,True,True,False,True,True,False,True,True,True,True,True,True,True,True
94c987167d228d5d7c91fde448e1cb6f,0.9985,15,True,True,True,True,True,True,True,True,True,True,True,True,True,True,True
c8db0a5ed83ab440ce7a40a38a4031a8,0.9971,8,True,True,True,True,True,True,True,True,True,True,True,True,True,True,True
45b5884ac84de2968672cad3b58c081a,0.9883,4,False,False,,True,True,,True,True,,True,True,,True,True,
3ebc45cb057728ffa06e667125c116fd,0.9985,6,True,True,True,True,True,True,True,True,True,True,True,True,True,True,True
20823322077cf511c8eff4f0840466fd,1.0,9,True,True,True,True,True,True,True,True,True,True,True,True,True,True,True
68df70d4bee099629f704201f7295b5d,0.999,2,True,True,True,True,True,True,True,True,True,True,True,True,True,True,True
475578087d74506dfa16ebf79e182c28,0.9897,0,False,False,,False,False,,False,False,,False,False,,False,False,
6e252cae9e8ff5755e0cfa5c52a78beb,0.9893,0,False,False,,False,False,,False,False,,False,False,,False,False,
0b9435a851d1e394bd12d008525a6197,0.9995,1,False,False,False,True,True,True,True,True,True,True,True,True,True,True,True
67a8dc9f44ef6f2d8399c4dd22d04cf2,0.9927,13,False,False,True,True,True,True,True,True,True,True,True,True,True,True,True
7ff6af46744a4c8214812c77e54fd485,0.999,4,True,True,True,True,True,True,True,True,True,True,True,True,True,True,True
5af69ae9514114185c91b175dbed2054,0.9912,7,True,True,True,True,True,True,True,True,True,True,True,True,True,True,True
14c8b025a99dcfc988355547ce07b28c,0.9937,19,False,True,False,True,True,True,True,True,True,True,True,True,True,True,True
d049fee266c4b987284237c65812bd8b,0.9966,8,False,True,False,False,True,False,True,True,True,True,True,True,True,True,True
b68567db79baed9d3f01a2f53746ad87,0.9951,20,True,True,True,True,True,True,True,True,True,True,True,True,True,True,True
0e94028fc4f20d3a8f9df973f3a93e58,0.9951,7,False,False,False,False,False,True,True,True,True,True,True,True,True,True,True
75177c23d41ead53f764d1f59baa615e,0.9971,5,True,True,,True,True,,True,True,,True,True,,True,True,
eb8d145285d4d18dd0c43c75115adbf9,0.9966,17,True,True,False,True,True,True,True,True,True,True,True,True,True,True,True
a7fb4534a18c53a4aa893a95c3c35dc4,0.9888,24,False,False,False,False,True,True,True,True,True,True,True,True,True,True,True
fa12b4ab6025aa6949d1c08949701734,0.9951,13,True,True,True,True,True,True,True,True,True,True,True,True,True,True,True
e0aa5d72484a7001d9f3237d5e0afdbe,0.9912,24,True,True,True,True,True,True,True,True,True,True,True,True,True,True,True
9d5c12af6a3fbc1ed253bea063a277e5,0.9976,1,False,False,,True,True,,True,True,,True,True,,True,True,
ae86574c3f5f1a60fefce448bc7b9d1b,0.9922,22,False,False,False,False,False,False,False,False,False,True,True,True,True,True,True
becd617ee75c6fa3b44dc64387a49d69,0.9907,4,False,False,False,True,True,True,True,True,True,True,True,True,True,True,True
e98db0b2dd9e9c33ddf733f57c1ec866,0.9897,6,False,False,,False,True,,True,True,,True,True,,True,True,
ce835292dded53d610b8b1ca216711c5,0.9985,19,True,True,False,True,True,True,True,True,True,True,True,True,True,True,True
b7161212930481a22c4413f74a63b3c3,0.9917,5,True,True,True,True,True,True,True,True,True,True,True,True,True,True,True
940021f82a61b343178e7948608b3049,0.9956,8,True,True,,True,True,,True,True,,True,True,,True,True,
f7959b5a39df046e03aa118d75b1f770,0.9966,5,False,False,False,False,False,True,True,True,True,True,True,True,True,True,True
63cfaf29532d78cc373acf2c16aa1925,0.9932,12,False,False,False,False,False,False,False,False,False,False,True,True,True,True,True
9e13d93777151eb613fe284d55d30c88,0.9868,15,False,False,False,False,False,False,False,False,False,False,False,False,False,False,False
3115ae1d2080a58703f7d1b3f173f747,0.9971,7,True,True,True,True,True,True,True,True,True,True,True,True,True,True,True
8043f26c1736a3f674ef1121d173c3f2,0.9902,21,False,False,,False,True,,True,True,,True,True,,True,True,
1ac4b8ed3e2b40be0cbd32ecc6bb0b1e,0.9956,19,True,True,True,True,True,True,True,True,True,True,True,True,True,True,True
1e58237ad5030f0effcef3a43dc356f9,0.9941,8,True,True,True,True,True,True,True,True,True,True,True,True,True,True,True
84f15f87dd256dbeaf017a4e75dd5cad,0.9946,10,True,True,True,True,True,True,True,True,True,True,True,True,True,True,True
efef0fd59127f1abb17a8e0847606057,0.9956,5,False,False,False,False,True,True,False,True,True,False,True,True,False,True,True
2ab40949d8357b8b2b94e93f42f0232a,0.9897,13,False,False,False,False,True,False,True,True,False,True,True,False,True,True,True
ddbba23c5dfc594b5d75665ac3a0c499,0.9927,9,False,False,False,False,False,False,True,True,True,True,True,True,True,True,True
