asv,best_cosine,n_old_genomes,n_old_taxa,genome_top1,genome_top20,taxon_top1,taxon_top20,genus_top1,genus_top20,genome_jaccard_top20,best_hit_organism,best_hit_genome
0fec351445f84bd482075ceda6123f46,1.0,10,8,False,True,False,True,True,True,0.17307692307692307,Methanobacterium sp. MBAC-LM,3412034.3
63f37ee4b481fccdffca10160ed5b944,1.0,2,2,True,True,True,True,True,True,0.016129032258064516,Methanobrevibacter arboriphilus A2,39441.13
7f78afb7e1d45cd528fe9cd909c93fb5,1.0,7,6,True,True,True,True,True,True,0.07462686567164178,Methanobacterium sp. YSL,2841655.3
b64cf0e9dea8cef6b9500b364c179b98,1.0,39,21,True,True,True,True,True,True,0.0074011418904631,Burkholderia pseudomallei strain 9 strain BEK,28450.2389
c55a8101fb6c187736f0af61f720cb92,0.999,2,2,True,True,True,True,True,True,0.07142857142857142,Lentimicrobium saccharophilum strain TBC1,1678841.5
8466f2635d9fbf9c51a04877474f3d09,1.0,6,6,True,True,True,True,True,True,0.029239766081871343,Alcaligenes faecalis JF101,511.291
83adaf3a09d08c93f2abea6a4c815592,1.0,2,2,True,True,True,True,True,True,0.0425531914893617,Petrimonas sp. IBARAKI,1978337.3
35dbde30af820a2c3bcd85216229ad6a,1.0,12,10,True,True,True,True,True,True,0.16417910447761194,Methanosarcina barkeri 227,1434106.5
04869be25e3dc4d526ce3824d407aedf,1.0,2,2,True,True,True,True,True,True,0.08695652173913043,Aminivibrio pyruvatiphilus strain DSM 25964,1005740.3
25c54c57b4a4283237b33fdae82003c0,0.998,7,6,True,True,True,True,True,True,0.07272727272727272,Candidatus Cloacimonetes bacterium strain M1-B19,2030808.72
a039c1ac15b3f4bc5cf1db8a5f1cc0fd,1.0,25,13,False,True,True,True,True,True,0.08,Terrisporobacter sp. DSM 29186,2963284.5
38b371de3be6ddef03bea94294e9830d,1.0,3,3,True,True,True,True,True,True,0.047619047619047616,Methanobacterium movens JCM 15415,493461.3
37a9f9625f201b6e61c29ac09ec54683,0.9971,1,1,False,False,False,False,False,False,0.0,Acetivibrio sp. MSJd-27,2841523.3
c571cb007a7d9e2dfc56e8c0b4e24104,1.0,20,7,True,True,True,True,True,True,0.0016889039013680122,Citrobacter freundii C275,546.2740
d3cf08daefed96f494257ceff63a6cf8,1.0,5,5,True,True,True,True,False,True,0.09433962264150944,Synergistaceae bacterium CTOTU7657,2053624.267
b3d8bf326297fb9b18ea4fef1ce8d4a6,1.0,2,2,True,True,True,True,True,True,0.05714285714285714,Cupidesulfovibrio sp. SRB-5,2872636.6
a5b2537343a26f4daf0379a8b46eb2ef,1.0,3,3,True,True,True,True,,,0.15789473684210525,bacterium 5-aug_S3_029,1869227.3111
e6485d233ed2b8b9a2f3f50f0747b9d2,1.0,4,4,True,True,True,True,False,True,0.05357142857142857,Porphyromonadaceae bacterium NLAE-zl-C104,1855399.3
09ee5eb3e6c726c7c8242f6e97453fc2,1.0,4,4,True,True,True,True,True,True,0.045454545454545456,Methanobacterium formicicum strain Mb9,2162.10
4c31c3e198534eab45b6d92b61f75b10,1.0,4,3,False,True,True,True,True,True,0.022058823529411766,Paraclostridium bifermentans COESION4,1490.223
be9dcf562f0ab066c0b252d527a42d19,0.9995,3,2,True,True,True,True,True,True,0.018518518518518517,Romboutsia lituseburensis MY01,1537.8
e75fd72fb216d3d4c964602d8c338f65,1.0,7,7,True,True,True,True,True,True,0.00034328870580157915,Enterococcus thailandicus K2F,417368.32
430c875622713c0d7662add2d8e7db60,1.0,5,5,True,True,True,True,True,True,0.19230769230769232,Desulfovibrio carbinolicus strain DSM 3852,296842.5
e144d237c973d831d708cac2c17df968,1.0,2,2,True,True,True,True,True,True,0.009523809523809525,uncultured Acetobacterium sp. a0d58640-2bdf-407d-bedf-8d20b14cd168,217139.4
ec92f6331d8ecb50e3f0dee8fbf3bcb0,1.0,1,1,True,True,True,True,,,0.03571428571428571,Rikenellaceae bacterium CA_44,2049048.197
6aa300d5323cbf75dc53cec3e6acb87c,0.999,8,7,True,True,True,True,False,True,0.08108108108108109,Candidatus Cloacimonadota bacterium USMO_maxbin.063_sub,2030808.361
8e6faab8acc1bdcba46f098a739aec14,0.9995,2,1,True,True,True,True,True,True,0.05714285714285714,Massilibacterium senegalense strain mt8,1632858.5
d42912a22b570ab99938b745999ae2cc,1.0,1,1,True,True,True,True,True,True,0.002380952380952381,uncultured Bacteroides sp. MGYG-HGUT-03363,162156.1429
b7806c4f83108800a9c32dc83c148d95,1.0,1,1,True,True,True,True,True,True,0.010752688172043012,Candidatus Uhrbacteria bacterium AMX-MBFR-16,2053634.216
4bea53b2aad77f2569a0182f6b84255e,1.0,1,1,True,True,True,True,True,True,0.003436426116838488,Dysgonomonas mossii strain 19428wE4_P11,163665.6
472fdc0687378563f0c9da6da7638e1a,1.0,2,2,True,True,True,True,True,True,0.025974025974025976,Stenotrophomonas acidaminiphila CTOTU49681,128780.125
93fadef301b62aa732e42bf1142b3afa,0.9995,1,1,True,True,True,True,,,0.041666666666666664,uncultured candidate division WWE3 bacterium SRR6007446_bin.103_CONCOCT_v1.1_MAG,422285.13
da47a34fd036b068ca0c5eaf185e2082,0.9985,9,9,True,True,True,True,False,False,0.027472527472527472,Synergistales bacterium UFZ-4H10,2268201.29
765b69d9c4313cc8630769db523cc54c,1.0,5,5,True,True,True,True,True,True,0.047619047619047616,uncultured Oscillibacter sp. strain UMGS1273,876091.174
e9e060e5e0e46911cad92b8292aeefd7,1.0,2,2,True,True,True,True,True,True,0.004545454545454545,Proteiniclasticum ruminis strain ML2,398199.6
29b313a5262947210e3e9de415abaead,1.0,5,5,True,True,True,True,True,True,0.003835091083413231,Ochrobactrum sp. A-1,2920940.4
ea156f972cd3802c3fac147e4200ba7a,0.9976,1,1,False,False,False,False,,,0.0,Bacteroidales bacterium 6865eb80-0167-452b-a26f-3b1968b004fa,2030927.5152
01bc6f144e0f577c7a5364ebafdb3509,0.9976,2,2,False,False,False,False,False,False,0.0,[Clostridium] innocuum AN406,1522.407
3343d19c0bc1759a66023cbc86c92592,0.9995,7,4,True,True,True,True,False,True,0.20588235294117646,Candidatus Cloacimonadaceae bacterium SO_2017_CLC_73,3064664.35
0709277372b3816e3986842fb10c8e96,0.9995,1,1,True,True,True,True,True,True,0.027777777777777776,Proteiniphilum sp. STA_37,1926877.46
a82691ab5fd4e8d3d3b23b7958c8e764,0.9937,30,29,True,True,True,True,True,True,0.14754098360655737,Ruminiclostridium sp. strain MnB_11,2053608.6
181a2b6fbc1d5f5de022772f08fb875c,0.998,4,4,True,True,True,True,True,True,0.03529411764705882,Pseudoflavonifractor sp. Marseille-P3106 strain Marseille-P3106,1871015.3
28f1a500a5a6ebd1cede9322b50bcaad,1.0,1,1,True,True,True,True,,,0.03225806451612903,Firmicutes bacterium strain THP_Bin_10,1879010.7447
5976a56adfe903f7348b5eb5689e3c55,0.9976,14,10,True,True,True,True,False,True,0.3125,Bacteroidales bacterium MB20-C3-3,3108503.3
ff6f97ce50ea01298f8e58b53b97d489,1.0,14,12,True,True,True,True,True,True,0.0008463541666666667,Acinetobacter sp. VNK23,3050070.4
499a635c6e7dcd5c8ef518302aa50011,1.0,2,2,True,True,True,True,True,True,0.05128205128205128,Lascolabacillus massiliensis strain SIT8,1627894.4
4b50be28c2cc7c6a4dbc6300155c5218,1.0,4,4,True,True,True,True,True,True,0.010362694300518135,Brevundimonas sp. NCCP 15609 2003-09-23,3021811.9
19463e5fe824700110e4a4ec8afe0512,0.9995,1,1,True,True,True,True,,,0.01818181818181818,uncultured archaeon CTOTU39356,115547.952
cd05a4b1cda569ae366c6980823f4c72,0.998,21,21,True,True,True,True,True,True,0.05714285714285714,Uliginosibacterium sp. H1,3114757.3
c7553191e309cfc2e28aea2507e7afdf,0.9995,4,3,True,True,True,True,False,True,0.16666666666666666,Anaerovoracaceae bacterium 4d0eff97-7de3-49ad-953d-66426f0db4f8,3030912.182
9feda0d620fa50b57ce3f848e1b48975,1.0,6,5,True,True,True,True,True,True,0.01568627450980392,Delftia tsuruhatensis HA60,180282.78
07e00e1bcc9d9a3c50591f721785e591,0.9951,11,6,True,True,True,True,False,True,0.18518518518518517,Bacillota bacterium MAG288,1879010.11554
28b5f35cfb5f0516e5e5f896428abdcd,1.0,1,1,True,True,True,True,True,True,0.02631578947368421,Aquamicrobium lusatiense D-9,89772.4
113b0d8ebf97fc5aba85fa06ecfdbb1a,0.998,2,2,False,True,False,True,False,True,0.05,Candidatus Darwinibacter acetoxidans M4B_bin34,3082383.5
cd1f95189b8375347f827f4a8b08dcf7,0.9995,3,3,True,True,True,True,True,True,0.05660377358490566,Gudongella sp. M17C-05,2692384.5
793ecb5ed65cd96425a35698e8ab9e78,0.9995,7,7,True,True,True,True,True,True,0.008620689655172414,Cronobacter dublinensis strain cro3214W,413497.9
1f4fb4bfdca6c9d13106ed533362a62e,1.0,2,2,True,True,True,True,True,True,0.03773584905660377,Desulfitobacterium hafniense strain MGYG-HGUT-01388,49338.10
e8e82cf023a3abd684fe7e817acc9bf0,0.9995,1,1,True,True,True,True,,,0.022222222222222223,Christensenellales bacterium AnMBR.bin514,3083246.44
5631fe818e588992529f6071afc9cda5,0.9971,8,6,False,True,False,True,False,True,0.07407407407407407,Clostridia bacterium binned_ad_5.133,2044939.4409
deb262fd92af4fdcd3b6240303048b2a,0.9995,1,1,True,True,True,True,True,True,0.000493339911198816,Burkholderiales bacterium Beta_02,1674888.4
58b2cf308363fb35b932620518786116,1.0,1,1,True,True,True,True,True,True,0.005235602094240838,Proteiniborus ethanoligenes strain DSM 21650,415015.4
abaecd8b82d14efc7ccc4dcb7f864cba,1.0,5,4,True,True,True,True,False,True,0.11428571428571428,Pseudomonadaceae bacterium CTOTU49256,1914538.113
b4eac52cfa36ce63f24be2fc530ad204,0.9995,1,1,True,True,True,True,True,True,0.02631578947368421,Bacteroidetes bacterium 5-aug_S3_006,1898104.1542
f63e76a4ce2cd0f7f39e8195d8302dcf,1.0,20,7,False,True,True,True,True,True,0.001974766867800329,Enterococcus lactis HPH55b,357441.218
d863bc6a2fa6a8a93787e45a6abe3304,0.9995,3,3,True,True,True,True,True,True,0.019867549668874173,Stenotrophomonas maltophilia JV3,868597.17
52708c2cfa926ba9b2f69878c97cee2c,1.0,11,11,True,True,True,True,True,True,0.09090909090909091,Stappia sp. WLB29,2925220.4
efbade8cc54695abfc5c07f21eecb6e7,1.0,7,2,True,True,True,True,True,True,0.0038043478260869567,Acinetobacter towneri PT23-B2,202956.170
bb617d32673d5f60d6216a07ad7a42bc,0.9995,4,4,True,True,True,True,True,True,0.1111111111111111,Desulfovibrio psychrotolerans strain JS1,415242.3
206069e5a5041e6c7f39a4141aefdc19,0.9985,6,4,True,True,True,True,True,True,0.19230769230769232,uncultured Eubacteriales bacterium O89_L4_395395_idba_bin.134,172733.3472
a49becf5a5dbcb201f091757c62fc6bb,0.9995,3,3,False,True,False,True,False,True,0.058823529411764705,Cronobacter dublinensis strain cro3214W,413497.9
d02e8e093df5064814273f652473189e,0.998,3,2,True,True,True,True,True,True,0.004048582995951417,Intestinimonas sp. CLA-AA-H199,2881257.9
d48429274cd09a4257ad8b24c009e8fd,0.9961,5,4,True,True,True,True,False,False,0.12,Bacteroidetes bacterium OH_CBlB_300,1898104.2334
0b736ddea36ed16291fa058fe28061f8,0.9951,8,5,True,True,True,True,False,False,0.011235955056179775,Firmicutes bacterium strain MES11,1879010.6660
7d537f12eaa3231c2c2b58b74901051c,0.9956,1,1,True,True,True,True,,,0.04,Firmicutes bacterium Bin_53,1879010.10371
5cb2b4186e2e95521540e2ccbafcb4c9,1.0,3,3,True,True,True,True,True,True,0.09090909090909091,Nitratidesulfovibrio sp. 1201_IL3209,3084053.3
659d1fe872c9b31a9e0b81eef5ca6218,0.9976,1,1,True,True,True,True,True,True,0.04,Pelotomaculum schinkii strain HH,78350.3
a43c475502b54cdee1385dcca3109bfe,1.0,12,12,True,True,True,True,True,True,0.11827956989247312,[Clostridium] celerecrescens 18A,1286362.3
e1382120e151d51cb3b3b6900845f1c8,0.9995,1,1,True,True,True,True,,,0.006666666666666667,Desulfomicrobium sp. ZS1,2952228.8
19083703874fec5c0e976f6ca4fa6bc9,0.9995,3,3,True,True,True,True,True,True,0.010309278350515464,Rhodococcus sp. M8-33,3058377.4
868a2dd217365ddd6d6ab64d48aeed4a,0.9956,22,13,False,True,False,True,False,True,0.11666666666666667,Bacillota bacterium LX-D,3072787.3
21ceeb224e15175f0c85797abce40d0a,1.0,1,1,True,True,True,True,True,True,0.001303780964797914,Achromobacter denitrificans strain FDAARGOS_787 strain Not applicable,32002.40
de329304e57f0e32da3a08e64625a2e1,0.998,2,2,False,True,False,True,,,0.02857142857142857,uncultured Oscillibacter sp. MGG00847_1680015457,876091.1093
dc9b83b9dbf521d0d0b0e1576e44d06a,0.9897,5,5,True,True,True,True,True,True,0.04,Proteiniphilum sp. SO_2017_CLC_125,1926877.82
3badde1c4760a921d723409ee05fead0,1.0,4,4,True,True,True,True,True,True,0.05555555555555555,Anaerobaculum sp. S15,2544872.3
09383f3babfd32418e7ba07634680e12,0.9995,2,2,True,True,True,True,True,True,0.022222222222222223,Pannonibacter sp. TSB10GB1,2003583.3
66575db7635d648549a9eb5a4eafb710,0.9951,12,7,True,True,True,True,,,0.15555555555555556,Armatimonadetes bacterium strain Ch33,2033014.110
df94cb7c1f51d6e7df4a969d561b0a4d,1.0,3,2,True,True,True,True,,,0.08108108108108109,Actinobacteria bacterium strain HK-STAS-ACTI-17,1883427.1910
3679eb1918d142d7e468ea32c2f42595,1.0,4,4,False,True,False,True,True,True,0.034482758620689655,Bosea sp. ANAM02,2020412.3
ac9e79a82beb3b70c0c7193fff0a8524,0.998,1,1,False,False,False,False,False,False,0.0,Anaerovoracaceae bacterium f78f2883-c260-4f33-9859-2a80832d1289,3030912.178
ec716420b2bb28ff5cfc5b19edbe2dfa,1.0,14,13,True,True,True,True,True,True,0.016455696202531647,Achromobacter xylosoxidans OI64,85698.1023
cb08126894ac0c8eeddc7b86d1ab1eb9,0.998,2,2,True,True,True,True,True,True,0.058823529411764705,Zhaonella formicivorans k32,2528593.8
42655605abb4cc7bd5f1be954adf23b0,0.9966,5,5,True,True,True,True,True,True,0.05555555555555555,Ruminiclostridium sp. strain MnB_11,2053608.6
b47908de018aea1744738eba767e1034,0.9995,1,1,True,True,True,True,True,True,0.02127659574468085,Anaerosalibacter sp. Marseille-P3206 strain Marseille-P3206,1871005.3
6e50cfec46931f3d8e0af8e75af55b43,0.9976,2,2,False,True,False,True,False,True,0.011904761904761904,Lawsonibacter sp. OA9,2914163.4
0eff2f70a09cbdfd1a1684adcb990931,1.0,1,1,True,True,True,True,True,True,0.01694915254237288,Provencibacterium massiliense strain MGYG-HGUT-02410,1841868.18
f876e4d5cbaa6ac5f3c225bcaf146791,0.9932,11,8,True,True,True,True,True,True,0.03333333333333333,anaerobic bacterium MO-CFX2,913108.7
dcc552ee0bfe584a9f79fd3d7893047f,0.998,2,2,False,True,True,True,True,True,0.043478260869565216,Pseudomonas caeni strain Isolate_2,521720.3
b180a2455b236c103cf0bfe620095736,1.0,7,7,True,True,True,True,True,True,0.14583333333333334,Romboutsia sp. CE17,2724150.3
5040d210b906c738569bf1c3505ad558,1.0,2,2,True,True,True,True,True,True,0.09090909090909091,Clostridium sp. strain L1_008_000M1_dasL1_008_000M1_concoct_27,1506.548
c05932b0e9b0bcf5f076c8971c6bab60,0.9961,1,1,False,True,False,True,False,True,0.004149377593360996,Clostridiales bacterium LB2,2731377.3
db5aaacffe4ca31116f5b0e292074588,0.9966,15,10,True,True,True,True,False,True,0.21153846153846154,uncultured Selenomonadales bacterium MFD04492.bin.2.38,1387507.189
212e304679f170a464d2616b3f94a250,1.0,2,2,True,True,True,True,,,0.03636363636363636,Oscillospiraceae bacterium MB24-C1,3070655.5
e1c573f885ed4c9191a32116f583d78a,0.9941,10,6,True,True,True,True,False,True,0.04081632653061224,Armatimonadota bacterium USMO_maxbin.175,2033014.354
3487ee381e9bba57861b67ac3936d665,1.0,1,1,True,True,True,True,True,True,0.0007836990595611285,Pseudomonas sp. JS15-10A1,2078689.3
89dfaf0aa4a8af8e27a826ba8dd97044,1.0,2,2,True,True,True,True,True,True,0.031746031746031744,Sporanaerobacter sp. UW_FK_SPOR1_1,2010183.3
e357ec372ce3fdd9cc473b8f57edc002,1.0,1,1,True,True,True,True,,,0.045454545454545456,Clostridia bacterium strain INTA.CYC.057,2044939.530
acb819d2b09f090ba6c3112028bbc54b,1.0,2,1,True,True,True,True,,,0.04878048780487805,Thermoleophilia bacterium AnMBR.bin237,2026888.224
492422c8881f2e782fccb0225f1c68ab,1.0,1,1,True,True,True,True,True,True,0.011904761904761904,bacterium SGD-2,2713607.4
8db3a14ae839a3bee50b9a192c59f8f9,0.998,1,1,True,True,True,True,,,0.004081632653061225,Oscillospiraceae bacterium STF2_30,2485925.2156
01a7c19fe64d4300e6e5a8a7280a10bb,1.0,4,3,True,True,True,True,True,True,0.015,Comamonas aquatica BB1486,225991.26
8ebc39e79a930b5db089420489c40543,1.0,7,6,True,True,True,True,True,True,0.25925925925925924,Sphaerochaeta associata GLS2,1129264.9
6075255b58efbd350ad34112f80f970a,0.9971,5,5,True,True,True,True,True,True,0.03333333333333333,Candidatus Contubernalis alkalaceticum Z-7904,338645.5
0e9cc4c909306f5a9562d84888902e09,0.9951,8,4,True,True,True,True,,,0.21621621621621623,Armatimonadota bacterium Uz-U4-35,2033014.688
b26eb5a5ca6820d220d5433b1cffa5e6,1.0,4,4,True,True,True,True,True,True,0.07272727272727272,Sphingopyxis sp. NFH-91,2744457.3
7f1023e871bcd3a4f7ac96f3a40c9a8d,1.0,2,2,True,True,True,True,True,True,0.021052631578947368,Firmicutes bacterium OH_CFB_145,1879010.9588
afd6038f44400cf165c3d637f88be98a,0.999,2,2,True,True,True,True,True,True,0.07142857142857142,Clostridiales bacterium BAD-6,2818044.3
894d5f2608f2a0e9e3bf2499f1cc6130,1.0,2,2,True,True,True,True,True,True,0.07407407407407407,Atribacter sp. AnMBR.bin213,2847780.12
496ed1835247fa310353bd53160fad4a,0.9971,1,1,True,True,True,True,,,0.04,Coriobacteriia bacterium strain KA18,2052159.264
6dfb10e6d92b2c7ec87175ad560bed2e,1.0,24,20,True,True,True,True,True,True,0.019762845849802372,Mycobacterium sp. ELW1,1547487.3
d96a2ea1b09f080f66ce79b9ddfa768e,1.0,1,1,True,True,True,True,,,0.0020408163265306124,Hyphomicrobiales bacterium 3-JJ_aug_S1_052,1909294.1293
5a6520a634bb27352c524ba237fd0d64,0.9985,1,1,False,True,False,True,False,True,0.003968253968253968,Erysipelotrichaceae bacterium RS262_metabat.bin.6,2049044.344
f59f09ec54e73f740708fa68eeb78a8c,1.0,1,1,True,True,True,True,True,True,0.038461538461538464,Lentimicrobium sp. CTOTU40361,2034841.34
08ea1c9b9d368cd6d9bfeb8857e90315,0.9995,2,2,True,True,True,True,True,True,0.05405405405405406,Arthrospira platensis SPKY2,3122438.3
0f312394fc32d16cfdca183b11aad4ad,1.0,8,5,True,True,True,True,True,True,0.03571428571428571,Enterocloster bolteae VE303-01,208479.218
0c488eee4c6d02abb4e34df3ec16a09b,1.0,1,1,True,True,True,True,True,True,0.0014265335235378032,Aeromicrobium sp. strain bin3,1871063.7
c39f594d9d2493b66260c1f7503e5ea1,1.0,4,4,True,True,True,True,True,True,0.07692307692307693,Methanobacteriaceae archaeon CTOTU40153,2099680.93
acfe0924c0f9c6ca3720854b5b458d54,1.0,6,6,True,True,True,True,True,True,0.04807692307692308,Stenotrophomonas acidaminiphila strain ZAC14D2_NAIMI4_2,128780.6
e79a45f432d0ccc86adbf9bbe7cef2a7,1.0,2,1,True,True,True,True,True,True,0.08,Thiobacillus sp. SCUT-2,3110231.3
e4486fa2f00016fa6078468bfe73bb89,1.0,12,11,True,True,True,True,True,True,0.1951219512195122,Tissierella praeacuta strain NCTC11158,43131.3
4ced6b735a53af484d0cf4f620846dcd,0.9951,7,7,True,True,True,True,True,True,0.08333333333333333,Dehalogenimonas sp. W,2005070.12
ab2050607cb3fe172ea918d5a17a46c7,1.0,3,3,True,True,True,True,True,True,0.023622047244094488,Aquamicrobium defluvii strain DSM 11603,69279.8
02809af9a001c44a58624822e0e44569,0.998,2,2,False,True,False,True,False,True,0.016666666666666666,Firmicutes bacterium OH_SDB_161,1879010.9281
69dee006368ff49af541d111152b40c6,1.0,1,1,True,True,True,True,,,0.045454545454545456,Thermotogales bacterium Thermo_01,1674910.4
d3156233792852376762d588f607ac71,0.998,1,1,False,False,False,False,True,True,0.0,Clostridium polyendosporum strain JCM 30710,69208.3
e6141036b0768b50c8079ce8ba7222f9,1.0,2,2,True,True,True,True,True,True,0.04878048780487805,Azonexus hydrophilus strain Isolate_3,418702.5
4f3989d95e7611bb6b5307454d75d3ce,0.9985,2,2,True,True,True,True,False,True,0.03571428571428571,Anaerolineaceae bacterium maxbin2.bin.9,2024896.380
1d4b9f3ddf33afdf5308213897846090,1.0,1,1,True,True,True,True,,,0.029411764705882353,Chloroflexi bacterium UR.bin95,2026724.1783
1d33e98c9d94c262ab0d8b56d0936eb4,1.0,1,1,True,True,True,True,True,True,0.025,Hydrogenophaga sp. SO_2017_LW2_128,1904254.183
179e72f0ecdfeb920df685432f3f2d1a,0.9995,1,1,True,True,True,True,True,True,0.019230769230769232,Edaphocola sp. MAG_CPA_31,2601698.8
a27f37aae2a34101f8a61c6f0b1cd246,1.0,4,4,True,True,True,True,True,True,0.14814814814814814,Clostridium aceticum strain DSM 1496,84022.6
00e66df34e257e501593d8fab7b76b0d,1.0,1,1,True,True,True,True,True,True,0.004219409282700422,[Clostridium] symbiosum ET58,1512.216
0d1f62d4f2f7227766a17f0340567129,0.998,1,1,False,False,False,False,False,False,0.0,Proteiniphilum sp. STF2_60,1926877.41
8c86a02bd0f2c7a90bb40b735577a623,0.9976,21,15,True,True,True,True,True,True,0.02066115702479339,Candidatus Desulforudis sp. strain J_13,2093368.7
8c740d5ca21893b47c7619df1247c75d,0.9985,1,1,True,True,True,True,,,0.025,Christensenellales bacterium AnMBR.bin225,3083246.37
e1abbababbc410f2f1faa24f6ccbc7f9,1.0,4,4,True,True,True,True,True,True,0.042105263157894736,Bacillus alkalinitrilicus strain DSM 22532,427920.3
3d34374d81a96ce4972b93ef5dae9b82,0.9985,1,1,True,True,True,True,True,True,0.006896551724137931,Thiopseudomonas sp. CY1220,3041622.4
0f4c04cefd226f6854ad0fbc2a2de226,1.0,2,2,True,True,True,True,True,True,0.03636363636363636,Camelimonas lactis CCM 7696,659006.6
99daab1404e1c027be5dce96473d53ab,1.0,1,1,True,True,True,True,,,0.004878048780487805,Flavonifractor sp. DFI.6.63,2963704.4
945e47119242497c2e0bc5b3c6b6ba8e,1.0,4,4,True,True,True,True,True,True,0.07142857142857142,Aminiphilus circumscriptus DSM 16581,1304874.5
a19152d55f42fc72a3a0f985d2615aab,1.0,1,1,True,True,True,True,True,True,0.02,Desulfuromonas acetexigens strain DSM 1397,38815.4
1ad05a58bf23396d80f11695ad750b75,1.0,2,2,True,True,True,True,True,True,0.03773584905660377,Geobacter anodireducens R1Feb2020-bin.17,1340425.17
4835c874610f20a02421b283dbe2f2b6,0.999,1,1,True,True,True,True,,,0.047619047619047616,Christensenellales bacterium AnMBR.bin500,3083246.45
60da7a21ae2997bc70a9730fd8151a29,1.0,1,1,True,True,True,True,True,True,0.01639344262295082,Clostridium peptidivorans strain src2,100174.3
2c452b25c7f3c62be462d8f47ed179e3,0.999,3,3,True,True,True,True,False,True,0.05660377358490566,uncultured delta proteobacterium MFD00905.bin.2.105,34034.445
0138936a169c4a0914606cedbcd38fa6,0.999,1,1,False,True,False,True,,,0.029411764705882353,Candidatus Nanopelagicales bacterium AS_Ams2_Bin44,2518612.210
15c0fe41b25c6504b8dbe48ae72283d0,1.0,2,2,True,True,True,True,False,True,0.06896551724137931,Spirochaetaceae bacterium 4-aug_S1_010,1898206.173
09304de7bcdde93714df6d4800a79b4d,1.0,9,8,False,True,False,True,False,True,0.031446540880503145,Mycobacterium sp. fb7c1cee-7596-4131-aa06-ce315386941d,1785.635
f42aeaf1c13130f1fdfc8bafa43ded29,1.0,3,3,True,True,True,True,True,True,0.010810810810810811,Diaphorobacter sp. C33,3060154.6
a53b7a494838590a5600a018277e55ea,1.0,4,4,True,True,True,True,True,True,0.021164021164021163,Gordonia sihwensis RL-BY03,173559.11
dbbd92eb5552c552aab4544c331ac6e2,1.0,1,1,True,True,True,True,True,True,0.02631578947368421,Hydrogenoanaerobacterium saccharovorans strain CGMCC 1.5070,474960.3
c88944b6267ea10d43d5ee264d29ae94,0.9985,2,2,True,True,True,True,True,True,0.024096385542168676,Sinanaerobacter sp. ZZT-01,3111540.4
a01649ff3a222398d49af46d04781535,1.0,1,1,True,True,True,True,,,0.02564102564102564,Actinomycetaceae bacterium L2_0104,3114290.3
d081020b6bdf3bf279b93bd42598e1e1,1.0,1,1,True,True,True,True,True,True,0.014925373134328358,Oscillibacter sp. CTOTU46994,1945593.2602
fd28148d0cd2eca274f8a3bb38944793,0.998,2,2,False,False,False,False,,,0.0,Lachnospiraceae bacterium bin.692,1898203.6494
aa9c5ae2ec6da55f30edd92e3de37eff,0.9995,10,10,True,True,True,True,True,True,0.1951219512195122,Desulfitobacterium hafniense strain MGYG-HGUT-01388,49338.10
0e487ab2d5669f87e21a4c0c09d8d952,0.9951,1,1,True,True,True,True,True,True,0.023809523809523808,Angelakisella sp. SJF009,1935177.86
f61f4c9b8258738ad3ee7663e43e7907,0.998,8,8,True,True,True,True,False,True,0.03317535545023697,bacterium 210820-DFI.5.26,2883291.4
924ba8e00fb9f76de6bf217aac8ca9d4,0.9941,11,11,True,True,True,True,True,True,0.09090909090909091,Pelotomaculum terephthalicicum JT,947009.3
76ef356d895e6434580f18ab74a63e6c,0.9912,2,2,False,False,False,False,,,0.0,uncultured Clostridium sp. strain ERR260200-bin.19,59620.2347
4e4ca97fadb8b8e92470ccce2ff91460,0.999,3,2,True,True,True,True,True,True,0.1,Dehalobacterium formicoaceticum strain DMC,51515.8
b65ddb808f41ed58f0a87829f790124c,1.0,1,1,True,True,True,True,,,0.03125,Burkholderiales bacterium UW1SPNA077,1891238.1086
5ab9c9baf340ca93a35be10b4a5b294a,1.0,2,2,True,True,True,True,False,True,0.0425531914893617,Firmicutes bacterium OH_PDB_197,1879010.9708
80b0dd7e363e6128b4335d08d57b5618,1.0,1,1,True,True,True,True,,,0.01,Clostridia bacterium strain SM1-B15.1,2044939.3592
22a4e0f758de753ed7e9463edeed304c,1.0,1,1,True,True,True,True,True,True,0.05,Oscillospiraceae bacterium LBM23126,3381350.3
fe74d2e267ad3ebb8fbfe24bbb464049,0.9951,5,4,False,True,True,True,,,0.012448132780082987,uncultured Mollicutes bacterium SRR2175768_bin.38_CONCOCT_v1.1_MAG,220137.229
1f1ff56fd37c5c9b1a9ac7b1d99e10b0,0.999,4,2,False,True,True,True,,,0.08108108108108109,Solirubrobacterales bacterium BIN2,1909295.208
ebef4f7d86a3b71b870100599f233ff8,0.9985,11,5,True,True,True,True,,,0.2777777777777778,Christensenellaceae bacterium d7c23e02-40a4-4312-836d-43190f2e112a,2054177.124
2e707ae206fd30644537a8329e2b9476,0.998,1,1,True,True,True,True,True,True,0.047619047619047616,Desulfobotulus sp. H1,2823377.3
49d8ed77132802ef1ad7036f31e0117a,0.9971,13,8,True,True,True,True,,,0.08602150537634409,uncultured Bacteroidales bacterium SRR6425747_bin.33_CONCOCT_v1.1_MAG,194843.3397
4c7b0d554a1103b7872deded4bccb4ea,0.9961,23,21,True,True,True,True,False,True,0.06666666666666667,Clostridia bacterium 80130c35-1b44-45cf-b5f4-dec04e696a57,2044939.4531
619ac3ad257e70633292af469a960d56,1.0,1,1,True,True,True,True,True,True,0.022727272727272728,Soehngenia sp. W6,1582259.3
2b7dca9f823dab555a368d87f194804f,0.999,1,1,False,True,False,True,False,True,0.02631578947368421,Petrimonas sp. 5L_21_R1,2023866.22
5ec4e02584b8c58b33bde92395188ffa,1.0,3,3,True,True,True,True,True,True,0.046875,Leucobacter denitrificans strain KACC 14055,683042.3
3fb688a9024c5d9e0c97cf7a6859063a,0.9961,15,15,True,True,True,True,False,True,0.03333333333333333,Ligaoa zhengdingensis 1001713st1_C3_2218SCRN_220325,2763658.7
a6efdb52a04e05a2a1be52f5516784fa,1.0,4,4,False,True,False,True,True,True,0.08695652173913043,Thauera mechernichensis #50 (MBG-DUTH)/TV-105 (ELTE) strain #50 (MBG-DUTH)/TV-105 (ELTE),82788.7
22958f01426d8f1fe3f4922e13710669,1.0,1,1,True,True,True,True,,,0.030303030303030304,Actinomycetia bacterium USSF_maxbin.020,1883427.3113
826b2dad200d99cccec78d01acb38da4,1.0,2,2,True,True,True,True,True,True,0.015503875968992248,Paraclostridium bifermentans strain DSM 14991,1490.72
b757c414a3bc227758c09624ca177986,0.9976,5,3,True,True,True,True,True,True,0.17857142857142858,Syntrophomonas zehnderi OL-4,690567.3
3e524f0bf09623c8530930bb8b27045c,0.9995,1,1,True,True,True,True,,,0.05555555555555555,Synergistaceae bacterium strain SM1-B17.2,2053624.147
10ba1c6a051a49b25b443bebd244b71c,0.9995,2,2,True,True,True,True,True,True,0.00784313725490196,Propionispora hippei DSM 15287,1123003.3
7b43b24e8c817bba9f0008696985ae06,0.9888,7,6,False,True,False,True,,,0.08,Anaerolineae bacterium F3_97,2052143.979
916d15ab17794198ea4c5ad1e3fb6258,0.9976,10,8,True,True,True,True,True,True,0.10416666666666667,Desulfocucumis palustris NAW-5,1898651.6
8a1c973b6094cbd560f363581ce1beba,0.9985,3,2,True,True,True,True,False,True,0.07142857142857142,Methanothrix soehngenii STF1_32,2223.16
3e09043820433588bf896d8e55bc1423,0.9985,3,3,True,True,True,True,,,0.07407407407407407,Synergistales bacterium DMC4,2268201.94
613cd0ab8ed46a361940e06efaecdb6d,0.9976,1,1,True,True,True,True,,,0.012195121951219513,Spirochaetaceae bacterium 2-no_aug_S1_011,1898206.179
495cc889a2e82868482b1feb2f71fbd0,1.0,2,1,False,True,True,True,,,0.012658227848101266,uncultured Actinomycetota bacterium MFD02159.bin.2.53,3039803.428
2b335f368deba69c6c95c18da31dc5f4,1.0,9,6,True,True,True,True,True,True,0.06164383561643835,Bacteroides ovatus BSD3178071175st1_H8_BSD3178071176_160815,28116.2177
6a00993959cfffcd3e54203b0cb659a2,0.9995,5,5,True,True,True,True,True,True,0.03048780487804878,Dehalobacter sp. TBBPA1,3235037.3
33e423de05448134722fcf4bd6a224d7,0.999,9,7,True,True,True,True,False,True,0.020242914979757085,Oscillospiraceae bacterium CE91-St41,2485925.2068
8a4c692c01077fa5a93913725097b3bc,1.0,2,2,True,True,True,True,True,True,0.023809523809523808,Xanthobacter flavus SS-20,281.15
62e1d1dac671aff6e6dc206418fd79c6,1.0,1,1,True,True,True,True,True,True,0.022222222222222223,Rubeoparvulum massiliense strain mt6,1631346.7
9b6a7459b2c92cee0abfc36d503488b7,1.0,4,4,True,True,True,True,True,True,0.018433179723502304,Mesorhizobium plurifarium strain LMG 11892,69974.15
34bd302b38c473a6dc69875818ebfb23,0.9912,20,15,False,True,True,True,False,False,0.014285714285714285,Firmicutes bacterium strain RUG352,1879010.7001
87db021bd3fb687eba7b420338158435,1.0,1,1,True,True,True,True,,,0.015873015873015872,Clostridiales bacterium CTOTU40111,1898207.5522
54e41d7748bdb8fe71a73a47ad58423e,0.9995,1,1,False,True,False,True,False,True,0.001488095238095238,Clostridiaceae bacterium strain M1-B18,1898204.323
50bef0776b442d38fe4de5a83b9187a8,1.0,1,1,True,True,True,True,True,True,0.006329113924050633,Clostridium senegalense strain MGYG-HGUT-01407,1465809.3
7b35a5b1674bbaefc9af01283da529c1,0.9995,3,3,True,True,True,True,True,True,0.05172413793103448,Clostridium homopropionicum DSM 5847,1121318.3
33ee5a4f23a0bf945ce5b4ffa11feef5,1.0,4,4,True,True,True,True,True,True,0.05263157894736842,Rummeliibacillus suwonensis strain 3B-1,1306154.7
05771e0f1c5425fc486934e2beb87956,0.9976,14,9,True,True,True,True,False,True,0.17857142857142858,Christensenellales bacterium AnMBR.bin536,3083246.49
164212c0910ca9770a6bd13bcb2c5d05,1.0,3,3,True,True,True,True,True,True,0.043478260869565216,Hyphomonas sp. WL0036,2866160.3
94ef08db649a5339b6de95109a8bad0f,1.0,7,3,True,True,True,True,True,True,0.01728395061728395,Stutzerimonas stutzeri SOCE 002,316.749
ee14afe4571845779465f8dc9646c7b4,0.9976,6,5,False,True,True,True,False,True,0.037037037037037035,uncultured Clostridia bacterium SRR5024280_bin.45_CONCOCT_v1.1_MAG,244328.7181
669b72740b8bed1bcedbdbaa4b8be1e7,0.9976,21,5,True,True,True,True,,,0.2857142857142857,Candidatus Hydrogenedentes bacterium AMR_MDS_2725,2030809.173
201a9f507c9b354eb162adf1f311c607,1.0,2,2,True,True,True,True,,,0.06896551724137931,Thermotogota bacterium AMR_MDS_3564,2053689.99
405648482a348320fe4470fddebb64c6,0.9985,1,1,True,True,True,True,True,True,0.011235955056179775,Pseudochelatococcus contaminans strain DSM 28760,1538103.3
34bc76cd76ea83cf74430a3bbb56ac82,0.9985,10,5,False,False,True,True,False,False,0.0,uncultured Microthrixaceae bacterium MFD09964.bin.2.180,1798915.24
9cef27fb5c42d04a7e949300061958c1,1.0,1,1,True,True,True,True,,,0.008620689655172414,Candidatus Nanopelagicales bacterium STL-ACT32,2518612.353
9c90a0c962c8b6283f7a71b644fce90c,1.0,1,1,True,True,True,True,,,0.025,Pseudomonadota bacterium JPNA_maxbin.194_sub,1977087.4266
b5b93f7fc3d0a88dff0ced83eb0bb5ab,0.9956,7,2,True,True,True,True,,,0.11627906976744186,Firmicutes bacterium strain Bu02,1879010.7329
5837405da6036e7481240160de143774,0.9956,16,8,True,True,True,True,False,False,0.057692307692307696,uncultured Clostridia bacterium E0_LS__bin154,244328.2123
7a7c96429cd038c333985399c9eb963c,1.0,1,1,True,True,True,True,,,0.045454545454545456,uncultured Planctomycetaceae bacterium binchicken_co43_353,100233.416
1351e87aa6c89a114e5104be8fe7c817,1.0,2,2,True,True,True,True,True,True,0.0033222591362126247,Clostridium botulinum strain KM89-1-202F,1491.2157
213ec0ef843de45b3db9302876229bed,1.0,5,5,True,True,True,True,True,True,0.06172839506172839,Microcoleus sp. Aus8_D2,2818632.3
197c1736a92b42d2671a7ea927a9d7d8,1.0,3,1,True,True,True,True,True,True,0.03614457831325301,Parvibaculum sp. E2-BRE-07,2024848.97
e94618b44f9856c9a2151cab1800a460,1.0,1,1,True,True,True,True,True,True,0.041666666666666664,Oceanibaculum indicum strain USBA 36,526216.3
44f513ba8d222b088ba2ad6e7ab85b8c,0.9995,49,33,False,True,False,True,False,True,0.02247191011235955,Propionibacteriaceae bacterium strain SCN18_26_2_15_R1_B_70_19,2021380.30
9795a55dde06c4761698039cf60bd637,0.9985,1,1,False,False,False,False,False,False,0.0,Lachnospiraceae bacterium STD2_92,1898203.4044
aa20c972229ba580ad2044118ab67181,1.0,1,1,True,True,True,True,True,True,0.015873015873015872,Scrofimicrobium sp. R131,3079930.3
9e54e8d50785a84f97b38e3eb665dda0,0.9985,1,1,False,True,False,True,,,0.03571428571428571,Syntrophobacteraceae bacterium AnMBR.bin493,2052185.55
b78bdac2d66434f67db2a71b6f893639,0.998,1,1,False,True,False,True,,,0.03225806451612903,Eubacteriales bacterium OttesenSCG-928-K08,2885217.3
0baae4d70749907f3e1f9be33a159e80,0.9961,1,1,False,False,False,False,False,True,0.0,Lactonifactor sp. BIOML-A2,2584655.3
d5e86e0fe7c13c5751606c96f3788345,0.998,17,12,True,True,True,True,True,True,0.020527859237536656,Fermentimonas sp. STC_109,2023870.9
bc15f0e20879b79188fa5ea9e191428c,1.0,3,3,True,True,True,True,True,True,0.016129032258064516,Aphanothece microscopica RSMan92,3390204.4
f0f5fe3a3ccc66ce7e67e82294654107,0.998,1,1,False,True,False,True,False,True,0.02857142857142857,Shivajiella indica JCM 12139,872115.3
daac17ca54538cbc9aada8497262da96,0.9956,1,1,True,True,True,True,,,0.005813953488372093,Bacteroidetes bacterium 4-aug_S1_005,1898104.1534
50285c59a58cda2d889cb954c022a93a,0.9995,4,2,True,True,True,True,True,True,0.11428571428571428,Hyphomicrobium sp. CS1GBMeth3,1892845.3
1d837cc6d80881adecbb106f01c1b042,0.9985,1,1,True,True,True,True,,,0.017543859649122806,Bacillota bacterium MAG288,1879010.11554
3ade0fa13e56aac194bb3373200d6def,1.0,2,2,True,True,True,True,False,True,0.0625,Candidatus Cloacimonetes bacterium USPA_maxbin.001,2030808.334
6178807a00a64843e5bb9f31f0a5f42c,0.9961,1,1,False,False,True,True,,,0.0,Oscillospiraceae bacterium STF2_30,2485925.2156
b7bc2902499297dc5de20e8748a42d33,0.9995,2,2,True,True,True,True,True,True,0.02631578947368421,Dethiobacter alkaliphilus Z1002,427926.8
89d1d4064aa11fd1f3efb8e1345c813f,0.9941,17,14,True,True,True,True,True,True,0.14583333333333334,Ruminiclostridium sp. strain MnB_11,2053608.6
7c4029c77a50ad0582c758eabe8c1410,0.9966,19,14,True,True,True,True,True,True,0.06818181818181818,uncultured Halothermothrix sp. SRR5007349_bin.152_CONCOCT_v1.1_MAG,543059.3
dc22433569281cc665fba3df53e3f566,1.0,1,1,True,True,True,True,True,True,0.017857142857142856,[Clostridium] paradoxum JW-YL-7 = DSM 7308,1121328.3
ec0ca50d7a1c6ee56a7ed9d776d9c0d1,0.9937,8,8,False,False,False,True,True,True,0.0,uncultured Clostridium sp. min17_bin72,59620.2955
06246fa4c1b00ea76b5539442f32c012,1.0,2,2,True,True,True,True,,,0.07692307692307693,Coriobacteriia bacterium 5C_7,2052159.310
b24d3443426aac9dca3451d65ba14d55,0.9956,5,5,False,True,False,True,False,True,0.04,Clostridia bacterium 80130c35-1b44-45cf-b5f4-dec04e696a57,2044939.4531
a0ccae889b93969deefa92b4da7cb2f7,0.9995,2,2,True,True,True,True,False,True,0.06060606060606061,Eubacteriales bacterium UW_FK_CAPRO1_1,2831996.1235
8fabb679415fe6a9969015076873e211,1.0,3,2,True,True,True,True,False,True,0.023255813953488372,Turicibacter bilis ISU324,2735723.6
9f86297104372f6378c6bf3dc1a8e8ec,0.9985,3,3,True,True,True,True,,,0.13043478260869565,Chloroflexota bacterium KUW bin4,2026724.2639
637ec5730f0da83790b96ca6708f5309,0.9976,1,1,False,True,False,True,True,True,0.019230769230769232,uncultured Sedimentibacter sp. strain HGM13799,348580.4
a7d0101041a4ff2c176cc0616423387a,1.0,1,1,True,True,True,True,True,True,0.020833333333333332,Alicycliphilus denitrificans strain I51,179636.6
87ec65202e592d81d47b66d1484732df,1.0,8,7,True,True,True,True,True,True,0.01927710843373494,Rhodococcus sp. PvP104,2817911.3
085c382879bb22ae25c77dca748d1387,1.0,1,1,True,True,True,True,True,True,0.018518518518518517,Clostridium sp. M3/9,2934315.3
c9a5de56046a818a6f69569090af6d1c,0.9976,1,1,True,True,True,True,,,0.03571428571428571,Firmicutes bacterium OH_HBrB_62,1879010.9430
919c50490dbc9552a946f26b32c4ae12,1.0,1,1,True,True,True,True,True,True,0.027777777777777776,Falsiroseomonas sp. C8_maxbin.050,2870721.7
d23e07dc0f848e8921532df36254ce29,1.0,1,1,True,True,True,True,True,True,0.0026109660574412533,Arenimonas sp. strain B91_maxbin.001,1872635.18
65c689dc4b8772012494d43535fd1102,0.998,2,2,True,True,True,True,False,True,0.047619047619047616,Sphingobacteriales bacterium strain PMG_148,2044944.12
522fc29c9966a380a17ce86687cc600b,0.999,8,6,True,True,True,True,True,True,0.3333333333333333,Aminivibrio sp. AnMBR.bin272,1872489.11
0ef7e12e6eb35a8fd9fac7badac0c381,0.9971,5,3,True,True,True,True,,,0.02631578947368421,uncultured Anaerolineales bacterium SRP241326_co4_134,444458.137
c668608bc7be0382064b57d5505c7e23,1.0,3,2,True,True,True,True,False,True,0.08333333333333333,Anaerolineaceae bacterium CANAV_udea05,2024896.398
48ca5b4f7cb58d4a146837de341a2604,1.0,10,10,True,True,True,True,True,True,0.10344827586206896,Microcoleus sp. Pol1C5,3055406.3
534d7b1bce2cf035866320576094f81e,0.9995,4,4,False,True,False,True,True,True,0.03278688524590164,Methanobacterium sp. MBAC-LM,3412034.3
18ec5da6c765ede0c426af393f8ce656,1.0,1,1,True,True,True,True,,,0.03333333333333333,Thermoleophilia bacterium AnMBR.bin144,2026888.228
f8ec439cb9f26e97be2793df3c52b03d,1.0,2,2,True,True,True,True,True,True,0.0106951871657754,Gordonia iterans strain Co17,1004901.3
a67c7071b283c3513d9aa4cf63879d6e,0.9966,2,2,False,True,True,True,,,0.004484304932735426,Pseudomonadota bacterium MAG038,1977087.7256
4bcf2ed3c27ef7222d2bf177640edef4,0.9946,34,23,False,True,False,True,False,True,0.034482758620689655,Acetivibrio sp. MSJd-27,2841523.3
e2c63d5718cf9ea95828084c3b843443,0.998,3,3,True,True,True,True,,,0.07894736842105263,Christensenellales bacterium AnMBR.bin221,3083246.38
e29f9ab1342fe7d53d4f1e2d03bb5969,1.0,5,4,True,True,True,True,,,0.2631578947368421,Synergistales bacterium Syner_01,1674906.4
26ef86afa44dbbdebbae8f35e590f52e,0.9985,3,3,True,True,True,True,False,True,0.047619047619047616,Chitinophagaceae bacterium UR_AS_maxbin.004,1869212.1069
cf9d6956cc5e9b057171f8ba480e6fbf,0.998,2,2,False,True,False,True,,,0.05405405405405406,metagenome,256318.62
999031908a04b1e2fca9b265ee4e0aba,0.9971,22,13,True,True,True,True,False,True,0.11627906976744186,Acutalibacteraceae bacterium T1900045192_TC20190188.MAGScoT_cleanbin_000001,3077420.853
75dd0ee2682cb0bf3146f334b0c41c93,0.9995,2,2,True,True,True,True,True,True,0.012345679012345678,Clostridium amylolyticum strain DSM 21864,1121298.3
19cfc988be2bc698e4e8e24f3c017dad,1.0,2,2,True,True,True,True,,,0.07407407407407407,Bacillota bacterium USDV_metabat.107,1879010.10638
ef48b24d461ead26b22d8e442656ccc0,1.0,1,1,True,True,True,True,,,0.037037037037037035,Thermotogales bacterium strain R1-B14.2,2093812.11
2da3ff46bfa58a914368731cfd699785,1.0,45,29,False,False,True,True,False,True,0.0,uncultured Actinomycetota bacterium MFD01299.bin.1.126,3039803.856
a85ae3de6b2dd626049270444199438e,1.0,1,1,True,True,True,True,True,True,0.03333333333333333,Anaeromusa sp. CA_92,1872520.7
b61513eef1a69690c5d43ca0cb8f5c1b,0.999,11,11,True,True,True,True,True,True,0.109375,uncultured Methylobacillus sp. strain Methylobacillus_sp_nbed10b35,281697.3
b0c74390aa5ac540757eb2256575019e,0.9976,1,1,False,False,False,False,False,True,0.0,Proteiniphilum sp. STF2_60,1926877.41
f2cd13764c9588bd921f3a53138830da,1.0,3,3,True,True,True,True,True,True,0.019230769230769232,Candidatus Ventricola sp. MAG2897,3048888.46
29d5a1f45c97760080e874715394bcfe,0.9888,8,5,False,False,False,True,False,False,0.0,uncultured Alphaproteobacteria bacterium MFD01721.bin.2.6,91750.4585
01b5383db868117f04bfd197603f736b,0.9966,16,15,True,True,True,True,True,True,0.022857142857142857,Gracilibacter sp. BRH_c7a,1734398.4
7560406411c714b613d36584ec43158e,0.9946,23,20,True,True,True,True,False,True,0.0967741935483871,uncultured Oscillospiraceae bacterium MGG22425_1680015517,707003.1350
e8c1e783e60161fe039cc419a3717b1f,1.0,1,1,True,True,True,True,True,True,0.006493506493506494,Alishewanella sp. BS5-314,2755587.4
051d14c7d7e9a5358e8da8a52b48bca3,0.9976,6,6,True,True,True,True,False,True,0.0625,uncultured Marinilabiliaceae bacterium SRR1562005_bin.65_CONCOCT_v1.1_MAG,860784.5
cd991e2f230049eb76c8e3b3fcece79f,1.0,1,1,True,True,True,True,True,True,0.021739130434782608,Chiayiivirga sp. BF4_81,2041042.9
efc6541354a63e71f60f085f48f73909,0.9995,1,1,True,True,True,True,True,True,0.010638297872340425,Desulfitobacterium sp. CA_182,49981.5
664e1ee046659d47ded4a40ad1133a33,0.9961,1,1,True,True,True,True,,,0.034482758620689655,uncultured Leptospirales bacterium binchicken_co39_387,3062804.8
cead0ca51f97bc24bf11b1d1d12aee6e,0.9966,8,7,True,True,True,True,False,True,0.05555555555555555,Christensenellales bacterium AnMBR.bin225,3083246.37
e1809c067af83a3dc4623ce28f35fe79,1.0,3,2,True,True,True,True,,,0.07317073170731707,Bacteroidales bacterium AMR_MDS_1354,2030927.4911
e4197eeb4aaad91a8a4a38678c3b073e,0.9951,9,6,True,True,True,True,False,True,0.11363636363636363,Bacteroidota bacterium USMO_maxbin.076_sub,1898104.3557
43c8008fb032a5ed2cb06dafa83e23ec,0.9927,8,5,False,False,False,True,False,False,0.0,uncultured Ruminococcus sp. strain UMGS283,165186.1242
021d1583edfe105a9c99264ea9f3d2d6,0.9976,1,1,True,True,True,True,,,0.012195121951219513,Dysgonamonadaceae bacterium STE_176,2065189.20
eca00dcc9a01255b6cb66fbd5b3bd285,0.9888,0,0,False,False,False,False,,,0.0,Pseudomonadota bacterium samp_2117_metabat2_274,1977087.8053
0b291123c105140e6524bb2a3cf8e278,1.0,1,1,True,True,True,True,,,0.03571428571428571,Syntrophaceae bacterium strain LM1-B42D,2052184.111
da28c80a7a1b2838789eb2ad598db9a0,0.9966,22,19,True,True,True,True,True,True,0.07692307692307693,Gracilibacter sp. BRH_c7a,1734398.4
344b8fcfc08a17bb7443c1ad11ea3151,0.9995,5,5,True,True,True,True,True,True,0.05454545454545454,Devosia sp. ZB163,3025938.4
482bb3761a6b11b4cfb4e1b618231157,1.0,1,1,False,True,False,True,False,True,0.023809523809523808,Comamonas sp. MFD12223_ilm_asm_bin4,34028.128
6e21064675bd1626771d39886cc9d88b,0.999,2,1,True,True,True,True,,,0.0625,Methanothrix soehngenii STF1_32,2223.16
5db694edf839eff28cb6a47bb5b50693,1.0,1,1,True,True,True,True,,,0.03333333333333333,Lacipirellula limnantheis I41,2528024.5
b5a22689fdda6393715cd10a326927d3,1.0,2,2,True,True,True,True,True,True,0.0425531914893617,Hydrogenophaga sp. YM1,2806262.3
36e38981bc99d5d7fdd5959ca41f6313,1.0,2,2,True,True,True,True,True,True,0.02857142857142857,Devosia sp. M6-77 strain aCIP1116281,2490941.3
c99dd2353697161faecee673e0eda7b2,1.0,4,3,True,True,True,True,False,True,0.08571428571428572,Syntrophobacteraceae bacterium strain UFZ-4H3,2052185.23
70775be7835f6d6a6ecb0d7039b355e3,0.999,3,3,True,True,True,True,False,True,0.05128205128205128,Clostridia bacterium AnMBR.bin494,2044939.4952
95d0db82a69ee10f3b5ed0f06ba96949,0.9961,2,2,False,True,False,True,False,True,0.08333333333333333,Candidatus Darwinibacter acetoxidans M4B_bin13,3082383.25
8b35589e4e1ef82328d78d533f5fa1a1,0.9995,3,3,True,True,True,True,True,True,0.05263157894736842,Alcaligenaceae bacterium strain CAII-53,2021368.26
85b80813a3be5e162f462e085b709b85,0.9976,1,1,False,True,False,True,,,0.03225806451612903,Eubacteriales bacterium OttesenSCG-928-K08,2885217.3
380c64674875dbcea485ba8f1ce26a6c,0.9985,1,1,True,True,True,True,True,True,0.043478260869565216,[Clostridium] thermosuccinogenes strain DSM 5809,84032.5
9335b7a207b486ae9975e735cd30a814,0.999,4,2,True,True,True,True,False,False,0.05128205128205128,uncultured Alphaproteobacteria bacterium MFD09730.bin.2.16,91750.4470
b62a0f483de49257919f98dd32320443,1.0,3,3,True,True,True,True,True,True,0.10344827586206896,Sphaerochaeta sp. UBA6095,1947478.3
779e393e6ff91129f826c691a0d16db3,0.9951,22,20,True,True,True,True,False,True,0.1956521739130435,Clostridia bacterium 6f746f25-b6c4-487c-b3b2-1da827f770e4,2044939.4534
caafd6d1ef718ac1a2b7473f47d9340b,0.9995,13,9,True,True,True,True,True,True,0.030985915492957747,Bradyrhizobium sp. CCH4-A6,1768759.3
6f14a88c7074fb3b48a9f8be3f7852c8,0.9985,1,1,True,True,True,True,,,0.03125,Calditrichales bacterium MX18-03,2890832.8
de794e5f913a822d437c41f82c49a80e,1.0,2,2,True,True,True,True,,,0.0027662517289073307,Microbacterium sp. ET2 (Ac-2212) ET2 (Ac-2212) strain ET2 (Ac-2212),3050384.3
6dbf54dfd0a3207126af074af10be296,1.0,6,5,True,True,True,True,True,True,0.125,Peptostreptococcaceae bacterium strain MGYG-HGUT-00102,1904861.5
1cbf580d763d0eb5497ff2d6468e7668,0.9932,23,16,False,False,False,True,False,True,0.0,Firmicutes bacterium OH_CBrB_56,1879010.9635
41f01f3e3cbf6beb908ae1ebb553208e,1.0,15,8,True,True,True,True,True,True,0.006793478260869565,Stenotrophomonas maltophilia strain GC_2010,40324.439
9026ee9ce58d36be3646689861848080,0.9985,11,8,True,True,True,True,True,True,0.058394160583941604,Nitratireductor sp. CI.26.F.C1_514_8,1872084.234
23a68909643e167f508a7baac78d7026,0.998,1,1,False,True,False,True,True,True,0.003278688524590164,Clostridium swellfunianum CICC 10730,1367462.4
49eb7db9bbd667a245fcb40e7be64a28,0.9927,9,6,False,False,False,True,False,False,0.0,Dysgonamonadaceae bacterium STE_176,2065189.20
f028df8f84e6a5ff0a4512a509e23477,0.9985,1,1,True,True,True,True,True,True,0.022222222222222223,[Eubacterium] angustum strain DSM 1989,39480.3
702860fda44c0d44ddacb5bd79fd5d24,1.0,2,2,True,True,True,True,,,0.03076923076923077,Methanothrix soehngenii strain UFZ-4H12,2223.9
16e7c551b44e75be84ce23f95da7cb8d,0.9951,1,1,False,False,False,False,,,0.0,Intestinibacillus massiliensis strain SL.2.10,1871029.41
e21f14506da976def600538a8f860f0b,0.9995,1,1,True,True,True,True,,,0.04,Dehalococcoidia bacterium strain BS5B11,2026734.314
66d9eb13f3c8549ed0ac95f646c23ead,0.9995,2,2,True,True,True,True,False,True,0.038461538461538464,Proteobacteria bacterium OH_PBlB_80,1977087.3150
61bffb5ed48deb86adad74d3d45df340,1.0,1,1,True,True,True,True,True,True,0.012195121951219513,Phenylobacterium haematophilum strain DSM 21793,98513.3
07bb3ab197992af0b741d1b71fc16c74,0.9995,2,2,True,True,True,True,,,0.06666666666666667,Bacillota bacterium binned_ad_9.77,1879010.11004
8d422552eb2392c7c2d4743727d1ff33,0.998,20,6,False,True,False,True,False,True,0.07142857142857142,metagenome,256318.54
dd07e924156039f8e953d5ea58ab5023,1.0,1,1,True,True,True,True,,,0.02631578947368421,Deltaproteobacteria bacterium binned_ad_9.7,2026735.2871
dc21153823efbfe6f4e092f110775cde,0.9985,1,1,True,True,True,True,,,0.012987012987012988,Eubacteriales bacterium CE91-St47,2831996.31
717e65e6ba1d91587e9c1fc36b2b0c44,1.0,2,2,True,True,True,True,True,True,0.0007665772326561902,Escherichia coli 21-W08-080,562.189522
f847d5bbe9c5a3555db3988cfa1b838f,0.9956,11,7,True,True,True,True,True,True,0.061224489795918366,Dehalobacterium formicoaceticum strain DMC,51515.8
31b772f3e0f36755cdb6cd584a8a105f,1.0,2,2,True,True,True,True,True,True,0.009900990099009901,Intestinimonas massiliensis strain GD2,1673721.57
e95282c3197d4315d84f31d177642c58,0.9995,1,1,True,True,True,True,True,True,0.005128205128205128,Clostridiales bacterium LB2,2731377.3
687530ef97a8574b08b65e6100ed1f16,0.9985,4,4,False,True,True,True,False,True,0.0625,Clostridia bacterium AnMBR.bin494,2044939.4952
05728a4572e292df51f34610249d4fa9,0.9976,30,24,True,True,True,True,True,True,0.0967741935483871,Lutispora thermophila DSM 19022,1122184.3
8855fec4062970bb235780d6469a1d6d,1.0,1,1,True,True,True,True,,,0.0196078431372549,Rectinema sp. AMR_MDS_2813,1937017.56
b6e342d9f4e409f24eea3859aa76e82a,0.9976,18,14,False,True,False,True,False,False,0.021739130434782608,Gracilibacter sp. BRH_c7a,1734398.4
7ba3402ab86ac791941e0dc862234ee8,0.9995,1,1,True,True,True,True,,,0.016129032258064516,Synergistota bacterium USPA_metabat.50_sub,2268202.80
3bb8c91a23a86c8601f5dead53c7b241,0.9961,6,3,False,False,False,True,,,0.0,Christensenellaceae bacterium T1900044560_TS20190026.MAGScoT_cleanbin_000011,2054177.191
ad922999ec6a8228be4358e848e86bc2,1.0,1,1,True,True,True,True,,,0.012987012987012988,Pseudomonadota bacterium KLAP69,1977087.4722
535887d75db6f21831a65b42a9d5752f,0.9985,1,1,False,True,False,True,,,0.022727272727272728,uncultured Gammaproteobacteria bacterium MFD00709.bin.2.216,86473.2151
eaa1d57a577a4aa93aceab1782827ea8,0.998,1,1,False,True,False,True,False,True,0.0022222222222222222,Clostridia bacterium AnMBR.bin524,2044939.4951
0944c80185fbba7f13e44329a3276e65,0.9956,22,17,False,True,True,True,False,True,0.04081632653061224,Oscillospiraceae bacterium D5196bin9,2485925.3581
025ef58ad4c94b135c69cb93c2320909,0.998,2,2,False,True,False,True,True,True,0.02197802197802198,uncultured Caproiciproducens sp. b00f100b-a584-4b5e-973e-d712fb7ff989,1738647.3
9bc997e8ebea77d717faea18a7bf4708,1.0,2,1,True,True,True,True,,,0.05405405405405406,Candidatus Nanopelagicales bacterium AS_Ams2_Bin27,2518612.207
ae53fe95ad7f469e3187a126d6098100,1.0,2,2,True,True,True,True,False,True,0.05555555555555555,Anaerolineaceae bacterium AnMBR.bin189,2024896.417
f816f5de71e4c19785cd5dfa8ee073db,0.9966,21,18,True,True,True,True,True,True,0.002797202797202797,bacterium SGD-2,2713607.4
543dc760699879a2b12cd2e2525e6729,1.0,2,2,False,True,False,True,True,True,0.00980392156862745,Shinella sp. JR1-6,2527671.3
87e2bfb52174f1764d735f93e86017d3,1.0,1,1,True,True,True,True,True,True,0.011627906976744186,Paracoccus solventivorans strain DSM 6637,53463.8
b8be4a864e591a2801a0b9194efc1060,1.0,7,2,True,True,True,True,True,True,0.05982905982905983,Intestinibacter bartlettii D1125bin69,261299.153
82864a780f7d57947ef3451dd7539740,1.0,2,2,True,True,True,True,True,True,0.03571428571428571,Vibrio parahaemolyticus strain Vb2209,670.2923
79ba36cfcb1bdd16bc3aad97c47a1e6b,0.998,10,10,False,False,False,False,False,False,0.0,Sphingobium yanoikuyae A-TP,13690.142
7767ca8c82d1d254c5d3228f43b2b213,0.998,1,1,False,False,False,False,False,True,0.0,Natronincola ferrireducens strain DSM 18346,393762.4
af9554a6cc07a34c1cb6004e3dbb865a,0.999,8,4,True,True,True,True,False,True,0.16326530612244897,Dysgonamonadaceae bacterium Z2-37_MAG_36,2065189.155
ff2a3877c5cf4808816900f51bc130ba,0.9961,5,5,True,True,True,True,True,True,0.05,uncultured Halothermothrix sp. SRR5007349_bin.152_CONCOCT_v1.1_MAG,543059.3
49c907377454c6980ff0a520fe40abe2,0.9946,8,6,True,True,True,True,True,True,0.045454545454545456,uncultured Halothermothrix sp. SRR5007349_bin.152_CONCOCT_v1.1_MAG,543059.3
911ddc4e1da558630158fa05fba14992,0.9985,2,2,True,True,True,True,,,0.014492753623188406,Tenericutes bacterium strain zrk4,2231116.13
477487d12077a9fbaf195faaf466d827,0.9961,1,1,True,True,True,True,,,0.02040816326530612,Firmicutes bacterium UBA994,1948110.3
c99bcc4ed3b2887c914e9faf48d63e3f,1.0,3,2,True,True,True,True,True,True,0.10344827586206896,Pseudorhodoplanes sp. bin.109,1934341.19
af1a97638ae7817e6dc243cfe90ba23b,1.0,8,8,True,True,True,True,True,True,0.03260869565217391,Paracoccus ferrooxidans NCCB 100066,327104.5
07d5f956dc0652fbd2d22ea90b1bb136,0.998,11,8,True,True,True,True,True,True,0.23333333333333334,Syntrophomonas zehnderi OL-4,690567.3
61d14f45268668061628d7a7990641b2,0.9966,36,31,True,True,True,True,False,True,0.32653061224489793,uncultured Eubacteriales bacterium MGYG-HGUT-02132,172733.5152
b50c901a9773cf8216278d2bb4e70644,0.999,1,1,True,True,True,True,,,0.011235955056179775,Clostridiaceae bacterium strain M1-B18,1898204.323
f8e946bdec673e40686c9ab157a63ac0,0.9951,8,7,True,True,True,True,False,False,0.07692307692307693,uncultured Clostridia bacterium strain Reindeer_2_mag_174,244328.141
68c7aa8355d0b7c6e75c67d5df51d569,1.0,10,8,True,True,True,True,True,True,0.29411764705882354,Thermobrachium celere strain A9,53422.5
9579787280965385b425a1d323e3c6d3,0.9976,3,3,False,True,False,True,False,False,0.015151515151515152,uncultured Eubacteriales bacterium SRR22541660_bin.8_MetaWRAP_v1.3_MAG,172733.4218
e72dd431023ad44a88305647a224790d,0.9961,14,12,True,True,True,True,True,True,0.025252525252525252,Evtepia sp. bin.893,2773933.27
ef9fddde19882aba901f1b0419ec09d8,1.0,1,1,True,True,True,True,True,True,0.004149377593360996,Candidatus Cloacimonetes bacterium strain BF1 Bin 72,2030808.128
82520638c5842f94b7203788b78b3b92,0.9971,6,4,False,False,False,True,False,False,0.0,Proteiniclasticum ruminis strain CGMCC 1.5058,398199.5
3273539459d13e139159461e38ba3987,0.9976,1,1,False,True,False,True,False,True,0.02857142857142857,uncultured Clostridia bacterium SRR5024280_bin.45_CONCOCT_v1.1_MAG,244328.7181
24b5476371dc34ef4f12b359d6ea6fe4,0.9941,34,29,False,True,False,True,False,True,0.012658227848101266,Oscillospiraceae bacterium 29-1_88,2485925.3796
b4900060b15cd3eab0697bdc00bfc33a,1.0,2,2,True,True,True,True,True,True,0.0125,Methylorubrum pseudosasae SLI 233,582670.3
b1dd093a530c4f323e45823253ee9e15,0.999,16,16,True,True,True,True,True,True,0.2564102564102564,[Clostridium] hungatei strain DSM 14427,48256.3
283755ba25c1e02155384ef6f268c2ae,1.0,20,2,True,True,True,True,True,True,0.01874414245548266,Clostridium perfringens strain FORC_003,1502.156
47bb78bbb9b7eab1a487de7f1521ddd6,0.9951,7,5,True,True,True,True,False,False,0.07142857142857142,Christensenellaceae bacterium f66689b3-5376-4084-bd6a-22509cc8097c,2054177.120
58a5d06b791283b4270f688e0b7408c9,0.9941,5,4,False,True,False,True,False,True,0.057971014492753624,Methanomassiliicoccaceae archaeon strain B1Sed10_99,2052168.5
758b8307071957eb86c89a180b187482,1.0,2,2,True,True,True,True,,,0.0625,Candidatus Cloacimonetes bacterium 8-LJY_003,2030808.226
aa15b94e77f3955a73a15e15187b6482,0.9985,1,1,True,True,True,True,True,True,0.02040816326530612,Candidatus Darwinibacter acetoxidans M4B_bin13,3082383.25
a954a29c70499c3c72ee396f69b71c51,1.0,2,2,True,True,True,True,True,True,0.010309278350515464,Brevundimonas sp. UW_MP_CAUL1_1,1871086.100
0c0dcadbd501e2c17ca71995ed0b7ee1,1.0,1,1,True,True,True,True,,,0.047619047619047616,Pirellulales bacterium Bin_30_5,2715253.82
b73b1ef694c71eec29bf86c697f26b20,0.9985,4,3,True,True,True,True,True,True,0.1111111111111111,uncultured Saccharofermentans sp. 009b34df-6986-4c74-874c-2c53a54848ac,1434378.8
9e3e461620d3bc6fb82b614f65a5a69b,1.0,10,9,True,True,True,True,True,True,0.008739076154806492,Microbacterium sp. W1N,2977531.3
caddc7c3f8e30f2e74778fca73689c4b,1.0,2,2,True,True,True,True,True,True,0.034482758620689655,Clostridium sp. OS1-26,3070681.4
fb9d8df11e01ae4c33acac6db5a518b8,0.999,2,1,True,True,True,True,,,0.037037037037037035,uncultured Alphaproteobacteria bacterium MFD05442.bin.2.187,91750.4177
e1d678e0c2f5463421eec27874b0fab3,0.999,11,10,True,True,True,True,True,True,0.08108108108108109,Rhodanobacter thiooxydans FW510-R12,416169.8
564dff3148781f436e49ebbfb2590a6a,0.9985,2,2,True,True,True,True,True,True,0.015267175572519083,Mesorhizobium sp. L-8-3,2744522.3
7bfcdea57cc8e4bab6f3f3505b0dd682,0.9932,15,12,True,True,True,True,True,True,0.05,Cronobacter sakazakii strain cro1509W,28141.593
f4acc40b7b61bf7126ad84af26e93ed9,1.0,9,9,True,True,True,True,True,True,0.011135857461024499,Mycobacterium sp. RTGN5,3016522.4
8fa90e60ddaccabffcd68f6a481318a2,0.9956,12,6,True,True,True,True,,,0.11764705882352941,Anaerolineaceae bacterium 6_bin.133,2024896.394
e438545696891f9da484c32c04332871,0.9971,1,1,False,True,False,True,,,0.004098360655737705,Oscillospiraceae bacterium CE91-St41,2485925.2068
33bf7c73050395fa47eea57f63c0f87f,0.9971,2,2,False,True,False,True,False,True,0.017241379310344827,Dehalococcoidales bacterium SO_2017_CLC_103,2026733.279
26410d712017c834dccf638a040f9002,1.0,1,1,True,True,True,True,True,True,0.01694915254237288,Hungatella sp. UBA4396,1946596.3
e27928b6f9a580b0d7f95feeb01ba523,0.999,2,2,True,True,True,True,True,True,0.0111731843575419,Propionispora hippei DSM 15287,1123003.3
62925abc081ef537aea1336e58a4548a,1.0,2,1,True,True,True,True,,,0.09090909090909091,Bacteroidales bacterium 1-no_shock_S1_025,2030927.2651
2c4fdd0845cdde26dc7d98f576bb10e7,0.9951,13,12,True,True,True,True,True,True,0.09523809523809523,Desulfotomaculum sp. strain UBA7919,41211.6
61f3d4479c517d056179e27ae91cd284,0.9985,1,1,True,True,True,True,,,0.047619047619047616,Clostridia bacterium strain SM1-B15.1,2044939.3592
d5004573c96ec6eedcc4348d1145db37,0.998,12,9,True,True,True,True,True,True,0.19047619047619047,Hyphomicrobium methylovorum strain Bras1,84.6
40e233849dcafd1ca1e5dd020826ec04,0.9995,2,1,True,True,True,True,,,0.06451612903225806,uncultured Thermoleophilia bacterium MFD00032.bin.2.201,1497501.53
8aa21df13e2d324fd17fe7d44bc77099,0.999,2,2,True,True,True,True,True,True,0.08,uncultured Saccharofermentans sp. 009b34df-6986-4c74-874c-2c53a54848ac,1434378.8
ac535b64f804c2eee5084adc741f7839,0.9971,6,5,False,True,False,True,False,True,0.057971014492753624,uncultured Sporobacter sp. e8af7b5b-2777-4d70-ae1a-2f996b10623e,867686.3
6ba96f5208b35a9fa58a1e50271ece5c,0.9922,27,15,False,True,False,True,False,False,0.01694915254237288,Melghirimyces algeriensis strain DSM 45474,910412.3
ffb24eab9531da0542b30ff802e34b65,0.9985,10,8,False,True,False,True,False,True,0.006787330316742082,Eubacteriales bacterium STE_66,2831996.71
f0b4d6d49281190556a6cc4d5286dfb6,0.999,7,5,True,True,True,True,True,True,0.18181818181818182,Proteiniborus sp. MB09-C3,3050072.5
9895ece38025393ef9ccafafea501d77,1.0,1,1,True,True,True,True,True,True,0.005154639175257732,Robinsoniella peoriensis strain 6600698,180332.6
6c7a1a940865cb8fc19e17d404be6951,0.9995,1,1,False,False,True,True,,,0.0,Mycobacterium sp. SMC-8,2857060.4
134153c893d92731f1779897c269f055,1.0,1,1,True,True,True,True,True,True,0.030303030303030304,Methanothrix soehngenii STE_41,2223.15
6786956e5d741de3549e1c89e3a608b0,0.9946,22,13,True,True,True,True,False,True,0.175,Clostridia bacterium strain HGM12673,2044939.1034
e561c5c5f92aa66e6b1befb81385d1fc,1.0,1,1,True,True,True,True,True,True,0.037037037037037035,Bacteroidales bacterium strain R1-B4.1,2030927.2101
ba7e734314ca58b585509a99c1dc8f97,0.9985,1,1,True,True,True,True,True,True,0.012987012987012988,Clostridium sp. MSJ-11,2841512.3
22b437d42a93adf1a1f4912a2f2bc487,1.0,3,2,True,True,True,True,,,0.02727272727272727,Comamonadaceae bacterium strain Hade_18-Q3-R52-61_MAXAC.026,1871071.50
212a34f4dcb9f9a8c0941fcf86f0e6bc,0.9976,12,11,True,True,True,True,True,True,0.25925925925925924,Acetivibrio straminisolvens FC2,253314.5
18c8a1caa02afa9f20b6974f6da7568c,1.0,1,1,True,True,True,True,,,0.03333333333333333,Synergistota bacterium JPAS_maxbin.078,2268202.74
8b2843ccdbc3d39c6d758b7f91388341,0.999,1,1,True,True,True,True,,,0.037037037037037035,Litorilinea sp. AnMBR.bin499,2838787.7
53b91ed8941d63dc6bdcf622f25e3b10,1.0,1,1,True,True,True,True,True,True,0.045454545454545456,Candidatus Pullichristensenella sp. AnMBR.bin484,3097447.3
c97b49b5849b709da91fb5f6f48cd9eb,1.0,1,1,True,True,True,True,True,True,0.015625,Sphingosinicella microcystinivorans strain B9 strain B-9,335406.5
9b38c83e9f4e2a1c9ccca312a8701603,1.0,2,2,True,True,True,True,,,0.05263157894736842,Candidatus Cloacimonadaceae bacterium AnMBR.bin480,3064664.21
966a27b7648de7ac63f5c15a8be0d10a,0.9951,13,7,False,True,True,True,False,True,0.046511627906976744,Phycisphaerae bacterium strain MAG49,2026778.105
2096bed8d8d3c009cd128c5f66954ed4,1.0,4,3,True,True,True,True,,,0.18181818181818182,Bacteroidetes bacterium ADurb.Bin123,1852804.3
2b7920f905d876304aa83fc776cd91a4,0.9995,1,1,True,True,True,True,True,True,0.02631578947368421,Hungateiclostridium alkalicellulosi strain DSM 17461,320502.3
a78a93326d787b79c22198acbce80e81,1.0,1,1,True,True,True,True,,,0.016129032258064516,Candidatus Cloacimonetes bacterium JPNA_maxbin.078,2030808.326
d8c78611226dae60111f022dc0a9f947,0.9971,1,1,False,False,False,False,False,True,0.0,Alkalihalobacillus sp. AL-G,2926399.5
4a76bdc5b45d149d7aa31d04b9f46dbe,1.0,3,3,True,True,True,True,False,True,0.06,Spirochaetes bacterium ADurb.Bin001,1852907.3
fa29a08838db72d944922cbf3ca72b38,1.0,1,1,True,True,True,True,,,0.0051813471502590676,Firmicutes bacterium OH_CDB_149,1879010.9840
d5ba4ee44ca72bb2c78ee918d3d0707d,0.9995,10,8,True,True,True,True,True,True,0.15217391304347827,Alkalihalobacillus sp. LMS39,2924032.3
3e7c933c821c9f18e53e1dda439951cf,0.999,1,1,True,True,True,True,,,0.038461538461538464,Anaerolineae bacterium AnMBR.bin280,2052143.1141
d7df91c0a9354c5b73ddf9b28799ae43,0.9995,3,2,True,True,True,True,True,True,0.00130718954248366,Ralstonia solanacearum CMR15,859655.9
edb1b7dc98830cdfb83ef9466ad4aaaa,1.0,1,1,True,True,True,True,,,0.02564102564102564,Chloroflexi bacterium UR.bin258,2026724.1784
60aded12db04cbb8ba0091f3bb63d0a6,0.999,2,2,False,True,False,True,True,True,0.011363636363636364,Leucobacter sp. NB 10,2873270.4
ce94860005cb569777791022ac3014af,1.0,1,1,True,True,True,True,True,True,0.015384615384615385,Methanobacterium sp. YSL,2841655.3
800e0527da5f9218e61c70f7d0ec8715,0.999,1,1,False,True,False,True,False,True,0.01639344262295082,Serratia quinivorans FOH365,137545.129
aad81ac0351dcd619b00c97e690dfa5f,1.0,1,1,True,True,True,True,,,0.043478260869565216,Anaerolineae bacterium AnMBR.bin235,2052143.1144
fa83652d0f1eca666000903a370b6e14,1.0,8,5,False,True,True,True,True,True,0.037383177570093455,Lysinibacillus fusiformis strain 1226,28031.57
aa4b8fb0330c049740437e03fc90a40e,0.9971,13,12,False,True,False,True,False,True,0.014084507042253521,Alkaliphilus sp. B6464,2731219.3
6b68ebbc9e9e8d26fa7018cf163d4848,1.0,1,1,True,True,True,True,,,0.008695652173913044,Rhizobiales bacterium strain Hjor_18-Q3-R7-51_MAXAC.078,1909294.1090
c4118088ab2644671a1d9d540c060b19,0.9932,14,13,True,True,True,True,False,True,0.10810810810810811,uncultured Clostridia bacterium MFD08669.bin.2.65,244328.9105
cae75e1117d316c3a8f12909f766135b,0.9995,1,1,False,False,False,False,False,True,0.0,uncultured Actinomycetota bacterium MFD01299.bin.2.216,3039803.759
c4112b995ef6cd2f05559f6a3057bc7c,1.0,2,2,True,True,True,True,True,True,0.03773584905660377,Methanobacterium sp. MZD130B,3394378.3
2e8ba4a2f665cc3ad88530fc739b1f9c,0.998,1,1,True,True,True,True,True,True,0.03125,Pelotomaculum propionicicum strain MGP,258475.3
d22ab0227295d4646e98ca484b96c239,0.9985,2,2,False,True,False,True,True,True,0.03773584905660377,Clostridium ganghwense HY-42-06,312089.3
55f0a15d367f1f98823a8accf53c1ab4,0.9995,19,16,False,True,False,True,True,True,0.14285714285714285,Oryzisolibacter sp. LB2S,3228789.3
b9d27d1dc44fea66778479161f6ed7c6,0.9985,1,1,False,True,False,True,,,0.02702702702702703,uncultured Clostridia bacterium min17_bin68,244328.198
fff6f2b1de224120c999dde9f25fcd0a,0.9995,6,6,True,True,True,True,True,True,0.09615384615384616,Achromobacter sp. CA_2019_NHSR_37,134375.104
e8b184a091b069447aaa71429105e326,1.0,2,2,True,True,True,True,True,True,0.022727272727272728,Sphingopyxis granuli A2-E30,267128.12
326834f69c357dad79f31e792597dd1d,1.0,1,1,True,True,True,True,,,0.02631578947368421,Methanoregulaceae archaeon CTOTU18331,2485498.90
351fdba7f02fbaff27a231855c689a8a,0.9995,3,3,True,True,True,True,,,0.125,uncultured Actinomycetota bacterium SRP098346_co1_226,3039803.1658
ae2245c2d637b8badfb1037f95ffd4f7,0.9946,9,7,True,True,True,True,False,False,0.14285714285714285,Christensenellales bacterium AnMBR.bin339,3083246.31
3b04ef795d02d4d5ddc42f2c2598e1d7,0.9995,2,2,True,True,True,True,True,True,0.08,Thiobacillus sp. strain SCN18_31_3_15_R5_B_63_816,924.19
76822eb34ea3cf76c00fb31b39d43b12,0.9995,8,8,False,True,True,True,True,True,0.018633540372670808,uncultured Actinomycetota bacterium MFD03975.bin.2.193,3039803.853
f12686b1d3e4d79217d2b79924ed502d,1.0,1,1,True,True,True,True,True,True,0.0072992700729927005,Paraclostridium bifermentans strain DSM 14991,1490.72
5adea97be7d61a174324b19e19ba1dea,1.0,3,2,True,True,True,True,False,True,0.04411764705882353,uncultured Actinomycetota bacterium MFD01275.bin.1.26,3039803.594
1449d53a8ab97ad249f2332b5bd012b9,0.999,1,1,True,True,True,True,True,True,0.02040816326530612,Proteiniphilum sp. strain Rep1_Bin026,1926877.12
82eeb8631b1f7982fd141bbf2ed2f4dc,1.0,6,4,True,True,True,True,True,True,0.15384615384615385,Proteiniphilum sp. SO_2017_LW3_98,1926877.74
29cd0f756cdd319b032b1b1eb1be4c8f,0.9985,1,1,True,True,True,True,,,0.021739130434782608,Anaerotignaceae bacterium D1125bin47,3121680.3
ee4ac6545a6964811ec188369b533ff7,0.9995,8,7,True,True,True,True,True,True,0.1388888888888889,[Clostridium] hungatei strain DSM 14427,48256.3
873b71b30dcfcdbdf2e7080dd9db241f,0.9985,1,1,True,True,True,True,,,0.045454545454545456,uncultured Chloroflexia bacterium MFD05942.bin.2.46,1672391.534
88399278e67a6f27c1c493c39b174391,1.0,2,2,True,True,True,True,True,True,0.047619047619047616,Candidatus Hadarchaeum sp. JZ-3_201901_bins_38,2883567.28
cadb4455b724f027fc10968f3b93c4f5,1.0,1,1,True,True,True,True,True,True,0.02564102564102564,Hyphomicrobium sulfonivorans strain S1,121290.8
f0547f74dbcfeca9eef70572311914b5,0.9937,4,3,True,True,True,True,,,0.2,Synergistales bacterium Syner_01,1674906.4
74316f0e658505498c0bd04393736a67,0.9995,9,9,True,True,True,True,True,True,0.057971014492753624,Bosea sp. TWI1241,3148904.3
f988ea53dbaa37384a49d4315240db30,1.0,2,2,True,True,True,True,True,True,0.06451612903225806,Lysobacter sp. Alg18-2.2,2603204.3
a73d6b4ed74fd4af4a3c77ef62e48ec5,0.9956,29,24,True,True,True,True,False,True,0.0625,Christensenellales bacterium AnMBR.bin221,3083246.38
4e9f7176de6f2af840aa8a369a060705,1.0,3,3,True,True,True,True,True,True,0.02586206896551724,Bosea sp. TND4EK4 strain TND4EK4,1907408.3
494686a85ca80380a18f37e6e723f6ff,0.9956,5,3,True,True,True,True,False,True,0.044444444444444446,uncultured Gammaproteobacteria bacterium MFD02579.bin.2.49,86473.1953
3f621680f877f8755d3bf38982001f7b,0.9971,11,8,True,True,True,True,False,True,0.23809523809523808,Victivallaceae bacterium STCSWMC_215,2793042.11
475e27bf3e60bc624563dd2d438e0a64,1.0,3,3,True,True,True,True,True,True,0.061224489795918366,Alkalihalobacillus sp. DSM 8715,3025677.3
e5632edb0fd267dbaf571c758b91be2a,0.9971,9,8,False,True,False,True,False,True,0.016129032258064516,bacterium G02614-L1_cleanbin_000013,1869227.5765
f898c7a8c566d0beb46d5448dde2387c,1.0,21,17,False,True,True,True,True,True,0.009648518263266712,Bradyrhizobium sp. WBAH10,1390116.8
fa7c27da02160cd4642de54d236e78fc,1.0,4,4,True,True,True,True,False,True,0.025157232704402517,Clostridium sp. CCUG 7971,2811414.3
cbe80782cb7eff2eb8427fae47b49d1a,0.9956,9,6,True,True,True,True,False,True,0.020134228187919462,Firmicutes bacterium strain MES11,1879010.6660
f95801513925a658f6f017e67e77e9a0,0.9985,3,3,True,True,True,True,True,True,0.06896551724137931,Gracilibacter sp. BRH_c7a,1734398.4
82027df46b4cddd4d7136ccfaa25a19f,0.998,15,13,True,True,True,True,False,True,0.08695652173913043,Candidatus Cloacimonadota bacterium USMO_maxbin.063_sub,2030808.361
9c4d55fa490cfb3be28c93ed90a4859d,0.9966,1,1,True,True,True,True,,,0.019230769230769232,Candidatus Bathyarchaeota archaeon DYS_5,2026714.613
d98dabbea4fe10de13ec5310782324e8,1.0,1,1,True,True,True,True,True,True,0.010526315789473684,Xanthobacter sp. V3C-3,3119935.3
07751ebfb567d65db3f366d9c4037e68,0.999,1,1,True,True,True,True,,,0.013157894736842105,Methanomassiliicoccales archaeon RumEn M1 EST-A-0001,1713724.6
42bdb37eaf4585993d2dadc410341bfc,0.9985,6,3,True,True,True,True,,,0.17142857142857143,Christensenellaceae bacterium 20c35e01-8a7f-49ef-9147-7de253b6e4f4,2054177.125
3756db37fff5d61b7ec84aad15fa4c44,0.9941,7,5,True,True,True,True,True,True,0.2413793103448276,Thermoanaerobacterales bacterium SK-G1,2316383.3
5c331188779be5bb65a2e80544aa8dea,1.0,6,3,True,True,True,True,True,True,0.21428571428571427,Bellilinea caldifistulae strain GOMI-1,360411.11
6239566d7bda185bbc00c6475202b675,0.9976,1,1,False,True,False,True,,,0.034482758620689655,Acholeplasmataceae bacterium 45ae5b24-82d0-47e0-b430-a4ed073fe207,1898209.106
f07216e3758674127b729897fc2945ba,0.9961,2,2,True,True,True,True,,,0.01639344262295082,Actinobacteria bacterium strain palsa_647,1883427.55
0d01943ed06ec0c8998ac39665f5452a,0.9956,6,3,False,True,True,True,True,True,0.023809523809523808,Candidatus Darwinibacter acetoxidans M4B_bin34,3082383.5
bdc8f8a67a910d09965f2c9975bb00c8,0.9971,6,6,True,True,True,True,True,True,0.07142857142857142,Thermoclostridium caenicola strain DSM 19027,659425.3
9351cccfbe9ec3b210cc47272367a7df,0.9976,2,2,True,True,True,True,,,0.0136986301369863,Bacillota bacterium JPMR_metabat.53_sub,1879010.10586
5346417a16a786a9003aaee8d9cf6253,0.999,1,1,True,True,True,True,,,0.018867924528301886,Bacteroidetes bacterium ADurb.BinA104,1852816.3
a8c0192a45a12e2f86fe50245c36917d,0.998,26,20,True,True,True,True,False,True,0.11627906976744186,Eubacteriales bacterium mix99,3039678.5
bcfc5d3c9a3586094059acfae2f253f4,1.0,1,1,True,True,True,True,,,0.020833333333333332,Candidatus Nanopelagicales bacterium STL-ACT33,2518612.352
32d1077d28b29a3f6b93e1c0cbad6fda,1.0,6,4,False,True,True,True,False,True,0.07142857142857142,uncultured Actinomycetota bacterium MFD03066.bin.3.412,3039803.221
9686ac0f1487906d7d6ebd3fd7dc8d2b,0.9971,19,13,False,True,False,True,False,True,0.030042918454935622,Bacteroides thetaiotaomicron SRR22541664_bin.3_MetaWRAP_v1.3_MAG,818.2633
69b20cc817bea5dcb9b42ccea6416abb,1.0,2,1,True,True,True,True,True,True,0.0273972602739726,Acholeplasma laidlawii strain NCTC10116,2148.13
7229a1a874924db8456664b2a5985136,0.9985,1,1,True,True,True,True,True,True,0.024390243902439025,Herbinix hemicellulosilytica strain LL1355,1564487.7
f397a6809dc09fd4f5cc5f425c5eb0ba,0.9976,1,1,True,True,True,True,,,0.0196078431372549,Anaerolineaceae bacterium maxbin2.bin.9,2024896.380
387fd7acb95a1f0053edacb08ca9384d,0.999,11,7,True,True,True,True,False,True,0.4166666666666667,Anaerovoracaceae bacterium cdaadf04-e2f3-4fd8-80f9-b39a06479d73,3030912.14
fd7c9ad162f78a62dda5099c417becc6,1.0,2,2,True,True,True,True,,,0.0625,Anaerolineae bacterium AnMBR.bin199,2052143.1146
64303da63d4474d55a0486a7f379c2ba,0.9976,1,1,True,True,True,True,,,0.02702702702702703,Spirochaetales bacterium Spiro_06,1674862.5
bd1731c0114c40d5784dd170ea5f3422,0.9956,1,1,True,True,True,True,,,0.018518518518518517,Firmicutes bacterium strain MES11,1879010.6660
402e6b5b282305d18249bfd6887eee0a,0.9995,5,5,True,True,True,True,True,True,0.07142857142857142,Lacrimispora sp. BS-2,3151850.3
1be424347c91d4aef0664f5e7d157c32,1.0,1,1,True,True,True,True,True,True,0.02,Christensenella sp. MSJ-20,2841518.3
144e3876b7943b5474d329bec54856a4,1.0,1,1,True,True,True,True,True,True,0.01639344262295082,Methanoculleus sp. 7T,2937282.4
281228d4a8faf2330f12bda44eeeb6af,1.0,1,1,True,True,True,True,True,True,0.02702702702702703,Anaerolinea sp. Uz-U4-01,1872519.87
e111f26c316c8b919015c64090c7cdef,0.9995,4,4,True,True,True,True,True,True,0.09375,Clostridium aceticum strain DSM 1496,84022.6
9ff60b1660430eecb3f6b31e6f3db189,0.9961,9,8,True,True,True,True,False,True,0.08108108108108109,Firmicutes bacterium OH_HBrB_188,1879010.10044
349d6e0ff74f02b6d2d55d29a6084ea2,1.0,1,1,True,True,True,True,True,True,0.020833333333333332,Marmoricola sp. AS_Ams2_Bin1,1909296.55
99f9b204f31c6690c17496f44394b974,1.0,3,3,True,True,True,True,True,True,0.03409090909090909,Leucobacter sp. 7(1) strain 7(1),1255613.3
8a7df6e8751646d9927c0f0ed34cbf5b,0.9995,1,1,True,True,True,True,,,0.03571428571428571,Eubacteriales bacterium STE_66,2831996.71
8e9415fb1edc2f6f3ccda52f97761c01,1.0,1,1,True,True,True,True,True,True,0.034482758620689655,Gemmobacter megaterium strain DSM 26375,1086013.3
effac6ec8d11ae5d2d4f029c5f18e3be,0.9937,1,1,True,True,True,True,,,0.017241379310344827,uncultured bacterium SRR3901694_bin.115_CONCOCT_v1.1_MAG,77133.4205
07e45dbcdbdf6f14162122517de780b0,1.0,18,3,False,True,False,True,False,True,0.018292682926829267,Faecalibacterium prausnitzii Map_186_003,853.8341
10bb410cab85c3ad55c3e1b7a643ae2a,1.0,4,4,True,True,True,True,True,True,0.0975609756097561,Cronobacter dublinensis strain cro2915W,413497.13
fa8e5e27d8fba25e37fc05340a105914,1.0,2,2,True,True,True,True,True,True,0.027777777777777776,Methanomassiliicoccaceae archaeon AnMBR.bin132,2052168.68
a5ad9574a1f8aea06b6dfaff6eddfff7,1.0,2,2,True,True,True,True,True,True,0.006006006006006006,Crocinitomicaceae bacterium CTOTU27890,2026728.276
ffc8f144edd6d82dce1b1b9056b59bef,0.9971,2,2,True,True,True,True,True,True,0.07692307692307693,Tautonia sp. JC769,3232135.3
88dc9b1bf64124875974e6e8ce1bb2e0,1.0,3,3,True,True,True,True,True,True,0.00847457627118644,Dietzia sp. 2505,3156457.4
c97244fcde2f912b5f515df2d4803f23,0.999,1,1,True,True,True,True,,,0.04,Bacillota bacterium bin10.1,1879010.11279
057bcefe7d185d0daf7b610144b1fa59,0.9995,6,4,True,True,True,True,,,0.12,uncultured Chloroflexia bacterium MFD00392.bin.3.302,1672391.683
49c2b5d0aaf2ac8b0ee6cae5b6c5a8f4,1.0,1,1,True,True,True,True,True,True,0.02702702702702703,Pseudolabrys sp. GY_H,2292256.3
8d5c57433a03e4329c7e6b3aaf6668a1,0.9961,7,6,False,False,False,True,,,0.0,Demequina sediminicola strain NBRC 105855,1095026.3
bdd1ff0b7dda6da30f922fc86600543a,1.0,1,1,True,True,True,True,True,True,0.034482758620689655,Clostridium culturomicum strain Marseille-P3545,1964382.3
8d6e9c000ccfb1a2eb70d805990db95d,0.9995,2,2,True,True,True,True,False,True,0.03333333333333333,Lachnospiraceae bacterium AnMBR.bin497,1898203.6596
4cec2826da45c90930f69ae290165f1d,1.0,1,1,True,True,True,True,,,0.038461538461538464,Syntrophorhabdus sp. strain Gw_SlDig_bin_301,2699756.6
353932b8f9bc8551107028bbc48b250c,0.9941,12,7,True,True,True,True,False,True,0.12121212121212122,Eubacteriales bacterium T1900044577_TS20190043.MAGScoT_cleanbin_000015,2831996.592
b97547037e6bed020583b930bd3684cc,1.0,7,6,True,True,True,True,True,True,0.06521739130434782,Smithellaceae bacterium AMR_MDS_4314,2964540.60
6bbba65392a923662648a61d94002b30,0.9951,7,7,False,True,False,True,False,True,0.00684931506849315,Vallitaleaceae bacterium c0ba017c-7b98-4334-a234-c16200e784d9,2762022.10
3e0febfb4a6a1915ac7dbadd489360be,0.9995,1,1,True,True,True,True,,,0.013157894736842105,uncultured Alphaproteobacteria bacterium MFD04651.bin.1.141,91750.4167
0a052939cf0cfd20acc22c826676e32c,0.9976,2,2,True,True,True,True,True,True,0.012903225806451613,Dehalobacter sp. DAD,1962289.10
c5f63d06bc0e136c998bf43f719776c3,0.9941,5,5,True,True,True,True,True,True,0.01818181818181818,Geofilum rubicundum JCM 15548,1236989.10
a6e69a1d97c797ccefc9a46e1e9d59b9,1.0,1,1,True,True,True,True,True,True,0.025,Planctomycetota bacterium AMR_MDS_2265,2026780.1784
c1ed97b9675b1d0f08c9cd6e6ab9eb76,1.0,1,1,True,True,True,True,,,0.038461538461538464,Bacillota bacterium USOA134_maxbin.217_sub,1879010.10564
6ba11aa98436328c7d53c0b5db9dd2b0,0.9961,5,5,False,True,False,True,False,True,0.025,Cronobacter dublinensis strain cro2915W,413497.13
592e037654532013ab7258e4ae16b0b5,0.9961,1,1,True,True,True,True,,,0.03571428571428571,Armatimonadota bacterium AS-MESO-3CA.311,2033014.703
99b459540b7b4682716095be1962981e,1.0,4,4,True,True,True,True,True,True,0.025157232704402517,Candidatus Cloacimonetes bacterium JPAS_maxbin.214,2030808.327
91ae0ed28c5142ecc8b8e9a5d5f707d5,1.0,24,10,False,True,True,True,True,True,0.031818181818181815,Clostridium botulinum CA-25-0146,1491.3111
fb89ee34d5f2ddb3d1ce9da15080b792,0.9985,3,3,True,True,True,True,False,False,0.011627906976744186,Tenericutes bacterium strain zrk4,2231116.13
440cf59737156116c2e42f84552562b8,0.9995,3,3,True,True,True,True,True,True,0.008310249307479225,Aquamicrobium sp. cd-1,2781738.3
00fb4699f8a2077aa4225851ec609f82,0.999,6,5,True,True,True,True,True,True,0.21428571428571427,Lentimicrobium saccharophilum strain TBC1,1678841.5
923d1e7b6ceac97721615d80cf869780,0.9985,6,5,True,True,True,True,False,True,0.16666666666666666,Bacillota bacterium JPMR_metabat.40_sub,1879010.10588
147f672fdb531def69cb4b3f1c5029da,0.999,2,2,False,True,False,True,True,True,0.006600660066006601,Leucobacter exalbidus strain DSM 22850,662960.3
85f6db727b9f9f28fa57d33177a6f386,0.9995,1,1,False,True,False,True,True,True,0.015873015873015872,Devosia sp. YR412,1881030.3
d7e616d63605ffd0d9129244621edbfc,1.0,1,1,True,True,True,True,,,0.022727272727272728,Synergistaceae bacterium DZ-S5,3397570.3
4faa3699baba0e697f56b8f69a2a1f40,0.998,1,1,False,False,False,False,,,0.0,Clostridia bacterium AnMBR.bin495,2044939.4953
941c985cd594eddbaa7ba0e614bdf30f,1.0,2,2,True,True,True,True,True,True,0.017857142857142856,Ancrocorticia sp. 5N183,2593684.35
da42156b748b0af3ebc3c6268720755e,0.9961,5,2,True,True,True,True,,,0.17391304347826086,Chloroflexi bacterium HGW-Chloroflexi-2,2013725.3
19dccdcbb0a9ad59e58d289bcdb09295,0.9985,1,1,True,True,True,True,True,True,0.013888888888888888,Marasmitruncus massiliensis strain Marseille-P3646,1944642.3
8e6aad6b74b9b6601b06801e804b3ab3,1.0,1,1,True,True,True,True,True,True,0.01818181818181818,Plastorhodobacter daqingensis CGMCC 1.12750,1387281.3
c2cac7d762781f38d91567c99eba157e,0.9951,18,13,True,True,True,True,True,True,0.0234375,Intestinimonas sp. CLA-AA-H199,2881257.9
a017db3bfdae612d959f9edcc112104c,1.0,1,1,True,True,True,True,True,True,0.0045871559633027525,Polaromonas sp. 17-63-33,1970413.3
d0d582d9d9b71467f236f9bace54eea5,0.9995,1,1,True,True,True,True,True,True,0.018867924528301886,Acidovorax caeni strain R-24608,343013.3
eb689bb0db80cb3fc1f81366f262fd18,0.9956,6,6,False,True,False,True,False,True,0.014705882352941176,Myroides odoratus IAM,256.41
2b62bf55e8226888eabfb4f4da82a02f,0.999,4,4,True,True,True,True,False,True,0.14285714285714285,uncultured archaeon MFD03899.bin.2.173,115547.263
ef7c28bb28866912b76003ee110bdf6b,1.0,4,3,False,True,True,True,True,True,0.041666666666666664,Pseudoxanthomonas mexicana isolate_71,128785.57
d947bf2404132e0163f3c59d1bce36f7,1.0,1,1,True,True,True,True,,,0.037037037037037035,Bacteroidetes bacterium ADurb.BinA104,1852816.3
e843b0e0535e8033ed7c08faf28016ca,1.0,2,2,True,True,True,True,,,0.1,Thermomicrobiales bacterium STL-CHL30,2482790.201
527903fbf386db15505deed22209fe0a,0.9985,10,7,True,True,True,True,True,True,0.1794871794871795,uncultured Saccharofermentans sp. 009b34df-6986-4c74-874c-2c53a54848ac,1434378.8
d2e29353b6ede10f1607456fa86e6300,0.9995,3,3,True,True,True,True,True,True,0.0625,Chelativorans oligotrophicus strain LPM-4,449974.3
956d35dae808c86e4c2763cba7d609fa,1.0,1,1,True,True,True,True,True,True,0.012048192771084338,Hungatella xylanolytica strain ASCUSBR21,384636.7
839049ed2eabc492bfa76bca3e4f9075,0.9995,1,1,True,True,True,True,,,0.015873015873015872,Bacillota bacterium MAG326_KBP,1879010.10805
bab16dfe7bab8f56e30de9733e5a5964,1.0,2,2,True,True,True,True,,,0.058823529411764705,Deltaproteobacteria bacterium USST_maxbin.014,2026735.2489
5f438bcb87bf9d011daee383cbf8268b,1.0,23,11,False,True,False,True,False,False,0.011627906976744186,Micropruina glycogenica JCM 10248,75385.8
c4587a7b24a6c49f9de0882e32f519f5,0.999,2,1,True,True,True,True,True,True,0.125,Mycobacterium tuberculosis ERR176796,1773.19449
955d34a1529b6fbcf425ced56e3b7fc1,0.9985,2,1,True,True,True,True,,,0.0625,Thermomicrobiales bacterium ACE_NR_CHLO9,2482790.54
5cf9be63b0ce8289c8ac73ac5162ad0b,0.9985,4,4,True,True,True,True,True,True,0.1111111111111111,Acetivibrio straminisolvens FC2,253314.5
194253bf7725522741f6f5467928510d,0.9946,9,8,False,True,True,True,False,False,0.10256410256410256,Christensenellales bacterium MAG8007,3083246.374
beb160f1d174dc940a6dd9816c42ca01,0.9995,2,2,True,True,True,True,,,0.011235955056179775,uncultured Actinomycetota bacterium MFD02840.bin.1.267,3039803.943
c3764288be8ac8815185c4ee6d913e81,1.0,1,1,True,True,True,True,,,0.034482758620689655,Bacteroidetes bacterium ADurb.Bin037,1852800.3
2b33fe69214c39198384dc9686326117,0.999,1,1,True,True,True,True,,,0.04,Phycisphaerae bacterium 15dZY3.bin.36,2026778.559
83d1208a372f046a842442d3a156c435,0.9927,1,1,False,True,False,True,False,True,0.02857142857142857,Rhodothalassium salexigens strain IM265,1086.6
43c944338e9f3b7dbdf05108887a754a,0.9995,6,5,True,True,True,True,True,True,0.11428571428571428,Cronobacter dublinensis strain cro3214W,413497.9
e5f056df23811f3fe0e48de4aafd0d9b,0.9995,1,1,True,True,True,True,True,True,0.011904761904761904,Rhodanobacter sp. AS-Z3,3031330.3
c41c5795922c324df06444964515a11f,1.0,5,5,True,True,True,True,True,True,0.008830022075055188,uncultured Actinomycetota bacterium MFD00392.bin.2.11,3039803.62
8afde037c611bdd1b53997b0f6b4dd7a,0.9858,0,0,False,False,False,False,,,0.0,uncultured Rhodoferax sp. binchicken_co296_124,223188.48
6cd5cb3562f8ff28e2e21339a4fc55c1,0.9966,1,1,True,True,True,True,,,0.03333333333333333,uncultured Gammaproteobacteria bacterium MFD04434.bin.1.124,86473.2173
3ab7c5dece6b62c7faf92b667d63b4a0,0.999,1,1,False,False,False,False,True,True,0.0,Oscillibacter sp. CTOTU46994,1945593.2602
6589433bc08b7cdc5ea1e4928683ed00,1.0,2,2,True,True,True,True,True,True,0.010810810810810811,Corynebacterium sp. NPDC060344,3347101.3
913e8b6ddca7947f95db836301d8e9cd,1.0,2,2,True,True,True,True,True,True,0.0024968789013732834,Rhizobium sp. strain LANL01E,391.51
6504a13e2edb3328fffb344daf7b2ee3,1.0,2,1,True,True,True,True,True,True,0.05405405405405406,Flexilinea sp. AMR_MDS_2135,2017390.58
07a0a37967e31e9f4fe1683f99cc42b7,0.9976,2,2,True,True,True,True,False,True,0.08695652173913043,Eubacteriales bacterium mix99,3039678.3
80696a8e4c14013684c162880b99abc9,0.9995,2,2,False,True,True,True,True,True,0.0004222972972972973,Burkholderia pseudomallei KM376,28450.2703
026600da36b900cf6ff6ee481b90793a,1.0,1,1,True,True,True,True,,,0.011235955056179775,uncultured beta proteobacterium MFD04716.bin.1.308,86027.1245
67ab6a8c32dcb38e12415ef305a06ce6,0.9985,1,1,True,True,True,True,,,0.015873015873015872,Saccharofermentanales bacterium SO_2017_LW2_24,3107571.4
114bc1da00dea879e58c42626058bb7e,0.9995,1,1,True,True,True,True,,,0.0007342143906020558,Xanthobacteraceae bacterium NJ_NJASGE3bin.14,2021379.333
61637c95fcfd388d16465d5d8ae30f0a,1.0,1,1,True,True,True,True,True,True,0.0030864197530864196,Dietzia sp. DQ11-38-2,2711155.3
aa994f6ce33aa806c707bdc34ef908ef,1.0,1,1,False,True,False,True,True,True,0.017857142857142856,Sphingopyxis sp. SMAG_U6396,1908224.78
dd365165667aed1d7e806ab8ded914dd,0.9971,5,3,True,True,True,True,True,True,0.057692307692307696,Intestinibacillus massiliensis strain type strain: Marseille-P3216,1871029.3
46636732082e8b359502809c48875633,0.9995,1,1,False,False,False,True,,,0.0,uncultured Alphaproteobacteria bacterium MFD04651.bin.1.44,91750.3950
df443df991086de26795466fa2bdd4f2,0.9937,11,8,True,True,True,True,False,True,0.09090909090909091,Firmicutes bacterium OH_HBrB_188,1879010.10044
c2a63e5593cc5d91688af8f3abd60f16,1.0,1,1,True,True,True,True,,,0.013333333333333334,Proteobacteria bacterium strain SZAS TMP-24,1977087.938
6e01e4385cee37baa2cba8e4af01c030,1.0,1,1,True,True,True,True,,,0.0010834236186348862,Burkholderiaceae bacterium strain Hjor_18-Q3-R7-51_BATAC.292,2030806.99
90180ad539e48d0fd6f3161438f747b7,0.9976,1,1,True,True,True,True,,,0.041666666666666664,Eubacteriales bacterium STF1_200,2831996.90
0ce454899698457894ff03330870f380,1.0,2,2,True,True,True,True,True,True,0.017094017094017096,Phaeovulum sp. NW3,2934933.3
89be024198d6c2575cdec2fecfd9129a,0.9976,1,1,False,True,False,True,False,True,0.022727272727272728,Synergistaceae bacterium bin97,2053624.188
021debed55af14cc6451649e0fcd3ad0,1.0,2,2,True,True,True,True,True,True,0.01639344262295082,Clostridium ventriculi strain NCTC12966,1267.15
89bd7c45f05c79d6fbb1fbda696d5bae,0.9961,15,7,True,True,True,True,False,True,0.14634146341463414,uncultured delta proteobacterium MFD02159.bin.3.67,34034.466
c9209e2a22c08ecdf2762a15fb6e44e1,0.9995,1,1,False,True,False,True,,,0.03333333333333333,Anaerolineaceae bacterium UBA4890,1951417.3
61786e38b934cbe33d5850a578a7ee22,0.9961,6,4,False,True,False,True,False,False,0.05405405405405406,Acetivibrio sp. MSJd-27,2841523.3
1e2c02998bd1e6ff2aad5bd96b138e35,1.0,2,1,True,True,True,True,,,0.06666666666666667,Syntrophobacteraceae bacterium AnMBR.bin493,2052185.55
c80287fd598d09df08b50511b22020e5,1.0,1,1,True,True,True,True,,,0.043478260869565216,Thermoleophilia bacterium AnMBR.bin184,2026888.226
f2fbdc2b912ea775653691981335232f,0.9946,6,4,False,True,True,True,,,0.07692307692307693,Chloroflexota bacterium MEGAHIT-group-0.244,2026724.3480
2e3414cd356e335e4f675efeb43938b3,1.0,5,4,True,True,True,True,True,True,0.050505050505050504,Eubacterium limosum B2,1736.42
234b81fb7fa91bcfef74c8511c07a219,0.999,1,1,True,True,True,True,,,0.021739130434782608,Christensenellales bacterium AnMBR.bin536,3083246.49
5ab25dcdb272bc212f8833c23f30c16e,0.9995,1,1,False,True,False,True,True,True,0.0048543689320388345,Alcaligenes endophyticus CCUG 75668,1929088.4
573471302da724edb5d0fa958385fb6d,1.0,2,2,True,True,True,True,True,True,0.06451612903225806,Denitratimonas tolerans KACC 17565,1338420.3
a5855fa4fbc240bfd25ccc70b1627be3,1.0,1,1,True,True,True,True,,,0.05,Clostridiaceae bacterium CA_23,1898204.478
3d89b82f7dc8f2f24e7c65124529a879,1.0,3,3,True,True,True,True,True,True,0.009615384615384616,Xenophilus aerolatus DSM 19424,452922.7
676c29f329b29adbd48921804b86030e,1.0,1,1,True,True,True,True,,,0.02564102564102564,uncultured bacterium CTOTU23009,77133.16854
c5fd2a45a5ac6f49a4089d35044de207,0.9966,5,5,False,True,False,True,False,True,0.10344827586206896,Pseudobacteroides cellulosolvens ATCC 35603 = DSM 2933,398512.9
5b2a2d09315ded235146cac2e767e89a,0.9946,8,7,False,True,False,True,False,True,0.0851063829787234,uncultured Pygmaiobacter sp. ab326b93-8740-4076-8c40-45ee24942a32,1929308.12
618e77ab00abd20cfb2694d45fe07df1,0.999,5,4,False,True,True,True,True,True,0.06818181818181818,Comamonas sp. MFD12223_ilm_asm_bin4,34028.128
89056b9f86a0886730db47a8c45825eb,1.0,1,1,True,True,True,True,,,0.02564102564102564,Methanoregulaceae archaeon AMR_MDS_4829,2485498.69
26897509b56c5bcf18626b728a146bca,1.0,1,1,True,True,True,True,,,0.02564102564102564,Bacteroidota bacterium USMO_maxbin.076_sub,1898104.3557
fd66678cf39f676cb57820da4a793b6f,0.9995,1,1,True,True,True,True,,,0.012987012987012988,uncultured Alphaproteobacteria bacterium MFD05442.bin.2.182,91750.4229
6eeec78da7ff573c0bb7f7ddc3eefa8a,0.999,4,2,True,True,True,True,,,0.08,Anaerovoracaceae bacterium f78f2883-c260-4f33-9859-2a80832d1289,3030912.178
1db7fb888012089960006f42143c48af,0.9995,1,1,True,True,True,True,True,True,0.017543859649122806,Roseiarcaceae bacterium H3SJ34-1,3032367.3
36cf1853edbaec342c271909f87ca1b6,1.0,7,6,True,True,True,True,True,True,0.017467248908296942,Phenylobacterium koreense DSM 17809,266125.4
77e5e44634d0afe9cd0385ef1e17f3ea,0.9956,6,5,True,True,True,True,,,0.06896551724137931,Anaerolineaceae bacterium 6_bin.133,2024896.394
f095ea0711dbffa2a1c48745983b9c5f,0.9927,1,1,False,True,False,True,False,True,0.03333333333333333,Xylanivirga thermophila UW_FK_XYLA1_1,2496273.4
09eb7e9f361c0d842f96d14184871ffb,0.9995,14,14,True,True,True,True,True,True,0.1774193548387097,Hungatella sp. UBA4396,1946596.3
cb886014283a43df6af104cecc83cfc9,0.9907,18,9,True,True,True,True,False,False,0.02,uncultured Gammaproteobacteria bacterium MFD04434.bin.1.124,86473.2173
03a6a6d84a7be4b11b6467c91ca79d57,0.9971,0,0,False,False,False,False,,,0.0,Firmicutes bacterium OH_PDB_28,1879010.9981
fef34e7fa03c36381857511c7755324d,1.0,3,3,True,True,True,True,,,0.08333333333333333,uncultured Alphaproteobacteria bacterium MFD01275.bin.1.206,91750.3729
b7a2f949d87f6ce14145811c2d2974af,1.0,2,2,True,True,True,True,True,True,0.007905138339920948,uncultured Trichococcus sp. 89dd5069-8a97-4626-b422-1b216a6d8d00,189665.5
16bc6160df59f42ec2c49c8ee41d95fc,0.9985,3,3,True,True,True,True,True,True,0.0031120331950207467,Achromobacter sp. GG226,2779529.3
07246a1fc2c2fed9e54374f5ee46c333,0.9995,2,1,False,True,False,True,,,0.022988505747126436,Phycicoccus sp. HDW14,2714941.3
7762e0345755e644245415ce796d6cfa,0.9985,2,1,True,True,True,True,,,0.07142857142857142,uncultured Methanoregulaceae archaeon MFD02809.bin.2.11,1392423.20
ec32cc6605cedce13a2049357143079a,0.9961,7,4,True,True,True,True,True,True,0.08823529411764706,uncultured Saccharofermentans sp. 009b34df-6986-4c74-874c-2c53a54848ac,1434378.8
923e86a70ad8194f9dab67ab8397371f,0.9976,5,4,True,True,True,True,False,True,0.08571428571428572,bacterium strain BIN46,1869227.1008
2e009092df813643f303457c87387ced,1.0,1,1,True,True,True,True,,,0.034482758620689655,uncultured Pseudomonadota bacterium MFD00905.bin.2.198,153809.1433
a41371aa833164c1e707004fdfb16b36,0.9922,8,7,True,True,True,True,False,True,0.16666666666666666,uncultured Chloroflexia bacterium MFD05442.bin.2.301,1672391.402
38007bfc5e4b3c58b1d91a0bc9c4fdb2,0.9941,24,20,True,True,True,True,True,True,0.12307692307692308,Acutalibacteraceae bacterium DOME_MAG_12468,3077420.266
c2d746ce5aed150d6696eed8143ec2c7,0.9985,7,3,False,True,True,True,,,0.13793103448275862,Christensenellaceae bacterium 01a02c0c-5802-4c47-8e2d-6646ecf7da28,2054177.123
fc7dec198c007a0622c9acba71b1edb1,0.999,2,2,False,True,False,True,True,True,0.07142857142857142,Sphaerochaeta globosa str. Buddy,158189.10
78571689def5620061b622ab87a928ff,0.9985,1,1,True,True,True,True,,,0.022222222222222223,uncultured beta proteobacterium MFD04716.bin.2.242,86027.1539
d2324169a6d55451e2666edc82665cba,0.9956,8,6,True,True,True,True,False,True,0.018518518518518517,Firmicutes bacterium strain MES11,1879010.6660
e0987c7b47c2fb3b4638ebd7a04f69a0,0.9976,1,1,True,True,True,True,True,True,0.025,Candidatus Darwinibacter acetoxidans M4B_bin34,3082383.5
7e2246947e40512267840e3645e8c570,0.9976,7,5,True,True,True,True,True,True,0.1111111111111111,Leclercia adecarboxylata CTOTU47689,83655.286
892351141be327d407d7d063c3a74f59,0.9976,1,1,True,True,True,True,,,0.041666666666666664,Eubacteriales bacterium mix99,3039678.3
704d9e2c5c3cea3c4683fe56146b043e,0.9976,4,3,True,True,True,True,,,0.16,bacterium 5-aug_S3_029,1869227.3111
02541e05438ebd6cd913200972ef5e4b,0.9907,0,0,False,False,False,False,,,0.0,Rickettsiales endosymbiont of Trichoplax sp. H2 strain REH2,2021221.3
720ef8366f0bd5fb2cb193ce02e53799,1.0,3,3,True,True,True,True,True,True,0.03571428571428571,Dietzia kunjamensis strain DSM 44907,322509.3
ce264b1fd05f8dfc0dd2941a2b170a3a,0.9961,11,8,True,True,True,True,False,True,0.2962962962962963,Desulfovibrio sp. 5-aug_S3_011,885.148
5009ec83dc7d2e70acc5d0426d8abceb,0.9922,16,14,False,True,False,True,False,True,0.16326530612244897,Puniceicoccales bacterium Pcl387_bin136,2478473.52
817505ccf93a252d80ac6191376cc419,1.0,3,1,True,True,True,True,,,0.11538461538461539,Candidatus Hydrogenedentes bacterium USPA_metabat.4_sub,2030809.142
be817fedc78d38052d17146829adb06d,0.9912,0,0,False,False,False,False,,,0.0,Magnetococcales bacterium strain ARS4,2026759.3
118852b957010ee00ae4dbb8665ad57e,1.0,1,1,True,True,True,True,True,True,0.041666666666666664,Bauldia sp. TGS_PRO15,2575872.30
af2f68999329d11971cc4eeb7d338c1c,0.9961,10,4,False,True,True,True,False,True,0.23076923076923078,Clostridia bacterium binned_ad_5.11,2044939.4410
cff8e2e801a0c5c478ebbe42363d2ee7,0.9956,19,18,True,True,True,True,True,True,0.17391304347826086,[Clostridium] stercorarium subsp. stercorarium DSM 8532,1121335.11
4c61879ca2f0594335aa69f539fa89c3,0.9995,3,3,True,True,True,True,True,True,0.03333333333333333,Leucobacter soli CCM 9020,2812850.9
4c65953d2d9c04292134fc5013f3a21e,0.9971,3,3,False,True,False,True,False,True,0.028169014084507043,Firmicutes bacterium OH_SBrB_111,1879010.10293
f213ec50ee3f0c0c4a7b47b321d081a9,1.0,1,1,True,True,True,True,True,True,0.013333333333333334,uncultured Methylobacillus sp. strain Methylobacillus_sp_nbed10b35,281697.3
aded20d81ae85d32dc13bca7fbd3340d,0.9795,7,7,False,True,False,True,False,True,0.05405405405405406,Methanotrichaceae archaeon MFD02138.bin.1.95,2595067.30
43c0b25b6784fa0e906d10eea57852c8,0.9971,19,15,False,False,True,True,False,True,0.0,Bacillota bacterium RA_AS_metabat.9,1879010.11208
3f82999a4623343cbba40859d44329b0,1.0,2,2,True,True,True,True,False,True,0.03389830508474576,uncultured Alphaproteobacteria bacterium MFD04651.bin.1.215,91750.3710
712f87f5d819a247fd620da2e5d1ba23,0.999,1,1,False,True,False,True,,,0.02857142857142857,Christensenellaceae bacterium c84a42d1-d9c9-443e-85ff-73520b584de8,2054177.138
335d0b23ffa0a12a5048771a0c89e3b1,0.999,7,6,True,True,True,True,True,True,0.11764705882352941,Gudongella sp. M17C-05,2692384.5
06894625cc4725640c9c1bba0d9aefc8,0.999,1,1,True,True,True,True,,,0.038461538461538464,Verrucomicrobiae bacterium RA_AS_maxbin.390,2499141.287
c54740e67850b527400a77af33bd3d89,1.0,3,2,True,True,True,True,True,True,0.05454545454545454,Euryarchaeota archaeon UR.bin65,2026739.624
ea5eeef4adcd29b79e56e455f9025517,1.0,47,26,False,True,False,True,False,True,0.017699115044247787,Micropruina sp. 5N128,2737536.23
37e4420bd53e9fdbe33fa465e829f030,1.0,4,4,True,True,True,True,True,True,0.038834951456310676,Blautia sp. RD014232,2877528.3
dbecddfdb4c39e60616c3958d43cfc8e,1.0,2,2,True,True,True,True,True,True,0.0006988120195667365,Bradyrhizobium manausense strain SZCCT0433,989370.12
2c76f558846fa9aa57c59ddacefeacb2,0.9702,0,0,False,False,False,False,,,0.0,Candidatus Carsonella ruddii PC isolate NHV,1202540.4
f1aa0ea145fc7098b3403eb2badbe65b,0.9995,2,2,True,True,True,True,False,True,0.013793103448275862,uncultured beta proteobacterium MFD04651.bin.3.366,86027.1334
e61e6021af25969dd347b921fc6389a4,0.9907,0,0,False,False,False,False,,,0.0,uncultured SAR116 cluster alpha proteobacterium strain AG-337-L07,281031.34
de1f954072ef273959e798b81a39a1f1,0.9976,3,3,True,True,True,True,True,True,0.023529411764705882,Legionella quateirensis strain NCTC12376,45072.6
52ecb4b1abf93593276cb066f1446900,0.9971,1,1,True,True,True,True,,,0.037037037037037035,uncultured bacterium N1_Bin_MAXBIN__043_1,77133.4122
551f70cf3f951806a9b28706825acfeb,0.9937,6,4,True,True,True,True,False,True,0.07894736842105263,bacterium WY2.bin167,1869227.2359
4d472a0025391001536abf639f86372b,1.0,4,2,True,True,True,True,,,0.1111111111111111,Miltoncostaeaceae bacterium G1-WW12-10,2952967.32
c7b5ccd6001f20b113bf480efab552c9,0.9956,3,1,True,True,True,True,,,0.07142857142857142,Candidatus Aminicenantes bacterium MFD04492.bin.2.17,2052149.401
3f0bc3f2b8d9b380ec319501754eca38,1.0,1,1,True,True,True,True,,,0.02631578947368421,Hyphomicrobiaceae bacterium binned_ad_9.222,2015799.164
1a33b954694a3eddcd95ead6c562cfb2,0.9976,2,1,False,False,False,True,,,0.0,Solirubrobacterales bacterium SMAG_U1960,1909295.398
2adce772c19bf78aca62501a10d63509,0.9966,9,7,True,True,True,True,False,True,0.10144927536231885,Bacteroidetes bacterium 4-aug_S1_005,1898104.1534
77b0fc3d2cdfed133689d19939bd753c,1.0,3,3,True,True,True,True,True,True,0.015706806282722512,uncultured Actinomycetota bacterium MFD01275.bin.2.121,3039803.792
08c5a92f42b9bd6cf258a65dc845fd17,1.0,1,1,True,True,True,True,True,True,0.037037037037037035,[Clostridium] paradoxum JW-YL-7 = DSM 7308,1121328.3
372e53abd78532e75f0b7c98fa758cc1,0.9961,1,1,True,True,True,True,True,True,0.027777777777777776,Planctomicrobium piriforme strain DSM 26348,1576369.4
f538d22fdb4f50b77253747c9f18ed18,0.9971,25,16,True,True,True,True,False,False,0.09433962264150944,uncultured Clostridia bacterium ERR589771_bin.64_CONCOCT_v1.1_MAG,244328.7281
f3faa99f0acc0df8ae5f557d0ca39c08,1.0,1,1,True,True,True,True,,,0.018518518518518517,Alcaligenaceae bacterium strain CAII-56,2021368.29
c667b7a7367b1dbad8a24df3fef9441a,1.0,3,3,True,True,True,True,True,True,0.037037037037037035,Clostridium saccharobutylicum strain DJ087,169679.59
95a05bf179625c68dbfdd8e357f791cf,0.999,2,2,False,True,False,True,True,True,0.03571428571428571,Tissierella praeacuta strain NCTC11158,43131.3
04bc2a095282907ef4df7a2a9447166f,1.0,1,1,True,True,True,True,,,0.03125,Oligoflexia bacterium RA_AS_maxbin.396_sub,2599941.90
4767afde4b029b318194cf99b257de2d,1.0,2,2,True,True,True,True,True,True,0.01834862385321101,Chryseobacterium sp. XH07,2493692.3
cb13db7c2341f7fb498c476454c50a21,1.0,1,1,True,True,True,True,,,0.01818181818181818,Paludibacteraceae bacterium AnMBR.bin506,2748031.626
e8d0c712ad2ea5d27abd8b1e23eb6f7a,0.9985,1,1,False,True,False,True,False,True,0.025,uncultured bacterium CTOTU25552,77133.19020
937806dd600ece921faa49ac16d4cdb0,0.998,1,1,True,True,True,True,,,0.027777777777777776,Bacillota bacterium JPMR_metabat.40_sub,1879010.10588
e808c9a57b23d000151dd0526336e8de,0.998,11,6,True,True,True,True,True,True,0.08791208791208792,Chiayiivirga sp. BF4_81,2041042.9
9ab23c4d99ca81eaa9c30826e3201dd4,0.9995,2,2,True,True,True,True,True,True,0.058823529411764705,Anaerovirgula multivorans strain SCA,312168.3
a0ecf69202e62fe969206ad4b1445b61,0.9995,1,1,True,True,True,True,True,True,0.01639344262295082,Elioraea sp. E_56292_2011,2592070.3
643cecdf78d7a5f104fd135492479199,0.9995,1,1,True,True,True,True,True,True,0.0058823529411764705,Mycoplana sp. BE70,2817775.3
e64aa0d53a0727d6fb6d3fcd8667e49d,0.9907,6,6,False,True,False,True,False,False,0.024390243902439025,uncultured bacterium CTOTU25552,77133.19020
418ebbfcf9fe4c2ccea934ba2533ec35,0.9961,1,1,False,True,False,True,False,True,0.018867924528301886,Proteiniphilum sp. strain SM3-B12.2,1926877.17
82f01cb6b84420e18f1f7aed8630c878,1.0,1,1,True,True,True,True,True,True,0.005235602094240838,Shinella zoogloeoides XJ20,352475.17
7e112350867950f176b414f5f71178fd,1.0,6,6,True,True,True,True,True,True,0.05309734513274336,Actinomadura syzygii TBRC 3957,1427538.4
3ede9a0384a29cd63d3cebf0f09b96c1,0.9995,3,3,False,True,False,True,False,True,0.075,Comamonas denitrificans CGMCC 1.15385,117506.15
6e6136a51bc1d0612894175086e106cd,1.0,3,3,True,True,True,True,,,0.09375,Euryarchaeota archaeon USPA_maxbin.074_sub,2026739.860
a8a3fd004219cc6476d68c8902fb52a3,0.9941,9,9,False,False,False,False,False,True,0.0,Defluviitalea phaphyphila strain Alg1,1473580.8
b04a73565cfbfe585d234694b827d9d1,0.9985,2,1,True,True,True,True,True,True,0.03278688524590164,Hydrotalea sp. clean4462,2881279.19
136c27e1efa2b99fb71cdff938615daa,0.9932,28,16,True,True,True,True,True,True,0.26,Candidatus Hadarchaeum sp. AfrMine_MM5_34_173,2883567.19
ab4d207ba005958298be140605c5a8fb,1.0,1,1,True,True,True,True,,,0.02702702702702703,Anaerolineaceae bacterium strain AS05jafATM_106,2024896.49
9a0ea06f99eb653b4104f7809547dc61,0.9995,1,1,False,True,False,True,False,True,0.0027624309392265192,Aquamicrobium sp. cd-1,2781738.3
5d31a7ba11fffdbcb915a4ba1aac75e6,1.0,6,2,False,True,False,True,,,0.15151515151515152,uncultured bacterium CTOTU23005,77133.16853
b94b3e9177961551c08f311f8515f346,0.9995,2,2,True,True,True,True,True,True,0.021739130434782608,Flaviflexus huanghaiensis strain CICC 10486,1111473.3
ec3fc3f61c2e9c1a7f32bc622801ac2c,0.9971,5,5,True,True,True,True,True,True,0.07142857142857142,Telmatospirillum sp. J64-1,2502183.3
27af05757211c4e22e274f6521c2b033,1.0,2,1,True,True,True,True,True,True,0.0013513513513513514,Microbacterium lacticum strain NBRC 14135,33885.17
4d9f444d7b7f1f6de3b53c732536296a,1.0,1,1,True,True,True,True,True,True,0.017241379310344827,Terrisporobacter petrolearius ELB,1460447.11
14d87a227e9cbf80d583db1f6eaf48b4,0.9956,7,6,False,True,False,True,False,True,0.17857142857142858,Alphaproteobacteria bacterium strain OS_PC_MetaG.mb.200,1913988.1114
0a4dae6c36a924945c5ad8318aff7ecb,0.9951,16,12,True,True,True,True,False,False,0.03125,Firmicutes bacterium OH_SBrB_79,1879010.9295
933c1a437592c012f7169968b9045854,0.998,5,5,True,True,True,True,,,0.11627906976744186,Spirochaetaceae bacterium strain UBA12155,1898206.19
bb50ac888e677e82816ea70b2ab33eca,0.9985,3,3,False,True,False,True,True,True,0.0136986301369863,Comamonas phosphati strain CGMCC 1.12294,1211803.3
950c432d4df367cfd29389f23c4272f6,1.0,2,1,True,True,True,True,True,True,0.014925373134328358,Methanobrevibacter smithii EST-A-0039,2173.1138
82243ab47000b0bb9500a7f65bf04630,0.9985,3,2,False,True,False,True,False,True,0.04,uncultured Alphaproteobacteria bacterium MFD10097.bin.1.3,91750.3086
78655baa8fe07fac3df14b89c91be2bb,0.9951,11,9,False,False,False,False,False,False,0.0,uncultured Bacillaceae bacterium MFD05684.bin.3.35,197516.23
2018829be0affbac011bf1b8e30981ad,0.999,6,2,True,True,True,True,,,0.09302325581395349,Hyphomicrobiaceae bacterium binned_ad_9.222,2015799.164
7aaece58fc746f9480457f6056857dfe,0.9966,15,13,True,True,True,True,False,True,0.1891891891891892,uncultured Eubacteriales bacterium MGYG-HGUT-02132,172733.5152
9f73559d08e3d2aebe9872ed20eb92cb,1.0,4,4,True,True,True,True,True,True,0.025,Nitrosomonas sp. GH22,153947.3
d57543b38df2129448b58807cb5965d0,0.9946,24,9,False,True,True,True,False,True,0.16279069767441862,Thermoguttaceae bacterium 59a178bd-4d43-489e-8141-130334ec1781,2691551.107
c5818942f7219725c098917e39a7e7bb,0.9985,16,16,True,True,True,True,True,True,0.13333333333333333,Legionella moravica strain NCTC12239,39962.7
fc91b1d6efa2d63ad830349556a06220,0.9995,3,2,True,True,True,True,False,True,0.05555555555555555,uncultured Alphaproteobacteria bacterium MFD09848.bin.2.80,91750.3134
6c1758cff014a807d58bd737c76ec233,1.0,1,1,True,True,True,True,True,True,0.0014705882352941176,Clostridium disporicum,84024.5
deac35bb9d47f67965b800fa6c414dea,0.9932,19,16,False,False,False,True,False,True,0.0,Candidatus Coatesbacteria bacterium strain Zod_Metabat.53,2250272.10
de81a26ccacc05d41aeda73937929a7e,0.9995,1,1,True,True,True,True,,,0.02702702702702703,Christensenellales bacterium AnMBR.bin220,3083246.39
2c46a6bd519e153e57e33cbee296bb41,1.0,2,2,True,True,True,True,True,True,0.037037037037037035,Sporanaerobacter sp. NJN-17,2507161.3
f7ac318fad126f8dc75f70e09fd5c4dd,0.9956,7,6,True,True,True,True,True,True,0.018518518518518517,Eubacteriaceae bacterium CHKCI005,1780381.4
07ab589574a5adeae211c91efb58a71f,0.9995,1,1,True,True,True,True,,,0.02857142857142857,Trueperaceae bacterium SMAG_U659,2026798.90
6533ef83a51929f69e6f95d7a59a421c,0.9956,5,5,True,True,True,True,,,0.14285714285714285,Spirochaetaceae bacterium 2-no_aug_S1_011,1898206.179
36b46a254875314bef7628b94ef8d7b6,0.999,11,10,True,True,True,True,True,True,0.12195121951219512,Nocardioides taihuensis DFY41,1835606.3
8c932073a2765a0e8639a784955bd290,0.9961,6,3,False,True,False,True,,,0.015873015873015872,Candidatus Gracilibacteria bacterium strain BROCD037,2044595.68
204059649d5553ccc15a44ccd09de89c,0.9961,18,17,True,True,True,True,True,True,0.3,[Clostridium] josui JCM 17888,1291050.6
a759ddc94367592f2474e1de3acdb224,1.0,1,1,True,True,True,True,True,True,0.006802721088435374,Clostridium tertium 2217st1_D1_2217SCRN_200827,1559.99
9d172cf068d4eda0c6d68f5b9cc75a1e,0.998,1,1,True,True,True,True,,,0.041666666666666664,Firmicutes bacterium OH_CDB_78,1879010.9600
503e3f397b970f03e626474b548327b4,0.9961,11,9,True,True,True,True,True,True,0.13157894736842105,Syntrophothermus sp. strain Ch98,2736299.3
8466c6dfab56e8746ea47bc3c0e571e0,1.0,1,1,True,True,True,True,,,0.000792393026941363,Methylococcales bacterium C15_maxbin.099_sub,2304002.91
e9610e4b261eb260ad4e507e8c1d634e,0.9961,1,1,True,True,True,True,,,0.041666666666666664,Dehalococcoidia bacterium HKST-UBA81,2026734.435
4a6f9dd6166c1d7f2c4af6440718c03b,0.999,2,2,True,True,True,True,,,0.044444444444444446,Candidatus Atribacteria bacterium USDE_maxbin.108,2053509.81
d56e57f7a7e3a1b98778de802e7097d0,0.9956,23,14,False,True,True,True,False,True,0.001851851851851852,Christensenellaceae bacterium 71fbd196-4d72-4d9d-b023-dc0a1f92e7b0,2054177.129
c8b7afd58453fa7f61cb3486e65de8f0,0.9976,1,1,False,True,False,True,,,0.018867924528301886,Hydrogenophilales bacterium strain Lyne_18-Q3-R50-59_BATAC.79,2478482.10
ced3d95a776f5047eb0ab75ebeaa0555,0.9961,8,8,True,True,True,True,True,True,0.15,Candidatus Cryptobacteroides sp. fecal_MAG_8,2952915.89
8b0ebd33e66653c42aa292e40bf6291c,0.9956,13,11,True,True,True,True,True,True,0.2631578947368421,Caloramator mitchellensis strain VF08,908809.4
ad7b37d7259f65ae5d2d898c539a6297,0.9844,0,0,False,False,False,False,,,0.0,Sphingobacteriales bacterium strain PMG_087,2044944.17
8dde56a6b6263c9ff1d677c7a17456ec,0.9976,6,6,True,True,True,True,False,False,0.0125,Bacillota bacterium JPNG_maxbin.056_sub,1879010.10760
92d6b69fbdf22335e1e29eb7ddea612a,0.9985,6,4,True,True,True,True,False,True,0.0392156862745098,bacterium ELA587,1869227.7684
87ced6667f7e72e893d3f02ac08066a2,0.9961,15,10,True,True,True,True,True,True,0.17647058823529413,Angelakisella sp. strain RACS_027,1935177.3
0bd4b1e42bd92aa97b0e3256b8b9f685,0.9985,17,11,True,True,True,True,True,True,0.09433962264150944,Nocardioides panacisoli JCM 16953,627624.4
8b42e63e1fe8e14326fe559f8a2cce81,1.0,1,1,True,True,True,True,True,True,0.02857142857142857,Prosthecomicrobium hirschii R2D2,665126.8
6891aea14e9e48ed890aa10cc84e4d40,0.9956,9,7,True,True,True,True,True,True,0.0975609756097561,Caldicoprobacter algeriensis TH7C1,699281.6
357ad9f4f9251dd5f1a70dec188b23a3,0.9995,2,2,False,True,False,True,False,True,0.037037037037037035,Hydrogenophaga laconesensis strain BE331,1805971.3
8dba5d94c21557246f8c48418b0f3bda,1.0,1,1,True,True,True,True,,,0.029411764705882353,Candidatus Pacearchaeota archaeon AMR_MDS_4079,2026773.231
b923bc5d99ffa071df805bfb578547c4,0.9995,2,2,True,True,True,True,True,True,0.02631578947368421,Frigidibacter sp. SD6-1,3032581.3
3c6c6b674785246a706fea426f2f4dd9,0.9976,2,2,False,True,False,True,False,True,0.03076923076923077,Beijerinckiaceae bacterium LE19-338.1D,1978229.106
5901c122dbe9545a6149416c6397f234,0.9995,1,1,True,True,True,True,True,True,0.017857142857142856,Cronobacter dublinensis strain cro3214W,413497.9
bbb066ff0d8c41323c27c93a1a3c35a7,0.9976,1,1,True,True,True,True,,,0.008264462809917356,Burkholderiaceae bacterium ME2018-07-11_3300044614_group8_bin30,2030806.1443
78f289cd472d09e153e93361d0beeb2f,0.9985,6,5,True,True,True,True,True,True,0.04,Frisingicoccus caecimuris DSM 28559,1796636.21
b8299c90e4c775b18c1c5ff6d23ad616,0.9839,0,0,False,False,False,False,,,0.0,Paenibacillus sp. GCM10012307 CGMCC 1.17353,3317343.3
0c9b81e16ab4e3c0b202044ce6d7ba57,0.9956,21,18,True,True,True,True,True,True,0.1774193548387097,Legionella erythra strain SE-32A-C8,448.7
798933fd16ab772e1e547b6af3461e47,0.9995,1,1,True,True,True,True,,,0.017543859649122806,Anaerolineae bacterium AnMBR.bin314,2052143.1139
1541d3f52b75573d379c2d7efdd61f0e,1.0,1,1,True,True,True,True,,,0.029411764705882353,Bacteroidales bacterium Bact_19,1674833.4
21154dbe9d1fd27c98e5ee78bb11560c,0.998,1,1,True,True,True,True,,,0.02631578947368421,uncultured Alphaproteobacteria bacterium MFD09779.bin.1.294,91750.3615
5b6d589e4b8374ae05953faf3e0ec415,1.0,1,1,True,True,True,True,,,0.012658227848101266,Rhodobacteraceae bacterium strain X2_MetaBAT.20,1904441.236
1034f9305f9e8af991841f0741e8ce44,0.998,1,1,True,True,True,True,True,True,0.034482758620689655,Anaerovirgula multivorans strain SCA,312168.3
4b322ffec8bcd2c849beaeaaab778b16,0.9966,12,5,True,True,True,True,,,0.18518518518518517,Anaerolineae bacterium AnMBR.bin235,2052143.1144
645dd8b575c7e7c0952933bbe90b4bb9,1.0,20,1,False,True,True,True,True,True,0.0009202888291094435,Pseudomonas aeruginosa PAE47,287.48117
0b9c934012caa8a6606599ddcb49c15b,0.9946,29,21,False,True,False,True,False,True,0.013888888888888888,uncultured Clostridia bacterium E0_RM__bin80,244328.1738
29b2f8399229daa8138a86a37fa795f1,0.999,1,1,False,True,False,True,True,True,0.0022271714922048997,Proteiniclasticum ruminis strain CGMCC 1.5058,398199.5
296a64ff9ac191c4f1c886ba988e1706,0.999,3,3,False,True,False,True,False,True,0.0016155088852988692,uncultured Gammaproteobacteria bacterium MFD02832.bin.1.63,86473.2172
eb6a99a43cef2237af9b344c4df7f907,0.9995,1,1,False,True,False,True,True,True,0.008849557522123894,Bosea sp. OK403,1855286.3
943510d75dff81e8e8a61b414393ad22,0.998,2,2,False,True,False,True,True,True,0.02857142857142857,Hyphomicrobium sp. strain Hjor_18-Q3-R7-51_BAT3C.262,82.33
8e87f6187c3bff96717578fafac261ae,0.9956,6,6,False,True,False,True,False,True,0.022988505747126436,Oscillospiraceae bacterium 356554d1-49d8-4da2-9fb0-4e541081e6ce,2485925.2967
749376b5f9975100a175a587f222e10e,0.9985,1,1,False,True,False,True,True,True,0.0006406149903907751,Bradyrhizobium sp. WD16,1521768.3
d16549567d9b503e05d935bd5ca038a6,0.9951,19,18,False,False,False,False,False,True,0.0,Alkalibacillus haloalkaliphilus BZ-TG-HK233,94136.6
626c469cde244cf9b780fe8a6e952018,1.0,1,1,True,True,True,True,True,True,0.009009009009009009,Parvibaculum sp. AMR_MDS_0035,2024848.53
ee00e22b5b23fa6d7e2502177a8a70c7,0.9951,28,23,True,True,True,True,True,True,0.11475409836065574,Natranaerobius thermophilus JW/NM-WN-LF,457570.23
7bc40a9c22f90b2ce6c97edc8248f810,0.9976,2,2,True,True,True,True,True,True,0.046511627906976744,Alsobacter sp. STL-PRO20,1872479.3
f437261ff1458ebf1aa7f6dc7bf69e58,0.9995,1,1,True,True,True,True,True,True,0.017241379310344827,Caproiciproducens galactitolivorans YR-4,642589.19
469c376c54706d2a04589d78e87c8780,0.9995,5,2,True,True,True,True,False,True,0.14705882352941177,uncultured Actinomycetes bacterium MFD09779.bin.2.78,152507.1838
3561691a3832d2ec98315c3412a98fa3,0.9985,1,1,False,True,False,True,True,True,0.009009009009009009,Alkalibacter sp. M17DMB,2787712.3
8fa174b717385600595ec8771240bfe8,0.9966,1,1,False,False,False,False,False,False,0.0,uncultured Actinomycetes bacterium MFD05176.bin.2.99,152507.2353
6ed1f425cd7d234afdf0906b91293ae2,0.9966,1,1,True,True,True,True,,,0.043478260869565216,Anaerolineaceae bacterium strain Go_SlDig_bin_452,2024896.84
99974302fcd8d2101cbc28c8141e0ee9,0.9985,9,4,True,True,True,True,,,0.28,uncultured Actinomycetota bacterium MFD05942.bin.1.451,3039803.1521
7ede4b72fe5210d181d31d0161d8f153,0.9976,3,3,True,True,True,True,True,True,0.11538461538461539,Polyangium sp. rjm3,2995306.3
d6ff6bbe079674401094c1a932da80ab,0.999,15,15,True,True,True,True,True,True,0.04326923076923077,Paracoccus sp. MBLB3053,3073814.4
ae9418ce9d02c32999138b34c48512fb,0.9995,1,1,True,True,True,True,True,True,0.034482758620689655,Cronobacter dublinensis strain cro3214W,413497.9
2d86655f5770d1ddf5947021a53b57cb,0.9966,8,3,True,True,True,True,,,0.1951219512195122,Planctomycetota bacterium USOA134_maxbin.073,2026780.1467
3ccbd454b224dc84efdde550255ca527,0.9917,9,6,False,False,False,True,False,False,0.0,Candidatus Darwinibacter acetoxidans M4B_bin13,3082383.25
d40238b6e6c47b51c94b10008b551af4,1.0,5,5,True,True,True,True,True,True,0.003708281829419036,Microbacterium foliorum strain M2,104336.15
4561fef494acf771179203cc14f5d372,0.9995,1,1,True,True,True,True,True,True,0.011904761904761904,Luteimonas notoginsengisoli KCTC 42211,1578200.3
f527a3626856c74b3bf1c926561baf11,0.9995,1,1,True,True,True,True,,,0.045454545454545456,uncultured Planctomycetota bacterium MFD04944.bin.1.246,120965.140
af62b8aa99dba188ac2f26d05dff89d1,0.9995,2,2,False,True,False,True,True,True,0.0043859649122807015,Proteiniclasticum sp. BAD-10,2804028.3
dcc3c223f6007f2b75ad31366a34a983,1.0,1,1,True,True,True,True,True,True,0.002398081534772182,Kaistia defluvii 3207,410841.27
be2708e1bdcddac994cdfd7ddf921d52,0.999,14,4,True,True,True,True,False,False,0.18181818181818182,uncultured Actinomycetota bacterium MFD01213.bin.c.4,3039803.63
43a837e225147b88f58a65ccc8412c7c,0.9966,2,2,True,True,True,True,False,True,0.05405405405405406,Syntrophomonadaceae bacterium strain CSSed10_9,2093811.34
15bf273330928f57de2f3b24ca2a5135,0.9917,14,9,True,True,True,True,True,True,0.020833333333333332,Planctomycetes bacterium Pan216,2527975.3
8602056eba9f104692f2ddf8938871c5,0.999,8,6,True,True,True,True,False,True,0.16666666666666666,Comamonadaceae bacterium MAG-1,1871071.61
6c75b6547a775bd435d6121ea181a298,0.9951,2,2,False,True,False,True,False,True,0.043478260869565216,uncultured Halothermothrix sp. SRR5007349_bin.152_CONCOCT_v1.1_MAG,543059.3
8d8be8b2507c837431e2e91d5b78faa9,0.999,1,1,True,True,True,True,,,0.0022522522522522522,nitrifying bacterium enrichment culture strain ENR4_AEF_assembly,1648056.6
dd845f9a83e4214b3e9e1a1ead34f609,1.0,1,1,True,True,True,True,True,True,0.004464285714285714,uncultured Clostridium sp. min17_bin72,59620.2955
9c426d26d1334efd88b234484348abbf,0.9985,12,12,False,True,False,True,False,True,0.007246376811594203,Reyranella massiliensis 521 JJ-LUK12B-28-7-m2-bin89,1205680.43
3e5c0929aa7ec948ea82be82637549b1,0.9941,5,2,True,True,True,True,,,0.13333333333333333,Armatimonadota bacterium AB_3033_Bin_184,2033014.423
54c489de5ec8c0e9aa68974f8f39d713,1.0,4,4,True,True,True,True,True,True,0.07894736842105263,Aquamicrobium sp. ACE_NR_PROT10,1872579.14
5db86c73cb3a69940374cd84e1457a2f,0.9976,1,1,False,False,False,True,,,0.0,Labrenzia suaedae strain 4C16A,735517.8
2f0e324704bd4ac738072c50d4eba0ea,0.9971,1,1,True,True,True,True,True,True,0.041666666666666664,Paludisphaera sp. JC747,2849668.3
7056f0ca7e34feb91ddfdb617582fd12,0.999,1,1,False,True,False,True,False,True,0.03333333333333333,[Clostridium] hungatei strain DSM 14427,48256.3
9711e5e56376fe411f8d9ca9e739c6f1,0.998,12,8,True,True,True,True,False,True,0.13953488372093023,Christensenellaceae bacterium da863df8-3121-48c8-a9fd-195775925dd7,2054177.130
3f602caee36e03c625a1f30eb97314e2,0.9995,3,3,True,True,True,True,True,True,0.125,Hanamia sp. SMAG_U7412,2930256.20
703b123d3cbe4a7e8c02253f1f55d261,1.0,3,3,True,True,True,True,True,True,0.03488372093023256,Thermomonas fusca strain SHC 3-19,215690.3
523a7e01fa5c47d91e959292759c7ac7,0.9946,18,17,True,True,True,True,True,True,0.011904761904761904,Rhabdobacter roseus strain DSM 105074,1655419.3
daa33b68bffced185af681590ffd372e,1.0,8,3,True,True,True,True,True,True,0.0761904761904762,Paraclostridium ghonii JCM 01400,29358.18
76861e4fd720b21d96693697fa6b48fc,0.9971,1,1,True,True,True,True,,,0.023255813953488372,uncultured Chloroflexia bacterium MFD00392.bin.2.360,1672391.470
9fd90ca5d6775c90e4e6e46e09b38313,0.9971,8,6,True,True,True,True,,,0.1935483870967742,Christensenellales bacterium AnMBR.bin536,3083246.49
7bc4b6055f77dc4acb835bf59f37bba2,1.0,1,1,True,True,True,True,True,True,0.030303030303030304,Candidatus Darwinibacter acetoxidans M4B_bin13,3082383.25
8a652928ef13cc45fe6fad624a6fa1d2,0.999,2,2,False,True,True,True,,,0.0625,Anaerolineaceae bacterium AnMBR.bin289,2024896.406
f486ad1bcca90a8bd9b68c76212312c3,1.0,1,1,True,True,True,True,,,0.038461538461538464,Bacteroidetes bacterium UR.bin105,1898104.1487
8cc8b34be2f3cb1e12e390328759aaf7,1.0,9,5,True,True,True,True,True,True,0.032846715328467155,Roseburia intestinalis strain L1 82,166486.1019
4c301bbaaa0d8e3dc3356271c20fc5b5,1.0,1,1,True,True,True,True,True,True,0.015625,Methanothrix sp. AnMBR.bin331,90426.170
f9d19abf0ac81bcc64d02d91350fce35,0.999,1,1,True,True,True,True,,,0.027777777777777776,Cyclobacteriaceae bacterium MAG_20,2099675.75
58775dbd44f0df19b94bc37ab4e4c579,0.999,3,2,True,True,True,True,True,True,0.07894736842105263,Cronobacter dublinensis strain cro3214W,413497.9
a4d4e17dbb14f15384261ddd56409439,1.0,1,1,True,True,True,True,,,0.0002106593638087213,Candidatus Sumerlaeales bacterium LC101,2925322.4
449442ea32d59c45c20f49095f206f1d,1.0,3,3,True,True,True,True,,,0.07317073170731707,Syntrophomonas sp. DTU018,1671629.3
c9c58ce6cfd82ba2d1a35ed4588dc1db,0.9995,1,1,False,True,False,True,True,True,0.015151515151515152,Methanosarcina mazei WWM610,1434117.4
8e411053229e1cc8814cc8c0d1989251,0.9971,1,1,False,True,False,True,,,0.02702702702702703,uncultured Clostridia bacterium ERR589771_bin.64_CONCOCT_v1.1_MAG,244328.7281
72c6706063e2325bd12c28ea8b23e872,0.9878,0,0,False,False,False,False,,,0.0,Candidatus Carsonella ruddii CCH-AH,114186.145
9d93bbfc68509916e75cf218443f9b1b,0.9937,17,15,False,True,False,True,False,True,0.007751937984496124,Eubacteriaceae bacterium ES2,3064259.5
d23e031b9dfbdb8f41323c8c5c775f26,1.0,1,1,True,True,True,True,True,True,0.009009009009009009,Candidatus Copromorpha sp. AnMBR.bin224,2952913.4
a2ea5245d83eba89a777bfc3af4e28a7,0.9995,7,5,True,True,True,True,True,True,0.0851063829787234,Roseiarcaceae bacterium H3SJ34-1,3032367.3
46106a1395497d731c64d8d5b56c3771,0.9951,5,5,False,True,False,True,False,True,0.06666666666666667,Clostridiales bacterium strain SIG369,1898207.3867
56eed20694eeebce9a5a6bc4626aca89,0.9961,4,4,False,True,False,True,False,True,0.0055248618784530384,Oscillospiraceae bacterium CE91-St41,2485925.2068
9e1c950d882ef8c3e0f61aa7ec52060e,1.0,1,1,False,True,False,True,False,True,0.027777777777777776,Thermotogales bacterium strain R1-B14.2,2093812.11
c2b43f5fc401b8ae942e9f83213eef32,1.0,0,0,False,False,False,False,,,0.0,Candidatus Saccharibacteria bacterium strain Go_SlDig_bin_267,2026720.453
f877e829ece2e97efc2208f33e765ce3,1.0,5,5,True,True,True,True,False,False,0.03125,Candidatus Latescibacteria bacterium JPNA_maxbin.122_sub,2053570.150
cf94c789ff082528101c344b74e994c7,0.9951,6,6,True,True,True,True,False,False,0.047619047619047616,Bacillota bacterium USSF_maxbin.137_sub,1879010.10723
dc34e8512b788fb682511c00370ee4c7,1.0,1,1,True,True,True,True,,,0.024390243902439025,Desulfotomaculaceae bacterium AnMBR.bin218,2937913.10
7de13a55503e90292b953209386e0b7b,0.9976,2,2,False,False,False,False,False,True,0.0,Bowdeniella massiliensis Q7124_IHU_Marseille,2932264.3
8a86fb52c58e6597a806872e474d6ac1,0.9976,1,1,True,True,True,True,,,0.04,uncultured Chloroflexia bacterium MFD09368.bin.2.46,1672391.679
6a639263c07c310881a6085392276536,0.9868,0,0,False,False,False,False,,,0.0,uncultured Bacillales bacterium strain SRR15057923_bin.18_metaWRAP_v1.3_MAG,157472.64
4c4c77a6783079489f146bf3f51d11e6,1.0,3,2,True,True,True,True,,,0.030303030303030304,Spirochaetes bacterium 3-JJ_aug_S1_002,2202144.145
630dbfa8fbc034c9f8692f9d429ea57e,0.9995,1,1,True,True,True,True,True,True,0.008,Methanobrevibacter sp. CTOTU7683,66852.198
b0d25a3bc288f3c5ac8b993c6e4504dd,0.9985,6,6,True,True,True,True,True,True,0.06329113924050633,Dysosmobacter sp. Marseille-Q4140,2830675.3
4427597bcba686e28f83a29252ed6e17,0.9907,6,5,False,True,False,True,False,True,0.022222222222222223,Lentimicrobiaceae bacterium strain DFE_LEN,2026756.17
ad093ee4a3c24932837db32cf7007813,1.0,2,2,True,True,True,True,False,False,0.020833333333333332,Cypionkella sp. G6_concoct.bin.17,2811411.21
a4f5e4b88460bc4713747b9e266d3144,1.0,2,1,True,True,True,True,,,0.07692307692307693,Anaerolineae bacterium AnMBR.bin232,2052143.1145
8610085898359abd9388c49fcfbbcb2a,0.9966,2,2,False,True,True,True,,,0.04,Christensenellales bacterium AnMBR.bin514,3083246.44
cf80116cb789ecdda4cb662ab3fd1b4c,0.999,5,5,True,True,True,True,True,True,0.019801980198019802,Diaphorobacter sp. Y-1,3036128.3
848451a3853d056f1b0b123b39ebf894,0.999,2,2,False,True,False,True,False,True,0.03125,Alphaproteobacteria bacterium RH-20apr16-174,1913988.1971
335d9330fb71ae0d90dd21af0c78d794,0.998,3,3,False,False,False,False,True,True,0.0,Rhizobium sp. NTR19,2937795.4
e382176877a8994aed9f5835e1779aba,0.9966,20,14,True,True,True,True,True,True,0.04,Burkholderia cenocepacia 2011Ycf942II,95486.804
19f57e5afe22be9a7efe64bedb272f7d,0.9976,1,1,True,True,True,True,,,0.008928571428571428,bacterium LRH843,2681972.3
52b9510cbb34f48661b26bc88b568e98,1.0,1,1,True,True,True,True,,,0.03333333333333333,Syntrophobacterales bacterium strain Gw_SlDig_bin_8,2282155.12
dcc60ede2cc11c8503b4f31fab9233b8,0.9971,1,1,False,True,False,True,False,True,0.02702702702702703,Anaerolineaceae bacterium maxbin2.bin.9,2024896.380
2efff3ec5ec80431bec254de17da2fcd,1.0,1,1,True,True,True,True,,,0.043478260869565216,Aggregatilineaceae bacterium AnMBR.bin285,2952881.10
ad552f09200febf499158c052101079b,0.9995,1,1,True,True,True,True,True,True,0.03571428571428571,Longilinea sp. R89_285,2478918.9
80ec5ef8c3af388c768221021941877e,0.998,6,6,True,True,True,True,False,False,0.02,Clostridia bacterium 80130c35-1b44-45cf-b5f4-dec04e696a57,2044939.4531
c86ca8792c7be96d7699dead5edccd91,1.0,2,2,True,True,True,True,,,0.058823529411764705,Thermoanaerobaculaceae bacterium strain Go_SlDig_bin_144,2699758.5
9918c6983a2d8a49a554941297f09e33,1.0,1,1,True,True,True,True,True,True,0.014925373134328358,Gemmobacter aquaticus strain CGMCC 1.7029,490185.6
443d26a763fcf25a1b45a2fc51d1d322,1.0,1,1,True,True,True,True,True,True,0.014925373134328358,Luteimonas padinae KCTC 52403,1714359.5
f16e4c6266ddf5fc9dd22ebb744cb295,0.9985,5,3,False,True,False,True,False,True,0.21739130434782608,Firmicutes bacterium strain GL140_4_metabinner_149_sub,1879010.10416
a0cda4ca07d855686d23956f06d0d76e,0.9995,8,7,True,True,True,True,True,True,0.17391304347826086,Diaphorobacter sp. NR2-3-3-1,2784387.3
40dc5c18cc4351517876235855be9721,0.9976,1,1,True,True,True,True,True,True,0.0196078431372549,Desulfallas geothermicus strain BL5_bin.4,39060.15
5b3ae10206715c2976a983cb2eef902e,0.9946,1,1,False,False,False,True,,,0.0,Anaerolineales bacterium Chloro_03,1674892.5
dbda74fb9d5fd3c12eaab78face02172,0.9995,1,1,False,True,False,True,False,True,0.002232142857142857,Cryobacterium sp. SO1,1897061.3
3768ce8adbe0d6b2fccade3b7750c7d6,0.9966,9,8,True,True,True,True,True,True,0.14705882352941177,Planctomicrobium piriforme strain DSM 26348,1576369.4
59a5570b657c148caf79a4d0bf8b4d0c,1.0,1,1,True,True,True,True,True,True,0.004291845493562232,Phenylobacterium sp. BF4_149,1871053.374
7f95be53d89bc3a48bae7b78b974d701,1.0,1,1,True,True,True,True,True,True,0.02702702702702703,Anaerolineae bacterium clx_SAG6,2705088.3
768b30237305b76406c8c5c6a9fba498,0.998,1,1,True,True,True,True,,,0.02702702702702703,Anaerolineaceae bacterium AnMBR.bin511,2024896.427
17cd9e80e0f41c506e23257e356ac923,0.9971,23,10,True,True,True,True,False,False,0.225,Christensenellaceae bacterium 0331014a-650e-4a65-af59-ba9b8a5570f7,2054177.135
94f099e252b40a7a42a638b2c028b7db,1.0,1,1,True,True,True,True,True,True,0.0125,Pseudomonas xiamenensis strain PX1,157792.3
46bd23bd0fd9dba10f345fa125cfcb81,0.9888,0,0,False,False,False,False,,,0.0,Candidatus Lokiarchaeota archaeon ST_AS_maxbin.233,2053489.276
be49979e50fd98568304bc66173f624b,0.9995,3,1,True,True,True,True,,,0.125,uncultured Actinomycetes bacterium MFD04716.bin.1.373,152507.2673
ce0b607406b1ba0603a5883aeab5bbcf,0.9961,1,1,False,False,False,False,False,False,0.0,Neglectibacter timonensis MAG12854,1776382.246
584732b1ae36c8fd9cd78a3b94bfb4ba,1.0,1,1,True,True,True,True,,,0.02564102564102564,Christensenellales bacterium C039_38,3083246.141
b7533224f1ef2f4739006dd83c6bf4d2,0.9971,6,3,True,True,True,True,,,0.0851063829787234,Bacillota bacterium MAG288,1879010.11554
90c4f2d984977adea41de3f42bd18ea1,1.0,1,1,True,True,True,True,,,0.02857142857142857,Bacillota bacterium JPNG_maxbin.020_sub,1879010.10766
f57128992ee22ab49d1a992eb1594104,0.9941,22,16,False,False,False,True,True,True,0.0,Pseudomonas mendocina GD22SC3150TT,300.110
fc05fae4c5692849b84f3411043e8344,0.9941,12,4,True,True,True,True,,,0.391304347826087,uncultured Chloroflexia bacterium MFD10007.bin.2.58,1672391.27
915047629ceb2cfb1fb1d4ff467c9002,0.999,1,1,True,True,True,True,True,True,0.01818181818181818,Desulfallas geothermicus strain BL5_bin.4,39060.15
2579ccdb853bf0bbcbc589ee0badfa6b,1.0,1,1,True,True,True,True,True,True,0.006289308176100629,Shinella pollutisoli KCTC 52677,2250594.4
d45aaeec9a07ee5bc7a02cbca9a84ee7,0.9961,16,14,True,True,True,True,True,True,0.05442176870748299,Isachenkonia alkalipeptolytica strain Z-1701,2565777.3
2990b08e6fdd30ce626c1f5d8d026587,1.0,20,9,True,True,True,True,True,True,0.003998223011994669,Bacillus amyloliquefaciens Fad 97,1390.1098
58170f812d875827788d594fb6ddd4ce,1.0,1,1,True,True,True,True,,,0.029411764705882353,Bacteroidetes bacterium 4-aug_S1_004,1898104.1532
beb16d17921d9d616810cfda4d470651,1.0,8,8,True,True,True,True,True,True,0.08974358974358974,Leucobacter luti strain RF6,340320.3
8dddc010930174c81129a400de4404f2,0.9985,1,1,True,True,True,True,,,0.011764705882352941,Pseudomonadota bacterium JPNA_metabat.25,1977087.4352
421c4fde5e0b6d90aba4333ba1328d82,0.9995,2,2,True,True,True,True,False,True,0.03636363636363636,uncultured Actinomycetota bacterium MFD09368.bin.2.111,3039803.1016
9b81b6e45f605a8664136716c1f36aa2,0.9937,8,4,True,True,True,True,True,True,0.010869565217391304,Alkalibaculum bacchi strain DSM 221123,645887.5
73e316aef3faef6abf714c6a2802f409,1.0,2,2,True,True,True,True,True,True,0.05405405405405406,Spirochaetaceae bacterium 8-LJY_002,1898206.178
b2f2f46a7ac98e69a9c672e3c11d4dc6,0.998,1,1,False,True,False,True,,,0.02702702702702703,Lachnospiraceae bacterium 46-61,3142755.3
6281e84f5577a96d655059cf0de0540a,1.0,2,2,True,True,True,True,True,True,0.05405405405405406,Tissierella carlieri WGS1355,689904.5
2c8630b0baf30f2cc97a2f0b4bc96aca,0.9097,0,0,False,False,False,False,,,0.0,Pirellulales bacterium STL-PLA35,2715253.317
1c4b816fb8f22fadba37d3f297f19730,1.0,1,1,True,True,True,True,,,0.02857142857142857,Bacillota bacterium JPMR_metabat.77,1879010.10582
e6bdf194852a3017f2294a9236f98dfc,0.9941,6,5,True,True,True,True,False,False,0.018518518518518517,Peptococcaceae bacterium BRH_c4b,1629717.5
47c6142121fd5fbdd963a7a6fccb2c5e,0.9995,2,2,True,True,True,True,True,True,0.04878048780487805,Methanobrevibacter acididurans DSM 15163,120963.3
455800da158eb1acad1d1e9657b345d2,0.9956,10,7,True,True,True,True,True,True,0.049019607843137254,Candidatus Limadaptatus stercoripullorum metabat2_6755_HET_CTRL_metaflye.41 MAG,2840846.5
4651f1e124ac9d94cff06304c700b593,0.9966,5,5,True,True,True,True,True,True,0.07142857142857142,Monoglobus pectinilyticus strain 14,1981510.4
a9aac800e685600e21278a2012556aa7,0.9976,1,1,False,False,False,False,False,False,0.0,uncultured Solirubrobacteraceae bacterium MFD05942.bin.1.360,1162706.225
f4993ea775e4b217485c9be1b55db40c,0.9971,1,1,False,False,False,True,,,0.0,uncultured Firmicutes bacterium A80_L4_355355_idba_bin.65,344338.608
71f6d6badec9a36484ea0f6bea464bc2,1.0,1,1,True,True,True,True,True,True,0.004807692307692308,Pusillimonas sp. EA3,2183983.3
3ab282a70cea4c1440512ab7820c4cad,0.9912,5,4,False,False,False,True,,,0.0,Firmicutes bacterium OH_PFB_43,1879010.9650
8967a8d6fe2dd175ae34bdac837af10a,0.9961,3,1,True,True,True,True,,,0.08,uncultured Chloroflexia bacterium MFD04716.bin.2.192,1672391.638
e9ad9694aa9baa8ef6805db44808b3ce,0.9956,5,1,False,False,False,True,,,0.0,Candidatus Babeliales bacterium MFD05580.bin.1.59,2803731.118
5b1e1cf5993a1b5ab7467ae5ebe4d8a4,1.0,1,1,True,True,True,True,,,0.04,Armatimonadota bacterium USMO_maxbin.175,2033014.354
1557e1ae96e182db04d667afa2262c8e,0.9971,22,18,False,True,True,True,False,True,0.125,Christensenellaceae bacterium 0331014a-650e-4a65-af59-ba9b8a5570f7,2054177.135
6650a92f75285af3244da368e945c376,0.9941,13,10,False,True,False,True,,,0.043478260869565216,Oscillospiraceae bacterium nC33_bin.3.fa,2485925.1702
65c647ffd0330aa88c24b8bf7674e6c7,0.9985,1,1,False,False,False,False,False,False,0.0,Rhodobacter sp. CCB-MM2,1786003.4
532ff193b68d71a9e2229dd125e1eeb1,1.0,2,2,True,True,True,True,False,True,0.03125,uncultured Methanosarcinaceae archaeon MFD01299.bin.2.98,176230.5
85856de71cc20a58c1522fd9ba454442,0.9985,1,1,True,True,True,True,,,0.016666666666666666,uncultured Sphingobacteriaceae bacterium MFD10113.bin.1.179,261516.10
99d585f7c8f524fa04880f847f0a31da,1.0,3,3,True,True,True,True,False,True,0.0625,Xanthomonadaceae bacterium SMAG_U13686,1926873.121
7935c8ea2b1b44460993759d6d1cd5da,1.0,1,1,True,True,True,True,,,0.047619047619047616,Synergistota bacterium JPNA_maxbin.102_sub,2268202.68
af652e408f0db93cc4846d6901a6ce37,0.9966,13,13,True,True,True,True,True,True,0.06153846153846154,Wenxinia saemankumensis strain DSM 100565,1447782.3
f99471f9f75bc3c8400f9611fa7ee14f,0.9971,1,1,True,True,True,True,,,0.041666666666666664,Chloroflexi bacterium strain K_DeepCast_150m_m2_167,2026724.1179
c995fd3a6bbed38454cd050bc331deaa,0.9995,1,1,True,True,True,True,True,True,0.02702702702702703,Petroclostridium sp. X23,3045146.7
8207352f9586edf5c23e242fba24021c,0.999,1,1,True,True,True,True,True,True,0.0017513134851138354,Aquamicrobium soli KCTC 52165,1811518.3
b1f59336f531943ed373eb155f8380ea,0.999,1,1,False,True,False,True,True,True,0.02127659574468085,Devosia sp. strain Fred_18-Q3-R57-64_BATAC.601,1871048.28
ecc87bcfc432d272b961cd36e4246127,0.9937,4,4,True,True,True,True,False,True,0.01694915254237288,uncultured Gammaproteobacteria bacterium MFD01213.bin.3.243,86473.1733
638fc32ab42e9e47ae41e2aad6572cc9,0.999,1,1,True,True,True,True,True,True,0.0028011204481792717,Devosia ginsengisoli 46_gen_w_cov.5,400770.3
14cf2dc39880985bc2129f16b8f963f5,1.0,2,2,True,True,True,True,True,True,0.05,Tissierella praeacuta strain NCTC11158,43131.3
6007fe9f1b2db53b8b47650fa99e3f10,0.9946,2,2,True,True,True,True,False,False,0.027777777777777776,Peptococcaceae bacterium strain Nt197P3bin37,2052179.18
450e10636606887dd168542a6fc0df36,1.0,1,1,True,True,True,True,,,0.029411764705882353,Hyphomicrobiaceae bacterium CTOTU46456,2015799.213
b9779a83e705307c6596e4741240726c,1.0,20,11,False,True,True,True,True,True,0.0035068290882244372,Bacillus cereus N435-1,1396.3261
adae8a46239a2d87cf6b3187212b0c5d,1.0,2,2,True,True,True,True,,,0.0023121387283236996,uncultured Alphaproteobacteria bacterium MFD09212.bin.2.209,91750.4844
b0b69224e197ce8061ddd3ea7ceff3d9,0.9937,53,14,False,True,True,True,False,True,0.03571428571428571,uncultured Gammaproteobacteria bacterium MFD01721.bin.1.315,86473.1934
38296582075fc96045a4147fb746fe4b,0.9995,12,10,True,True,True,True,True,True,0.02181818181818182,Actinotalea sp. K2,2939438.4
4be7e3af901821b478005592cf83e189,0.9995,1,1,True,True,True,True,True,True,0.0008271298593879239,Bacillus dakarensis strain Marseille-P3515,1926278.3
28e70a00b942f129979d73aacfbf7bcd,0.9976,12,12,True,True,True,True,True,True,0.2222222222222222,Pseudobacteroides cellulosolvens ATCC 35603 = DSM 2933,398512.9
2afb474b8a2ab64685b85624763d2186,0.9941,8,5,True,True,True,True,,,0.10810810810810811,uncultured Christensenellaceae bacterium E14__bin269,1229255.54
61b47b9e51cba36e07b09f783d91532d,1.0,9,7,False,False,False,True,False,False,0.0,Propioniciclava sp. 5N021,2038686.9
2af9958fd7f71a6e23c081bc5ea32141,0.9966,2,2,True,True,True,True,,,0.04081632653061224,Dehalococcoidales bacterium STD1_187,2026733.120
713e9dcfb8f87d843735061fd6bfe1e1,0.9927,10,3,True,True,True,True,,,0.0784313725490196,Armatimonadetes bacterium strain Ch33,2033014.110
d184ddaaff75a83d4d9ce5566685f125,1.0,7,6,True,True,True,True,True,True,0.00414651002073255,uncultured Alphaproteobacteria bacterium MFD10064.bin.1.59,91750.3159
a3d67e84fce8a7747f69e619a049f2b9,0.9961,29,19,False,False,False,False,False,False,0.0,Chlamydiales bacterium strain SCN18_25_1_16_R1_B_38_15,2047757.7
87046e29904457e4619c87f36ff133f0,0.9976,1,1,True,True,True,True,True,True,0.002631578947368421,Candidatus Paracaedibacter symbiosus PRA9,244582.8
ade13a0239469e844de6acb3f220d4b2,0.9985,1,1,True,True,True,True,,,0.034482758620689655,Anaerolineaceae bacterium 6_bin.133,2024896.394
efbf6366dde7be4e10d52c16b61604d2,0.998,1,1,False,True,False,True,False,True,0.012345679012345678,Pusillimonas soli strain DSM 25264,659016.5
b0c57e0ed7d0bca22ad86fa554a57a0c,1.0,1,1,True,True,True,True,True,True,0.008928571428571428,Eubacterium aggregans strain SR12,81409.3
0ce72cb3f2222077b10a09aeab862462,1.0,4,4,True,True,True,True,True,True,0.009925558312655087,Mesorhizobium sp. ANAO-SY3R2,3166644.3
d16302bbd739ffc628c49803b25c8f6e,1.0,3,3,True,True,True,True,True,True,0.0003816793893129771,Mycobacterium sp. NCTC 11659,2212479.3
fa7645eda32b4e6cfa5a7641e34be6b8,1.0,2,2,True,True,True,True,,,0.044444444444444446,Spirochaetales bacterium 1-no_shock_S1_059,2026792.200
98e48e291e82614b662dd427ed669231,1.0,8,3,False,True,True,True,,,0.06557377049180328,Anaerolineae bacterium AnMBR.bin515,2052143.1154
7e19fffce24aab1692689a26dff5f328,0.9985,8,5,True,True,True,True,False,False,0.1388888888888889,Christensenellaceae bacterium ebc0edfe-de01-4de5-b550-b82b2926f268,2054177.136
d28d9cd054df9e29c622b1ec1944d013,0.999,1,1,True,True,True,True,,,0.020833333333333332,Rhizobiales bacterium strain Hjor_18-Q3-R7-51_BAT3C.155,1909294.1092
30722c9b979a324b1a9e507436496b08,0.9985,1,1,False,True,False,True,False,True,0.020833333333333332,Serpentinicella sp. ANB-PHB4,3074076.3
5efed3b185cd579740418a733b461740,1.0,1,1,False,False,False,True,,,0.0,Candidatus Saccharibacteria bacterium CTOTU14225,2026720.1014
d73a01cf4394c6ce1b6f91249a590671,0.9946,23,20,False,True,False,True,True,True,0.0425531914893617,Pseudomonas umsongensis strain GO16,198618.8
a489f58a63d2317f6ff094edb3fbd55d,0.998,11,8,True,True,True,True,True,True,0.25,Syntrophomonas zehnderi OL-4,690567.3
9298ac3ee3ca7f2d3eb2fcd739324462,1.0,12,2,True,True,True,True,True,True,0.02553191489361702,Clostridium butyricum D1,1492.609
86399b4152e937777cee90ee980e53c7,1.0,2,2,True,True,True,True,True,True,0.03773584905660377,Geobacter anodireducens strain NTO_MAG1,1340425.12
fa4cca3abe5e2f19f3d66fd3eafc8011,0.9995,1,1,False,True,False,True,False,True,0.00273224043715847,Proteobacteria bacterium strain RHIZO1,1977087.1418
f8d30c1e3d25ad222894f3a1a7a3eb2a,0.9941,1,1,False,False,False,True,,,0.0,uncultured Armatimonadia bacterium binchicken_co43_19,1294146.27
39514d7e0d952fb5735d67b878688bc8,1.0,43,30,False,False,True,True,False,True,0.0,Brooklawnia sp. SH051,3041175.7
dbb33c04baa39aa2036f66ac54d07dac,0.998,2,2,True,True,True,True,False,True,0.07142857142857142,Syntrophomonadaceae bacterium AnMBR.bin200,2093811.238
71c170ae2a1a4f99b40b9fb4850c55fb,1.0,1,1,True,True,True,True,,,0.012195121951219513,Eubacteriales bacterium CE91-St47,2831996.31
d0ee8cd5ce16c3dcf15fe70d87a7b4b5,0.9995,2,2,True,True,True,True,True,True,0.03773584905660377,Gallicola sp. strain AS08sgBPME_230,2683910.4
a0bbfb182e829dcd543eba20abe4bf13,1.0,8,8,True,True,True,True,True,True,0.031413612565445025,Gordonia sp. NPDC003585,3154275.4
aca560400c046d00c063af6e4596f8d5,0.999,4,3,True,True,True,True,True,True,0.0030425963488843813,Lautropia mirabilis 512852,47671.367
76a43b01e1b397fed9d963f273f17a59,0.9961,10,9,True,True,True,True,False,True,0.09803921568627451,uncultured Clostridia bacterium Lapin-026__bin27,244328.5797
42de4e368cca3ff50954f82c12dd5315,1.0,7,4,True,True,True,True,True,True,0.04093567251461988,Ruminococcus sp. D1181bin17,41978.2018
1f56ffc2734d7ef8efb20201a6700725,0.9995,1,1,True,True,True,True,,,0.041666666666666664,uncultured Actinomycetota bacterium MFD00709.bin.2.159,3039803.835
79e6f59a9f9e9a918479309917c34bb8,1.0,5,4,True,True,True,True,True,True,0.010309278350515464,Mycobacterium sp. RTGN8,3016520.4
334b1d727a1edd0d17d589993ea3a1ab,0.9976,5,4,True,True,True,True,True,True,0.10810810810810811,Candidatus Darwinibacter acetoxidans M4B_bin12,3082383.24
c09305c29479546a081817c3df4019cc,1.0,4,4,True,True,True,True,True,True,0.019801980198019802,Gordonia sp. AC31,2962571.3
18e8b2bd0c2318ff13208d8febed727a,1.0,7,5,True,True,True,True,True,True,0.0875,Castellaniella ginsengisoli 150221,546114.9
febbb96bc35744a5fc6936e547e3041c,0.9995,1,1,True,True,True,True,True,True,0.0044444444444444444,Agrobacterium sp. Poolinfecte_13,361.62
fd29bda0b56df34282a38393c8fbcbca,0.9946,1,1,True,True,True,True,True,True,0.04,Constrictibacter sp. MBR-5,3156467.4
49eabe5ac42dea1466d651d64825b6c6,0.998,2,1,True,True,True,True,True,True,0.01639344262295082,Clostridiaceae bacterium HFYG-1003,2961947.7
08beb3b3788f0fb047aa7b0b035a64a6,0.999,1,1,False,True,True,True,,,0.02857142857142857,Christensenellaceae bacterium 20c35e01-8a7f-49ef-9147-7de253b6e4f4,2054177.125
772c51fc3d0fb2e1bcaeda2b528c17cc,0.9961,6,3,True,True,True,True,False,True,0.3,uncultured Alphaproteobacteria bacterium MFD05442.bin.1.422,91750.4227
15baec8488957bacb3136134000dc93a,0.9995,5,3,True,True,True,True,True,True,0.25,Candidatus Humimicrobium sp. AnMBR.bin324,3097462.3
1fd28ae75bb3ec630b2de2e3430c8f1e,0.9971,6,6,False,True,False,True,False,True,0.07317073170731707,[Clostridium] stercorarium subsp. stercorarium DSM 8532,1121335.11
3430b825e4b3a8125340b6e0f195bf98,0.9995,2,2,True,True,True,True,True,True,0.023809523809523808,Parabacteroides merdae 1001283st1_E7_1001283B150217_161031,46503.2728
86d8b22d008c02c166ab930218a92e10,0.9966,7,4,True,True,True,True,,,0.045454545454545456,Anaerolineae bacterium strain CSSed162cmA_203,2052143.51
10378c24fd183ece5224eb4bb5980766,0.9951,23,21,True,True,True,True,False,True,0.18181818181818182,uncultured Gammaproteobacteria bacterium MFD01213.bin.3.243,86473.1733
c2baae149e8c7b36f47fe4bf2356f1f7,0.9858,0,0,False,False,False,False,,,0.0,Candidatus Carsonella ruddii 16A,114186.84
a50b9465cd3e7850eae2011497a4f41b,0.9985,13,4,False,True,False,True,False,True,0.2702702702702703,Deltaproteobacteria bacterium UR.bin119,2026735.1892
dcf22aafce62a2d9046206ed47c5479e,0.9961,5,4,False,True,False,True,False,False,0.05714285714285714,Gammaproteobacteria bacterium MAG77,1913989.5833
121322a4bdcd6f088390c57de15de7ae,0.9995,1,1,True,True,True,True,,,0.0196078431372549,Novosphingobium sp. LE19-195.1B,1874826.135
1071b98661dd8853c0e46701d6b23af6,0.9966,7,6,False,True,False,True,False,True,0.002331002331002331,Christensenellaceae bacterium strain SQ_MAG_4,2054177.45
27eca4697c28c0d2d71d89a89895ea98,0.9966,2,2,True,True,True,True,,,0.07407407407407407,uncultured Eubacteriales bacterium MGYG-HGUT-03465,172733.5246
6d56db03597652c712579ef83511cad9,0.999,2,2,False,True,True,True,True,True,0.041666666666666664,Candidatus Obscuribacter sp. strain Ejby_18-Q3-R6-50_BATAC.123,2711154.3
15c6e0bf37328b13715a4ae6571a255e,0.9966,6,5,True,True,True,True,True,True,0.12903225806451613,Lentimicrobium saccharophilum strain TBC1,1678841.5
e7891537521872e90b0e0f41517de633,0.999,1,1,True,True,True,True,,,0.02857142857142857,Chloroflexi bacterium strain S1bins97,2026724.1435
251d66e77274e5b7d1eaf61e407f04b8,0.9976,1,1,True,True,True,True,,,0.008064516129032258,Bacillota bacterium JPNG_maxbin.056_sub,1879010.10760
4343b6b7da6bae2055762dad082dd651,1.0,1,1,True,True,True,True,,,0.043478260869565216,uncultured Actinomycetota bacterium MFD01721.bin.1.365,3039803.429
91b0e901cfecbf218fbaa882071bc0ff,0.9976,17,14,True,True,True,True,True,True,0.05660377358490566,Thermomonas sp. RSS23,2872701.5
f84aa5ec0c6a8702f634b0fed4bb56e0,0.9995,1,1,False,True,False,True,False,True,0.0011961722488038277,Mesorhizobium sp. KR9-304,3156614.4
9cf1aa88a0fc0c5655a20cd94313b748,0.9966,9,6,True,True,True,True,False,True,0.05714285714285714,Christensenellales bacterium AnMBR.bin536,3083246.49
725fa7e245b8733a5fc9a4224886b669,1.0,1,1,True,True,True,True,,,0.027777777777777776,uncultured Alphaproteobacteria bacterium MFD04716.bin.2.104,91750.3442
5c9352f85a03deadbc046bcced83740a,0.9995,1,1,True,True,True,True,True,True,0.0015527950310559005,Mesorhizobium sp. GR13,2562308.3
1b2f4342857d36d36a40ca1bdeb10c3c,0.9985,10,9,True,True,True,True,True,True,0.11475409836065574,Quatrionicoccus australiensis strain 100,138118.7
4a70dcab1da10b99743b8b5298cd2f6f,1.0,1,1,True,True,True,True,,,0.029411764705882353,Actinobacteria bacterium strain AC_59,1883427.313
a012a92141e089dd0e178bc46889f8bd,0.9829,0,0,False,False,False,False,,,0.0,Candidatus Hodgkinia cicadicola strain MAGSEP,573658.21
84e4f817f54ee2f5785d8caa8c371879,0.9995,1,1,True,True,True,True,,,0.02857142857142857,Rhizobiales bacterium strain new MAG-141,1909294.1101
e4bf10681d4b03152f1aded69bd8e7ab,0.9995,2,1,True,True,True,True,,,0.06896551724137931,uncultured Actinomycetes bacterium MFD01721.bin.2.137,152507.2318
4876b86f5480b63093b5ed493010d622,0.9966,6,4,True,True,True,True,,,0.3,uncultured bacterium MFD01112.bin.2.36,77133.6567
02e328ecac1fdf0f63bb40991465112b,0.9829,0,0,False,False,False,False,,,0.0,Flavobacteriaceae bacterium ABC2.123,1871037.1487
644c14744299b1aa46a195610c9f1a6f,1.0,2,2,False,True,False,True,,,0.0625,Solirubrobacterales bacterium CTOTU2467,1909295.498
ae89ff1c2542cc18bae68e862b05609c,1.0,1,1,True,True,True,True,True,True,0.013157894736842105,Xinfangfangia sp. LG-4,3073604.3
c574f4c451bc5662da17b3af8d5ebf44,0.9985,3,3,True,True,True,True,True,True,0.08333333333333333,Pseudaminobacter sp. NGMCC 1.201702,3391825.3
e12d0786351086c693d56af70d0e9234,0.9995,1,1,True,True,True,True,,,0.015384615384615385,Burkholderiaceae bacterium ACE_NR_PROT22,2030806.415
0789f0701b19d9a2a240b29e42e64d0d,0.999,6,6,True,True,True,True,True,True,0.031914893617021274,Alicycliphilus denitrificans strain I51,179636.6
58bd12d54ddade76b08e3fc252745a97,1.0,1,1,True,True,True,True,,,0.034482758620689655,Spirochaetaceae bacterium 3-JJ_aug_S1_010,1898206.177
201f8219b3baeb8ce71eb8de62e49ca7,0.9956,5,4,True,True,True,True,False,True,0.15151515151515152,Clostridiales bacterium AnMBR.bin276,1898207.5729
674620811839f7b3abae4475a2cbd1fd,0.9995,2,2,True,True,True,True,False,True,0.003401360544217687,Pseudomonadota bacterium MAG079,1977087.7243
d62995b61a683553373d223efcb7aeaf,0.9966,16,9,True,True,True,True,False,False,0.20512820512820512,Christensenellaceae bacterium ebc0edfe-de01-4de5-b550-b82b2926f268,2054177.136
eb0ccdfb925b4aa269b4e3d6848c7b32,0.9927,15,10,False,True,False,True,False,True,0.11363636363636363,Dysosmobacter sp. 47-1_06,2591382.104
495f0278f21e9c70f64f973cab973d03,0.9985,1,1,True,True,True,True,,,0.02857142857142857,uncultured Armatimonadetes bacterium MFD00905.bin.2.19,157466.57
9cbf0954f06d3ad4ffa822ec80a7f4af,1.0,1,1,True,True,True,True,,,0.012195121951219513,uncultured Gammaproteobacteria bacterium MFD02832.bin.1.177,86473.2199
43b083f9636dbce1742a5107ad053584,1.0,1,1,True,True,True,True,,,0.03333333333333333,Anaerolineaceae bacterium UBA4890,1951417.3
6e72d85c5c29aaa1b7f043f60c8515fa,0.999,2,2,True,True,True,True,True,True,0.02857142857142857,Hyphomicrobium sp. ghe19 hypp,2682968.3
e5092df44ebdb6698c9fde3cdfb19ceb,1.0,1,1,True,True,True,True,,,0.023809523809523808,Microthrixaceae bacterium SMAG_U15407,2497627.139
96a0d03e75930560abfccfea17f4410f,0.9985,1,1,True,True,True,True,,,0.025,Synergistota bacterium JPMR_maxbin.035_sub,2268202.73
08d10673b70f3d8b078a149a25d94b19,1.0,2,2,True,True,True,True,,,0.06451612903225806,Candidatus Eremiobacteraeota bacterium bin.189_sub,2052317.262
8b07adb150b7469eafc89ddb46a9bef2,1.0,1,1,True,True,True,True,True,True,0.001447178002894356,Mesorhizobium sp. CN5-321,3157708.4
8d941eda8589ac6399b9a5eea473711c,1.0,2,1,True,True,True,True,True,True,0.03571428571428571,uncultured Methanobacterium sp. 3f2017ab-9e69-417f-80a5-32741c1572f8,176306.10
4708a77110c6f82083fb0f0e64026556,1.0,19,18,True,True,True,True,True,True,0.007793273174733388,Streptomyces sp. NPDC004629,3364705.3
f2a6e7637c20fbb79c069489fc527053,0.999,1,1,True,True,True,True,,,0.017857142857142856,uncultured Methanobacteriaceae archaeon MFD01299.bin.2.199,176233.40
71759382cfc2547ea9f6f84a1c2bff86,0.999,7,6,False,True,True,True,False,True,0.057692307692307696,Clostridia bacterium PG1894_196,2044939.3898
fcd440ee90ed7a838d67a52025c2c7d6,0.9971,1,1,True,True,True,True,,,0.05263157894736842,uncultured Chloroflexia bacterium MFD02840.bin.2.2,1672391.467
160417c8184691818a991a146e5402d7,0.998,2,1,True,True,True,True,True,True,0.05263157894736842,Massilibacterium senegalense strain MGYG-HGUT-01511,1632858.6
be3beb705ba2502ce1c0a3ac0b24feb3,0.9966,10,8,True,True,True,True,False,True,0.05263157894736842,Ruminococcaceae bacterium strain SIG563,1898205.3863
c68beead78f4f3b46f10ea9998c1bff7,0.9912,6,6,False,True,True,True,,,0.125,uncultured delta proteobacterium MFD06714.bin.1.19,34034.487
60ec6b41425f294ba92e7b2f8cc23289,0.9849,0,0,False,False,False,False,,,0.0,Flavobacteriaceae bacterium ABC2.123,1871037.1487
75ae184615957ea74819e0710296a493,1.0,1,1,True,True,True,True,,,0.010752688172043012,Dermatophilaceae bacterium AMR_MDS_1665,2728912.34
920fe236cb3d2ec76bfac976e7f3878f,0.998,1,1,False,True,False,True,,,0.045454545454545456,Anaeroplasmataceae bacterium H07689-L1_cleanbin_000022,2793037.59
0bc59e74450baf62ec83784e80a61aa5,0.9976,2,2,False,True,False,True,False,True,0.038461538461538464,uncultured Victivallales bacterium SRP093185_co1_15,278093.50
0674e7934525d446c54c31dc9b8e33d5,0.9927,0,0,False,False,False,False,,,0.0,Mycoplasmataceae bacterium Nm470_bin14,2685873.68
2d0678b27e5d621f7d924530fa929c26,0.9971,22,10,False,True,True,True,False,False,0.02702702702702703,uncultured Iamiaceae bacterium MFD02134.bin.1.179,886358.9
68a7e86d20300d64c5acb88a9021e2f4,0.9995,2,2,True,True,True,True,,,0.06896551724137931,Rhodocyclaceae bacterium strain ACE_PRO60,1898103.80
22fa460af93a84061844f0660d43797e,1.0,1,1,True,True,True,True,,,0.02631578947368421,Verrucomicrobiota bacterium AMR_MDS_2530,2026799.1265
b1a12be5e88edf77bfaef78dd01159eb,1.0,2,2,True,True,True,True,False,True,0.0625,Anaerolineae bacterium clx_SAG45,2705087.3
5842b861c82007643d496c3860a149f9,0.9966,4,4,True,True,True,True,True,True,0.12903225806451613,[Clostridium] thermosuccinogenes strain DSM 5809,84032.5
065262b748557031f638872e76923c72,1.0,1,1,True,True,True,True,,,0.038461538461538464,Proteobacteria bacterium strain REYR1,1977087.1356
930364fee1f4684984efec7eacc41f85,0.999,4,4,True,True,True,True,True,True,0.02040816326530612,Devosia sp. RY10,3152360.3
e8bb8d9f0ab19588ba970ec5b20a7319,0.999,3,3,True,True,True,True,True,True,0.05,Conexibacter sp. JCM 18997,1301082.4
36f3b6d6951a802a6906a07bed8168bb,0.9795,0,0,False,False,False,False,,,0.0,Candidatus Carsonella ruddii 25,114186.85
8f9fe5d435f9b6b90c0bf2e7055bdb82,0.9946,8,2,False,True,False,True,,,0.02631578947368421,Firmicutes bacterium UBA994,1948110.3
add6ee5276913213598665852c4b08fb,0.9995,5,5,True,True,True,True,True,True,0.030864197530864196,Corynebacterium choanis strain 200CH,1862358.3
e16f67ce9c9a6f842af7e459ca1d6239,0.9985,6,6,True,True,True,True,True,True,0.16,[Clostridium] thermosuccinogenes strain DSM 5809,84032.5
c04f2aa72eb5915198cc74dedbb985ea,0.9976,6,6,True,True,True,True,False,False,0.05,Christensenellaceae bacterium da5b4d75-ff56-416d-93ad-0d8c7092aa02,2054177.118
6eca1e8c47d098b26976cba1c2bfdfb8,0.9941,2,2,False,False,True,True,True,True,0.0,Burkholderia mallei strain 2002734306,13373.27
c040c750c7a9e9bdd14a5ee18b3c3b5b,0.9985,3,1,True,True,True,True,True,True,0.04918032786885246,Candidatus Methanoplasma sp. Cf509_bin46,2604147.6
f4e4eee188c4e5fb2a3b609a95f7036c,0.999,1,1,True,True,True,True,,,0.013513513513513514,Euryarchaeota archaeon JPNG_metabat.7,2026739.870
8e7bd1c2bef6cba75457c867bea7fec1,0.9995,1,1,True,True,True,True,,,0.022222222222222223,Xanthomonadales bacterium strain ACE_PRO13,2006849.84
eec9b8156043e0a6af0911723613a3da,0.9971,8,5,True,True,True,True,False,False,0.02702702702702703,Eubacteriales bacterium T1900044868_TS20190334.MAGScoT_cleanbin_000031,2831996.916
9a6c73fde0a30dc54868fac28b4fc86f,1.0,2,2,True,True,True,True,,,0.05128205128205128,Candidatus Nanopelagicales bacterium AnMBR.bin112,2518612.277
c19a1c0bb75e671f02df2cbb306949d9,0.9985,1,1,False,True,False,True,True,True,0.006666666666666667,Lysobacter enzymogenes strain C3,69.6
614e12aec73ab6030db3c1a7f5141bba,0.9995,2,2,True,True,True,True,,,0.05555555555555555,Candidatus Cloacimonadaceae bacterium AnMBR.bin480,3064664.21
912c0c0d10313d835d3cd85636e51854,0.999,1,1,False,True,False,True,,,0.045454545454545456,Labilithrix sp. STL-MYX21,1971228.23
5ed692eda11eb0a2b9db26ccfdc1eee7,0.9995,3,2,True,True,True,True,False,True,0.046875,uncultured Alphaproteobacteria bacterium MFD01872.bin.2.138,91750.4210
eae7dab14a3fcdc218d112865f01940b,0.9971,19,8,True,True,True,True,False,False,0.07142857142857142,Actinobacteria bacterium strain ZMQR.bins.8,1883427.356
ac88022abe88b69c50f8c064630c5ff2,0.9956,1,1,False,True,True,True,,,0.021739130434782608,Firmicutes bacterium strain Bu02,1879010.7329
613a529206f7a8428ca4bb000c908d35,1.0,1,1,True,True,True,True,,,0.04,Lachnospiraceae bacterium D3029bin13,1898203.6672
75d80c6719572b77733668a43dddaa60,0.9971,2,1,False,True,False,True,True,True,0.003780718336483932,Clostridium sp. WILCCON 0185,3381661.3
a777d4d917d8136a45eebcd830b6e5f4,0.9985,1,1,True,True,True,True,True,True,0.016129032258064516,Methanomethylovorans sp. strain R1-B13.1,2758717.6
e7a9beba4bfa0731ea9d0fa90bb065e3,0.9956,2,2,False,False,False,False,True,True,0.0,Legionella brunensis strain ATCC 43878,29422.6
6552ab56103eaf5a3eb1e9b2f45e8ee7,1.0,2,2,True,True,True,True,True,True,0.047619047619047616,Zoogloea ramigera strain NBRC 15342,350.3
bc073931df610b4c23a592ffb53b2238,1.0,7,7,True,True,True,True,True,True,0.030864197530864196,Methylobacterium radiotolerans K003,31998.115
9556ed629add12bf69d350023ce028dd,0.999,3,3,True,True,True,True,False,True,0.04411764705882353,uncultured Alphaproteobacteria bacterium MFD10113.bin.c.2,91750.3113
ae47cfe63095fcaf0afb228c7502cb66,1.0,1,1,True,True,True,True,,,0.0012658227848101266,Burkholderiaceae bacterium strain S5C1415,2030806.282
b751d80405d63e383de7ea09a7e2dcfd,0.9976,1,1,False,True,False,True,,,0.041666666666666664,Deltaproteobacteria bacterium RA.bin14,2026735.1906
a2bed1579fba6884369c1b3173330800,0.9956,22,21,False,True,False,True,False,True,0.014492753623188406,Clostridia bacterium UC5.1-1D10,1697787.4
3d94d8b70e7c5bf96bbb6b29f432ec1b,0.998,2,2,True,True,True,True,True,True,0.08333333333333333,Dethiobacter alkaliphilus Z1002,427926.8
3c8c974e9e9f2247fedc8b66253b5774,1.0,1,1,True,True,True,True,True,True,0.03571428571428571,Desulfotomaculum ferrireducens strain GSS09,1833852.3
647927aceecdb8d63c0647ad64f33531,1.0,2,2,True,True,True,True,True,True,0.0023752969121140144,Rhodococcus kroppenstedtii strain 20200126096,293050.8
4c9b3fff08afb1135eafe0f7c7438032,0.9995,1,1,True,True,True,True,,,0.045454545454545456,Aggregatilineaceae bacterium AnMBR.bin278,2952881.11
ac96db42031919a640395a42626c4cfe,1.0,1,1,True,True,True,True,,,0.02631578947368421,Clostridiales bacterium DTU012,1671647.4
1209cd9553a668c3c0e9ea29050fd3a1,0.9985,5,2,True,True,True,True,,,0.13333333333333333,Chloroflexi bacterium OLB14,1617415.5
13c192d50cff7e65ab17657c4769d790,1.0,1,1,True,True,True,True,True,True,0.00641025641025641,Clostridium tagluense strain CM024,360422.9
b6bae6e1c31423a1dfd8b925ac173939,0.9937,1,1,False,False,False,False,False,True,0.0,uncultured beta proteobacterium MFD02840.bin.1.5,86027.1325
ccd295e3a04fb7bb78f97b49d1d76562,1.0,1,1,True,True,True,True,,,0.034482758620689655,Bacteroidales bacterium strain AS27yjCOA_141,2030927.439
1e3f1ba7e9eb6d326f7f7ea4792b1680,0.9971,8,5,True,True,True,True,,,0.05714285714285714,Anaerolineae bacterium AnMBR.bin235,2052143.1144
44ed1a1eb3ed2fe963e32f2d9591f332,1.0,2,1,True,True,True,True,,,0.041666666666666664,uncultured Actinomycetes bacterium MFD02134.bin.2.10,152507.2722
4f991b9a87b25e13c75f8eb888f9f7be,0.9932,6,5,True,True,True,True,False,True,0.1,Clostridia bacterium 6f746f25-b6c4-487c-b3b2-1da827f770e4,2044939.4534
499282a32d639ab44b7dc14af1e71965,0.999,18,18,True,True,True,True,True,True,0.07,Paracoccus solventivorans strain DSM 6637,53463.8
147c28a497af9f823da70571c88b5ebe,0.999,5,3,False,True,True,True,False,True,0.061224489795918366,Anaerovoracaceae bacterium d0a44124-bd0d-43a8-b654-cc1806fddd19,3030912.181
cca5f50c3116400e50fe7a3e7a0be852,0.9995,8,5,True,True,True,True,True,True,0.15217391304347827,Agriterribacter sp. SMAG_U15422,2821509.9
432a02504adb954775f641117e6d7b14,1.0,1,1,True,True,True,True,,,0.038461538461538464,Bacteroidetes bacterium UR.bin83,1898104.1494
a36b617c346af9dc1b8b18938adc2fc9,1.0,1,1,True,True,True,True,,,0.027777777777777776,Planctomycetota bacterium KLAP7,2026780.1650
dbecc9e8493f9f9f3816c44467a0b7d4,1.0,1,1,True,True,True,True,True,True,0.012195121951219513,Nocardioides sp. AS_Ams2_Bin10,35761.152
f4dd561d786dd46b9cb84eab6594d632,0.9961,9,9,True,True,True,True,True,True,0.02702702702702703,Elioraea sp. MS-P2,2843330.3
350764427a7e15d2e95ee77951ea5c6c,0.9927,15,14,False,True,False,True,False,True,0.04040404040404041,Eubacterium aggregans strain SR12,81409.3
e335570f65a3bc3a849f355ac1698181,1.0,2,2,True,True,True,True,,,0.044444444444444446,Bacteroidota bacterium JPAS_maxbin.066_sub,1898104.3472
70bc60bf6b649f62bb1ee7538331006f,0.9976,3,3,False,True,True,True,True,True,0.08823529411764706,Bacillota bacterium JPNG_maxbin.100_sub,1879010.10751
6f5c69090502aa2182ea4a5a24b1cc94,0.9941,15,15,False,False,False,False,False,True,0.0,Coleofasciculaceae cyanobacterium SMAG_U16478,3081323.4
5bbe2a5a01c16cb8363953430baaea87,0.9951,5,2,False,False,False,False,,,0.0,uncultured Chloroflexia bacterium MFD03804.bin.1.88,1672391.487
dfc8c6977754afac6bdc71718f2a7910,0.9888,18,14,True,True,True,True,False,False,0.058823529411764705,uncultured Gammaproteobacteria bacterium MFD03250.bin.c.6,86473.1591
4079dc43f1ee0b0433df1aaaafba110d,0.9946,9,8,True,True,True,True,False,True,0.30434782608695654,Planctomycetes bacterium OH_CBrB_161,2026780.1138
2d2be8e2152e95e0f171c4b66568e6f9,1.0,1,1,True,True,True,True,,,0.045454545454545456,Christensenellaceae bacterium 01a02c0c-5802-4c47-8e2d-6646ecf7da28,2054177.123
b42de67c23c492ca5f7c49025c6364a4,0.999,5,4,True,True,True,True,True,True,0.18518518518518517,Cronobacter dublinensis strain cro2915W,413497.13
f50dbd67a45eb3d4ad799c04f77b900d,0.999,1,1,True,True,True,True,True,True,0.017857142857142856,Colidextribacter sp. 210702-DFI.3.9,2883268.9
bda11f81d4705f02ac8558b96bff4e28,0.9932,2,2,False,False,False,False,,,0.0,[Clostridium] stercorarium subsp. thermolacticum JCM 9324,1291049.3
e8279b17fcbd61e4b105b0a3d872b567,0.9976,20,11,False,False,True,True,True,True,0.0,Citrobacter freundii T7CY,546.2993
f961fc7bc93cdc2692d05871d6ef0296,0.9951,20,16,True,True,True,True,False,True,0.046153846153846156,Eubacteriales bacterium SUG2579,2831996.361
d83c0d8fbc6ae1fe1c0dd12cbea1833a,0.9966,2,2,False,False,False,True,,,0.0,Verrucomicrobia bacterium strain Bin_29_9,2026799.243
db4543063a7cc4847ca4914a1f3f4611,0.9985,1,1,True,True,True,True,True,True,0.0037174721189591076,Pseudaminobacter sp. 19-2017,2831468.3
7d92b18666da2334d7051a3a9791dc97,1.0,2,2,True,True,True,True,True,True,0.058823529411764705,Methanolinea sp. strain EsbE_18-Q3-R3-47_BAT3C.270,2268143.5
e9300c9ad8d48efb516b90fddffeff2e,0.9995,12,9,True,True,True,True,True,True,0.045871559633027525,Afipia sp. strain SCN18_10_11_15_R3_B_64_1796,1871052.17
e367941e1e567e6ca872d51930564433,0.9995,1,1,True,True,True,True,True,True,0.02564102564102564,Cronobacter dublinensis strain cro2915W,413497.13
489ebda75c9174b8e7ad565ac0f52b97,0.9976,1,1,True,True,True,True,,,0.030303030303030304,Eubacteriales bacterium mix99,3039678.3
5b6a595a6fc20f9f06cf625ed712d163,1.0,1,1,True,True,True,True,,,0.037037037037037035,Bacillota bacterium polished_nanopore-bin.35,1879010.11292
9d39b90a86fcc29202f4775515a05146,0.9956,5,4,False,False,False,True,False,False,0.0,Candidatus Terasakiella magnetica strain TrH-25oct19-104,1867952.7
520df833871a8a531033d90f108d61a3,0.9985,1,1,False,True,False,True,True,True,0.014084507042253521,uncultured Actinomyces sp. strain DRR214960_bin.22_metaWRAP_v1.1_MAG,249061.225
7dcd8f2c853c664b258593426d4590c3,1.0,1,1,True,True,True,True,True,True,0.020833333333333332,Candidatus Limiplasma sp. db580aba-6051-46eb-9fee-97dd4b2959e1,2952930.23
c1e12e70c3095cd1b1091f534242abd3,0.999,1,1,True,True,True,True,,,0.037037037037037035,uncultured Alphaproteobacteria bacterium MFD05684.bin.1.50,91750.4328
ee4416ea3d6750d9a8586868330f1ff6,0.9966,1,1,True,True,True,True,,,0.004761904761904762,Clostridia bacterium strain HGM12625,2044939.990
c3f093ce4164155c9b0f097a9ae7de70,0.998,3,2,False,False,False,True,False,True,0.0,Firmicutes bacterium OH_HBB_204,1879010.9330
18b7af5d1e7696bb8cd541bdde042b51,0.9971,2,2,False,True,False,True,,,0.08333333333333333,Bacillota bacterium JPMR_metabat.40_sub,1879010.10588
dbdb30396825379c82448fee2cbe497e,0.9922,5,2,False,True,True,True,,,0.08333333333333333,uncultured Planctomycetota bacterium MFD01721.bin.2.133,120965.158
c17efdeaa645dec7b8f314690d1b9160,1.0,3,3,False,True,False,True,True,True,0.017857142857142856,Devosia sp. ZB163,3025938.4
d6ede5314f1108426fbd0e2612d334d0,0.9956,1,1,False,True,False,True,,,0.03333333333333333,Pirellulaceae bacterium PL25a_bin.111,2699754.57
421b4676c5bde303e399360e708db7fc,0.998,1,1,False,True,False,True,False,True,0.023255813953488372,Tissierella sp. Yu-01,3035694.9
0b5f1332724e9f07873bad86a8fbc029,0.9956,14,5,True,True,True,True,,,0.27586206896551724,uncultured Spartobacteria bacterium strain Loc080925-8m_bin-142,333969.87
05ced7360de47d5d168d5e800766013b,0.999,1,1,False,False,False,False,,,0.0,uncultured Alphaproteobacteria bacterium MFD06714.bin.1.226,91750.3517
a8f1172cd5341236c5e2a3ced113b0b2,0.999,1,1,True,True,True,True,,,0.04,Euryarchaeota archaeon JPMR_metabat.57,2026739.826
dec21d55511b3673e457876cc2797df6,1.0,2,2,True,True,True,True,True,True,0.0021164021164021165,Rhizobiales bacterium strain AFS063751,1909294.559
b87169030deed04dc4b504c53964ffbe,1.0,2,2,True,True,True,True,True,True,0.07692307692307693,Stella humosa strain ATCC 43930,94.5
597e0e7e460f5d0be7030d9da9e27e58,0.9971,3,3,True,True,True,True,False,True,0.08823529411764706,Anaerolineaceae bacterium strain BM5_bin.2,2024896.64
36822e5c96ad047bd5a4d78c9ebfe7f6,0.998,3,3,True,True,True,True,False,True,0.07142857142857142,Synergistaceae bacterium DZ-S5,3397570.3
51eeae8786b6b3388d60ae581c58d45e,1.0,3,2,True,True,True,True,True,True,0.001579778830963665,Acinetobacter lwoffii 33,28090.279
b21e9a2a1e6186cdab5d075a2e3bdeba,0.9966,16,14,True,True,True,True,True,True,0.1891891891891892,Caloramator mitchellensis strain VF08,908809.4
fb282bece926443e2ce880ef4c696c6e,0.999,1,1,False,True,False,True,False,True,0.0003736920777279522,Enterobacter hormaechei K_21_ENCL_294,158836.4506
df20ccfbfc0741ee313d9e9433dbac01,0.9976,1,1,True,True,True,True,True,True,0.007352941176470588,Dehalobacter sp. DAD,1962289.10
b488bf12e36de9f37c9b3da1febf2c3e,0.9961,9,4,True,True,True,True,,,0.16666666666666666,Candidatus Dependentiae bacterium OFTM133,2030827.74
e47e7a777e94141d9ca4d03a24c43c22,0.9961,10,9,True,True,True,True,True,True,0.07142857142857142,Neglectibacter timonensis MAG12854,1776382.246
331b2c7da556a639972cc9b2d8a31aa8,0.998,2,1,False,True,False,True,,,0.08333333333333333,Gammaproteobacteria bacterium Spart_108_MAG,1913989.4781
89c962e2643e3c9af6fa5614a3e57003,1.0,2,2,True,True,True,True,,,0.0425531914893617,uncultured bacterium CTOTU26046,77133.19073
6cec0bfed5ae5027a2002e200c4f71eb,0.999,2,2,False,True,False,True,False,True,0.013157894736842105,Luteimonas sp. FXH3W,3115820.3
3b54387c342aed1bbfc6586fdf74ffc6,1.0,1,1,True,True,True,True,,,0.038461538461538464,uncultured Candidatus Berkelbacteria bacterium SRR5576005_bin.117_CONCOCT_v1.1_MAG,1664347.22
66d2801e670d80e47a383b655213cf55,0.9956,23,15,False,True,True,True,True,True,0.02564102564102564,Aestuariivirga sp. 5N101,2650926.86
4fdb441ce30cb8a04ddd4c7b24e39ae2,0.9995,1,1,False,True,False,True,False,True,0.020833333333333332,Austwickia sp. strain Fred_18-Q3-R57-64_BATAC.85v2,1872664.3
5645208dbd4272e443c0bfd58a60b9b9,0.9956,5,5,False,True,False,True,False,True,0.08571428571428572,Hungateiclostridium clariflavum strain 4-2A,288965.3
4c377ed4a13484a07dffc1121a98a02c,0.999,3,3,False,True,False,True,True,True,0.002355712603062426,Rhizobium sp. strain LANL01E,391.51
cdfbfbaaeefc8ad48995e3953a7ed409,0.9961,9,7,True,True,True,True,True,True,0.016666666666666666,Paenibacillus sp. SYSU_K30003,2582848.3
cb3f42ad378ddeda014d895db355586b,1.0,6,5,True,True,True,True,True,True,0.037267080745341616,uncultured Actinomyces sp. strain DRR214961_bin.28_metaWRAP_v1.1_MAG,249061.189
a8615f5ca1d297895cc840a75212b907,1.0,2,1,True,True,True,True,,,0.07142857142857142,Smithellaceae bacterium binned_ad_7.109,2964540.20
5dfb2d1578133ad81a110967e7c71462,1.0,2,2,True,True,True,True,True,True,0.03125,Methanothrix sp. MFD13487_ilm_asm_bin2,90426.207
566e2121e9bd3188a5c29f9c55607760,1.0,1,1,True,True,True,True,,,0.02040816326530612,Bacteroidetes bacterium ADurb.Bin174,1852808.3
8359901a562b0b0642e0383e8fb12566,0.9985,1,1,False,True,False,True,,,0.007407407407407408,Mycobacterium tuberculosis ERR176690,1773.19357
1fe612d44adcd7a6a0efbc7ad770fb38,0.9966,1,1,False,True,False,True,,,0.05555555555555555,Anaerolineales bacterium FR_7,2073117.713
79e2b6d098bc24e051a82e3d618d416f,1.0,4,4,True,True,True,True,True,True,0.023809523809523808,Legionella steelei strain IMVS3376,947033.5
d883b22e464393102af5c3372d061397,0.9956,15,10,True,True,True,True,False,True,0.17647058823529413,Clostridia bacterium strain HGM12673,2044939.1034
36a66f4e2ef60675b52417bd1ef5d23f,1.0,1,1,True,True,True,True,True,True,0.01020408163265306,Methylobacterium hispanicum CCM 7219,270350.5
25668c0238f943ae425391ec3054a4d0,1.0,4,4,True,True,True,True,True,True,0.028169014084507043,Albidiferax sp. OV413,1855285.3
3ec5ac546f36cb0a6d6b41ea94437fd6,1.0,8,8,True,True,True,True,True,True,0.02564102564102564,Bacillus sp. OV166 strain OV166,1882763.3
666b0c3f75da615166898be90c200697,0.998,5,5,True,True,True,True,False,True,0.08,Eubacteriales bacterium mix99,3039678.5
58a2d5b3e1ddfcaf493f61028578cc92,0.9985,1,1,False,False,False,False,,,0.0,uncultured Desulfomonile sp. strain KTt_bin-2771,169962.9
7380f2dbd0ed772394d1ec7413371fd5,0.9966,2,2,False,True,True,True,True,True,0.07692307692307693,Candidatus Kuenenia stuttgartiensis HRSG-H9-bin-94,174633.222
8f6e77dd37d82d5d60ee21867f52f9e4,1.0,1,1,True,True,True,True,,,0.03333333333333333,Bacillota bacterium MAG64_SZBP,1879010.10792
49eeeeee727d06a37cada5eee00468b5,0.9985,3,2,True,True,True,True,,,0.06896551724137931,Bacteroidales bacterium AnMBR.bin216,2030927.5536
ce3debe377068d91443c07c23728742c,1.0,1,1,True,True,True,True,,,0.002257336343115124,uncultured Bacillaceae bacterium MFD08669.bin.1.5,197516.44
137dec98118422e728bd109bffafd4bb,0.9902,23,17,False,True,True,True,False,True,0.045454545454545456,uncultured Clostridia bacterium N1_Bin_Bin_25_1,244328.6858
46fcb071239921902d1df130f863599c,0.9961,1,1,True,True,True,True,,,0.02631578947368421,Bacillota bacterium USOA134_maxbin.114,1879010.10574
29ffed0e67cdfb55f16960a8f8428cb5,0.999,11,5,True,True,True,True,False,True,0.056910569105691054,uncultured Actinomycetota bacterium MFD05567.bin.2.192,3039803.1284
e8a98ce984ee0d66515ea055e525930b,0.999,2,1,True,True,True,True,,,0.021739130434782608,Rickettsia typhi MH-21oct19-264,785.60
99d2491ca9702e5053cb6e62d0349555,1.0,1,1,True,True,True,True,,,0.0196078431372549,Candidatus Saccharibacteria bacterium strain INTA.CYC.018,2026720.101
df24931eef177828ec0d0b347ec6cf02,0.9775,0,0,False,False,False,False,,,0.0,uncultured Muribaculaceae bacterium binchicken_co354_241,2301481.15282
534be7183f24b21ccc3a792f5c7e5169,0.9971,19,15,True,True,True,True,False,True,0.17777777777777778,uncultured Eubacteriales bacterium MGYG-HGUT-02132,172733.5152
ffa712fb62fa7468337cc7e0f0c527c3,1.0,1,1,False,True,False,True,True,True,0.022727272727272728,Methanobacterium aggregans strain DSM 29428,1615586.3
b6b373e4adb9c081da6a2499547960c7,1.0,2,1,True,True,True,True,,,0.06060606060606061,Acidobacteriota bacterium USST_maxbin.083,1978231.1729
8067fd3f7aedca5f755d76ba6d001ecc,1.0,3,1,True,True,True,True,,,0.04838709677419355,Vescimonas sp. 17-2_65,2892404.39
341ffe203147e821ef8fc61a221e53eb,0.999,1,1,True,True,True,True,,,0.043478260869565216,Geminicoccaceae bacterium STL-PRO9,2448052.95
da9b9d254bc05bd32ff186a046fedf37,0.9961,1,1,False,False,False,True,,,0.0,Pirellulaceae bacterium ME2018-07-06_3300042522_group8_bin60,2699754.287
6cd824d1e0974fbbf83448af65c0def7,0.9995,1,1,True,True,True,True,,,0.018867924528301886,Clostridia bacterium AnMBR.bin239,2044939.4948
3e198207b81e382d6209c129373e9d60,0.9966,2,1,True,True,True,True,,,0.08695652173913043,Actinomycetota bacterium STE_53,2900548.1116
3038f96d4805d0546256c1e7766247e0,0.9956,14,10,True,True,True,True,False,True,0.09090909090909091,Clostridia bacterium strain INTA.CYC.057,2044939.530
37376f3bdaca3bbd8c0eabde3b65c9a8,1.0,2,1,True,True,True,True,True,True,0.0038461538461538464,Clostridium paraputrificum D3029bin72,29363.147
b8787a09e2e26dcf154557d3ad66ea8d,0.9995,1,1,True,True,True,True,,,0.045454545454545456,Bryobacterales bacterium UW2SPNA014,2026791.202
84f0bed445af5694e5b98998ffde30a8,1.0,2,2,True,True,True,True,True,True,0.0058309037900874635,Mycobacterium sp. SMC-11,3385969.4
9b0365b5a27348e323235f03eb91b153,1.0,1,1,True,True,True,True,,,0.029411764705882353,Candidatus Nanopelagicales bacterium AS_Ams2_Bin44,2518612.210
fab2c4c54cd5034675223cf06e3eb8c2,0.999,3,3,False,False,False,False,False,False,0.0,Devosia sp. 2618,3156454.4
5921e25af2acb3d6f297ce40e0373ecd,0.998,1,1,True,True,True,True,,,0.011111111111111112,Caldisericia bacterium STF2_161,2758719.21
c4a386b001291fa4bda56b6eb40173b6,0.9912,6,1,False,False,False,False,,,0.0,Myxococcota bacterium IP29b_bin.34,2818507.93
110f5c1e92f18f2cdc7af78a035555a7,0.9995,1,1,True,True,True,True,,,0.018867924528301886,Alphaproteobacteria bacterium strain Gw_Eff_bin_32,1913988.939
0c4b95d668645a2a85addfe2f084b6f2,1.0,2,1,True,True,True,True,,,0.010869565217391304,uncultured Actinomycetota bacterium MFD09495.bin.1.50,3039803.407
d940283de678b9ef93da553438afcd90,1.0,4,1,True,True,True,True,,,0.10810810810810811,uncultured Alphaproteobacteria bacterium MFD02159.bin.1.81,91750.3623
2e4e10f885aac2233d05e4b46571c20d,1.0,1,1,True,True,True,True,True,True,0.03125,Proteiniborus sp. DW1,1889883.3
7f52ee67403fedcc4a7ddae34cd0e7a4,0.9995,1,1,True,True,True,True,True,True,0.014492753623188406,Sediminibacterium sp. RHBRASLY1,2897834.7
f2898c48280ac39868a2fa71eb0211f3,0.9966,12,9,False,False,True,True,False,False,0.0,Clostridia bacterium AnMBR.bin524,2044939.4951
3e8c3a8b8d144e5a10adb57a7cc517da,0.998,1,1,False,True,True,True,,,0.030303030303030304,uncultured Alphaproteobacteria bacterium MFD03975.bin.2.73,91750.4587
f453adbb26cf3d1efef5c3629bbf654d,0.9995,20,15,False,True,True,True,False,True,0.00683526999316473,uncultured Alphaproteobacteria bacterium MFD05705.bin.1.84,91750.3990
a372cf10657d0756778992bacff2d706,0.9966,13,11,False,False,True,True,False,False,0.0,Christensenellaceae bacterium strain SQ_MAG_4,2054177.45
245b33b8928a2d472035cfcc336caddb,0.9985,0,0,False,False,False,False,,,0.0,Anaerolineaceae bacterium AMR_MDS_2262,2024896.238
e587cd60e62e6c08ac653bef4e935304,0.9976,1,1,False,True,True,True,,,0.025,Anaerolineaceae bacterium strain MAG4,2024896.33
781af70eed8b17d285d44f49d836a48e,0.9956,1,1,False,True,False,True,True,True,0.030303030303030304,Inquilinus sp. Marseille-Q2685,2866581.5
1fe5ac555eb14e8844d872f1061c429f,0.9995,7,7,True,True,True,True,True,True,0.03048780487804878,Shinella zoogloeoides XJ20,352475.17
8d1e64ee4aa50278de70ddd89e5c3665,1.0,1,1,True,True,True,True,,,0.03571428571428571,Bacteroidales bacterium UW1SPNA076,2030927.2985
92862fbe6ff344c8964156b2a0b424cc,0.9858,0,0,False,False,False,False,,,0.0,bacterium MAS3.bin101,1869227.2671
5ef194c523178b714e804757a3218c3a,1.0,1,1,True,True,True,True,,,0.009345794392523364,Spirochaetaceae bacterium Bin_40,1898206.193
4b3f93408aee639f8a0d3499050b9ff3,0.9985,1,1,False,True,False,True,True,True,0.0064516129032258064,Clostridium sp. 19966,2768166.3
b5a4aad370e78b9f833c9424031c44ec,0.9995,5,4,False,True,False,True,True,True,0.08771929824561403,Methanolobus sp. SCH-1_PF_day80_bin.34,1874737.25
3196bc82f5a5ddf5efff5dfd48579b60,1.0,1,1,True,True,True,True,True,True,0.02857142857142857,Planctomycetaceae bacterium SH412,3064265.4
7f26e242060257e98029fcaad8b88db9,0.9971,1,1,True,True,True,True,True,True,0.02564102564102564,Cellulosilyticum ruminicola JCM 14822,1294025.4
1e37d3623e8679bea135824898326438,0.9946,31,24,True,True,True,True,False,True,0.08064516129032258,Candidatus Xenobia bacterium c69f70bf-c863-4c4f-8f8e-2220d3e65ef5,3036772.5
de1e619dc7f15e1df4639581d8f08666,1.0,1,1,True,True,True,True,,,0.02857142857142857,Bacillota bacterium binned_ad_7.134,1879010.11001
2f94ec758afccdb570dcc9fd5080e5c4,0.9995,6,6,True,True,True,True,True,True,0.0057859209257473485,Mesorhizobium sp. M1428,2957102.3
9e2b122adf540f378ae4674b70ffa70d,0.9961,2,2,True,True,True,True,,,0.08333333333333333,uncultured Gammaproteobacteria bacterium MFD00731.bin.1.206,86473.1699
a4c97d72a3ac2b7c1435c56721a3aa1a,1.0,2,1,True,True,True,True,,,0.014285714285714285,Bacillota bacterium CTOTU18516,1879010.11432
97d46cb66b426e54414d29f5c60c740a,0.999,1,1,False,True,False,True,False,True,0.00819672131147541,uncultured Actinomycetota bacterium MFD09671.bin.2.8,3039803.472
7fea81a0fb9031b1aa53e4dcc0334bf4,0.9956,6,6,True,True,True,True,True,True,0.043478260869565216,Lutispora thermophila DSM 19022,1122184.3
6322c84c5ee6585bf9973a931d8f279d,0.9995,1,1,True,True,True,True,,,0.024390243902439025,Eubacteriales bacterium SUG2561,2831996.379
831cff0214f7446fab90ddfedf7bfcee,0.999,3,3,True,True,True,True,True,True,0.07317073170731707,Chthonobacter sp. yh7-1,2735553.3
17e2d5f6e5fc504e01e29c78e545e138,0.999,7,2,True,True,True,True,,,0.014285714285714285,Methanobacterium sp. strain QR_Bin.6,2164.41
8ca8a2ee539e5a54b184bbf80e861033,0.9961,28,18,False,True,True,True,False,True,0.08771929824561403,Christensenellales bacterium MAG8007,3083246.374
8bbcf048be9561d00c6ed8f597643925,1.0,22,17,False,False,False,True,False,True,0.0,Cutibacterium acnes subsp. acnes CCSM0331,1734925.72
fd932f10265b9729b3972ed5cdce8a0d,1.0,2,2,True,True,True,True,True,True,0.0061162079510703364,Agromyces mediolanus RA 14A.10,41986.8
5bfd0607c1130b2ea95261361ed0aaf1,1.0,2,2,True,True,True,True,True,True,0.02857142857142857,Paracoccus marcusii strain CP157,59779.20
593b39ccba286d62eba7872e07c45354,0.8989,0,0,False,False,False,False,,,0.0,Pirellulales bacterium STL-PLA35,2715253.317
d6a202591a42fa999f25af7a7aefcffd,0.9995,1,1,True,True,True,True,,,0.01694915254237288,Methanobacterium sp. strain QR_Bin.6,2164.41
608bdffdf9263f1b123d069d10e69f9a,0.9893,0,0,False,False,False,False,,,0.0,Bacteroidia bacterium Co_metawrap_156,2044936.897
5022c2e85eb7347a496e69b612b21ce1,1.0,1,1,True,True,True,True,,,0.03571428571428571,Thermoanaerobacterales bacterium MAG9,2304039.14
8a08f279c5533390e6b47c6969ed7d82,0.9971,5,5,True,True,True,True,True,True,0.022222222222222223,Sphingomonadaceae bacterium LXI357,2826939.3
ce8d585abe69c46ac0fba61726d046c5,0.9971,16,15,True,True,True,True,True,True,0.20454545454545456,Hungateiclostridium clariflavum strain 4-2A,288965.3
e4e59d9f49c532675b55e61340b2179e,0.9976,12,12,True,True,True,True,False,True,0.1935483870967742,Candidatus Cloacimonetes bacterium USST_maxbin.031_sub,2030808.345
3547314cbc17e38fbaed69287ddb4f31,0.998,1,1,True,True,True,True,True,True,0.020833333333333332,Candidatus Methanoliparum sp. LAM-1,2874846.3
7fd8ef977c4177cf2c4c536310a8f19f,0.9956,10,10,False,False,False,False,False,True,0.0,Leifsonia psychrotolerans strain LI1,670054.3
2780b1a1535644ef954b37c0be366f13,0.9897,25,13,False,False,False,False,False,False,0.0,Pseudomonas putida PP2323,303.1415
403445d403772ea7701cd01368da5a56,0.9951,23,16,False,True,True,True,False,True,0.028985507246376812,Firmicutes bacterium UR.bin59,1879010.7795
88dc6547deddeb8ca981c592f965d014,1.0,5,4,True,True,True,True,True,True,0.012315270935960592,Rhodococcus equi strain PAM1271,43767.31
5bd95b851799d453c141b62c55e27ef4,0.999,2,2,True,True,True,True,,,0.06666666666666667,Anaerolineaceae bacterium UBA2274,1951406.3
ddb21bd22519316c9c3bf922a9a8e816,1.0,1,1,True,True,True,True,True,True,0.016666666666666666,Brachymonas denitrificans strain Isolate6,28220.3
343639260e5a553a449c040a58953f9a,1.0,5,4,False,False,False,True,False,False,0.0,Ilumatobacteraceae bacterium strain Go_SlDig_bin_23,2497619.67
4d5eeba41b7a507f54023d01ce1fb31a,0.9976,5,3,True,True,True,True,True,True,0.1,Bacteroidia bacterium strain INTA.AUR.004,2044936.33
9f34b6a04f6d30d61947a02265404b17,0.999,1,1,True,True,True,True,,,0.0037313432835820895,Ignavibacteriae bacterium HGW-Ignavibacteriae-4,2013811.3
5881e5969b9c5cced797ab5e237049b4,0.9995,6,6,True,True,True,True,True,True,0.025510204081632654,Gordonia phosphorivorans CGMCC 4.5735,1056982.4
12d48d4e5b03a44eb1e1c7c2bb216348,1.0,5,5,True,True,True,True,True,True,0.11428571428571428,Rhodoferax sp. RA_AS_maxbin.087,50421.331
dbec03fc66ff2c2d4e6b089d27824139,1.0,2,2,True,True,True,True,True,True,0.05128205128205128,Methanospirillum sp. UR.bin265,45200.8
bb69e4aeb1c42e1919594f9e9823a7b9,0.9956,8,4,True,True,True,True,False,False,0.10810810810810811,Christensenellales bacterium AnMBR.bin221,3083246.38
25345b8ad2ecd33d152d19f3c03992b4,0.9976,1,1,False,False,False,True,,,0.0,uncultured Clostridiaceae bacterium MFD04780.bin.1.109,195049.309
eb41af02b18dc957ef593cfd11261be5,1.0,4,1,True,True,True,True,True,True,0.0380952380952381,Moraxella osloensis strain CCUG 67237,34062.96
f687f9aecd37880d471fc69c13c4f256,0.9966,21,16,True,True,True,True,True,True,0.061224489795918366,Mycobacterium tuberculosis 2402-06,1773.2734
8b78ca8c5e127e820c9561e10c9f19c2,0.9897,5,3,False,False,True,True,,,0.0,uncultured Chloroflexia bacterium MFD06526.bin.2.81,1672391.641
e57525faafab45f4f99be57ab69faabd,0.9976,8,8,False,True,False,True,True,True,0.08695652173913043,uncultured Paracoccus sp. 2B1-2-40-2-J.fasta,189685.24
717aff2a74550554098682047fb9830c,0.9971,1,1,True,True,True,True,,,0.0136986301369863,Oscillospiraceae bacterium AMR_MDS_1291,2485925.2956
d5ed9ff1b4b6861428e0eb93d8b2c3a1,0.999,2,2,True,True,True,True,True,True,0.08,uncultured Leptolinea sp. binchicken_co152_8,904068.16
daec04577d1843ad73efa35de1d48151,1.0,1,1,True,True,True,True,True,True,0.02564102564102564,Hyphomicrobium sp. CS1GBMeth3,1892845.3
07f46149c04b861915fa32dc8104b022,0.9985,1,1,False,False,False,False,False,True,0.0,uncultured Alphaproteobacteria bacterium MFD02134.bin.2.23,91750.4389
96e13bb8e776c83458e2b282cd3e44e0,0.9995,13,11,False,True,False,True,True,True,0.012797074954296161,Bradyrhizobium sp. WD16,1521768.3
954d0e6f5e93a9f23198c807840314bd,0.9995,12,7,True,True,True,True,,,0.25,uncultured Actinomycetes bacterium MFD04716.bin.2.6,152507.2594
ca532c83e87eb3e76511a71e9abf28c2,0.9956,6,4,True,True,True,True,True,True,0.07692307692307693,Candidatus Kapabacteria bacterium NRBC_bin_5,2447898.102
8924705b2ac86db54622adeba1d6bba1,1.0,2,1,True,True,True,True,,,0.08695652173913043,Xanthobacteraceae bacterium SMAG_U13480,2021379.188
97c2c7e8cc5a28811906eda58edb16ec,1.0,1,1,True,True,True,True,True,True,0.015625,Alkalibacter saccharofermentans DSM 14828,1120975.4
62b0ef9d072b7772ca3958f821bc1c49,0.998,3,3,True,True,True,True,False,True,0.05172413793103448,Treponemataceae bacterium a6accef0-0fd1-414a-935d-742eec6b5613,2854022.122
06e03c616890e7dd3b607e7605fda9be,1.0,5,1,True,True,True,True,True,True,0.125,Lachnospira sp. 40-2_08,2049031.108
5f452e591d65c3a4fee53f0cc354ea72,0.9985,1,1,True,True,True,True,,,0.03125,Bacteroidales bacterium Seed_maxbin.014_sub,2030927.3457
172df84126559d3703a3b6184b45a0ee,0.9932,0,0,False,False,False,False,,,0.0,bacterium MAG210,1869227.9892
1a3a64b0c16fb7daa275ec71dd81b701,1.0,2,2,True,True,True,True,True,True,0.02127659574468085,Aquabacter sp. L1I39,2820278.3
54361a7cbec36835157cc4e00336e464,0.9956,6,3,False,False,False,False,,,0.0,Marihabitans asiaticum strain DSM 18935,415218.3
918eaaa2a8ed889d1ab21eb87b880779,0.9932,31,9,False,False,True,True,False,False,0.0,Planctomycetes bacterium strain REEB421,2026780.549
211c2bf941e5c4e05078cf20a194b0be,1.0,1,1,True,True,True,True,,,0.02702702702702703,Thermodesulfobacteriota bacterium CTOTU18619,2202153.193
87b489a37616c28af2c28eda4b45fb8b,1.0,9,7,True,True,True,True,True,True,0.17777777777777778,Piscicoccus intestinalis NBRC 104926,1208313.4
8102b0f64f0661286e71a73878df9ce7,1.0,1,1,True,True,True,True,,,0.030303030303030304,Cryomorphaceae bacterium mag.66g,1898111.186
493cc79d93c8003efb9369ab256e65f4,0.9956,15,13,False,False,False,False,False,False,0.0,Parachlamydiaceae bacterium strain MGR_bin328,2052176.11
9f6f938a15e4f288092b39efae6698de,0.9985,3,3,False,True,False,True,True,True,0.13043478260869565,Ruminiclostridium papyrosolvens DSM 2782,588581.10
fef03d7c4d744b68dd3c6c56bfd5c256,0.998,1,1,False,True,False,True,False,True,0.02127659574468085,Clostridia bacterium AnMBR.bin524,2044939.4951
4e73d26557436d233aea34f6a5371895,0.9961,14,10,False,True,True,True,False,True,0.01639344262295082,Clostridia bacterium strain INTA.CYC.057,2044939.530
dd6cd878e1ac746a5df199e3ea0152a2,1.0,1,1,True,True,True,True,,,0.03225806451612903,Bacteroidales bacterium binned_ad_7.139,2030927.4611
d3648f626f4aadacf25eb043bdc62c58,0.9858,0,0,False,False,False,False,,,0.0,uncultured Bacteroidetes bacterium strain AG-426-O21,152509.239
b0ec891a9cead40f58935f40fa9a1b9a,1.0,2,2,True,True,True,True,True,True,0.05405405405405406,Neotabrizicola sp. sgz301269,3276282.3
2389f5000634184ae381b8e579934c4b,1.0,2,2,True,True,True,True,True,True,0.008928571428571428,Mycolicibacillus trivialis XJ1911,1798.17
e1d4180c0091e155509f14fcbdb541ae,0.9927,23,9,False,True,True,True,False,False,0.10416666666666667,Dehalococcoidia bacterium H60_584,2026734.1240
470a368a6807b4a2d6a56ff427742e09,0.9946,7,7,False,False,False,True,False,True,0.0,Eubacteriales bacterium T1900044680_TS20190146.MAGScoT_cleanbin_000010,2831996.757
8dcc2c0ebe2c9f41761691937e854ac8,0.9995,2,2,False,True,True,True,,,0.046511627906976744,uncultured Nitrososphaeraceae archaeon MFD04830-1.bin.1.778,2126347.68
685a06c480c8512cad2bba3e5b066bdb,1.0,2,2,True,True,True,True,False,True,0.09090909090909091,Bacteroidota bacterium Bin_015,1898104.4067
4caeeec76b63970fd73a62f3d9c522ef,0.9941,1,1,True,True,True,True,,,0.029411764705882353,Christensenellaceae bacterium f66689b3-5376-4084-bd6a-22509cc8097c,2054177.120
9293b23be2addc4c8910fbe977237c46,0.9976,1,1,False,False,False,True,,,0.0,uncultured Actinomycetota bacterium SRP319275_co2_56,3039803.1661
e3083a5858ffbe913e0c1a70a8cf6919,0.9976,15,14,False,False,False,True,False,True,0.0,Geobacillus kaustophilus strain Et7/4,1462.6
14816bf58b22a8172bb1d6a7f78f06f2,0.9976,21,19,False,True,True,True,False,True,0.09836065573770492,uncultured Alphaproteobacteria bacterium MFD09730.bin.2.86,91750.4171
822e596ebee53d4dcd5ffe3e26ec43d4,0.9922,0,0,False,False,False,False,,,0.0,uncultured Burkholderiaceae bacterium SRP193066_co1_100,188056.76
c74a800e896402acb88ee96173c56d80,1.0,2,2,True,True,True,True,True,True,0.037037037037037035,Chelatococcus sp. XZ-Ab1,3034027.3
9591914f1b4272813c5d24f968e4ca81,1.0,1,1,True,True,True,True,,,0.02857142857142857,Synergistota bacterium JPMR_metabat.106,2268202.71
bc96db08da9a54e69f83357f2429e767,0.9995,1,1,False,True,False,True,,,0.02631578947368421,Methanolinea sp. LCB019-065,2268143.13
7a94ab2d3edd2d5f1b14fb97b8227aab,1.0,2,2,True,True,True,True,True,True,0.02857142857142857,Ruminococcus sp. AGN012FE.122,41978.3538
7e614d8925e124b39916f22fdeb64c3f,1.0,2,1,True,True,True,True,True,True,0.005291005291005291,Acinetobacter towneri AT235,202956.78
5b2c9996f39f03a22f551c353da1d3ed,1.0,2,2,True,True,True,True,True,True,0.025974025974025976,Nocardioides sp. KLBMP 9356,2911371.5
36a65735bd9508c5f7a66dc84dd3f8c6,0.998,1,1,False,False,False,False,True,True,0.0,Altererythrobacter sp. N1,2877001.10
dc8477df0245e1b7cf2151a6066f204a,0.9966,11,8,False,True,False,True,False,False,0.02702702702702703,Clostridiales bacterium strain MGYG-HGUT-00220,1898207.3489
1f42391a983ba3af940e541d110a8432,0.9868,0,0,False,False,False,False,,,0.0,Alistipes finegoldii H07606-L1_cleanbin_000035,214856.2693
a5a1519fb2b6c41d9cbc7937a35a9e32,0.999,11,10,True,True,True,True,True,True,0.08411214953271028,Novosphingobium sp. ABRDHK2,2571749.3
e00f85cb3452e37943500e86afb268f4,1.0,12,5,True,True,True,True,True,True,0.0641025641025641,Blautia wexlerae C029_20,418240.1443
1352ecafaa4f51b95bedc9b026136ba0,0.999,2,2,True,True,True,True,True,True,0.024691358024691357,Tissierella sp. TS2_MAG,41274.6
6ebabe5be540e1304e1262781c30bbe5,0.9976,1,1,True,True,True,True,True,True,0.030303030303030304,Zhaonella formicivorans k32,2528593.8
e33914420d19e3dcbaf511090df6d385,0.9829,10,8,False,False,False,False,False,False,0.0,Klebsiella pneumoniae CPE_E312,573.81069
c2229c40838cb5aa067cdcab26a4d0bd,1.0,7,7,False,True,False,True,True,True,0.006195786864931847,Microbacterium foliorum strain M2,104336.15
1eac8ec4812f4ed7bfd8387a38bdba1f,0.9985,4,4,True,True,True,True,True,True,0.09523809523809523,Novosphingobium sp. B1 strain B1,1938756.3
659345ab0b295a524c8158295f1b7e49,1.0,18,5,True,True,True,True,True,True,0.0203527815468114,Priestia sp. HNGD-A6,3092666.3
5e08663561b972be66344edb87da4e3d,1.0,1,1,True,True,True,True,,,0.03333333333333333,Candidatus Paceibacterota bacterium UR_AS_maxbin.219,2053589.824
0f97c220b579e7f247036ed1adce5afc,0.999,4,4,False,True,False,True,True,True,0.027777777777777776,Devosia sp. strain Fred_18-Q3-R57-64_BATAC.601,1871048.28
26c822a9da99f48bc5eabddbeda2a1e8,0.9995,0,0,False,False,False,False,,,0.0,uncultured Candidatus Saccharibacteria bacterium SRR3330208_bin.157_CONCOCT_v1.1_MAG,179883.460
87e8ae9b41dbcd0ad54be2513a8f7489,0.998,2,1,True,True,True,True,,,0.05128205128205128,Christensenellaceae bacterium 086d21dd-391b-4e05-b467-ec890eab2947,2054177.133
7ee5506b56675190c1b39ceb2fef6b12,0.9966,4,3,False,True,False,True,,,0.19047619047619047,uncultured bacterium MarMAG_114887,77133.15441
7b38bded14744e6cd6bceb54464983f4,1.0,1,1,True,True,True,True,,,0.02857142857142857,Pirellulaceae bacterium ME2018-07-06_3300042522_group8_bin60,2699754.287
7e87704cad17d9767ed0a558cf847a28,0.9995,1,1,True,True,True,True,,,0.043478260869565216,Christensenellaceae bacterium 38ba8450-c70d-4108-8ba4-09623ba0e347,2054177.132
6bb602f161cd434e740b0b0694a2fe7e,0.9995,5,4,False,False,False,False,False,True,0.0,Arachnia sp. 5N002,2801846.26
8d3f2463af90ed9f59bbda873534edc0,1.0,5,2,True,True,True,True,False,True,0.036231884057971016,uncultured Actinomycetota bacterium MFD04212.bin.1.320,3039803.936
a1191cbfeb25ca6deb449da1e2baad3a,0.9995,2,2,False,True,False,True,False,True,0.0425531914893617,Piscicoccus intestinalis NBRC 104926,1208313.4
5081262c6f6941b26ee33cafbc0a2c31,1.0,1,1,True,True,True,True,True,True,0.009615384615384616,Xanthobacter sp. V13B-9B,3119934.3
55eea1d4d02e89a3fec4e0d929946361,0.9976,2,2,False,True,False,True,False,True,0.0196078431372549,Methylobacillus arboreus strain VKM B-2590,755170.5
16bd85d98b01823963164e514e5c1da4,1.0,1,1,True,True,True,True,True,True,0.001557632398753894,Bifidobacterium tibiigranuli UW_MP_BIF2_2,2172043.7
98f44e3e61d018840fdce5dc524c719c,0.9971,6,4,True,True,True,True,True,True,0.11904761904761904,uncultured Candidatus Amoebophilus sp. SRR3901706_bin.87_CONCOCT_v1.1_MAG,670722.3
fb23f61e952a0a57ca3e763d8ad1f157,0.998,6,4,True,True,True,True,,,0.23809523809523808,uncultured Planctomycetaceae bacterium MFD02416.bin.2.228,100233.329
e973e792bb24983e1304d41a8ed0c375,1.0,1,1,True,True,True,True,,,0.024390243902439025,Bacillota bacterium USPA_metabat.117,1879010.10645
571f6e6cd40b8548c4d3acff7572c04d,0.9951,6,4,False,True,True,True,,,0.0625,uncultured Chloroflexia bacterium MFD09779.bin.2.144,1672391.57
1b7d9b83e481aeaf938729029a2a4c19,1.0,3,3,True,True,True,True,,,0.12,bacterium RA_AS_maxbin.403_sub,1869227.7426
7d695607cd250aaa3167220d1f1b4cf0,0.9971,7,5,True,True,True,True,False,True,0.058823529411764705,Atopobiaceae bacterium UW_MP_ATO4_1,2485926.50
26cbd70e0eb0b0a14e93c0970b305ef1,0.999,0,0,False,False,False,False,,,0.0,bacterium binned_ad_9.135,1869227.5369
37f3685c73e70deca8c822eb745ced49,1.0,1,1,True,True,True,True,,,0.013888888888888888,uncultured beta proteobacterium MFD09964.bin.2.243,86027.1142
5a53ad0b5b9bb5681456ed32f72110e7,1.0,1,1,True,True,True,True,True,True,0.003676470588235294,Millisia brevis NBRC 105863,1219361.4
b13f720636b1c50245daf019257f2c37,0.9995,1,1,False,True,False,True,True,True,0.011627906976744186,Paenibacillus sp. V4I3 W1.09-140 V4I3,3042305.4
b6acd0e458ddc4258d7622929617346d,1.0,1,1,False,True,False,True,False,True,0.0006901311249137336,uncultured Alphaproteobacteria bacterium MFD06742.bin.2.93,91750.3677
534aa0050da6044b57409f3606d33c40,1.0,3,3,True,True,True,True,True,True,0.04838709677419355,Hydrogenophaga sp. RWCD_12,3391190.4
842ba3e9826daf645e7765f4bb0525be,0.9956,23,10,True,True,True,True,False,True,0.07142857142857142,uncultured delta proteobacterium MFD03899.bin.2.141,34034.479
5177bd1019c0a59f8762ecb3f683babd,0.9961,5,5,False,False,False,False,False,False,0.0,Gracilibacter sp. BRH_c7a,1734398.4
4b673256fb96d4b936e393f3f45d4f47,0.9883,20,7,False,True,False,True,False,True,0.04878048780487805,Tautonia sp. JC657,2728037.3
8ed2c27daaea55b50ad23f3ffa313d87,0.9956,21,8,True,True,True,True,,,0.025,Candidatus Marsarchaeota archaeon FK_Sedi_A_Bin.105,2823144.75
a09579da0b2f87eae05c1c9886c4bfc7,0.998,15,14,True,True,True,True,True,True,0.11764705882352941,Gracilibacter sp. BRH_c7a,1734398.4
a353b92733af5260a57dd1a0ba3001e1,0.9995,6,5,True,True,True,True,True,True,0.07017543859649122,Methanobacterium movens JCM 15415,493461.3
0530769e11e7f6b51e29aec47064b7cf,0.9976,2,2,True,True,True,True,True,True,0.0625,Sporobacter termitidis DSM 10068,1123282.4
179413bba78ea1fc349ad7186b4f47c1,0.9976,13,5,True,True,True,True,False,True,0.4,uncultured Planctomycetaceae bacterium MFD00822.bin.3.221,100233.342
603ab94ae666e02cf4cc8a2132414ef5,0.998,3,1,False,True,False,True,,,0.043478260869565216,uncultured Bacteroidales bacterium MFD03899.bin.2.192,194843.5112
4f90f8f67d96381936a8ea4b6bd9234c,1.0,6,3,True,True,True,True,True,True,0.08450704225352113,Ruminococcus sp. AGN025FE.8,41978.3543
a594a2db0ceea408a3931a4465c05420,1.0,2,2,True,True,True,True,True,True,0.007936507936507936,Rhodococcus sp. OK269,2135728.3
ccd8c51003c6724304379157cbbb67a3,1.0,1,1,True,True,True,True,,,0.043478260869565216,Armatimonadota bacterium binned_ad_9.74,2033014.625
fe92b5d8f5b1599d91fec61ebc12e170,0.9941,5,5,False,True,True,True,False,True,0.11538461538461539,uncultured Eubacteriales bacterium SRR6451663_bin_7236,172733.9521
b3b12b9ab4a7ba52db234d329bd0ff98,1.0,2,2,True,True,True,True,False,True,0.07407407407407407,Clostridiaceae bacterium VEG02_HIC_0086,1898204.363
9e5f7d2247ac749d50a226417b3cd59b,0.999,2,2,False,True,True,True,,,0.03076923076923077,Alphaproteobacteria bacterium strain BWMinHeated_Nextera12_MAG4,1913988.433
4a776a15babf55b56fb4bc95c435aaed,1.0,1,1,True,True,True,True,True,True,0.027777777777777776,Phenylobacterium sp. CCH12-B4,1768784.3
570d2782ac8b4697b37c5a7fcce2c38f,0.998,1,1,True,True,True,True,,,0.03333333333333333,Planctomycetales bacterium SW_43,2053591.129
a7c8ce74f4fdc4ec58c5c54c9b1fda2a,0.9985,1,1,True,True,True,True,,,0.045454545454545456,Alphaproteobacteria bacterium STL-PRO49,1913988.3699
0afdd7eddb9a71ce53cf6487747ec98c,1.0,2,1,True,True,True,True,,,0.020618556701030927,Hyphomonadaceae bacterium GFS_3577,2026748.160
e3ef2cba7805de59638a581426ab70a9,0.9976,5,2,False,True,True,True,,,0.2,uncultured Chloroflexia bacterium MFD02979.bin.1.10,1672391.865
563814b59f2c0241d0cdec1b99b7f781,0.998,5,4,False,True,False,True,,,0.12121212121212122,uncultured Clostridia bacterium ERR912117_bin.56_CONCOCT_v1.1_MAG,244328.7128
f21e69f460e0f5a2ab946c9cbc535b27,0.9951,5,4,True,True,True,True,False,False,0.05,Firmicutes bacterium OH_PDB_219,1879010.9702
d4f7bcef485c713df58bef5a1ceac4b0,0.9976,3,3,False,True,False,True,True,True,0.06666666666666667,Polymorphobacter glacialis strain CGMCC 1.15519,1614636.3
c8222ef3d31112ff4823bdb94a7eae2b,0.9976,1,1,True,True,True,True,True,True,0.01639344262295082,Sphingomonas formosensis strain CC-Nfb-2,861534.3
a74a7a8b9015b0732f8101e2f67c8f32,0.9995,1,1,True,True,True,True,True,True,0.005917159763313609,Hydrogenophaga taeniospiralis LT3,65656.11
1a5546dc8d08ba22cbc75f508edd0828,0.9995,6,6,True,True,True,True,True,True,0.06557377049180328,Paracoccus sp. (in: a-proteobacteria) R4x_68d_np_Bin1.7,267.52
b53ee4129079a6b4885428c4e2a408f9,1.0,1,1,True,True,True,True,True,True,0.003355704697986577,Pontibaca methylaminivorans strain DSM 21219,515897.3
708043a43693e1145f5e15e5ee3b2b06,0.9971,23,10,False,True,True,True,False,True,0.016129032258064516,uncultured Chitinophagaceae bacterium MFD05442.bin.2.243,866510.115
0c3ea3339f3a3be523e02cefed4aaa10,0.9985,1,1,True,True,True,True,True,True,0.016129032258064516,Actinomyces massiliensis F0489,461393.31
ab35a6efdcbec8500e2fb023169fe78a,1.0,1,1,True,True,True,True,True,True,0.002680965147453083,Aminobacter sp. HY435,2970917.3
fa3a634a3d5d11bab288b00d2d5369cc,1.0,19,13,False,False,True,True,False,False,0.0,uncultured Actinomycetota bacterium MFD09730.bin.2.109,3039803.1336
7741e484f93c21c4e051f33fc7b64f88,0.999,22,18,False,False,False,True,False,True,0.0,Propioniciclava sp. 5N021,2038686.9
1e12ac0d70169a9c084a739e040907b9,1.0,8,8,True,True,True,True,True,True,0.0124804992199688,Micromonospora aurantiaca NPDC007086,47850.43
1871e15a08fa2411512dc34595fb1958,0.9971,1,1,False,True,False,True,,,0.037037037037037035,uncultured Eubacteriales bacterium MGYG-HGUT-02132,172733.5152
11506c8de798b3e79303f7afc3d782b6,0.9995,1,1,True,True,True,True,,,0.025,Firmicutes bacterium OH_PFB_159,1879010.9959
00cb63b6f629510ea7cf65e0530b4027,0.999,2,2,True,True,True,True,,,0.06451612903225806,Atribacterota bacterium AnMBR.bin230,2952890.60
11e175aff64bc4cf4986007e12bfc628,0.999,2,2,False,False,False,False,True,True,0.0,Nocardioides sp. XL1 strain XL1,2003120.3
e4738ae451a15c8bfd5229711b6b5361,0.9976,1,1,False,True,False,True,True,True,0.029411764705882353,Novosphingobium sp. SL115,2995150.3
0c794e59b49f4c211fd8d27ef015d178,0.9971,1,1,False,True,True,True,,,0.041666666666666664,Pirellulales bacterium SMAG_U6161,2715253.153
8b36978991475cb71d3317e4daaf9e1a,0.9937,24,13,False,True,True,True,False,True,0.09411764705882353,Prolixibacteraceae bacterium b0120b26-81c1-4e5c-b488-535878dd73d8,2053594.158
922daae168c740d829141c432a8cdcd1,1.0,2,2,True,True,True,True,True,True,0.02247191011235955,Pseudoxanthomonas yeongjuensis strain DSM 18204,377616.3
6684f6190e4f3e23278528086ae25685,1.0,1,1,True,True,True,True,,,0.018867924528301886,Atopobiaceae bacterium UW_MP_ATO4_1,2485926.50
d9975f13b5075673dd9bb396688bd678,0.9995,2,2,False,True,False,True,False,True,0.007352941176470588,Diaphorobacter sp. C33,3060154.6
856f4e976cd8cb16d80b01f36ee9721a,1.0,1,1,True,True,True,True,,,0.02127659574468085,uncultured Thermoleophilia bacterium MFD02979.bin.1.60,1497501.182
bce4d231e12c8465556db9d2cf121551,0.9937,13,12,False,True,False,True,False,True,0.005376344086021506,Kutzneria viridogrisea DSM 43850,47990.6
3fbd0537ef4f3242fb50a2ddb91061ad,0.9995,1,1,False,True,True,True,,,0.034482758620689655,uncultured Actinomycetota bacterium MFD01872.bin.2.243,3039803.125
3faa67bb59d09a9a52decfdd672ebd37,1.0,1,1,True,True,True,True,True,True,0.038461538461538464,Reyranella sp. strain SCN18_10_11_15_R4_P_68_349,1929291.18
da8011c670ba64a99498171a2ba72892,0.9932,8,7,True,True,True,True,False,True,0.026845637583892617,Firmicutes bacterium OH_HBrB_62,1879010.9430
6f740d9776105d08cb826e9c2e6db049,1.0,2,2,True,True,True,True,True,True,0.05555555555555555,Cohnella sp. LGH,1619153.3
64b0ba388dd3728a36854c2f014b3129,1.0,2,2,True,True,True,True,,,0.058823529411764705,Bacteroidales bacterium AMR_MDS_4101,2030927.4960
102a50cfda4d5e455c29fbee9573d838,1.0,1,1,True,True,True,True,,,0.024390243902439025,uncultured Gammaproteobacteria bacterium MFD00709.bin.2.216,86473.2151
303f7af49ecdd12099842ae3af234567,0.9976,6,6,False,True,False,True,False,True,0.20689655172413793,uncultured Eubacteriales bacterium MGYG-HGUT-02132,172733.5152
d035ec5e6c52ae02c608835230dde4b7,1.0,1,1,True,True,True,True,True,True,0.020833333333333332,Porcipelethomonas ammoniilytica Sanger_90,2981722.4
6406af9ddc919e08f4d05e707fd141d4,1.0,1,1,True,True,True,True,True,True,0.021739130434782608,Cypionkella sp. AS_Ams2_Bin34,2811411.24
62cb0689453660fcfba1346b1152bc84,0.998,2,1,True,True,True,True,,,0.09090909090909091,uncultured Chloroflexia bacterium MFD02840.bin.2.158,1672391.389
ebe91a7d912f432d8726b0cef99d18c3,1.0,2,1,True,True,True,True,,,0.010256410256410256,Lachnospiraceae bacterium bin.784,1898203.6513
b4437357383387ed0937aeb891b767d2,0.9961,1,1,False,False,False,False,,,0.0,uncultured Thermoleophilia bacterium MFD01872.bin.1.273,1497501.59
79731579b17268e3805c05662db8b5a6,0.9971,1,1,False,False,False,False,False,True,0.0,Kitasatospora sp. NPDC056651,3345892.3
477ebf0ce71e93b505183b46f1d1c310,1.0,1,1,True,True,True,True,,,0.0056179775280898875,Parabacteroides distasonis MAG3895,823.5415
fe2c23e02d96027ea381e1da7283d3ff,1.0,1,1,True,True,True,True,True,True,0.016129032258064516,bacterium BD-1,2870339.10
53355294f61e52a7101ac1349479e2c7,0.9917,6,3,False,False,True,True,,,0.0,Anaerolineae bacterium f6896fb1-f4fb-4b0c-86b4-943ec43acfa7,2052143.1075
c4047091d558ea01dc3b6702ba3278c7,0.9985,1,1,False,True,False,True,,,0.02,uncultured Spirochaetota bacterium MFD02138.bin.2.36,460511.71
a5687ae218d670b18de3577539a459e3,0.9956,7,6,True,True,True,True,,,0.2413793103448276,Oligoflexia bacterium MFD09671.bin.1.114,2599941.102
f4a24bc6456b7cb91afeb18832b4c18d,0.9976,2,2,True,True,True,True,False,True,0.0008833922261484099,uncultured Gammaproteobacteria bacterium MFD02248.bin.1.53,86473.1857
36bf04a857c2cb66cc9cb9d09ff71ad4,1.0,1,1,True,True,True,True,True,True,0.01694915254237288,Eoetvoesiella caeni NCAIM B.02512,645616.10
6291d6ddf701717cb4dadaf9fe7f3ad3,1.0,1,1,True,True,True,True,True,True,0.041666666666666664,Pirellula sp. strain PB1.007,117.11
c7ee36f726ae061be7e613876b497945,0.9941,17,5,False,False,True,True,,,0.0,Dehalococcoidia bacterium 204de4e1-c287-45d7-aaf3-804ba6232c2e,2026734.1094
347f05aadc3de2fe5237432c42d041b5,1.0,1,1,True,True,True,True,True,True,0.011627906976744186,Schaalia sp. JY-X169,2758572.3
8c244456b056b6b07dd3fe3de07754c0,0.9946,5,4,True,True,True,True,,,0.19230769230769232,Phycisphaerales bacterium AMR_MDS_5910,2052180.635
dc8f5ffb4f5fe578b41f078fe854247c,0.9995,2,2,True,True,True,True,True,True,0.06666666666666667,Rhizomicrobium sp. SMAG_U3679,1978228.49
68bb557729fb17fa6cf8426461cb3d96,1.0,1,1,False,True,False,True,True,True,0.025,Kaistia geumhonensis B1-1,410839.4
1fbebf41466cae9d33a4701c944cb55d,1.0,2,2,True,True,True,True,,,0.05555555555555555,Pirellulaceae bacterium C15_metabat.bin.61,2699754.70
bbb265fb3e7a0752ebf597a8844bfc16,0.9995,1,1,True,True,True,True,,,0.03333333333333333,Bacteroidetes bacterium strain FLAVO1,1898104.1113
c07ac7ffa60c0baeb47cea4cefaeeae4,0.9966,11,8,True,True,True,True,True,True,0.08,Candidatus Spyradocola sp. SUG2607,3048883.3
be3b9cc41eb5d6dd33c9f480048a62a9,0.9985,2,2,True,True,True,True,True,True,0.034482758620689655,Candidatus Brocadia sp. strain SB37,2172549.5
75c43bd66f718ca75507ff5efd6e4ccb,1.0,2,2,True,True,True,True,True,True,0.037037037037037035,Novosphingobium sp. strain Lyne_18-Q3-R50-59_BATAC.36,1874826.21
cc62bd14054a6830336f48d19ccb7fb7,1.0,1,1,True,True,True,True,,,0.000697350069735007,uncultured Alphaproteobacteria bacterium MFD05674.bin.c.1,91750.3150
33428c03ea0cb71b8769c049e677faaa,1.0,1,1,True,True,True,True,True,True,0.0035842293906810036,Microbacterium sp. B8U3A,2735903.3
fd363796f24ad824b1a025860c3acb40,0.9956,7,5,False,True,True,True,,,0.075,Christensenellales bacterium MAG8007,3083246.374
1ff5beccb7eb535d2fdcc1c7ce513ea5,0.9961,4,4,False,True,False,True,False,True,0.011494252873563218,Dehalococcoidia bacterium strain BS5B11,2026734.314
52bbb433f19eef3b3b7f88453db7aeb4,0.9971,6,2,True,True,True,True,,,0.17647058823529413,Bacteroidetes bacterium 4-aug_S1_004,1898104.1532
ed541c87d5df87ae71fac96b59bc34aa,1.0,1,1,True,True,True,True,,,0.025,uncultured archaeon MFD02832.bin.2.96,115547.278
316a647c6d79dda84bd598e67148ca47,1.0,3,3,True,True,True,True,True,True,0.045454545454545456,Albidovulum sp. AS_Ams2_Bin6,1872424.27
070ad707f633c0df5a19f11bcfa699c1,0.999,7,7,True,True,True,True,True,True,0.125,Bacteroidetes bacterium 5-aug_S3_006,1898104.1542
3ce149b2036b09491c253ded0e4d44a0,0.9888,20,11,False,False,False,True,True,True,0.0,Klebsiella pneumoniae CPE_E156,573.81098
b9c18a25d45d96085a8dc107c559846e,0.9961,10,8,False,True,False,True,False,True,0.025,Neopusillimonas maritima KCTC 62121,2026239.8
6fc6f673ed1bf2ec8b4534b719f3fd48,0.9937,33,21,False,True,False,True,False,True,0.05454545454545454,Parabacteroides sp. C017_17,1869337.127
6d6f4c93d09d73073c55fef2decc5e58,0.9976,1,1,True,True,True,True,,,0.045454545454545456,Candidatus Dependentiae bacterium strain BWMinHeated_Nextera77_MAG3,2030827.27
8bbe4e6022a5ec46e3ba035b8b3e5036,0.9937,9,5,False,False,False,True,False,False,0.0,Thiohalobacter sp. S144_maxbin2_scaf2bin.217,2025948.21
a42258463565d8531ac1fbcbcb5558fd,0.9961,22,7,False,True,True,True,False,False,0.12195121951219512,uncultured Actinomycetes bacterium MFD09779.bin.2.151,152507.1848
1c4637de71fcd2eaffb3ce3dfac5900b,0.9976,1,1,False,True,False,True,,,0.05555555555555555,Anaerolineales bacterium AnMBR.bin522,2073117.1138
5c9fb7a940057c1f9f962c0feb1bab79,1.0,5,5,True,True,True,True,True,True,0.046153846153846156,Clostridium sp. TW13,1604901.3
91f0e5c44114d5c9a43a1eec10154a17,0.9995,1,1,True,True,True,True,True,True,0.01694915254237288,Clostridium pasteurianum DSM 525 = ATCC 6013,1262449.8
be2e14e36e0980340c6a5106d0ebf887,1.0,2,2,True,True,True,True,True,True,0.004329004329004329,Rhodopseudomonas sp. 1M015,1078.26
a1919f68c3e5bd0c8c85ce6c4a407a81,0.999,23,15,False,False,False,True,False,True,0.0,Propioniciclava sp. 5N021,2038686.9
dce9d93a9449b78d7b3f809249923607,0.9985,1,1,True,True,True,True,,,0.037037037037037035,Actinomycetota bacterium POMEDNA-B17,2900548.1732
5ef9c96b68ed0d81bec10c4b79e562a8,1.0,1,1,False,True,False,True,True,True,0.004132231404958678,Williamsia sp. 1135 strain 1135,1889262.3
419a137f2ad50bcbc7cd2b296d34e524,0.9985,3,2,True,True,True,True,,,0.13043478260869565,uncultured Planctomycetota bacterium MFD04944.bin.2.70,120965.188
1be3827e47b5c470292d2d3200f1aa5e,0.9961,8,5,False,True,False,True,False,False,0.03333333333333333,Pirellulales bacterium MFD06742.bin.3.840,2715253.345
260f47af70cb0a395a7ad53f17bdced2,0.9966,1,1,True,True,True,True,True,True,0.04,Planctomycetes bacterium ETA_A8,2528021.3
b2378dc0ed02b4859dec7c88db7efeb0,0.9966,1,1,True,True,True,True,,,0.05555555555555555,Isosphaeraceae bacterium AS-MESO-OLR.172,2691532.41
377137e62970b518f66505eab179329e,0.999,21,6,False,False,True,True,,,0.0,Acidimicrobiia bacterium AS_Ams2_Bin3,2080302.847
52b604057878bf8752f3a1b04785376f,0.9966,38,19,False,True,True,True,False,True,0.0449438202247191,uncultured Clostridia bacterium SRR1560866_bin.4_metawrap_v1.3_MAG,244328.5481
e1a9800482df461df81429b3b8f859a1,1.0,1,1,True,True,True,True,True,True,0.011904761904761904,uncultured Mogibacterium sp. SRR17738086_bin.11_MetaWRAP_v1.3_MAG,278065.31
86648abd0094f1568a386360dcba7034,0.9893,7,3,True,True,True,True,False,False,0.0625,Gammaproteobacteria bacterium 5_bin.8,1913989.3828
9fdc098a302d378b900fa3b00dea82a9,1.0,1,1,True,True,True,True,,,0.045454545454545456,Christensenellales bacterium AnMBR.bin339,3083246.31
9d4a17911618ba9db170b62ca50ac4a3,0.9932,3,1,True,True,True,True,,,0.12,uncultured Chloroflexia bacterium MFD03899.bin.2.122,1672391.342
88d9d7a5f4454e47ced69c6c7391068b,0.9971,6,5,False,False,False,True,True,True,0.0,Methanospirillum lacunae Ki8-1,668570.9
2569f2295eca169e8eeb371a44002f30,0.9985,2,2,False,True,False,True,False,True,0.023255813953488372,Anaerobium acetethylicum strain GluBS11,1619234.6
3cf1742119ed5fa9647b23f85b3f9af1,1.0,9,2,True,True,True,True,True,True,0.08737864077669903,Blautia faecis D1217bin44,871665.80
9816db47f2611a30597851d70a0e62fd,0.999,1,1,True,True,True,True,,,0.041666666666666664,uncultured Planctomycetaceae bacterium MFD04716.bin.3.258,100233.307
eb8cd45ae934604fba18984990c55691,0.999,1,1,True,True,True,True,,,0.006535947712418301,Pseudomonadota bacterium USDE_maxbin.096_sub,1977087.4365
56db17221a9724cad62ae9a36c453a81,0.998,1,1,True,True,True,True,True,True,0.037037037037037035,uncultured Leptolinea sp. binchicken_co27_72,904068.20
9f113facb493f17c8499fb47ff434602,0.999,7,2,True,True,True,True,,,0.13636363636363635,uncultured archaeon MFD01872.bin.1.337,115547.282
398b644c70b3a3b47d64e696f8b639fc,1.0,1,1,True,True,True,True,,,0.024390243902439025,uncultured Methanoregulaceae archaeon MFD02979.bin.2.99,1392423.47
4d14fe12857973bd0d0470a41c6e1a5a,0.999,1,1,True,True,True,True,,,0.02702702702702703,Negativicutes bacterium 83deffcd-e23c-43a8-b56c-eeb2f7c44ec8,2499140.25
a3cb77034e3171f38574be30d580d64e,0.998,13,10,True,True,True,True,False,True,0.05172413793103448,uncultured Alphaproteobacteria bacterium MFD05442.bin.1.34,91750.4836
a6a36906813434ce2d18626305b1564a,0.9951,4,4,True,True,True,True,True,True,0.05454545454545454,Legionella quinlivanii strain NCTC12433,45073.7
a743ded8ab3e004a1671552ecbb9bb5b,0.998,1,1,True,True,True,True,True,True,0.03225806451612903,Defluviitalea saccharophila LIND6LT2,879970.3
115fd3d829ca9fb45630f07981cbcb73,0.999,1,1,True,True,True,True,,,0.038461538461538464,Veillonellaceae bacterium strain AS27yjCOA_2,2049049.19
c5aceb1c0837567d8fd6258bde60c07e,1.0,2,1,True,True,True,True,,,0.07692307692307693,Acidobacteriota bacterium USST_maxbin.036,1978231.1719
8f41bea56ea28ecfb10b1e83a77ff160,1.0,1,1,True,True,True,True,,,0.0009345794392523365,Clostridium sp. 39-1_04,1506.1185
8933321e7dbdf47e55a1ec83a6517e09,1.0,3,3,True,True,True,True,True,True,0.0967741935483871,Reyranella aquatilis strain KCTC 52223,2035356.4
089e886fa6644f9380d46e458a8bf9d6,0.9985,2,2,True,True,True,True,,,0.06451612903225806,Bacteroidota bacterium JPAS_maxbin.122_sub,1898104.3469
655bd7b8d2c8ee0e717f8d77d47693b7,0.9985,1,1,True,True,True,True,,,0.038461538461538464,uncultured Alphaproteobacteria bacterium MFD05442.bin.2.187,91750.4177
6290092a789cefe170b21f8c022a1fda,1.0,1,1,True,True,True,True,,,0.029411764705882353,Treponemataceae bacterium binned_ad_5.144,2854022.33
49e3be6db5eee89cd85b7d6f4210ec90,0.9995,1,1,True,True,True,True,True,True,0.030303030303030304,Desulforhabdus sp. TSK,2925014.3
400fe0a1f19db5477c9e37d1f2efcef3,1.0,9,7,True,True,True,True,True,True,0.07563025210084033,Brevibacillus brevis strain DSM 30,1393.13
6904ffb97cd865af71cbb684f9892107,0.9966,11,3,True,True,True,True,,,0.06818181818181818,Phycisphaerae bacterium e6993cc0-709b-411a-8bd5-6f5b4bf9d55c,2026778.484
173a7aab3bd6f1f6811b232f07dc1c3c,0.9956,8,7,False,True,False,True,False,True,0.011363636363636364,Cronobacter sakazakii strain cro360A2,28141.181
54effa6447b125d0d37ed3907eb568c4,0.9907,12,10,False,False,False,False,False,False,0.0,Methanosarcinales archaeon CSMAG_848,2250255.163
463921baaa4efa55a2dd33663c3a3e27,1.0,1,1,True,True,True,True,,,0.0196078431372549,Christensenellaceae bacterium 44-20,3142730.3
2d02d87d9664de00db717632b5c42e33,0.9985,12,11,True,True,True,True,True,True,0.1320754716981132,Klebsiella quasipneumoniae ACES114S01-1,1463165.1210
f88d55ac7259c9d81abe40671215dec1,0.9995,3,3,True,True,True,True,True,True,0.0625,Comamonadaceae bacterium YIM 73032,2259336.3
b0d26647a7f6153005ecd3ce5683ef89,0.9956,21,20,False,True,False,True,False,True,0.04054054054054054,Sphingobium yanoikuyae A-TP,13690.142
ce96aba4d82cdb5ffa5b76128cfbb917,0.9937,9,6,True,True,True,True,,,0.02631578947368421,Firmicutes bacterium OH_SBrB_79,1879010.9295
e7fedde48db99c6379c14aea36d0e5d2,0.9946,7,5,False,False,False,True,False,False,0.0,Eubacteriales bacterium mix99,3039678.5
eae2b2f16935541e065a7e45ce95ff17,0.999,1,1,True,True,True,True,,,0.030303030303030304,Chloroflexota bacterium JPNG_maxbin.044,2026724.2470
7a777474146ffbe89e17716b8660dcfb,1.0,1,1,True,True,True,True,True,True,0.007142857142857143,Pseudomonas fluvialis XM1_ASGE2bin.20,1793966.17
689ea6538e35d0bf0beff8b8ef7ae765,0.9995,1,1,True,True,True,True,True,True,0.007194244604316547,Gordonia sp. PP30,2935861.4
7a40f4cd070ab0fbebfa8749c02f9a24,1.0,2,1,True,True,True,True,,,0.09090909090909091,uncultured beta proteobacterium MFD00905.bin.1.253,86027.1211
5088bc096c191a333932a605b066096f,1.0,1,1,True,True,True,True,True,True,0.023255813953488372,Thermoactinomyces vulgaris strain 2H,2026.10
6b34b89a4a40e33a8f93fef4209c4a96,0.998,2,2,True,True,True,True,True,True,0.07407407407407407,Sandaracinobacter sp. PAMC 28131,1715348.4
410e95b05efd63867444aa0a2458b97c,1.0,1,1,True,True,True,True,True,True,0.03125,Pirellula sp. ME2001-09-10pf_3300042914_group1_bin1,117.83
c21569e136028113fff8cb7f4f825cd4,0.9971,1,1,False,True,False,True,False,True,0.01020408163265306,uncultured bacterium CTOTU24341,77133.17699
00c193a1d13306dc0a3fa7b7b19327a9,0.9961,5,2,True,True,True,True,,,0.16666666666666666,uncultured Alphaproteobacteria bacterium MFD01188.bin.2.57,91750.4418
0092fa9cfbb787e7d34b4a3417ab24e3,0.9976,2,2,True,True,True,True,True,True,0.044444444444444446,Bdellovibrio sp. HCB209,3394354.3
1a2aa45c0c2bca3b49679b7f3f4f465d,0.9995,1,1,True,True,True,True,,,0.0026666666666666666,Bacteroidaceae bacterium binned_ad_7.87,2212467.804
3e2d1a7be6fbbcbc12428a01c86b7b8b,1.0,1,1,True,True,True,True,,,0.020833333333333332,Fimbriimonadaceae bacterium strain SSF21,2682144.15
a873a33b303c266754138e274bcb835f,0.9985,1,1,False,True,False,True,,,0.037037037037037035,Planifilum fimeticola strain DSM 44946,201975.3
70deeba9f4974d134dbc64d97bd2fff7,0.9966,12,6,False,False,True,True,,,0.0,Anaerolineae bacterium AnMBR.bin294,2052143.1140
414b68c54905f4ec8ee50d51e536ff97,0.9951,4,4,False,False,False,False,False,True,0.0,Caldicoprobacter algeriensis TH7C1,699281.6
52ac87abfa970ee890f4bfb7ce0f1337,0.998,1,1,False,True,False,True,,,0.012345679012345678,Acutalibacteraceae bacterium T1900044631_TS20190097.MAGScoT_cleanbin_000009,3077420.517
0c141cc6426851c4478ff79ed68247f5,0.9995,22,14,False,True,False,True,False,True,0.015384615384615385,Actinomycetia bacterium OH_SBlB_58,1883427.2926
e9bddfa0fc6471131e3412f81bdc6b6d,1.0,1,1,True,True,True,True,True,True,0.01,Actinomycetaceae bacterium AnMBR.bin270,1898202.62
673d2998d72c17887208c2b02e154745,0.9956,14,9,True,True,True,True,False,True,0.06666666666666667,Christensenellales bacterium AnMBR.bin221,3083246.38
e35f22c3fc20c83f43ae3892a6f974b2,0.9912,1,1,False,False,False,False,,,0.0,Rickettsiales bacterium ME2015-08-16_3300047121_group6_bin72,2026788.386
547b0919a99ed883fc7e366881d70e30,1.0,3,3,True,True,True,True,True,True,0.013100436681222707,Kocuria salsicia NPDC020473,664639.22
ca01d9551d2460af70778e62f280ab8a,0.998,10,8,True,True,True,True,True,True,0.21951219512195122,Mogibacterium timidum strain W9173,35519.44
3f8e2d5b849dc28defc6406bd5304ffc,1.0,1,1,True,True,True,True,,,0.041666666666666664,Candidatus Hydrogenedentes bacterium binned_ad_9.133,2030809.163
ae815c4df4c6f21bff23c4999800dfeb,0.9976,2,2,True,True,True,True,,,0.07692307692307693,uncultured Bacteroidales bacterium MFD00032.bin.2.42,194843.5067
06e148ad8b35489ea97e51ef733e9550,1.0,2,1,True,True,True,True,True,True,0.006993006993006993,Macellibacteroides fermentans ZNE14_Bin9,879969.11
371f00ae446e2e0a412ac4e6dcdacf85,0.9951,5,5,True,True,True,True,False,True,0.07692307692307693,uncultured Clostridia bacterium MFD08669.bin.2.65,244328.9105
78123af13d385db4ee6a9342283a042b,0.999,1,1,True,True,True,True,,,0.043478260869565216,Deltaproteobacteria bacterium USDV_maxbin.030,2026735.2483
a216822e223bbb6baf68503a21bc5d0a,0.9966,11,7,True,True,True,True,False,False,0.018604651162790697,uncultured bacterium MFD00032.bin.2.68,77133.6354
ff0fc9ae659d05bff51228eb12dc2291,0.9966,3,1,True,True,True,True,,,0.13636363636363635,Armatimonadota bacterium AnMBR.bin211,2033014.717
baa4a4f4c8d40a784e35ff0313bf0ccb,0.9985,9,9,False,True,False,True,False,True,0.03389830508474576,Uliginosibacterium sp. H1,3114757.3
51177a17fe0a032b15ab14a0e9135569,0.9976,1,1,True,True,True,True,,,0.014285714285714285,Alphaproteobacteria bacterium samp_4355_concoct_325,1913988.3674
84fa9606a58e97506922f09083e7087a,1.0,1,1,True,True,True,True,,,0.01818181818181818,Dysgonamonadaceae bacterium WD_3_bin.38,2065189.9
117d3b82912eec34fc2dd0e5e32afe1f,0.998,9,8,True,True,True,True,True,True,0.1111111111111111,Proteiniphilum sp. STF2_60,1926877.41
b61c32f858381149fccfdf2f413f8f5b,0.999,1,1,False,True,False,True,,,0.010638297872340425,Noviherbaspirillum sp. L7-7A,2850560.3
b75416c48f46e93a9e3622080cde9b06,0.9941,12,7,False,True,False,True,False,True,0.20588235294117646,uncultured Planctomycetaceae bacterium MFD00964.bin.3.253,100233.309
346f4cf3bc35393efe4260b2f0b1966d,0.9966,1,1,True,True,True,True,,,0.025,Verrucomicrobium spinosum DSM 4136 = JCM 18804,240016.10
2750b310e92cd153994e7af71d6851e0,1.0,2,2,True,True,True,True,,,0.045454545454545456,Bacteroidia bacterium AMR_MDS_1039,2044936.718
022ced45e53557d101111cdb41f49f4e,1.0,1,1,True,True,True,True,,,0.02,uncultured Ignavibacteria bacterium SRR5214706_bin.14_CONCOCT_v1.1_MAG,1645732.37
f39790ad4b1a813000323022eb1e9567,0.9976,1,1,True,True,True,True,,,0.02127659574468085,Gammaproteobacteria bacterium O_S4.1_bin.7,1913989.2406
3ef47d732a719a9c649132016afeb5e2,0.9922,6,5,False,False,False,False,False,False,0.0,Succinatimonas hippei strain W1P18.007,626938.15
5c92a1870d7469268123d143f0a95910,1.0,1,1,True,True,True,True,,,0.03125,Bacillota bacterium AnMBR.bin312,1879010.11590
5ceabb76ec2975d9498f124fe62a81e6,0.9951,12,9,True,True,True,True,False,True,0.075,Acutalibacteraceae bacterium fecal_MAG_427,3077420.367
9b7c1f4112c3dcad4bcd9ac9caa5caf8,0.9956,20,12,False,False,False,True,False,True,0.0,Staphylococcus equorum Pa2-17,246432.342
7e03bedb15626308fa00007db009033d,0.9956,12,11,False,True,False,True,False,True,0.013574660633484163,Pusillimonas sp. YR330,2135726.3
5b7a288e8ea092f67f03a49612946d43,0.998,24,18,True,True,True,True,True,True,0.04929577464788732,Methanobrevibacter arboriphilus A2,39441.13
7851f5e3ccefb9a300394199f665614c,0.9946,9,7,False,False,False,False,False,False,0.0,Maridesulfovibrio sp. 6beb94cf-9426-4573-8ce2-a4cb058dd04d,2795000.7
46220d9e9e76e37d38ea38554c453179,0.998,6,5,True,True,True,True,True,True,0.011940298507462687,Muricomes sp. OA1,2914165.6
56f41554384fc19d9ef0161b6f0e6791,0.9868,31,19,True,True,True,True,True,True,0.2765957446808511,Methanobacterium sp. OMB003,2164.119
b8819fef35b3fd387f12387e884e6ae5,0.9907,7,7,True,True,True,True,True,True,0.04032258064516129,Methanobrevibacter arboriphilus A2,39441.13
824e4de27fdfadaea64e6f954c1448c6,1.0,2,2,True,True,True,True,,,0.03508771929824561,Treponemataceae bacterium binned_ad_9.59,2854022.34
f91fb95263a6d30aad8042fa60f3d62e,0.9922,0,0,False,False,False,False,,,0.0,Patescibacteria group bacterium CTOTU11719,2052139.1393
a3e5fd03d92b987205cf4bf9b1678aa4,0.9995,2,1,False,False,False,True,,,0.0,Pseudorhodoplanes sp. strain Bin_75R,1934341.7
caea068037af31671eecefe94eca01ca,0.9976,1,1,False,False,False,True,,,0.0,Proteobacteria bacterium OH_PFB_191,1977087.3425
3d7b139f39141ba112868fcf7236158e,1.0,1,1,True,True,True,True,True,True,0.001841620626151013,Streptococcus ferus strain NCTC12278,1345.3
32ae6575d9d3e427dc9f898f16f33087,0.9995,2,1,True,True,True,True,True,True,0.043478260869565216,Mycobacterium tuberculosis ERR036191,1773.18714
7377692c0967c99c56f749e092acb30a,0.998,10,1,True,True,True,True,,,0.1590909090909091,uncultured Thermoleophilia bacterium MFD04716.bin.1.399,1497501.128
4ef65f8d7f7fe58651a459fc49390ba8,1.0,2,2,True,True,True,True,True,True,0.018518518518518517,Sphingomonas sp. C3-2,3062169.3
ebd4d8e08540f7586c3a30987c6ef7b0,0.9995,1,1,True,True,True,True,,,0.03125,Flavobacteriales bacterium ME2004-08-06_3300043437_group2_bin178,2021391.1636
d2a551b8b71579fa1fd9e5d22100b8ee,0.9961,6,3,True,True,True,True,,,0.1111111111111111,Pyrinomonadaceae bacterium MAG148,2283092.647
38907b8ef0546ef8dd587afd52a16f9c,1.0,1,1,True,True,True,True,,,0.043478260869565216,Candidatus Omnitrophica bacterium USCA_maxbin.089,2035772.1274
db0c288182530edd5066c0881c9665c7,1.0,5,5,True,True,True,True,True,True,0.01607717041800643,uncultured Kocuria sp. 2-558A.fasta,259305.12
cc6afef9ee630eedd003d07f22d62140,0.9946,1,1,False,False,False,True,,,0.0,uncultured Lachnospiraceae bacterium MGBC121923,297314.12710
da380d249b3dd800f5c3e279f7cf917a,0.9961,21,17,False,False,False,False,False,False,0.0,Parachlamydiaceae bacterium strain SSA5,2052176.6
961f6d44b23ea979c84941c71bf7da7c,0.998,4,3,True,True,True,True,True,True,0.06666666666666667,Rhodovastum sp. RN2-1,2991712.4
8913bd6e6eb2b354098d2f01d9b65391,0.9995,1,1,True,True,True,True,,,0.0125,Synergistaceae bacterium bin97,2053624.188
52c544d6ecca1fc0e2adc52b33f7a35b,1.0,1,1,True,True,True,True,,,0.03333333333333333,uncultured Alphaproteobacteria bacterium MFD09779.bin.2.162,91750.3095
7ba75de333c5db029e78e068dde0fbe8,0.9971,4,4,True,True,True,True,False,True,0.08108108108108109,Christensenellaceae bacterium 0331014a-650e-4a65-af59-ba9b8a5570f7,2054177.135
7c8a44a5a37e7afc0e7ccfddef0dbba5,0.9985,9,9,True,True,True,True,True,True,0.15217391304347827,Soehngenia sp. W6,1582259.3
fe5ba29df5b7470530baf59c3368072e,1.0,3,3,True,True,True,True,False,True,0.09090909090909091,Clostridia bacterium contig_22474.circular,2044939.4913
744dbcf4af334c630605fa9000c112ce,1.0,3,3,True,True,True,True,True,True,0.02112676056338028,Streptosporangium sp. 'caverna',2202249.3
57e13b307e96897f55540c6759029343,0.999,1,1,False,True,False,True,,,0.03571428571428571,uncultured bacterium LOGT_bin.0213,77133.7548
2bb677211b22ba770fffa14899f1b01f,0.9995,1,1,True,True,True,True,,,0.037037037037037035,Thermoguttaceae bacterium AnMBR.bin328,2691551.136
b62d797963ea269412b16706df6c98e9,0.9922,10,3,False,True,True,True,,,0.10714285714285714,uncultured Planctomycetota bacterium MFD09671.bin.2.6,120965.147
a5c80d4415d8b64a85a2b498d22ad570,1.0,3,2,True,True,True,True,True,True,6.917383384445111e-05,Tsukamurella pulmonis strain NCTC13230,47312.13
639ec09a97e00f6cd8d780f549ca17af,0.9951,2,2,True,True,True,True,,,0.07692307692307693,uncultured Gammaproteobacteria bacterium MFD01633.bin.2.38,86473.2083
9cc5b63b74154fc7bcdf7e8796e5d2de,0.9976,1,1,True,True,True,True,,,0.05,uncultured Chloroflexia bacterium MFD04716.bin.2.181,1672391.480
ad6ed76aeca8371d3d439eb14c33610c,0.9961,7,6,False,True,False,True,False,False,0.00819672131147541,uncultured Bacteroides sp. MGBC105500,162156.1542
ddc66d3a76d91f0f401087bf108cc42c,0.9995,3,3,True,True,True,True,False,True,0.05263157894736842,uncultured Planococcaceae bacterium MFD07841.bin.2.61,349279.5
82f3d62aabc8caf816ec2120e9c14bb5,1.0,0,0,False,False,False,False,,,0.0,Patescibacteria group bacterium CTOTU18743,2052139.1420
721bd76a3ab9dec41984c4ec32be845a,0.9985,1,1,True,True,True,True,,,0.024390243902439025,Pseudomonadota bacterium VAR_61_metabat_364,1977087.4804
d628016102970528d40c260b4400c593,1.0,1,1,True,True,True,True,,,0.041666666666666664,Anaerolineae bacterium AMR_MDS_2234,2052143.1020
e8ebb25bac25954fb7adbde26e956cb6,1.0,1,1,True,True,True,True,True,True,0.023255813953488372,Mycobacterium tuberculosis strain BC12-Mtb186,1773.15773
748512e38095cce946336f055623773b,0.999,4,4,True,True,True,True,True,True,0.025477707006369428,Georgenia sp. EYE_87,2853448.4
935d8a963dc7baf559b479ba9f5a82b3,0.9985,1,1,False,False,False,False,,,0.0,Hydrogenophaga pseudoflava CZa25-1,47421.16
520d89ef4ce2ba808eed3e2d9a310649,0.998,3,3,True,True,True,True,,,0.125,Nitrospiraceae bacterium swi_bin.60,2026770.468
17b1f04511323cb27b539f309522bf6c,0.999,1,1,True,True,True,True,True,True,0.038461538461538464,Thermogutta sp. strain AS27yjCOA_190,1962930.3
ab6115f8667efbf773336f71d2ab8f62,0.9966,16,11,True,True,True,True,True,True,0.2777777777777778,Methanobacterium sp. IBPM_KMB_004,2164.99
d4967db74f90dc58ab34ae78957b3f4c,0.9922,1,1,False,True,False,True,False,True,0.017543859649122806,Sulfurovaceae bacterium 9d57b463-d9ea-4f7e-b103-c520c0114972,2771475.17
d7fb1f4207f140fa88ee72eda98f8f29,1.0,2,2,True,True,True,True,True,True,0.008064516129032258,Xanthobacter autotrophicus 7C SF,280.29
288e6faee45091ff103a59abecc43dbc,0.9985,1,1,True,True,True,True,,,0.045454545454545456,Pirellulaceae bacterium AMR_MDS_5483,2699754.99
c983ca27c4dffb6920f6059c696adbc2,0.9971,11,9,True,True,True,True,False,False,0.04878048780487805,Christensenellaceae bacterium strain SQ_MAG_4,2054177.45
7fc9d702ba352d52e7931c790a577f39,0.9995,1,1,True,True,True,True,True,True,0.017241379310344827,Aquabacterium parvum strain B6,70584.11
f93a48c1620894d23f4ad77d07df3c0d,0.9941,8,8,True,True,True,True,True,True,0.13333333333333333,uncultured Staphylococcus sp. SRR16280110_bin.62_MetaWRAP_v1.3_MAG,189668.23
32327bc1b2d1a223d9a447241f2cfb82,1.0,1,1,True,True,True,True,,,0.03225806451612903,Verrucomicrobiota bacterium JPAS_maxbin.026,2026799.1067
3b57ddd9849252e883213b71bb3c2f17,0.9961,15,11,True,True,True,True,True,True,0.045454545454545456,Micavibrio sp. RYN_474,2024841.66
e0f5ac0f18cc28b90be53aa781a75e97,0.998,2,2,False,True,False,True,,,0.0625,uncultured Candidatus Saccharibacteria bacterium SRP133034_co1_63,179883.2131
6d04a8df8207e9542e849378a1bcf43c,0.9976,10,6,True,True,True,True,False,True,0.1388888888888889,Eubacteriales bacterium STF1_200,2831996.90
92392a51132c9a52e6656c5819c880c1,0.9995,1,1,True,True,True,True,,,0.020833333333333332,uncultured Gammaproteobacteria bacterium MFD00905.bin.3.260,86473.2094
53303fb50c16833ed95f7bd85950456e,1.0,1,1,True,True,True,True,,,0.034482758620689655,Candidatus Cloacimonadota bacterium USMO_maxbin.063_sub,2030808.361
bbbec58ac7c2e7c7ce1734a34aec1ae8,0.9951,10,8,True,True,True,True,True,True,0.015228426395939087,[Ruminococcus] lactaris 20-2_61,46228.708
ea4691b2289c15a1b9cb1a8fd5e77902,0.9995,1,1,True,True,True,True,True,True,0.030303030303030304,Granulicella sp. UBA5172,1946581.3
e357713de529ed95dc5d315656f58df9,0.999,3,3,True,True,True,True,False,True,0.044444444444444446,uncultured archaeon MFD07737.bin.3.13,115547.326
ddd4b60fc546f62f90bcf9ae38f1a723,1.0,1,1,True,True,True,True,,,0.05263157894736842,Bacteroidota bacterium USSF_maxbin.052,1898104.3642
d60b398e30dc4e3177e2b814c81ee53a,0.999,5,5,True,True,True,True,True,True,0.02564102564102564,Paracoccus sulfuroxidans strain CGMCC 1.5364,384678.24
9b8c56ae8c1dad880d0a61a56b70076d,0.9966,23,14,False,False,False,True,False,True,0.0,Nigerium massiliense strain MGYG-HGUT-01484,1522317.4
4eb5a964054cfd611f6281b13f89c0d3,0.999,6,1,True,True,True,True,,,0.14285714285714285,Anaerolineae bacterium AnMBR.bin232,2052143.1145
23504ce886d58d2a61607ff263c8d494,0.9932,12,6,False,True,False,True,False,False,0.001088139281828074,uncultured Legionellaceae bacterium 10C-St8-MC-01_bin.23.orig,293331.12
14f013032d3d55ac24bde620c2d8f945,0.9995,2,2,True,True,True,True,False,True,0.06896551724137931,Chitinophagales bacterium metawrap_la6_71,2448779.473
89078346e4907efe681d45f299ac15a4,0.9976,1,1,False,True,False,True,,,0.03333333333333333,uncultured Gammaproteobacteria bacterium MFD00032.bin.3.53,86473.1716
9a842084688427ba067307eb8662eecd,0.9995,1,1,True,True,True,True,True,True,0.03333333333333333,uncultured Candidatus Amoebophilus sp. SRR3901706_bin.87_CONCOCT_v1.1_MAG,670722.3
34f74c82bbd5954315b8ed382098d1c8,0.9966,1,1,True,True,True,True,,,0.030303030303030304,uncultured delta proteobacterium MFD03899.bin.1.233,34034.713
6f7d070bd4cfaa09a69bba0e1d046a44,0.999,1,1,True,True,True,True,,,0.008620689655172414,Eubacteriales bacterium AnMBR.bin293,2831996.483
a5e4214d6e45488b57daf5cc70b89f40,1.0,1,1,True,True,True,True,,,0.0196078431372549,Proteobacteria bacterium OH_SDB_69,1977087.3794
c7710bd03585ff9fb13a73ad718dd629,0.9961,1,1,True,True,True,True,,,0.047619047619047616,uncultured Chloroflexia bacterium MFD09964.bin.2.12,1672391.40
4494286141014de25140c094cc5626ec,0.999,2,2,True,True,True,True,True,True,0.010526315789473684,Roseicella sp. GB24,2883479.4
e3b6d7ad6ee740d0b7d343c2c2ce53a0,0.9995,3,3,True,True,True,True,True,True,0.10344827586206896,Rubrobacter sp. SMAG_U1661,2036010.74
25077ffdd305e287a33697d70d484327,0.9912,4,4,False,False,False,False,False,False,0.0,Caldilineaceae bacterium A3_maxbin2_scaf2bin.154,2614250.156
dac9df4edca47d4aefa5e8b6eb75543a,1.0,2,2,True,True,True,True,False,True,0.08695652173913043,Synergistaceae bacterium STF2_205,2053624.183
02304f5597c8b1982e18acf4d3756043,0.9927,9,7,False,False,False,True,False,False,0.0,Magnetospirillum sp. SS-4,2681465.3
9c7db0d5022a938bf5ea950826d34437,0.9956,8,4,True,True,True,True,,,0.07407407407407407,Verrucomicrobiota bacterium STL-VER8,2026799.1872
accdbd296b05fdc99bac47d0e4349aa9,0.999,2,2,True,True,True,True,,,0.02564102564102564,Gammaproteobacteria bacterium BC1.219,1913989.5250
52be19846e0f0c7f419cde01b6e10585,1.0,1,1,True,True,True,True,True,True,0.022222222222222223,Ferruginibacter sp. strain ACE_BAC16,1940288.31
3d69ca950aaaf9f351e4139369d78236,1.0,1,1,True,True,True,True,True,True,0.04,Calditerricola satsumensis JCM 14719,1294024.6
dc6c7b33d252a7891fd83a442747c837,0.9961,9,4,True,True,True,True,False,True,0.2916666666666667,uncultured Chitinophagaceae bacterium MFD10113.bin.1.77,866510.93
599d7cf9f263b0f86ad741ce6f9f7619,1.0,1,1,True,True,True,True,,,0.002105263157894737,Rhizobiaceae bacterium strain RHIZO,1913961.28
d3abbc3a1ab2ef83f8acf34b86409689,1.0,1,1,True,True,True,True,,,0.02631578947368421,Planctomycetota bacterium Seed_maxbin.055,2026780.1512
e8895eca419d323d988e5bdcf681d140,0.9985,1,1,True,True,True,True,,,0.043478260869565216,uncultured Chloroflexia bacterium MFD01275.bin.2.131,1672391.911
3e3764ae6674e989f040377aa61069b5,1.0,2,2,True,True,True,True,True,True,0.058823529411764705,Methanolinea sp. binned_ad_9.15,2268143.23
522ab1474c600e24c4f7e20404fa648c,1.0,1,1,True,True,True,True,True,True,0.027777777777777776,Geminicoccus sp. CPCC 101083,2498453.7
dfb17fab2e208979590db3600ba675d7,0.9985,1,1,True,True,True,True,,,0.041666666666666664,Gemmatales bacterium 5N134,2838789.47
1ed95763454163d1938e3d2d3c082d23,0.998,8,5,True,True,True,True,False,False,0.08823529411764706,Myxococcales bacterium strain EsbW_18-Q3-R4-48_BATAC.438,2026763.198
ed2d2e8b1f87bc9682f5032af247e55d,0.9834,6,3,False,False,False,False,False,False,0.0,Pseudomonas asiatica strain MY680,2219225.4
a8a9d607d1fd5c585c10030c8d307947,0.9941,1,1,False,True,False,True,,,0.029411764705882353,uncultured Pseudomonadota bacterium MFD09603.bin.1.288,153809.1296
b4ba6792b3fa30ceb7375dc41eb1d65c,0.999,2,2,False,False,False,False,False,False,0.0,Candidatus Saccharimonas sp. ST_AS_maxbin.027,1917697.28
a8a559b16166ead544ccc5288860baca,0.9888,17,8,False,False,True,True,False,False,0.0,uncultured Chloroflexia bacterium MFD10007.bin.2.56,1672391.46
840e058fa20744d5348c023c25e7d232,0.9985,1,1,False,False,False,False,True,True,0.0,Enterococcus faecalis 51271223,1351.6525
3890b069eb54ede0917072f32a071c12,0.9985,2,1,False,True,True,True,,,0.0625,Christensenellaceae bacterium 38ba8450-c70d-4108-8ba4-09623ba0e347,2054177.132
14ce80de12b0526121a4d0f4058099d1,0.9966,14,11,True,True,True,True,True,True,0.017467248908296942,Intestinimonas butyriciproducens 1001302st2_G10_1001302B_160321,1297617.171
78a0364df0e0d26085d92c0946f18d33,0.9976,15,8,True,True,True,True,True,True,0.2608695652173913,Petrimonas sp. IBARAKI,1978337.3
2abe61a0cef4e3df8717de8e17bd2f88,0.9946,5,5,True,True,True,True,True,True,0.10638297872340426,Mesotoga sp. SC_NapDC,1499972.4
fbc7e405b4d16da23a87995ad9f0c945,0.9937,23,13,False,True,False,True,True,True,0.0038022813688212928,Burkholderia multivorans 2015Y70736253,87883.735
349da55900cd296d52fd154bfb27343b,0.9902,17,13,False,True,False,True,True,True,0.05970149253731343,Methanobacterium sp. MBAC-LM,3412034.3
cefe4ae946de41fe87fc0040bdea335e,1.0,1,1,True,True,True,True,,,0.030303030303030304,Tenericutes bacterium ADurb.BinA124,1852921.3
d4bbada602eb08d4609fe2fca3160d40,1.0,1,1,True,True,True,True,,,0.047619047619047616,uncultured Pirellulaceae bacterium binchicken_co273_199,2706754.74
1f09f246b167ceaa862b68be6e9f3442,0.9941,5,5,False,False,False,False,False,False,0.0,Vallitalea sp. S15,2078660.3
c259cda388580d886e6cbb43a1272e68,1.0,1,1,True,True,True,True,,,0.016129032258064516,Planctomycetaceae bacterium STL-PLA46,2026779.942
adf5bb1e5c1f167d69175bf8a8e04fb3,0.9971,2,2,True,True,True,True,True,True,0.01639344262295082,Methanobrevibacter sp. OttesenSCG-928-K11,2930984.3
26bcb031ea5e9e32c511c17dd4ce8c44,0.999,1,1,True,True,True,True,,,0.043478260869565216,uncultured Chloroflexia bacterium MFD02979.bin.3.21,1672391.903
cea48cb9e85cce1a4c9d90bff8f6ded5,0.9995,1,1,True,True,True,True,,,0.04,Terrimicrobiaceae bacterium SMAG_U95,2832348.27
3d002319a68cb81e39764750ce844423,0.999,1,1,True,True,True,True,,,0.03125,Sphingobacteriaceae bacterium SMAG_U10432,2021370.132
c4867d600b0a9097a72003891fa4b874,1.0,1,1,True,True,True,True,,,0.045454545454545456,uncultured Actinomycetes bacterium MFD09730.bin.2.192,152507.2524
55d6f196845f6c46a8c04acebb14b7b9,0.9985,2,2,False,True,True,True,,,0.08333333333333333,uncultured Chloroflexia bacterium MFD02416.bin.1.274,1672391.128
2c2a5e52f212bdc4fe6cfe32717f2a01,1.0,1,1,True,True,True,True,True,True,0.0036231884057971015,Skermania piniformis NBRC 15059,1223536.4
77da7e24d4e417e8a4fd692db80d26e1,0.9946,6,5,True,True,True,True,False,True,0.1,uncultured Chloroflexia bacterium MFD04716.bin.3.275,1672391.955
8dd05d46c0b97113078aba2427454051,0.9976,1,1,False,True,False,True,,,0.030303030303030304,uncultured Chloroflexia bacterium MFD09730.bin.2.106,1672391.113
0c383d815fd10fc34608bc3c3415bd28,1.0,4,1,True,True,True,True,,,0.16666666666666666,Lachnospiraceae bacterium D1181bin4,1898203.6600
08dcb60f335137ed59ea5006a3ca7d20,0.9971,6,6,False,True,True,True,,,0.03389830508474576,uncultured Spirochaetota bacterium MFD02138.bin.2.36,460511.71
f20eb21e67f757812108449fe407b3c0,0.9966,7,5,False,True,False,True,False,True,0.03571428571428571,Christensenellaceae bacterium 71fbd196-4d72-4d9d-b023-dc0a1f92e7b0,2054177.129
6c69b67bc429532ce3461ea6f3dc7c82,0.9956,16,13,True,True,True,True,True,True,0.05128205128205128,Roseimaritima sp. JC640,2681311.3
0b54d74d2257842cdb59920d0557c940,0.9956,2,2,False,True,False,True,True,True,0.0008051529790660225,Legionella quinlivanii strain NCTC12433,45073.7
edb2c105974cb9358cbb2a34fb4b93d8,1.0,3,3,True,True,True,True,True,True,0.015625,Paenibacillus sp. FSL K6-0276,2921450.3
80017052479e0a7748dc385488c63536,1.0,1,1,True,True,True,True,,,0.045454545454545456,uncultured Actinomycetes bacterium MFD09267.bin.2.281,152507.2138
43304902c7de62a1f0749eba6553c3cd,0.9971,4,4,True,True,True,True,True,True,0.04878048780487805,Dehalobacterium formicoaceticum strain DMC,51515.8
c24ddb60bb99f2f3faf3f86c7141b3dc,0.9897,10,7,False,True,False,True,False,False,0.025,uncultured Actinomycetes bacterium MFD09730.bin.1.134,152507.2174
3c2d4903b3df0132b4a1d9a9b20ea45d,1.0,1,1,True,True,True,True,True,True,0.0012239902080783353,Mesorhizobium sp. strain ACE_PRO30,1871066.591
78d38ebcda61982cfb9d7fccb6a94cf2,0.9966,13,8,True,True,True,True,False,True,0.20588235294117646,Anaerolineae bacterium clx_SAG17,2705085.3
7095c313e9e1c5136c8dfaf1ccf4e5d5,0.9917,5,3,False,False,True,True,,,0.0,Dehalococcoidia bacterium Spart_025_MAG,2026734.1424
d4b8f75d0e42420455e41ded33426aae,0.9956,1,1,False,True,False,True,True,True,0.021739130434782608,Gemmatimonas sp. ME2017-07-14_3300042517_group7_bin115,1962908.91
5e05ab394eb8af522fe62a10d8c28445,1.0,1,1,True,True,True,True,True,True,0.018867924528301886,Aneurinibacillus sp. B1,2966586.3
513be4a37b7f822529b6bc15793afd03,0.999,1,1,False,True,False,True,False,True,0.037037037037037035,uncultured Chitinophagaceae bacterium MFD05442.bin.2.243,866510.115
bab56c548143c05f1bd021822bf7aa19,0.9985,1,1,False,False,False,False,,,0.0,Lachnospiraceae bacterium STD2_92,1898203.4044
36174f3312e421ca66a80a5ec1813a92,0.9946,7,3,False,True,True,True,True,True,0.03225806451612903,Candidatus Kapabacteria bacterium P_KAPA5,2447898.105
fd570e30645c57d049c83863880fd312,1.0,3,1,True,True,True,True,,,0.04,Methanomassiliicoccales archaeon AnMBR.bin245,1906667.117
5eea14d9885768eafe3cd046a6e975a7,1.0,1,1,True,True,True,True,True,True,0.005235602094240838,Fictibacillus sp. 26RED30,2745877.3
d2fd495f50fd9ee1bb779066a74086d7,1.0,0,0,False,False,False,False,,,0.0,uncultured Pseudomonadales bacterium binchicken_co190_107,332614.355
b488a23a21137febe962e32b948e87a9,0.9902,6,4,False,True,False,True,,,0.07142857142857142,Candidatus Falkowbacteria bacterium CG10_big_fil_rev_8_21_14_0_10_37_18,1974562.3
172049e46605909f99651e4d0efb8578,1.0,6,4,True,True,True,True,False,True,0.1276595744680851,Firmicutes bacterium AM55-24TS,2292896.3
714fee5937db0a72ffa76f655649cd60,0.9961,11,6,False,False,True,True,False,False,0.0,Pirellulales bacterium MFD02840.bin.2.287,2715253.354
1f003e944f4c451188139f78a4dbead3,1.0,1,1,True,True,True,True,,,0.03125,Tenuifilaceae bacterium 6_bin.168,2952975.78
7598baa4df34dca336e545f5477e2bdd,0.9976,7,7,True,True,True,True,True,True,0.049019607843137254,Sphingomonas sp. DS-9,2862544.4
373d9c7b19e02b42024ac7d4b55dd1a8,0.9976,1,1,True,True,True,True,True,True,0.016666666666666666,Clostridium sp. MB40-C1,3070996.4
4d4be4592350230ffffb8321fc1688fa,1.0,3,1,True,True,True,True,,,0.15,Candidatus Bathyarchaeota archaeon MFD00032.bin.1.38,2026714.861
a07f3b457d225ac97e915f62126f9051,0.9966,11,10,False,True,False,True,True,True,0.004694835680751174,Paenibacillus tuaregi strain MGYG-HGUT-01548,1816681.5
f036998f7c6ae9f7b01b50adfca811a3,0.9966,13,5,True,True,True,True,False,False,0.08888888888888889,uncultured Clostridia bacterium strain c1,244328.14
94826025b9642351b6818715fb42c3a5,1.0,1,1,True,True,True,True,,,0.019230769230769232,Spirochaetales bacterium strain UFZ-4H14,2026792.178
88a9a64b37ae0a1b25e1f700e445ab77,0.9956,8,4,True,True,True,True,,,0.05660377358490566,Actinomycetia bacterium strain SMBSF58,1883427.1915
4f4dc6bfd6d1b43335fe96fd6eb3e297,1.0,1,1,False,True,False,True,True,True,0.014492753623188406,Clostridium sp. D1-1 strain B3,2886038.8
cd2e5cd5a48d09ea23594e5f99ad27ae,0.9951,9,8,True,True,True,True,False,True,0.08928571428571429,uncultured Clostridia bacterium MFD08669.bin.2.65,244328.9105
b7e9487c90de08851f8c120abc9ac7f8,1.0,1,1,True,True,True,True,,,0.034482758620689655,Steroidobacteraceae bacterium TGS_PRO49,2689616.42
8eb15ec6f1ac1ddc6a0ded81065b9e3d,0.9961,1,1,False,True,False,True,,,0.030303030303030304,Alphaproteobacteria bacterium TGS_PRO7,1913988.1853
7c1cbe86390c16afdf54fac5ab2ba556,0.9961,1,1,True,True,True,True,True,True,0.045454545454545456,Paludisphaera mucosa Pla2,3030827.5
717060b0d8c767aa2b031af9d99619dc,1.0,1,1,True,True,True,True,True,True,0.029411764705882353,Pseudolabrys sp. TGS_PRO23,1960880.22
b0c56ead300fe6c57f4fc02a1a2f03bd,0.999,1,1,True,True,True,True,True,True,0.029411764705882353,Ammoniphilus resinae strain DSM 24738,861532.3
8adc12dac7b8b4b0e4408ebdf6aab780,0.9985,10,9,False,False,False,True,False,False,0.0,Candidatus Saccharibacteria bacterium ST_AS_metabat.109_sub,2026720.1062
4a861d22b54efb0cebe9bfc1f9e23cc0,0.9922,6,5,True,True,True,True,False,False,0.12903225806451613,Anaerolineae bacterium P_ANAE,2052143.815
8027ffc215349056379fe132f318a66a,0.9985,1,1,False,False,False,True,,,0.0,uncultured Alphaproteobacteria bacterium MFD05442.bin.2.187,91750.4177
b659fcf2b17787c3e45bedfc42a89936,0.9976,3,3,True,True,True,True,False,True,0.02054794520547945,Tenericutes bacterium strain zrk4,2231116.13
881da22458f61f28835d910bf930238d,1.0,1,1,True,True,True,True,,,0.0005347593582887701,Holophagaceae bacterium HTM.8,2052165.21
5991e2c541e0896df6ced29abbf2edf2,0.9961,5,5,True,True,True,True,True,True,0.15625,Symbiobacterium terraclitae strain DSM 27138,557451.3
16d7e7a57ee5a4d1019a0343f5008fd3,0.9917,5,5,False,False,False,False,False,True,0.0,Flavonifractor plautii NB2A-20-GAM,292800.678
3e0420c192ee113f95af0dafffa3c3d7,0.9902,8,7,False,False,False,False,False,False,0.0,Anaerobiospirillum sp. NML120449,2932817.5
f23be2076b7f3e2088503d4841c51f06,0.998,1,1,False,True,False,True,,,0.043478260869565216,Gracilibacter sp. BRH_c7a,1734398.4
fe53e16940fd4ac540adc0d7c5d73841,1.0,4,4,False,True,False,True,True,True,0.00027481964960494675,Enterococcus faecalis 23S00078-11,1351.13396
44e8289188f3e0139151462805c84f90,0.9976,18,9,False,True,True,True,False,False,0.2564102564102564,uncultured Eubacteriales bacterium ERR14205385_bin_63,172733.10324
7a7f26619f42855a102fab4f1d7b8753,0.9966,22,21,True,True,True,True,False,False,0.03278688524590164,Proteobacteria bacterium strain PMG_129,1977087.593
43a52ec4605b37f3671b33e61ff6fedd,0.9976,8,6,False,True,False,True,False,True,0.16129032258064516,Bacteroidetes bacterium 41-46,1895922.3
106b9b90b16f77c680832d100dc4e515,0.9941,7,6,False,False,False,False,False,False,0.0,Helicobacter ganmani MGBC105162,60246.32
66d1691a5a4a3c86712b725c3dec36de,0.998,5,5,False,True,False,True,False,False,0.06896551724137931,uncultured Victivallales bacterium SRP093185_co1_15,278093.50
86ce8e836244a989d26315bf84d75d99,0.9976,7,4,True,True,True,True,True,True,0.13953488372093023,Bellilinea sp. OMB012,2838785.23
5c47bc05a863e9774f4c18b376dcea96,0.9946,11,5,False,False,False,False,False,False,0.0,Lutispora thermophila DSM 19022,1122184.3
b6659ef305819aabacf82fa333d503b6,0.9937,14,14,True,True,True,True,False,True,0.09523809523809523,uncultured Bacteroidetes bacterium ERR864073_bin.76_CONCOCT_v1.1_MAG,152509.1580
50420826a4434507209193c117f54130,0.9995,8,7,False,False,False,False,False,False,0.0,Candidatus Nomurabacteria bacterium HK-STAS-PATE-38,2052152.167
bc7d170b9edc9c345a358fc773c260e7,1.0,1,1,True,True,True,True,,,0.0030581039755351682,Bacteroidota bacterium JPAS_maxbin.122_sub,1898104.3469
2b21fc8c9a472bcf2441c9c063baaf0a,0.9985,1,1,True,True,True,True,,,0.041666666666666664,Chloroflexota bacterium JPNA_maxbin.135_sub,2026724.2402
cb21ad21e6f1b6e4e388eec09350d8dc,0.9893,13,11,False,True,False,True,False,False,0.022727272727272728,uncultured Isosphaeraceae bacterium MFD09567.bin.2.100,1935954.21
40862b63dd0defe1fb1cbc9991f5f089,1.0,8,7,False,True,False,True,,,0.05,candidate division WS2 bacterium ADurb.Bin280,1852829.3
6a4bca8a699c143a04caf781f0c1763c,0.9976,5,4,False,True,False,True,False,False,0.034482758620689655,Rubrobacter sp. SMAG_U1118,2036010.52
64726048843aad3c93d620cd9e0479ad,0.9961,0,0,False,False,False,False,,,0.0,uncultured Nitrosopumilales archaeon SRR12893483_maxbin2_1,171534.32
b4047348b90c6f16b7fba7f7330bf87e,1.0,2,2,True,True,True,True,True,True,0.037037037037037035,Bacteroidetes bacterium strain UFZ-1H10,1898104.1248
b2fb53987643b4f865fb0a5912ee1071,0.9829,0,0,False,False,False,False,,,0.0,Mesoflavibacter zeaxanthinifaciens 02um_C4D0801_8.39,393060.13
28e3c3f751b7e166668665449ef80ec9,1.0,1,1,True,True,True,True,True,True,0.016666666666666666,Phormidium sp. Bin_1,2867027.4
76612bcedbaf761367a3d047ebafd7b6,0.9961,24,20,True,True,True,True,False,False,0.034482758620689655,uncultured Gammaproteobacteria bacterium SRP067234_co1_307,86473.3049
d232fae99923ef2ca92f6afbc004f379,0.9956,6,4,True,True,True,True,False,False,0.022727272727272728,Oligoflexia bacterium Co_bin.49,2599941.72
b9ca0e9ca6ba197607c2653e75d15261,0.9976,6,6,True,True,True,True,True,True,0.046511627906976744,Thermoclostridium caenicola strain DSM 19027,659425.3
a42640f848385634aa76ce36a39e3707,0.9971,9,4,True,True,True,True,False,True,0.041666666666666664,Fimbriimonadaceae bacterium strain Bin_17,2682144.5
ce2061796f0dee9838e806cd86488535,1.0,23,12,False,False,False,True,False,False,0.0,Dehalococcoides sp. SO_2017_LW3_109,1966486.7
84983b37bd3b85c6b96d3a4ea0ff2bbd,1.0,7,4,True,True,True,True,True,True,0.050724637681159424,Ruminococcus bicirculans (ex Wegman et al. 2014) 1001136B_160425_B10,1160721.539
79f4b4c69c43f9fc726deee40b36d3f3,0.9976,1,1,True,True,True,True,,,0.041666666666666664,Chloroflexi bacterium strain ANAER1,2026724.1413
94c501c5d59dddbd80effa77dbceebe0,0.9951,4,3,True,True,True,True,False,True,0.08333333333333333,Firmicutes bacterium Bin_53,1879010.10371
609d275502076a9f8c77313c88d5cabd,0.9956,14,9,False,False,False,False,False,False,0.0,Candidatus Paceibacterota bacterium UR_AS_maxbin.219,2053589.824
a681fb02342fb54c83839d35541047fd,0.9966,1,1,True,True,True,True,,,0.016129032258064516,Patescibacteria group bacterium LejiaD_63_101,2052139.2093
eb39035aa8ec3916e81ca8fc6b2cbc00,0.9956,5,4,False,False,False,False,,,0.0,Myxococcota bacterium P01_C01_bin.129,2818507.333
9fb275ed81ecc69dd2c2cf775d20f252,0.9971,3,1,True,True,True,True,,,0.14285714285714285,uncultured Chloroflexia bacterium MFD02979.bin.2.17,1672391.938
f30d2084ebd9ba46d4b05f86cf1dfa7b,0.9941,17,16,False,False,False,True,False,False,0.0,Clostridioides difficile strain 020688,1496.3126
2d7ac92616f87949dfaf73e74e7d61ef,1.0,2,2,True,True,True,True,True,True,0.047619047619047616,uncultured Paludibacter sp. 3e828368-347f-4d65-bc1a-6729e1569ce5,497635.22
dfba8e8bfc169f25150d154a466d4477,0.999,1,1,True,True,True,True,True,True,0.022727272727272728,Aminomonas paucivorans ADS16,81412.4
d0282de15fd06b64876273663703c3b5,0.998,1,1,False,False,False,True,,,0.0,uncultured Alphaproteobacteria bacterium MFD01223.bin.2.14,91750.3731
4f3686ad1491f35d467e4d518b1a239a,0.9995,1,1,True,True,True,True,,,0.030303030303030304,uncultured Pseudomonadota bacterium binchicken_co190_25,153809.1547
05f1e3ae2775e34620e57edf62271d6d,0.9971,6,6,False,False,False,True,False,False,0.0,Oscillospiraceae bacterium STCSWMC_86,2485925.2141
e0ef60d7b52825a7bb99db1975db2d1b,1.0,1,1,True,True,True,True,True,True,0.02,Gordonibacter sp. 7L_13,1968902.4
6868203f42c3571c5d284d6fd8077b84,0.9907,9,3,True,True,True,True,,,0.009316770186335404,Armatimonadetes bacterium strain Ch33,2033014.110
4d36e0d0050d301d2a3d040d04521b20,0.999,1,1,True,True,True,True,,,0.029411764705882353,Patescibacteria group bacterium UR.bin32,2052139.660
20ec21b915216e00b9af8785dba05efd,0.9966,1,1,True,True,True,True,,,0.043478260869565216,Thermoguttaceae bacterium 6d2dc2d4-6dd0-4c87-b5e3-0172890c642a,2691551.112
a04e3b7eb9893592465490aaa571b8ca,0.9966,24,16,False,False,True,True,True,True,0.0,Bacteroides uniformis MAG4033,820.9014
bcfda59a5b9e3036c018e4bbde623d42,0.9966,12,7,True,True,True,True,False,True,0.23684210526315788,Chloroflexota bacterium PPR_0233,2026724.3390
731b491457472e36422564468f57fa8c,1.0,19,4,False,True,True,True,True,True,0.0004658819144640805,Klebsiella pneumoniae strain INF242-sc-2280140,573.34293
d21206f5365da44b1152796d3281ae34,0.9951,2,2,False,True,True,True,False,True,0.07142857142857142,uncultured Prolixibacteraceae bacterium MFD05684.bin.2.254,2014369.33
17dea85edcc6610a7d772d73ea780461,0.9966,12,6,True,True,True,True,True,True,0.18518518518518517,Cronobacter dublinensis strain cro910B3,413497.35
0e4fb8a4429348304afe0d042e3cb39a,1.0,1,1,True,True,True,True,,,0.029411764705882353,Aestuariivirgaceae bacterium SMAG_U7052,2731404.12
46955cdee4a523b064ae2ab0d337deb8,0.9995,1,1,False,True,False,True,True,True,0.015873015873015872,Paracoccus sp. MC1862,2760307.4
527d5108a6ce397729d5a554b1bf5e44,0.9966,9,7,True,True,True,True,True,True,0.0375,Legionella fairfieldensis strain 1725-Aus-E,45064.4
7adc00fdff504740098679e91cb6844d,0.9966,1,1,True,True,True,True,,,0.004329004329004329,uncultured bacterium MFD04716.bin.1.266,77133.6492
a9135a4ec3c5575c45a925bfaa528201,0.9941,4,2,False,True,False,True,False,True,0.06451612903225806,uncultured Brevinematales bacterium SRP241341_co1_258,2072702.8
ac3f05517b1b612528747e13dde51f63,1.0,3,3,True,True,True,True,True,True,0.01507537688442211,Lachnospiraceae bacterium D5009bin13,1898203.6620
e9e94fc2ed8a07e91e51f4bac68316c2,0.9995,3,2,True,True,True,True,,,0.13043478260869565,uncultured delta proteobacterium MFD01872.bin.4.464,34034.622
668b888b470fb300314dd012a056e5ea,0.9995,2,2,True,True,True,True,True,True,0.006688963210702341,Hymenobacter bucti DSM 29988,1844114.3
cefc5e0aafd4478065e1ffd5c5ad5f28,0.9951,5,4,False,True,True,True,True,True,0.0061162079510703364,Arcobacter sp. strain AalW_18-Q3-R10-53_MAXAC.024,1872629.38
e1dfc1945a6b78a701192ebd002e974c,0.9966,3,2,False,True,False,True,True,True,0.03076923076923077,Romboutsia sp. 13432,2708054.3
5f7d4fc1f30b840105cf8b66bcd02277,0.999,2,2,True,True,True,True,False,True,0.047619047619047616,uncultured Alphaproteobacteria bacterium MFD04850.bin.2.297,91750.4769
e598afcbd515415253ea79ca19ae57d7,0.9961,1,1,True,True,True,True,True,True,0.0004351610095735422,Priestia sp. YIM B13480,3366307.3
0cfcb3be22238be1393c01bbede5d1d9,0.9897,34,18,False,False,True,True,True,True,0.0,Burkholderia cenocepacia strain K56-2,95486.498
94c987167d228d5d7c91fde448e1cb6f,0.9985,15,12,True,True,True,True,False,True,0.35714285714285715,Aminobacteriaceae bacterium AnMBR.bin347,3034609.9
c8db0a5ed83ab440ce7a40a38a4031a8,0.9971,8,5,True,True,True,True,True,True,0.10256410256410256,Cronobacter dublinensis strain cro2915W,413497.13
45b5884ac84de2968672cad3b58c081a,0.9883,4,4,False,True,False,True,,,0.06896551724137931,Anaerolineae bacterium F3_97,2052143.979
3ebc45cb057728ffa06e667125c116fd,0.9985,6,6,True,True,True,True,True,True,0.1388888888888889,Nitratidesulfovibrio sp. 1201_IL3209,3084053.3
20823322077cf511c8eff4f0840466fd,1.0,9,9,True,True,True,True,True,True,0.07692307692307693,Stenotrophomonas acidaminiphila strain ZAC14D2_NAIMI4_2,128780.6
68df70d4bee099629f704201f7295b5d,0.999,2,2,True,True,True,True,True,True,0.016666666666666666,uncultured Acetobacterium sp. a0d58640-2bdf-407d-bedf-8d20b14cd168,217139.4
475578087d74506dfa16ebf79e182c28,0.9897,0,0,False,False,False,False,,,0.0,Rickettsiales endosymbiont of Trichoplax sp. H2 strain REH2,2021221.3
6e252cae9e8ff5755e0cfa5c52a78beb,0.9893,0,0,False,False,False,False,,,0.0,Candidatus Saccharibacteria bacterium GL116_DN_metabinner_37_sub,2026720.1159
0b9435a851d1e394bd12d008525a6197,0.9995,1,1,True,True,True,True,True,True,0.018867924528301886,Rummeliibacillus suwonensis strain 3B-1,1306154.7
67a8dc9f44ef6f2d8399c4dd22d04cf2,0.9927,13,10,False,True,False,True,True,True,0.15517241379310345,Methanobacterium sp. MBAC-LM,3412034.3
7ff6af46744a4c8214812c77e54fd485,0.999,4,4,False,True,False,True,False,True,0.14285714285714285,Cronobacter dublinensis strain cro3214W,413497.9
5af69ae9514114185c91b175dbed2054,0.9912,7,6,True,True,True,True,True,True,0.02631578947368421,Pelotomaculum schinkii strain HH,78350.3
14c8b025a99dcfc988355547ce07b28c,0.9937,19,18,True,True,True,True,True,True,0.03333333333333333,Pseudobacteroides cellulosolvens ATCC 35603 = DSM 2933,398512.9
d049fee266c4b987284237c65812bd8b,0.9966,8,8,False,True,True,True,False,True,0.05,Erysipelotrichaceae bacterium a6ca34db-146c-4b31-b779-49751cb40439,2049044.391
b68567db79baed9d3f01a2f53746ad87,0.9951,20,14,True,True,True,True,True,True,0.03508771929824561,Lactobacillus acidophilus CUL21B,1579.538
0e94028fc4f20d3a8f9df973f3a93e58,0.9951,7,7,False,True,False,True,False,True,0.022727272727272728,Deltaproteobacteria bacterium strain D1FMe1.001,2026735.299
75177c23d41ead53f764d1f59baa615e,0.9971,5,3,True,True,True,True,,,0.13043478260869565,Bacteroidales bacterium SO_2017_LW3 bin 87,2030927.2751
eb8d145285d4d18dd0c43c75115adbf9,0.9966,17,14,True,True,True,True,False,True,0.07936507936507936,Sporomusaceae bacterium FL31,2163554.3
a7fb4534a18c53a4aa893a95c3c35dc4,0.9888,24,17,False,True,False,True,False,True,0.04878048780487805,Streptomyces griseocarneus strain 132,51201.3
fa12b4ab6025aa6949d1c08949701734,0.9951,13,13,True,True,True,True,True,True,0.03508771929824561,Proteiniphilum sp. SO_2016_CLC_T1_23,1926877.79
e0aa5d72484a7001d9f3237d5e0afdbe,0.9912,24,16,True,True,True,True,True,True,0.1568627450980392,Methanobrevibacter sp. CTOTU7683,66852.198
9d5c12af6a3fbc1ed253bea063a277e5,0.9976,1,1,False,True,False,True,,,0.03571428571428571,Thiobacillus sp. SCUT-2,3110231.3
ae86574c3f5f1a60fefce448bc7b9d1b,0.9922,22,20,False,False,False,False,False,False,0.0,uncultured Acidobacteriota bacterium MFD08669.bin.2.82,171953.383
becd617ee75c6fa3b44dc64387a49d69,0.9907,4,1,False,True,False,True,False,True,0.15789473684210525,Helicobacter ganmani MGBC105162,60246.32
e98db0b2dd9e9c33ddf733f57c1ec866,0.9897,6,2,False,True,False,True,,,0.034482758620689655,Bacillota bacterium binned_ad_7.134,1879010.11001
ce835292dded53d610b8b1ca216711c5,0.9985,19,11,True,True,True,True,False,True,0.37142857142857144,Anaerovoracaceae bacterium d0a44124-bd0d-43a8-b654-cc1806fddd19,3030912.181
b7161212930481a22c4413f74a63b3c3,0.9917,5,5,True,True,True,True,True,True,0.007281553398058253,Cupidesulfovibrio sp. SRB-5,2872636.6
940021f82a61b343178e7948608b3049,0.9956,8,4,True,True,True,True,,,0.13793103448275862,Litorilinea sp. AnMBR.bin499,2838787.7
f7959b5a39df046e03aa118d75b1f770,0.9966,5,3,False,True,False,True,False,True,0.007407407407407408,Candidatus Vallotia cooleyia 19-005_Vallotia,1177211.6
63cfaf29532d78cc373acf2c16aa1925,0.9932,12,10,False,False,False,False,False,False,0.0,uncultured Pseudomonadota bacterium MFD04967.bin.1.35,153809.1347
9e13d93777151eb613fe284d55d30c88,0.9868,15,15,False,False,False,False,False,False,0.0,Ferrovum sp. clean6430,2609467.118
3115ae1d2080a58703f7d1b3f173f747,0.9971,7,5,True,True,True,True,True,True,0.22580645161290322,Succiniclasticum sp. R83_purified_bin24,2775030.12
8043f26c1736a3f674ef1121d173c3f2,0.9902,21,9,False,True,False,True,,,0.0196078431372549,Cronobacter dublinensis strain cro3214W,413497.9
1ac4b8ed3e2b40be0cbd32ecc6bb0b1e,0.9956,19,19,False,True,False,True,False,True,0.05555555555555555,Croceicoccus sp. Ery5,1703340.4
1e58237ad5030f0effcef3a43dc356f9,0.9941,8,7,True,True,True,True,True,True,0.28,Aminivibrio sp. strain MAG2,1872489.3
84f15f87dd256dbeaf017a4e75dd5cad,0.9946,10,7,True,True,True,True,True,True,0.044444444444444446,Petrimonas sp. IBARAKI,1978337.3
efef0fd59127f1abb17a8e0847606057,0.9956,5,5,False,False,False,True,False,True,0.0,Fermentimonas sp. STC_109,2023870.9
2ab40949d8357b8b2b94e93f42f0232a,0.9897,13,12,False,True,False,True,False,False,0.017857142857142856,bacterium SMAG_U9834,1869227.7073
ddbba23c5dfc594b5d75665ac3a0c499,0.9927,9,5,True,True,True,True,False,True,0.024691358024691357,Rhodocyclaceae bacterium ME2014-08-28_3300035662_group5_bin33,1898103.563
